swim,0,4.5241
swim,0.90484,5.4289
swim,1.8097,6.3338
swim,2.7145,7.2386
swim,3.6193,8.1434
swim,4.5241,9.0483
swim,5.4289,9.9531
swim,6.3338,10.8579
swim,7.2386,11.7627
swim,8.1434,12.6676
swim,9.0483,13.5724
swim,9.9531,14.4772
transition,10.8579,15.382
bike,11.7627,16.2869
bike,12.6676,17.1917
swim,13.5724,18.0965
swim,14.4772,19.0013
swim,15.382,19.9061
swim,16.2869,20.811
swim,17.1917,21.7158
swim,18.0965,22.6206
swim,19.0013,23.5255
swim,19.9061,24.4303
swim,20.811,25.3351
transition,21.7158,26.2399
bike,22.6206,27.1448
bike,23.5255,28.0496
bike,24.4303,28.9544
bike,25.3351,29.8592
bike,26.2399,30.7641
bike,27.1448,31.6689
bike,28.0496,32.5737
bike,28.9544,33.4786
bike,29.8592,34.3834
bike,30.7641,35.2882
bike,31.6689,36.193
bike,32.5737,37.0979
bike,33.4786,38.0027
bike,34.3834,38.9075
bike,35.2882,39.8123
bike,36.193,40.7171
bike,37.0979,41.622
bike,38.0027,42.5268
bike,38.9075,43.4317
bike,39.8123,44.3365
bike,40.7171,45.2413
bike,41.622,46.1461
bike,42.5268,47.0509
bike,43.4317,47.9558
bike,44.3365,48.8606
bike,45.2413,49.7654
bike,46.1461,50.6702
bike,47.0509,51.5751
swim,47.9558,52.4799
swim,48.8606,53.3847
swim,49.7654,54.2896
swim,50.6702,55.1944
swim,51.5751,56.0992
swim,52.4799,57.004
swim,53.3847,57.9088
swim,54.2896,58.8137
swim,55.1944,59.7185
transition,56.0992,60.6233
transition,57.004,61.5282
transition,57.9088,62.433
swim,58.8137,63.3378
swim,59.7185,64.2427
bike,60.6233,65.1475
bike,61.5282,66.0523
swim,62.433,66.9571
swim,63.3378,67.862
swim,64.2427,68.7668
swim,65.1475,69.6716
swim,66.0523,70.5764
transition,66.9571,71.4813
bike,67.862,72.3861
swim,68.7668,73.2909
swim,69.6716,74.1958
swim,70.5764,75.1006
swim,71.4813,76.0054
swim,72.3861,76.9103
swim,73.2909,77.8151
swim,74.1958,78.7199
swim,75.1006,79.6248
swim,76.0054,80.5296
swim,76.9103,81.4344
swim,77.8151,82.3393
swim,78.7199,83.244
swim,79.6248,84.1489
transition,80.5296,85.0537
transition,81.4344,85.9586
transition,82.3393,86.8634
transition,83.244,87.7683
bike,84.1489,88.6731
bike,85.0537,89.5779
bike,85.9586,90.4827
bike,86.8634,91.3875
bike,87.7683,92.2924
bike,88.6731,93.1972
bike,89.5779,94.102
bike,90.4827,95.0069
bike,91.3875,95.9117
bike,92.2924,96.8166
bike,93.1972,97.7214
bike,94.102,98.6262
bike,95.0069,99.531
bike,95.9117,100.4358
bike,96.8166,101.3407
bike,97.7214,102.2455
bike,98.6262,103.1504
bike,99.531,104.0552
bike,100.4358,104.96
bike,101.3407,105.8649
bike,102.2455,106.7697
bike,103.1504,107.6745
bike,104.0552,108.5793
bike,104.96,109.4842
bike,105.8649,110.389
bike,106.7697,111.2938
bike,107.6745,112.1987
bike,108.5793,113.1035
bike,109.4842,114.0083
transition,110.389,114.9131
swim,111.2938,115.818
swim,112.1987,116.7228
swim,113.1035,117.6277
swim,114.0083,118.5325
swim,114.9131,119.4373
swim,115.818,120.3422
swim,116.7228,121.247
swim,117.6277,122.1518
swim,118.5325,123.0566
swim,119.4373,123.9615
bike,120.3422,124.8663
bike,121.247,125.7712
swim,122.1518,126.676
swim,123.0566,127.5808
swim,123.9615,128.4856
swim,124.8663,129.3905
swim,125.7712,130.2953
swim,126.676,131.2002
swim,127.5808,132.105
transition,128.4856,133.0098
swim,129.3905,133.9146
transition,130.2953,134.8195
swim,131.2002,135.7243
swim,132.105,136.6291
swim,133.0098,137.534
swim,133.9146,138.4388
swim,134.8195,139.3437
swim,135.7243,140.2485
bike,136.6291,141.1533
bike,137.534,142.0581
bike,138.4388,142.963
bike,139.3437,143.8678
bike,140.2485,144.7727
bike,141.1533,145.6775
bike,142.0581,146.5823
bike,142.963,147.4872
bike,143.8678,148.392
bike,144.7727,149.2968
swim,145.6775,150.2017
swim,146.5823,151.1065
swim,147.4872,152.0114
swim,148.392,152.9162
swim,149.2968,153.821
transition,150.2017,154.7259
transition,151.1065,155.6307
bike,152.0114,156.5355
bike,152.9162,157.4404
bike,153.821,158.3452
transition,154.7259,159.25
run,155.6307,160.1549
swim,156.5355,161.0597
run,157.4404,161.9646
run,158.3452,162.8694
run,159.25,163.7743
run,160.1549,164.6791
run,161.0597,165.584
run,161.9646,166.4888
run,162.8694,167.3937
run,163.7743,168.2986
run,164.6791,169.2034
run,165.584,170.1083
run,166.4888,171.0132
transition,167.3937,171.918
swim,168.2986,172.8229
swim,169.2034,173.7328
swim,170.1083,174.6377
swim,171.0132,175.5425
swim,171.918,176.4474
swim,172.8229,177.3623
swim,173.7328,178.2672
swim,174.6377,179.1721
swim,175.5425,180.077
swim,176.4474,180.982
swim,177.3623,181.8869
swim,178.2672,182.7918
swim,179.1721,183.6968
swim,180.077,184.6017
swim,180.982,185.5066
swim,181.8869,186.4166
swim,182.7918,187.3215
swim,183.6968,188.2265
swim,184.6017,189.1315
swim,185.5066,190.0364
swim,186.4166,190.9414
swim,187.3215,191.8614
swim,188.2265,192.7714
swim,189.1315,193.6764
swim,190.0364,194.5813
swim,190.9414,195.4863
swim,191.8614,196.4013
swim,192.7714,197.3062
swim,193.6764,198.2112
swim,194.5813,199.1161
swim,195.4863,200.0261
swim,196.4013,200.936
swim,197.3062,201.841
swim,198.2112,202.7509
swim,199.1161,203.6609
swim,200.0261,204.5658
swim,200.936,205.4707
swim,201.841,206.3756
swim,202.7509,207.2805
swim,203.6609,208.1854
swim,204.5658,209.0903
swim,205.4707,209.9952
swim,206.3756,210.9002
swim,207.2805,211.8101
swim,208.1854,212.715
swim,209.0903,213.635
swim,209.9952,214.5399
swim,210.9002,215.4448
swim,211.8101,216.3497
swim,212.715,217.2546
swim,213.635,218.1595
swim,214.5399,219.0694
swim,215.4448,219.9743
swim,216.3497,220.8792
swim,217.2546,221.7842
swim,218.1595,222.689
swim,219.0694,223.5939
swim,219.9743,224.4989
swim,220.8792,225.4037
swim,221.7842,226.3087
swim,222.689,227.2135
swim,223.5939,228.1185
swim,224.4989,229.0234
swim,225.4037,229.9282
swim,226.3087,230.8331
swim,227.2135,231.738
swim,228.1185,232.643
swim,229.0234,233.5478
swim,229.9282,234.4578
swim,230.8331,235.3677
swim,231.738,236.2726
swim,232.643,237.1825
swim,233.5478,238.0874
swim,234.4578,238.9924
swim,235.3677,239.8972
swim,236.2726,240.8022
swim,237.1825,241.707
swim,238.0874,242.612
swim,238.9924,243.5218
swim,239.8972,244.4318
swim,240.8022,245.3367
swim,241.707,246.2416
swim,242.612,247.1465
swim,243.5218,248.0514
swim,244.4318,248.9563
swim,245.3367,249.8612
swim,246.2416,250.7711
swim,247.1465,251.6811
swim,248.0514,252.586
swim,248.9563,253.4909
swim,249.8612,254.3958
swim,250.7711,255.3007
transition,251.6811,256.2056
swim,252.586,257.1105
swim,253.4909,258.0154
swim,254.3958,258.9253
swim,255.3007,259.8302
transition,256.2056,260.7351
swim,257.1105,261.6401
transition,258.0154,262.5449
run,258.9253,263.4498
transition,259.8302,264.3547
swim,260.7351,265.2596
swim,261.6401,266.1645
swim,262.5449,267.0695
swim,263.4498,267.9844
swim,264.3547,268.8893
swim,265.2596,269.7942
swim,266.1645,270.6991
swim,267.0695,271.604
swim,267.9844,272.5089
swim,268.8893,273.4138
run,269.7942,274.3187
transition,270.6991,275.2287
transition,271.604,276.1386
swim,272.5089,277.0485
swim,273.4138,277.9584
swim,274.3187,278.8684
swim,275.2287,279.7783
swim,276.1386,280.6883
swim,277.0485,281.5982
swim,277.9584,282.5081
swim,278.8684,283.413
swim,279.7783,284.3179
swim,280.6883,285.2228
swim,281.5982,286.1277
swim,282.5081,287.0326
swim,283.413,287.9375
swim,284.3179,288.8424
swim,285.2228,289.7473
swim,286.1277,290.6522
swim,287.0326,291.5572
swim,287.9375,292.4621
swim,288.8424,293.3719
swim,289.7473,294.2819
swim,290.6522,295.1868
swim,291.5572,296.0917
swim,292.4621,297.0016
swim,293.3719,297.9065
swim,294.2819,298.8114
swim,295.1868,299.7164
swim,296.0917,300.6263
swim,297.0016,301.5362
swim,297.9065,302.4411
swim,298.8114,303.3561
swim,299.7164,304.261
swim,300.6263,305.1659
swim,301.5362,306.0708
swim,302.4411,306.9757
swim,303.3561,307.8806
swim,304.261,308.7855
swim,305.1659,309.6904
swim,306.0708,310.5953
swim,306.9757,311.5002
swim,307.8806,312.4051
swim,308.7855,313.3151
swim,309.6904,314.22
swim,310.5953,315.1249
swim,311.5002,316.0298
swim,312.4051,316.9448
swim,313.3151,317.8547
swim,314.22,318.7596
swim,315.1249,319.6696
swim,316.0298,320.5745
swim,316.9448,321.4794
swim,317.8547,322.3843
swim,318.7596,323.2892
swim,319.6696,324.1941
swim,320.5745,325.099
swim,321.4794,326.0089
swim,322.3843,326.9138
swim,323.2892,327.8187
swim,324.1941,328.7236
swim,325.099,329.6336
swim,326.0089,330.5385
swim,326.9138,331.4484
swim,327.8187,332.3533
swim,328.7236,333.2582
swim,329.6336,334.1632
swim,330.5385,335.0681
swim,331.4484,335.978
swim,332.3533,336.8829
transition,333.2582,337.7928
swim,334.1632,338.6977
swim,335.0681,339.6026
swim,335.978,340.5126
swim,336.8829,341.4225
swim,337.7928,342.3274
swim,338.6977,343.2323
swim,339.6026,344.1372
swim,340.5126,345.0421
swim,341.4225,345.9521
swim,342.3274,346.857
swim,343.2323,347.7719
swim,344.1372,348.6769
swim,345.0421,349.5818
swim,345.9521,350.4917
swim,346.857,351.4066
swim,347.7719,352.3166
swim,348.6769,353.2315
swim,349.5818,354.1415
swim,350.4917,355.0514
swim,351.4066,355.9613
swim,352.3166,356.8763
swim,353.2315,357.7863
swim,354.1415,358.6912
swim,355.0514,359.6011
swim,355.9613,360.506
swim,356.8763,361.416
swim,357.7863,362.3209
swim,358.6912,363.2308
swim,359.6011,364.1407
swim,360.506,365.0506
swim,361.416,365.9555
swim,362.3209,366.8655
swim,363.2308,367.7704
swim,364.1407,368.6753
swim,365.0506,369.5852
swim,365.9555,370.5002
swim,366.8655,371.4051
swim,367.7704,372.31
swim,368.6753,373.2149
swim,369.5852,374.1198
transition,370.5002,375.0248
transition,371.4051,375.9297
swim,372.31,376.8346
swim,373.2149,377.7395
swim,374.1198,378.6444
swim,375.0248,379.5544
swim,375.9297,380.4593
swim,376.8346,381.3742
swim,377.7395,382.2791
swim,378.6444,383.184
swim,379.5544,384.0939
swim,380.4593,385.0089
swim,381.3742,385.9189
swim,382.2791,386.8288
swim,383.184,387.7388
swim,384.0939,388.6436
swim,385.0089,389.5486
swim,385.9189,390.4585
swim,386.8288,391.3684
swim,387.7388,392.2734
swim,388.6436,393.1783
swim,389.5486,394.0882
swim,390.4585,394.9982
swim,391.3684,395.9081
swim,392.2734,396.8181
swim,393.1783,397.728
swim,394.0882,398.6329
swim,394.9982,399.5429
swim,395.9081,400.4478
swim,396.8181,401.3577
swim,397.728,402.2626
swim,398.6329,403.1726
swim,399.5429,404.0825
swim,400.4478,404.9925
swim,401.3577,405.9025
swim,402.2626,406.8074
swim,403.1726,407.7124
swim,404.0825,408.6173
swim,404.9925,409.5223
transition,405.9025,410.4272
swim,406.8074,411.3322
swim,407.7124,412.2472
swim,408.6173,413.1522
swim,409.5223,414.0622
swim,410.4272,414.9722
swim,411.3322,415.8772
swim,412.2472,416.7822
swim,413.1522,417.6871
swim,414.0622,418.5921
swim,414.9722,419.5021
swim,415.8772,420.4071
swim,416.7822,421.3121
swim,417.6871,422.2171
swim,418.5921,423.1221
swim,419.5021,424.027
swim,420.4071,424.937
swim,421.3121,425.847
swim,422.2171,426.757
swim,423.1221,427.6619
swim,424.027,428.5669
swim,424.937,429.4818
swim,425.847,430.3918
swim,426.757,431.2967
swim,427.6619,432.2017
swim,428.5669,433.1066
swim,429.4818,434.0165
swim,430.3918,434.9215
swim,431.2967,435.8314
swim,432.2017,436.7364
swim,433.1066,437.6413
swim,434.0165,438.5462
swim,434.9215,439.4562
swim,435.8314,440.3611
swim,436.7364,441.266
swim,437.6413,442.1709
swim,438.5462,443.0758
swim,439.4562,443.9807
swim,440.3611,444.8857
swim,441.266,445.7906
swim,442.1709,446.6955
swim,443.0758,447.6004
swim,443.9807,448.5053
swim,444.8857,449.4102
swim,445.7906,450.3151
swim,446.6955,451.22
transition,447.6004,452.125
swim,448.5053,453.0299
swim,449.4102,453.9348
swim,450.3151,454.8397
swim,451.22,455.7446
swim,452.125,456.6495
swim,453.0299,457.5544
swim,453.9348,458.4593
swim,454.8397,459.3642
swim,455.7446,460.2742
swim,456.6495,461.1791
swim,457.5544,462.084
swim,458.4593,462.9889
swim,459.3642,463.8988
swim,460.2742,464.8088
swim,461.1791,465.7237
swim,462.084,466.6287
swim,462.9889,467.5386
swim,463.8988,468.4435
swim,464.8088,469.3534
swim,465.7237,470.2634
swim,466.6287,471.1733
swim,467.5386,472.0782
swim,468.4435,472.9831
swim,469.3534,473.888
swim,470.2634,474.793
swim,471.1733,475.6979
swim,472.0782,476.6028
swim,472.9831,477.5077
swim,473.888,478.4126
swim,474.793,479.3175
swim,475.6979,480.2224
swim,476.6028,481.1274
transition,477.5077,482.0323
transition,478.4126,482.9372
transition,479.3175,483.8421
swim,480.2224,484.747
swim,481.1274,485.662
swim,482.0323,486.5719
swim,482.9372,487.4768
swim,483.8421,488.3868
swim,484.747,489.2917
swim,485.662,490.1966
swim,486.5719,491.1015
swim,487.4768,492.0064
swim,488.3868,492.9113
swim,489.2917,493.8212
swim,490.1966,494.7312
swim,491.1015,495.6411
swim,492.0064,496.546
swim,492.9113,497.4509
swim,493.8212,498.3558
swim,494.7312,499.2758
swim,495.6411,500.1807
swim,496.546,501.0856
swim,497.4509,501.9955
swim,498.3558,502.9004
swim,499.2758,503.8104
swim,500.1807,504.7203
swim,501.0856,505.6303
swim,501.9955,506.5352
swim,502.9004,507.4451
swim,503.8104,508.3551
swim,504.7203,509.26
swim,505.6303,510.1649
swim,506.5352,511.0698
swim,507.4451,511.9747
swim,508.3551,512.8796
swim,509.26,513.7845
swim,510.1649,514.6894
swim,511.0698,515.6044
swim,511.9747,516.5093
swim,512.8796,517.4142
swim,513.7845,518.3191
swim,514.6894,519.224
swim,515.6044,520.1289
swim,516.5093,521.0338
swim,517.4142,521.9388
swim,518.3191,522.8437
swim,519.224,523.7486
swim,520.1289,524.6535
transition,521.0338,525.5584
swim,521.9388,526.4633
swim,522.8437,527.3682
swim,523.7486,528.2731
swim,524.6535,529.1781
swim,525.5584,530.083
swim,526.4633,530.9879
swim,527.3682,531.8928
swim,528.2731,532.7977
swim,529.1781,533.7026
swim,530.083,534.6175
swim,530.9879,535.5225
swim,531.8928,536.4274
swim,532.7977,537.3323
swim,533.7026,538.2372
swim,534.6175,539.1421
swim,535.5225,540.047
swim,536.4274,540.962
swim,537.3323,541.8668
swim,538.2372,542.7718
swim,539.1421,543.6817
swim,540.047,544.5866
swim,540.962,545.4915
swim,541.8668,546.3964
swim,542.7718,547.3013
swim,543.6817,548.2062
swim,544.5866,549.1111
swim,545.4915,550.016
swim,546.3964,550.9209
swim,547.3013,551.8259
swim,548.2062,552.7307
swim,549.1111,553.6357
transition,550.016,554.5406
transition,550.9209,555.4455
swim,551.8259,556.3504
swim,552.7307,557.2553
swim,553.6357,558.1602
swim,554.5406,559.0651
swim,555.4455,559.97
bike,556.3504,560.8749
swim,557.2553,561.7798
swim,558.1602,562.6847
swim,559.0651,563.5896
swim,559.97,564.4945
swim,560.8749,565.3995
swim,561.7798,566.3044
swim,562.6847,567.2093
swim,563.5896,568.1142
run,564.4945,569.0191
run,565.3995,569.924
run,566.3044,570.8289
run,567.2093,571.7338
run,568.1142,572.6387
run,569.0191,573.5436
run,569.924,574.4485
run,570.8289,575.3534
run,571.7338,576.2583
run,572.6387,577.1632
run,573.5436,578.0682
run,574.4485,578.9731
run,575.3534,579.878
run,576.2583,580.7829
run,577.1632,581.6879
run,578.0682,582.5928
run,578.9731,583.4977
run,579.878,584.4027
run,580.7829,585.3076
run,581.6879,586.2125
run,582.5928,587.1175
run,583.4977,588.0225
run,584.4027,588.9274
run,585.3076,589.8324
run,586.2125,590.7373
run,587.1175,591.6423
run,588.0225,592.5473
run,588.9274,593.4522
run,589.8324,594.3572
run,590.7373,595.2621
run,591.6423,596.1671
run,592.5473,597.072
run,593.4522,597.977
run,594.3572,598.8819
run,595.2621,599.7868
run,596.1671,600.6918
run,597.072,601.5967
run,597.977,602.5016
run,598.8819,603.4065
run,599.7868,604.3114
run,600.6918,605.2163
run,601.5967,606.1212
run,602.5016,607.0261
run,603.4065,607.931
run,604.3114,608.8358
run,605.2163,609.7407
run,606.1212,610.6455
run,607.0261,611.5504
run,607.931,612.4552
run,608.8358,613.3601
run,609.7407,614.2649
run,610.6455,615.1697
run,611.5504,616.0746
run,612.4552,616.9794
run,613.3601,617.8843
run,614.2649,618.7891
run,615.1697,619.694
run,616.0746,620.5988
run,616.9794,621.5037
swim,617.8843,622.4086
swim,618.7891,623.3134
swim,619.694,624.2183
swim,620.5988,625.1232
swim,621.5037,626.0281
swim,622.4086,626.933
swim,623.3134,627.8378
swim,624.2183,628.7427
swim,625.1232,629.6476
swim,626.0281,630.5525
swim,626.933,631.4573
swim,627.8378,632.3622
swim,628.7427,633.2671
swim,629.6476,634.1719
swim,630.5525,635.0767
swim,631.4573,635.9816
swim,632.3622,636.8864
swim,633.2671,637.7912
swim,634.1719,638.7011
swim,635.0767,639.6059
swim,635.9816,640.5108
swim,636.8864,641.4156
swim,637.7912,642.3204
swim,638.7011,643.2252
swim,639.6059,644.13
swim,640.5108,645.0348
swim,641.4156,645.9396
swim,642.3204,646.8444
swim,643.2252,647.7492
swim,644.13,648.654
swim,645.0348,649.5588
swim,645.9396,650.4636
swim,646.8444,651.3684
swim,647.7492,652.2783
swim,648.654,653.1831
swim,649.5588,654.0879
swim,650.4636,654.9928
swim,651.3684,655.8976
swim,652.2783,656.8125
swim,653.1831,657.7174
swim,654.0879,658.6222
swim,654.9928,659.5271
swim,655.8976,660.432
swim,656.8125,661.3368
swim,657.7174,662.2417
swim,658.6222,663.1466
swim,659.5271,664.0515
swim,660.432,664.9563
swim,661.3368,665.8612
swim,662.2417,666.7661
swim,663.1466,667.671
swim,664.0515,668.5759
swim,664.9563,669.4808
swim,665.8612,670.3856
swim,666.7661,671.2905
swim,667.671,672.1953
swim,668.5759,673.1002
swim,669.4808,674.0051
swim,670.3856,674.91
swim,671.2905,675.8149
swim,672.1953,676.7197
swim,673.1002,677.6246
swim,674.0051,678.5295
swim,674.91,679.4343
swim,675.8149,680.3392
swim,676.7197,681.244
swim,677.6246,682.1489
swim,678.5295,683.0537
swim,679.4343,683.9585
swim,680.3392,684.8634
swim,681.244,685.7682
swim,682.1489,686.673
swim,683.0537,687.5778
swim,683.9585,688.4826
swim,684.8634,689.3875
swim,685.7682,690.2923
swim,686.673,691.1971
swim,687.5778,692.1019
swim,688.4826,693.0068
swim,689.3875,693.9117
swim,690.2923,694.8165
swim,691.1971,695.7214
swim,692.1019,696.6262
swim,693.0068,697.5311
swim,693.9117,698.4359
swim,694.8165,699.3408
swim,695.7214,700.2456
swim,696.6262,701.1505
swim,697.5311,702.0553
swim,698.4359,702.9602
swim,699.3408,703.865
swim,700.2456,704.7698
swim,701.1505,705.6746
swim,702.0553,706.5794
swim,702.9602,707.4842
transition,703.865,708.389
swim,704.7698,709.2938
swim,705.6746,710.1986
swim,706.5794,711.1034
swim,707.4842,712.0082
swim,708.389,712.9129
swim,709.2938,713.8177
swim,710.1986,714.7225
swim,711.1034,715.6273
swim,712.0082,716.5321
swim,712.9129,717.4369
swim,713.8177,718.3417
swim,714.7225,719.2464
swim,715.6273,720.1512
swim,716.5321,721.056
swim,717.4369,721.9608
swim,718.3417,722.8656
swim,719.2464,723.7704
swim,720.1512,724.6751
swim,721.056,725.5799
swim,721.9608,726.4847
swim,722.8656,727.3894
swim,723.7704,728.2942
swim,724.6751,729.199
swim,725.5799,730.1037
swim,726.4847,731.0085
swim,727.3894,731.9133
swim,728.2942,732.8181
swim,729.199,733.7228
swim,730.1037,734.6276
swim,731.0085,735.5324
swim,731.9133,736.4372
swim,732.8181,737.342
swim,733.7228,738.2468
swim,734.6276,739.1516
swim,735.5324,740.0564
swim,736.4372,740.9612
swim,737.342,741.866
bike,738.2468,742.7708
bike,739.1516,743.6756
bike,740.0564,744.5804
bike,740.9612,745.4851
bike,741.866,746.3899
bike,742.7708,747.2947
bike,743.6756,748.1995
bike,744.5804,749.1043
bike,745.4851,750.009
bike,746.3899,750.9138
bike,747.2947,751.8186
bike,748.1995,752.7234
bike,749.1043,753.6281
bike,750.009,754.5329
bike,750.9138,755.4377
bike,751.8186,756.3425
bike,752.7234,757.2472
bike,753.6281,758.152
bike,754.5329,759.0568
bike,755.4377,759.9615
bike,756.3425,760.8663
bike,757.2472,761.7711
bike,758.152,762.6759
bike,759.0568,763.5807
bike,759.9615,764.4855
bike,760.8663,765.3903
bike,761.7711,766.2952
bike,762.6759,767.2
bike,763.5807,768.1048
bike,764.4855,769.0097
transition,765.3903,769.9145
swim,766.2952,770.8193
swim,767.2,771.7242
swim,768.1048,772.6291
swim,769.0097,773.5339
bike,769.9145,774.4388
bike,770.8193,775.3437
bike,771.7242,776.2485
bike,772.6291,777.1534
bike,773.5339,778.0582
bike,774.4388,778.9631
bike,775.3437,779.868
bike,776.2485,780.7728
bike,777.1534,781.6777
bike,778.0582,782.5826
bike,778.9631,783.4874
bike,779.868,784.3923
swim,780.7728,785.2971
swim,781.6777,786.202
swim,782.5826,787.1068
swim,783.4874,788.0117
swim,784.3923,788.9166
bike,785.2971,789.8215
bike,786.202,790.7263
bike,787.1068,791.6311
bike,788.0117,792.536
bike,788.9166,793.4408
bike,789.8215,794.3456
bike,790.7263,795.2504
bike,791.6311,796.1552
bike,792.536,797.06
bike,793.4408,797.9648
bike,794.3456,798.8696
bike,795.2504,799.7744
bike,796.1552,800.6793
bike,797.06,801.5841
bike,797.9648,802.4889
bike,798.8696,803.3937
bike,799.7744,804.2986
bike,800.6793,805.2034
bike,801.5841,806.1082
bike,802.4889,807.013
bike,803.3937,807.9179
bike,804.2986,808.8227
bike,805.2034,809.7276
bike,806.1082,810.6324
bike,807.013,811.5373
bike,807.9179,812.4421
bike,808.8227,813.347
bike,809.7276,814.2518
bike,810.6324,815.1567
bike,811.5373,816.0615
bike,812.4421,816.9664
bike,813.347,817.8712
bike,814.2518,818.7761
bike,815.1567,819.6809
bike,816.0615,820.5858
bike,816.9664,821.4906
bike,817.8712,822.3955
bike,818.7761,823.3003
bike,819.6809,824.2052
bike,820.5858,825.11
bike,821.4906,826.0148
bike,822.3955,826.9197
bike,823.3003,827.8245
bike,824.2052,828.7293
bike,825.11,829.6341
bike,826.0148,830.539
bike,826.9197,831.4437
bike,827.8245,832.3485
bike,828.7293,833.2533
bike,829.6341,834.1581
bike,830.539,835.0629
bike,831.4437,835.9677
bike,832.3485,836.8725
bike,833.2533,837.7773
bike,834.1581,838.6821
bike,835.0629,839.5869
bike,835.9677,840.4917
bike,836.8725,841.3965
bike,837.7773,842.3012
bike,838.6821,843.206
bike,839.5869,844.1108
bike,840.4917,845.0156
bike,841.3965,845.9204
bike,842.3012,846.8251
bike,843.206,847.7299
bike,844.1108,848.6347
bike,845.0156,849.5394
bike,845.9204,850.4442
bike,846.8251,851.349
bike,847.7299,852.2537
bike,848.6347,853.1585
bike,849.5394,854.0632
bike,850.4442,854.968
bike,851.349,855.8727
bike,852.2537,856.7775
bike,853.1585,857.6822
bike,854.0632,858.5869
bike,854.968,859.4917
bike,855.8727,860.3964
bike,856.7775,861.3012
transition,857.6822,862.2059
bike,858.5869,863.1106
bike,859.4917,864.0154
bike,860.3964,864.9201
bike,861.3012,865.8248
bike,862.2059,866.7296
bike,863.1106,867.6343
bike,864.0154,868.539
bike,864.9201,869.4438
bike,865.8248,870.3485
bike,866.7296,871.2532
bike,867.6343,872.1579
bike,868.539,873.0627
bike,869.4438,873.9673
bike,870.3485,874.8721
bike,871.2532,875.7768
bike,872.1579,876.6815
bike,873.0627,877.5862
bike,873.9673,878.491
bike,874.8721,879.3957
bike,875.7768,880.3004
bike,876.6815,881.2051
bike,877.5862,882.1098
bike,878.491,883.0145
bike,879.3957,883.9192
bike,880.3004,884.8239
bike,881.2051,885.7286
bike,882.1098,886.6333
bike,883.0145,887.538
bike,883.9192,888.4427
bike,884.8239,889.3474
bike,885.7286,890.2521
bike,886.6333,891.1568
bike,887.538,892.0615
bike,888.4427,892.9662
bike,889.3474,893.8709
bike,890.2521,894.7756
bike,891.1568,895.6803
bike,892.0615,896.585
bike,892.9662,897.4897
bike,893.8709,898.3943
bike,894.7756,899.299
bike,895.6803,900.2037
bike,896.585,901.1084
bike,897.4897,902.013
bike,898.3943,902.9177
bike,899.299,903.8224
bike,900.2037,904.7271
bike,901.1084,905.6317
bike,902.013,906.5364
bike,902.9177,907.4411
transition,903.8224,908.3457
transition,904.7271,909.2504
transition,905.6317,910.1551
transition,906.5364,911.0597
transition,907.4411,911.9644
bike,908.3457,912.8691
bike,909.2504,913.7737
bike,910.1551,914.6784
bike,911.0597,915.583
bike,911.9644,916.4877
bike,912.8691,917.3924
bike,913.7737,918.297
bike,914.6784,919.2017
bike,915.583,920.1063
bike,916.4877,921.011
bike,917.3924,921.9156
bike,918.297,922.8203
bike,919.2017,923.7249
bike,920.1063,924.6296
bike,921.011,925.5342
bike,921.9156,926.4389
bike,922.8203,927.3435
bike,923.7249,928.2481
bike,924.6296,929.1528
bike,925.5342,930.0575
bike,926.4389,930.9621
bike,927.3435,931.8668
bike,928.2481,932.7714
bike,929.1528,933.676
bike,930.0575,934.5807
bike,930.9621,935.4853
bike,931.8668,936.39
bike,932.7714,937.2946
bike,933.676,938.1992
bike,934.5807,939.1039
bike,935.4853,940.0085
bike,936.39,940.9132
bike,937.2946,941.8178
bike,938.1992,942.7224
bike,939.1039,943.6271
bike,940.0085,944.5317
bike,940.9132,945.4363
bike,941.8178,946.341
bike,942.7224,947.2456
bike,943.6271,948.1503
bike,944.5317,949.0549
bike,945.4363,949.9595
bike,946.341,950.8641
bike,947.2456,951.7688
bike,948.1503,952.6734
bike,949.0549,953.578
bike,949.9595,954.4827
bike,950.8641,955.3873
bike,951.7688,956.2919
bike,952.6734,957.1966
bike,953.578,958.1012
bike,954.4827,959.0058
bike,955.3873,959.9104
bike,956.2919,960.8151
bike,957.1966,961.7197
bike,958.1012,962.6243
bike,959.0058,963.529
bike,959.9104,964.4336
bike,960.8151,965.3382
bike,961.7197,966.2429
bike,962.6243,967.1475
bike,963.529,968.0521
bike,964.4336,968.9567
bike,965.3382,969.8614
bike,966.2429,970.766
bike,967.1475,971.6706
bike,968.0521,972.5752
bike,968.9567,973.4798
bike,969.8614,974.3844
bike,970.766,975.289
bike,971.6706,976.1937
bike,972.5752,977.0983
bike,973.4798,978.0029
bike,974.3844,978.9075
bike,975.289,979.8122
bike,976.1937,980.7167
bike,977.0983,981.6214
bike,978.0029,982.526
bike,978.9075,983.4306
bike,979.8122,984.3352
bike,980.7167,985.2398
bike,981.6214,986.1444
bike,982.526,987.049
bike,983.4306,987.9537
bike,984.3352,988.8583
bike,985.2398,989.7629
bike,986.1444,990.6675
bike,987.049,991.5721
bike,987.9537,992.4767
bike,988.8583,993.3813
bike,989.7629,994.2859
bike,990.6675,995.1905
bike,991.5721,996.0951
bike,992.4767,996.9997
bike,993.3813,997.9043
bike,994.2859,998.8089
bike,995.1905,999.7135
bike,996.0951,1000.6182
bike,996.9997,1001.5228
bike,997.9043,1002.4274
bike,998.8089,1003.332
bike,999.7135,1004.2366
bike,1000.6182,1005.1412
bike,1001.5228,1006.0458
bike,1002.4274,1006.9504
bike,1003.332,1007.855
bike,1004.2366,1008.7596
bike,1005.1412,1009.6642
bike,1006.0458,1010.5688
bike,1006.9504,1011.4734
bike,1007.855,1012.378
bike,1008.7596,1013.2826
bike,1009.6642,1014.1872
bike,1010.5688,1015.0918
bike,1011.4734,1015.9964
bike,1012.378,1016.901
bike,1013.2826,1017.8056
bike,1014.1872,1018.7102
bike,1015.0918,1019.6148
bike,1015.9964,1020.5194
bike,1016.901,1021.424
bike,1017.8056,1022.3287
bike,1018.7102,1023.2333
bike,1019.6148,1024.1379
bike,1020.5194,1025.0425
bike,1021.424,1025.9472
bike,1022.3287,1026.8518
bike,1023.2333,1027.7564
bike,1024.1379,1028.661
bike,1025.0425,1029.5656
bike,1025.9472,1030.4703
bike,1026.8518,1031.3749
bike,1027.7564,1032.2795
bike,1028.661,1033.1841
bike,1029.5656,1034.0887
bike,1030.4703,1034.9933
bike,1031.3749,1035.8979
bike,1032.2795,1036.8026
bike,1033.1841,1037.7072
bike,1034.0887,1038.6118
bike,1034.9933,1039.5164
bike,1035.8979,1040.421
bike,1036.8026,1041.3256
bike,1037.7072,1042.2302
bike,1038.6118,1043.1348
bike,1039.5164,1044.0394
bike,1040.421,1044.944
bike,1041.3256,1045.8486
bike,1042.2302,1046.7532
bike,1043.1348,1047.6578
bike,1044.0394,1048.5624
bike,1044.944,1049.467
bike,1045.8486,1050.3716
bike,1046.7532,1051.2761
bike,1047.6578,1052.1807
bike,1048.5624,1053.0854
bike,1049.467,1053.9899
bike,1050.3716,1054.8945
bike,1051.2761,1055.7991
bike,1052.1807,1056.7037
bike,1053.0854,1057.6083
bike,1053.9899,1058.5129
bike,1054.8945,1059.4175
bike,1055.7991,1060.3221
bike,1056.7037,1061.2267
bike,1057.6083,1062.1313
bike,1058.5129,1063.0359
bike,1059.4175,1063.9404
bike,1060.3221,1064.845
bike,1061.2267,1065.7496
bike,1062.1313,1066.6542
bike,1063.0359,1067.5588
bike,1063.9404,1068.4634
bike,1064.845,1069.368
bike,1065.7496,1070.2725
bike,1066.6542,1071.1772
bike,1067.5588,1072.0817
bike,1068.4634,1072.9864
bike,1069.368,1073.8909
bike,1070.2725,1074.7955
bike,1071.1772,1075.7001
bike,1072.0817,1076.6047
bike,1072.9864,1077.5093
bike,1073.8909,1078.4139
bike,1074.7955,1079.3185
bike,1075.7001,1080.2231
bike,1076.6047,1081.1277
bike,1077.5093,1082.0324
bike,1078.4139,1082.937
bike,1079.3185,1083.8416
bike,1080.2231,1084.7462
bike,1081.1277,1085.6508
bike,1082.0324,1086.5555
bike,1082.937,1087.4601
bike,1083.8416,1088.3647
bike,1084.7462,1089.2693
bike,1085.6508,1090.174
bike,1086.5555,1091.0786
bike,1087.4601,1091.9832
bike,1088.3647,1092.8878
bike,1089.2693,1093.7924
bike,1090.174,1094.697
bike,1091.0786,1095.6017
bike,1091.9832,1096.5062
bike,1092.8878,1097.4108
bike,1093.7924,1098.3154
bike,1094.697,1099.22
bike,1095.6017,1100.1246
bike,1096.5062,1101.0292
bike,1097.4108,1101.9337
bike,1098.3154,1102.8384
bike,1099.22,1103.7429
bike,1100.1246,1104.6475
bike,1101.0292,1105.5521
bike,1101.9337,1106.4567
bike,1102.8384,1107.3613
bike,1103.7429,1108.2658
bike,1104.6475,1109.1704
bike,1105.5521,1110.075
bike,1106.4567,1110.9795
bike,1107.3613,1111.8841
bike,1108.2658,1112.7887
bike,1109.1704,1113.6932
bike,1110.075,1114.5978
bike,1110.9795,1115.5024
bike,1111.8841,1116.4069
bike,1112.7887,1117.3115
bike,1113.6932,1118.2161
bike,1114.5978,1119.1206
bike,1115.5024,1120.0252
bike,1116.4069,1120.9298
bike,1117.3115,1121.8344
bike,1118.2161,1122.7389
bike,1119.1206,1123.6435
bike,1120.0252,1124.5481
bike,1120.9298,1125.4526
bike,1121.8344,1126.3572
bike,1122.7389,1127.2617
bike,1123.6435,1128.1663
bike,1124.5481,1129.0709
bike,1125.4526,1129.9754
bike,1126.3572,1130.88
bike,1127.2617,1131.7845
bike,1128.1663,1132.6891
bike,1129.0709,1133.5937
bike,1129.9754,1134.4982
bike,1130.88,1135.4028
bike,1131.7845,1136.3073
bike,1132.6891,1137.2119
bike,1133.5937,1138.1165
bike,1134.4982,1139.021
bike,1135.4028,1139.9256
bike,1136.3073,1140.8301
bike,1137.2119,1141.7347
bike,1138.1165,1142.6393
bike,1139.021,1143.5439
bike,1139.9256,1144.4484
bike,1140.8301,1145.353
bike,1141.7347,1146.2576
bike,1142.6393,1147.1621
bike,1143.5439,1148.0667
bike,1144.4484,1148.9713
bike,1145.353,1149.8759
bike,1146.2576,1150.7804
bike,1147.1621,1151.685
bike,1148.0667,1152.5896
bike,1148.9713,1153.4942
bike,1149.8759,1154.3987
bike,1150.7804,1155.3033
bike,1151.685,1156.2078
bike,1152.5896,1157.1124
bike,1153.4942,1158.017
bike,1154.3987,1158.9215
bike,1155.3033,1159.8261
bike,1156.2078,1160.7307
bike,1157.1124,1161.6352
bike,1158.017,1162.5397
bike,1158.9215,1163.4443
bike,1159.8261,1164.3489
bike,1160.7307,1165.2534
bike,1161.6352,1166.158
bike,1162.5397,1167.0625
bike,1163.4443,1167.9671
bike,1164.3489,1168.8716
bike,1165.2534,1169.7762
bike,1166.158,1170.6808
bike,1167.0625,1171.5853
bike,1167.9671,1172.4899
bike,1168.8716,1173.3944
bike,1169.7762,1174.299
bike,1170.6808,1175.2036
bike,1171.5853,1176.1082
bike,1172.4899,1177.0127
bike,1173.3944,1177.9173
bike,1174.299,1178.8218
bike,1175.2036,1179.7264
bike,1176.1082,1180.631
bike,1177.0127,1181.5355
bike,1177.9173,1182.4401
bike,1178.8218,1183.3447
bike,1179.7264,1184.2492
bike,1180.631,1185.1538
bike,1181.5355,1186.0583
bike,1182.4401,1186.9629
bike,1183.3447,1187.8674
bike,1184.2492,1188.772
bike,1185.1538,1189.6765
bike,1186.0583,1190.5811
bike,1186.9629,1191.4856
bike,1187.8674,1192.3902
bike,1188.772,1193.2947
bike,1189.6765,1194.1993
bike,1190.5811,1195.1038
bike,1191.4856,1196.0084
bike,1192.3902,1196.9129
bike,1193.2947,1197.8175
bike,1194.1993,1198.722
bike,1195.1038,1199.6266
bike,1196.0084,1200.5311
bike,1196.9129,1201.4357
bike,1197.8175,1202.3402
bike,1198.722,1203.2448
bike,1199.6266,1204.1493
bike,1200.5311,1205.0538
bike,1201.4357,1205.9584
bike,1202.3402,1206.8629
bike,1203.2448,1207.7674
bike,1204.1493,1208.672
bike,1205.0538,1209.5766
bike,1205.9584,1210.4811
bike,1206.8629,1211.3857
bike,1207.7674,1212.2902
bike,1208.672,1213.1947
bike,1209.5766,1214.0992
bike,1210.4811,1215.0038
bike,1211.3857,1215.9083
bike,1212.2902,1216.8129
bike,1213.1947,1217.7174
bike,1214.0992,1218.622
bike,1215.0038,1219.5265
bike,1215.9083,1220.4311
bike,1216.8129,1221.3356
bike,1217.7174,1222.2401
bike,1218.622,1223.1447
bike,1219.5265,1224.0492
bike,1220.4311,1224.9538
bike,1221.3356,1225.8584
bike,1222.2401,1226.7629
bike,1223.1447,1227.6675
bike,1224.0492,1228.572
bike,1224.9538,1229.4766
bike,1225.8584,1230.3812
bike,1226.7629,1231.2857
bike,1227.6675,1232.1903
bike,1228.572,1233.0948
bike,1229.4766,1233.9993
bike,1230.3812,1234.904
bike,1231.2857,1235.8085
bike,1232.1903,1236.713
bike,1233.0948,1237.6176
bike,1233.9993,1238.5221
bike,1234.904,1239.4267
bike,1235.8085,1240.3312
bike,1236.713,1241.2358
bike,1237.6176,1242.1404
bike,1238.5221,1243.0449
bike,1239.4267,1243.9495
bike,1240.3312,1244.8541
bike,1241.2358,1245.7586
bike,1242.1404,1246.6632
bike,1243.0449,1247.5678
bike,1243.9495,1248.4724
bike,1244.8541,1249.377
bike,1245.7586,1250.2815
bike,1246.6632,1251.1861
bike,1247.5678,1252.0907
bike,1248.4724,1252.9952
bike,1249.377,1253.8998
bike,1250.2815,1254.8043
bike,1251.1861,1255.7089
bike,1252.0907,1256.6135
bike,1252.9952,1257.518
bike,1253.8998,1258.4225
bike,1254.8043,1259.3271
bike,1255.7089,1260.2316
bike,1256.6135,1261.1362
bike,1257.518,1262.0407
bike,1258.4225,1262.9453
bike,1259.3271,1263.8498
bike,1260.2316,1264.7543
bike,1261.1362,1265.6588
bike,1262.0407,1266.5634
bike,1262.9453,1267.4679
bike,1263.8498,1268.3725
bike,1264.7543,1269.277
bike,1265.6588,1270.1815
bike,1266.5634,1271.0861
bike,1267.4679,1271.9906
bike,1268.3725,1272.8951
bike,1269.277,1273.7997
bike,1270.1815,1274.7042
bike,1271.0861,1275.6087
bike,1271.9906,1276.5132
bike,1272.8951,1277.4178
bike,1273.7997,1278.3223
bike,1274.7042,1279.2268
bike,1275.6087,1280.1314
bike,1276.5132,1281.0359
bike,1277.4178,1281.9404
bike,1278.3223,1282.845
bike,1279.2268,1283.7495
bike,1280.1314,1284.654
bike,1281.0359,1285.5586
bike,1281.9404,1286.4631
bike,1282.845,1287.3676
bike,1283.7495,1288.2721
bike,1284.654,1289.1766
bike,1285.5586,1290.0812
bike,1286.4631,1290.9857
bike,1287.3676,1291.8902
bike,1288.2721,1292.7947
bike,1289.1766,1293.6993
bike,1290.0812,1294.6038
bike,1290.9857,1295.5083
bike,1291.8902,1296.4128
bike,1292.7947,1297.3174
bike,1293.6993,1298.2219
bike,1294.6038,1299.1264
bike,1295.5083,1300.0309
bike,1296.4128,1300.9354
bike,1297.3174,1301.84
bike,1298.2219,1302.7445
bike,1299.1264,1303.649
bike,1300.0309,1304.5535
bike,1300.9354,1305.4581
bike,1301.84,1306.3626
bike,1302.7445,1307.2672
bike,1303.649,1308.1718
bike,1304.5535,1309.0763
bike,1305.4581,1309.9808
bike,1306.3626,1310.8854
bike,1307.2672,1311.7899
bike,1308.1718,1312.6945
bike,1309.0763,1313.599
bike,1309.9808,1314.5036
bike,1310.8854,1315.4081
bike,1311.7899,1316.3126
bike,1312.6945,1317.2172
bike,1313.599,1318.1217
bike,1314.5036,1319.0262
bike,1315.4081,1319.9307
bike,1316.3126,1320.8353
bike,1317.2172,1321.7398
bike,1318.1217,1322.6443
bike,1319.0262,1323.5488
bike,1319.9307,1324.4534
bike,1320.8353,1325.3579
bike,1321.7398,1326.2624
bike,1322.6443,1327.1669
bike,1323.5488,1328.0714
bike,1324.4534,1328.9759
bike,1325.3579,1329.8805
bike,1326.2624,1330.785
bike,1327.1669,1331.6895
bike,1328.0714,1332.594
bike,1328.9759,1333.4985
bike,1329.8805,1334.4031
bike,1330.785,1335.3076
bike,1331.6895,1336.2121
bike,1332.594,1337.1166
bike,1333.4985,1338.0211
bike,1334.4031,1338.9257
bike,1335.3076,1339.8302
bike,1336.2121,1340.7347
bike,1337.1166,1341.6392
bike,1338.0211,1342.5437
bike,1338.9257,1343.4482
bike,1339.8302,1344.3528
bike,1340.7347,1345.2573
bike,1341.6392,1346.1618
bike,1342.5437,1347.0663
bike,1343.4482,1347.9709
bike,1344.3528,1348.8755
bike,1345.2573,1349.78
bike,1346.1618,1350.6846
bike,1347.0663,1351.5892
bike,1347.9709,1352.4937
bike,1348.8755,1353.3983
bike,1349.78,1354.3029
bike,1350.6846,1355.2074
bike,1351.5892,1356.1119
bike,1352.4937,1357.0165
bike,1353.3983,1357.921
bike,1354.3029,1358.8256
bike,1355.2074,1359.7301
bike,1356.1119,1360.6346
bike,1357.0165,1361.5391
bike,1357.921,1362.4437
bike,1358.8256,1363.3482
bike,1359.7301,1364.2528
bike,1360.6346,1365.1573
bike,1361.5391,1366.0618
bike,1362.4437,1366.9664
bike,1363.3482,1367.8709
bike,1364.2528,1368.7754
bike,1365.1573,1369.68
bike,1366.0618,1370.5845
bike,1366.9664,1371.4891
bike,1367.8709,1372.3936
bike,1368.7754,1373.2981
bike,1369.68,1374.2026
bike,1370.5845,1375.1071
bike,1371.4891,1376.0116
bike,1372.3936,1376.9162
bike,1373.2981,1377.8207
bike,1374.2026,1378.7252
bike,1375.1071,1379.6297
bike,1376.0116,1380.5342
bike,1376.9162,1381.4387
bike,1377.8207,1382.3432
bike,1378.7252,1383.2477
bike,1379.6297,1384.1523
bike,1380.5342,1385.0568
bike,1381.4387,1385.9613
bike,1382.3432,1386.8658
bike,1383.2477,1387.7703
bike,1384.1523,1388.6749
bike,1385.0568,1389.5794
bike,1385.9613,1390.484
bike,1386.8658,1391.3885
bike,1387.7703,1392.293
bike,1388.6749,1393.1975
bike,1389.5794,1394.1021
bike,1390.484,1395.0066
bike,1391.3885,1395.9111
bike,1392.293,1396.8156
bike,1393.1975,1397.7201
bike,1394.1021,1398.6246
bike,1395.0066,1399.5292
bike,1395.9111,1400.4337
bike,1396.8156,1401.3382
bike,1397.7201,1402.2427
bike,1398.6246,1403.1472
bike,1399.5292,1404.0517
bike,1400.4337,1404.9562
bike,1401.3382,1405.8607
bike,1402.2427,1406.7652
bike,1403.1472,1407.6697
bike,1404.0517,1408.5742
bike,1404.9562,1409.4787
bike,1405.8607,1410.3832
bike,1406.7652,1411.2877
bike,1407.6697,1412.1922
bike,1408.5742,1413.0967
bike,1409.4787,1414.0012
bike,1410.3832,1414.9057
bike,1411.2877,1415.8102
bike,1412.1922,1416.7148
bike,1413.0967,1417.6192
bike,1414.0012,1418.5238
bike,1414.9057,1419.4282
bike,1415.8102,1420.3328
bike,1416.7148,1421.2372
bike,1417.6192,1422.1417
bike,1418.5238,1423.0462
bike,1419.4282,1423.9507
bike,1420.3328,1424.8552
bike,1421.2372,1425.7597
bike,1422.1417,1426.6643
bike,1423.0462,1427.5687
bike,1423.9507,1428.4732
bike,1424.8552,1429.3778
bike,1425.7597,1430.2822
bike,1426.6643,1431.1867
bike,1427.5687,1432.0912
bike,1428.4732,1432.9957
bike,1429.3778,1433.9003
bike,1430.2822,1434.8047
bike,1431.1867,1435.7092
bike,1432.0912,1436.6137
bike,1432.9957,1437.5182
bike,1433.9003,1438.4227
bike,1434.8047,1439.3272
bike,1435.7092,1440.2317
bike,1436.6137,1441.1362
bike,1437.5182,1442.0407
bike,1438.4227,1442.9453
bike,1439.3272,1443.8498
bike,1440.2317,1444.7543
bike,1441.1362,1445.6589
bike,1442.0407,1446.5634
bike,1442.9453,1447.468
bike,1443.8498,1448.3725
bike,1444.7543,1449.277
bike,1445.6589,1450.1816
bike,1446.5634,1451.0861
bike,1447.468,1451.9906
bike,1448.3725,1452.8951
bike,1449.277,1453.7997
bike,1450.1816,1454.7042
bike,1451.0861,1455.6087
bike,1451.9906,1456.5132
bike,1452.8951,1457.4177
bike,1453.7997,1458.3222
bike,1454.7042,1459.2267
bike,1455.6087,1460.1312
bike,1456.5132,1461.0357
bike,1457.4177,1461.9402
bike,1458.3222,1462.8447
bike,1459.2267,1463.7492
bike,1460.1312,1464.6537
bike,1461.0357,1465.5583
bike,1461.9402,1466.4627
bike,1462.8447,1467.3672
bike,1463.7492,1468.2717
bike,1464.6537,1469.1762
bike,1465.5583,1470.0807
bike,1466.4627,1470.9852
bike,1467.3672,1471.8897
bike,1468.2717,1472.7942
bike,1469.1762,1473.6987
bike,1470.0807,1474.6032
bike,1470.9852,1475.5077
bike,1471.8897,1476.4122
bike,1472.7942,1477.3167
bike,1473.6987,1478.2212
bike,1474.6032,1479.1257
bike,1475.5077,1480.0301
bike,1476.4122,1480.9346
bike,1477.3167,1481.8391
bike,1478.2212,1482.7437
bike,1479.1257,1483.6481
bike,1480.0301,1484.5526
bike,1480.9346,1485.4571
bike,1481.8391,1486.3616
bike,1482.7437,1487.2661
bike,1483.6481,1488.1706
bike,1484.5526,1489.0751
bike,1485.4571,1489.9795
bike,1486.3616,1490.884
bike,1487.2661,1491.7886
bike,1488.1706,1492.693
bike,1489.0751,1493.5975
bike,1489.9795,1494.502
bike,1490.884,1495.4065
bike,1491.7886,1496.311
bike,1492.693,1497.2155
bike,1493.5975,1498.12
bike,1494.502,1499.0245
bike,1495.4065,1499.9289
bike,1496.311,1500.8334
bike,1497.2155,1501.7379
bike,1498.12,1502.6424
bike,1499.0245,1503.5469
bike,1499.9289,1504.4514
bike,1500.8334,1505.3558
bike,1501.7379,1506.2603
bike,1502.6424,1507.1648
bike,1503.5469,1508.0693
bike,1504.4514,1508.9738
bike,1505.3558,1509.8783
bike,1506.2603,1510.7828
bike,1507.1648,1511.6873
bike,1508.0693,1512.5918
bike,1508.9738,1513.4962
bike,1509.8783,1514.4007
bike,1510.7828,1515.3052
bike,1511.6873,1516.2097
bike,1512.5918,1517.1142
bike,1513.4962,1518.0187
bike,1514.4007,1518.9232
bike,1515.3052,1519.8276
bike,1516.2097,1520.7321
bike,1517.1142,1521.6366
bike,1518.0187,1522.5411
bike,1518.9232,1523.4456
bike,1519.8276,1524.3501
bike,1520.7321,1525.2545
bike,1521.6366,1526.159
bike,1522.5411,1527.0635
bike,1523.4456,1527.968
bike,1524.3501,1528.8725
bike,1525.2545,1529.777
bike,1526.159,1530.6814
bike,1527.0635,1531.5859
bike,1527.968,1532.4904
bike,1528.8725,1533.3949
bike,1529.777,1534.2994
bike,1530.6814,1535.2039
bike,1531.5859,1536.1084
bike,1532.4904,1537.0128
bike,1533.3949,1537.9173
bike,1534.2994,1538.8218
bike,1535.2039,1539.7263
bike,1536.1084,1540.6308
bike,1537.0128,1541.5353
bike,1537.9173,1542.4397
bike,1538.8218,1543.3442
bike,1539.7263,1544.2487
bike,1540.6308,1545.1532
bike,1541.5353,1546.0577
bike,1542.4397,1546.9621
bike,1543.3442,1547.8666
bike,1544.2487,1548.7711
bike,1545.1532,1549.6756
bike,1546.0577,1550.58
bike,1546.9621,1551.4845
bike,1547.8666,1552.389
bike,1548.7711,1553.2935
bike,1549.6756,1554.198
bike,1550.58,1555.1025
bike,1551.4845,1556.0069
bike,1552.389,1556.9114
bike,1553.2935,1557.8159
bike,1554.198,1558.7204
bike,1555.1025,1559.6248
bike,1556.0069,1560.5293
bike,1556.9114,1561.4338
bike,1557.8159,1562.3383
bike,1558.7204,1563.2427
bike,1559.6248,1564.1472
bike,1560.5293,1565.0517
bike,1561.4338,1565.9562
bike,1562.3383,1566.8607
bike,1563.2427,1567.7651
bike,1564.1472,1568.6696
bike,1565.0517,1569.5741
bike,1565.9562,1570.4785
bike,1566.8607,1571.383
bike,1567.7651,1572.2875
bike,1568.6696,1573.192
bike,1569.5741,1574.0964
bike,1570.4785,1575.0009
bike,1571.383,1575.9054
bike,1572.2875,1576.8099
bike,1573.192,1577.7144
bike,1574.0964,1578.6188
bike,1575.0009,1579.5233
bike,1575.9054,1580.4278
bike,1576.8099,1581.3323
bike,1577.7144,1582.2367
bike,1578.6188,1583.1412
bike,1579.5233,1584.0457
bike,1580.4278,1584.9502
bike,1581.3323,1585.8546
bike,1582.2367,1586.7591
bike,1583.1412,1587.6636
bike,1584.0457,1588.5681
bike,1584.9502,1589.4726
bike,1585.8546,1590.3771
bike,1586.7591,1591.2816
bike,1587.6636,1592.1861
bike,1588.5681,1593.0906
bike,1589.4726,1593.9952
bike,1590.3771,1594.8997
bike,1591.2816,1595.8043
bike,1592.1861,1596.7088
transition,1593.0906,1597.6133
swim,1593.9952,1598.5179
swim,1594.8997,1599.4224
swim,1595.8043,1600.3269
swim,1596.7088,1601.2314
swim,1597.6133,1602.136
swim,1598.5179,1603.0405
swim,1599.4224,1603.945
swim,1600.3269,1604.8495
swim,1601.2314,1605.754
swim,1602.136,1606.6585
swim,1603.0405,1607.563
swim,1603.945,1608.4675
swim,1604.8495,1609.372
swim,1605.754,1610.2765
swim,1606.6585,1611.181
transition,1607.563,1612.0855
bike,1608.4675,1612.9901
bike,1609.372,1613.8946
bike,1610.2765,1614.7991
bike,1611.181,1615.7036
bike,1612.0855,1616.6081
bike,1612.9901,1617.5126
bike,1613.8946,1618.4171
bike,1614.7991,1619.3216
bike,1615.7036,1620.2261
bike,1616.6081,1621.1307
bike,1617.5126,1622.0352
bike,1618.4171,1622.9397
bike,1619.3216,1623.8442
bike,1620.2261,1624.7487
bike,1621.1307,1625.6532
bike,1622.0352,1626.5577
bike,1622.9397,1627.4622
bike,1623.8442,1628.3666
bike,1624.7487,1629.2711
bike,1625.6532,1630.1756
bike,1626.5577,1631.0801
bike,1627.4622,1631.9846
bike,1628.3666,1632.8891
bike,1629.2711,1633.7936
bike,1630.1756,1634.698
bike,1631.0801,1635.6025
bike,1631.9846,1636.507
bike,1632.8891,1637.4115
bike,1633.7936,1638.316
bike,1634.698,1639.2205
bike,1635.6025,1640.125
bike,1636.507,1641.0295
bike,1637.4115,1641.9339
bike,1638.316,1642.8384
bike,1639.2205,1643.7429
bike,1640.125,1644.6474
bike,1641.0295,1645.5519
bike,1641.9339,1646.4563
bike,1642.8384,1647.3608
bike,1643.7429,1648.2653
bike,1644.6474,1649.1698
bike,1645.5519,1650.0743
bike,1646.4563,1650.9788
bike,1647.3608,1651.8832
bike,1648.2653,1652.7877
bike,1649.1698,1653.6922
bike,1650.0743,1654.5966
bike,1650.9788,1655.5011
bike,1651.8832,1656.4056
bike,1652.7877,1657.3101
bike,1653.6922,1658.2146
bike,1654.5966,1659.1191
bike,1655.5011,1660.0236
bike,1656.4056,1660.928
bike,1657.3101,1661.8325
bike,1658.2146,1662.737
bike,1659.1191,1663.6414
bike,1660.0236,1664.5459
bike,1660.928,1665.4504
bike,1661.8325,1666.3549
bike,1662.737,1667.2594
bike,1663.6414,1668.1638
bike,1664.5459,1669.0683
bike,1665.4504,1669.9728
bike,1666.3549,1670.8772
bike,1667.2594,1671.7817
bike,1668.1638,1672.6862
bike,1669.0683,1673.5907
bike,1669.9728,1674.4951
bike,1670.8772,1675.3996
bike,1671.7817,1676.3041
bike,1672.6862,1677.2086
bike,1673.5907,1678.113
bike,1674.4951,1679.0175
bike,1675.3996,1679.922
bike,1676.3041,1680.8264
bike,1677.2086,1681.7309
bike,1678.113,1682.6354
bike,1679.0175,1683.5398
bike,1679.922,1684.4443
bike,1680.8264,1685.3488
bike,1681.7309,1686.2533
bike,1682.6354,1687.1577
bike,1683.5398,1688.0622
bike,1684.4443,1688.9667
bike,1685.3488,1689.8711
bike,1686.2533,1690.7756
bike,1687.1577,1691.6801
bike,1688.0622,1692.5846
bike,1688.9667,1693.489
bike,1689.8711,1694.3935
bike,1690.7756,1695.298
bike,1691.6801,1696.2024
bike,1692.5846,1697.1069
bike,1693.489,1698.0114
bike,1694.3935,1698.9158
bike,1695.298,1699.8203
bike,1696.2024,1700.7248
bike,1697.1069,1701.6292
bike,1698.0114,1702.5337
bike,1698.9158,1703.4382
bike,1699.8203,1704.3426
bike,1700.7248,1705.2471
bike,1701.6292,1706.1516
bike,1702.5337,1707.056
bike,1703.4382,1707.9605
bike,1704.3426,1708.8649
bike,1705.2471,1709.7694
bike,1706.1516,1710.6739
bike,1707.056,1711.5783
bike,1707.9605,1712.4828
bike,1708.8649,1713.3872
bike,1709.7694,1714.2917
bike,1710.6739,1715.1962
bike,1711.5783,1716.1007
bike,1712.4828,1717.0051
bike,1713.3872,1717.9096
bike,1714.2917,1718.814
bike,1715.1962,1719.7185
bike,1716.1007,1720.623
bike,1717.0051,1721.5274
bike,1717.9096,1722.4319
bike,1718.814,1723.3363
bike,1719.7185,1724.2408
bike,1720.623,1725.1453
bike,1721.5274,1726.0497
bike,1722.4319,1726.9542
bike,1723.3363,1727.8587
bike,1724.2408,1728.7631
bike,1725.1453,1729.6676
bike,1726.0497,1730.572
bike,1726.9542,1731.4765
bike,1727.8587,1732.3809
bike,1728.7631,1733.2854
bike,1729.6676,1734.1899
bike,1730.572,1735.0943
bike,1731.4765,1735.9988
bike,1732.3809,1736.9033
bike,1733.2854,1737.8077
bike,1734.1899,1738.7122
bike,1735.0943,1739.6167
bike,1735.9988,1740.5211
bike,1736.9033,1741.4256
bike,1737.8077,1742.33
bike,1738.7122,1743.2345
bike,1739.6167,1744.139
bike,1740.5211,1745.0434
bike,1741.4256,1745.9479
bike,1742.33,1746.8523
bike,1743.2345,1747.7568
bike,1744.139,1748.6613
bike,1745.0434,1749.5657
bike,1745.9479,1750.4702
bike,1746.8523,1751.3747
bike,1747.7568,1752.2792
bike,1748.6613,1753.1836
bike,1749.5657,1754.0881
bike,1750.4702,1754.9925
bike,1751.3747,1755.897
bike,1752.2792,1756.8015
bike,1753.1836,1757.7059
bike,1754.0881,1758.6104
bike,1754.9925,1759.5149
bike,1755.897,1760.4193
bike,1756.8015,1761.3238
bike,1757.7059,1762.2282
bike,1758.6104,1763.1327
bike,1759.5149,1764.0372
bike,1760.4193,1764.9416
bike,1761.3238,1765.8461
bike,1762.2282,1766.7506
bike,1763.1327,1767.655
bike,1764.0372,1768.5595
bike,1764.9416,1769.4639
bike,1765.8461,1770.3684
bike,1766.7506,1771.2729
bike,1767.655,1772.1774
bike,1768.5595,1773.0818
bike,1769.4639,1773.9863
bike,1770.3684,1774.8908
bike,1771.2729,1775.7952
bike,1772.1774,1776.6997
bike,1773.0818,1777.6041
bike,1773.9863,1778.5086
bike,1774.8908,1779.4131
bike,1775.7952,1780.3176
bike,1776.6997,1781.222
bike,1777.6041,1782.1265
bike,1778.5086,1783.0309
bike,1779.4131,1783.9354
bike,1780.3176,1784.8399
bike,1781.222,1785.7443
bike,1782.1265,1786.6488
bike,1783.0309,1787.5533
bike,1783.9354,1788.4577
bike,1784.8399,1789.3622
bike,1785.7443,1790.2667
bike,1786.6488,1791.1711
bike,1787.5533,1792.0756
bike,1788.4577,1792.9801
bike,1789.3622,1793.8846
bike,1790.2667,1794.789
bike,1791.1711,1795.6935
bike,1792.0756,1796.5979
bike,1792.9801,1797.5024
bike,1793.8846,1798.4069
bike,1794.789,1799.3113
bike,1795.6935,1800.2158
bike,1796.5979,1801.1202
bike,1797.5024,1802.0247
bike,1798.4069,1802.9292
bike,1799.3113,1803.8337
bike,1800.2158,1804.7381
bike,1801.1202,1805.6426
bike,1802.0247,1806.547
bike,1802.9292,1807.4515
bike,1803.8337,1808.356
bike,1804.7381,1809.2604
bike,1805.6426,1810.1649
bike,1806.547,1811.0693
bike,1807.4515,1811.9738
bike,1808.356,1812.8783
bike,1809.2604,1813.7827
bike,1810.1649,1814.6872
bike,1811.0693,1815.5917
bike,1811.9738,1816.4961
bike,1812.8783,1817.4006
bike,1813.7827,1818.3051
bike,1814.6872,1819.2095
bike,1815.5917,1820.114
bike,1816.4961,1821.0185
bike,1817.4006,1821.9229
bike,1818.3051,1822.8274
bike,1819.2095,1823.7319
bike,1820.114,1824.6363
bike,1821.0185,1825.5408
bike,1821.9229,1826.4452
bike,1822.8274,1827.3497
bike,1823.7319,1828.2542
bike,1824.6363,1829.1586
bike,1825.5408,1830.0631
bike,1826.4452,1830.9675
bike,1827.3497,1831.872
bike,1828.2542,1832.7765
bike,1829.1586,1833.6809
bike,1830.0631,1834.5854
bike,1830.9675,1835.4899
bike,1831.872,1836.3943
bike,1832.7765,1837.2988
bike,1833.6809,1838.2033
bike,1834.5854,1839.1077
bike,1835.4899,1840.0122
bike,1836.3943,1840.9167
bike,1837.2988,1841.8211
bike,1838.2033,1842.7256
bike,1839.1077,1843.63
bike,1840.0122,1844.5345
bike,1840.9167,1845.439
bike,1841.8211,1846.3434
bike,1842.7256,1847.2479
bike,1843.63,1848.1523
bike,1844.5345,1849.0568
bike,1845.439,1849.9613
bike,1846.3434,1850.8658
bike,1847.2479,1851.7702
bike,1848.1523,1852.6747
bike,1849.0568,1853.5791
bike,1849.9613,1854.4836
bike,1850.8658,1855.3881
bike,1851.7702,1856.2925
bike,1852.6747,1857.197
bike,1853.5791,1858.1014
bike,1854.4836,1859.0059
bike,1855.3881,1859.9104
bike,1856.2925,1860.8148
bike,1857.197,1861.7193
bike,1858.1014,1862.6238
bike,1859.0059,1863.5282
bike,1859.9104,1864.4327
bike,1860.8148,1865.3372
bike,1861.7193,1866.2416
bike,1862.6238,1867.1461
bike,1863.5282,1868.0505
bike,1864.4327,1868.955
bike,1865.3372,1869.8595
bike,1866.2416,1870.7639
bike,1867.1461,1871.6684
bike,1868.0505,1872.5728
bike,1868.955,1873.4773
bike,1869.8595,1874.3818
bike,1870.7639,1875.2862
bike,1871.6684,1876.1907
bike,1872.5728,1877.0952
bike,1873.4773,1877.9996
bike,1874.3818,1878.9041
bike,1875.2862,1879.8085
bike,1876.1907,1880.713
bike,1877.0952,1881.6175
bike,1877.9996,1882.5219
bike,1878.9041,1883.4264
bike,1879.8085,1884.3309
bike,1880.713,1885.2353
bike,1881.6175,1886.1398
bike,1882.5219,1887.0442
bike,1883.4264,1887.9487
bike,1884.3309,1888.8532
bike,1885.2353,1889.7576
bike,1886.1398,1890.6621
bike,1887.0442,1891.5666
bike,1887.9487,1892.471
bike,1888.8532,1893.3755
bike,1889.7576,1894.2799
bike,1890.6621,1895.1844
bike,1891.5666,1896.0889
bike,1892.471,1896.9933
bike,1893.3755,1897.8978
bike,1894.2799,1898.8023
bike,1895.1844,1899.7067
bike,1896.0889,1900.6112
bike,1896.9933,1901.5156
bike,1897.8978,1902.4201
bike,1898.8023,1903.3246
bike,1899.7067,1904.229
bike,1900.6112,1905.1335
bike,1901.5156,1906.038
bike,1902.4201,1906.9425
bike,1903.3246,1907.8469
bike,1904.229,1908.7514
bike,1905.1335,1909.6558
bike,1906.038,1910.5603
bike,1906.9425,1911.4648
bike,1907.8469,1912.3692
bike,1908.7514,1913.2737
bike,1909.6558,1914.1781
bike,1910.5603,1915.0826
bike,1911.4648,1915.9871
bike,1912.3692,1916.8915
bike,1913.2737,1917.796
bike,1914.1781,1918.7005
bike,1915.0826,1919.6049
bike,1915.9871,1920.5094
bike,1916.8915,1921.4138
bike,1917.796,1922.3183
bike,1918.7005,1923.2228
bike,1919.6049,1924.1272
bike,1920.5094,1925.0317
bike,1921.4138,1925.9362
bike,1922.3183,1926.8407
bike,1923.2228,1927.7453
bike,1924.1272,1928.6498
bike,1925.0317,1929.5543
bike,1925.9362,1930.4589
bike,1926.8407,1931.3634
bike,1927.7453,1932.2679
bike,1928.6498,1933.1725
bike,1929.5543,1934.077
bike,1930.4589,1934.9815
bike,1931.3634,1935.886
bike,1932.2679,1936.7905
bike,1933.1725,1937.695
bike,1934.077,1938.5995
bike,1934.9815,1939.504
bike,1935.886,1940.4085
bike,1936.7905,1941.313
bike,1937.695,1942.2175
bike,1938.5995,1943.1219
bike,1939.504,1944.0264
bike,1940.4085,1944.9309
bike,1941.313,1945.8354
bike,1942.2175,1946.7399
bike,1943.1219,1947.6443
bike,1944.0264,1948.5488
bike,1944.9309,1949.4533
bike,1945.8354,1950.3578
bike,1946.7399,1951.2622
bike,1947.6443,1952.1667
bike,1948.5488,1953.0712
bike,1949.4533,1953.9757
bike,1950.3578,1954.8801
bike,1951.2622,1955.7846
bike,1952.1667,1956.6891
bike,1953.0712,1957.5935
bike,1953.9757,1958.498
bike,1954.8801,1959.4025
bike,1955.7846,1960.307
bike,1956.6891,1961.2114
bike,1957.5935,1962.1159
bike,1958.498,1963.0204
bike,1959.4025,1963.9248
bike,1960.307,1964.8293
bike,1961.2114,1965.7338
bike,1962.1159,1966.6382
bike,1963.0204,1967.5427
bike,1963.9248,1968.4472
bike,1964.8293,1969.3517
bike,1965.7338,1970.2562
bike,1966.6382,1971.1606
bike,1967.5427,1972.0651
bike,1968.4472,1972.9696
bike,1969.3517,1973.8741
bike,1970.2562,1974.7786
bike,1971.1606,1975.6831
bike,1972.0651,1976.5876
bike,1972.9696,1977.492
bike,1973.8741,1978.3965
bike,1974.7786,1979.301
bike,1975.6831,1980.2055
bike,1976.5876,1981.11
bike,1977.492,1982.0144
bike,1978.3965,1982.9189
bike,1979.301,1983.8234
bike,1980.2055,1984.7278
bike,1981.11,1985.6323
bike,1982.0144,1986.5368
bike,1982.9189,1987.4413
bike,1983.8234,1988.3457
bike,1984.7278,1989.2502
bike,1985.6323,1990.1547
bike,1986.5368,1991.0592
bike,1987.4413,1991.9637
bike,1988.3457,1992.8682
bike,1989.2502,1993.7727
bike,1990.1547,1994.6773
bike,1991.0592,1995.5817
bike,1991.9637,1996.4863
bike,1992.8682,1997.3908
bike,1993.7727,1998.2952
bike,1994.6773,1999.1997
bike,1995.5817,2000.1042
bike,1996.4863,2001.0087
bike,1997.3908,2001.9132
bike,1998.2952,2002.8177
bike,1999.1997,2003.7222
bike,2000.1042,2004.6267
bike,2001.0087,2005.5311
bike,2001.9132,2006.4356
bike,2002.8177,2007.3401
bike,2003.7222,2008.2446
bike,2004.6267,2009.149
bike,2005.5311,2010.0535
bike,2006.4356,2010.958
bike,2007.3401,2011.8625
bike,2008.2446,2012.7671
bike,2009.149,2013.6716
bike,2010.0535,2014.5761
bike,2010.958,2015.4806
transition,2011.8625,2016.3851
transition,2012.7671,2017.2895
transition,2013.6716,2018.194
bike,2014.5761,2019.0985
bike,2015.4806,2020.003
bike,2016.3851,2020.9075
bike,2017.2895,2021.8119
bike,2018.194,2022.7164
bike,2019.0985,2023.6209
bike,2020.003,2024.5254
bike,2020.9075,2025.4299
bike,2021.8119,2026.3343
bike,2022.7164,2027.2388
bike,2023.6209,2028.1433
bike,2024.5254,2029.0478
bike,2025.4299,2029.9523
bike,2026.3343,2030.8567
bike,2027.2388,2031.7612
bike,2028.1433,2032.6657
bike,2029.0478,2033.5702
bike,2029.9523,2034.4746
bike,2030.8567,2035.3791
bike,2031.7612,2036.2836
bike,2032.6657,2037.1881
bike,2033.5702,2038.0925
bike,2034.4746,2038.997
bike,2035.3791,2039.9015
bike,2036.2836,2040.8059
bike,2037.1881,2041.7104
bike,2038.0925,2042.6149
bike,2038.997,2043.5193
bike,2039.9015,2044.4238
bike,2040.8059,2045.3282
bike,2041.7104,2046.2328
bike,2042.6149,2047.1372
bike,2043.5193,2048.0417
bike,2044.4238,2048.9462
bike,2045.3282,2049.8506
bike,2046.2328,2050.7551
bike,2047.1372,2051.6595
bike,2048.0417,2052.564
bike,2048.9462,2053.4685
bike,2049.8506,2054.373
bike,2050.7551,2055.2775
bike,2051.6595,2056.182
bike,2052.564,2057.0865
bike,2053.4685,2057.991
bike,2054.373,2058.8955
bike,2055.2775,2059.8001
bike,2056.182,2060.7046
bike,2057.0865,2061.6091
bike,2057.991,2062.5136
bike,2058.8955,2063.4181
bike,2059.8001,2064.3226
bike,2060.7046,2065.2271
bike,2061.6091,2066.1316
bike,2062.5136,2067.036
bike,2063.4181,2067.9405
bike,2064.3226,2068.845
bike,2065.2271,2069.7495
bike,2066.1316,2070.654
bike,2067.036,2071.5585
bike,2067.9405,2072.4629
bike,2068.845,2073.3674
bike,2069.7495,2074.2719
bike,2070.654,2075.1764
bike,2071.5585,2076.0808
bike,2072.4629,2076.9853
bike,2073.3674,2077.8898
bike,2074.2719,2078.7943
bike,2075.1764,2079.6987
bike,2076.0808,2080.6032
bike,2076.9853,2081.5077
bike,2077.8898,2082.4122
bike,2078.7943,2083.3166
bike,2079.6987,2084.2211
bike,2080.6032,2085.1255
bike,2081.5077,2086.03
bike,2082.4122,2086.9345
bike,2083.3166,2087.839
bike,2084.2211,2088.7434
bike,2085.1255,2089.6479
bike,2086.03,2090.5523
bike,2086.9345,2091.4568
bike,2087.839,2092.3613
bike,2088.7434,2093.2657
bike,2089.6479,2094.1702
bike,2090.5523,2095.0747
bike,2091.4568,2095.9791
bike,2092.3613,2096.8836
bike,2093.2657,2097.788
bike,2094.1702,2098.6925
bike,2095.0747,2099.597
bike,2095.9791,2100.5015
bike,2096.8836,2101.4059
bike,2097.788,2102.3104
bike,2098.6925,2103.2149
bike,2099.597,2104.1193
bike,2100.5015,2105.0238
bike,2101.4059,2105.9282
bike,2102.3104,2106.8327
bike,2103.2149,2107.7372
bike,2104.1193,2108.6417
bike,2105.0238,2109.5461
bike,2105.9282,2110.4506
bike,2106.8327,2111.3551
bike,2107.7372,2112.2596
bike,2108.6417,2113.164
bike,2109.5461,2114.0685
bike,2110.4506,2114.973
bike,2111.3551,2115.8774
bike,2112.2596,2116.7819
bike,2113.164,2117.6863
bike,2114.0685,2118.5908
bike,2114.973,2119.4953
bike,2115.8774,2120.3997
bike,2116.7819,2121.3042
bike,2117.6863,2122.2087
bike,2118.5908,2123.1131
bike,2119.4953,2124.0176
bike,2120.3997,2124.922
bike,2121.3042,2125.8265
bike,2122.2087,2126.731
bike,2123.1131,2127.6354
bike,2124.0176,2128.5399
bike,2124.922,2129.4443
bike,2125.8265,2130.3488
bike,2126.731,2131.2533
bike,2127.6354,2132.1577
bike,2128.5399,2133.0622
bike,2129.4443,2133.9666
bike,2130.3488,2134.8711
bike,2131.2533,2135.7756
bike,2132.1577,2136.68
bike,2133.0622,2137.5845
bike,2133.9666,2138.4889
bike,2134.8711,2139.3934
bike,2135.7756,2140.2978
bike,2136.68,2141.2023
bike,2137.5845,2142.1067
bike,2138.4889,2143.0112
bike,2139.3934,2143.9157
bike,2140.2978,2144.8201
bike,2141.2023,2145.7246
bike,2142.1067,2146.629
bike,2143.0112,2147.5335
bike,2143.9157,2148.438
bike,2144.8201,2149.3424
bike,2145.7246,2150.2469
bike,2146.629,2151.1513
bike,2147.5335,2152.0558
bike,2148.438,2152.9603
bike,2149.3424,2153.8647
bike,2150.2469,2154.7692
bike,2151.1513,2155.6736
bike,2152.0558,2156.5781
bike,2152.9603,2157.4825
bike,2153.8647,2158.387
bike,2154.7692,2159.2915
bike,2155.6736,2160.1959
bike,2156.5781,2161.1004
bike,2157.4825,2162.0048
bike,2158.387,2162.9093
bike,2159.2915,2163.8137
bike,2160.1959,2164.7182
bike,2161.1004,2165.6226
bike,2162.0048,2166.5271
bike,2162.9093,2167.4316
bike,2163.8137,2168.336
bike,2164.7182,2169.2405
bike,2165.6226,2170.1449
bike,2166.5271,2171.0494
bike,2167.4316,2171.9538
bike,2168.336,2172.8583
bike,2169.2405,2173.7627
bike,2170.1449,2174.6672
bike,2171.0494,2175.5717
bike,2171.9538,2176.4761
bike,2172.8583,2177.3806
bike,2173.7627,2178.285
bike,2174.6672,2179.1895
bike,2175.5717,2180.0939
bike,2176.4761,2180.9983
bike,2177.3806,2181.9028
bike,2178.285,2182.8073
bike,2179.1895,2183.7117
bike,2180.0939,2184.6162
bike,2180.9983,2185.5206
bike,2181.9028,2186.4251
bike,2182.8073,2187.3296
bike,2183.7117,2188.234
bike,2184.6162,2189.1384
bike,2185.5206,2190.0429
bike,2186.4251,2190.9473
bike,2187.3296,2191.8518
bike,2188.234,2192.7563
bike,2189.1384,2193.6607
bike,2190.0429,2194.5652
bike,2190.9473,2195.4696
bike,2191.8518,2196.3741
bike,2192.7563,2197.2785
bike,2193.6607,2198.183
bike,2194.5652,2199.0874
bike,2195.4696,2199.9919
bike,2196.3741,2200.8964
bike,2197.2785,2201.8009
bike,2198.183,2202.7054
bike,2199.0874,2203.6099
bike,2199.9919,2204.5144
bike,2200.8964,2205.419
bike,2201.8009,2206.3236
bike,2202.7054,2207.2281
bike,2203.6099,2208.1327
bike,2204.5144,2209.0373
bike,2205.419,2209.9419
bike,2206.3236,2210.8465
bike,2207.2281,2211.7511
bike,2208.1327,2212.6556
bike,2209.0373,2213.5603
bike,2209.9419,2214.4649
bike,2210.8465,2215.3695
bike,2211.7511,2216.2741
bike,2212.6556,2217.1787
bike,2213.5603,2218.0833
bike,2214.4649,2218.9879
bike,2215.3695,2219.8925
bike,2216.2741,2220.7971
bike,2217.1787,2221.7017
bike,2218.0833,2222.6063
bike,2218.9879,2223.5109
bike,2219.8925,2224.4155
bike,2220.7971,2225.3201
bike,2221.7017,2226.2246
bike,2222.6063,2227.1292
bike,2223.5109,2228.0338
bike,2224.4155,2228.9383
bike,2225.3201,2229.8429
bike,2226.2246,2230.7474
bike,2227.1292,2231.6519
bike,2228.0338,2232.5565
bike,2228.9383,2233.4609
bike,2229.8429,2234.3655
bike,2230.7474,2235.27
bike,2231.6519,2236.1744
bike,2232.5565,2237.0789
bike,2233.4609,2237.9835
bike,2234.3655,2238.8879
bike,2235.27,2239.7924
bike,2236.1744,2240.6969
bike,2237.0789,2241.6014
bike,2237.9835,2242.5059
bike,2238.8879,2243.4104
bike,2239.7924,2244.3149
bike,2240.6969,2245.2193
bike,2241.6014,2246.1238
bike,2242.5059,2247.0283
bike,2243.4104,2247.9328
bike,2244.3149,2248.8372
bike,2245.2193,2249.7417
bike,2246.1238,2250.6462
bike,2247.0283,2251.5507
bike,2247.9328,2252.4552
bike,2248.8372,2253.3596
bike,2249.7417,2254.2641
bike,2250.6462,2255.1686
bike,2251.5507,2256.073
bike,2252.4552,2256.9775
bike,2253.3596,2257.882
bike,2254.2641,2258.7864
bike,2255.1686,2259.6909
bike,2256.073,2260.5954
bike,2256.9775,2261.4999
bike,2257.882,2262.4043
bike,2258.7864,2263.3088
bike,2259.6909,2264.2132
bike,2260.5954,2265.1177
bike,2261.4999,2266.0222
bike,2262.4043,2266.9267
bike,2263.3088,2267.8311
bike,2264.2132,2268.7356
bike,2265.1177,2269.6401
bike,2266.0222,2270.5446
bike,2266.9267,2271.449
bike,2267.8311,2272.3535
bike,2268.7356,2273.2579
bike,2269.6401,2274.1624
bike,2270.5446,2275.0669
bike,2271.449,2275.9713
bike,2272.3535,2276.8758
bike,2273.2579,2277.7803
bike,2274.1624,2278.6848
bike,2275.0669,2279.5892
bike,2275.9713,2280.4937
bike,2276.8758,2281.3982
bike,2277.7803,2282.3026
bike,2278.6848,2283.2071
bike,2279.5892,2284.1116
bike,2280.4937,2285.016
bike,2281.3982,2285.9205
bike,2282.3026,2286.825
bike,2283.2071,2287.7295
bike,2284.1116,2288.634
bike,2285.016,2289.5385
bike,2285.9205,2290.443
bike,2286.825,2291.3475
bike,2287.7295,2292.252
bike,2288.634,2293.1565
bike,2289.5385,2294.061
bike,2290.443,2294.9656
bike,2291.3475,2295.8701
bike,2292.252,2296.7747
bike,2293.1565,2297.6792
bike,2294.061,2298.5837
bike,2294.9656,2299.4882
bike,2295.8701,2300.3928
bike,2296.7747,2301.2973
bike,2297.6792,2302.2018
bike,2298.5837,2303.1063
bike,2299.4882,2304.0108
bike,2300.3928,2304.9153
bike,2301.2973,2305.8197
bike,2302.2018,2306.7242
bike,2303.1063,2307.6287
bike,2304.0108,2308.5332
bike,2304.9153,2309.4377
bike,2305.8197,2310.3422
bike,2306.7242,2311.2466
bike,2307.6287,2312.1511
bike,2308.5332,2313.0556
bike,2309.4377,2313.9601
bike,2310.3422,2314.8645
bike,2311.2466,2315.769
bike,2312.1511,2316.6735
bike,2313.0556,2317.5779
bike,2313.9601,2318.4824
bike,2314.8645,2319.3869
bike,2315.769,2320.2914
bike,2316.6735,2321.1958
bike,2317.5779,2322.1003
bike,2318.4824,2323.0048
bike,2319.3869,2323.9092
bike,2320.2914,2324.8137
bike,2321.1958,2325.7182
bike,2322.1003,2326.6227
bike,2323.0048,2327.5271
bike,2323.9092,2328.4316
bike,2324.8137,2329.336
bike,2325.7182,2330.2405
bike,2326.6227,2331.145
bike,2327.5271,2332.0494
bike,2328.4316,2332.9539
bike,2329.336,2333.8583
bike,2330.2405,2334.7628
bike,2331.145,2335.6673
bike,2332.0494,2336.5717
bike,2332.9539,2337.4762
bike,2333.8583,2338.3807
bike,2334.7628,2339.2851
bike,2335.6673,2340.1896
bike,2336.5717,2341.0941
bike,2337.4762,2341.9986
bike,2338.3807,2342.9031
bike,2339.2851,2343.8076
bike,2340.1896,2344.7121
bike,2341.0941,2345.6167
bike,2341.9986,2346.5212
bike,2342.9031,2347.4258
bike,2343.8076,2348.3303
bike,2344.7121,2349.2348
bike,2345.6167,2350.1393
bike,2346.5212,2351.0438
bike,2347.4258,2351.9483
bike,2348.3303,2352.8528
bike,2349.2348,2353.7574
bike,2350.1393,2354.6618
bike,2351.0438,2355.5663
bike,2351.9483,2356.4708
bike,2352.8528,2357.3753
bike,2353.7574,2358.2798
bike,2354.6618,2359.1843
bike,2355.5663,2360.0888
bike,2356.4708,2360.9933
bike,2357.3753,2361.8978
bike,2358.2798,2362.8023
bike,2359.1843,2363.7068
bike,2360.0888,2364.6113
bike,2360.9933,2365.5158
bike,2361.8978,2366.4202
bike,2362.8023,2367.3247
bike,2363.7068,2368.2292
bike,2364.6113,2369.1337
bike,2365.5158,2370.0381
bike,2366.4202,2370.9426
bike,2367.3247,2371.8472
bike,2368.2292,2372.7517
bike,2369.1337,2373.6563
bike,2370.0381,2374.5608
bike,2370.9426,2375.4654
bike,2371.8472,2376.3699
bike,2372.7517,2377.2745
bike,2373.6563,2378.1791
bike,2374.5608,2379.0837
bike,2375.4654,2379.9883
bike,2376.3699,2380.8929
bike,2377.2745,2381.7975
bike,2378.1791,2382.7021
bike,2379.0837,2383.6067
bike,2379.9883,2384.5112
bike,2380.8929,2385.4158
bike,2381.7975,2386.3203
bike,2382.7021,2387.2248
bike,2383.6067,2388.1294
bike,2384.5112,2389.0339
bike,2385.4158,2389.9384
bike,2386.3203,2390.8429
bike,2387.2248,2391.7474
bike,2388.1294,2392.6519
bike,2389.0339,2393.5564
bike,2389.9384,2394.4609
bike,2390.8429,2395.3654
bike,2391.7474,2396.2699
bike,2392.6519,2397.1743
bike,2393.5564,2398.0788
bike,2394.4609,2398.9833
bike,2395.3654,2399.8878
bike,2396.2699,2400.7923
bike,2397.1743,2401.6968
bike,2398.0788,2402.6012
bike,2398.9833,2403.5057
bike,2399.8878,2404.4102
bike,2400.7923,2405.3146
bike,2401.6968,2406.2191
bike,2402.6012,2407.1236
bike,2403.5057,2408.0281
bike,2404.4102,2408.9326
bike,2405.3146,2409.837
bike,2406.2191,2410.7415
bike,2407.1236,2411.646
bike,2408.0281,2412.5504
bike,2408.9326,2413.4549
bike,2409.837,2414.3594
bike,2410.7415,2415.2639
bike,2411.646,2416.1683
bike,2412.5504,2417.0728
bike,2413.4549,2417.9773
bike,2414.3594,2418.8817
bike,2415.2639,2419.7862
bike,2416.1683,2420.6907
bike,2417.0728,2421.5951
bike,2417.9773,2422.4996
bike,2418.8817,2423.404
bike,2419.7862,2424.3085
bike,2420.6907,2425.213
bike,2421.5951,2426.1174
bike,2422.4996,2427.022
bike,2423.404,2427.9264
bike,2424.3085,2428.8309
bike,2425.213,2429.7354
bike,2426.1174,2430.6398
bike,2427.022,2431.5443
bike,2427.9264,2432.4487
bike,2428.8309,2433.3532
bike,2429.7354,2434.2577
bike,2430.6398,2435.1621
bike,2431.5443,2436.0666
bike,2432.4487,2436.9711
bike,2433.3532,2437.8755
bike,2434.2577,2438.78
bike,2435.1621,2439.6845
bike,2436.0666,2440.5889
bike,2436.9711,2441.4934
bike,2437.8755,2442.3978
bike,2438.78,2443.3023
bike,2439.6845,2444.2068
bike,2440.5889,2445.1112
bike,2441.4934,2446.0157
bike,2442.3978,2446.9202
bike,2443.3023,2447.8246
bike,2444.2068,2448.7291
bike,2445.1112,2449.6335
bike,2446.0157,2450.538
bike,2446.9202,2451.4425
bike,2447.8246,2452.347
bike,2448.7291,2453.2514
bike,2449.6335,2454.1559
bike,2450.538,2455.0604
bike,2451.4425,2455.9648
bike,2452.347,2456.8693
bike,2453.2514,2457.7737
bike,2454.1559,2458.6782
bike,2455.0604,2459.5827
bike,2455.9648,2460.4871
bike,2456.8693,2461.3916
bike,2457.7737,2462.296
bike,2458.6782,2463.2005
bike,2459.5827,2464.105
bike,2460.4871,2465.0095
bike,2461.3916,2465.9139
bike,2462.296,2466.8184
bike,2463.2005,2467.7228
bike,2464.105,2468.6273
bike,2465.0095,2469.5318
bike,2465.9139,2470.4362
bike,2466.8184,2471.3407
bike,2467.7228,2472.2451
bike,2468.6273,2473.1496
bike,2469.5318,2474.054
bike,2470.4362,2474.9585
bike,2471.3407,2475.863
bike,2472.2451,2476.7674
bike,2473.1496,2477.6719
bike,2474.054,2478.5764
bike,2474.9585,2479.4808
bike,2475.863,2480.3853
bike,2476.7674,2481.2897
bike,2477.6719,2482.1942
bike,2478.5764,2483.0986
bike,2479.4808,2484.0031
bike,2480.3853,2484.9076
bike,2481.2897,2485.812
bike,2482.1942,2486.7165
bike,2483.0986,2487.621
bike,2484.0031,2488.5254
bike,2484.9076,2489.4299
bike,2485.812,2490.3343
bike,2486.7165,2491.2388
bike,2487.621,2492.1432
bike,2488.5254,2493.0477
bike,2489.4299,2493.9521
bike,2490.3343,2494.8566
bike,2491.2388,2495.7611
bike,2492.1432,2496.6656
bike,2493.0477,2497.57
bike,2493.9521,2498.4745
bike,2494.8566,2499.3789
bike,2495.7611,2500.2834
bike,2496.6656,2501.1878
bike,2497.57,2502.0923
bike,2498.4745,2502.9967
bike,2499.3789,2503.9012
bike,2500.2834,2504.8057
bike,2501.1878,2505.7101
bike,2502.0923,2506.6146
bike,2502.9967,2507.519
bike,2503.9012,2508.4235
bike,2504.8057,2509.3279
bike,2505.7101,2510.2324
bike,2506.6146,2511.1369
bike,2507.519,2512.0414
bike,2508.4235,2512.9459
bike,2509.3279,2513.8504
bike,2510.2324,2514.7548
bike,2511.1369,2515.6593
bike,2512.0414,2516.5638
bike,2512.9459,2517.4682
bike,2513.8504,2518.3727
bike,2514.7548,2519.2772
bike,2515.6593,2520.1817
bike,2516.5638,2521.0862
bike,2517.4682,2521.9906
bike,2518.3727,2522.8951
bike,2519.2772,2523.7996
bike,2520.1817,2524.7041
bike,2521.0862,2525.6086
bike,2521.9906,2526.5131
bike,2522.8951,2527.4176
bike,2523.7996,2528.3221
bike,2524.7041,2529.2266
bike,2525.6086,2530.1312
bike,2526.5131,2531.0357
bike,2527.4176,2531.9402
bike,2528.3221,2532.8448
bike,2529.2266,2533.7494
bike,2530.1312,2534.6539
bike,2531.0357,2535.5585
bike,2531.9402,2536.4631
bike,2532.8448,2537.3676
bike,2533.7494,2538.2722
bike,2534.6539,2539.1767
bike,2535.5585,2540.0813
bike,2536.4631,2540.9858
bike,2537.3676,2541.8903
bike,2538.2722,2542.7949
bike,2539.1767,2543.6993
bike,2540.0813,2544.6039
bike,2540.9858,2545.5083
bike,2541.8903,2546.4128
bike,2542.7949,2547.3173
bike,2543.6993,2548.2218
bike,2544.6039,2549.1263
bike,2545.5083,2550.0308
bike,2546.4128,2550.9353
bike,2547.3173,2551.8397
bike,2548.2218,2552.7442
bike,2549.1263,2553.6487
bike,2550.0308,2554.5532
bike,2550.9353,2555.4576
bike,2551.8397,2556.3621
bike,2552.7442,2557.2666
bike,2553.6487,2558.171
bike,2554.5532,2559.0755
bike,2555.4576,2559.98
bike,2556.3621,2560.8845
bike,2557.2666,2561.789
bike,2558.171,2562.6934
bike,2559.0755,2563.5978
bike,2559.98,2564.5023
bike,2560.8845,2565.4068
bike,2561.789,2566.3113
bike,2562.6934,2567.2157
bike,2563.5978,2568.1202
bike,2564.5023,2569.0247
bike,2565.4068,2569.9291
bike,2566.3113,2570.8336
bike,2567.2157,2571.7381
bike,2568.1202,2572.6425
bike,2569.0247,2573.547
bike,2569.9291,2574.4515
bike,2570.8336,2575.3559
bike,2571.7381,2576.2604
bike,2572.6425,2577.1648
bike,2573.547,2578.0693
bike,2574.4515,2578.9738
bike,2575.3559,2579.8782
bike,2576.2604,2580.7827
bike,2577.1648,2581.6872
bike,2578.0693,2582.5917
bike,2578.9738,2583.4962
bike,2579.8782,2584.4006
bike,2580.7827,2585.3051
bike,2581.6872,2586.2096
bike,2582.5917,2587.1141
bike,2583.4962,2588.0186
bike,2584.4006,2588.9231
bike,2585.3051,2589.8275
bike,2586.2096,2590.732
bike,2587.1141,2591.6365
bike,2588.0186,2592.5409
bike,2588.9231,2593.4454
bike,2589.8275,2594.3499
bike,2590.732,2595.2543
bike,2591.6365,2596.1588
bike,2592.5409,2597.0633
bike,2593.4454,2597.9677
bike,2594.3499,2598.8722
bike,2595.2543,2599.7767
bike,2596.1588,2600.6812
bike,2597.0633,2601.5856
bike,2597.9677,2602.4901
bike,2598.8722,2603.3946
bike,2599.7767,2604.299
bike,2600.6812,2605.2035
bike,2601.5856,2606.1079
bike,2602.4901,2607.0124
bike,2603.3946,2607.9169
bike,2604.299,2608.8213
bike,2605.2035,2609.7258
bike,2606.1079,2610.6302
bike,2607.0124,2611.5347
bike,2607.9169,2612.4392
bike,2608.8213,2613.3436
bike,2609.7258,2614.2481
bike,2610.6302,2615.1526
bike,2611.5347,2616.057
bike,2612.4392,2616.9615
bike,2613.3436,2617.8659
bike,2614.2481,2618.7704
bike,2615.1526,2619.6748
bike,2616.057,2620.5793
bike,2616.9615,2621.4838
bike,2617.8659,2622.3882
bike,2618.7704,2623.2927
bike,2619.6748,2624.1972
bike,2620.5793,2625.1016
bike,2621.4838,2626.0061
bike,2622.3882,2626.9105
bike,2623.2927,2627.815
bike,2624.1972,2628.7194
bike,2625.1016,2629.6239
bike,2626.0061,2630.5283
bike,2626.9105,2631.4328
bike,2627.815,2632.3372
bike,2628.7194,2633.2417
bike,2629.6239,2634.1462
bike,2630.5283,2635.0507
bike,2631.4328,2635.9551
bike,2632.3372,2636.8596
bike,2633.2417,2637.764
bike,2634.1462,2638.6685
bike,2635.0507,2639.5729
bike,2635.9551,2640.4774
bike,2636.8596,2641.3819
bike,2637.764,2642.2863
bike,2638.6685,2643.1908
bike,2639.5729,2644.0952
bike,2640.4774,2644.9997
bike,2641.3819,2645.9041
bike,2642.2863,2646.8086
bike,2643.1908,2647.713
bike,2644.0952,2648.6175
bike,2644.9997,2649.522
bike,2645.9041,2650.4264
bike,2646.8086,2651.3309
bike,2647.713,2652.2353
bike,2648.6175,2653.1398
bike,2649.522,2654.0442
bike,2650.4264,2654.9487
bike,2651.3309,2655.8531
bike,2652.2353,2656.7576
bike,2653.1398,2657.6621
bike,2654.0442,2658.5665
bike,2654.9487,2659.471
bike,2655.8531,2660.3754
bike,2656.7576,2661.2799
bike,2657.6621,2662.1844
bike,2658.5665,2663.0889
bike,2659.471,2663.9933
bike,2660.3754,2664.8978
bike,2661.2799,2665.8023
bike,2662.1844,2666.7067
bike,2663.0889,2667.6112
bike,2663.9933,2668.5157
bike,2664.8978,2669.4202
bike,2665.8023,2670.3246
bike,2666.7067,2671.2291
bike,2667.6112,2672.1336
bike,2668.5157,2673.038
bike,2669.4202,2673.9425
bike,2670.3246,2674.8469
bike,2671.2291,2675.7514
bike,2672.1336,2676.6559
bike,2673.038,2677.5603
bike,2673.9425,2678.4648
bike,2674.8469,2679.3692
bike,2675.7514,2680.2737
bike,2676.6559,2681.1781
bike,2677.5603,2682.0826
bike,2678.4648,2682.9871
bike,2679.3692,2683.8915
bike,2680.2737,2684.796
bike,2681.1781,2685.7005
bike,2682.0826,2686.6049
bike,2682.9871,2687.5094
bike,2683.8915,2688.4138
bike,2684.796,2689.3183
bike,2685.7005,2690.2227
bike,2686.6049,2691.1272
bike,2687.5094,2692.0316
bike,2688.4138,2692.9361
bike,2689.3183,2693.8406
bike,2690.2227,2694.745
bike,2691.1272,2695.6495
bike,2692.0316,2696.5539
bike,2692.9361,2697.4584
bike,2693.8406,2698.3628
bike,2694.745,2699.2673
bike,2695.6495,2700.1717
bike,2696.5539,2701.0762
bike,2697.4584,2701.9806
bike,2698.3628,2702.8851
bike,2699.2673,2703.7896
bike,2700.1717,2704.694
bike,2701.0762,2705.5985
bike,2701.9806,2706.5029
bike,2702.8851,2707.4074
bike,2703.7896,2708.3118
bike,2704.694,2709.2163
bike,2705.5985,2710.1207
bike,2706.5029,2711.0252
bike,2707.4074,2711.9296
bike,2708.3118,2712.8341
bike,2709.2163,2713.7386
bike,2710.1207,2714.643
bike,2711.0252,2715.5474
bike,2711.9296,2716.4519
bike,2712.8341,2717.3563
bike,2713.7386,2718.2608
bike,2714.643,2719.1653
bike,2715.5474,2720.0697
bike,2716.4519,2720.9742
bike,2717.3563,2721.8786
bike,2718.2608,2722.7831
bike,2719.1653,2723.6875
bike,2720.0697,2724.592
bike,2720.9742,2725.4964
bike,2721.8786,2726.4009
bike,2722.7831,2727.3053
bike,2723.6875,2728.2098
bike,2724.592,2729.1142
bike,2725.4964,2730.0187
bike,2726.4009,2730.9232
bike,2727.3053,2731.8276
bike,2728.2098,2732.732
bike,2729.1142,2733.6365
bike,2730.0187,2734.5409
bike,2730.9232,2735.4454
bike,2731.8276,2736.3498
bike,2732.732,2737.2543
bike,2733.6365,2738.1588
bike,2734.5409,2739.0632
bike,2735.4454,2739.9677
bike,2736.3498,2740.8721
bike,2737.2543,2741.7765
bike,2738.1588,2742.681
bike,2739.0632,2743.5855
bike,2739.9677,2744.4899
bike,2740.8721,2745.3944
bike,2741.7765,2746.2988
bike,2742.681,2747.2033
bike,2743.5855,2748.1077
bike,2744.4899,2749.0122
bike,2745.3944,2749.9166
bike,2746.2988,2750.821
bike,2747.2033,2751.7255
bike,2748.1077,2752.6299
bike,2749.0122,2753.5344
bike,2749.9166,2754.4389
bike,2750.821,2755.3433
bike,2751.7255,2756.2478
bike,2752.6299,2757.1522
bike,2753.5344,2758.0567
bike,2754.4389,2758.9611
bike,2755.3433,2759.8656
bike,2756.2478,2760.77
bike,2757.1522,2761.6745
bike,2758.0567,2762.5789
bike,2758.9611,2763.4834
bike,2759.8656,2764.3878
bike,2760.77,2765.2923
bike,2761.6745,2766.1967
bike,2762.5789,2767.1012
bike,2763.4834,2768.0056
bike,2764.3878,2768.9101
bike,2765.2923,2769.8145
bike,2766.1967,2770.719
bike,2767.1012,2771.6234
bike,2768.0056,2772.5279
bike,2768.9101,2773.4324
bike,2769.8145,2774.3368
bike,2770.719,2775.2412
bike,2771.6234,2776.1457
bike,2772.5279,2777.0502
bike,2773.4324,2777.9546
bike,2774.3368,2778.8591
bike,2775.2412,2779.7635
bike,2776.1457,2780.6679
bike,2777.0502,2781.5724
bike,2777.9546,2782.4769
bike,2778.8591,2783.3813
bike,2779.7635,2784.2858
bike,2780.6679,2785.1902
bike,2781.5724,2786.0947
bike,2782.4769,2786.9991
bike,2783.3813,2787.9036
bike,2784.2858,2788.808
bike,2785.1902,2789.7125
bike,2786.0947,2790.6169
bike,2786.9991,2791.5214
bike,2787.9036,2792.4258
bike,2788.808,2793.3303
bike,2789.7125,2794.2347
bike,2790.6169,2795.1392
bike,2791.5214,2796.0436
bike,2792.4258,2796.948
bike,2793.3303,2797.8525
bike,2794.2347,2798.7569
bike,2795.1392,2799.6614
bike,2796.0436,2800.5659
bike,2796.948,2801.4703
bike,2797.8525,2802.3747
bike,2798.7569,2803.2792
bike,2799.6614,2804.1836
bike,2800.5659,2805.0881
bike,2801.4703,2805.9925
bike,2802.3747,2806.897
bike,2803.2792,2807.8014
bike,2804.1836,2808.7059
bike,2805.0881,2809.6103
bike,2805.9925,2810.5148
bike,2806.897,2811.4192
bike,2807.8014,2812.3237
bike,2808.7059,2813.2281
bike,2809.6103,2814.1326
bike,2810.5148,2815.037
bike,2811.4192,2815.9415
bike,2812.3237,2816.8459
bike,2813.2281,2817.7504
bike,2814.1326,2818.6548
bike,2815.037,2819.5592
bike,2815.9415,2820.4637
bike,2816.8459,2821.3681
bike,2817.7504,2822.2726
bike,2818.6548,2823.177
bike,2819.5592,2824.0815
bike,2820.4637,2824.9859
bike,2821.3681,2825.8904
bike,2822.2726,2826.7948
bike,2823.177,2827.6993
bike,2824.0815,2828.6037
bike,2824.9859,2829.5082
bike,2825.8904,2830.4126
bike,2826.7948,2831.317
bike,2827.6993,2832.2215
bike,2828.6037,2833.126
bike,2829.5082,2834.0304
bike,2830.4126,2834.9349
bike,2831.317,2835.8393
bike,2832.2215,2836.7437
bike,2833.126,2837.6482
bike,2834.0304,2838.5527
bike,2834.9349,2839.4571
bike,2835.8393,2840.3615
bike,2836.7437,2841.266
bike,2837.6482,2842.1704
bike,2838.5527,2843.0749
bike,2839.4571,2843.9793
bike,2840.3615,2844.8838
bike,2841.266,2845.7882
bike,2842.1704,2846.6927
bike,2843.0749,2847.5971
bike,2843.9793,2848.5016
bike,2844.8838,2849.406
bike,2845.7882,2850.3105
bike,2846.6927,2851.2149
bike,2847.5971,2852.1194
bike,2848.5016,2853.0238
bike,2849.406,2853.9282
bike,2850.3105,2854.8327
bike,2851.2149,2855.7372
bike,2852.1194,2856.6416
bike,2853.0238,2857.546
bike,2853.9282,2858.4505
bike,2854.8327,2859.3549
bike,2855.7372,2860.2594
bike,2856.6416,2861.1638
bike,2857.546,2862.0683
bike,2858.4505,2862.9727
bike,2859.3549,2863.8772
bike,2860.2594,2864.7816
bike,2861.1638,2865.6861
bike,2862.0683,2866.5905
bike,2862.9727,2867.495
bike,2863.8772,2868.3994
bike,2864.7816,2869.3039
bike,2865.6861,2870.2083
bike,2866.5905,2871.1128
bike,2867.495,2872.0172
bike,2868.3994,2872.9217
bike,2869.3039,2873.8261
bike,2870.2083,2874.7305
bike,2871.1128,2875.635
bike,2872.0172,2876.5394
bike,2872.9217,2877.4439
bike,2873.8261,2878.3483
bike,2874.7305,2879.2528
bike,2875.635,2880.1572
bike,2876.5394,2881.0617
bike,2877.4439,2881.9661
bike,2878.3483,2882.8706
bike,2879.2528,2883.775
bike,2880.1572,2884.6795
bike,2881.0617,2885.5839
bike,2881.9661,2886.4884
bike,2882.8706,2887.3928
bike,2883.775,2888.2972
transition,2884.6795,2889.2017
transition,2885.5839,2890.1062
transition,2886.4884,2891.0106
transition,2887.3928,2891.9151
bike,2888.2972,2892.8195
bike,2889.2017,2893.7239
bike,2890.1062,2894.6284
bike,2891.0106,2895.5328
bike,2891.9151,2896.4373
bike,2892.8195,2897.3417
bike,2893.7239,2898.2462
bike,2894.6284,2899.1506
bike,2895.5328,2900.0551
bike,2896.4373,2900.9595
bike,2897.3417,2901.8639
bike,2898.2462,2902.7684
bike,2899.1506,2903.6729
bike,2900.0551,2904.5773
bike,2900.9595,2905.4818
bike,2901.8639,2906.3862
bike,2902.7684,2907.2907
bike,2903.6729,2908.1951
bike,2904.5773,2909.0996
bike,2905.4818,2910.004
bike,2906.3862,2910.9084
bike,2907.2907,2911.8129
bike,2908.1951,2912.7173
bike,2909.0996,2913.6218
bike,2910.004,2914.5262
bike,2910.9084,2915.4307
bike,2911.8129,2916.3351
bike,2912.7173,2917.2396
bike,2913.6218,2918.144
bike,2914.5262,2919.0485
bike,2915.4307,2919.9529
bike,2916.3351,2920.8574
bike,2917.2396,2921.7618
bike,2918.144,2922.6663
bike,2919.0485,2923.5707
bike,2919.9529,2924.4752
bike,2920.8574,2925.3796
bike,2921.7618,2926.2841
bike,2922.6663,2927.1885
bike,2923.5707,2928.0929
bike,2924.4752,2928.9974
bike,2925.3796,2929.9018
bike,2926.2841,2930.8063
bike,2927.1885,2931.7107
bike,2928.0929,2932.6152
bike,2928.9974,2933.5196
bike,2929.9018,2934.4241
bike,2930.8063,2935.3285
bike,2931.7107,2936.233
transition,2932.6152,2937.1374
bike,2933.5196,2938.0419
bike,2934.4241,2938.9463
bike,2935.3285,2939.8508
bike,2936.233,2940.7552
bike,2937.1374,2941.6597
bike,2938.0419,2942.5641
bike,2938.9463,2943.4686
bike,2939.8508,2944.373
bike,2940.7552,2945.2775
bike,2941.6597,2946.1819
bike,2942.5641,2947.0864
bike,2943.4686,2947.9908
bike,2944.373,2948.8953
bike,2945.2775,2949.7997
bike,2946.1819,2950.7041
bike,2947.0864,2951.6086
bike,2947.9908,2952.5131
bike,2948.8953,2953.4175
bike,2949.7997,2954.3219
bike,2950.7041,2955.2264
bike,2951.6086,2956.1309
bike,2952.5131,2957.0353
bike,2953.4175,2957.9397
bike,2954.3219,2958.8442
bike,2955.2264,2959.7486
bike,2956.1309,2960.6531
bike,2957.0353,2961.5575
bike,2957.9397,2962.462
bike,2958.8442,2963.3664
bike,2959.7486,2964.2709
bike,2960.6531,2965.1753
bike,2961.5575,2966.0798
bike,2962.462,2966.9842
bike,2963.3664,2967.8887
bike,2964.2709,2968.7931
bike,2965.1753,2969.6976
bike,2966.0798,2970.602
bike,2966.9842,2971.5065
bike,2967.8887,2972.4109
bike,2968.7931,2973.3154
bike,2969.6976,2974.2198
bike,2970.602,2975.1243
bike,2971.5065,2976.0287
bike,2972.4109,2976.9331
bike,2973.3154,2977.8376
bike,2974.2198,2978.7421
bike,2975.1243,2979.6465
bike,2976.0287,2980.551
bike,2976.9331,2981.4554
bike,2977.8376,2982.3598
bike,2978.7421,2983.2643
bike,2979.6465,2984.1688
bike,2980.551,2985.0732
bike,2981.4554,2985.9776
bike,2982.3598,2986.8821
bike,2983.2643,2987.7865
bike,2984.1688,2988.691
bike,2985.0732,2989.5955
bike,2985.9776,2990.4999
bike,2986.8821,2991.4044
bike,2987.7865,2992.3088
bike,2988.691,2993.2132
bike,2989.5955,2994.1177
bike,2990.4999,2995.0221
bike,2991.4044,2995.9266
bike,2992.3088,2996.831
bike,2993.2132,2997.7355
bike,2994.1177,2998.6399
bike,2995.0221,2999.5444
bike,2995.9266,3000.4488
bike,2996.831,3001.3533
bike,2997.7355,3002.2577
bike,2998.6399,3003.1622
bike,2999.5444,3004.0666
bike,3000.4488,3004.971
bike,3001.3533,3005.8755
bike,3002.2577,3006.78
bike,3003.1622,3007.6844
bike,3004.0666,3008.5889
bike,3004.971,3009.4933
bike,3005.8755,3010.3977
bike,3006.78,3011.3022
bike,3007.6844,3012.2067
bike,3008.5889,3013.1111
bike,3009.4933,3014.0155
bike,3010.3977,3014.92
bike,3011.3022,3015.8244
bike,3012.2067,3016.7289
bike,3013.1111,3017.6333
bike,3014.0155,3018.5378
bike,3014.92,3019.4422
bike,3015.8244,3020.3467
bike,3016.7289,3021.2511
bike,3017.6333,3022.1556
bike,3018.5378,3023.06
bike,3019.4422,3023.9644
bike,3020.3467,3024.8689
bike,3021.2511,3025.7734
bike,3022.1556,3026.6778
bike,3023.06,3027.5822
bike,3023.9644,3028.4867
bike,3024.8689,3029.3911
bike,3025.7734,3030.2956
bike,3026.6778,3031.2
bike,3027.5822,3032.1045
bike,3028.4867,3033.0089
bike,3029.3911,3033.9133
bike,3030.2956,3034.8178
bike,3031.2,3035.7223
bike,3032.1045,3036.6267
bike,3033.0089,3037.5312
bike,3033.9133,3038.4356
bike,3034.8178,3039.34
bike,3035.7223,3040.2445
bike,3036.6267,3041.149
bike,3037.5312,3042.0534
bike,3038.4356,3042.9578
bike,3039.34,3043.8623
bike,3040.2445,3044.7667
bike,3041.149,3045.6712
bike,3042.0534,3046.5757
bike,3042.9578,3047.4801
bike,3043.8623,3048.3846
bike,3044.7667,3049.2891
bike,3045.6712,3050.1935
bike,3046.5757,3051.098
bike,3047.4801,3052.0025
bike,3048.3846,3052.9069
bike,3049.2891,3053.8114
bike,3050.1935,3054.7158
bike,3051.098,3055.6203
bike,3052.0025,3056.5247
bike,3052.9069,3057.4292
bike,3053.8114,3058.3337
bike,3054.7158,3059.2381
bike,3055.6203,3060.1426
bike,3056.5247,3061.047
bike,3057.4292,3061.9515
bike,3058.3337,3062.8559
bike,3059.2381,3063.7604
bike,3060.1426,3064.6648
bike,3061.047,3065.5693
bike,3061.9515,3066.4737
bike,3062.8559,3067.3782
bike,3063.7604,3068.2827
bike,3064.6648,3069.1871
bike,3065.5693,3070.0915
transition,3066.4737,3070.996
transition,3067.3782,3071.9004
transition,3068.2827,3072.8049
transition,3069.1871,3073.7094
transition,3070.0915,3074.6138
bike,3070.996,3075.5183
bike,3071.9004,3076.4227
bike,3072.8049,3077.3272
bike,3073.7094,3078.2316
bike,3074.6138,3079.1361
bike,3075.5183,3080.0405
bike,3076.4227,3080.945
bike,3077.3272,3081.8494
bike,3078.2316,3082.7539
bike,3079.1361,3083.6583
bike,3080.0405,3084.5628
bike,3080.945,3085.4672
bike,3081.8494,3086.3717
bike,3082.7539,3087.2761
bike,3083.6583,3088.1806
bike,3084.5628,3089.085
bike,3085.4672,3089.9895
bike,3086.3717,3090.8939
bike,3087.2761,3091.7984
bike,3088.1806,3092.7028
bike,3089.085,3093.6073
bike,3089.9895,3094.5117
bike,3090.8939,3095.4162
bike,3091.7984,3096.3206
bike,3092.7028,3097.2251
bike,3093.6073,3098.1295
bike,3094.5117,3099.034
bike,3095.4162,3099.9384
bike,3096.3206,3100.8429
bike,3097.2251,3101.7474
bike,3098.1295,3102.6518
bike,3099.034,3103.5562
bike,3099.9384,3104.4607
bike,3100.8429,3105.3651
bike,3101.7474,3106.2696
bike,3102.6518,3107.1741
bike,3103.5562,3108.0785
bike,3104.4607,3108.983
bike,3105.3651,3109.8874
bike,3106.2696,3110.7919
bike,3107.1741,3111.6963
bike,3108.0785,3112.6008
bike,3108.983,3113.5052
transition,3109.8874,3114.4097
bike,3110.7919,3115.3141
bike,3111.6963,3116.2186
bike,3112.6008,3117.123
bike,3113.5052,3118.0275
swim,3114.4097,3118.9319
transition,3115.3141,3119.8364
swim,3116.2186,3120.7409
swim,3117.123,3121.6453
swim,3118.0275,3122.5497
swim,3118.9319,3123.4542
swim,3119.8364,3124.3587
swim,3120.7409,3125.2631
swim,3121.6453,3126.1676
swim,3122.5497,3127.0721
swim,3123.4542,3127.9765
swim,3124.3587,3128.881
bike,3125.2631,3129.7855
bike,3126.1676,3130.69
bike,3127.0721,3131.5945
bike,3127.9765,3132.499
swim,3128.881,3133.4035
swim,3129.7855,3134.308
swim,3130.69,3135.2125
swim,3131.5945,3136.117
swim,3132.499,3137.0215
swim,3133.4035,3137.926
swim,3134.308,3138.8305
swim,3135.2125,3139.735
swim,3136.117,3140.6395
swim,3137.0215,3141.544
swim,3137.926,3142.4486
run,3138.8305,3143.3531
run,3139.735,3144.2576
run,3140.6395,3145.1621
run,3141.544,3146.0666
run,3142.4486,3146.9711
run,3143.3531,3147.8756
run,3144.2576,3148.7801
run,3145.1621,3149.6847
run,3146.0666,3150.5891
run,3146.9711,3151.4937
run,3147.8756,3152.3982
run,3148.7801,3153.3026
run,3149.6847,3154.2071
run,3150.5891,3155.1116
run,3151.4937,3156.0161
run,3152.3982,3156.9206
run,3153.3026,3157.8251
run,3154.2071,3158.7296
run,3155.1116,3159.634
run,3156.0161,3160.5385
run,3156.9206,3161.443
run,3157.8251,3162.3475
run,3158.7296,3163.252
run,3159.634,3164.1565
run,3160.5385,3165.061
run,3161.443,3165.9654
run,3162.3475,3166.8699
run,3163.252,3167.7744
run,3164.1565,3168.6789
run,3165.061,3169.5833
run,3165.9654,3170.4878
run,3166.8699,3171.3923
run,3167.7744,3172.2968
run,3168.6789,3173.2012
run,3169.5833,3174.1057
run,3170.4878,3175.0102
run,3171.3923,3175.9147
run,3172.2968,3176.8191
run,3173.2012,3177.7236
run,3174.1057,3178.6281
run,3175.0102,3179.5326
run,3175.9147,3180.437
run,3176.8191,3181.3415
run,3177.7236,3182.2459
run,3178.6281,3183.1504
run,3179.5326,3184.0549
run,3180.437,3184.9594
run,3181.3415,3185.8638
run,3182.2459,3186.7683
run,3183.1504,3187.6728
run,3184.0549,3188.5773
run,3184.9594,3189.4817
run,3185.8638,3190.3862
run,3186.7683,3191.2906
run,3187.6728,3192.1951
run,3188.5773,3193.0996
run,3189.4817,3194.004
run,3190.3862,3194.9086
run,3191.2906,3195.813
run,3192.1951,3196.7175
run,3193.0996,3197.622
run,3194.004,3198.5264
run,3194.9086,3199.4309
run,3195.813,3200.3354
run,3196.7175,3201.2398
run,3197.622,3202.1443
run,3198.5264,3203.0488
run,3199.4309,3203.9533
run,3200.3354,3204.8579
run,3201.2398,3205.7623
run,3202.1443,3206.6668
run,3203.0488,3207.5714
run,3203.9533,3208.4759
run,3204.8579,3209.3804
run,3205.7623,3210.2849
run,3206.6668,3211.1894
run,3207.5714,3212.0939
run,3208.4759,3212.9985
run,3209.3804,3213.903
run,3210.2849,3214.8076
run,3211.1894,3215.7121
run,3212.0939,3216.6166
run,3212.9985,3217.5212
run,3213.903,3218.4257
run,3214.8076,3219.3302
run,3215.7121,3220.2347
run,3216.6166,3221.1392
run,3217.5212,3222.0437
run,3218.4257,3222.9482
run,3219.3302,3223.8527
run,3220.2347,3224.7572
run,3221.1392,3225.6617
run,3222.0437,3226.5662
run,3222.9482,3227.4707
run,3223.8527,3228.3752
run,3224.7572,3229.2797
run,3225.6617,3230.1842
run,3226.5662,3231.0887
run,3227.4707,3231.9932
run,3228.3752,3232.8977
run,3229.2797,3233.8022
run,3230.1842,3234.7066
run,3231.0887,3235.6111
run,3231.9932,3236.5156
run,3232.8977,3237.4201
run,3233.8022,3238.3246
run,3234.7066,3239.229
run,3235.6111,3240.1335
run,3236.5156,3241.038
run,3237.4201,3241.9425
run,3238.3246,3242.8469
run,3239.229,3243.7514
run,3240.1335,3244.6559
run,3241.038,3245.5604
run,3241.9425,3246.4649
run,3242.8469,3247.3693
run,3243.7514,3248.2738
run,3244.6559,3249.1783
run,3245.5604,3250.0828
run,3246.4649,3250.9872
run,3247.3693,3251.8917
run,3248.2738,3252.7962
run,3249.1783,3253.7007
run,3250.0828,3254.6051
run,3250.9872,3255.5096
run,3251.8917,3256.4141
run,3252.7962,3257.3186
run,3253.7007,3258.223
run,3254.6051,3259.1275
run,3255.5096,3260.032
run,3256.4141,3260.9365
run,3257.3186,3261.841
run,3258.223,3262.7454
run,3259.1275,3263.6499
run,3260.032,3264.5544
run,3260.9365,3265.4589
run,3261.841,3266.3634
run,3262.7454,3267.2678
run,3263.6499,3268.1723
run,3264.5544,3269.0768
run,3265.4589,3269.9812
run,3266.3634,3270.8857
run,3267.2678,3271.7902
run,3268.1723,3272.6947
run,3269.0768,3273.5992
run,3269.9812,3274.5036
run,3270.8857,3275.4081
run,3271.7902,3276.3125
run,3272.6947,3277.217
run,3273.5992,3278.1215
run,3274.5036,3279.026
run,3275.4081,3279.9305
run,3276.3125,3280.8349
run,3277.217,3281.7394
run,3278.1215,3282.6439
run,3279.026,3283.5484
run,3279.9305,3284.4529
run,3280.8349,3285.3573
run,3281.7394,3286.2618
run,3282.6439,3287.1662
run,3283.5484,3288.0707
run,3284.4529,3288.9752
run,3285.3573,3289.8797
run,3286.2618,3290.7842
run,3287.1662,3291.6886
run,3288.0707,3292.5931
run,3288.9752,3293.4976
run,3289.8797,3294.402
run,3290.7842,3295.3065
run,3291.6886,3296.211
run,3292.5931,3297.1155
run,3293.4976,3298.0199
run,3294.402,3298.9244
run,3295.3065,3299.8289
run,3296.211,3300.7334
run,3297.1155,3301.6379
run,3298.0199,3302.5423
run,3298.9244,3303.4468
run,3299.8289,3304.3512
run,3300.7334,3305.2557
run,3301.6379,3306.1602
run,3302.5423,3307.0647
run,3303.4468,3307.9692
run,3304.3512,3308.8736
run,3305.2557,3309.7781
run,3306.1602,3310.6826
run,3307.0647,3311.5871
run,3307.9692,3312.4915
run,3308.8736,3313.396
run,3309.7781,3314.3005
run,3310.6826,3315.2049
run,3311.5871,3316.1094
run,3312.4915,3317.0139
run,3313.396,3317.9184
run,3314.3005,3318.8229
run,3315.2049,3319.7273
run,3316.1094,3320.6318
run,3317.0139,3321.5363
run,3317.9184,3322.4408
run,3318.8229,3323.3453
run,3319.7273,3324.2497
run,3320.6318,3325.1542
run,3321.5363,3326.0587
run,3322.4408,3326.9631
run,3323.3453,3327.8676
run,3324.2497,3328.7721
run,3325.1542,3329.6766
run,3326.0587,3330.5811
run,3326.9631,3331.4855
run,3327.8676,3332.39
run,3328.7721,3333.2945
run,3329.6766,3334.199
run,3330.5811,3335.1035
run,3331.4855,3336.008
run,3332.39,3336.9124
run,3333.2945,3337.8169
run,3334.199,3338.7214
run,3335.1035,3339.6259
run,3336.008,3340.5303
run,3336.9124,3341.4348
run,3337.8169,3342.3393
run,3338.7214,3343.2438
run,3339.6259,3344.1482
swim,3340.5303,3345.0527
swim,3341.4348,3345.9572
swim,3342.3393,3346.8617
swim,3343.2438,3347.7662
swim,3344.1482,3348.6707
swim,3345.0527,3349.5751
swim,3345.9572,3350.4796
swim,3346.8617,3351.3841
swim,3347.7662,3352.2885
swim,3348.6707,3353.193
swim,3349.5751,3354.0975
swim,3350.4796,3355.002
run,3351.3841,3355.9065
run,3352.2885,3356.8109
run,3353.193,3357.7154
run,3354.0975,3358.6199
run,3355.002,3359.5244
run,3355.9065,3360.4288
run,3356.8109,3361.3334
run,3357.7154,3362.2379
run,3358.6199,3363.1424
run,3359.5244,3364.0469
run,3360.4288,3364.9514
run,3361.3334,3365.856
run,3362.2379,3366.7605
run,3363.1424,3367.6651
run,3364.0469,3368.5696
run,3364.9514,3369.4742
run,3365.856,3370.3787
run,3366.7605,3371.2832
run,3367.6651,3372.1878
run,3368.5696,3373.0923
run,3369.4742,3373.9969
run,3370.3787,3374.9014
run,3371.2832,3375.806
run,3372.1878,3376.7105
run,3373.0923,3377.615
run,3373.9969,3378.5196
run,3374.9014,3379.4241
run,3375.806,3380.3286
run,3376.7105,3381.2331
run,3377.615,3382.1376
run,3378.5196,3383.0421
run,3379.4241,3383.9466
run,3380.3286,3384.8511
run,3381.2331,3385.7556
run,3382.1376,3386.6601
run,3383.0421,3387.5646
run,3383.9466,3388.4691
run,3384.8511,3389.3736
run,3385.7556,3390.2781
run,3386.6601,3391.1826
run,3387.5646,3392.0871
run,3388.4691,3392.9916
run,3389.3736,3393.896
run,3390.2781,3394.8005
run,3391.1826,3395.705
run,3392.0871,3396.6095
run,3392.9916,3397.514
run,3393.896,3398.4185
run,3394.8005,3399.323
run,3395.705,3400.2275
run,3396.6095,3401.132
run,3397.514,3402.0365
run,3398.4185,3402.9409
run,3399.323,3403.8454
run,3400.2275,3404.7499
run,3401.132,3405.6544
run,3402.0365,3406.5589
run,3402.9409,3407.4634
run,3403.8454,3408.3679
run,3404.7499,3409.2723
run,3405.6544,3410.1768
run,3406.5589,3411.0813
run,3407.4634,3411.9858
run,3408.3679,3412.8903
run,3409.2723,3413.7948
run,3410.1768,3414.6993
run,3411.0813,3415.6038
run,3411.9858,3416.5083
run,3412.8903,3417.4128
run,3413.7948,3418.3173
run,3414.6993,3419.2217
run,3415.6038,3420.1262
run,3416.5083,3421.0307
run,3417.4128,3421.9352
run,3418.3173,3422.8397
run,3419.2217,3423.7442
run,3420.1262,3424.6487
run,3421.0307,3425.5532
run,3421.9352,3426.4578
run,3422.8397,3427.3623
run,3423.7442,3428.2669
run,3424.6487,3429.1714
run,3425.5532,3430.0759
run,3426.4578,3430.9805
run,3427.3623,3431.885
run,3428.2669,3432.7896
run,3429.1714,3433.6941
run,3430.0759,3434.5986
run,3430.9805,3435.5031
run,3431.885,3436.4076
run,3432.7896,3437.3121
run,3433.6941,3438.2166
run,3434.5986,3439.1211
run,3435.5031,3440.0257
run,3436.4076,3440.9302
run,3437.3121,3441.8346
run,3438.2166,3442.7392
run,3439.1211,3443.6437
run,3440.0257,3444.5482
run,3440.9302,3445.4526
run,3441.8346,3446.3572
run,3442.7392,3447.2616
run,3443.6437,3448.1661
run,3444.5482,3449.0706
run,3445.4526,3449.9751
run,3446.3572,3450.8796
run,3447.2616,3451.7841
run,3448.1661,3452.6886
run,3449.0706,3453.5931
run,3449.9751,3454.4976
run,3450.8796,3455.4021
run,3451.7841,3456.3066
run,3452.6886,3457.2111
run,3453.5931,3458.1156
run,3454.4976,3459.0201
run,3455.4021,3459.9246
run,3456.3066,3460.8291
run,3457.2111,3461.7336
run,3458.1156,3462.6381
run,3459.0201,3463.5426
run,3459.9246,3464.4471
run,3460.8291,3465.3515
run,3461.7336,3466.256
run,3462.6381,3467.1605
run,3463.5426,3468.0651
run,3464.4471,3468.9695
run,3465.3515,3469.874
run,3466.256,3470.7785
run,3467.1605,3471.683
run,3468.0651,3472.5875
run,3468.9695,3473.492
run,3469.874,3474.3965
run,3470.7785,3475.301
run,3471.683,3476.2055
run,3472.5875,3477.11
run,3473.492,3478.0145
run,3474.3965,3478.919
run,3475.301,3479.8235
run,3476.2055,3480.728
run,3477.11,3481.6324
run,3478.0145,3482.5369
run,3478.919,3483.4415
run,3479.8235,3484.3459
run,3480.728,3485.2504
run,3481.6324,3486.1549
run,3482.5369,3487.0594
run,3483.4415,3487.9639
run,3484.3459,3488.8684
run,3485.2504,3489.7729
run,3486.1549,3490.6774
run,3487.0594,3491.5819
run,3487.9639,3492.4864
run,3488.8684,3493.3909
run,3489.7729,3494.2954
run,3490.6774,3495.1999
run,3491.5819,3496.1045
run,3492.4864,3497.009
run,3493.3909,3497.9136
run,3494.2954,3498.8181
run,3495.1999,3499.7227
run,3496.1045,3500.6272
run,3497.009,3501.5318
run,3497.9136,3502.4363
run,3498.8181,3503.3409
run,3499.7227,3504.2454
run,3500.6272,3505.1499
run,3501.5318,3506.0545
run,3502.4363,3506.959
run,3503.3409,3507.8635
run,3504.2454,3508.768
run,3505.1499,3509.6725
run,3506.0545,3510.577
run,3506.959,3511.4816
run,3507.8635,3512.3861
run,3508.768,3513.2906
run,3509.6725,3514.1951
run,3510.577,3515.0996
run,3511.4816,3516.0041
run,3512.3861,3516.9086
run,3513.2906,3517.8131
run,3514.1951,3518.7176
run,3515.0996,3519.6221
run,3516.0041,3520.5266
run,3516.9086,3521.4312
run,3517.8131,3522.3356
run,3518.7176,3523.2402
run,3519.6221,3524.1447
run,3520.5266,3525.0492
run,3521.4312,3525.9537
run,3522.3356,3526.8582
run,3523.2402,3527.7627
run,3524.1447,3528.6672
run,3525.0492,3529.5717
run,3525.9537,3530.4762
run,3526.8582,3531.3807
run,3527.7627,3532.2852
run,3528.6672,3533.1897
run,3529.5717,3534.0942
run,3530.4762,3534.9987
run,3531.3807,3535.9032
run,3532.2852,3536.8077
run,3533.1897,3537.7122
run,3534.0942,3538.6167
run,3534.9987,3539.5212
run,3535.9032,3540.4257
run,3536.8077,3541.3302
run,3537.7122,3542.2347
run,3538.6167,3543.1392
run,3539.5212,3544.0437
run,3540.4257,3544.9482
run,3541.3302,3545.8527
run,3542.2347,3546.7572
run,3543.1392,3547.6617
run,3544.0437,3548.5662
run,3544.9482,3549.4707
run,3545.8527,3550.3752
run,3546.7572,3551.2797
run,3547.6617,3552.1842
run,3548.5662,3553.0887
run,3549.4707,3553.9932
run,3550.3752,3554.8977
run,3551.2797,3555.8023
run,3552.1842,3556.7067
run,3553.0887,3557.6112
run,3553.9932,3558.5158
run,3554.8977,3559.4203
run,3555.8023,3560.3248
run,3556.7067,3561.2294
run,3557.6112,3562.1339
run,3558.5158,3563.0385
run,3559.4203,3563.943
run,3560.3248,3564.8475
run,3561.2294,3565.752
run,3562.1339,3566.6565
run,3563.0385,3567.5611
run,3563.943,3568.4656
run,3564.8475,3569.3701
run,3565.752,3570.2746
run,3566.6565,3571.1791
run,3567.5611,3572.0836
run,3568.4656,3572.9881
run,3569.3701,3573.8926
run,3570.2746,3574.7971
run,3571.1791,3575.7017
run,3572.0836,3576.6062
run,3572.9881,3577.5107
run,3573.8926,3578.4152
run,3574.7971,3579.3197
run,3575.7017,3580.2242
run,3576.6062,3581.1287
run,3577.5107,3582.0332
run,3578.4152,3582.9377
run,3579.3197,3583.8422
run,3580.2242,3584.7467
run,3581.1287,3585.6512
run,3582.0332,3586.5557
run,3582.9377,3587.4602
run,3583.8422,3588.3648
run,3584.7467,3589.2692
run,3585.6512,3590.1738
run,3586.5557,3591.0783
run,3587.4602,3591.9828
run,3588.3648,3592.8873
run,3589.2692,3593.7918
run,3590.1738,3594.6963
run,3591.0783,3595.6008
run,3591.9828,3596.5053
run,3592.8873,3597.4098
run,3593.7918,3598.3143
run,3594.6963,3599.2188
run,3595.6008,3600.1233
run,3596.5053,3601.0278
run,3597.4098,3601.9323
run,3598.3143,3602.8368
run,3599.2188,3603.7413
run,3600.1233,3604.6458
run,3601.0278,3605.5503
run,3601.9323,3606.4548
run,3602.8368,3607.3593
run,3603.7413,3608.2638
run,3604.6458,3609.1683
run,3605.5503,3610.0728
run,3606.4548,3610.9774
run,3607.3593,3611.8818
run,3608.2638,3612.7864
run,3609.1683,3613.6908
run,3610.0728,3614.5954
run,3610.9774,3615.4999
run,3611.8818,3616.4044
run,3612.7864,3617.3089
run,3613.6908,3618.2134
run,3614.5954,3619.1179
run,3615.4999,3620.0224
run,3616.4044,3620.9269
run,3617.3089,3621.8314
run,3618.2134,3622.7359
run,3619.1179,3623.6404
run,3620.0224,3624.5449
run,3620.9269,3625.4494
run,3621.8314,3626.3539
run,3622.7359,3627.2584
run,3623.6404,3628.1629
run,3624.5449,3629.0675
run,3625.4494,3629.972
run,3626.3539,3630.8765
run,3627.2584,3631.781
run,3628.1629,3632.6856
run,3629.0675,3633.5901
run,3629.972,3634.4946
run,3630.8765,3635.3991
run,3631.781,3636.3036
run,3632.6856,3637.2082
run,3633.5901,3638.1127
run,3634.4946,3639.0172
run,3635.3991,3639.9217
run,3636.3036,3640.8262
run,3637.2082,3641.7307
run,3638.1127,3642.6353
run,3639.0172,3643.5397
run,3639.9217,3644.4442
run,3640.8262,3645.3488
run,3641.7307,3646.2533
run,3642.6353,3647.1578
run,3643.5397,3648.0623
run,3644.4442,3648.9668
run,3645.3488,3649.8713
run,3646.2533,3650.7758
run,3647.1578,3651.6803
run,3648.0623,3652.5848
run,3648.9668,3653.4893
run,3649.8713,3654.3939
run,3650.7758,3655.2984
run,3651.6803,3656.2029
run,3652.5848,3657.1074
run,3653.4893,3658.0119
run,3654.3939,3658.9164
run,3655.2984,3659.8209
run,3656.2029,3660.7254
run,3657.1074,3661.6299
run,3658.0119,3662.5345
run,3658.9164,3663.439
run,3659.8209,3664.3435
run,3660.7254,3665.2481
run,3661.6299,3666.1526
run,3662.5345,3667.0572
run,3663.439,3667.9617
run,3664.3435,3668.8663
run,3665.2481,3669.7708
run,3666.1526,3670.6753
run,3667.0572,3671.5798
run,3667.9617,3672.4844
run,3668.8663,3673.3889
run,3669.7708,3674.2934
run,3670.6753,3675.1979
run,3671.5798,3676.1024
run,3672.4844,3677.007
run,3673.3889,3677.9115
run,3674.2934,3678.816
run,3675.1979,3679.7205
run,3676.1024,3680.625
run,3677.007,3681.5296
run,3677.9115,3682.4341
run,3678.816,3683.3386
run,3679.7205,3684.2431
run,3680.625,3685.1476
run,3681.5296,3686.0521
run,3682.4341,3686.9566
run,3683.3386,3687.8611
run,3684.2431,3688.7656
run,3685.1476,3689.6702
run,3686.0521,3690.5747
run,3686.9566,3691.4792
run,3687.8611,3692.3837
run,3688.7656,3693.2882
run,3689.6702,3694.1927
run,3690.5747,3695.0972
run,3691.4792,3696.0017
run,3692.3837,3696.9062
run,3693.2882,3697.8107
run,3694.1927,3698.7152
run,3695.0972,3699.6197
run,3696.0017,3700.5242
run,3696.9062,3701.4288
run,3697.8107,3702.3332
run,3698.7152,3703.2378
run,3699.6197,3704.1423
run,3700.5242,3705.0468
run,3701.4288,3705.9513
run,3702.3332,3706.8558
run,3703.2378,3707.7603
run,3704.1423,3708.6648
run,3705.0468,3709.5693
run,3705.9513,3710.4738
run,3706.8558,3711.3783
run,3707.7603,3712.2828
run,3708.6648,3713.1873
run,3709.5693,3714.0918
run,3710.4738,3714.9964
run,3711.3783,3715.9008
run,3712.2828,3716.8053
run,3713.1873,3717.7099
run,3714.0918,3718.6143
run,3714.9964,3719.5189
run,3715.9008,3720.4234
run,3716.8053,3721.3279
run,3717.7099,3722.2323
run,3718.6143,3723.1369
run,3719.5189,3724.0414
run,3720.4234,3724.9459
run,3721.3279,3725.8504
run,3722.2323,3726.7549
run,3723.1369,3727.6594
run,3724.0414,3728.5639
run,3724.9459,3729.4684
run,3725.8504,3730.3729
run,3726.7549,3731.2774
run,3727.6594,3732.1819
run,3728.5639,3733.0864
run,3729.4684,3733.9909
run,3730.3729,3734.8954
run,3731.2774,3735.7999
run,3732.1819,3736.7044
run,3733.0864,3737.6089
run,3733.9909,3738.5134
run,3734.8954,3739.4179
run,3735.7999,3740.3224
run,3736.7044,3741.2269
run,3737.6089,3742.1314
run,3738.5134,3743.0359
run,3739.4179,3743.9404
run,3740.3224,3744.8449
run,3741.2269,3745.7494
run,3742.1314,3746.6539
run,3743.0359,3747.5584
run,3743.9404,3748.4629
run,3744.8449,3749.3674
run,3745.7494,3750.2719
run,3746.6539,3751.1764
run,3747.5584,3752.0809
run,3748.4629,3752.9854
run,3749.3674,3753.8899
run,3750.2719,3754.7944
run,3751.1764,3755.6989
run,3752.0809,3756.6034
run,3752.9854,3757.5079
run,3753.8899,3758.4125
run,3754.7944,3759.3169
run,3755.6989,3760.2215
run,3756.6034,3761.126
run,3757.5079,3762.0304
run,3758.4125,3762.9349
run,3759.3169,3763.8394
run,3760.2215,3764.7439
run,3761.126,3765.6484
run,3762.0304,3766.553
run,3762.9349,3767.4575
run,3763.8394,3768.3619
run,3764.7439,3769.2664
run,3765.6484,3770.171
run,3766.553,3771.0755
run,3767.4575,3771.98
run,3768.3619,3772.8845
run,3769.2664,3773.789
run,3770.171,3774.6935
run,3771.0755,3775.598
run,3771.98,3776.5025
run,3772.8845,3777.407
run,3773.789,3778.3115
run,3774.6935,3779.2159
run,3775.598,3780.1205
run,3776.5025,3781.025
run,3777.407,3781.9295
run,3778.3115,3782.8339
run,3779.2159,3783.7385
run,3780.1205,3784.643
run,3781.025,3785.5475
run,3781.9295,3786.452
run,3782.8339,3787.3565
run,3783.7385,3788.261
run,3784.643,3789.1655
run,3785.5475,3790.07
run,3786.452,3790.9745
run,3787.3565,3791.879
run,3788.261,3792.7835
run,3789.1655,3793.688
run,3790.07,3794.5925
run,3790.9745,3795.497
run,3791.879,3796.4015
run,3792.7835,3797.306
run,3793.688,3798.2105
run,3794.5925,3799.115
run,3795.497,3800.0195
run,3796.4015,3800.924
run,3797.306,3801.8285
run,3798.2105,3802.733
run,3799.115,3803.6375
run,3800.0195,3804.542
run,3800.924,3805.4465
run,3801.8285,3806.351
run,3802.733,3807.2555
run,3803.6375,3808.1601
run,3804.542,3809.0646
run,3805.4465,3809.9691
run,3806.351,3810.8735
run,3807.2555,3811.7781
run,3808.1601,3812.6825
run,3809.0646,3813.5871
run,3809.9691,3814.4916
run,3810.8735,3815.3961
run,3811.7781,3816.3006
run,3812.6825,3817.2051
run,3813.5871,3818.1096
run,3814.4916,3819.0141
run,3815.3961,3819.9186
run,3816.3006,3820.8231
run,3817.2051,3821.7276
run,3818.1096,3822.6321
run,3819.0141,3823.5366
run,3819.9186,3824.4411
run,3820.8231,3825.3456
run,3821.7276,3826.2501
run,3822.6321,3827.1546
run,3823.5366,3828.0591
run,3824.4411,3828.9636
run,3825.3456,3829.8681
run,3826.2501,3830.7726
run,3827.1546,3831.6772
run,3828.0591,3832.5816
run,3828.9636,3833.4861
run,3829.8681,3834.3907
run,3830.7726,3835.2952
run,3831.6772,3836.1996
run,3832.5816,3837.1042
run,3833.4861,3838.0087
run,3834.3907,3838.9131
run,3835.2952,3839.8177
run,3836.1996,3840.7222
run,3837.1042,3841.6267
run,3838.0087,3842.5312
run,3838.9131,3843.4357
run,3839.8177,3844.3402
run,3840.7222,3845.2447
run,3841.6267,3846.1492
run,3842.5312,3847.0537
run,3843.4357,3847.9582
run,3844.3402,3848.8627
run,3845.2447,3849.7672
run,3846.1492,3850.6717
run,3847.0537,3851.5762
run,3847.9582,3852.4807
run,3848.8627,3853.3852
run,3849.7672,3854.2897
run,3850.6717,3855.1942
run,3851.5762,3856.0987
run,3852.4807,3857.0032
run,3853.3852,3857.9077
run,3854.2897,3858.8122
run,3855.1942,3859.7168
run,3856.0987,3860.6213
run,3857.0032,3861.5258
run,3857.9077,3862.4303
run,3858.8122,3863.3348
run,3859.7168,3864.2393
run,3860.6213,3865.1438
run,3861.5258,3866.0483
run,3862.4303,3866.9528
run,3863.3348,3867.8573
run,3864.2393,3868.7618
run,3865.1438,3869.6663
run,3866.0483,3870.5708
run,3866.9528,3871.4753
run,3867.8573,3872.3798
run,3868.7618,3873.2844
run,3869.6663,3874.1888
run,3870.5708,3875.0934
run,3871.4753,3875.9979
run,3872.3798,3876.9023
run,3873.2844,3877.8069
run,3874.1888,3878.7114
run,3875.0934,3879.6159
run,3875.9979,3880.5204
run,3876.9023,3881.4249
run,3877.8069,3882.3294
run,3878.7114,3883.2339
run,3879.6159,3884.1384
run,3880.5204,3885.0429
run,3881.4249,3885.9474
run,3882.3294,3886.8519
run,3883.2339,3887.7564
run,3884.1384,3888.6609
run,3885.0429,3889.5655
run,3885.9474,3890.47
run,3886.8519,3891.3745
run,3887.7564,3892.279
run,3888.6609,3893.1835
run,3889.5655,3894.088
run,3890.47,3894.9925
run,3891.3745,3895.897
run,3892.279,3896.8015
run,3893.1835,3897.706
run,3894.088,3898.6105
run,3894.9925,3899.515
run,3895.897,3900.4195
run,3896.8015,3901.324
run,3897.706,3902.2285
run,3898.6105,3903.133
run,3899.515,3904.0375
run,3900.4195,3904.942
run,3901.324,3905.8466
run,3902.2285,3906.751
run,3903.133,3907.6556
run,3904.0375,3908.56
run,3904.942,3909.4646
run,3905.8466,3910.3691
run,3906.751,3911.2736
run,3907.6556,3912.1781
run,3908.56,3913.0826
run,3909.4646,3913.9871
run,3910.3691,3914.8916
run,3911.2736,3915.7961
run,3912.1781,3916.7006
run,3913.0826,3917.6051
run,3913.9871,3918.5096
run,3914.8916,3919.4141
run,3915.7961,3920.3186
run,3916.7006,3921.2231
run,3917.6051,3922.1276
run,3918.5096,3923.0321
run,3919.4141,3923.9366
run,3920.3186,3924.8411
run,3921.2231,3925.7456
run,3922.1276,3926.6501
run,3923.0321,3927.5546
run,3923.9366,3928.4591
run,3924.8411,3929.3636
run,3925.7456,3930.2681
run,3926.6501,3931.1726
run,3927.5546,3932.0771
run,3928.4591,3932.9816
run,3929.3636,3933.8861
run,3930.2681,3934.7906
run,3931.1726,3935.6951
run,3932.0771,3936.5997
run,3932.9816,3937.5041
run,3933.8861,3938.4087
run,3934.7906,3939.3132
run,3935.6951,3940.2176
run,3936.5997,3941.1221
run,3937.5041,3942.0266
run,3938.4087,3942.9312
run,3939.3132,3943.8356
run,3940.2176,3944.7402
run,3941.1221,3945.6447
run,3942.0266,3946.5492
run,3942.9312,3947.4536
run,3943.8356,3948.3582
run,3944.7402,3949.2627
run,3945.6447,3950.1672
run,3946.5492,3951.0716
run,3947.4536,3951.9762
run,3948.3582,3952.8807
run,3949.2627,3953.7852
run,3950.1672,3954.6897
run,3951.0716,3955.5942
run,3951.9762,3956.4987
run,3952.8807,3957.4032
run,3953.7852,3958.3077
run,3954.6897,3959.2122
run,3955.5942,3960.1167
run,3956.4987,3961.0212
run,3957.4032,3961.9257
run,3958.3077,3962.8302
run,3959.2122,3963.7347
run,3960.1167,3964.6392
run,3961.0212,3965.5437
run,3961.9257,3966.4482
run,3962.8302,3967.3527
run,3963.7347,3968.2572
run,3964.6392,3969.1617
run,3965.5437,3970.0662
run,3966.4482,3970.9707
run,3967.3527,3971.8752
run,3968.2572,3972.7797
run,3969.1617,3973.6842
run,3970.0662,3974.5887
run,3970.9707,3975.4932
run,3971.8752,3976.3977
run,3972.7797,3977.3022
run,3973.6842,3978.2067
run,3974.5887,3979.1112
run,3975.4932,3980.0157
run,3976.3977,3980.9202
run,3977.3022,3981.8247
run,3978.2067,3982.7292
run,3979.1112,3983.6337
run,3980.0157,3984.5383
run,3980.9202,3985.4427
run,3981.8247,3986.3473
run,3982.7292,3987.2518
run,3983.6337,3988.1563
run,3984.5383,3989.0608
run,3985.4427,3989.9653
run,3986.3473,3990.8697
run,3987.2518,3991.7743
run,3988.1563,3992.6788
run,3989.0608,3993.5833
run,3989.9653,3994.4878
run,3990.8697,3995.3924
run,3991.7743,3996.2969
run,3992.6788,3997.2014
run,3993.5833,3998.1059
run,3994.4878,3999.0104
run,3995.3924,3999.9149
run,3996.2969,4000.8195
run,3997.2014,4001.724
run,3998.1059,4002.6285
run,3999.0104,4003.533
run,3999.9149,4004.4375
run,4000.8195,4005.342
run,4001.724,4006.2466
run,4002.6285,4007.1511
run,4003.533,4008.0556
run,4004.4375,4008.9601
run,4005.342,4009.8646
run,4006.2466,4010.7691
run,4007.1511,4011.6736
run,4008.0556,4012.5781
run,4008.9601,4013.4826
run,4009.8646,4014.3871
run,4010.7691,4015.2916
run,4011.6736,4016.1961
run,4012.5781,4017.1006
run,4013.4826,4018.0051
run,4014.3871,4018.9096
run,4015.2916,4019.8141
run,4016.1961,4020.7187
run,4017.1006,4021.6232
run,4018.0051,4022.5276
run,4018.9096,4023.4321
run,4019.8141,4024.3366
run,4020.7187,4025.2411
run,4021.6232,4026.1457
run,4022.5276,4027.0502
run,4023.4321,4027.9547
run,4024.3366,4028.8592
run,4025.2411,4029.7637
run,4026.1457,4030.6682
run,4027.0502,4031.5727
run,4027.9547,4032.4772
run,4028.8592,4033.3817
run,4029.7637,4034.2862
run,4030.6682,4035.1907
run,4031.5727,4036.0952
run,4032.4772,4036.9997
run,4033.3817,4037.9042
run,4034.2862,4038.8087
run,4035.1907,4039.7132
run,4036.0952,4040.6177
run,4036.9997,4041.5222
run,4037.9042,4042.4267
run,4038.8087,4043.3312
run,4039.7132,4044.2357
run,4040.6177,4045.1402
run,4041.5222,4046.0447
run,4042.4267,4046.9492
run,4043.3312,4047.8537
run,4044.2357,4048.7582
run,4045.1402,4049.6627
run,4046.0447,4050.5672
run,4046.9492,4051.4717
run,4047.8537,4052.3762
run,4048.7582,4053.2807
run,4049.6627,4054.1852
run,4050.5672,4055.0897
run,4051.4717,4055.9942
run,4052.3762,4056.8988
run,4053.2807,4057.8032
run,4054.1852,4058.7077
run,4055.0897,4059.6122
run,4055.9942,4060.5167
run,4056.8988,4061.4212
run,4057.8032,4062.3258
run,4058.7077,4063.2303
run,4059.6122,4064.1348
run,4060.5167,4065.0393
run,4061.4212,4065.9437
run,4062.3258,4066.8483
run,4063.2303,4067.7528
run,4064.1348,4068.6573
run,4065.0393,4069.5618
run,4065.9437,4070.4663
run,4066.8483,4071.3708
run,4067.7528,4072.2753
run,4068.6573,4073.1798
run,4069.5618,4074.0843
run,4070.4663,4074.9888
run,4071.3708,4075.8933
run,4072.2753,4076.7978
run,4073.1798,4077.7023
run,4074.0843,4078.6068
run,4074.9888,4079.5113
run,4075.8933,4080.4158
run,4076.7978,4081.3203
run,4077.7023,4082.2248
run,4078.6068,4083.1294
run,4079.5113,4084.0338
run,4080.4158,4084.9384
run,4081.3203,4085.8429
run,4082.2248,4086.7474
run,4083.1294,4087.6519
run,4084.0338,4088.5564
run,4084.9384,4089.4609
run,4085.8429,4090.3654
run,4086.7474,4091.2699
run,4087.6519,4092.1744
run,4088.5564,4093.0789
run,4089.4609,4093.9834
run,4090.3654,4094.8879
run,4091.2699,4095.7925
run,4092.1744,4096.6969
run,4093.0789,4097.6014
run,4093.9834,4098.506
run,4094.8879,4099.4105
run,4095.7925,4100.315
run,4096.6969,4101.2195
run,4097.6014,4102.124
run,4098.506,4103.0285
run,4099.4105,4103.933
run,4100.315,4104.8375
run,4101.2195,4105.742
run,4102.124,4106.6465
run,4103.0285,4107.5511
run,4103.933,4108.4555
run,4104.8375,4109.3601
run,4105.742,4110.2646
run,4106.6465,4111.169
run,4107.5511,4112.0736
run,4108.4555,4112.9781
run,4109.3601,4113.8826
run,4110.2646,4114.7871
run,4111.169,4115.6916
run,4112.0736,4116.5961
run,4112.9781,4117.5006
run,4113.8826,4118.4052
run,4114.7871,4119.3097
run,4115.6916,4120.2142
run,4116.5961,4121.1186
run,4117.5006,4122.0232
run,4118.4052,4122.9277
run,4119.3097,4123.8322
run,4120.2142,4124.7367
run,4121.1186,4125.6412
run,4122.0232,4126.5457
run,4122.9277,4127.4502
run,4123.8322,4128.3547
run,4124.7367,4129.2592
run,4125.6412,4130.1638
run,4126.5457,4131.0682
run,4127.4502,4131.9728
run,4128.3547,4132.8773
run,4129.2592,4133.7818
run,4130.1638,4134.6863
run,4131.0682,4135.5908
run,4131.9728,4136.4953
run,4132.8773,4137.3998
run,4133.7818,4138.3044
run,4134.6863,4139.2089
run,4135.5908,4140.1134
run,4136.4953,4141.0179
run,4137.3998,4141.9224
run,4138.3044,4142.8269
run,4139.2089,4143.7314
run,4140.1134,4144.6359
run,4141.0179,4145.5404
run,4141.9224,4146.445
run,4142.8269,4147.3495
run,4143.7314,4148.254
run,4144.6359,4149.1585
run,4145.5404,4150.063
run,4146.445,4150.9675
run,4147.3495,4151.872
run,4148.254,4152.7765
run,4149.1585,4153.6811
run,4150.063,4154.5856
run,4150.9675,4155.4901
run,4151.872,4156.3946
run,4152.7765,4157.2991
run,4153.6811,4158.2036
run,4154.5856,4159.1082
run,4155.4901,4160.0127
run,4156.3946,4160.9172
run,4157.2991,4161.8218
run,4158.2036,4162.7263
run,4159.1082,4163.6309
run,4160.0127,4164.5354
run,4160.9172,4165.4399
run,4161.8218,4166.3445
run,4162.7263,4167.249
run,4163.6309,4168.1536
run,4164.5354,4169.0581
run,4165.4399,4169.9626
run,4166.3445,4170.8671
run,4167.249,4171.7717
run,4168.1536,4172.6762
run,4169.0581,4173.5808
run,4169.9626,4174.4853
run,4170.8671,4175.3898
run,4171.7717,4176.2943
run,4172.6762,4177.1989
run,4173.5808,4178.1034
run,4174.4853,4179.0079
run,4175.3898,4179.9124
run,4176.2943,4180.817
run,4177.1989,4181.7215
run,4178.1034,4182.626
run,4179.0079,4183.5305
run,4179.9124,4184.4351
run,4180.817,4185.3396
run,4181.7215,4186.2441
run,4182.626,4187.1486
run,4183.5305,4188.0531
run,4184.4351,4188.9577
run,4185.3396,4189.8622
run,4186.2441,4190.7667
run,4187.1486,4191.6712
run,4188.0531,4192.5757
run,4188.9577,4193.4802
run,4189.8622,4194.3847
run,4190.7667,4195.2893
run,4191.6712,4196.1938
run,4192.5757,4197.0983
run,4193.4802,4198.0028
run,4194.3847,4198.9074
run,4195.2893,4199.8119
run,4196.1938,4200.7164
run,4197.0983,4201.6209
run,4198.0028,4202.5254
run,4198.9074,4203.43
run,4199.8119,4204.3345
run,4200.7164,4205.239
run,4201.6209,4206.1435
run,4202.5254,4207.048
run,4203.43,4207.9526
run,4204.3345,4208.8571
run,4205.239,4209.7616
run,4206.1435,4210.6661
run,4207.048,4211.5707
run,4207.9526,4212.4752
run,4208.8571,4213.3798
run,4209.7616,4214.2843
run,4210.6661,4215.1889
run,4211.5707,4216.0935
run,4212.4752,4216.998
run,4213.3798,4217.9026
run,4214.2843,4218.8071
run,4215.1889,4219.7117
run,4216.0935,4220.6162
run,4216.998,4221.5208
run,4217.9026,4222.4253
run,4218.8071,4223.3299
run,4219.7117,4224.2344
run,4220.6162,4225.139
run,4221.5208,4226.0435
run,4222.4253,4226.948
run,4223.3299,4227.8526
run,4224.2344,4228.7571
run,4225.139,4229.6616
run,4226.0435,4230.5661
run,4226.948,4231.4707
run,4227.8526,4232.3752
run,4228.7571,4233.2797
run,4229.6616,4234.1843
run,4230.5661,4235.0888
run,4231.4707,4235.9933
run,4232.3752,4236.8978
run,4233.2797,4237.8024
run,4234.1843,4238.7069
run,4235.0888,4239.6114
run,4235.9933,4240.5159
run,4236.8978,4241.4205
run,4237.8024,4242.325
run,4238.7069,4243.2295
run,4239.6114,4244.1341
run,4240.5159,4245.0386
run,4241.4205,4245.9431
run,4242.325,4246.8476
run,4243.2295,4247.7522
run,4244.1341,4248.6567
run,4245.0386,4249.5612
run,4245.9431,4250.4657
run,4246.8476,4251.3703
run,4247.7522,4252.2748
run,4248.6567,4253.1793
run,4249.5612,4254.0838
run,4250.4657,4254.9884
run,4251.3703,4255.8929
run,4252.2748,4256.7974
run,4253.1793,4257.7019
run,4254.0838,4258.6065
run,4254.9884,4259.511
run,4255.8929,4260.4155
run,4256.7974,4261.3201
run,4257.7019,4262.2246
run,4258.6065,4263.1291
run,4259.511,4264.0336
run,4260.4155,4264.9381
run,4261.3201,4265.8427
run,4262.2246,4266.7472
run,4263.1291,4267.6517
run,4264.0336,4268.5563
run,4264.9381,4269.4608
run,4265.8427,4270.3653
run,4266.7472,4271.2698
run,4267.6517,4272.1744
run,4268.5563,4273.0789
run,4269.4608,4273.9834
run,4270.3653,4274.888
run,4271.2698,4275.7925
run,4272.1744,4276.697
run,4273.0789,4277.6015
run,4273.9834,4278.5061
run,4274.888,4279.4106
run,4275.7925,4280.3151
run,4276.697,4281.2197
run,4277.6015,4282.1242
run,4278.5061,4283.0287
run,4279.4106,4283.9333
run,4280.3151,4284.8378
run,4281.2197,4285.7423
run,4282.1242,4286.6468
run,4283.0287,4287.5514
run,4283.9333,4288.4559
run,4284.8378,4289.3604
run,4285.7423,4290.2649
run,4286.6468,4291.1695
run,4287.5514,4292.074
run,4288.4559,4292.9785
run,4289.3604,4293.883
run,4290.2649,4294.7876
run,4291.1695,4295.6921
run,4292.074,4296.5966
run,4292.9785,4297.5012
run,4293.883,4298.4057
run,4294.7876,4299.3102
run,4295.6921,4300.2147
run,4296.5966,4301.1193
run,4297.5012,4302.0238
run,4298.4057,4302.9283
run,4299.3102,4303.8328
run,4300.2147,4304.7374
run,4301.1193,4305.6419
run,4302.0238,4306.5464
run,4302.9283,4307.451
run,4303.8328,4308.3555
run,4304.7374,4309.26
run,4305.6419,4310.1645
run,4306.5464,4311.0691
run,4307.451,4311.9736
run,4308.3555,4312.8781
run,4309.26,4313.7826
run,4310.1645,4314.6871
run,4311.0691,4315.5917
run,4311.9736,4316.4962
run,4312.8781,4317.4007
run,4313.7826,4318.3053
run,4314.6871,4319.2098
run,4315.5917,4320.1143
run,4316.4962,4321.0188
run,4317.4007,4321.9234
run,4318.3053,4322.8279
run,4319.2098,4323.7324
run,4320.1143,4324.6369
run,4321.0188,4325.5415
run,4321.9234,4326.446
run,4322.8279,4327.3505
run,4323.7324,4328.255
run,4324.6369,4329.1596
run,4325.5415,4330.0641
run,4326.446,4330.9686
run,4327.3505,4331.8731
run,4328.255,4332.7777
run,4329.1596,4333.6822
run,4330.0641,4334.5867
run,4330.9686,4335.4912
run,4331.8731,4336.3957
run,4332.7777,4337.3003
run,4333.6822,4338.2048
run,4334.5867,4339.1093
run,4335.4912,4340.0138
run,4336.3957,4340.9184
run,4337.3003,4341.8229
run,4338.2048,4342.7274
run,4339.1093,4343.632
run,4340.0138,4344.5365
run,4340.9184,4345.441
run,4341.8229,4346.3455
run,4342.7274,4347.2501
run,4343.632,4348.1546
run,4344.5365,4349.0591
run,4345.441,4349.9636
run,4346.3455,4350.8681
run,4347.2501,4351.7727
run,4348.1546,4352.6772
run,4349.0591,4353.5817
run,4349.9636,4354.4862
run,4350.8681,4355.3908
run,4351.7727,4356.2953
run,4352.6772,4357.1998
run,4353.5817,4358.1043
run,4354.4862,4359.0088
run,4355.3908,4359.9134
run,4356.2953,4360.8179
run,4357.1998,4361.7224
run,4358.1043,4362.6269
run,4359.0088,4363.5315
run,4359.9134,4364.436
run,4360.8179,4365.3405
run,4361.7224,4366.245
run,4362.6269,4367.1496
run,4363.5315,4368.0541
run,4364.436,4368.9586
run,4365.3405,4369.8631
run,4366.245,4370.7677
run,4367.1496,4371.6722
run,4368.0541,4372.5767
run,4368.9586,4373.4812
run,4369.8631,4374.3858
run,4370.7677,4375.2903
run,4371.6722,4376.1948
run,4372.5767,4377.0993
run,4373.4812,4378.0038
run,4374.3858,4378.9084
run,4375.2903,4379.8129
run,4376.1948,4380.7174
run,4377.0993,4381.6219
run,4378.0038,4382.5265
run,4378.9084,4383.431
run,4379.8129,4384.3355
run,4380.7174,4385.2401
run,4381.6219,4386.1446
run,4382.5265,4387.0491
run,4383.431,4387.9536
run,4384.3355,4388.8581
run,4385.2401,4389.7627
run,4386.1446,4390.6672
run,4387.0491,4391.5717
run,4387.9536,4392.4762
run,4388.8581,4393.3807
run,4389.7627,4394.2853
run,4390.6672,4395.1898
run,4391.5717,4396.0943
run,4392.4762,4396.9988
run,4393.3807,4397.9034
run,4394.2853,4398.8079
run,4395.1898,4399.7124
run,4396.0943,4400.6169
run,4396.9988,4401.5214
run,4397.9034,4402.426
run,4398.8079,4403.3305
run,4399.7124,4404.235
run,4400.6169,4405.1396
run,4401.5214,4406.0441
run,4402.426,4406.9486
run,4403.3305,4407.8531
run,4404.235,4408.7577
run,4405.1396,4409.6622
run,4406.0441,4410.5667
run,4406.9486,4411.4712
run,4407.8531,4412.3757
run,4408.7577,4413.2803
run,4409.6622,4414.1848
run,4410.5667,4415.0893
run,4411.4712,4415.9938
run,4412.3757,4416.8984
run,4413.2803,4417.8029
run,4414.1848,4418.7074
run,4415.0893,4419.6119
run,4415.9938,4420.5165
run,4416.8984,4421.421
run,4417.8029,4422.3255
run,4418.7074,4423.23
run,4419.6119,4424.1346
run,4420.5165,4425.0391
run,4421.421,4425.9436
run,4422.3255,4426.8481
run,4423.23,4427.7527
run,4424.1346,4428.6572
run,4425.0391,4429.5617
run,4425.9436,4430.4662
run,4426.8481,4431.3707
run,4427.7527,4432.2753
run,4428.6572,4433.1798
run,4429.5617,4434.0843
run,4430.4662,4434.9888
run,4431.3707,4435.8934
run,4432.2753,4436.7979
run,4433.1798,4437.7024
run,4434.0843,4438.6069
run,4434.9888,4439.5114
run,4435.8934,4440.416
run,4436.7979,4441.3205
run,4437.7024,4442.225
run,4438.6069,4443.1296
run,4439.5114,4444.0341
run,4440.416,4444.9386
run,4441.3205,4445.8431
run,4442.225,4446.7476
run,4443.1296,4447.6522
run,4444.0341,4448.5567
run,4444.9386,4449.4612
run,4445.8431,4450.3658
run,4446.7476,4451.2703
run,4447.6522,4452.1748
run,4448.5567,4453.0794
run,4449.4612,4453.9839
run,4450.3658,4454.8885
run,4451.2703,4455.793
run,4452.1748,4456.6975
run,4453.0794,4457.6021
run,4453.9839,4458.5066
run,4454.8885,4459.4112
run,4455.793,4460.3157
run,4456.6975,4461.2202
run,4457.6021,4462.1248
run,4458.5066,4463.0293
run,4459.4112,4463.9339
run,4460.3157,4464.8384
run,4461.2202,4465.7429
run,4462.1248,4466.6474
run,4463.0293,4467.5519
run,4463.9339,4468.4565
run,4464.8384,4469.361
run,4465.7429,4470.2655
run,4466.6474,4471.1701
run,4467.5519,4472.0746
run,4468.4565,4472.9791
run,4469.361,4473.8836
run,4470.2655,4474.7882
run,4471.1701,4475.6927
run,4472.0746,4476.5972
run,4472.9791,4477.5018
run,4473.8836,4478.4063
run,4474.7882,4479.3109
run,4475.6927,4480.2154
run,4476.5972,4481.1199
run,4477.5018,4482.0245
run,4478.4063,4482.929
run,4479.3109,4483.8336
run,4480.2154,4484.7381
run,4481.1199,4485.6426
run,4482.0245,4486.5472
run,4482.929,4487.4517
run,4483.8336,4488.3563
run,4484.7381,4489.2608
run,4485.6426,4490.1653
run,4486.5472,4491.0699
run,4487.4517,4491.9744
run,4488.3563,4492.8789
run,4489.2608,4493.7835
run,4490.1653,4494.688
run,4491.0699,4495.5925
run,4491.9744,4496.4971
run,4492.8789,4497.4016
run,4493.7835,4498.3061
run,4494.688,4499.2107
run,4495.5925,4500.1152
run,4496.4971,4501.0198
run,4497.4016,4501.9243
run,4498.3061,4502.8288
run,4499.2107,4503.7333
run,4500.1152,4504.6378
run,4501.0198,4505.5424
run,4501.9243,4506.4469
run,4502.8288,4507.3514
run,4503.7333,4508.256
run,4504.6378,4509.1605
run,4505.5424,4510.065
run,4506.4469,4510.9696
run,4507.3514,4511.8741
run,4508.256,4512.7786
run,4509.1605,4513.6831
run,4510.065,4514.5877
run,4510.9696,4515.4922
run,4511.8741,4516.3967
run,4512.7786,4517.3012
run,4513.6831,4518.2058
run,4514.5877,4519.1103
run,4515.4922,4520.0148
run,4516.3967,4520.9194
run,4517.3012,4521.8239
run,4518.2058,4522.7284
run,4519.1103,4523.6329
run,4520.0148,4524.5375
run,4520.9194,4525.442
run,4521.8239,4526.3465
run,4522.7284,4527.251
run,4523.6329,4528.1556
run,4524.5375,4529.0601
run,4525.442,4529.9646
run,4526.3465,4530.8692
run,4527.251,4531.7737
run,4528.1556,4532.6782
run,4529.0601,4533.5827
run,4529.9646,4534.4873
run,4530.8692,4535.3918
run,4531.7737,4536.2963
run,4532.6782,4537.2008
run,4533.5827,4538.1053
run,4534.4873,4539.0099
run,4535.3918,4539.9144
run,4536.2963,4540.8189
run,4537.2008,4541.7234
run,4538.1053,4542.628
run,4539.0099,4543.5325
run,4539.9144,4544.437
run,4540.8189,4545.3416
run,4541.7234,4546.2461
run,4542.628,4547.1506
run,4543.5325,4548.0551
run,4544.437,4548.9597
run,4545.3416,4549.8642
run,4546.2461,4550.7687
run,4547.1506,4551.6732
run,4548.0551,4552.5778
run,4548.9597,4553.4823
run,4549.8642,4554.3868
run,4550.7687,4555.2914
run,4551.6732,4556.1959
run,4552.5778,4557.1004
run,4553.4823,4558.005
run,4554.3868,4558.9095
run,4555.2914,4559.814
run,4556.1959,4560.7185
run,4557.1004,4561.6231
run,4558.005,4562.5276
run,4558.9095,4563.4321
run,4559.814,4564.3366
run,4560.7185,4565.2411
run,4561.6231,4566.1457
run,4562.5276,4567.0502
run,4563.4321,4567.9547
run,4564.3366,4568.8593
run,4565.2411,4569.7638
run,4566.1457,4570.6683
run,4567.0502,4571.5728
run,4567.9547,4572.4773
run,4568.8593,4573.3819
run,4569.7638,4574.2864
run,4570.6683,4575.1909
run,4571.5728,4576.0955
run,4572.4773,4577
run,4573.3819,4577.9045
run,4574.2864,4578.809
run,4575.1909,4579.7135
run,4576.0955,4580.6181
run,4577,4581.5226
run,4577.9045,4582.4271
run,4578.809,4583.3316
run,4579.7135,4584.2362
run,4580.6181,4585.1407
run,4581.5226,4586.0452
run,4582.4271,4586.9498
run,4583.3316,4587.8543
run,4584.2362,4588.7588
run,4585.1407,4589.6633
run,4586.0452,4590.5679
run,4586.9498,4591.4724
run,4587.8543,4592.3769
run,4588.7588,4593.2814
run,4589.6633,4594.186
run,4590.5679,4595.0905
run,4591.4724,4595.995
run,4592.3769,4596.8995
run,4593.2814,4597.8041
run,4594.186,4598.7086
run,4595.0905,4599.6131
run,4595.995,4600.5177
run,4596.8995,4601.4222
run,4597.8041,4602.3267
run,4598.7086,4603.2312
run,4599.6131,4604.1357
run,4600.5177,4605.0403
run,4601.4222,4605.9448
run,4602.3267,4606.8493
run,4603.2312,4607.7538
run,4604.1357,4608.6584
run,4605.0403,4609.5629
run,4605.9448,4610.4674
run,4606.8493,4611.3719
run,4607.7538,4612.2765
run,4608.6584,4613.181
run,4609.5629,4614.0855
run,4610.4674,4614.99
run,4611.3719,4615.8945
run,4612.2765,4616.7991
run,4613.181,4617.7036
run,4614.0855,4618.6081
run,4614.99,4619.5127
run,4615.8945,4620.4172
run,4616.7991,4621.3217
run,4617.7036,4622.2262
run,4618.6081,4623.1308
run,4619.5127,4624.0353
run,4620.4172,4624.9398
run,4621.3217,4625.8443
run,4622.2262,4626.7488
run,4623.1308,4627.6534
run,4624.0353,4628.5579
run,4624.9398,4629.4624
run,4625.8443,4630.3669
run,4626.7488,4631.2715
run,4627.6534,4632.176
run,4628.5579,4633.0805
run,4629.4624,4633.985
run,4630.3669,4634.8895
run,4631.2715,4635.7941
run,4632.176,4636.6986
run,4633.0805,4637.6031
run,4633.985,4638.5076
run,4634.8895,4639.4122
run,4635.7941,4640.3167
run,4636.6986,4641.2212
run,4637.6031,4642.1258
run,4638.5076,4643.0303
run,4639.4122,4643.9348
run,4640.3167,4644.8393
run,4641.2212,4645.7438
run,4642.1258,4646.6484
run,4643.0303,4647.5529
run,4643.9348,4648.4574
run,4644.8393,4649.362
run,4645.7438,4650.2665
run,4646.6484,4651.171
run,4647.5529,4652.0755
run,4648.4574,4652.98
run,4649.362,4653.8845
run,4650.2665,4654.7891
run,4651.171,4655.6936
run,4652.0755,4656.5981
run,4652.98,4657.5027
run,4653.8845,4658.4072
run,4654.7891,4659.3117
run,4655.6936,4660.2162
run,4656.5981,4661.1208
run,4657.5027,4662.0253
run,4658.4072,4662.9298
run,4659.3117,4663.8343
run,4660.2162,4664.7389
run,4661.1208,4665.6434
run,4662.0253,4666.5479
run,4662.9298,4667.4524
run,4663.8343,4668.357
run,4664.7389,4669.2615
run,4665.6434,4670.166
run,4666.5479,4671.0705
run,4667.4524,4671.9751
run,4668.357,4672.8796
run,4669.2615,4673.7841
run,4670.166,4674.6886
run,4671.0705,4675.5932
run,4671.9751,4676.4977
run,4672.8796,4677.4022
run,4673.7841,4678.3067
run,4674.6886,4679.2112
run,4675.5932,4680.1158
run,4676.4977,4681.0203
run,4677.4022,4681.9249
run,4678.3067,4682.8294
run,4679.2112,4683.7339
run,4680.1158,4684.6384
run,4681.0203,4685.5429
run,4681.9249,4686.4474
run,4682.8294,4687.352
run,4683.7339,4688.2565
run,4684.6384,4689.161
run,4685.5429,4690.0656
run,4686.4474,4690.9701
run,4687.352,4691.8746
run,4688.2565,4692.7791
run,4689.161,4693.6837
run,4690.0656,4694.5882
run,4690.9701,4695.4927
run,4691.8746,4696.3973
run,4692.7791,4697.3018
run,4693.6837,4698.2063
run,4694.5882,4699.1108
run,4695.4927,4700.0154
run,4696.3973,4700.9199
run,4697.3018,4701.8244
run,4698.2063,4702.729
run,4699.1108,4703.6335
run,4700.0154,4704.538
run,4700.9199,4705.4425
run,4701.8244,4706.347
run,4702.729,4707.2516
run,4703.6335,4708.1561
run,4704.538,4709.0606
run,4705.4425,4709.9651
run,4706.347,4710.8697
run,4707.2516,4711.7742
run,4708.1561,4712.6787
run,4709.0606,4713.5833
run,4709.9651,4714.4878
run,4710.8697,4715.3923
run,4711.7742,4716.2968
run,4712.6787,4717.2014
run,4713.5833,4718.1059
run,4714.4878,4719.0104
run,4715.3923,4719.9149
run,4716.2968,4720.8195
run,4717.2014,4721.724
run,4718.1059,4722.6285
run,4719.0104,4723.533
run,4719.9149,4724.4376
run,4720.8195,4725.3421
run,4721.724,4726.2466
run,4722.6285,4727.1512
run,4723.533,4728.0557
run,4724.4376,4728.9602
run,4725.3421,4729.8647
run,4726.2466,4730.7693
run,4727.1512,4731.6738
run,4728.0557,4732.5783
run,4728.9602,4733.4828
run,4729.8647,4734.3873
run,4730.7693,4735.2919
run,4731.6738,4736.1964
run,4732.5783,4737.1009
run,4733.4828,4738.0055
run,4734.3873,4738.91
run,4735.2919,4739.8145
run,4736.1964,4740.719
run,4737.1009,4741.6236
run,4738.0055,4742.5281
run,4738.91,4743.4326
run,4739.8145,4744.3372
run,4740.719,4745.2417
run,4741.6236,4746.1462
run,4742.5281,4747.0508
run,4743.4326,4747.9553
run,4744.3372,4748.8598
run,4745.2417,4749.7643
run,4746.1462,4750.6688
run,4747.0508,4751.5734
run,4747.9553,4752.4779
run,4748.8598,4753.3824
run,4749.7643,4754.287
run,4750.6688,4755.1915
run,4751.5734,4756.096
run,4752.4779,4757.0006
run,4753.3824,4757.9051
run,4754.287,4758.8096
run,4755.1915,4759.7141
run,4756.096,4760.6187
run,4757.0006,4761.5232
run,4757.9051,4762.4277
run,4758.8096,4763.3322
run,4759.7141,4764.2368
run,4760.6187,4765.1413
run,4761.5232,4766.0458
run,4762.4277,4766.9503
run,4763.3322,4767.8549
run,4764.2368,4768.7594
run,4765.1413,4769.6639
run,4766.0458,4770.5684
run,4766.9503,4771.473
run,4767.8549,4772.3775
run,4768.7594,4773.282
run,4769.6639,4774.1866
run,4770.5684,4775.0911
run,4771.473,4775.9956
run,4772.3775,4776.9001
run,4773.282,4777.8047
run,4774.1866,4778.7092
run,4775.0911,4779.6137
run,4775.9956,4780.5182
run,4776.9001,4781.4228
run,4777.8047,4782.3273
run,4778.7092,4783.2318
run,4779.6137,4784.1364
run,4780.5182,4785.0409
run,4781.4228,4785.9454
run,4782.3273,4786.8499
run,4783.2318,4787.7545
run,4784.1364,4788.659
run,4785.0409,4789.5635
run,4785.9454,4790.468
run,4786.8499,4791.3725
run,4787.7545,4792.2771
run,4788.659,4793.1816
run,4789.5635,4794.0861
run,4790.468,4794.9907
run,4791.3725,4795.8952
run,4792.2771,4796.7997
run,4793.1816,4797.7042
run,4794.0861,4798.6088
run,4794.9907,4799.5133
run,4795.8952,4800.4178
run,4796.7997,4801.3224
run,4797.7042,4802.2269
run,4798.6088,4803.1314
run,4799.5133,4804.036
run,4800.4178,4804.9405
run,4801.3224,4805.845
run,4802.2269,4806.7495
run,4803.1314,4807.654
run,4804.036,4808.5586
run,4804.9405,4809.4631
run,4805.845,4810.3676
run,4806.7495,4811.2722
run,4807.654,4812.1767
run,4808.5586,4813.0812
run,4809.4631,4813.9857
run,4810.3676,4814.8903
run,4811.2722,4815.7948
run,4812.1767,4816.6993
run,4813.0812,4817.6038
run,4813.9857,4818.5084
run,4814.8903,4819.4129
run,4815.7948,4820.3174
run,4816.6993,4821.2219
run,4817.6038,4822.1265
run,4818.5084,4823.031
run,4819.4129,4823.9355
run,4820.3174,4824.84
run,4821.2219,4825.7446
run,4822.1265,4826.6491
run,4823.031,4827.5536
run,4823.9355,4828.4582
run,4824.84,4829.3627
run,4825.7446,4830.2672
run,4826.6491,4831.1717
run,4827.5536,4832.0762
run,4828.4582,4832.9808
run,4829.3627,4833.8853
run,4830.2672,4834.7898
run,4831.1717,4835.6944
run,4832.0762,4836.5989
run,4832.9808,4837.5034
run,4833.8853,4838.4079
run,4834.7898,4839.3125
run,4835.6944,4840.217
run,4836.5989,4841.1215
run,4837.5034,4842.0261
run,4838.4079,4842.9306
run,4839.3125,4843.8351
run,4840.217,4844.7396
run,4841.1215,4845.6442
run,4842.0261,4846.5487
run,4842.9306,4847.4532
run,4843.8351,4848.3578
run,4844.7396,4849.2623
run,4845.6442,4850.1669
run,4846.5487,4851.0714
run,4847.4532,4851.976
run,4848.3578,4852.8805
run,4849.2623,4853.7851
run,4850.1669,4854.6896
run,4851.0714,4855.5942
run,4851.976,4856.4987
run,4852.8805,4857.4032
run,4853.7851,4858.3078
run,4854.6896,4859.2123
run,4855.5942,4860.1169
run,4856.4987,4861.0214
run,4857.4032,4861.926
run,4858.3078,4862.8305
run,4859.2123,4863.735
run,4860.1169,4864.6396
run,4861.0214,4865.5441
run,4861.926,4866.4487
run,4862.8305,4867.3532
run,4863.735,4868.2577
run,4864.6396,4869.1623
run,4865.5441,4870.0668
run,4866.4487,4870.9714
run,4867.3532,4871.8759
run,4868.2577,4872.7804
run,4869.1623,4873.685
run,4870.0668,4874.5895
run,4870.9714,4875.4941
run,4871.8759,4876.3987
run,4872.7804,4877.3032
run,4873.685,4878.2078
run,4874.5895,4879.1123
run,4875.4941,4880.0168
run,4876.3987,4880.9214
run,4877.3032,4881.8259
run,4878.2078,4882.7305
run,4879.1123,4883.6351
run,4880.0168,4884.5396
run,4880.9214,4885.4441
run,4881.8259,4886.3487
run,4882.7305,4887.2532
run,4883.6351,4888.1578
run,4884.5396,4889.0623
run,4885.4441,4889.9668
run,4886.3487,4890.8714
run,4887.2532,4891.7759
run,4888.1578,4892.6804
run,4889.0623,4893.585
run,4889.9668,4894.4895
run,4890.8714,4895.394
run,4891.7759,4896.2986
run,4892.6804,4897.2082
run,4893.585,4898.1127
transition,4894.4895,4899.0172
run,4895.394,4899.9218
run,4896.2986,4900.8263
swim,4897.2082,4901.7308
swim,4898.1127,4902.6354
swim,4899.0172,4903.54
swim,4899.9218,4904.4445
transition,4900.8263,4905.349
swim,4901.7308,4906.2535
swim,4902.6354,4907.1581
swim,4903.54,4908.0626
swim,4904.4445,4908.9671
swim,4905.349,4909.8717
swim,4906.2535,4910.7762
swim,4907.1581,4911.6808
swim,4908.0626,4912.5853
swim,4908.9671,4913.4898
swim,4909.8717,4914.3944
swim,4910.7762,4915.2989
swim,4911.6808,4916.2034
swim,4912.5853,4917.1079
swim,4913.4898,4918.0125
swim,4914.3944,4918.917
swim,4915.2989,4919.8216
swim,4916.2034,4920.7261
swim,4917.1079,4921.6306
swim,4918.0125,4922.5352
swim,4918.917,4923.4397
bike,4919.8216,4924.3442
bike,4920.7261,4925.2488
bike,4921.6306,4926.1533
transition,4922.5352,4927.0578
transition,4923.4397,4927.9623
transition,4924.3442,4928.8669
swim,4925.2488,4929.7714
swim,4926.1533,4930.676
swim,4927.0578,4931.5805
swim,4927.9623,4932.485
swim,4928.8669,4933.3896
bike,4929.7714,4934.2941
bike,4930.676,4935.1987
swim,4931.5805,4936.1032
swim,4932.485,4937.0077
swim,4933.3896,4937.9122
swim,4934.2941,4938.8168
swim,4935.1987,4939.7213
swim,4936.1032,4940.6259
bike,4937.0077,4941.5304
bike,4937.9122,4942.4349
bike,4938.8168,4943.3395
transition,4939.7213,4944.244
swim,4940.6259,4945.1485
swim,4941.5304,4946.053
swim,4942.4349,4946.9576
swim,4943.3395,4947.8621
swim,4944.244,4948.7717
swim,4945.1485,4949.6762
swim,4946.053,4950.5807
swim,4946.9576,4951.4853
swim,4947.8621,4952.3898
swim,4948.7717,4953.2943
swim,4949.6762,4954.1989
swim,4950.5807,4955.1034
swim,4951.4853,4956.008
swim,4952.3898,4956.9125
bike,4953.2943,4957.817
bike,4954.1989,4958.7215
bike,4955.1034,4959.6261
bike,4956.008,4960.5306
bike,4956.9125,4961.4351
bike,4957.817,4962.3397
bike,4958.7215,4963.2442
bike,4959.6261,4964.1487
bike,4960.5306,4965.0533
bike,4961.4351,4965.9578
bike,4962.3397,4966.8623
bike,4963.2442,4967.7669
bike,4964.1487,4968.6714
bike,4965.0533,4969.5759
bike,4965.9578,4970.4805
bike,4966.8623,4971.385
bike,4967.7669,4972.2895
bike,4968.6714,4973.1941
bike,4969.5759,4974.0986
bike,4970.4805,4975.0032
bike,4971.385,4975.9077
transition,4972.2895,4976.8122
transition,4973.1941,4977.7167
transition,4974.0986,4978.6213
swim,4975.0032,4979.5258
swim,4975.9077,4980.4304
swim,4976.8122,4981.3349
swim,4977.7167,4982.2394
swim,4978.6213,4983.144
swim,4979.5258,4984.0485
swim,4980.4304,4984.953
swim,4981.3349,4985.8576
swim,4982.2394,4986.7621
bike,4983.144,4987.6667
bike,4984.0485,4988.5712
bike,4984.953,4989.4757
bike,4985.8576,4990.3803
bike,4986.7621,4991.2848
bike,4987.6667,4992.1894
bike,4988.5712,4993.0939
bike,4989.4757,4993.9985
transition,4990.3803,4994.903
transition,4991.2848,4995.8075
swim,4992.1894,4996.7121
swim,4993.0939,4997.6166
