swim,transition,0.0041667           0     0.88552     0.11032
swim,transition,0.0041667           0     0.88552     0.11032
swim,transition,0.0041667           0     0.88552     0.11032
swim,transition,0.0041667           0     0.88552     0.11032
swim,transition,0.0041667           0     0.88552     0.11032
swim,transition,0.0041667           0     0.88552     0.11032
swim,transition,0.0041667           0     0.88552     0.11032
swim,transition,0.0041667           0     0.88552     0.11032
swim,transition,0.0041667           0     0.88552     0.11032
swim,transition,0.0375           0     0.85218     0.11032
swim,transition,0.0375           0     0.85218     0.11032
swim,transition,0.0375           0     0.71885     0.24365
swim,transition,0.10417           0     0.44802     0.44782
transition,transition,0.23333           0         0.1     0.66667
transition,transition,0.23333           0     0.13333     0.63333
transition,transition,0.066667    0.033333     0.13333     0.76667
transition,transition,0.033333           0     0.26667         0.7
transition,transition,0           0         0.3         0.7
transition,transition,0           0     0.46667     0.53333
transition,transition,0           0     0.46667     0.53333
transition,transition,0           0         0.2         0.8
transition,transition,0           0     0.26667     0.73333
transition,transition,0           0     0.23333     0.76667
transition,transition,0           0     0.33333     0.66667
swim,transition,0.036364           0     0.53384      0.4298
transition,transition,0.33636           0    0.072727     0.59091
transition,transition,0.40303           0     0.10606     0.49091
transition,transition,0.069697           0    0.039394     0.89091
transition,transition,0.20303           0    0.039394     0.75758
transition,transition,0.10303           0    0.072727     0.82424
transition,transition,0.2697           0   0.0060606     0.72424
transition,transition,0.1697           0    0.039394     0.79091
transition,transition,0.23636           0     0.10606     0.65758
transition,transition,0.3697           0     0.10606     0.52424
transition,transition,0.40303           0     0.13939     0.45758
bike,transition,0.73333           0         0.1     0.16667
bike,transition,0.96667           0           0    0.033333
bike,transition,0.96667           0           0    0.033333
bike,transition,0.96667           0           0    0.033333
bike,transition,0.96667           0           0    0.033333
bike,transition,0.96667           0           0    0.033333
bike,transition,0.57083           0     0.29167      0.1375
transition,transition,0.30417           0     0.29167     0.40417
bike,transition,0.43333           0     0.16667         0.4
bike,transition,0.53333           0     0.16667         0.3
bike,transition,0.63333           0    0.033333     0.33333
bike,transition,0.7           0    0.033333     0.26667
bike,transition,0.63333           0    0.033333     0.33333
bike,transition,0.93333           0           0    0.066667
bike,transition,0.93333           0           0    0.066667
bike,transition,0.96667           0           0    0.033333
bike,transition,0.83333           0    0.033333     0.13333
transition,transition,0.069697           0   0.0060606     0.92424
transition,transition,0.066667           0     0.31111     0.62222
transition,transition,0           0     0.26667     0.73333
transition,transition,0           0     0.16667     0.83333
transition,transition,0           0     0.26667     0.73333
transition,transition,0.1           0         0.3         0.6
transition,transition,0.033333           0     0.16667         0.8
transition,transition,0           0     0.23333     0.76667
transition,transition,0           0         0.2         0.8
transition,transition,0           0     0.33333     0.66667
transition,transition,0.066667           0     0.13333         0.8
transition,transition,0.033333           0    0.066667         0.9
transition,transition,0.033333           0         0.1     0.86667
transition,transition,0           0     0.13333     0.86667
transition,transition,0           0     0.13333     0.86667
bike,transition,0.43636           0     0.13939     0.42424
bike,transition,0.63636           0    0.072727     0.29091
transition,transition,0.1           0     0.26667     0.63333
transition,transition,0.033333           0     0.23333     0.73333
transition,transition,0           0     0.33333     0.66667
transition,transition,0           0         0.3         0.7
transition,transition,0           0         0.1         0.9
transition,transition,0.036364           0     0.21717     0.74646
transition,transition,0.23636           0     0.15051     0.61313
transition,transition,0.066667           0     0.13333         0.8
transition,transition,0.1           0     0.33333     0.56667
transition,transition,0           0     0.43333     0.56667
swim,transition,0           0         0.5         0.5
transition,transition,0           0         0.4         0.6
transition,transition,0           0         0.2         0.8
transition,transition,0           0     0.43333     0.56667
transition,transition,0.033333    0.033333           0     0.93333
transition,transition,0.033333           0    0.033333     0.93333
transition,transition,0.0030303           0     0.18384     0.81313
swim,transition,0.0030303           0      0.5309     0.46607
transition,transition,0.0030303           0     0.23939     0.75758
transition,transition,0.066667           0     0.23333         0.7
transition,transition,0.033333           0         0.1     0.86667
transition,transition,0.066667         0.2    0.033333         0.7
transition,transition,0.16667     0.13333         0.3         0.4
transition,transition,0.23333         0.2    0.033333     0.53333
bike,transition,0.43333         0.1    0.066667         0.4
transition,transition,0.33333           0     0.16667         0.5
bike,transition,0.56667           0      0.2625     0.17083
bike,transition,0.83636           0   0.0060606     0.15758
bike,transition,0.80303           0    0.039394     0.15758
bike,transition,0.80303           0    0.039394     0.15758
bike,transition,0.96667           0           0    0.033333
bike,transition,0.96667           0           0    0.033333
bike,transition,0.8           0    0.066667     0.13333
bike,transition,0.8           0    0.066667     0.13333
bike,transition,0.8           0    0.066667     0.13333
bike,transition,0.96667           0           0    0.033333
bike,transition,0.96667           0           0    0.033333
bike,transition,0.96667           0           0    0.033333
bike,transition,0.96667           0           0    0.033333
bike,transition,0.96667           0           0    0.033333
bike,transition,0.60417           0     0.25833      0.1375
bike,transition,0.5           0     0.32917     0.17083
transition,transition,0.46667           0           0     0.53333
bike,transition,0.5           0           0         0.5
bike,transition,0.66667           0     0.13333         0.2
bike,transition,0.63333           0    0.033333     0.33333
bike,transition,1  0  0  0
bike,transition,0.9           0    0.033333    0.066667
bike,transition,0.93333           0    0.033333    0.033333
bike,transition,0.93333           0    0.066667           0
bike,transition,0.83333           0         0.1    0.066667
bike,transition,0.83333           0     0.13333    0.033333
bike,transition,1  0  0  0
transition,transition,0           0         0.1         0.9
transition,transition,0.033333           0     0.19444     0.77222
transition,transition,0.036364           0     0.33939     0.62424
transition,transition,0.033333    0.066667    0.066667     0.83333
transition,transition,0           0         0.1         0.9
transition,transition,0           0     0.36667     0.63333
transition,transition,0    0.033333     0.26667         0.7
transition,transition,0    0.033333         0.3     0.66667
transition,transition,0    0.033333         0.4     0.56667
transition,transition,0           0     0.26667     0.73333
transition,transition,0.1           0     0.36667     0.53333
bike,transition,0.96667           0           0    0.033333
transition,transition,0.23333           0    0.066667         0.7
transition,transition,0.1           0         0.1         0.8
transition,transition,0.066667           0         0.2     0.73333
transition,transition,0.066667           0         0.4     0.53333
transition,transition,0           0         0.1         0.9
transition,transition,0.066667           0     0.33333         0.6
swim,transition,0.033333           0     0.56667         0.4
transition,transition,0.066667           0     0.13333         0.8
transition,transition,0.2           0    0.033333     0.76667
transition,transition,0.13333           0     0.17361     0.69306
transition,transition,0.1           0     0.43333     0.46667
swim,transition,0.10417           0       0.525     0.37083
swim,transition,0.10417           0       0.525     0.37083
swim,transition,0.10417           0       0.525     0.37083
swim,transition,0.10417           0       0.525     0.37083
swim,transition,0.0375           0     0.71885     0.24365
swim,transition,0.0041667           0     0.88552     0.11032
transition,transition,0.23333           0     0.22917      0.5375
transition,transition,0.40303           0    0.072727     0.52424
bike,transition,0.7           0    0.033333     0.26667
bike,transition,0.96667           0           0    0.033333
bike,transition,0.93333           0    0.030392    0.036275
bike,transition,0.96667           0    0.033333           0
bike,transition,1  0  0  0
bike,transition,0.9           0    0.033333    0.066667
bike,transition,0.53333           0     0.29583     0.17083
transition,transition,0.30417           0     0.25833      0.4375
swim,transition,0.33333           0     0.49706     0.16961
swim,transition,0.066667           0     0.76373     0.16961
swim,transition,0.066667           0     0.73039     0.20294
transition,transition,0.066667           0     0.33333         0.6
transition,transition,0.066667           0         0.3     0.63333
transition,transition,0.1           0    0.066667     0.83333
transition,transition,0.1           0    0.033333     0.86667
transition,transition,0.069697           0     0.26717     0.66313
transition,transition,0.33333           0     0.18333     0.48333
transition,transition,0.36667           0     0.13333         0.5
run,transition,0     0.53333     0.16667         0.3
run,transition,0     0.76667         0.1     0.13333
run,transition,0         0.6         0.2         0.2
run,transition,0     0.96667    0.033333           0
run,transition,0     0.93333    0.033333    0.033333
run,transition,0     0.93333    0.033333    0.033333
run,transition,0     0.93333    0.033333    0.033333
run,transition,0     0.93333    0.033333    0.033333
run,swim,0     0.93333    0.066667           0
run,swim,0     0.86667     0.13333           0
run,swim,0     0.93333    0.066667           0
run,swim,0     0.93333    0.066667           0
run,swim,0     0.93333    0.066667           0
run,swim,0     0.96667    0.033333           0
run,swim,0         0.7     0.13333     0.16667
swim,swim,0     0.13333     0.66667         0.2
swim,swim,0     0.13333     0.66667         0.2
swim,swim,0     0.13333     0.66667         0.2
swim,swim,0           0     0.73333     0.26667
swim,swim,0     0.13333     0.63333     0.23333
swim,swim,0           0     0.73333     0.26667
swim,swim,0     0.13333     0.66667         0.2
swim,swim,0           0     0.73333     0.26667
transition,swim,0           0     0.33333     0.66667
transition,swim,0    0.033333         0.3     0.66667
run,swim,0         0.6     0.16667     0.23333
run,swim,0         0.7         0.2         0.1
run,swim,0     0.63333     0.23333     0.13333
run,swim,0     0.63333     0.33333    0.033333
run,swim,0     0.66667         0.2     0.13333
run,swim,0     0.56667         0.2     0.23333
run,swim,0     0.46667     0.23333         0.3
run,swim,0     0.46667     0.33333         0.2
run,swim,0         0.5     0.23333     0.26667
transition,swim,0     0.13333         0.4     0.46667
swim,swim,0     0.13333     0.56667         0.3
swim,swim,0           0     0.56667     0.43333
swim,swim,0     0.13333     0.56667         0.3
swim,swim,0     0.13333         0.5     0.36667
swim,swim,0     0.33333         0.4     0.26667
swim,swim,0           0     0.53333     0.46667
swim,swim,0           0     0.53333     0.46667
transition,swim,0    0.033333         0.3     0.66667
transition,swim,0    0.033333         0.2     0.76667
transition,swim,0    0.033333     0.26667         0.7
transition,swim,0           0     0.36667     0.63333
transition,swim,0    0.033333     0.46667         0.5
swim,swim,0    0.033333     0.76667         0.2
swim,swim,0           0     0.76667     0.23333
swim,swim,0    0.033333     0.73333     0.23333
swim,swim,0    0.033333     0.63333     0.33333
transition,swim,0  0  0  1
transition,swim,0    0.033333     0.26667         0.7
transition,swim,0    0.033333     0.16667         0.8
transition,swim,0  0  0  1
transition,swim,0           0    0.033333     0.96667
swim,swim,0           0         0.9         0.1
swim,swim,0           0     0.63333     0.36667
swim,swim,0           0     0.86667     0.13333
swim,swim,0           0     0.56667     0.43333
run,swim,0     0.43333     0.33333     0.23333
run,swim,0         0.5         0.3         0.2
run,swim,0     0.36667     0.36667     0.26667
run,swim,0     0.36667     0.36667     0.26667
swim,swim,0    0.033333         0.7     0.26667
swim,swim,0    0.033333         0.7     0.26667
swim,swim,0    0.033333         0.5     0.46667
run,swim,0     0.46667     0.26667     0.26667
run,swim,0         0.5     0.26667     0.23333
run,swim,0     0.53333     0.26667         0.2
run,swim,0     0.53333         0.3     0.16667
run,swim,0         0.4     0.33333     0.26667
swim,swim,0    0.033333     0.73333     0.23333
swim,swim,0    0.033333     0.53333     0.43333
swim,swim,0           0     0.66667     0.33333
swim,swim,0    0.033333         0.5     0.46667
swim,swim,0           0     0.63333     0.36667
swim,swim,0           0         0.5         0.5
transition,swim,0           0     0.46667     0.53333
swim,swim,0           0         0.5         0.5
swim,swim,0           0     0.53333     0.46667
transition,swim,0           0         0.4         0.6
transition,swim,0    0.033333     0.46667         0.5
transition,swim,0    0.033333     0.46667         0.5
swim,swim,0    0.033333         0.6     0.36667
transition,swim,0           0     0.16667     0.83333
transition,swim,0           0     0.33333     0.66667
swim,swim,0           0         0.8         0.2
swim,swim,0    0.033333         0.9    0.066667
swim,swim,0    0.033333     0.83333     0.13333
swim,swim,0           0     0.63333     0.36667
transition,swim,0           0     0.36667     0.63333
transition,swim,0    0.033333     0.33333     0.63333
transition,swim,0    0.033333         0.4     0.56667
transition,swim,0    0.033333     0.36667         0.6
transition,swim,0    0.033333     0.36667         0.6
transition,swim,0           0     0.36667     0.63333
transition,swim,0           0     0.36667     0.63333
swim,swim,0           0     0.56667     0.43333
transition,swim,0    0.033333     0.43333     0.53333
transition,swim,0    0.033333         0.2     0.76667
transition,swim,0    0.033333     0.46667         0.5
transition,swim,0    0.033333         0.2     0.76667
transition,swim,0           0     0.36667     0.63333
swim,swim,0    0.033333     0.53333     0.43333
swim,swim,0    0.033333     0.73333     0.23333
swim,swim,0    0.033333     0.53333     0.43333
run,swim,0     0.66667     0.16667     0.16667
run,swim,0     0.46667     0.36667     0.16667
run,swim,0     0.46667     0.36667     0.16667
run,swim,0     0.46667     0.36667     0.16667
run,swim,0     0.66667     0.23333         0.1
run,swim,0         0.6     0.26667     0.13333
run,swim,0     0.46667     0.43333         0.1
run,swim,0         0.6         0.3         0.1
run,swim,0     0.93333    0.066667           0
run,swim,0         0.7     0.23333    0.066667
run,swim,0         0.7     0.13333     0.16667
run,swim,0         0.7         0.2         0.1
run,swim,0         0.5     0.36667     0.13333
swim,swim,0           0     0.93333    0.066667
swim,swim,0           0         0.9         0.1
swim,swim,0  0  1  0
swim,swim,0           0         0.8         0.2
transition,swim,0           0     0.46667     0.53333
transition,swim,0    0.066667     0.36667     0.56667
transition,swim,0           0     0.26667     0.73333
run,swim,0     0.53333     0.13333     0.33333
transition,swim,0     0.36667     0.13333         0.5
transition,swim,0     0.36667     0.13333         0.5
run,swim,0     0.36667     0.26667     0.36667
swim,swim,0           0     0.53333     0.46667
swim,swim,0           0     0.53333     0.46667
swim,swim,0    0.033333         0.5     0.46667
swim,swim,0    0.033333         0.5     0.46667
transition,swim,0    0.033333     0.46667         0.5
swim,swim,0           0     0.53333     0.46667
swim,swim,0    0.033333     0.53333     0.43333
swim,swim,0    0.033333     0.63333     0.33333
swim,swim,0    0.033333         0.6     0.36667
swim,swim,0    0.033333         0.7     0.26667
swim,swim,0    0.033333     0.56667         0.4
swim,swim,0    0.033333     0.73333     0.23333
swim,swim,0    0.033333     0.63333     0.33333
swim,swim,0           0     0.56667     0.43333
swim,swim,0           0     0.76667     0.23333
transition,swim,0           0     0.43333     0.56667
transition,swim,0           0     0.33333     0.66667
transition,swim,0           0     0.36667     0.63333
swim,swim,0           0     0.76667     0.23333
swim,swim,0           0     0.73333     0.26667
swim,swim,0    0.033333     0.53333     0.43333
transition,swim,0           0         0.4         0.6
transition,swim,0           0         0.4         0.6
transition,swim,0           0         0.4         0.6
swim,swim,0    0.033333         0.5     0.46667
swim,swim,0    0.033333     0.73333     0.23333
swim,swim,0    0.033333     0.63333     0.33333
transition,swim,0    0.033333         0.4     0.56667
transition,swim,0    0.033333     0.33333     0.63333
transition,swim,0    0.033333     0.46667         0.5
swim,swim,0           0     0.63333     0.36667
swim,swim,0           0     0.76667     0.23333
swim,swim,0           0     0.66667     0.33333
swim,swim,0           0     0.73333     0.26667
swim,swim,0           0         0.5         0.5
swim,swim,0           0         0.7         0.3
swim,swim,0           0         0.7         0.3
swim,swim,0           0         0.5         0.5
swim,swim,0     0.16667     0.43333         0.4
swim,swim,0    0.033333         0.5     0.46667
swim,swim,0    0.033333         0.5     0.46667
swim,swim,0    0.033333     0.53333     0.43333
swim,swim,0    0.033333     0.53333     0.43333
transition,swim,0           0         0.4         0.6
swim,swim,0           0         0.5         0.5
run,swim,0     0.36667     0.33333         0.3
run,swim,0     0.36667     0.36667     0.26667
swim,swim,0    0.033333         0.5     0.46667
run,swim,0     0.36667     0.33333         0.3
run,swim,0         0.4         0.3         0.3
swim,swim,0    0.033333     0.53333     0.43333
swim,swim,0    0.033333     0.56667         0.4
swim,swim,0    0.033333     0.53333     0.43333
swim,swim,0    0.033333     0.53333     0.43333
swim,swim,0    0.033333     0.56667         0.4
swim,swim,0    0.033333     0.63333     0.33333
swim,swim,0    0.033333     0.56667         0.4
swim,swim,0    0.033333     0.63333     0.33333
run,swim,0     0.36667     0.36667     0.26667
swim,swim,0     0.33333     0.43333     0.23333
swim,swim,0     0.33333         0.4     0.26667
run,swim,0         0.5         0.2         0.3
swim,swim,0     0.33333         0.4     0.26667
transition,swim,0           0     0.36667     0.63333
transition,swim,0           0         0.3         0.7
transition,swim,0    0.033333     0.33333     0.63333
transition,swim,0     0.36667     0.13333         0.5
transition,swim,0           0     0.36667     0.63333
transition,swim,0           0     0.36667     0.63333
swim,swim,0    0.033333     0.56667         0.4
swim,swim,0    0.033333     0.56667         0.4
swim,swim,0    0.033333     0.56667         0.4
run,swim,0     0.36667     0.36667     0.26667
swim,swim,0    0.033333         0.6     0.36667
swim,swim,0    0.033333         0.6     0.36667
swim,swim,0    0.033333     0.56667         0.4
swim,swim,0           0     0.56667     0.43333
transition,swim,0           0     0.33333     0.66667
transition,swim,0           0         0.4         0.6
transition,swim,0    0.033333     0.33333     0.63333
transition,swim,0    0.033333     0.43333     0.53333
transition,swim,0    0.033333     0.33333     0.63333
transition,swim,0    0.066667         0.3     0.63333
transition,swim,0           0         0.4         0.6
transition,swim,0    0.033333         0.4     0.56667
transition,swim,0    0.033333     0.36667         0.6
swim,swim,0     0.33333     0.43333     0.23333
run,swim,0     0.36667     0.36667     0.26667
run,swim,0     0.43333     0.36667         0.2
swim,swim,0    0.033333     0.56667         0.4
swim,swim,0    0.033333     0.53333     0.43333
swim,swim,0    0.033333         0.5     0.46667
transition,swim,0    0.033333     0.36667         0.6
transition,swim,0    0.033333     0.33333     0.63333
transition,swim,0    0.066667     0.33333         0.6
transition,swim,0    0.033333     0.43333     0.53333
transition,swim,0    0.033333         0.3     0.66667
transition,swim,0    0.033333     0.43333     0.53333
transition,swim,0           0         0.3         0.7
swim,swim,0    0.033333     0.56667         0.4
transition,swim,0    0.033333     0.16667         0.8
transition,swim,0    0.033333         0.2     0.76667
transition,swim,0    0.033333     0.16667         0.8
transition,swim,0    0.033333         0.2     0.76667
transition,swim,0  0  0  1
transition,swim,0           0    0.077778     0.92222
transition,swim,0           0     0.21111     0.78889
run,swim,0     0.53333         0.1     0.36667
run,swim,0     0.56667         0.1     0.33333
run,swim,0     0.46667     0.23333         0.3
run,swim,0     0.46667     0.16667     0.36667
run,swim,0     0.46667     0.26667     0.26667
transition,swim,0    0.033333     0.36667         0.6
swim,swim,0    0.033333         0.5     0.46667
run,swim,0     0.33333     0.33333     0.33333
run,swim,0     0.36667     0.33333         0.3
swim,swim,0    0.033333     0.53333     0.43333
swim,swim,0    0.033333     0.53333     0.43333
transition,swim,0           0     0.23333     0.76667
transition,swim,0           0         0.3         0.7
transition,swim,0    0.066667         0.3     0.63333
transition,swim,0    0.033333     0.33333     0.63333
transition,swim,0    0.033333         0.3     0.66667
transition,swim,0    0.033333     0.43333     0.53333
transition,swim,0    0.033333     0.46667         0.5
swim,swim,0    0.033333         0.6     0.36667
swim,swim,0    0.033333         0.5     0.46667
swim,swim,0    0.033333     0.56667         0.4
swim,swim,0    0.033333         0.6     0.36667
swim,swim,0    0.033333     0.63333     0.33333
swim,swim,0    0.033333         0.6     0.36667
swim,swim,0    0.033333         0.6     0.36667
swim,swim,0    0.033333     0.53333     0.43333
swim,swim,0    0.033333         0.6     0.36667
swim,swim,0           0         0.6         0.4
swim,swim,0    0.033333         0.6     0.36667
swim,swim,0           0     0.63333     0.36667
transition,swim,0           0     0.43333     0.56667
swim,swim,0    0.033333         0.5     0.46667
swim,swim,0    0.033333     0.53333     0.43333
transition,swim,0    0.033333         0.4     0.56667
swim,swim,0    0.033333     0.56667         0.4
transition,swim,0    0.033333         0.4     0.56667
transition,swim,0    0.033333         0.3     0.66667
transition,swim,0           0     0.16667     0.83333
transition,swim,0.033333    0.033333           0     0.93333
transition,swim,0.033333           0    0.033333     0.93333
transition,swim,0.066667           0           0     0.93333
transition,swim,0.033333           0    0.066667         0.9
transition,swim,0           0     0.16667     0.83333
transition,swim,0           0         0.2         0.8
transition,swim,0           0         0.2         0.8
transition,swim,0           0     0.36667     0.63333
run,swim,0         0.5     0.23333     0.26667
run,swim,0     0.46667     0.43333         0.1
swim,swim,0     0.13333     0.56667         0.3
run,swim,0     0.46667     0.43333         0.1
swim,swim,0     0.16667         0.6     0.23333
swim,swim,0         0.2     0.53333     0.26667
swim,swim,0     0.13333         0.6     0.26667
run,swim,0     0.46667         0.4     0.13333
run,swim,0     0.56667     0.23333         0.2
run,swim,0         0.5         0.3         0.2
swim,swim,0     0.36667         0.4     0.23333
swim,swim,0     0.33333     0.36667         0.3
swim,swim,0     0.33333     0.36667         0.3
run,swim,0     0.36667     0.36667     0.26667
run,swim,0         0.5         0.3         0.2
run,swim,0         0.5         0.3         0.2
run,swim,0         0.4     0.23333     0.36667
run,swim,0         0.4         0.2         0.4
transition,swim,0           0     0.36667     0.63333
transition,swim,0           0     0.26667     0.73333
transition,swim,0    0.033333         0.4     0.56667
swim,swim,0    0.033333     0.53333     0.43333
swim,swim,0    0.033333     0.56667         0.4
swim,swim,0    0.033333     0.63333     0.33333
swim,swim,0    0.033333     0.56667         0.4
run,swim,0     0.43333     0.33333     0.23333
run,swim,0     0.43333     0.36667         0.2
transition,swim,0    0.033333         0.4     0.56667
transition,swim,0    0.033333         0.4     0.56667
transition,swim,0    0.033333         0.3     0.66667
transition,swim,0.033333           0         0.3     0.66667
transition,swim,0           0     0.26667     0.73333
swim,swim,0    0.033333     0.63333     0.33333
swim,swim,0    0.033333     0.56667         0.4
transition,swim,0           0         0.3         0.7
swim,swim,0           0     0.53333     0.46667
run,swim,0     0.63333     0.23333     0.13333
run,swim,0     0.63333         0.3    0.066667
run,swim,0     0.63333         0.3    0.066667
run,swim,0     0.56667     0.23333         0.2
run,swim,0     0.46667     0.33333         0.2
swim,swim,0    0.033333     0.53333     0.43333
swim,swim,0           0     0.53333     0.46667
transition,swim,0           0         0.3         0.7
transition,swim,0    0.033333     0.26667         0.7
swim,swim,0    0.033333     0.66667         0.3
transition,swim,0           0     0.13333     0.86667
swim,swim,0           0         0.9         0.1
swim,swim,0           0         0.8         0.2
transition,swim,0           0     0.36667     0.63333
transition,swim,0    0.033333         0.3     0.66667
transition,swim,0    0.033333         0.3     0.66667
transition,swim,0    0.066667     0.33333         0.6
transition,swim,0    0.033333     0.36667         0.6
transition,swim,0    0.066667     0.36667     0.56667
transition,swim,0    0.033333     0.36667         0.6
transition,swim,0           0     0.33333     0.66667
swim,swim,0           0         0.5         0.5
swim,swim,0  0  1  0
swim,swim,0           0         0.5         0.5
swim,swim,0           0     0.73333     0.26667
swim,swim,0    0.033333         0.5     0.46667
swim,swim,0     0.33333         0.5     0.16667
swim,swim,0     0.33333         0.4     0.26667
swim,swim,0    0.033333         0.5     0.46667
transition,swim,0           0     0.43333     0.56667
swim,swim,0           0     0.63333     0.36667
swim,swim,0           0         0.5         0.5
swim,swim,0           0     0.53333     0.46667
swim,swim,0           0     0.56667     0.43333
swim,swim,0    0.033333     0.66667         0.3
transition,swim,0    0.033333     0.43333     0.53333
transition,swim,0    0.033333         0.3     0.66667
transition,swim,0.16667         0.1     0.23333         0.5
transition,swim,0.033333           0    0.066667         0.9
transition,swim,0.1           0         0.3         0.6
transition,swim,0.033333           0    0.066667         0.9
transition,swim,0           0    0.066667     0.93333
swim,swim,0    0.033333     0.73333     0.23333
swim,swim,0    0.033333     0.76667         0.2
swim,swim,0    0.033333     0.56667         0.4
run,swim,0     0.53333     0.26667         0.2
run,swim,0     0.53333     0.26667         0.2
swim,swim,0    0.033333     0.56667         0.4
swim,swim,0    0.033333     0.53333     0.43333
swim,swim,0    0.033333         0.6     0.36667
swim,swim,0    0.033333         0.5     0.46667
swim,swim,0    0.033333     0.53333     0.43333
swim,swim,0    0.033333     0.56667         0.4
swim,swim,0    0.033333     0.73333     0.23333
swim,swim,0    0.033333         0.5     0.46667
swim,swim,0           0     0.53333     0.46667
swim,swim,0    0.033333     0.56667         0.4
swim,swim,0           0     0.53333     0.46667
swim,swim,0    0.033333         0.6     0.36667
swim,swim,0    0.033333         0.6     0.36667
swim,swim,0    0.033333     0.56667         0.4
swim,swim,0    0.033333     0.53333     0.43333
swim,swim,0    0.033333     0.53333     0.43333
transition,swim,0    0.033333     0.43333     0.53333
swim,swim,0    0.033333     0.53333     0.43333
swim,swim,0    0.033333         0.6     0.36667
swim,swim,0    0.033333         0.5     0.46667
swim,swim,0    0.066667     0.53333         0.4
swim,swim,0    0.033333     0.56667         0.4
swim,swim,0    0.033333         0.8     0.16667
swim,swim,0     0.33333     0.46667         0.2
swim,swim,0     0.33333     0.46667         0.2
swim,swim,0           0     0.56667     0.43333
swim,swim,0     0.33333         0.4     0.26667
swim,swim,0    0.033333     0.56667         0.4
swim,swim,0           0         0.5         0.5
swim,swim,0    0.033333         0.5     0.46667
transition,swim,0           0         0.3         0.7
transition,swim,0    0.033333         0.4     0.56667
transition,swim,0    0.033333     0.46667         0.5
transition,swim,0           0     0.33333     0.66667
transition,swim,0           0     0.46667     0.53333
transition,swim,0         0.1         0.3         0.6
run,swim,0     0.36667     0.33333         0.3
run,swim,0     0.66667         0.2     0.13333
run,swim,0     0.63333     0.26667         0.1
run,swim,0     0.63333         0.3    0.066667
run,swim,0     0.46667     0.43333         0.1
run,swim,0     0.46667     0.43333         0.1
swim,swim,0           0         0.6         0.4
swim,swim,0           0     0.53333     0.46667
swim,swim,0    0.033333     0.63333     0.33333
transition,swim,0    0.033333     0.16667         0.8
swim,swim,0    0.033333         0.7     0.26667
swim,swim,0    0.033333     0.73333     0.23333
swim,swim,0     0.33333         0.4     0.26667
swim,swim,0     0.33333     0.43333     0.23333
swim,swim,0     0.33333     0.43333     0.23333
swim,swim,0    0.066667     0.53333         0.4
swim,swim,0    0.066667     0.53333         0.4
swim,swim,0    0.066667         0.5     0.43333
swim,swim,0    0.033333     0.73333     0.23333
swim,swim,0    0.033333     0.73333     0.23333
swim,swim,0     0.33333     0.43333     0.23333
run,swim,0         0.5         0.3         0.2
run,swim,0         0.5         0.3         0.2
run,swim,0     0.53333     0.43333    0.033333
run,swim,0     0.53333     0.36667         0.1
run,swim,0     0.53333         0.4    0.066667
swim,swim,0    0.033333     0.73333     0.23333
transition,swim,0           0    0.033333     0.96667
transition,swim,0  0  0  1
transition,swim,0  0  0  1
transition,swim,0    0.033333         0.3     0.66667
transition,swim,0.033333           0         0.3     0.66667
transition,swim,0    0.033333    0.066667         0.9
transition,swim,0           0    0.033333     0.96667
transition,swim,0  0  0  1
transition,swim,0           0         0.1         0.9
transition,swim,0           0         0.1         0.9
transition,swim,0  0  0  1
transition,swim,0           0    0.066667     0.93333
swim,swim,0           0         0.5         0.5
bike,swim,0.6           0     0.23333     0.16667
bike,swim,0.4           0         0.2         0.4
transition,transition,0.066667           0     0.33333         0.6
transition,transition,0           0     0.26667     0.73333
swim,transition,0           0         0.6         0.4
transition,transition,0           0     0.43333     0.56667
swim,transition,0           0         0.7         0.3
swim,transition,0           0     0.76667     0.23333
transition,transition,0     0.13333    0.066667         0.8
run,transition,0         0.6         0.2         0.2
run,transition,0         0.9    0.033333    0.066667
run,transition,0         0.9    0.033333    0.066667
run,transition,0         0.9    0.033333    0.066667
run,transition,0         0.9    0.033333    0.066667
run,transition,0         0.9    0.033333    0.066667
run,transition,0         0.9    0.033333    0.066667
run,transition,0     0.56667     0.16667     0.26667
run,transition,0         0.9    0.033333    0.066667
run,transition,0         0.9    0.033333    0.066667
run,transition,0         0.9    0.033333    0.066667
run,transition,0         0.9    0.033333    0.066667
run,transition,0  1  0  0
run,transition,0  1  0  0
run,transition,0  1  0  0
run,transition,0  1  0  0
run,transition,0  1  0  0
run,transition,0         0.9    0.033333    0.066667
run,transition,0     0.86667    0.033333         0.1
run,transition,0         0.9    0.033333    0.066667
run,transition,0  1  0  0
run,transition,0  1  0  0
run,transition,0  1  0  0
run,transition,0  1  0  0
run,transition,0  1  0  0
run,transition,0  1  0  0
run,transition,0  1  0  0
run,transition,0  1  0  0
run,transition,0  1  0  0
run,transition,0  1  0  0
run,transition,0  1  0  0
run,transition,0  1  0  0
run,transition,0  1  0  0
run,transition,0  1  0  0
run,transition,0  1  0  0
run,transition,0  1  0  0
run,transition,0  1  0  0
run,transition,0  1  0  0
run,transition,0  1  0  0
run,transition,0  1  0  0
run,transition,0  1  0  0
run,transition,0  1  0  0
run,transition,0  1  0  0
run,transition,0  1  0  0
run,transition,0  1  0  0
run,transition,0  1  0  0
run,transition,0  1  0  0
run,transition,0  1  0  0
run,transition,0  1  0  0
run,transition,0  1  0  0
run,transition,0  1  0  0
run,transition,0  1  0  0
run,transition,0  1  0  0
run,transition,0  1  0  0
run,transition,0         0.9    0.033333    0.066667
run,transition,0         0.9    0.033333    0.066667
run,transition,0     0.56667         0.2     0.23333
run,transition,0     0.56667     0.13333         0.3
run,transition,0     0.53333         0.1     0.36667
transition,transition,0     0.16667         0.1     0.73333
transition,transition,0           0     0.29706     0.70294
transition,transition,0           0     0.26667     0.73333
swim,transition,0.033333           0     0.63333     0.33333
swim,transition,0.16667           0     0.66667     0.16667
swim,transition,0.033333           0         0.6     0.36667
swim,transition,0           0     0.56373     0.43627
transition,transition,0           0     0.33039     0.66961
transition,transition,0           0     0.46373     0.53627
transition,transition,0           0     0.43333     0.56667
swim,transition,0.033333           0     0.53333     0.43333
swim,transition,0.033333           0         0.5     0.46667
transition,transition,0           0     0.13333     0.86667
transition,transition,0           0    0.033333     0.96667
transition,transition,0           0    0.033333     0.96667
transition,transition,0           0         0.1         0.9
transition,transition,0           0         0.1         0.9
transition,transition,0           0         0.1         0.9
transition,transition,0           0     0.16667     0.83333
transition,transition,0           0     0.13333     0.86667
transition,transition,0    0.033333         0.2     0.76667
transition,transition,0    0.033333         0.2     0.76667
transition,transition,0    0.033333         0.2     0.76667
transition,transition,0    0.033333         0.1     0.86667
transition,transition,0           0         0.1         0.9
transition,transition,0    0.033333     0.16667         0.8
transition,transition,0    0.033333         0.2     0.76667
transition,transition,0    0.033333     0.33333     0.63333
transition,transition,0    0.033333         0.4     0.56667
transition,transition,0    0.033333     0.43333     0.53333
transition,transition,0    0.033333         0.4     0.56667
transition,transition,0    0.033333     0.26667         0.7
transition,transition,0           0     0.46667     0.53333
transition,transition,0    0.033333         0.4     0.56667
transition,transition,0    0.033333     0.36667         0.6
transition,transition,0    0.033333     0.36667         0.6
transition,transition,0    0.033333     0.43333     0.53333
transition,transition,0           0     0.43333     0.56667
transition,transition,0           0         0.4         0.6
transition,transition,0           0    0.033333     0.96667
transition,transition,0           0    0.066667     0.93333
transition,transition,0    0.033333         0.1     0.86667
transition,transition,0    0.033333     0.16667         0.8
transition,transition,0    0.066667     0.43333         0.5
swim,transition,0           0     0.76667     0.23333
swim,transition,0    0.033333     0.86667         0.1
swim,transition,0    0.033333     0.66667         0.3
swim,transition,0    0.033333         0.7     0.26667
swim,transition,0    0.033333         0.9    0.066667
transition,transition,0           0    0.066667     0.93333
transition,transition,0  0  0  1
transition,transition,0           0         0.1         0.9
transition,transition,0           0         0.2         0.8
transition,transition,0           0     0.46667     0.53333
transition,transition,0           0     0.46667     0.53333
transition,transition,0           0     0.33333     0.66667
transition,transition,0           0     0.13333     0.86667
transition,transition,0    0.066667         0.1     0.83333
transition,transition,0    0.066667     0.13333         0.8
transition,transition,0           0    0.066667     0.93333
run,transition,0     0.43333     0.43333     0.13333
swim,transition,0         0.4     0.43333     0.16667
swim,transition,0         0.4     0.43039     0.16961
run,transition,0         0.4         0.4         0.2
run,transition,0         0.5     0.23333     0.26667
transition,transition,0           0         0.1         0.9
transition,transition,0           0    0.066667     0.93333
transition,transition,0  0  0  1
transition,transition,0  0  0  1
transition,transition,0  0  0  1
transition,transition,0    0.033333     0.16667         0.8
transition,transition,0    0.033333         0.2     0.76667
transition,transition,0    0.033333         0.2     0.76667
transition,transition,0    0.033333         0.2     0.76667
transition,transition,0    0.033333     0.16667         0.8
transition,transition,0           0    0.066667     0.93333
transition,transition,0           0    0.066667     0.93333
transition,transition,0           0         0.1         0.9
transition,transition,0  0  0  1
transition,transition,0           0    0.033333     0.96667
transition,transition,0           0    0.033333     0.96667
transition,transition,0           0    0.066667     0.93333
transition,transition,0           0    0.066667     0.93333
transition,transition,0           0     0.16667     0.83333
swim,transition,0           0         0.5         0.5
swim,transition,0           0     0.59706     0.40294
swim,transition,0           0     0.59706     0.40294
swim,transition,0           0     0.66373     0.33627
transition,transition,0.033333           0     0.43333     0.53333
transition,transition,0           0         0.2         0.8
transition,transition,0           0    0.066667     0.93333
transition,transition,0           0    0.066667     0.93333
transition,transition,0           0    0.033333     0.96667
transition,transition,0           0     0.26667     0.73333
swim,transition,0           0     0.63039     0.36961
bike,transition,0.46667           0     0.46373    0.069608
transition,transition,0           0     0.26667     0.73333
transition,transition,0           0    0.066667     0.93333
transition,transition,0           0    0.066667     0.93333
transition,transition,0           0    0.066667     0.93333
transition,transition,0           0    0.066667     0.93333
transition,transition,0  0  0  1
transition,transition,0  0  0  1
transition,transition,0           0    0.033333     0.96667
transition,transition,0  0  0  1
transition,transition,0           0    0.033333     0.96667
transition,transition,0           0    0.033333     0.96667
transition,transition,0           0         0.1         0.9
transition,transition,0           0    0.066667     0.93333
transition,transition,0           0    0.066667     0.93333
transition,transition,0.033333           0           0     0.96667
transition,transition,0  0  0  1
transition,transition,0    0.033333    0.066667         0.9
transition,transition,0           0    0.033333     0.96667
transition,transition,0           0    0.066667     0.93333
transition,transition,0           0     0.33333     0.66667
transition,transition,0           0         0.4         0.6
swim,transition,0.1           0     0.59706     0.30294
transition,transition,0.033333           0     0.33333     0.63333
swim,transition,0           0         0.5         0.5
transition,transition,0.033333           0     0.33333     0.63333
transition,transition,0           0     0.43333     0.56667
transition,transition,0           0         0.1         0.9
transition,transition,0           0     0.23333     0.76667
transition,transition,0           0     0.23333     0.76667
transition,transition,0           0     0.23333     0.76667
transition,transition,0           0         0.3         0.7
transition,transition,0           0         0.4         0.6
transition,transition,0    0.066667     0.26667     0.66667
transition,transition,0    0.066667     0.26667     0.66667
transition,transition,0    0.033333     0.26667         0.7
transition,transition,0.033333           0     0.26667         0.7
transition,transition,0           0    0.066667     0.93333
bike,transition,0.76667           0    0.063725     0.16961
bike,transition,1  0  0  0
bike,transition,0.93333           0    0.066667           0
bike,transition,0.93333           0    0.066667           0
bike,transition,0.93333           0    0.066667           0
bike,transition,0.93333           0    0.066667           0
bike,transition,0.93333           0    0.066667           0
bike,transition,0.93333           0           0    0.066667
bike,transition,0.70303           0    0.039394     0.25758
bike,transition,0.73636           0    0.072727     0.19091
bike,transition,0.73636           0   0.0060606     0.25758
bike,transition,0.9           0           0         0.1
bike,transition,0.96667           0           0    0.033333
bike,transition,0.93333           0    0.066667           0
bike,transition,0.93333           0    0.066667           0
bike,transition,0.93333           0    0.066667           0
bike,transition,0.93333           0    0.066667           0
bike,transition,0.93333           0    0.066667           0
bike,transition,1  0  0  0
bike,transition,1  0  0  0
bike,transition,1  0  0  0
bike,transition,1  0  0  0
bike,transition,1  0  0  0
bike,transition,0.96667           0           0    0.033333
bike,transition,0.96667           0           0    0.033333
bike,transition,0.96667           0           0    0.033333
bike,transition,1  0  0  0
bike,transition,0.96667           0           0    0.033333
bike,transition,0.7           0    0.066667     0.23333
bike,transition,0.66667           0     0.13333         0.2
bike,transition,0.36667           0     0.26667     0.36667
swim,transition,0.2           0     0.53333     0.26667
swim,transition,0.2           0         0.5         0.3
swim,transition,0.2           0         0.5         0.3
swim,transition,0.2           0         0.4         0.4
bike,transition,0.76667           0     0.13333         0.1
bike,transition,0.9           0    0.066667    0.033333
bike,transition,0.9           0    0.066667    0.033333
bike,transition,0.9           0    0.066667    0.033333
bike,transition,0.7           0    0.066667     0.23333
bike,transition,0.73333           0    0.066667         0.2
bike,transition,0.8           0         0.1         0.1
bike,transition,0.8           0         0.1         0.1
bike,transition,0.93333           0    0.066667           0
swim,transition,0.46667           0         0.5    0.033333
bike,transition,0.93333           0    0.066667           0
bike,transition,0.96667           0    0.033333           0
swim,transition,0.2           0         0.4         0.4
transition,transition,0.066667           0     0.33333         0.6
swim,transition,0.3           0     0.36667     0.33333
transition,transition,0.16667           0         0.2     0.63333
transition,transition,0.1           0     0.23333     0.66667
bike,transition,0.73333           0     0.23333    0.033333
bike,transition,1  0  0  0
bike,transition,1  0  0  0
bike,transition,1  0  0  0
bike,transition,1  0  0  0
bike,transition,1  0  0  0
bike,transition,1  0  0  0
bike,bike,1  0  0  0
bike,bike,1  0  0  0
bike,bike,1  0  0  0
bike,bike,1  0  0  0
bike,bike,1  0  0  0
bike,bike,1  0  0  0
bike,bike,1  0  0  0
bike,bike,1  0  0  0
bike,bike,1  0  0  0
bike,bike,1  0  0  0
bike,bike,1  0  0  0
bike,bike,1  0  0  0
bike,bike,1  0  0  0
bike,bike,0.93333           0    0.066667           0
bike,bike,1  0  0  0
bike,bike,1  0  0  0
bike,bike,1  0  0  0
bike,bike,1  0  0  0
bike,bike,1  0  0  0
bike,bike,1  0  0  0
bike,bike,1  0  0  0
bike,bike,1  0  0  0
bike,bike,1  0  0  0
bike,bike,1  0  0  0
bike,bike,1  0  0  0
bike,bike,1  0  0  0
bike,bike,1  0  0  0
bike,bike,1  0  0  0
bike,bike,1  0  0  0
bike,bike,1  0  0  0
bike,bike,1  0  0  0
bike,bike,1  0  0  0
bike,bike,1  0  0  0
bike,bike,1  0  0  0
bike,bike,1  0  0  0
bike,bike,1  0  0  0
bike,bike,1  0  0  0
bike,bike,1  0  0  0
bike,bike,1  0  0  0
bike,bike,1  0  0  0
bike,bike,1  0  0  0
bike,bike,1  0  0  0
bike,bike,1  0  0  0
bike,bike,1  0  0  0
bike,bike,1  0  0  0
bike,bike,1  0  0  0
bike,bike,1  0  0  0
bike,bike,1  0  0  0
bike,bike,1  0  0  0
bike,bike,1  0  0  0
bike,bike,1  0  0  0
bike,bike,1  0  0  0
bike,bike,1  0  0  0
bike,bike,1  0  0  0
bike,bike,1  0  0  0
bike,bike,1  0  0  0
bike,bike,1  0  0  0
bike,bike,1  0  0  0
bike,bike,1  0  0  0
bike,bike,1  0  0  0
bike,bike,1  0  0  0
bike,bike,1  0  0  0
bike,bike,1  0  0  0
bike,bike,1  0  0  0
bike,bike,1  0  0  0
bike,bike,1  0  0  0
bike,bike,1  0  0  0
bike,bike,1  0  0  0
bike,bike,1  0  0  0
bike,bike,1  0  0  0
bike,bike,1  0  0  0
bike,bike,0.7           0           0         0.3
bike,bike,0.66667           0           0     0.33333
transition,bike,0.43333           0         0.1     0.46667
bike,bike,0.7           0    0.033333     0.26667
bike,bike,1  0  0  0
bike,bike,1  0  0  0
bike,bike,1  0  0  0
bike,bike,1  0  0  0
bike,bike,1  0  0  0
bike,bike,1  0  0  0
bike,bike,0.63333     0.13333    0.033333         0.2
bike,bike,0.5     0.13333         0.1     0.26667
bike,bike,0.9           0    0.033333    0.066667
bike,bike,0.9           0    0.033333    0.066667
bike,bike,0.93333           0    0.033333    0.033333
bike,bike,1  0  0  0
bike,bike,0.96667           0           0    0.033333
bike,bike,0.86667           0           0     0.13333
bike,bike,0.83333           0           0     0.16667
bike,bike,0.83333    0.033333           0     0.13333
bike,bike,0.83333    0.033333           0     0.13333
bike,bike,0.93333           0    0.033333    0.033333
bike,bike,1  0  0  0
bike,bike,1  0  0  0
bike,bike,1  0  0  0
bike,bike,0.93333           0           0    0.066667
bike,bike,0.96667           0           0    0.033333
bike,bike,0.93333           0    0.033333    0.033333
bike,bike,0.93333           0    0.033333    0.033333
bike,bike,0.96667           0           0    0.033333
bike,bike,0.86667           0           0     0.13333
bike,bike,0.83333    0.033333           0     0.13333
bike,bike,0.83333    0.033333           0     0.13333
bike,bike,0.83333    0.033333           0     0.13333
bike,bike,0.83333    0.033333    0.066667    0.066667
bike,bike,0.7    0.033333         0.1     0.16667
bike,bike,0.7    0.033333     0.23333    0.033333
bike,bike,0.73333    0.033333     0.16667    0.066667
bike,bike,0.73333    0.033333     0.13333         0.1
bike,bike,0.7    0.033333         0.2    0.066667
bike,bike,0.73333    0.033333         0.2    0.033333
bike,bike,0.83333    0.033333           0     0.13333
bike,bike,0.76667    0.033333         0.1         0.1
bike,bike,0.73333    0.033333         0.1     0.13333
bike,bike,0.83333    0.033333           0     0.13333
bike,bike,0.83333    0.033333           0     0.13333
bike,bike,0.86667           0         0.1    0.033333
bike,bike,0.96667           0    0.033333           0
bike,bike,1  0  0  0
bike,bike,1  0  0  0
bike,bike,1  0  0  0
bike,bike,1  0  0  0
bike,bike,1  0  0  0
transition,bike,0.43333           0         0.1     0.46667
transition,bike,0.4           0         0.1         0.5
bike,bike,0.5           0     0.16667     0.33333
bike,bike,0.53333           0         0.2     0.26667
bike,bike,0.5           0     0.23333     0.26667
bike,bike,0.83333           0    0.033333     0.13333
bike,bike,0.76667           0    0.066667     0.16667
bike,bike,0.83333           0    0.033333     0.13333
bike,bike,0.9           0    0.033333    0.066667
bike,bike,0.83333           0           0     0.16667
bike,bike,0.93333           0           0    0.066667
bike,bike,1  0  0  0
bike,bike,1  0  0  0
bike,bike,1  0  0  0
bike,bike,1  0  0  0
bike,bike,1  0  0  0
bike,bike,1  0  0  0
bike,bike,1  0  0  0
bike,bike,1  0  0  0
bike,bike,1  0  0  0
bike,bike,1  0  0  0
bike,bike,1  0  0  0
bike,bike,1  0  0  0
bike,bike,1  0  0  0
bike,bike,1  0  0  0
bike,bike,1  0  0  0
bike,bike,1  0  0  0
bike,bike,1  0  0  0
bike,bike,1  0  0  0
bike,bike,1  0  0  0
bike,bike,1  0  0  0
bike,bike,1  0  0  0
bike,bike,1  0  0  0
bike,bike,1  0  0  0
bike,bike,1  0  0  0
bike,bike,1  0  0  0
bike,bike,1  0  0  0
bike,bike,1  0  0  0
bike,bike,1  0  0  0
bike,bike,1  0  0  0
bike,bike,1  0  0  0
bike,bike,1  0  0  0
bike,bike,1  0  0  0
bike,bike,1  0  0  0
bike,bike,1  0  0  0
bike,bike,1  0  0  0
bike,bike,1  0  0  0
bike,bike,1  0  0  0
bike,bike,1  0  0  0
bike,bike,1  0  0  0
bike,bike,1  0  0  0
bike,bike,1  0  0  0
bike,bike,1  0  0  0
bike,bike,1  0  0  0
bike,bike,1  0  0  0
bike,bike,1  0  0  0
bike,bike,1  0  0  0
bike,bike,1  0  0  0
bike,bike,1  0  0  0
bike,bike,1  0  0  0
bike,bike,1  0  0  0
bike,bike,1  0  0  0
bike,bike,1  0  0  0
bike,bike,1  0  0  0
bike,bike,1  0  0  0
bike,bike,1  0  0  0
bike,bike,1  0  0  0
bike,bike,1  0  0  0
bike,bike,0.76667           0     0.22302    0.010317
bike,bike,0.73333           0     0.25635    0.010317
bike,bike,0.76667           0     0.22302    0.010317
bike,bike,1  0  0  0
bike,bike,1  0  0  0
bike,bike,1  0  0  0
bike,bike,1  0  0  0
bike,bike,1  0  0  0
bike,bike,1  0  0  0
bike,bike,1  0  0  0
bike,bike,1  0  0  0
bike,bike,1  0  0  0
bike,bike,0.96667           0           0    0.033333
bike,bike,0.96667           0           0    0.033333
bike,bike,1  0  0  0
bike,bike,1  0  0  0
bike,bike,0.96667           0           0    0.033333
bike,bike,1  0  0  0
bike,bike,1  0  0  0
bike,bike,1  0  0  0
bike,bike,1  0  0  0
bike,bike,1  0  0  0
bike,bike,1  0  0  0
bike,bike,1  0  0  0
bike,bike,1  0  0  0
bike,bike,1  0  0  0
bike,bike,1  0  0  0
bike,bike,1  0  0  0
bike,bike,1  0  0  0
bike,bike,1  0  0  0
bike,bike,1  0  0  0
bike,bike,1  0  0  0
bike,bike,1  0  0  0
bike,bike,0.86667           0    0.066667    0.066667
bike,bike,0.96667           0           0    0.033333
bike,bike,1  0  0  0
bike,bike,1  0  0  0
bike,bike,1  0  0  0
bike,bike,1  0  0  0
bike,bike,1  0  0  0
bike,bike,1  0  0  0
bike,bike,0.96667           0           0    0.033333
bike,bike,0.96667           0           0    0.033333
bike,bike,0.96667           0           0    0.033333
bike,bike,0.96667           0           0    0.033333
bike,bike,1  0  0  0
bike,bike,1  0  0  0
bike,bike,1  0  0  0
bike,bike,1  0  0  0
bike,bike,1  0  0  0
bike,bike,1  0  0  0
bike,bike,1  0  0  0
bike,bike,0.93333           0    0.066667           0
bike,bike,1  0  0  0
bike,bike,1  0  0  0
bike,bike,1  0  0  0
bike,bike,1  0  0  0
bike,bike,1  0  0  0
bike,bike,1  0  0  0
bike,bike,1  0  0  0
bike,bike,1  0  0  0
bike,bike,1  0  0  0
bike,bike,1  0  0  0
bike,bike,1  0  0  0
bike,bike,1  0  0  0
bike,bike,1  0  0  0
bike,bike,1  0  0  0
bike,bike,1  0  0  0
bike,bike,0.96667           0    0.033333           0
bike,bike,1  0  0  0
bike,bike,1  0  0  0
bike,bike,1  0  0  0
bike,bike,1  0  0  0
bike,bike,1  0  0  0
bike,bike,1  0  0  0
bike,bike,1  0  0  0
bike,bike,1  0  0  0
bike,bike,1  0  0  0
bike,bike,1  0  0  0
bike,bike,1  0  0  0
bike,bike,1  0  0  0
bike,bike,1  0  0  0
bike,bike,1  0  0  0
bike,bike,1  0  0  0
bike,bike,1  0  0  0
bike,bike,1  0  0  0
bike,bike,1  0  0  0
bike,bike,1  0  0  0
bike,bike,1  0  0  0
bike,bike,1  0  0  0
bike,bike,1  0  0  0
bike,bike,1  0  0  0
bike,bike,1  0  0  0
bike,bike,1  0  0  0
bike,bike,1  0  0  0
bike,bike,1  0  0  0
bike,bike,1  0  0  0
bike,bike,1  0  0  0
bike,bike,1  0  0  0
bike,bike,1  0  0  0
bike,bike,1  0  0  0
bike,bike,1  0  0  0
bike,bike,1  0  0  0
bike,bike,1  0  0  0
bike,bike,1  0  0  0
bike,bike,1  0  0  0
bike,bike,0.76667           0     0.22302    0.010317
bike,bike,1  0  0  0
bike,bike,0.76667           0     0.22302    0.010317
bike,bike,0.76667           0     0.22302    0.010317
bike,bike,0.76667           0     0.22302    0.010317
bike,bike,0.76667           0     0.22302    0.010317
bike,bike,0.76667           0     0.22302    0.010317
bike,bike,0.76667           0     0.22302    0.010317
bike,bike,0.76667           0     0.22302    0.010317
bike,bike,1  0  0  0
bike,bike,1  0  0  0
bike,bike,1  0  0  0
bike,bike,1  0  0  0
bike,bike,1  0  0  0
bike,bike,1  0  0  0
bike,bike,1  0  0  0
bike,bike,1  0  0  0
bike,bike,1  0  0  0
bike,bike,1  0  0  0
bike,bike,0.76667           0     0.22302    0.010317
bike,bike,0.96667           0    0.033333           0
bike,bike,1  0  0  0
bike,bike,1  0  0  0
bike,bike,0.96667           0    0.033333           0
bike,bike,0.96667           0    0.033333           0
bike,bike,1  0  0  0
bike,bike,0.76667           0     0.22302    0.010317
bike,bike,1  0  0  0
bike,bike,1  0  0  0
bike,bike,1  0  0  0
bike,bike,1  0  0  0
bike,bike,1  0  0  0
bike,bike,1  0  0  0
bike,bike,1  0  0  0
bike,bike,1  0  0  0
bike,bike,0.96667           0    0.033333           0
bike,bike,1  0  0  0
bike,bike,1  0  0  0
bike,bike,1  0  0  0
bike,bike,1  0  0  0
bike,bike,1  0  0  0
bike,bike,1  0  0  0
bike,bike,1  0  0  0
bike,bike,1  0  0  0
bike,bike,1  0  0  0
bike,bike,1  0  0  0
bike,bike,1  0  0  0
bike,bike,1  0  0  0
bike,bike,1  0  0  0
bike,bike,0.96667           0    0.033333           0
bike,bike,0.96667           0    0.033333           0
bike,bike,1  0  0  0
bike,bike,1  0  0  0
bike,bike,1  0  0  0
bike,bike,1  0  0  0
bike,bike,1  0  0  0
bike,bike,1  0  0  0
bike,bike,1  0  0  0
bike,bike,1  0  0  0
bike,bike,1  0  0  0
bike,bike,1  0  0  0
bike,bike,1  0  0  0
bike,bike,1  0  0  0
bike,bike,1  0  0  0
bike,bike,1  0  0  0
bike,bike,1  0  0  0
bike,bike,1  0  0  0
bike,bike,1  0  0  0
bike,bike,1  0  0  0
bike,bike,1  0  0  0
bike,bike,1  0  0  0
bike,bike,0.96667           0    0.033333           0
bike,bike,1  0  0  0
bike,bike,1  0  0  0
bike,bike,1  0  0  0
bike,bike,1  0  0  0
bike,bike,1  0  0  0
bike,bike,1  0  0  0
bike,bike,1  0  0  0
bike,bike,1  0  0  0
bike,bike,1  0  0  0
bike,bike,1  0  0  0
bike,bike,1  0  0  0
bike,bike,1  0  0  0
bike,bike,1  0  0  0
bike,bike,1  0  0  0
bike,bike,1  0  0  0
bike,bike,1  0  0  0
bike,bike,1  0  0  0
bike,bike,1  0  0  0
bike,bike,1  0  0  0
bike,bike,0.96667           0           0    0.033333
bike,bike,0.86667     0.13333           0           0
bike,bike,0.83333     0.13333           0    0.033333
bike,bike,0.83333     0.13333           0    0.033333
bike,bike,0.83333     0.13333           0    0.033333
bike,bike,1  0  0  0
bike,bike,1  0  0  0
bike,bike,1  0  0  0
bike,bike,1  0  0  0
bike,bike,1  0  0  0
bike,bike,1  0  0  0
bike,bike,1  0  0  0
bike,bike,1  0  0  0
bike,bike,1  0  0  0
bike,bike,0.96667           0    0.033333           0
bike,bike,1  0  0  0
bike,bike,1  0  0  0
bike,bike,0.96667           0    0.033333           0
bike,bike,0.76667           0     0.22302    0.010317
bike,bike,1  0  0  0
bike,bike,0.76667           0     0.22302    0.010317
bike,bike,1  0  0  0
bike,bike,1  0  0  0
bike,bike,1  0  0  0
bike,bike,1  0  0  0
bike,bike,1  0  0  0
bike,bike,1  0  0  0
bike,bike,1  0  0  0
bike,bike,1  0  0  0
bike,bike,1  0  0  0
bike,bike,0.93333           0    0.066667           0
bike,bike,1  0  0  0
bike,bike,1  0  0  0
bike,bike,1  0  0  0
bike,bike,1  0  0  0
bike,bike,1  0  0  0
bike,bike,1  0  0  0
bike,bike,1  0  0  0
bike,bike,1  0  0  0
bike,bike,1  0  0  0
bike,bike,1  0  0  0
bike,bike,1  0  0  0
bike,bike,1  0  0  0
bike,bike,1  0  0  0
bike,bike,1  0  0  0
bike,bike,1  0  0  0
bike,bike,1  0  0  0
bike,bike,1  0  0  0
bike,bike,1  0  0  0
bike,bike,1  0  0  0
bike,bike,1  0  0  0
bike,bike,1  0  0  0
bike,bike,1  0  0  0
bike,bike,1  0  0  0
bike,bike,1  0  0  0
bike,bike,1  0  0  0
bike,bike,1  0  0  0
bike,bike,1  0  0  0
bike,bike,1  0  0  0
bike,bike,1  0  0  0
bike,bike,1  0  0  0
bike,bike,1  0  0  0
bike,bike,1  0  0  0
bike,bike,1  0  0  0
bike,bike,1  0  0  0
bike,bike,1  0  0  0
bike,bike,1  0  0  0
bike,bike,1  0  0  0
bike,bike,0.96667           0           0    0.033333
bike,bike,1  0  0  0
bike,bike,1  0  0  0
bike,bike,1  0  0  0
bike,bike,1  0  0  0
bike,bike,1  0  0  0
bike,bike,1  0  0  0
bike,bike,1  0  0  0
bike,bike,1  0  0  0
bike,bike,1  0  0  0
bike,bike,1  0  0  0
bike,bike,1  0  0  0
bike,bike,1  0  0  0
bike,bike,1  0  0  0
bike,bike,1  0  0  0
bike,bike,0.96667           0           0    0.033333
bike,bike,0.93333           0           0    0.066667
bike,bike,1  0  0  0
bike,bike,1  0  0  0
bike,bike,1  0  0  0
bike,bike,1  0  0  0
bike,bike,1  0  0  0
bike,bike,1  0  0  0
bike,bike,1  0  0  0
bike,bike,1  0  0  0
bike,bike,1  0  0  0
bike,bike,1  0  0  0
bike,bike,1  0  0  0
bike,bike,1  0  0  0
bike,bike,1  0  0  0
bike,bike,1  0  0  0
bike,bike,1  0  0  0
bike,bike,1  0  0  0
bike,bike,1  0  0  0
bike,bike,1  0  0  0
bike,bike,1  0  0  0
bike,bike,1  0  0  0
bike,bike,1  0  0  0
bike,bike,1  0  0  0
bike,bike,1  0  0  0
bike,bike,1  0  0  0
bike,bike,1  0  0  0
bike,bike,1  0  0  0
bike,bike,1  0  0  0
bike,bike,1  0  0  0
bike,bike,1  0  0  0
bike,bike,1  0  0  0
bike,bike,1  0  0  0
bike,bike,1  0  0  0
bike,bike,1  0  0  0
bike,bike,1  0  0  0
bike,bike,1  0  0  0
bike,bike,1  0  0  0
bike,bike,1  0  0  0
bike,bike,1  0  0  0
bike,bike,1  0  0  0
bike,bike,1  0  0  0
bike,bike,1  0  0  0
bike,bike,1  0  0  0
bike,bike,1  0  0  0
bike,bike,1  0  0  0
bike,bike,1  0  0  0
bike,bike,1  0  0  0
bike,bike,1  0  0  0
bike,bike,1  0  0  0
bike,bike,1  0  0  0
bike,bike,1  0  0  0
bike,bike,1  0  0  0
bike,bike,1  0  0  0
bike,bike,1  0  0  0
bike,bike,1  0  0  0
bike,bike,1  0  0  0
bike,bike,1  0  0  0
bike,bike,1  0  0  0
bike,bike,1  0  0  0
bike,bike,1  0  0  0
bike,bike,1  0  0  0
bike,bike,1  0  0  0
bike,bike,1  0  0  0
bike,bike,1  0  0  0
bike,bike,1  0  0  0
bike,bike,0.9           0    0.066667    0.033333
bike,bike,0.9           0    0.066667    0.033333
bike,bike,0.9           0    0.066667    0.033333
bike,bike,0.73333           0     0.22302    0.043651
bike,bike,0.83333           0     0.16667           0
bike,bike,0.93333           0    0.066667           0
bike,bike,0.93333           0    0.066667           0
bike,bike,0.9           0    0.066667    0.033333
bike,bike,0.93333           0    0.066667           0
bike,bike,1  0  0  0
bike,bike,1  0  0  0
bike,bike,1  0  0  0
bike,bike,1  0  0  0
bike,bike,0.96667           0    0.033333           0
bike,bike,1  0  0  0
bike,bike,1  0  0  0
bike,bike,1  0  0  0
bike,bike,1  0  0  0
bike,bike,1  0  0  0
bike,bike,1  0  0  0
bike,bike,1  0  0  0
bike,bike,1  0  0  0
bike,bike,1  0  0  0
bike,bike,1  0  0  0
bike,bike,1  0  0  0
bike,bike,1  0  0  0
bike,bike,1  0  0  0
bike,bike,1  0  0  0
bike,bike,1  0  0  0
bike,bike,1  0  0  0
bike,bike,1  0  0  0
bike,bike,1  0  0  0
bike,bike,1  0  0  0
bike,bike,1  0  0  0
bike,bike,1  0  0  0
bike,bike,1  0  0  0
bike,bike,1  0  0  0
bike,bike,0.96667           0    0.033333           0
bike,bike,0.73333           0     0.25635    0.010317
bike,bike,0.96667           0    0.033333           0
bike,bike,0.76667           0     0.15635    0.076984
bike,bike,0.76667           0     0.15635    0.076984
bike,bike,1  0  0  0
bike,bike,1  0  0  0
bike,bike,1  0  0  0
bike,bike,1  0  0  0
bike,bike,1  0  0  0
bike,bike,1  0  0  0
bike,bike,1  0  0  0
bike,bike,1  0  0  0
bike,bike,1  0  0  0
bike,bike,1  0  0  0
bike,bike,1  0  0  0
bike,bike,1  0  0  0
bike,bike,1  0  0  0
bike,bike,1  0  0  0
bike,bike,1  0  0  0
bike,bike,1  0  0  0
bike,bike,1  0  0  0
bike,bike,1  0  0  0
bike,bike,1  0  0  0
bike,bike,1  0  0  0
bike,bike,1  0  0  0
bike,bike,1  0  0  0
bike,bike,1  0  0  0
bike,bike,1  0  0  0
bike,bike,1  0  0  0
bike,bike,1  0  0  0
bike,bike,1  0  0  0
bike,bike,1  0  0  0
bike,bike,1  0  0  0
bike,bike,1  0  0  0
bike,bike,0.96667           0    0.033333           0
bike,bike,1  0  0  0
bike,bike,1  0  0  0
bike,bike,1  0  0  0
bike,bike,1  0  0  0
bike,bike,1  0  0  0
bike,bike,1  0  0  0
bike,bike,1  0  0  0
bike,bike,1  0  0  0
bike,bike,1  0  0  0
bike,bike,1  0  0  0
bike,bike,0.96667           0    0.033333           0
bike,bike,0.96667           0    0.033333           0
bike,bike,1  0  0  0
bike,bike,1  0  0  0
bike,bike,1  0  0  0
bike,bike,1  0  0  0
bike,bike,1  0  0  0
bike,bike,1  0  0  0
bike,bike,1  0  0  0
bike,bike,0.76667           0     0.22302    0.010317
bike,bike,0.76667           0     0.22302    0.010317
bike,bike,1  0  0  0
bike,bike,1  0  0  0
bike,bike,0.9           0    0.066667    0.033333
bike,bike,0.9           0    0.066667    0.033333
bike,bike,0.9           0    0.066667    0.033333
bike,bike,0.93333           0    0.066667           0
bike,bike,0.93333           0    0.066667           0
bike,bike,0.93333           0    0.066667           0
bike,bike,0.93333           0    0.066667           0
bike,bike,1  0  0  0
bike,bike,0.96667           0    0.033333           0
bike,bike,0.9           0    0.066667    0.033333
bike,bike,0.93333           0    0.066667           0
bike,bike,0.93333           0    0.066667           0
bike,bike,0.9           0    0.066667    0.033333
bike,bike,0.83333    0.033333           0     0.13333
bike,bike,0.9           0    0.066667    0.033333
bike,bike,0.9           0    0.066667    0.033333
bike,bike,0.83333    0.033333           0     0.13333
bike,bike,0.9           0    0.066667    0.033333
bike,bike,0.93333           0    0.066667           0
bike,bike,0.93333           0    0.066667           0
bike,bike,1  0  0  0
bike,bike,0.96667           0    0.033333           0
bike,bike,1  0  0  0
bike,bike,0.9           0    0.066667    0.033333
bike,bike,0.8           0    0.033333     0.16667
bike,bike,0.76667    0.033333    0.066667     0.13333
bike,bike,0.73333    0.033333     0.16667    0.066667
bike,bike,0.76667    0.033333    0.066667     0.13333
bike,bike,0.86667           0    0.066667    0.066667
bike,bike,0.93333           0    0.066667           0
bike,bike,1  0  0  0
bike,bike,1  0  0  0
bike,bike,0.96667           0    0.033333           0
bike,bike,0.93333           0    0.066667           0
bike,bike,0.93333           0    0.066667           0
bike,bike,0.96667           0    0.033333           0
bike,bike,1  0  0  0
bike,bike,1  0  0  0
bike,bike,1  0  0  0
bike,bike,1  0  0  0
bike,bike,1  0  0  0
bike,bike,1  0  0  0
bike,bike,1  0  0  0
bike,bike,1  0  0  0
bike,bike,1  0  0  0
bike,bike,1  0  0  0
bike,bike,1  0  0  0
bike,bike,1  0  0  0
bike,bike,1  0  0  0
bike,bike,1  0  0  0
bike,bike,1  0  0  0
bike,bike,1  0  0  0
bike,bike,1  0  0  0
bike,bike,1  0  0  0
bike,bike,1  0  0  0
bike,bike,1  0  0  0
bike,bike,1  0  0  0
bike,bike,1  0  0  0
bike,bike,0.96667           0    0.033333           0
bike,bike,1  0  0  0
bike,bike,1  0  0  0
bike,bike,1  0  0  0
bike,bike,1  0  0  0
bike,bike,1  0  0  0
bike,bike,1  0  0  0
bike,bike,1  0  0  0
bike,bike,1  0  0  0
bike,bike,1  0  0  0
bike,bike,1  0  0  0
bike,bike,1  0  0  0
bike,bike,1  0  0  0
bike,bike,1  0  0  0
bike,bike,1  0  0  0
bike,bike,1  0  0  0
bike,bike,1  0  0  0
bike,bike,1  0  0  0
bike,bike,1  0  0  0
bike,bike,1  0  0  0
bike,bike,1  0  0  0
bike,bike,1  0  0  0
bike,bike,1  0  0  0
bike,bike,1  0  0  0
bike,bike,1  0  0  0
bike,bike,1  0  0  0
bike,bike,1  0  0  0
bike,bike,1  0  0  0
bike,bike,1  0  0  0
bike,bike,1  0  0  0
bike,bike,1  0  0  0
bike,bike,1  0  0  0
bike,bike,1  0  0  0
bike,bike,0.96667           0    0.033333           0
bike,bike,1  0  0  0
bike,bike,1  0  0  0
bike,bike,1  0  0  0
bike,bike,1  0  0  0
bike,bike,1  0  0  0
bike,bike,0.96667           0    0.033333           0
bike,bike,1  0  0  0
bike,bike,1  0  0  0
bike,bike,1  0  0  0
bike,bike,1  0  0  0
bike,bike,1  0  0  0
bike,bike,1  0  0  0
bike,bike,1  0  0  0
bike,bike,1  0  0  0
bike,bike,1  0  0  0
bike,bike,1  0  0  0
bike,bike,1  0  0  0
bike,bike,1  0  0  0
bike,bike,1  0  0  0
bike,bike,0.76667           0     0.22302    0.010317
bike,bike,0.76667           0     0.22302    0.010317
bike,bike,1  0  0  0
bike,bike,0.76667           0     0.22302    0.010317
bike,bike,1  0  0  0
bike,bike,1  0  0  0
bike,bike,1  0  0  0
bike,bike,1  0  0  0
bike,bike,1  0  0  0
bike,bike,1  0  0  0
bike,bike,1  0  0  0
bike,bike,1  0  0  0
bike,bike,1  0  0  0
bike,bike,1  0  0  0
bike,bike,1  0  0  0
bike,bike,1  0  0  0
bike,bike,1  0  0  0
bike,bike,1  0  0  0
bike,bike,1  0  0  0
bike,bike,1  0  0  0
bike,bike,1  0  0  0
bike,bike,1  0  0  0
bike,bike,1  0  0  0
bike,bike,0.93333           0    0.066667           0
bike,bike,0.96667           0    0.033333           0
bike,bike,0.96667           0    0.033333           0
bike,bike,1  0  0  0
bike,bike,1  0  0  0
bike,bike,1  0  0  0
bike,bike,1  0  0  0
bike,bike,1  0  0  0
bike,bike,1  0  0  0
bike,bike,1  0  0  0
bike,bike,1  0  0  0
bike,bike,1  0  0  0
bike,bike,0.93333           0    0.066667           0
bike,bike,0.93333           0    0.066667           0
bike,bike,0.93333           0    0.066667           0
bike,bike,0.93333           0    0.066667           0
bike,bike,0.93333           0    0.066667           0
bike,bike,0.96667           0    0.033333           0
bike,bike,1  0  0  0
bike,bike,1  0  0  0
bike,bike,0.76667           0     0.22302    0.010317
bike,bike,0.76667           0     0.22302    0.010317
bike,bike,0.76667           0     0.22302    0.010317
bike,bike,0.76667           0     0.15635    0.076984
bike,bike,1  0  0  0
bike,bike,1  0  0  0
bike,bike,1  0  0  0
bike,bike,0.96667           0    0.033333           0
bike,bike,1  0  0  0
bike,bike,0.96667           0    0.033333           0
bike,bike,0.96667           0    0.033333           0
bike,bike,0.96667           0    0.033333           0
bike,bike,1  0  0  0
bike,bike,1  0  0  0
bike,bike,0.76667           0     0.22302    0.010317
bike,bike,0.76667           0     0.22302    0.010317
bike,bike,0.76667           0     0.22302    0.010317
bike,bike,0.76667           0     0.22302    0.010317
bike,bike,0.76667           0     0.22302    0.010317
bike,bike,0.93333           0    0.066667           0
bike,bike,1  0  0  0
bike,bike,1  0  0  0
bike,bike,1  0  0  0
bike,bike,1  0  0  0
bike,bike,1  0  0  0
bike,bike,1  0  0  0
bike,bike,0.93333           0    0.066667           0
bike,bike,0.96667           0    0.033333           0
bike,bike,0.93333           0    0.066667           0
bike,bike,0.93333           0    0.066667           0
bike,bike,0.93333           0    0.066667           0
bike,bike,0.93333           0    0.066667           0
bike,bike,0.93333           0    0.066667           0
bike,bike,0.93333           0    0.066667           0
bike,bike,0.9           0         0.1           0
bike,bike,0.93333           0    0.066667           0
bike,bike,0.93333           0    0.066667           0
bike,bike,0.93333           0    0.066667           0
bike,bike,0.93333           0    0.066667           0
bike,bike,0.93333           0    0.066667           0
bike,bike,0.93333           0    0.066667           0
bike,bike,0.93333           0    0.066667           0
bike,bike,0.93333           0    0.066667           0
bike,bike,0.93333           0    0.066667           0
bike,bike,0.93333           0    0.066667           0
bike,bike,0.93333           0    0.066667           0
bike,bike,0.93333           0    0.066667           0
bike,bike,0.93333           0    0.066667           0
bike,bike,0.93333           0    0.066667           0
bike,bike,1  0  0  0
bike,bike,1  0  0  0
bike,bike,1  0  0  0
bike,bike,1  0  0  0
bike,bike,1  0  0  0
bike,bike,0.96667           0    0.033333           0
bike,bike,0.96667           0    0.033333           0
bike,bike,1  0  0  0
bike,bike,1  0  0  0
bike,bike,1  0  0  0
bike,bike,1  0  0  0
bike,bike,0.96667           0    0.033333           0
bike,bike,0.93333           0    0.066667           0
bike,bike,0.93333           0    0.066667           0
bike,bike,0.93333           0    0.066667           0
bike,bike,0.93333           0    0.066667           0
bike,bike,0.93333           0    0.066667           0
bike,bike,0.93333           0    0.066667           0
bike,bike,0.93333           0    0.066667           0
bike,bike,0.93333           0    0.066667           0
bike,bike,0.93333           0    0.066667           0
bike,bike,0.93333           0    0.066667           0
bike,bike,0.93333           0    0.066667           0
bike,bike,0.93333           0    0.066667           0
bike,bike,0.93333           0    0.066667           0
bike,bike,0.93333           0    0.066667           0
bike,bike,0.93333           0    0.066667           0
bike,bike,0.93333           0    0.066667           0
bike,bike,0.93333           0    0.066667           0
bike,bike,0.93333           0    0.066667           0
bike,bike,0.9           0         0.1           0
bike,bike,0.93333           0    0.066667           0
bike,bike,0.93333           0    0.066667           0
bike,bike,0.93333           0    0.066667           0
bike,bike,0.93333           0    0.066667           0
bike,bike,0.93333           0    0.066667           0
bike,bike,0.93333           0    0.066667           0
bike,bike,0.93333           0    0.066667           0
bike,bike,0.93333           0    0.066667           0
bike,bike,0.93333           0    0.066667           0
bike,bike,0.93333           0    0.066667           0
bike,bike,0.93333           0    0.066667           0
bike,bike,0.93333           0    0.066667           0
bike,bike,0.93333           0    0.066667           0
bike,bike,0.7           0     0.28968    0.010317
bike,bike,0.96667           0    0.033333           0
bike,bike,1  0  0  0
bike,bike,0.63333           0    0.033333     0.33333
bike,bike,0.56667           0           0     0.43333
transition,bike,0.033333    0.033333     0.29444     0.63889
transition,bike,0           0     0.13333     0.86667
transition,bike,0.066667           0     0.26667     0.66667
transition,bike,0           0     0.23333     0.76667
transition,bike,0           0    0.066667     0.93333
transition,bike,0  0  0  1
transition,bike,0  0  0  1
transition,bike,0  0  0  1
transition,bike,0           0    0.033333     0.96667
transition,bike,0  0  0  1
transition,bike,0           0    0.033333     0.96667
transition,bike,0           0     0.26667     0.73333
transition,bike,0           0     0.26667     0.73333
transition,bike,0           0         0.3         0.7
transition,bike,0           0     0.16667     0.83333
transition,bike,0.13333           0         0.2     0.66667
transition,bike,0.2           0     0.24444     0.55556
bike,bike,1  0  0  0
bike,bike,1  0  0  0
bike,bike,1  0  0  0
bike,bike,1  0  0  0
bike,bike,1  0  0  0
bike,bike,1  0  0  0
bike,bike,1  0  0  0
bike,bike,1  0  0  0
bike,bike,1  0  0  0
bike,bike,1  0  0  0
bike,bike,1  0  0  0
bike,bike,1  0  0  0
bike,bike,1  0  0  0
bike,bike,1  0  0  0
bike,bike,1  0  0  0
bike,bike,1  0  0  0
bike,bike,1  0  0  0
bike,bike,1  0  0  0
bike,bike,1  0  0  0
bike,bike,1  0  0  0
bike,bike,1  0  0  0
bike,bike,1  0  0  0
bike,bike,1  0  0  0
bike,bike,1  0  0  0
bike,bike,1  0  0  0
bike,bike,1  0  0  0
bike,bike,1  0  0  0
bike,bike,1  0  0  0
bike,bike,1  0  0  0
bike,bike,1  0  0  0
bike,bike,1  0  0  0
bike,bike,1  0  0  0
bike,bike,1  0  0  0
bike,bike,1  0  0  0
bike,bike,1  0  0  0
bike,bike,1  0  0  0
bike,bike,1  0  0  0
bike,bike,1  0  0  0
bike,bike,1  0  0  0
bike,bike,1  0  0  0
bike,bike,1  0  0  0
bike,bike,1  0  0  0
bike,bike,1  0  0  0
bike,bike,1  0  0  0
bike,bike,1  0  0  0
bike,bike,1  0  0  0
bike,bike,1  0  0  0
bike,bike,1  0  0  0
bike,bike,1  0  0  0
bike,bike,1  0  0  0
bike,bike,1  0  0  0
bike,bike,1  0  0  0
bike,bike,1  0  0  0
bike,bike,1  0  0  0
bike,bike,1  0  0  0
bike,bike,1  0  0  0
bike,bike,1  0  0  0
bike,bike,1  0  0  0
bike,bike,1  0  0  0
bike,bike,1  0  0  0
bike,bike,1  0  0  0
bike,bike,1  0  0  0
bike,bike,1  0  0  0
bike,bike,1  0  0  0
bike,bike,1  0  0  0
bike,bike,1  0  0  0
bike,bike,1  0  0  0
bike,bike,1  0  0  0
bike,bike,1  0  0  0
bike,bike,1  0  0  0
bike,bike,1  0  0  0
bike,bike,1  0  0  0
bike,bike,1  0  0  0
bike,bike,1  0  0  0
bike,bike,0.86667           0           0     0.13333
bike,bike,0.86667           0           0     0.13333
bike,bike,0.83333    0.033333           0     0.13333
bike,bike,0.83333    0.033333           0     0.13333
bike,bike,0.83333    0.033333           0     0.13333
bike,bike,0.86667           0           0     0.13333
bike,bike,1  0  0  0
bike,bike,1  0  0  0
bike,bike,1  0  0  0
bike,bike,1  0  0  0
bike,bike,1  0  0  0
bike,bike,0.9           0    0.066667    0.033333
bike,bike,0.9           0         0.1           0
bike,bike,0.96667           0    0.033333           0
bike,bike,1  0  0  0
bike,bike,1  0  0  0
bike,bike,1  0  0  0
bike,bike,0.96667           0           0    0.033333
bike,bike,0.86667           0           0     0.13333
bike,bike,0.86667           0           0     0.13333
bike,bike,0.96667           0           0    0.033333
bike,bike,0.96667           0    0.033333           0
bike,bike,1  0  0  0
bike,bike,0.96667           0    0.033333           0
bike,bike,0.9           0    0.033333    0.066667
bike,bike,0.83333           0           0     0.16667
bike,bike,0.86667           0           0     0.13333
bike,bike,0.83333    0.033333           0     0.13333
bike,bike,0.83333           0           0     0.16667
bike,bike,0.83333           0           0     0.16667
bike,bike,0.96667           0    0.033333           0
bike,bike,1  0  0  0
bike,bike,1  0  0  0
bike,bike,0.96667           0           0    0.033333
bike,bike,0.96667           0    0.033333           0
bike,bike,0.96667           0    0.033333           0
bike,bike,1  0  0  0
bike,bike,1  0  0  0
bike,bike,0.96667           0    0.033333           0
bike,bike,1  0  0  0
bike,bike,1  0  0  0
bike,bike,0.96667           0           0    0.033333
bike,bike,1  0  0  0
bike,bike,0.96667           0           0    0.033333
bike,bike,0.96667           0           0    0.033333
bike,bike,1  0  0  0
bike,bike,1  0  0  0
bike,bike,1  0  0  0
bike,bike,1  0  0  0
bike,bike,1  0  0  0
bike,bike,0.9           0    0.066667    0.033333
bike,bike,0.9           0    0.066667    0.033333
bike,bike,0.96667           0           0    0.033333
bike,bike,1  0  0  0
bike,bike,1  0  0  0
bike,bike,1  0  0  0
bike,bike,1  0  0  0
bike,bike,1  0  0  0
bike,bike,1  0  0  0
bike,bike,1  0  0  0
bike,bike,1  0  0  0
bike,bike,1  0  0  0
bike,bike,1  0  0  0
bike,bike,1  0  0  0
bike,bike,1  0  0  0
bike,bike,1  0  0  0
bike,bike,1  0  0  0
bike,bike,1  0  0  0
bike,bike,1  0  0  0
bike,bike,1  0  0  0
bike,bike,0.96667           0    0.033333           0
bike,bike,1  0  0  0
bike,bike,1  0  0  0
bike,bike,1  0  0  0
bike,bike,0.96667           0           0    0.033333
bike,bike,0.96667           0           0    0.033333
bike,bike,1  0  0  0
bike,bike,0.83333    0.033333           0     0.13333
bike,bike,0.83333    0.033333           0     0.13333
bike,bike,0.83333    0.033333           0     0.13333
bike,bike,0.83333    0.033333           0     0.13333
bike,bike,0.83333    0.033333           0     0.13333
bike,bike,0.8    0.033333    0.033333     0.13333
bike,bike,1  0  0  0
bike,bike,1  0  0  0
bike,bike,1  0  0  0
bike,bike,0.96667           0           0    0.033333
bike,bike,0.86667           0           0     0.13333
bike,bike,0.86667           0           0     0.13333
bike,bike,0.83333    0.033333           0     0.13333
bike,bike,0.96667           0           0    0.033333
bike,bike,0.96667           0           0    0.033333
bike,bike,1  0  0  0
bike,bike,1  0  0  0
bike,bike,1  0  0  0
bike,bike,1  0  0  0
bike,bike,1  0  0  0
bike,bike,1  0  0  0
bike,bike,1  0  0  0
bike,bike,1  0  0  0
bike,bike,1  0  0  0
bike,bike,1  0  0  0
bike,bike,1  0  0  0
bike,bike,1  0  0  0
bike,bike,1  0  0  0
bike,bike,1  0  0  0
bike,bike,1  0  0  0
bike,bike,0.96667           0           0    0.033333
bike,bike,1  0  0  0
bike,bike,0.96667           0           0    0.033333
bike,bike,0.9           0    0.066667    0.033333
bike,bike,0.9           0    0.066667    0.033333
bike,bike,0.9           0    0.066667    0.033333
bike,bike,0.83333    0.033333           0     0.13333
bike,bike,0.83333    0.033333           0     0.13333
bike,bike,0.83333    0.033333           0     0.13333
bike,bike,0.93333           0    0.066667           0
bike,bike,0.93333           0    0.066667           0
bike,bike,1  0  0  0
bike,bike,1  0  0  0
bike,bike,1  0  0  0
bike,bike,1  0  0  0
bike,bike,0.93333           0           0    0.066667
bike,bike,0.96667           0           0    0.033333
bike,bike,0.96667           0           0    0.033333
bike,bike,1  0  0  0
bike,bike,1  0  0  0
bike,bike,0.96667           0           0    0.033333
bike,bike,0.96667           0           0    0.033333
bike,bike,0.96667           0           0    0.033333
bike,bike,0.96667           0           0    0.033333
bike,bike,0.96667           0           0    0.033333
bike,bike,1  0  0  0
bike,bike,1  0  0  0
bike,bike,0.96667           0           0    0.033333
bike,bike,0.93333           0    0.033333    0.033333
bike,bike,0.9           0    0.066667    0.033333
bike,bike,0.83333    0.033333           0     0.13333
bike,bike,0.83333    0.033333           0     0.13333
bike,bike,0.83333    0.033333           0     0.13333
bike,bike,0.83333    0.033333           0     0.13333
bike,bike,0.83333    0.033333           0     0.13333
bike,bike,0.9           0    0.066667    0.033333
bike,bike,0.96667           0           0    0.033333
bike,bike,0.96667           0           0    0.033333
bike,bike,0.96667           0           0    0.033333
bike,bike,0.96667           0           0    0.033333
bike,bike,0.86667           0           0     0.13333
bike,bike,0.96667           0           0    0.033333
bike,bike,0.96667           0           0    0.033333
bike,bike,0.93333           0    0.033333    0.033333
bike,bike,0.93333           0    0.066667           0
bike,bike,0.93333           0    0.066667           0
bike,bike,0.93333           0    0.066667           0
bike,bike,0.9           0    0.066667    0.033333
bike,bike,0.93333           0    0.066667           0
bike,bike,1  0  0  0
bike,bike,0.9           0    0.066667    0.033333
bike,bike,0.96667           0    0.033333           0
bike,bike,1  0  0  0
bike,bike,0.93333           0    0.066667           0
bike,bike,0.93333           0    0.066667           0
bike,bike,1  0  0  0
bike,bike,1  0  0  0
bike,bike,1  0  0  0
bike,bike,1  0  0  0
bike,bike,0.9           0    0.033333    0.066667
bike,bike,0.93333           0    0.033333    0.033333
bike,bike,0.9           0    0.033333    0.066667
bike,bike,0.9           0    0.033333    0.066667
bike,bike,0.83333           0    0.033333     0.13333
bike,bike,0.86667           0    0.033333         0.1
bike,bike,0.83333           0           0     0.16667
bike,bike,0.9           0    0.066667    0.033333
bike,bike,0.83333    0.033333    0.033333         0.1
bike,bike,0.83333           0    0.033333     0.13333
bike,bike,0.9           0    0.033333    0.066667
bike,bike,0.8           0    0.033333     0.16667
bike,bike,0.8           0    0.066667     0.13333
bike,bike,0.76667           0    0.066667     0.16667
bike,bike,0.9           0    0.066667    0.033333
bike,bike,0.83333           0    0.066667         0.1
bike,bike,0.9           0    0.066667    0.033333
bike,bike,0.83333    0.033333    0.066667    0.066667
bike,bike,0.83333    0.033333    0.033333         0.1
bike,bike,0.8    0.033333         0.1    0.066667
bike,bike,0.83333    0.033333    0.066667    0.066667
bike,bike,0.86667           0    0.066667    0.066667
bike,bike,0.86667           0           0     0.13333
bike,bike,0.86667           0           0     0.13333
bike,bike,0.8           0    0.033333     0.16667
bike,bike,0.83333           0    0.033333     0.13333
bike,bike,0.83333           0    0.033333     0.13333
bike,bike,0.73333           0     0.23333    0.033333
bike,bike,0.76667           0         0.2    0.033333
bike,bike,0.83333           0    0.066667         0.1
bike,bike,0.83333           0    0.066667         0.1
bike,bike,0.83333           0    0.033333     0.13333
bike,bike,0.9           0    0.066667    0.033333
bike,bike,0.9           0    0.066667    0.033333
bike,bike,0.9           0    0.066667    0.033333
bike,bike,0.83333    0.033333           0     0.13333
bike,bike,0.83333    0.033333           0     0.13333
bike,bike,0.83333    0.033333           0     0.13333
bike,bike,0.83333    0.033333           0     0.13333
bike,bike,0.93333           0    0.066667           0
bike,bike,1  0  0  0
bike,bike,1  0  0  0
bike,bike,0.96667           0           0    0.033333
bike,bike,0.86667           0           0     0.13333
bike,bike,0.86667           0           0     0.13333
bike,bike,0.96667           0           0    0.033333
bike,bike,0.96667           0           0    0.033333
bike,bike,1  0  0  0
bike,bike,1  0  0  0
bike,bike,1  0  0  0
bike,bike,1  0  0  0
bike,bike,1  0  0  0
bike,bike,0.96667           0    0.033333           0
bike,bike,1  0  0  0
bike,bike,1  0  0  0
bike,bike,0.96667           0    0.033333           0
bike,bike,0.86667           0           0     0.13333
bike,bike,0.83333    0.033333           0     0.13333
bike,bike,0.83333           0    0.033333     0.13333
bike,bike,0.76667           0    0.033333         0.2
bike,bike,0.76667           0           0     0.23333
bike,bike,0.76667    0.033333           0         0.2
bike,bike,0.8           0           0         0.2
bike,bike,0.8           0    0.033333     0.16667
bike,bike,0.8           0    0.033333     0.16667
bike,bike,0.76667    0.033333     0.16667    0.033333
bike,bike,0.7           0     0.13333     0.16667
bike,bike,0.73333           0         0.1     0.16667
bike,bike,0.8           0    0.033333     0.16667
bike,bike,0.73333           0     0.13333     0.13333
bike,bike,0.8           0    0.066667     0.13333
bike,bike,0.9           0         0.1           0
bike,bike,0.83333           0    0.066667         0.1
bike,bike,0.86667           0    0.033333         0.1
bike,bike,0.9           0    0.066667    0.033333
bike,bike,0.9           0    0.066667    0.033333
bike,bike,0.83333    0.033333    0.033333         0.1
bike,bike,0.83333    0.033333           0     0.13333
bike,bike,0.83333    0.033333           0     0.13333
bike,bike,0.83333           0           0     0.16667
bike,bike,0.83333           0           0     0.16667
bike,bike,0.93333           0    0.033333    0.033333
bike,bike,1  0  0  0
bike,bike,1  0  0  0
bike,bike,0.9           0    0.066667    0.033333
bike,bike,0.83333    0.033333           0     0.13333
bike,bike,0.9           0    0.066667    0.033333
bike,bike,0.9           0    0.066667    0.033333
bike,bike,0.83333    0.033333           0     0.13333
bike,bike,0.83333    0.033333           0     0.13333
bike,bike,0.8    0.033333         0.1    0.066667
bike,bike,0.83333    0.033333    0.033333         0.1
bike,bike,0.83333    0.033333    0.033333         0.1
bike,bike,0.83333    0.033333    0.033333         0.1
bike,bike,0.83333    0.033333    0.066667    0.066667
bike,bike,0.83333    0.033333           0     0.13333
bike,bike,0.83333    0.033333           0     0.13333
bike,bike,0.83333    0.033333           0     0.13333
bike,bike,0.83333    0.033333           0     0.13333
bike,bike,0.76667           0         0.1     0.13333
bike,bike,0.73333           0         0.1     0.16667
bike,bike,0.7           0         0.1         0.2
bike,bike,0.7           0         0.1         0.2
bike,bike,0.7           0     0.13039     0.16961
bike,bike,0.66667           0    0.066667     0.26667
bike,bike,0.7           0     0.13333     0.16667
bike,bike,0.76667           0         0.2    0.033333
bike,bike,0.83333           0         0.1    0.066667
bike,bike,0.8           0    0.033333     0.16667
bike,bike,0.9           0    0.033333    0.066667
bike,bike,0.9           0    0.033333    0.066667
bike,bike,0.83333           0           0     0.16667
bike,bike,0.86667           0           0     0.13333
bike,bike,0.83333    0.033333           0     0.13333
bike,bike,0.83333    0.033333           0     0.13333
bike,bike,0.86667           0           0     0.13333
bike,bike,0.76667           0     0.16667    0.066667
bike,bike,0.73333           0         0.1     0.16667
bike,bike,0.73333           0         0.1     0.16667
bike,bike,0.7           0         0.1         0.2
bike,bike,0.83333           0    0.066667         0.1
bike,bike,0.9           0    0.033333    0.066667
bike,bike,0.83333    0.033333           0     0.13333
bike,bike,0.83333    0.033333           0     0.13333
bike,bike,0.83333    0.033333           0     0.13333
bike,bike,0.83333    0.033333           0     0.13333
bike,bike,0.83333    0.033333           0     0.13333
bike,bike,0.83333    0.033333           0     0.13333
bike,bike,0.83333    0.033333           0     0.13333
bike,bike,0.83333    0.033333    0.066667    0.066667
bike,bike,0.86667           0    0.066667    0.066667
bike,bike,0.76667    0.033333     0.13333    0.066667
bike,bike,0.76667           0    0.066667     0.16667
bike,bike,0.83333           0    0.066667         0.1
bike,bike,0.83333           0           0     0.16667
bike,bike,0.83333           0           0     0.16667
bike,bike,0.8           0    0.033333     0.16667
bike,bike,0.8           0    0.033333     0.16667
bike,bike,0.76667           0    0.066667     0.16667
bike,bike,0.8           0    0.033333     0.16667
bike,bike,0.8           0    0.033333     0.16667
bike,bike,0.9           0    0.033333    0.066667
bike,bike,0.96667           0           0    0.033333
bike,bike,1  0  0  0
bike,bike,0.96667           0           0    0.033333
bike,bike,0.83333    0.033333           0     0.13333
bike,bike,0.83333    0.033333           0     0.13333
bike,bike,0.86667           0           0     0.13333
bike,bike,0.83333    0.033333    0.033333         0.1
bike,bike,0.83333    0.033333    0.033333         0.1
bike,bike,0.86667           0         0.1    0.033333
bike,bike,0.8    0.033333    0.033333     0.13333
bike,bike,0.9           0    0.066667    0.033333
bike,bike,0.93333           0    0.066667           0
bike,bike,0.9           0    0.066667    0.033333
bike,bike,0.83333    0.033333           0     0.13333
bike,bike,0.83333    0.033333           0     0.13333
bike,bike,0.83333    0.033333           0     0.13333
bike,bike,0.83333    0.033333           0     0.13333
bike,bike,0.83333           0           0     0.16667
bike,bike,0.83333           0    0.033333     0.13333
bike,bike,0.83333           0           0     0.16667
bike,bike,0.83333           0           0     0.16667
bike,bike,0.83333           0           0     0.16667
bike,bike,0.86667           0         0.1    0.033333
bike,bike,0.9           0    0.066667    0.033333
bike,bike,0.83333    0.033333           0     0.13333
bike,bike,0.83333    0.033333    0.066667    0.066667
bike,bike,0.83333    0.033333    0.066667    0.066667
bike,bike,0.8    0.033333    0.066667         0.1
bike,bike,0.8    0.033333    0.066667         0.1
bike,bike,0.86667           0    0.066667    0.066667
bike,bike,0.73333     0.23333    0.033333           0
bike,bike,0.73333     0.23333    0.033333           0
bike,bike,1  0  0  0
bike,bike,1  0  0  0
bike,bike,1  0  0  0
bike,bike,0.9           0    0.033333    0.066667
bike,bike,0.96667           0    0.033333           0
bike,bike,0.96667           0    0.033333           0
bike,bike,0.83333           0           0     0.16667
bike,bike,0.83333           0           0     0.16667
bike,bike,0.9           0    0.066667    0.033333
bike,bike,0.96667           0           0    0.033333
bike,bike,0.96667           0           0    0.033333
bike,bike,1  0  0  0
bike,bike,1  0  0  0
bike,bike,0.93333           0    0.066667           0
bike,bike,0.9           0    0.033333    0.066667
bike,bike,1  0  0  0
bike,bike,1  0  0  0
bike,bike,0.96667           0    0.033333           0
bike,bike,0.9           0    0.066667    0.033333
bike,bike,0.9           0    0.066667    0.033333
bike,bike,0.86667           0           0     0.13333
bike,bike,0.83333    0.033333           0     0.13333
bike,bike,0.9           0    0.066667    0.033333
bike,bike,1  0  0  0
bike,bike,1  0  0  0
bike,bike,1  0  0  0
bike,bike,1  0  0  0
bike,bike,1  0  0  0
bike,bike,1  0  0  0
bike,bike,1  0  0  0
bike,bike,0.96667           0    0.033333           0
bike,bike,0.93333           0    0.066667           0
bike,bike,0.86667           0    0.033333         0.1
bike,bike,0.86667           0    0.033333         0.1
bike,bike,0.86667           0    0.033333         0.1
bike,bike,0.83333           0    0.066667         0.1
bike,bike,0.83333           0    0.066667         0.1
bike,bike,0.96667           0           0    0.033333
bike,bike,0.83333    0.033333           0     0.13333
bike,bike,0.83333    0.033333           0     0.13333
bike,bike,0.83333    0.033333           0     0.13333
bike,bike,0.86667           0           0     0.13333
bike,bike,0.86667           0           0     0.13333
bike,bike,0.83333    0.033333           0     0.13333
bike,bike,0.83333    0.033333    0.033333         0.1
bike,bike,0.83333    0.033333    0.033333         0.1
bike,bike,0.83333    0.033333    0.033333         0.1
bike,bike,0.73333    0.033333     0.16667    0.066667
bike,bike,0.8    0.033333         0.1    0.066667
bike,bike,0.76667           0    0.066667     0.16667
bike,bike,0.86667           0         0.1    0.033333
bike,bike,0.86667           0         0.1    0.033333
bike,bike,0.93333           0    0.066667           0
bike,bike,1  0  0  0
bike,bike,1  0  0  0
bike,bike,0.96667           0           0    0.033333
bike,bike,0.93333           0           0    0.066667
bike,bike,0.9           0    0.033333    0.066667
bike,bike,0.93333           0    0.033333    0.033333
bike,bike,0.93333           0    0.066667           0
bike,bike,0.9           0    0.066667    0.033333
bike,bike,0.93333           0    0.066667           0
bike,bike,0.96667           0    0.033333           0
bike,bike,0.96667           0    0.033333           0
bike,bike,0.9           0    0.033333    0.066667
bike,bike,0.86667           0           0     0.13333
bike,bike,0.83333           0    0.033333     0.13333
bike,bike,0.83333           0    0.066667         0.1
bike,bike,0.8           0    0.033333     0.16667
bike,bike,0.9           0    0.033333    0.066667
bike,bike,0.9           0    0.033333    0.066667
bike,bike,0.83333           0           0     0.16667
bike,bike,0.9           0    0.066667    0.033333
bike,bike,0.9           0    0.033333    0.066667
bike,bike,0.83333           0           0     0.16667
bike,bike,0.8           0    0.066667     0.13333
bike,bike,0.8           0    0.033333     0.16667
bike,bike,0.76667           0    0.066667     0.16667
bike,bike,0.86667           0           0     0.13333
bike,bike,0.86667           0           0     0.13333
bike,bike,0.86667           0           0     0.13333
bike,bike,0.83333    0.033333           0     0.13333
bike,bike,0.83333    0.033333    0.033333         0.1
bike,bike,0.83333    0.033333           0     0.13333
bike,bike,0.83333    0.033333           0     0.13333
bike,bike,0.83333    0.033333           0     0.13333
bike,bike,0.83333    0.033333           0     0.13333
bike,bike,1  0  0  0
bike,bike,1  0  0  0
bike,bike,1  0  0  0
bike,bike,0.96667           0           0    0.033333
bike,bike,1  0  0  0
bike,bike,1  0  0  0
bike,bike,0.93333           0    0.066667           0
bike,bike,0.93333           0    0.066667           0
bike,bike,0.93333           0    0.066667           0
bike,bike,0.93333           0    0.066667           0
bike,bike,0.93333           0    0.066667           0
bike,bike,0.93333           0    0.066667           0
bike,bike,0.93333           0    0.033333    0.033333
bike,bike,0.9           0    0.066667    0.033333
bike,bike,0.9           0    0.066667    0.033333
bike,bike,0.9           0    0.066667    0.033333
bike,bike,1  0  0  0
bike,bike,1  0  0  0
bike,bike,1  0  0  0
bike,bike,1  0  0  0
bike,bike,1  0  0  0
bike,bike,1  0  0  0
bike,bike,0.96667           0           0    0.033333
bike,bike,0.93333           0    0.033333    0.033333
bike,bike,0.9           0    0.066667    0.033333
bike,bike,0.96667           0    0.033333           0
bike,bike,0.86667           0           0     0.13333
bike,bike,0.96667           0           0    0.033333
bike,bike,1  0  0  0
bike,bike,0.96667           0           0    0.033333
bike,bike,0.96667           0           0    0.033333
bike,bike,1  0  0  0
bike,bike,1  0  0  0
bike,bike,1  0  0  0
bike,bike,0.96667           0           0    0.033333
bike,bike,1  0  0  0
bike,bike,1  0  0  0
bike,bike,1  0  0  0
bike,bike,0.93333           0    0.033333    0.033333
bike,bike,0.83333           0           0     0.16667
bike,bike,0.83333           0           0     0.16667
bike,bike,0.83333           0           0     0.16667
bike,bike,0.83333           0           0     0.16667
bike,bike,0.9           0    0.033333    0.066667
bike,bike,0.96667           0    0.033333           0
bike,bike,0.93333           0    0.066667           0
bike,bike,0.93333           0    0.066667           0
bike,bike,1  0  0  0
bike,bike,1  0  0  0
bike,bike,1  0  0  0
bike,bike,1  0  0  0
bike,bike,1  0  0  0
bike,bike,0.93333           0    0.066667           0
bike,bike,0.96667           0    0.033333           0
bike,bike,0.96667           0    0.033333           0
bike,bike,0.86667           0    0.066667    0.066667
bike,bike,0.83333           0           0     0.16667
bike,bike,0.83333           0           0     0.16667
bike,bike,0.83333    0.033333           0     0.13333
bike,bike,0.83333    0.033333           0     0.13333
bike,bike,0.83333    0.033333           0     0.13333
bike,bike,0.83333    0.033333           0     0.13333
bike,bike,0.83333    0.033333           0     0.13333
bike,bike,0.83333    0.033333           0     0.13333
bike,bike,0.83333    0.033333           0     0.13333
bike,bike,0.83333    0.033333           0     0.13333
bike,bike,0.83333    0.033333           0     0.13333
bike,bike,0.9           0    0.066667    0.033333
bike,bike,0.9           0    0.066667    0.033333
bike,bike,0.9           0    0.066667    0.033333
bike,bike,0.83333    0.033333    0.033333         0.1
bike,bike,0.83333    0.033333    0.033333         0.1
bike,bike,0.83333           0    0.033333     0.13333
bike,bike,0.83333           0    0.033333     0.13333
bike,bike,0.93333           0    0.033333    0.033333
bike,bike,1  0  0  0
bike,bike,1  0  0  0
bike,bike,0.96667           0           0    0.033333
bike,bike,1  0  0  0
bike,bike,1  0  0  0
bike,bike,0.96667           0           0    0.033333
bike,bike,0.93333           0    0.066667           0
bike,bike,0.9           0    0.066667    0.033333
bike,bike,0.9           0    0.066667    0.033333
bike,bike,0.9           0    0.066667    0.033333
bike,bike,0.9           0    0.066667    0.033333
bike,bike,0.83333    0.033333    0.033333         0.1
bike,bike,0.93333           0    0.066667           0
bike,bike,0.93333           0    0.066667           0
bike,bike,0.83333    0.033333    0.033333         0.1
bike,bike,0.9           0    0.066667    0.033333
bike,bike,0.9           0         0.1           0
bike,bike,0.93333           0    0.066667           0
bike,bike,0.93333           0    0.066667           0
bike,bike,0.96667           0    0.033333           0
bike,bike,1  0  0  0
bike,bike,1  0  0  0
bike,bike,0.86667     0.13333           0           0
bike,bike,0.86667     0.13333           0           0
bike,bike,0.83333     0.13333    0.033333           0
bike,bike,0.83333     0.13333           0    0.033333
bike,bike,0.83333     0.13333           0    0.033333
bike,bike,0.93333           0    0.066667           0
bike,bike,0.93333           0    0.066667           0
bike,bike,0.93333           0    0.066667           0
bike,bike,0.93333           0    0.066667           0
bike,bike,0.96667           0    0.033333           0
bike,bike,1  0  0  0
bike,bike,1  0  0  0
bike,bike,1  0  0  0
bike,bike,0.96667           0    0.033333           0
bike,bike,0.93333           0    0.066667           0
bike,bike,0.93333           0    0.066667           0
bike,bike,0.93333           0    0.066667           0
bike,bike,1  0  0  0
bike,bike,0.96667           0    0.033333           0
bike,bike,0.96667           0           0    0.033333
bike,bike,1  0  0  0
bike,bike,0.96667           0    0.033333           0
bike,bike,0.9           0    0.066667    0.033333
bike,bike,0.93333           0    0.066667           0
bike,bike,0.9           0    0.066667    0.033333
bike,bike,0.93333           0    0.033333    0.033333
bike,bike,0.9           0    0.066667    0.033333
bike,bike,0.83333    0.033333           0     0.13333
bike,bike,0.83333    0.033333           0     0.13333
bike,bike,0.83333    0.033333    0.033333         0.1
bike,bike,0.83333    0.033333           0     0.13333
bike,bike,0.93333           0    0.066667           0
bike,bike,0.9           0    0.033333    0.066667
bike,bike,0.83333    0.033333    0.033333         0.1
bike,bike,0.83333    0.033333    0.033333         0.1
bike,bike,0.8           0    0.033333     0.16667
bike,bike,0.7           0     0.16667     0.13333
bike,bike,0.8           0         0.1         0.1
bike,bike,0.76667           0         0.1     0.13333
bike,bike,0.73333           0     0.16667         0.1
bike,bike,0.76667           0     0.13333         0.1
bike,bike,0.8           0     0.13333    0.066667
bike,bike,0.73333           0         0.1     0.16667
bike,bike,0.73333    0.033333     0.16667    0.066667
bike,bike,0.76667    0.033333         0.1         0.1
bike,bike,0.76667    0.033333    0.033333     0.16667
bike,bike,0.76667    0.033333         0.1         0.1
bike,bike,0.9           0    0.066667    0.033333
bike,bike,1  0  0  0
bike,bike,0.96667           0    0.033333           0
bike,bike,1  0  0  0
bike,bike,0.96667           0    0.033333           0
bike,bike,0.83333    0.033333           0     0.13333
bike,bike,0.83333    0.033333    0.033333         0.1
bike,bike,0.83333    0.033333    0.033333         0.1
bike,bike,0.83333    0.033333    0.033333         0.1
bike,bike,0.73333    0.033333    0.066667     0.16667
bike,bike,0.83333    0.033333    0.033333         0.1
bike,bike,0.93333           0    0.066667           0
bike,bike,0.93333           0    0.066667           0
bike,bike,0.93333           0    0.066667           0
bike,bike,1  0  0  0
bike,bike,1  0  0  0
bike,bike,1  0  0  0
bike,bike,1  0  0  0
bike,bike,1  0  0  0
bike,bike,1  0  0  0
bike,bike,1  0  0  0
bike,bike,1  0  0  0
bike,bike,1  0  0  0
bike,bike,1  0  0  0
bike,bike,1  0  0  0
bike,bike,1  0  0  0
bike,bike,1  0  0  0
bike,bike,1  0  0  0
bike,bike,1  0  0  0
bike,bike,1  0  0  0
bike,bike,1  0  0  0
bike,bike,1  0  0  0
bike,bike,1  0  0  0
bike,bike,1  0  0  0
bike,bike,1  0  0  0
bike,bike,1  0  0  0
bike,bike,1  0  0  0
bike,bike,1  0  0  0
bike,bike,1  0  0  0
bike,bike,1  0  0  0
bike,bike,1  0  0  0
bike,bike,0.96667           0           0    0.033333
bike,bike,0.93333           0    0.033333    0.033333
bike,bike,0.96667           0           0    0.033333
bike,bike,0.96667           0           0    0.033333
bike,bike,1  0  0  0
bike,bike,1  0  0  0
bike,bike,1  0  0  0
bike,bike,1  0  0  0
bike,bike,1  0  0  0
bike,bike,0.96667           0           0    0.033333
bike,bike,0.96667           0           0    0.033333
bike,bike,0.96667           0           0    0.033333
bike,bike,0.96667           0           0    0.033333
bike,bike,1  0  0  0
bike,bike,1  0  0  0
bike,bike,1  0  0  0
bike,bike,1  0  0  0
bike,bike,1  0  0  0
bike,bike,1  0  0  0
bike,bike,1  0  0  0
bike,bike,1  0  0  0
bike,bike,1  0  0  0
bike,bike,1  0  0  0
bike,bike,1  0  0  0
bike,bike,1  0  0  0
bike,bike,1  0  0  0
bike,bike,1  0  0  0
bike,bike,1  0  0  0
bike,bike,1  0  0  0
bike,bike,1  0  0  0
bike,bike,1  0  0  0
bike,bike,1  0  0  0
bike,bike,1  0  0  0
bike,bike,1  0  0  0
bike,bike,1  0  0  0
bike,bike,1  0  0  0
bike,bike,1  0  0  0
bike,bike,1  0  0  0
bike,bike,1  0  0  0
bike,bike,1  0  0  0
bike,bike,1  0  0  0
bike,bike,1  0  0  0
bike,bike,1  0  0  0
bike,bike,1  0  0  0
bike,bike,1  0  0  0
bike,bike,1  0  0  0
bike,bike,1  0  0  0
bike,bike,1  0  0  0
bike,bike,1  0  0  0
bike,bike,1  0  0  0
bike,bike,1  0  0  0
bike,bike,1  0  0  0
bike,bike,1  0  0  0
bike,bike,1  0  0  0
bike,bike,1  0  0  0
bike,bike,1  0  0  0
bike,bike,1  0  0  0
bike,bike,1  0  0  0
bike,bike,1  0  0  0
bike,bike,1  0  0  0
bike,bike,1  0  0  0
bike,bike,1  0  0  0
bike,bike,1  0  0  0
bike,bike,1  0  0  0
bike,bike,1  0  0  0
bike,bike,1  0  0  0
bike,bike,1  0  0  0
bike,bike,1  0  0  0
bike,bike,1  0  0  0
bike,bike,1  0  0  0
bike,bike,1  0  0  0
bike,bike,1  0  0  0
bike,bike,1  0  0  0
bike,bike,1  0  0  0
bike,bike,1  0  0  0
bike,bike,1  0  0  0
bike,bike,1  0  0  0
bike,bike,1  0  0  0
bike,bike,1  0  0  0
bike,bike,1  0  0  0
bike,bike,1  0  0  0
bike,bike,1  0  0  0
bike,bike,1  0  0  0
bike,bike,1  0  0  0
bike,bike,1  0  0  0
bike,bike,1  0  0  0
bike,bike,1  0  0  0
bike,bike,1  0  0  0
bike,bike,1  0  0  0
bike,bike,1  0  0  0
bike,bike,1  0  0  0
bike,bike,1  0  0  0
bike,bike,1  0  0  0
bike,bike,1  0  0  0
bike,bike,1  0  0  0
bike,bike,1  0  0  0
bike,bike,1  0  0  0
bike,bike,1  0  0  0
bike,bike,1  0  0  0
bike,bike,1  0  0  0
bike,bike,1  0  0  0
bike,bike,1  0  0  0
bike,bike,1  0  0  0
bike,bike,1  0  0  0
bike,bike,1  0  0  0
bike,bike,1  0  0  0
bike,bike,1  0  0  0
bike,bike,1  0  0  0
bike,bike,1  0  0  0
bike,bike,1  0  0  0
bike,bike,1  0  0  0
bike,bike,1  0  0  0
bike,bike,1  0  0  0
bike,bike,1  0  0  0
bike,bike,1  0  0  0
bike,bike,1  0  0  0
bike,bike,1  0  0  0
bike,bike,1  0  0  0
bike,bike,1  0  0  0
bike,bike,1  0  0  0
bike,bike,1  0  0  0
bike,bike,1  0  0  0
bike,bike,1  0  0  0
bike,bike,1  0  0  0
bike,bike,1  0  0  0
bike,bike,1  0  0  0
bike,bike,1  0  0  0
bike,bike,1  0  0  0
bike,bike,0.9           0    0.066667    0.033333
bike,bike,0.96667           0           0    0.033333
bike,bike,0.96667           0           0    0.033333
bike,bike,0.96667           0           0    0.033333
bike,bike,0.96667           0           0    0.033333
bike,bike,1  0  0  0
bike,bike,1  0  0  0
bike,bike,1  0  0  0
bike,bike,1  0  0  0
bike,bike,1  0  0  0
bike,bike,1  0  0  0
bike,bike,1  0  0  0
bike,bike,1  0  0  0
bike,bike,1  0  0  0
bike,bike,1  0  0  0
bike,bike,1  0  0  0
bike,bike,1  0  0  0
bike,bike,1  0  0  0
bike,bike,0.96667           0           0    0.033333
bike,bike,1  0  0  0
bike,bike,1  0  0  0
bike,bike,1  0  0  0
bike,bike,1  0  0  0
bike,bike,1  0  0  0
bike,bike,1  0  0  0
bike,bike,1  0  0  0
bike,bike,1  0  0  0
bike,bike,1  0  0  0
bike,bike,1  0  0  0
bike,bike,1  0  0  0
bike,bike,1  0  0  0
bike,bike,1  0  0  0
bike,bike,1  0  0  0
bike,bike,1  0  0  0
bike,bike,1  0  0  0
bike,bike,1  0  0  0
bike,bike,1  0  0  0
bike,bike,1  0  0  0
bike,bike,1  0  0  0
bike,bike,1  0  0  0
bike,bike,1  0  0  0
bike,bike,1  0  0  0
bike,bike,1  0  0  0
bike,bike,1  0  0  0
bike,bike,1  0  0  0
bike,bike,1  0  0  0
bike,bike,1  0  0  0
bike,bike,1  0  0  0
bike,bike,1  0  0  0
bike,bike,1  0  0  0
bike,bike,1  0  0  0
bike,bike,1  0  0  0
bike,bike,1  0  0  0
bike,bike,1  0  0  0
bike,bike,1  0  0  0
bike,bike,1  0  0  0
bike,bike,1  0  0  0
bike,bike,1  0  0  0
bike,bike,1  0  0  0
bike,bike,1  0  0  0
bike,bike,0.73333           0     0.18968    0.076984
bike,bike,0.76667           0     0.15635    0.076984
bike,bike,0.73333           0     0.18968    0.076984
bike,bike,0.96667           0    0.033333           0
bike,bike,1  0  0  0
bike,bike,1  0  0  0
bike,bike,1  0  0  0
bike,bike,1  0  0  0
bike,bike,1  0  0  0
bike,bike,1  0  0  0
bike,bike,1  0  0  0
bike,bike,1  0  0  0
bike,bike,1  0  0  0
bike,bike,1  0  0  0
bike,bike,1  0  0  0
bike,bike,1  0  0  0
bike,bike,1  0  0  0
bike,bike,1  0  0  0
bike,bike,1  0  0  0
bike,bike,1  0  0  0
bike,bike,1  0  0  0
bike,bike,1  0  0  0
bike,bike,1  0  0  0
bike,bike,1  0  0  0
bike,bike,1  0  0  0
bike,bike,1  0  0  0
bike,bike,1  0  0  0
bike,bike,0.96667           0           0    0.033333
bike,bike,0.96667           0           0    0.033333
bike,bike,1  0  0  0
bike,bike,1  0  0  0
bike,bike,1  0  0  0
bike,bike,1  0  0  0
bike,bike,1  0  0  0
bike,bike,1  0  0  0
bike,bike,1  0  0  0
bike,bike,1  0  0  0
bike,bike,1  0  0  0
bike,bike,1  0  0  0
bike,bike,1  0  0  0
bike,bike,1  0  0  0
bike,bike,1  0  0  0
bike,bike,1  0  0  0
bike,bike,1  0  0  0
bike,bike,1  0  0  0
bike,bike,1  0  0  0
bike,bike,1  0  0  0
bike,bike,1  0  0  0
bike,bike,1  0  0  0
bike,bike,1  0  0  0
bike,bike,0.76667           0     0.15635    0.076984
bike,bike,0.96667           0    0.033333           0
bike,bike,1  0  0  0
bike,bike,1  0  0  0
bike,bike,1  0  0  0
bike,bike,1  0  0  0
bike,bike,1  0  0  0
bike,bike,1  0  0  0
bike,bike,1  0  0  0
bike,bike,1  0  0  0
bike,bike,1  0  0  0
bike,bike,1  0  0  0
bike,bike,1  0  0  0
bike,bike,0.96667           0           0    0.033333
bike,bike,1  0  0  0
bike,bike,1  0  0  0
bike,bike,1  0  0  0
bike,bike,1  0  0  0
bike,bike,0.96667           0           0    0.033333
bike,bike,1  0  0  0
bike,bike,1  0  0  0
bike,bike,1  0  0  0
bike,bike,1  0  0  0
bike,bike,1  0  0  0
bike,bike,1  0  0  0
bike,bike,1  0  0  0
bike,bike,1  0  0  0
bike,bike,1  0  0  0
bike,bike,1  0  0  0
bike,bike,1  0  0  0
bike,bike,1  0  0  0
bike,bike,1  0  0  0
bike,bike,1  0  0  0
bike,bike,1  0  0  0
bike,bike,1  0  0  0
bike,bike,1  0  0  0
bike,bike,1  0  0  0
bike,bike,1  0  0  0
bike,bike,1  0  0  0
bike,bike,1  0  0  0
bike,bike,1  0  0  0
bike,bike,1  0  0  0
bike,bike,1  0  0  0
bike,bike,1  0  0  0
bike,bike,1  0  0  0
bike,bike,1  0  0  0
bike,bike,1  0  0  0
bike,bike,1  0  0  0
bike,bike,1  0  0  0
bike,bike,1  0  0  0
bike,bike,1  0  0  0
bike,bike,1  0  0  0
bike,bike,1  0  0  0
bike,bike,1  0  0  0
bike,bike,1  0  0  0
bike,bike,1  0  0  0
bike,bike,1  0  0  0
bike,bike,1  0  0  0
bike,bike,1  0  0  0
bike,bike,1  0  0  0
bike,bike,1  0  0  0
bike,bike,1  0  0  0
bike,bike,1  0  0  0
bike,bike,1  0  0  0
bike,bike,1  0  0  0
bike,bike,1  0  0  0
bike,bike,1  0  0  0
bike,bike,1  0  0  0
bike,bike,1  0  0  0
bike,bike,1  0  0  0
bike,bike,1  0  0  0
bike,bike,1  0  0  0
bike,bike,1  0  0  0
bike,bike,1  0  0  0
bike,bike,1  0  0  0
bike,bike,1  0  0  0
bike,bike,0.76667           0     0.22302    0.010317
bike,bike,0.76667           0     0.22302    0.010317
bike,bike,0.76667           0     0.22302    0.010317
bike,bike,0.76667           0     0.22302    0.010317
bike,bike,0.76667           0     0.22302    0.010317
bike,bike,1  0  0  0
bike,bike,1  0  0  0
bike,bike,1  0  0  0
bike,bike,1  0  0  0
bike,bike,1  0  0  0
bike,bike,0.76667           0     0.22302    0.010317
bike,bike,0.76667           0     0.22302    0.010317
bike,bike,0.76667           0     0.22302    0.010317
bike,bike,0.76667           0     0.22302    0.010317
bike,bike,0.76667           0     0.22302    0.010317
bike,bike,0.76667           0     0.22302    0.010317
bike,bike,0.73333           0     0.25635    0.010317
bike,bike,0.73333           0     0.25635    0.010317
bike,bike,0.73333           0     0.25635    0.010317
bike,bike,0.76667           0     0.22302    0.010317
bike,bike,1  0  0  0
bike,bike,0.96667           0    0.033333           0
bike,bike,1  0  0  0
bike,bike,1  0  0  0
bike,bike,1  0  0  0
bike,bike,1  0  0  0
bike,bike,1  0  0  0
bike,bike,1  0  0  0
bike,bike,1  0  0  0
bike,bike,1  0  0  0
bike,bike,1  0  0  0
bike,bike,1  0  0  0
bike,bike,1  0  0  0
bike,bike,1  0  0  0
bike,bike,1  0  0  0
bike,bike,1  0  0  0
bike,bike,1  0  0  0
bike,bike,1  0  0  0
bike,bike,1  0  0  0
bike,bike,1  0  0  0
bike,bike,1  0  0  0
bike,bike,1  0  0  0
bike,bike,1  0  0  0
bike,bike,1  0  0  0
bike,bike,1  0  0  0
bike,bike,0.96667           0    0.033333           0
bike,bike,1  0  0  0
bike,bike,0.96667           0           0    0.033333
bike,bike,1  0  0  0
bike,bike,1  0  0  0
bike,bike,1  0  0  0
bike,bike,1  0  0  0
bike,bike,1  0  0  0
bike,bike,1  0  0  0
bike,bike,0.96667           0           0    0.033333
bike,bike,0.96667           0           0    0.033333
bike,bike,0.93333           0           0    0.066667
bike,bike,1  0  0  0
bike,bike,1  0  0  0
bike,bike,1  0  0  0
bike,bike,1  0  0  0
bike,bike,1  0  0  0
bike,bike,1  0  0  0
bike,bike,1  0  0  0
bike,bike,1  0  0  0
bike,bike,0.96667           0           0    0.033333
bike,bike,0.96667           0           0    0.033333
bike,bike,0.86667           0           0     0.13333
bike,bike,0.96667           0           0    0.033333
bike,bike,1  0  0  0
bike,bike,1  0  0  0
bike,bike,1  0  0  0
bike,bike,1  0  0  0
bike,bike,1  0  0  0
bike,bike,1  0  0  0
bike,bike,1  0  0  0
bike,bike,1  0  0  0
bike,bike,1  0  0  0
bike,bike,1  0  0  0
bike,bike,1  0  0  0
bike,bike,1  0  0  0
bike,bike,1  0  0  0
bike,bike,0.96667           0           0    0.033333
bike,bike,0.96667           0           0    0.033333
bike,bike,0.86667           0           0     0.13333
bike,bike,0.86667           0           0     0.13333
bike,bike,0.86667           0           0     0.13333
bike,bike,0.96667           0           0    0.033333
bike,bike,0.96667           0           0    0.033333
bike,bike,0.9           0    0.066667    0.033333
bike,bike,0.9           0         0.1           0
bike,bike,0.9           0         0.1           0
bike,bike,0.93333           0    0.066667           0
bike,bike,0.86667           0         0.1    0.033333
bike,bike,1  0  0  0
bike,bike,0.96667           0           0    0.033333
bike,bike,0.86667           0           0     0.13333
bike,bike,0.86667           0           0     0.13333
bike,bike,0.96667           0           0    0.033333
bike,bike,0.96667           0           0    0.033333
bike,bike,1  0  0  0
bike,bike,1  0  0  0
bike,bike,1  0  0  0
bike,bike,0.96667           0    0.033333           0
bike,bike,0.93333           0    0.066667           0
bike,bike,0.93333           0    0.066667           0
bike,bike,0.9           0    0.066667    0.033333
bike,bike,0.9           0    0.066667    0.033333
bike,bike,0.8    0.033333           0     0.16667
bike,bike,0.9           0    0.066667    0.033333
bike,bike,0.9           0    0.066667    0.033333
bike,bike,0.83333    0.033333           0     0.13333
bike,bike,0.83333    0.033333           0     0.13333
bike,bike,0.86667           0           0     0.13333
bike,bike,0.86667           0           0     0.13333
bike,bike,0.83333           0           0     0.16667
bike,bike,0.93333           0    0.033333    0.033333
bike,bike,0.93333           0    0.066667           0
bike,bike,1  0  0  0
bike,bike,1  0  0  0
bike,bike,0.93333           0    0.066667           0
bike,bike,0.96667           0    0.033333           0
bike,bike,0.93333           0    0.066667           0
bike,bike,0.93333           0    0.066667           0
bike,bike,0.93333           0    0.066667           0
bike,bike,0.96667           0    0.033333           0
bike,bike,0.96667           0    0.033333           0
bike,bike,0.83333    0.033333           0     0.13333
bike,bike,0.83333    0.033333           0     0.13333
bike,bike,0.83333    0.033333           0     0.13333
bike,bike,0.83333    0.033333           0     0.13333
bike,bike,0.83333    0.033333           0     0.13333
bike,bike,0.9           0    0.066667    0.033333
bike,bike,0.96667           0    0.033333           0
bike,bike,1  0  0  0
bike,bike,0.93333           0    0.066667           0
bike,bike,1  0  0  0
bike,bike,1  0  0  0
bike,bike,1  0  0  0
bike,bike,0.96667           0    0.033333           0
bike,bike,0.9           0         0.1           0
bike,bike,0.93333           0    0.066667           0
bike,bike,0.9           0    0.066667    0.033333
bike,bike,0.93333           0    0.066667           0
bike,bike,0.93333           0    0.066667           0
bike,bike,1  0  0  0
bike,bike,1  0  0  0
bike,bike,1  0  0  0
bike,bike,1  0  0  0
bike,bike,1  0  0  0
bike,bike,1  0  0  0
bike,bike,1  0  0  0
bike,bike,1  0  0  0
bike,bike,1  0  0  0
bike,bike,1  0  0  0
bike,bike,1  0  0  0
bike,bike,1  0  0  0
bike,bike,1  0  0  0
bike,bike,1  0  0  0
bike,bike,1  0  0  0
bike,bike,1  0  0  0
bike,bike,1  0  0  0
bike,bike,1  0  0  0
bike,bike,1  0  0  0
bike,bike,1  0  0  0
bike,bike,1  0  0  0
bike,bike,1  0  0  0
bike,bike,1  0  0  0
bike,bike,1  0  0  0
bike,bike,1  0  0  0
bike,bike,1  0  0  0
bike,bike,1  0  0  0
bike,bike,1  0  0  0
bike,bike,1  0  0  0
bike,bike,1  0  0  0
bike,bike,1  0  0  0
bike,bike,1  0  0  0
bike,bike,1  0  0  0
bike,bike,1  0  0  0
bike,bike,1  0  0  0
bike,bike,1  0  0  0
bike,bike,1  0  0  0
bike,bike,1  0  0  0
bike,bike,1  0  0  0
bike,bike,1  0  0  0
bike,bike,1  0  0  0
bike,bike,1  0  0  0
bike,bike,1  0  0  0
bike,bike,0.93333           0    0.066667           0
bike,bike,0.93333           0    0.066667           0
bike,bike,0.93333           0    0.066667           0
bike,bike,0.93333           0    0.066667           0
bike,bike,1  0  0  0
bike,bike,1  0  0  0
bike,bike,1  0  0  0
bike,bike,1  0  0  0
bike,bike,1  0  0  0
bike,bike,1  0  0  0
bike,bike,1  0  0  0
bike,bike,1  0  0  0
bike,bike,1  0  0  0
bike,bike,1  0  0  0
bike,bike,1  0  0  0
bike,bike,1  0  0  0
bike,bike,1  0  0  0
bike,bike,1  0  0  0
bike,bike,1  0  0  0
bike,bike,1  0  0  0
bike,bike,1  0  0  0
bike,bike,1  0  0  0
bike,bike,1  0  0  0
bike,bike,1  0  0  0
bike,bike,1  0  0  0
bike,bike,1  0  0  0
bike,bike,1  0  0  0
bike,bike,1  0  0  0
bike,bike,1  0  0  0
bike,bike,1  0  0  0
bike,bike,1  0  0  0
bike,bike,1  0  0  0
bike,bike,1  0  0  0
bike,bike,1  0  0  0
bike,bike,1  0  0  0
bike,bike,1  0  0  0
bike,bike,1  0  0  0
bike,bike,0.96667           0           0    0.033333
bike,bike,1  0  0  0
bike,bike,1  0  0  0
bike,bike,0.96667           0    0.033333           0
bike,bike,1  0  0  0
bike,bike,1  0  0  0
bike,bike,1  0  0  0
bike,bike,1  0  0  0
bike,bike,1  0  0  0
bike,bike,1  0  0  0
bike,bike,1  0  0  0
bike,bike,1  0  0  0
bike,bike,1  0  0  0
bike,bike,1  0  0  0
bike,bike,1  0  0  0
bike,bike,1  0  0  0
bike,bike,1  0  0  0
bike,bike,1  0  0  0
bike,bike,1  0  0  0
bike,bike,0.96667           0    0.033333           0
bike,bike,1  0  0  0
bike,bike,1  0  0  0
bike,bike,1  0  0  0
bike,bike,1  0  0  0
bike,bike,1  0  0  0
bike,bike,1  0  0  0
bike,bike,1  0  0  0
bike,bike,1  0  0  0
bike,bike,1  0  0  0
bike,bike,0.93333           0    0.066667           0
bike,bike,0.93333           0    0.066667           0
bike,bike,0.93333           0    0.066667           0
bike,bike,0.93333           0    0.066667           0
bike,bike,0.93333           0    0.066667           0
bike,bike,0.96667           0    0.033333           0
bike,bike,0.96667           0    0.033333           0
bike,bike,0.93333           0    0.066667           0
bike,bike,0.93333           0    0.066667           0
bike,bike,0.93333           0    0.066667           0
bike,bike,0.9           0    0.066667    0.033333
bike,bike,0.9           0    0.066667    0.033333
bike,bike,0.9           0    0.066667    0.033333
bike,bike,0.9           0    0.066667    0.033333
bike,bike,0.83333    0.033333           0     0.13333
bike,bike,0.83333    0.033333           0     0.13333
bike,bike,0.8    0.033333    0.033333     0.13333
bike,bike,0.83333    0.033333           0     0.13333
bike,bike,0.83333    0.033333           0     0.13333
bike,bike,0.83333    0.033333    0.066667    0.066667
bike,bike,0.93333           0    0.066667           0
bike,bike,0.96667           0    0.033333           0
bike,bike,0.96667           0    0.033333           0
bike,bike,1  0  0  0
bike,bike,1  0  0  0
bike,bike,1  0  0  0
bike,bike,1  0  0  0
bike,bike,1  0  0  0
bike,bike,1  0  0  0
bike,bike,1  0  0  0
bike,bike,1  0  0  0
bike,bike,1  0  0  0
bike,bike,1  0  0  0
bike,bike,1  0  0  0
bike,bike,1  0  0  0
bike,bike,1  0  0  0
bike,bike,1  0  0  0
bike,bike,1  0  0  0
bike,bike,1  0  0  0
bike,bike,1  0  0  0
bike,bike,1  0  0  0
bike,bike,1  0  0  0
bike,bike,1  0  0  0
bike,bike,1  0  0  0
bike,bike,1  0  0  0
bike,bike,0.9           0    0.066667    0.033333
bike,bike,1  0  0  0
bike,bike,1  0  0  0
bike,bike,1  0  0  0
bike,bike,1  0  0  0
bike,bike,1  0  0  0
bike,bike,1  0  0  0
bike,bike,1  0  0  0
bike,bike,0.96667           0    0.033333           0
bike,bike,0.9           0    0.066667    0.033333
bike,bike,0.9           0    0.066667    0.033333
bike,bike,0.83333    0.033333           0     0.13333
bike,bike,0.9           0    0.066667    0.033333
bike,bike,0.8    0.033333           0     0.16667
bike,bike,0.9           0    0.066667    0.033333
bike,bike,0.9           0    0.066667    0.033333
bike,bike,1  0  0  0
bike,bike,1  0  0  0
bike,bike,1  0  0  0
bike,bike,1  0  0  0
bike,bike,1  0  0  0
bike,bike,0.93333           0    0.066667           0
bike,bike,0.93333           0    0.066667           0
bike,bike,0.9           0    0.066667    0.033333
bike,bike,0.93333           0    0.066667           0
bike,bike,0.93333           0    0.066667           0
bike,bike,0.93333           0    0.066667           0
bike,bike,0.93333           0    0.066667           0
bike,bike,1  0  0  0
bike,bike,1  0  0  0
bike,bike,1  0  0  0
bike,bike,1  0  0  0
bike,bike,0.96667           0    0.033333           0
bike,bike,0.93333           0    0.066667           0
bike,bike,0.93333           0    0.066667           0
bike,bike,0.93333           0    0.066667           0
bike,bike,0.93333           0    0.066667           0
bike,bike,0.93333           0    0.066667           0
bike,bike,1  0  0  0
bike,bike,1  0  0  0
bike,bike,1  0  0  0
bike,bike,0.96667           0    0.033333           0
bike,bike,0.96667           0    0.033333           0
bike,bike,0.93333           0    0.066667           0
bike,bike,0.96667           0    0.033333           0
bike,bike,0.96667           0    0.033333           0
bike,bike,0.96667           0    0.033333           0
bike,bike,1  0  0  0
bike,bike,1  0  0  0
bike,bike,0.96667           0    0.033333           0
bike,bike,0.96667           0    0.033333           0
bike,bike,0.96667           0    0.033333           0
bike,bike,0.96667           0    0.033333           0
bike,bike,0.96667           0    0.033333           0
bike,bike,1  0  0  0
bike,bike,0.96667           0    0.033333           0
bike,bike,0.93333           0    0.066667           0
bike,bike,0.93333           0    0.066667           0
bike,bike,0.93333           0    0.066667           0
bike,bike,0.93333           0    0.066667           0
bike,bike,0.93333           0    0.066667           0
bike,bike,0.93333           0    0.066667           0
bike,bike,0.93333           0    0.066667           0
bike,bike,0.93333           0    0.066667           0
bike,bike,0.93333           0    0.066667           0
bike,bike,0.93333           0    0.066667           0
bike,bike,0.93333           0    0.066667           0
bike,bike,0.93333           0    0.066667           0
bike,bike,0.93333           0    0.066667           0
bike,bike,0.93333           0    0.066667           0
bike,bike,0.93333           0    0.066667           0
bike,bike,0.93333           0    0.066667           0
bike,bike,0.93333           0    0.066667           0
bike,bike,0.93333           0    0.066667           0
bike,bike,0.93333           0    0.066667           0
bike,bike,0.96667           0    0.033333           0
bike,bike,0.93333           0    0.066667           0
bike,bike,0.93333           0    0.066667           0
bike,bike,0.93333           0    0.066667           0
bike,bike,0.93333           0    0.066667           0
bike,bike,0.9           0    0.066667    0.033333
bike,bike,0.9           0    0.066667    0.033333
bike,bike,0.9           0    0.066667    0.033333
bike,bike,0.83333    0.033333           0     0.13333
bike,bike,0.83333    0.033333           0     0.13333
bike,bike,0.9           0    0.066667    0.033333
bike,bike,0.9           0    0.066667    0.033333
bike,bike,0.93333           0    0.066667           0
bike,bike,0.96667           0    0.033333           0
bike,bike,0.96667           0    0.033333           0
bike,bike,1  0  0  0
bike,bike,1  0  0  0
bike,bike,1  0  0  0
bike,bike,1  0  0  0
bike,bike,0.96667           0    0.033333           0
bike,bike,0.96667           0    0.033333           0
bike,bike,0.93333           0    0.066667           0
bike,bike,0.93333           0    0.066667           0
bike,bike,0.93333           0    0.066667           0
bike,bike,0.76667           0     0.15635    0.076984
bike,bike,0.9           0         0.1           0
bike,bike,0.9           0    0.066667    0.033333
bike,bike,0.9           0         0.1           0
bike,bike,0.9           0         0.1           0
bike,bike,0.93333           0    0.066667           0
bike,bike,0.93333           0    0.066667           0
bike,bike,0.93333           0    0.066667           0
bike,bike,0.93333           0    0.066667           0
bike,bike,0.93333           0    0.066667           0
bike,bike,0.93333           0    0.066667           0
bike,bike,0.93333           0    0.066667           0
bike,bike,0.93333           0    0.033333    0.033333
bike,bike,0.86667           0    0.033333         0.1
bike,bike,0.86667           0    0.033333         0.1
bike,bike,0.86667           0    0.033333         0.1
bike,bike,0.86667           0    0.033333         0.1
bike,bike,0.96667           0    0.033333           0
bike,bike,0.93333           0    0.066667           0
bike,bike,0.93333           0    0.066667           0
bike,bike,0.93333           0    0.066667           0
bike,bike,0.93333           0    0.066667           0
bike,bike,0.93333           0    0.033333    0.033333
bike,bike,0.93333           0    0.033333    0.033333
bike,bike,0.93333           0    0.033333    0.033333
bike,bike,0.9           0    0.033333    0.066667
bike,bike,0.93333           0    0.033333    0.033333
bike,bike,0.96667           0    0.033333           0
bike,bike,0.73333           0     0.25635    0.010317
bike,bike,0.73333           0     0.25635    0.010317
bike,bike,0.93333           0    0.066667           0
bike,bike,0.93333           0    0.066667           0
bike,bike,0.96667           0    0.033333           0
bike,bike,1  0  0  0
bike,bike,1  0  0  0
bike,bike,0.76667           0     0.22302    0.010317
bike,bike,0.76667           0     0.22302    0.010317
bike,bike,0.76667           0     0.22302    0.010317
bike,bike,0.76667           0     0.22302    0.010317
bike,bike,0.96667           0    0.033333           0
bike,bike,0.96667           0    0.033333           0
bike,bike,0.76667           0     0.22302    0.010317
bike,bike,0.96667           0    0.033333           0
bike,bike,1  0  0  0
bike,bike,1  0  0  0
bike,bike,0.93333           0    0.066667           0
bike,bike,0.93333           0    0.066667           0
bike,bike,0.96667           0    0.033333           0
bike,bike,0.93333           0    0.066667           0
bike,bike,0.73333           0     0.18968    0.076984
bike,bike,0.73333           0     0.18968    0.076984
bike,bike,0.9           0    0.066667    0.033333
bike,bike,0.93333           0    0.066667           0
bike,bike,0.96667           0    0.033333           0
bike,bike,0.96667           0    0.033333           0
bike,bike,0.93333           0    0.066667           0
bike,bike,0.93333           0    0.066667           0
bike,bike,0.93333           0    0.066667           0
bike,bike,1  0  0  0
bike,bike,0.96667           0    0.033333           0
bike,bike,1  0  0  0
bike,bike,0.7           0      0.1625      0.1375
bike,bike,0.7           0      0.1625      0.1375
bike,bike,0.7           0     0.19583     0.10417
bike,bike,1  0  0  0
bike,bike,0.76667           0     0.22302    0.010317
swim,bike,0.30417           0     0.61468    0.081151
bike,bike,1  0  0  0
bike,bike,1  0  0  0
bike,bike,0.93333           0    0.066667           0
bike,bike,0.93333           0    0.066667           0
bike,bike,0.93333           0    0.066667           0
bike,bike,0.93333           0    0.066667           0
bike,bike,0.93333           0    0.066667           0
bike,bike,0.96667           0    0.033333           0
bike,bike,0.93333           0    0.066667           0
bike,bike,0.9           0         0.1           0
bike,bike,0.9           0         0.1           0
bike,bike,0.73333           0     0.25635    0.010317
bike,bike,0.7           0     0.28968    0.010317
bike,bike,1  0  0  0
bike,bike,0.96667           0    0.033333           0
bike,bike,0.76667           0     0.22302    0.010317
bike,bike,0.93333           0    0.066667           0
bike,bike,0.93333           0    0.066667           0
bike,bike,0.93333           0    0.066667           0
bike,bike,0.93333           0    0.066667           0
bike,bike,0.93333           0    0.066667           0
bike,bike,0.93333           0    0.066667           0
bike,bike,0.9           0         0.1           0
bike,bike,0.93333           0    0.066667           0
bike,bike,0.7           0     0.28968    0.010317
bike,bike,0.7           0     0.28968    0.010317
bike,bike,0.93333           0    0.066667           0
bike,bike,0.93333           0    0.066667           0
bike,bike,0.93333           0    0.066667           0
bike,bike,0.93333           0    0.066667           0
bike,bike,0.93333           0    0.066667           0
bike,bike,0.93333           0    0.066667           0
bike,bike,0.93333           0    0.066667           0
bike,bike,0.86667           0         0.1    0.033333
bike,bike,0.93333           0    0.033333    0.033333
bike,bike,1  0  0  0
bike,bike,1  0  0  0
bike,bike,1  0  0  0
bike,bike,1  0  0  0
bike,bike,1  0  0  0
bike,bike,1  0  0  0
bike,bike,0.76667           0     0.22302    0.010317
bike,bike,1  0  0  0
bike,bike,0.9           0           0         0.1
bike,bike,0.66667     0.13333    0.033333     0.16667
bike,bike,0.76667     0.13333    0.033333    0.066667
bike,bike,0.83333     0.13333           0    0.033333
bike,bike,0.56667     0.23333    0.066667     0.13333
bike,bike,0.66667     0.23333           0         0.1
bike,bike,1  0  0  0
bike,bike,1  0  0  0
bike,bike,1  0  0  0
bike,bike,1  0  0  0
bike,bike,0.7           0      0.1625      0.1375
bike,bike,1  0  0  0
bike,bike,0.96667           0    0.033333           0
bike,bike,1  0  0  0
bike,bike,1  0  0  0
bike,bike,1  0  0  0
bike,bike,0.96667           0    0.033333           0
bike,bike,1  0  0  0
bike,bike,0.96667           0    0.033333           0
bike,bike,0.76667           0     0.22302    0.010317
bike,bike,1  0  0  0
bike,bike,1  0  0  0
bike,bike,1  0  0  0
bike,bike,1  0  0  0
bike,bike,1  0  0  0
bike,bike,0.96667           0    0.033333           0
bike,bike,1  0  0  0
bike,bike,1  0  0  0
bike,bike,1  0  0  0
bike,bike,1  0  0  0
bike,bike,1  0  0  0
bike,bike,1  0  0  0
bike,bike,1  0  0  0
bike,bike,1  0  0  0
bike,bike,1  0  0  0
bike,bike,1  0  0  0
bike,bike,1  0  0  0
bike,bike,1  0  0  0
bike,bike,0.96667           0    0.033333           0
bike,bike,1  0  0  0
bike,bike,1  0  0  0
bike,bike,1  0  0  0
bike,bike,1  0  0  0
bike,bike,1  0  0  0
bike,bike,1  0  0  0
bike,bike,1  0  0  0
bike,bike,1  0  0  0
bike,bike,1  0  0  0
bike,bike,1  0  0  0
bike,bike,1  0  0  0
bike,bike,1  0  0  0
bike,bike,1  0  0  0
bike,bike,1  0  0  0
bike,bike,1  0  0  0
bike,bike,0.96667           0    0.033333           0
bike,bike,0.76667           0     0.22302    0.010317
bike,bike,0.76667           0     0.22302    0.010317
bike,bike,0.76667           0     0.22302    0.010317
bike,bike,0.76667           0     0.22302    0.010317
bike,bike,0.76667           0     0.22302    0.010317
bike,bike,0.76667           0     0.22302    0.010317
bike,bike,1  0  0  0
bike,bike,1  0  0  0
bike,bike,1  0  0  0
bike,bike,1  0  0  0
bike,bike,0.96667           0    0.033333           0
bike,bike,1  0  0  0
bike,bike,1  0  0  0
bike,bike,1  0  0  0
bike,bike,1  0  0  0
bike,bike,0.93333           0    0.033333    0.033333
bike,bike,1  0  0  0
bike,bike,1  0  0  0
bike,bike,1  0  0  0
bike,bike,1  0  0  0
bike,bike,1  0  0  0
bike,bike,1  0  0  0
bike,bike,1  0  0  0
bike,bike,1  0  0  0
bike,bike,0.96667           0           0    0.033333
bike,bike,1  0  0  0
bike,bike,1  0  0  0
bike,bike,1  0  0  0
bike,bike,1  0  0  0
bike,bike,1  0  0  0
bike,bike,1  0  0  0
bike,transition,1  0  0  0
bike,transition,1  0  0  0
bike,transition,1  0  0  0
bike,transition,1  0  0  0
bike,transition,1  0  0  0
bike,transition,1  0  0  0
bike,transition,1  0  0  0
bike,transition,1  0  0  0
bike,transition,1  0  0  0
bike,transition,1  0  0  0
bike,transition,1  0  0  0
bike,transition,1  0  0  0
bike,transition,1  0  0  0
bike,transition,1  0  0  0
bike,transition,1  0  0  0
bike,transition,1  0  0  0
bike,transition,1  0  0  0
bike,transition,1  0  0  0
bike,transition,0.4    0.033333     0.26667         0.3
bike,transition,0.4    0.033333     0.26667         0.3
transition,transition,0.26667           0     0.23333         0.5
transition,transition,0.23333           0     0.26667         0.5
bike,transition,0.43333    0.033333     0.26667     0.26667
bike,transition,1  0  0  0
bike,transition,1  0  0  0
bike,transition,1  0  0  0
bike,transition,1  0  0  0
bike,transition,1  0  0  0
bike,transition,1  0  0  0
bike,transition,1  0  0  0
bike,transition,1  0  0  0
bike,transition,1  0  0  0
bike,transition,1  0  0  0
bike,transition,1  0  0  0
bike,transition,1  0  0  0
bike,transition,1  0  0  0
bike,transition,1  0  0  0
bike,transition,1  0  0  0
bike,transition,1  0  0  0
bike,transition,1  0  0  0
bike,transition,1  0  0  0
bike,transition,1  0  0  0
bike,transition,1  0  0  0
bike,transition,0.96667           0           0    0.033333
bike,transition,1  0  0  0
bike,transition,1  0  0  0
bike,transition,0.96667           0    0.033333           0
bike,transition,1  0  0  0
bike,transition,1  0  0  0
bike,transition,1  0  0  0
bike,transition,1  0  0  0
bike,transition,1  0  0  0
bike,transition,0.70303           0   0.0060606     0.29091
bike,transition,0.50303           0    0.039394     0.45758
bike,transition,0.70303           0    0.039394     0.25758
bike,transition,0.6697           0    0.039394     0.29091
bike,transition,0.83636           0    0.039394     0.12424
bike,transition,0.9           0    0.066667    0.033333
bike,transition,0.83333           0    0.066667         0.1
bike,transition,0.83333           0    0.066667         0.1
bike,transition,0.86667           0    0.033333         0.1
bike,transition,1  0  0  0
bike,transition,1  0  0  0
bike,transition,1  0  0  0
bike,transition,1  0  0  0
bike,transition,0.53333           0     0.12778     0.33889
transition,transition,0.23333           0         0.2     0.56667
transition,transition,0.23333           0    0.066667         0.7
transition,transition,0.3           0     0.13333     0.56667
transition,transition,0.1           0     0.13333     0.76667
transition,transition,0.2697           0   0.0060606     0.72424
transition,transition,0    0.033333     0.43333     0.53333
transition,transition,0    0.033333     0.26667         0.7
swim,transition,0.033333           0     0.56667         0.4
swim,transition,0    0.033333     0.73333     0.23333
swim,transition,0    0.066667         0.7     0.23333
transition,transition,0    0.033333    0.033333     0.93333
transition,transition,0           0         0.2         0.8
transition,transition,0           0     0.43333     0.56667
transition,transition,0.033333           0     0.36667         0.6
transition,transition,0           0         0.2         0.8
transition,transition,0.0030303           0     0.37273     0.62424
swim,transition,0           0     0.55817     0.44183
bike,transition,0.53636           0     0.13939     0.32424
bike,transition,0.5697           0     0.13939     0.29091
bike,transition,0.66667           0    0.097059     0.23627
bike,transition,0.53333           0     0.19706     0.26961
swim,transition,0.066667           0     0.69706     0.23627
swim,transition,0           0     0.63039     0.36961
swim,transition,0.033333           0         0.5     0.46667
transition,transition,0.066667           0     0.43333         0.5
transition,transition,0    0.033333         0.1     0.86667
transition,transition,0.033333           0     0.23333     0.73333
transition,transition,0    0.033333     0.36667         0.6
swim,transition,0           0     0.63333     0.36667
swim,transition,0           0         0.6         0.4
swim,transition,0           0         0.5         0.5
swim,transition,0     0.16667         0.7     0.13333
run,transition,0     0.93333    0.033333    0.033333
run,transition,0  1  0  0
run,transition,0  1  0  0
run,transition,0  1  0  0
run,transition,0  1  0  0
run,transition,0  1  0  0
run,transition,0  1  0  0
run,transition,0  1  0  0
run,transition,0  1  0  0
run,transition,0  1  0  0
run,transition,0  1  0  0
run,transition,0  1  0  0
run,transition,0  1  0  0
run,transition,0  1  0  0
run,transition,0  1  0  0
run,transition,0  1  0  0
run,transition,0  1  0  0
run,transition,0  1  0  0
run,transition,0  1  0  0
run,transition,0  1  0  0
run,run,0  1  0  0
run,run,0  1  0  0
run,run,0  1  0  0
run,run,0  1  0  0
run,run,0  1  0  0
run,run,0  1  0  0
run,run,0  1  0  0
run,run,0  1  0  0
run,run,0  1  0  0
run,run,0  1  0  0
run,run,0  1  0  0
run,run,0  1  0  0
run,run,0  1  0  0
run,run,0  1  0  0
run,run,0  1  0  0
run,run,0  1  0  0
run,run,0  1  0  0
run,run,0  1  0  0
run,run,0  1  0  0
run,run,0  1  0  0
run,run,0  1  0  0
run,run,0  1  0  0
run,run,0  1  0  0
run,run,0  1  0  0
run,run,0  1  0  0
run,run,0  1  0  0
run,run,0  1  0  0
run,run,0  1  0  0
run,run,0  1  0  0
run,run,0  1  0  0
run,run,0  1  0  0
run,run,0  1  0  0
run,run,0  1  0  0
run,run,0  1  0  0
run,run,0  1  0  0
run,run,0  1  0  0
run,run,0  1  0  0
run,run,0  1  0  0
run,run,0  1  0  0
run,run,0  1  0  0
run,run,0  1  0  0
run,run,0  1  0  0
run,run,0  1  0  0
run,run,0  1  0  0
run,run,0  1  0  0
run,run,0  1  0  0
run,run,0  1  0  0
run,run,0  1  0  0
run,run,0  1  0  0
run,run,0  1  0  0
run,run,0  1  0  0
run,run,0  1  0  0
run,run,0  1  0  0
run,run,0  1  0  0
run,run,0  1  0  0
run,run,0  1  0  0
run,run,0  1  0  0
run,run,0  1  0  0
run,run,0  1  0  0
run,run,0  1  0  0
run,run,0  1  0  0
run,run,0  1  0  0
run,run,0  1  0  0
run,run,0  1  0  0
run,run,0  1  0  0
run,run,0  1  0  0
run,run,0  1  0  0
run,run,0  1  0  0
run,run,0  1  0  0
run,run,0  1  0  0
run,run,0  1  0  0
run,run,0  1  0  0
run,run,0  1  0  0
run,run,0  1  0  0
run,run,0  1  0  0
run,run,0  1  0  0
run,run,0  1  0  0
run,run,0  1  0  0
run,run,0  1  0  0
run,run,0  1  0  0
run,run,0  1  0  0
run,run,0  1  0  0
run,run,0  1  0  0
run,run,0  1  0  0
run,run,0  1  0  0
run,run,0  1  0  0
run,run,0  1  0  0
run,run,0  1  0  0
run,run,0  1  0  0
run,run,0  1  0  0
run,run,0  1  0  0
run,run,0  1  0  0
run,run,0  1  0  0
run,run,0  1  0  0
run,run,0  1  0  0
run,run,0  1  0  0
run,run,0  1  0  0
run,run,0  1  0  0
run,run,0  1  0  0
run,run,0  1  0  0
run,run,0  1  0  0
run,run,0  1  0  0
run,run,0  1  0  0
run,run,0  1  0  0
run,run,0  1  0  0
run,run,0  1  0  0
run,run,0  1  0  0
run,run,0  1  0  0
run,run,0  1  0  0
run,run,0  1  0  0
run,run,0  1  0  0
run,run,0  1  0  0
run,run,0  1  0  0
run,run,0  1  0  0
run,run,0  1  0  0
run,run,0  1  0  0
run,run,0  1  0  0
run,run,0  1  0  0
run,run,0  1  0  0
run,run,0  1  0  0
run,run,0  1  0  0
run,run,0  1  0  0
run,run,0  1  0  0
run,run,0  1  0  0
run,run,0  1  0  0
run,run,0  1  0  0
run,run,0  1  0  0
run,run,0  1  0  0
run,run,0  1  0  0
run,run,0  1  0  0
run,run,0  1  0  0
run,run,0  1  0  0
run,run,0  1  0  0
run,run,0  1  0  0
run,run,0  1  0  0
run,run,0  1  0  0
run,run,0  1  0  0
run,run,0  1  0  0
run,run,0  1  0  0
run,run,0  1  0  0
run,run,0  1  0  0
run,run,0  1  0  0
run,run,0  1  0  0
run,run,0  1  0  0
run,run,0  1  0  0
run,run,0  1  0  0
run,run,0  1  0  0
run,run,0  1  0  0
run,run,0  1  0  0
run,run,0  1  0  0
run,run,0  1  0  0
run,run,0  1  0  0
run,run,0  1  0  0
run,run,0  1  0  0
run,run,0  1  0  0
run,run,0  1  0  0
run,run,0  1  0  0
run,run,0  1  0  0
run,run,0  1  0  0
run,run,0  1  0  0
run,run,0  1  0  0
run,run,0  1  0  0
run,run,0  1  0  0
run,run,0  1  0  0
run,run,0  1  0  0
run,run,0  1  0  0
run,run,0  1  0  0
run,run,0  1  0  0
run,run,0  1  0  0
run,run,0  1  0  0
run,run,0  1  0  0
run,run,0  1  0  0
run,run,0  1  0  0
run,run,0  1  0  0
run,run,0  1  0  0
run,run,0  1  0  0
run,run,0  1  0  0
run,run,0  1  0  0
run,run,0  1  0  0
run,run,0  1  0  0
run,run,0  1  0  0
run,run,0  1  0  0
run,run,0  1  0  0
run,run,0  1  0  0
run,run,0  1  0  0
run,run,0  1  0  0
run,run,0  1  0  0
run,run,0  1  0  0
run,run,0  1  0  0
run,run,0  1  0  0
run,run,0  1  0  0
run,run,0  1  0  0
run,run,0  1  0  0
run,run,0  1  0  0
run,run,0  1  0  0
run,run,0  1  0  0
run,run,0  1  0  0
run,run,0  1  0  0
run,run,0  1  0  0
run,run,0  1  0  0
run,run,0  1  0  0
run,run,0  1  0  0
run,run,0     0.93333    0.066667           0
swim,run,0     0.33333     0.36667         0.3
transition,run,0           0    0.066667     0.93333
transition,run,0.033333           0     0.33333     0.63333
transition,run,0.033333           0           0     0.96667
transition,run,0.033333           0           0     0.96667
transition,run,0.033333           0    0.033333     0.93333
transition,run,0  0  0  1
transition,run,0  0  0  1
transition,run,0  0  0  1
transition,run,0           0    0.033333     0.96667
transition,run,0           0     0.16667     0.83333
run,run,0         0.4     0.23039     0.36961
run,run,0         0.7    0.066667     0.23333
run,run,0  1  0  0
run,run,0  1  0  0
run,run,0  1  0  0
run,run,0  1  0  0
run,run,0  1  0  0
run,run,0  1  0  0
run,run,0  1  0  0
run,run,0  1  0  0
run,run,0  1  0  0
run,run,0  1  0  0
run,run,0  1  0  0
run,run,0  1  0  0
run,run,0  1  0  0
run,run,0  1  0  0
run,run,0  1  0  0
run,run,0  1  0  0
run,run,0  1  0  0
run,run,0  1  0  0
run,run,0  1  0  0
run,run,0  1  0  0
run,run,0  1  0  0
run,run,0  1  0  0
run,run,0  1  0  0
run,run,0  1  0  0
run,run,0  1  0  0
run,run,0  1  0  0
run,run,0  1  0  0
run,run,0  1  0  0
run,run,0  1  0  0
run,run,0  1  0  0
run,run,0  1  0  0
run,run,0  1  0  0
run,run,0  1  0  0
run,run,0  1  0  0
run,run,0  1  0  0
run,run,0  1  0  0
run,run,0  1  0  0
run,run,0  1  0  0
run,run,0  1  0  0
run,run,0  1  0  0
run,run,0  1  0  0
run,run,0  1  0  0
run,run,0  1  0  0
run,run,0  1  0  0
run,run,0  1  0  0
run,run,0  1  0  0
run,run,0  1  0  0
run,run,0  1  0  0
run,run,0  1  0  0
run,run,0  1  0  0
run,run,0  1  0  0
run,run,0  1  0  0
run,run,0  1  0  0
run,run,0  1  0  0
run,run,0  1  0  0
run,run,0  1  0  0
run,run,0  1  0  0
run,run,0  1  0  0
run,run,0  1  0  0
run,run,0  1  0  0
run,run,0  1  0  0
run,run,0  1  0  0
run,run,0  1  0  0
run,run,0  1  0  0
run,run,0  1  0  0
run,run,0  1  0  0
run,run,0  1  0  0
run,run,0  1  0  0
run,run,0  1  0  0
run,run,0  1  0  0
run,run,0  1  0  0
run,run,0  1  0  0
run,run,0  1  0  0
run,run,0  1  0  0
run,run,0  1  0  0
run,run,0  1  0  0
run,run,0  1  0  0
run,run,0  1  0  0
run,run,0  1  0  0
run,run,0  1  0  0
run,run,0  1  0  0
run,run,0  1  0  0
run,run,0  1  0  0
run,run,0  1  0  0
run,run,0  1  0  0
run,run,0  1  0  0
run,run,0  1  0  0
run,run,0  1  0  0
run,run,0  1  0  0
run,run,0  1  0  0
run,run,0  1  0  0
run,run,0  1  0  0
run,run,0  1  0  0
run,run,0  1  0  0
run,run,0  1  0  0
run,run,0  1  0  0
run,run,0  1  0  0
run,run,0  1  0  0
run,run,0  1  0  0
run,run,0  1  0  0
run,run,0  1  0  0
run,run,0  1  0  0
run,run,0  1  0  0
run,run,0  1  0  0
run,run,0  1  0  0
run,run,0  1  0  0
run,run,0  1  0  0
run,run,0  1  0  0
run,run,0  1  0  0
run,run,0  1  0  0
run,run,0  1  0  0
run,run,0  1  0  0
run,run,0  1  0  0
run,run,0  1  0  0
run,run,0  1  0  0
run,run,0  1  0  0
run,run,0  1  0  0
run,run,0  1  0  0
run,run,0  1  0  0
run,run,0  1  0  0
run,run,0  1  0  0
run,run,0  1  0  0
run,run,0  1  0  0
run,run,0  1  0  0
run,run,0  1  0  0
run,run,0  1  0  0
run,run,0  1  0  0
run,run,0  1  0  0
run,run,0  1  0  0
run,run,0  1  0  0
run,run,0  1  0  0
run,run,0  1  0  0
run,run,0  1  0  0
run,run,0  1  0  0
run,run,0  1  0  0
run,run,0  1  0  0
run,run,0  1  0  0
run,run,0  1  0  0
run,run,0  1  0  0
run,run,0  1  0  0
run,run,0  1  0  0
run,run,0  1  0  0
run,run,0  1  0  0
run,run,0  1  0  0
run,run,0  1  0  0
run,run,0  1  0  0
run,run,0  1  0  0
run,run,0  1  0  0
run,run,0  1  0  0
run,run,0  1  0  0
run,run,0  1  0  0
run,run,0  1  0  0
run,run,0  1  0  0
run,run,0  1  0  0
run,run,0  1  0  0
run,run,0  1  0  0
run,run,0  1  0  0
run,run,0  1  0  0
run,run,0  1  0  0
run,run,0  1  0  0
run,run,0  1  0  0
run,run,0  1  0  0
run,run,0  1  0  0
run,run,0  1  0  0
run,run,0  1  0  0
run,run,0  1  0  0
run,run,0  1  0  0
run,run,0  1  0  0
run,run,0  1  0  0
run,run,0  1  0  0
run,run,0  1  0  0
run,run,0  1  0  0
run,run,0  1  0  0
run,run,0  1  0  0
run,run,0  1  0  0
run,run,0  1  0  0
run,run,0  1  0  0
run,run,0  1  0  0
run,run,0  1  0  0
run,run,0  1  0  0
run,run,0  1  0  0
run,run,0  1  0  0
run,run,0  1  0  0
run,run,0  1  0  0
run,run,0  1  0  0
run,run,0  1  0  0
run,run,0  1  0  0
run,run,0  1  0  0
run,run,0  1  0  0
run,run,0  1  0  0
run,run,0  1  0  0
run,run,0  1  0  0
run,run,0  1  0  0
run,run,0  1  0  0
run,run,0  1  0  0
run,run,0  1  0  0
run,run,0  1  0  0
run,run,0  1  0  0
run,run,0  1  0  0
run,run,0  1  0  0
run,run,0  1  0  0
run,run,0  1  0  0
run,run,0  1  0  0
run,run,0  1  0  0
run,run,0  1  0  0
run,run,0     0.93333    0.066667           0
run,run,0     0.93333    0.066667           0
run,run,0  1  0  0
run,run,0  1  0  0
run,run,0  1  0  0
run,run,0  1  0  0
run,run,0  1  0  0
run,run,0  1  0  0
run,run,0  1  0  0
run,run,0  1  0  0
run,run,0  1  0  0
run,run,0  1  0  0
run,run,0  1  0  0
run,run,0  1  0  0
run,run,0  1  0  0
run,run,0  1  0  0
run,run,0  1  0  0
run,run,0  1  0  0
run,run,0  1  0  0
run,run,0  1  0  0
run,run,0  1  0  0
run,run,0  1  0  0
run,run,0  1  0  0
run,run,0  1  0  0
run,run,0  1  0  0
run,run,0  1  0  0
run,run,0  1  0  0
run,run,0  1  0  0
run,run,0  1  0  0
run,run,0  1  0  0
run,run,0  1  0  0
run,run,0  1  0  0
run,run,0  1  0  0
run,run,0  1  0  0
run,run,0  1  0  0
run,run,0  1  0  0
run,run,0  1  0  0
run,run,0  1  0  0
run,run,0  1  0  0
run,run,0  1  0  0
run,run,0  1  0  0
run,run,0  1  0  0
run,run,0  1  0  0
run,run,0  1  0  0
run,run,0  1  0  0
run,run,0  1  0  0
run,run,0  1  0  0
run,run,0  1  0  0
run,run,0  1  0  0
run,run,0  1  0  0
run,run,0  1  0  0
run,run,0  1  0  0
run,run,0  1  0  0
run,run,0  1  0  0
run,run,0  1  0  0
run,run,0  1  0  0
run,run,0  1  0  0
run,run,0  1  0  0
run,run,0  1  0  0
run,run,0  1  0  0
run,run,0  1  0  0
run,run,0  1  0  0
run,run,0  1  0  0
run,run,0  1  0  0
run,run,0  1  0  0
run,run,0  1  0  0
run,run,0  1  0  0
run,run,0  1  0  0
run,run,0  1  0  0
run,run,0  1  0  0
run,run,0  1  0  0
run,run,0  1  0  0
run,run,0  1  0  0
run,run,0  1  0  0
run,run,0  1  0  0
run,run,0  1  0  0
run,run,0  1  0  0
run,run,0  1  0  0
run,run,0  1  0  0
run,run,0  1  0  0
run,run,0  1  0  0
run,run,0  1  0  0
run,run,0  1  0  0
run,run,0  1  0  0
run,run,0  1  0  0
run,run,0  1  0  0
run,run,0  1  0  0
run,run,0  1  0  0
run,run,0  1  0  0
run,run,0  1  0  0
run,run,0  1  0  0
run,run,0  1  0  0
run,run,0  1  0  0
run,run,0  1  0  0
run,run,0  1  0  0
run,run,0  1  0  0
run,run,0  1  0  0
run,run,0  1  0  0
run,run,0  1  0  0
run,run,0  1  0  0
run,run,0  1  0  0
run,run,0  1  0  0
run,run,0  1  0  0
run,run,0  1  0  0
run,run,0  1  0  0
run,run,0  1  0  0
run,run,0  1  0  0
run,run,0  1  0  0
run,run,0  1  0  0
run,run,0  1  0  0
run,run,0  1  0  0
run,run,0  1  0  0
run,run,0  1  0  0
run,run,0  1  0  0
run,run,0  1  0  0
run,run,0  1  0  0
run,run,0  1  0  0
run,run,0  1  0  0
run,run,0  1  0  0
run,run,0  1  0  0
run,run,0  1  0  0
run,run,0  1  0  0
run,run,0  1  0  0
run,run,0  1  0  0
run,run,0  1  0  0
run,run,0  1  0  0
run,run,0  1  0  0
run,run,0  1  0  0
run,run,0  1  0  0
run,run,0  1  0  0
run,run,0  1  0  0
run,run,0  1  0  0
run,run,0  1  0  0
run,run,0  1  0  0
run,run,0  1  0  0
run,run,0  1  0  0
run,run,0  1  0  0
run,run,0  1  0  0
run,run,0  1  0  0
run,run,0  1  0  0
run,run,0  1  0  0
run,run,0  1  0  0
run,run,0  1  0  0
run,run,0  1  0  0
run,run,0  1  0  0
run,run,0  1  0  0
run,run,0  1  0  0
run,run,0  1  0  0
run,run,0  1  0  0
run,run,0  1  0  0
run,run,0  1  0  0
run,run,0  1  0  0
run,run,0  1  0  0
run,run,0  1  0  0
run,run,0  1  0  0
run,run,0  1  0  0
run,run,0  1  0  0
run,run,0  1  0  0
run,run,0  1  0  0
run,run,0  1  0  0
run,run,0  1  0  0
run,run,0  1  0  0
run,run,0  1  0  0
run,run,0  1  0  0
run,run,0  1  0  0
run,run,0  1  0  0
run,run,0  1  0  0
run,run,0  1  0  0
run,run,0  1  0  0
run,run,0  1  0  0
run,run,0     0.93333    0.066667           0
run,run,0     0.93333    0.066667           0
run,run,0  1  0  0
run,run,0  1  0  0
run,run,0  1  0  0
run,run,0  1  0  0
run,run,0  1  0  0
run,run,0  1  0  0
run,run,0  1  0  0
run,run,0  1  0  0
run,run,0  1  0  0
run,run,0  1  0  0
run,run,0  1  0  0
run,run,0  1  0  0
run,run,0  1  0  0
run,run,0  1  0  0
run,run,0  1  0  0
run,run,0  1  0  0
run,run,0  1  0  0
run,run,0  1  0  0
run,run,0  1  0  0
run,run,0  1  0  0
run,run,0  1  0  0
run,run,0  1  0  0
run,run,0  1  0  0
run,run,0  1  0  0
run,run,0  1  0  0
run,run,0  1  0  0
run,run,0  1  0  0
run,run,0  1  0  0
run,run,0  1  0  0
run,run,0     0.96667    0.033333           0
run,run,0  1  0  0
run,run,0  1  0  0
run,run,0  1  0  0
run,run,0  1  0  0
run,run,0  1  0  0
run,run,0  1  0  0
run,run,0  1  0  0
run,run,0  1  0  0
run,run,0  1  0  0
run,run,0  1  0  0
run,run,0  1  0  0
run,run,0  1  0  0
run,run,0  1  0  0
run,run,0  1  0  0
run,run,0  1  0  0
run,run,0  1  0  0
run,run,0  1  0  0
run,run,0  1  0  0
run,run,0  1  0  0
run,run,0  1  0  0
run,run,0  1  0  0
run,run,0  1  0  0
run,run,0  1  0  0
run,run,0  1  0  0
run,run,0  1  0  0
run,run,0  1  0  0
run,run,0  1  0  0
run,run,0  1  0  0
run,run,0  1  0  0
run,run,0  1  0  0
run,run,0  1  0  0
run,run,0  1  0  0
run,run,0  1  0  0
run,run,0  1  0  0
run,run,0  1  0  0
run,run,0  1  0  0
run,run,0  1  0  0
run,run,0  1  0  0
run,run,0  1  0  0
run,run,0  1  0  0
run,run,0  1  0  0
run,run,0  1  0  0
run,run,0  1  0  0
run,run,0  1  0  0
run,run,0  1  0  0
run,run,0  1  0  0
run,run,0  1  0  0
run,run,0  1  0  0
run,run,0  1  0  0
run,run,0  1  0  0
run,run,0  1  0  0
run,run,0  1  0  0
run,run,0  1  0  0
run,run,0  1  0  0
run,run,0  1  0  0
run,run,0  1  0  0
run,run,0  1  0  0
run,run,0  1  0  0
run,run,0  1  0  0
run,run,0  1  0  0
run,run,0  1  0  0
run,run,0  1  0  0
run,run,0  1  0  0
run,run,0  1  0  0
run,run,0  1  0  0
run,run,0  1  0  0
run,run,0  1  0  0
run,run,0  1  0  0
run,run,0  1  0  0
run,run,0  1  0  0
run,run,0  1  0  0
run,run,0  1  0  0
run,run,0  1  0  0
run,run,0  1  0  0
run,run,0  1  0  0
run,run,0  1  0  0
run,run,0  1  0  0
run,run,0  1  0  0
run,run,0  1  0  0
run,run,0  1  0  0
run,run,0  1  0  0
run,run,0  1  0  0
run,run,0  1  0  0
run,run,0  1  0  0
run,run,0  1  0  0
run,run,0  1  0  0
run,run,0  1  0  0
run,run,0  1  0  0
run,run,0  1  0  0
run,run,0  1  0  0
run,run,0  1  0  0
run,run,0  1  0  0
run,run,0  1  0  0
run,run,0  1  0  0
run,run,0  1  0  0
run,run,0  1  0  0
run,run,0  1  0  0
run,run,0  1  0  0
run,run,0  1  0  0
run,run,0  1  0  0
run,run,0  1  0  0
run,run,0  1  0  0
run,run,0  1  0  0
run,run,0  1  0  0
run,run,0  1  0  0
run,run,0  1  0  0
run,run,0  1  0  0
run,run,0  1  0  0
run,run,0  1  0  0
run,run,0  1  0  0
run,run,0  1  0  0
run,run,0  1  0  0
run,run,0  1  0  0
run,run,0  1  0  0
run,run,0  1  0  0
run,run,0  1  0  0
run,run,0  1  0  0
run,run,0  1  0  0
run,run,0  1  0  0
run,run,0  1  0  0
run,run,0  1  0  0
run,run,0  1  0  0
run,run,0  1  0  0
run,run,0  1  0  0
run,run,0  1  0  0
run,run,0  1  0  0
run,run,0  1  0  0
run,run,0  1  0  0
run,run,0  1  0  0
run,run,0  1  0  0
run,run,0  1  0  0
run,run,0  1  0  0
run,run,0  1  0  0
run,run,0  1  0  0
run,run,0  1  0  0
run,run,0  1  0  0
run,run,0  1  0  0
run,run,0  1  0  0
run,run,0  1  0  0
run,run,0  1  0  0
run,run,0  1  0  0
run,run,0  1  0  0
run,run,0  1  0  0
run,run,0  1  0  0
run,run,0  1  0  0
run,run,0  1  0  0
run,run,0  1  0  0
run,run,0  1  0  0
run,run,0  1  0  0
run,run,0  1  0  0
run,run,0  1  0  0
run,run,0  1  0  0
run,run,0  1  0  0
run,run,0  1  0  0
run,run,0  1  0  0
run,run,0  1  0  0
run,run,0  1  0  0
run,run,0  1  0  0
run,run,0  1  0  0
run,run,0  1  0  0
run,run,0  1  0  0
run,run,0  1  0  0
run,run,0  1  0  0
run,run,0  1  0  0
run,run,0  1  0  0
run,run,0  1  0  0
run,run,0  1  0  0
run,run,0  1  0  0
run,run,0  1  0  0
run,run,0  1  0  0
run,run,0  1  0  0
run,run,0  1  0  0
run,run,0  1  0  0
run,run,0  1  0  0
run,run,0  1  0  0
run,run,0  1  0  0
run,run,0  1  0  0
run,run,0  1  0  0
run,run,0  1  0  0
run,run,0  1  0  0
run,run,0  1  0  0
run,run,0  1  0  0
run,run,0  1  0  0
run,run,0  1  0  0
run,run,0  1  0  0
run,run,0  1  0  0
run,run,0  1  0  0
run,run,0  1  0  0
run,run,0  1  0  0
run,run,0  1  0  0
run,run,0  1  0  0
run,run,0  1  0  0
run,run,0  1  0  0
run,run,0  1  0  0
run,run,0  1  0  0
run,run,0  1  0  0
run,run,0  1  0  0
run,run,0  1  0  0
run,run,0  1  0  0
run,run,0  1  0  0
run,run,0  1  0  0
run,run,0  1  0  0
run,run,0  1  0  0
run,run,0  1  0  0
run,run,0  1  0  0
run,run,0  1  0  0
run,run,0  1  0  0
run,run,0  1  0  0
run,run,0  1  0  0
run,run,0  1  0  0
run,run,0  1  0  0
run,run,0  1  0  0
run,run,0  1  0  0
run,run,0  1  0  0
run,run,0  1  0  0
run,run,0  1  0  0
run,run,0  1  0  0
run,run,0  1  0  0
run,run,0  1  0  0
run,run,0  1  0  0
run,run,0  1  0  0
run,run,0  1  0  0
run,run,0  1  0  0
run,run,0  1  0  0
run,run,0  1  0  0
run,run,0  1  0  0
run,run,0  1  0  0
run,run,0  1  0  0
run,run,0  1  0  0
run,run,0  1  0  0
run,run,0  1  0  0
run,run,0  1  0  0
run,run,0  1  0  0
run,run,0  1  0  0
run,run,0  1  0  0
run,run,0  1  0  0
run,run,0  1  0  0
run,run,0  1  0  0
run,run,0  1  0  0
run,run,0  1  0  0
run,run,0  1  0  0
run,run,0  1  0  0
run,run,0  1  0  0
run,run,0  1  0  0
run,run,0  1  0  0
run,run,0  1  0  0
run,run,0  1  0  0
run,run,0  1  0  0
run,run,0  1  0  0
run,run,0  1  0  0
run,run,0  1  0  0
run,run,0  1  0  0
run,run,0  1  0  0
run,run,0  1  0  0
run,run,0  1  0  0
run,run,0  1  0  0
run,run,0  1  0  0
run,run,0  1  0  0
run,run,0  1  0  0
run,run,0     0.96667    0.033333           0
run,run,0  1  0  0
run,run,0  1  0  0
run,run,0  1  0  0
run,run,0  1  0  0
run,run,0  1  0  0
run,run,0  1  0  0
run,run,0  1  0  0
run,run,0  1  0  0
run,run,0  1  0  0
run,run,0  1  0  0
run,run,0  1  0  0
run,run,0  1  0  0
run,run,0  1  0  0
run,run,0  1  0  0
run,run,0  1  0  0
run,run,0  1  0  0
run,run,0  1  0  0
run,run,0  1  0  0
run,run,0  1  0  0
run,run,0  1  0  0
run,run,0  1  0  0
run,run,0  1  0  0
run,run,0  1  0  0
run,run,0  1  0  0
run,run,0  1  0  0
run,run,0  1  0  0
run,run,0  1  0  0
run,run,0  1  0  0
run,run,0  1  0  0
run,run,0  1  0  0
run,run,0  1  0  0
run,run,0  1  0  0
run,run,0  1  0  0
run,run,0  1  0  0
run,run,0  1  0  0
run,run,0  1  0  0
run,run,0  1  0  0
run,run,0  1  0  0
run,run,0  1  0  0
run,run,0  1  0  0
run,run,0  1  0  0
run,run,0  1  0  0
run,run,0  1  0  0
run,run,0  1  0  0
run,run,0  1  0  0
run,run,0  1  0  0
run,run,0  1  0  0
run,run,0  1  0  0
run,run,0  1  0  0
run,run,0  1  0  0
run,run,0  1  0  0
run,run,0  1  0  0
run,run,0  1  0  0
run,run,0  1  0  0
run,run,0  1  0  0
run,run,0  1  0  0
run,run,0  1  0  0
run,run,0  1  0  0
run,run,0  1  0  0
run,run,0  1  0  0
run,run,0  1  0  0
run,run,0  1  0  0
run,run,0  1  0  0
run,run,0  1  0  0
run,run,0  1  0  0
run,run,0  1  0  0
run,run,0  1  0  0
run,run,0  1  0  0
run,run,0  1  0  0
run,run,0  1  0  0
run,run,0  1  0  0
run,run,0  1  0  0
run,run,0  1  0  0
run,run,0  1  0  0
run,run,0  1  0  0
run,run,0  1  0  0
run,run,0  1  0  0
run,run,0  1  0  0
run,run,0  1  0  0
run,run,0  1  0  0
run,run,0  1  0  0
run,run,0  1  0  0
run,run,0  1  0  0
run,run,0  1  0  0
run,run,0  1  0  0
run,run,0  1  0  0
run,run,0  1  0  0
run,run,0  1  0  0
run,run,0  1  0  0
run,run,0  1  0  0
run,run,0  1  0  0
run,run,0  1  0  0
run,run,0  1  0  0
run,run,0  1  0  0
run,run,0  1  0  0
run,run,0  1  0  0
run,run,0  1  0  0
run,run,0  1  0  0
run,run,0  1  0  0
run,run,0  1  0  0
run,run,0  1  0  0
run,run,0  1  0  0
run,run,0  1  0  0
run,run,0  1  0  0
run,run,0  1  0  0
run,run,0  1  0  0
run,run,0  1  0  0
run,run,0  1  0  0
run,run,0  1  0  0
run,run,0  1  0  0
run,run,0  1  0  0
run,run,0  1  0  0
run,run,0  1  0  0
run,run,0  1  0  0
run,run,0  1  0  0
run,run,0  1  0  0
run,run,0  1  0  0
run,run,0  1  0  0
run,run,0  1  0  0
run,run,0  1  0  0
run,run,0  1  0  0
run,run,0  1  0  0
run,run,0  1  0  0
run,run,0  1  0  0
run,run,0  1  0  0
run,run,0  1  0  0
run,run,0  1  0  0
run,run,0  1  0  0
run,run,0  1  0  0
run,run,0  1  0  0
run,run,0  1  0  0
run,run,0  1  0  0
run,run,0  1  0  0
run,run,0  1  0  0
run,run,0  1  0  0
run,run,0  1  0  0
run,run,0  1  0  0
run,run,0  1  0  0
run,run,0  1  0  0
run,run,0  1  0  0
run,run,0  1  0  0
run,run,0  1  0  0
run,run,0  1  0  0
run,run,0  1  0  0
run,run,0  1  0  0
run,run,0  1  0  0
run,run,0  1  0  0
run,run,0  1  0  0
run,run,0  1  0  0
run,run,0  1  0  0
run,run,0  1  0  0
run,run,0  1  0  0
run,run,0  1  0  0
run,run,0  1  0  0
run,run,0     0.96667    0.033333           0
run,run,0  1  0  0
run,run,0  1  0  0
run,run,0  1  0  0
run,run,0  1  0  0
run,run,0  1  0  0
run,run,0  1  0  0
run,run,0  1  0  0
run,run,0  1  0  0
run,run,0  1  0  0
run,run,0  1  0  0
run,run,0  1  0  0
run,run,0  1  0  0
run,run,0  1  0  0
run,run,0  1  0  0
run,run,0  1  0  0
run,run,0  1  0  0
run,run,0  1  0  0
run,run,0  1  0  0
run,run,0  1  0  0
run,run,0  1  0  0
run,run,0  1  0  0
run,run,0  1  0  0
run,run,0  1  0  0
run,run,0  1  0  0
run,run,0  1  0  0
run,run,0  1  0  0
run,run,0  1  0  0
run,run,0  1  0  0
run,run,0  1  0  0
run,run,0  1  0  0
run,run,0  1  0  0
run,run,0  1  0  0
run,run,0  1  0  0
run,run,0  1  0  0
run,run,0  1  0  0
run,run,0  1  0  0
run,run,0  1  0  0
run,run,0  1  0  0
run,run,0  1  0  0
run,run,0  1  0  0
run,run,0  1  0  0
run,run,0  1  0  0
run,run,0  1  0  0
run,run,0  1  0  0
run,run,0  1  0  0
run,run,0  1  0  0
run,run,0  1  0  0
run,run,0  1  0  0
run,run,0  1  0  0
run,run,0  1  0  0
run,run,0  1  0  0
run,run,0  1  0  0
run,run,0  1  0  0
run,run,0  1  0  0
run,run,0  1  0  0
run,run,0  1  0  0
run,run,0  1  0  0
run,run,0  1  0  0
run,run,0  1  0  0
run,run,0  1  0  0
run,run,0  1  0  0
run,run,0  1  0  0
run,run,0  1  0  0
run,run,0  1  0  0
run,run,0  1  0  0
run,run,0  1  0  0
run,run,0  1  0  0
run,run,0  1  0  0
run,run,0  1  0  0
run,run,0  1  0  0
run,run,0  1  0  0
run,run,0  1  0  0
run,run,0  1  0  0
run,run,0  1  0  0
run,run,0  1  0  0
run,run,0  1  0  0
run,run,0  1  0  0
run,run,0  1  0  0
run,run,0     0.93333    0.066667           0
run,run,0     0.93333    0.066667           0
run,run,0     0.93333    0.066667           0
run,run,0  1  0  0
run,run,0  1  0  0
run,run,0  1  0  0
run,run,0  1  0  0
run,run,0  1  0  0
run,run,0  1  0  0
run,run,0  1  0  0
run,run,0  1  0  0
run,run,0  1  0  0
run,run,0  1  0  0
run,run,0  1  0  0
run,run,0  1  0  0
run,run,0  1  0  0
run,run,0  1  0  0
run,run,0  1  0  0
run,run,0  1  0  0
run,run,0  1  0  0
run,run,0  1  0  0
run,run,0  1  0  0
run,run,0  1  0  0
run,run,0  1  0  0
run,run,0  1  0  0
run,run,0  1  0  0
run,run,0  1  0  0
run,run,0  1  0  0
run,run,0  1  0  0
run,run,0  1  0  0
run,run,0  1  0  0
run,run,0  1  0  0
run,run,0  1  0  0
run,run,0  1  0  0
run,run,0  1  0  0
run,run,0  1  0  0
run,run,0  1  0  0
run,run,0  1  0  0
run,run,0  1  0  0
run,run,0  1  0  0
run,run,0  1  0  0
run,run,0  1  0  0
run,run,0  1  0  0
run,run,0  1  0  0
run,run,0  1  0  0
run,run,0  1  0  0
run,run,0  1  0  0
run,run,0  1  0  0
run,run,0  1  0  0
run,run,0  1  0  0
run,run,0  1  0  0
run,run,0  1  0  0
run,run,0  1  0  0
run,run,0  1  0  0
run,run,0  1  0  0
run,run,0  1  0  0
run,run,0  1  0  0
run,run,0  1  0  0
run,run,0  1  0  0
run,run,0  1  0  0
run,run,0  1  0  0
run,run,0  1  0  0
run,run,0  1  0  0
run,run,0  1  0  0
run,run,0  1  0  0
run,run,0  1  0  0
run,run,0  1  0  0
run,run,0  1  0  0
run,run,0  1  0  0
run,run,0  1  0  0
run,run,0  1  0  0
run,run,0  1  0  0
run,run,0  1  0  0
run,run,0  1  0  0
run,run,0  1  0  0
run,run,0  1  0  0
run,run,0  1  0  0
run,run,0  1  0  0
run,run,0  1  0  0
run,run,0  1  0  0
run,run,0  1  0  0
run,run,0  1  0  0
run,run,0  1  0  0
run,run,0  1  0  0
run,run,0  1  0  0
run,run,0  1  0  0
run,run,0  1  0  0
run,run,0  1  0  0
run,run,0  1  0  0
run,run,0  1  0  0
run,run,0  1  0  0
run,run,0  1  0  0
run,run,0  1  0  0
run,run,0  1  0  0
run,run,0     0.93333    0.066667           0
run,run,0  1  0  0
run,run,0  1  0  0
run,run,0  1  0  0
run,run,0  1  0  0
run,run,0  1  0  0
run,run,0  1  0  0
run,run,0  1  0  0
run,run,0  1  0  0
run,run,0     0.93333    0.066667           0
run,run,0     0.93333    0.066667           0
run,run,0     0.93333    0.066667           0
run,run,0  1  0  0
run,run,0  1  0  0
run,run,0  1  0  0
run,run,0  1  0  0
run,run,0  1  0  0
run,run,0  1  0  0
run,run,0  1  0  0
run,run,0  1  0  0
run,run,0  1  0  0
run,run,0  1  0  0
run,run,0  1  0  0
run,run,0  1  0  0
run,run,0  1  0  0
run,run,0  1  0  0
run,run,0  1  0  0
run,run,0  1  0  0
run,run,0  1  0  0
run,run,0  1  0  0
run,run,0     0.96667    0.033333           0
run,run,0     0.96667    0.033333           0
run,run,0  1  0  0
run,run,0  1  0  0
run,run,0  1  0  0
run,run,0  1  0  0
run,run,0  1  0  0
run,run,0  1  0  0
run,run,0  1  0  0
run,run,0  1  0  0
run,run,0  1  0  0
run,run,0  1  0  0
run,run,0  1  0  0
run,run,0  1  0  0
run,run,0  1  0  0
run,run,0  1  0  0
run,run,0  1  0  0
run,run,0  1  0  0
run,run,0  1  0  0
run,run,0  1  0  0
run,run,0  1  0  0
run,run,0  1  0  0
run,run,0  1  0  0
run,run,0  1  0  0
run,run,0  1  0  0
run,run,0  1  0  0
run,run,0  1  0  0
run,run,0  1  0  0
run,run,0  1  0  0
run,run,0  1  0  0
run,run,0  1  0  0
run,run,0  1  0  0
run,run,0  1  0  0
run,run,0  1  0  0
run,run,0  1  0  0
run,run,0  1  0  0
run,run,0  1  0  0
run,run,0  1  0  0
run,run,0  1  0  0
run,run,0  1  0  0
run,run,0  1  0  0
run,run,0  1  0  0
run,run,0  1  0  0
run,run,0  1  0  0
run,run,0  1  0  0
run,run,0  1  0  0
run,run,0  1  0  0
run,run,0  1  0  0
run,run,0  1  0  0
run,run,0  1  0  0
run,run,0  1  0  0
run,run,0  1  0  0
run,run,0  1  0  0
run,run,0  1  0  0
run,run,0  1  0  0
run,run,0  1  0  0
run,run,0  1  0  0
run,run,0  1  0  0
run,run,0  1  0  0
run,run,0  1  0  0
run,run,0  1  0  0
run,run,0  1  0  0
run,run,0  1  0  0
run,run,0  1  0  0
run,run,0     0.93333    0.066667           0
run,run,0     0.96667    0.033333           0
run,run,0  1  0  0
run,run,0  1  0  0
run,run,0  1  0  0
run,run,0  1  0  0
run,run,0  1  0  0
run,run,0  1  0  0
run,run,0  1  0  0
run,run,0  1  0  0
run,run,0  1  0  0
run,run,0  1  0  0
run,run,0  1  0  0
run,run,0  1  0  0
run,run,0  1  0  0
run,run,0  1  0  0
run,run,0  1  0  0
run,run,0  1  0  0
run,run,0  1  0  0
run,run,0  1  0  0
run,run,0  1  0  0
run,run,0  1  0  0
run,run,0  1  0  0
run,run,0  1  0  0
run,run,0  1  0  0
run,run,0  1  0  0
run,run,0  1  0  0
run,run,0  1  0  0
run,run,0  1  0  0
run,run,0  1  0  0
run,run,0     0.93333    0.066667           0
run,run,0  1  0  0
run,run,0  1  0  0
run,run,0  1  0  0
run,run,0  1  0  0
run,run,0  1  0  0
run,run,0  1  0  0
run,run,0  1  0  0
run,run,0  1  0  0
run,run,0  1  0  0
run,run,0  1  0  0
run,run,0  1  0  0
run,run,0  1  0  0
run,run,0  1  0  0
run,run,0  1  0  0
run,run,0  1  0  0
run,run,0  1  0  0
run,run,0  1  0  0
run,run,0  1  0  0
run,run,0  1  0  0
run,run,0  1  0  0
run,run,0  1  0  0
run,run,0  1  0  0
run,run,0  1  0  0
run,run,0  1  0  0
run,run,0  1  0  0
run,run,0  1  0  0
run,run,0  1  0  0
run,run,0  1  0  0
run,run,0  1  0  0
run,run,0  1  0  0
run,run,0  1  0  0
run,run,0  1  0  0
run,run,0  1  0  0
run,run,0  1  0  0
run,run,0  1  0  0
run,run,0  1  0  0
run,run,0  1  0  0
run,run,0  1  0  0
run,run,0  1  0  0
run,run,0  1  0  0
run,run,0  1  0  0
run,run,0  1  0  0
run,run,0  1  0  0
run,run,0  1  0  0
run,run,0  1  0  0
run,run,0  1  0  0
run,run,0  1  0  0
run,run,0  1  0  0
run,run,0  1  0  0
run,run,0  1  0  0
run,run,0  1  0  0
run,run,0  1  0  0
run,run,0  1  0  0
run,run,0  1  0  0
run,run,0  1  0  0
run,run,0  1  0  0
run,run,0  1  0  0
run,run,0  1  0  0
run,run,0  1  0  0
run,run,0  1  0  0
run,run,0  1  0  0
run,run,0  1  0  0
run,run,0  1  0  0
run,run,0  1  0  0
run,run,0  1  0  0
run,run,0  1  0  0
run,run,0  1  0  0
run,run,0  1  0  0
run,run,0  1  0  0
run,run,0  1  0  0
run,run,0  1  0  0
run,run,0  1  0  0
run,run,0  1  0  0
run,run,0  1  0  0
run,run,0  1  0  0
run,run,0  1  0  0
run,run,0  1  0  0
run,run,0  1  0  0
run,run,0  1  0  0
run,run,0  1  0  0
run,run,0  1  0  0
run,run,0  1  0  0
run,run,0  1  0  0
run,run,0  1  0  0
run,run,0  1  0  0
run,run,0  1  0  0
run,run,0  1  0  0
run,run,0  1  0  0
run,run,0  1  0  0
run,run,0  1  0  0
run,run,0  1  0  0
run,run,0  1  0  0
run,run,0  1  0  0
run,run,0  1  0  0
run,run,0  1  0  0
run,run,0  1  0  0
run,run,0  1  0  0
run,run,0  1  0  0
run,run,0  1  0  0
run,run,0  1  0  0
run,run,0  1  0  0
run,run,0  1  0  0
run,run,0  1  0  0
run,run,0  1  0  0
run,run,0  1  0  0
run,run,0  1  0  0
run,run,0  1  0  0
run,run,0  1  0  0
run,run,0  1  0  0
run,run,0  1  0  0
run,run,0  1  0  0
run,run,0  1  0  0
run,run,0  1  0  0
run,run,0  1  0  0
run,run,0  1  0  0
run,run,0  1  0  0
run,run,0  1  0  0
run,run,0  1  0  0
run,run,0  1  0  0
run,run,0  1  0  0
run,run,0  1  0  0
run,run,0  1  0  0
run,run,0  1  0  0
run,run,0  1  0  0
run,run,0  1  0  0
run,run,0  1  0  0
run,run,0  1  0  0
run,run,0  1  0  0
run,run,0  1  0  0
run,run,0  1  0  0
run,run,0  1  0  0
run,run,0  1  0  0
run,run,0  1  0  0
run,run,0  1  0  0
run,run,0  1  0  0
run,run,0  1  0  0
run,run,0  1  0  0
run,run,0  1  0  0
run,run,0  1  0  0
run,run,0  1  0  0
run,run,0  1  0  0
run,run,0  1  0  0
run,run,0  1  0  0
run,run,0  1  0  0
run,run,0  1  0  0
run,run,0  1  0  0
run,run,0  1  0  0
run,run,0  1  0  0
run,run,0  1  0  0
run,run,0  1  0  0
run,run,0  1  0  0
run,run,0  1  0  0
run,run,0  1  0  0
run,run,0  1  0  0
run,run,0  1  0  0
run,run,0  1  0  0
run,run,0  1  0  0
run,run,0  1  0  0
run,run,0  1  0  0
run,run,0  1  0  0
run,run,0  1  0  0
run,run,0  1  0  0
run,run,0  1  0  0
run,run,0  1  0  0
run,run,0  1  0  0
run,run,0  1  0  0
run,run,0  1  0  0
run,run,0  1  0  0
run,run,0  1  0  0
run,run,0  1  0  0
run,run,0  1  0  0
run,run,0  1  0  0
run,run,0  1  0  0
run,run,0  1  0  0
run,run,0  1  0  0
run,run,0  1  0  0
run,run,0  1  0  0
run,run,0  1  0  0
run,run,0  1  0  0
run,run,0  1  0  0
run,run,0  1  0  0
run,run,0  1  0  0
run,run,0  1  0  0
run,run,0  1  0  0
run,run,0  1  0  0
run,run,0  1  0  0
run,run,0  1  0  0
run,run,0  1  0  0
run,run,0  1  0  0
run,run,0  1  0  0
run,run,0  1  0  0
run,run,0  1  0  0
run,run,0  1  0  0
run,run,0  1  0  0
run,run,0  1  0  0
run,run,0  1  0  0
run,run,0  1  0  0
run,run,0  1  0  0
run,run,0  1  0  0
run,run,0  1  0  0
run,run,0  1  0  0
run,run,0  1  0  0
run,run,0  1  0  0
run,run,0  1  0  0
run,run,0  1  0  0
run,run,0  1  0  0
run,run,0  1  0  0
run,run,0  1  0  0
run,run,0  1  0  0
run,run,0  1  0  0
run,run,0  1  0  0
run,run,0  1  0  0
run,run,0  1  0  0
run,run,0  1  0  0
run,run,0  1  0  0
run,run,0  1  0  0
run,run,0  1  0  0
run,run,0  1  0  0
run,run,0  1  0  0
run,run,0  1  0  0
run,run,0  1  0  0
run,run,0  1  0  0
run,run,0  1  0  0
run,run,0  1  0  0
run,run,0  1  0  0
run,run,0  1  0  0
run,run,0  1  0  0
run,run,0  1  0  0
run,run,0  1  0  0
run,run,0  1  0  0
run,run,0  1  0  0
run,run,0  1  0  0
run,run,0  1  0  0
run,run,0  1  0  0
run,run,0  1  0  0
run,run,0  1  0  0
run,run,0  1  0  0
run,run,0  1  0  0
run,run,0  1  0  0
run,run,0  1  0  0
run,run,0  1  0  0
run,run,0  1  0  0
run,run,0  1  0  0
run,run,0  1  0  0
run,run,0  1  0  0
run,run,0  1  0  0
run,run,0  1  0  0
run,run,0  1  0  0
run,run,0  1  0  0
run,run,0  1  0  0
run,run,0  1  0  0
run,run,0  1  0  0
run,run,0  1  0  0
run,run,0  1  0  0
run,run,0  1  0  0
run,run,0  1  0  0
run,run,0  1  0  0
run,run,0  1  0  0
run,run,0  1  0  0
run,run,0  1  0  0
run,run,0  1  0  0
run,run,0  1  0  0
run,run,0  1  0  0
run,run,0  1  0  0
run,run,0  1  0  0
run,run,0  1  0  0
run,run,0  1  0  0
run,run,0  1  0  0
run,run,0  1  0  0
run,run,0  1  0  0
run,run,0  1  0  0
run,run,0  1  0  0
run,run,0  1  0  0
run,run,0  1  0  0
run,run,0  1  0  0
run,run,0  1  0  0
run,run,0  1  0  0
run,run,0  1  0  0
run,run,0  1  0  0
run,run,0  1  0  0
run,run,0  1  0  0
run,run,0  1  0  0
run,run,0  1  0  0
run,run,0  1  0  0
run,run,0  1  0  0
run,run,0  1  0  0
run,run,0  1  0  0
run,run,0  1  0  0
run,run,0  1  0  0
run,run,0  1  0  0
run,run,0  1  0  0
run,run,0  1  0  0
run,run,0  1  0  0
run,run,0  1  0  0
run,run,0  1  0  0
run,run,0  1  0  0
run,run,0  1  0  0
run,run,0  1  0  0
run,run,0  1  0  0
run,run,0  1  0  0
run,run,0  1  0  0
run,run,0     0.96667    0.033333           0
run,run,0  1  0  0
run,run,0  1  0  0
run,run,0  1  0  0
run,run,0  1  0  0
run,run,0     0.93333    0.066667           0
run,run,0  1  0  0
run,run,0  1  0  0
run,run,0  1  0  0
run,run,0  1  0  0
run,run,0  1  0  0
run,run,0  1  0  0
run,run,0  1  0  0
run,run,0  1  0  0
run,run,0  1  0  0
run,run,0  1  0  0
run,run,0  1  0  0
run,run,0  1  0  0
run,run,0  1  0  0
run,run,0  1  0  0
run,run,0  1  0  0
run,run,0  1  0  0
run,run,0  1  0  0
run,run,0  1  0  0
run,run,0  1  0  0
run,run,0  1  0  0
run,run,0  1  0  0
run,run,0  1  0  0
run,run,0  1  0  0
run,run,0  1  0  0
run,run,0  1  0  0
run,run,0  1  0  0
run,run,0  1  0  0
run,run,0  1  0  0
run,run,0  1  0  0
run,run,0  1  0  0
run,run,0  1  0  0
run,run,0  1  0  0
run,run,0  1  0  0
run,run,0  1  0  0
run,run,0  1  0  0
run,run,0  1  0  0
run,run,0  1  0  0
run,run,0  1  0  0
run,run,0  1  0  0
run,run,0  1  0  0
run,run,0  1  0  0
run,run,0  1  0  0
run,run,0  1  0  0
run,run,0  1  0  0
run,run,0  1  0  0
run,run,0  1  0  0
run,run,0  1  0  0
run,run,0  1  0  0
run,run,0  1  0  0
run,run,0  1  0  0
run,run,0  1  0  0
run,run,0  1  0  0
run,run,0  1  0  0
run,run,0  1  0  0
run,run,0  1  0  0
run,run,0  1  0  0
run,run,0  1  0  0
run,run,0  1  0  0
run,run,0  1  0  0
run,run,0  1  0  0
run,run,0  1  0  0
run,run,0  1  0  0
run,run,0  1  0  0
run,run,0  1  0  0
run,run,0  1  0  0
run,run,0  1  0  0
run,run,0  1  0  0
run,run,0  1  0  0
run,run,0  1  0  0
run,run,0  1  0  0
run,run,0  1  0  0
run,run,0  1  0  0
run,run,0  1  0  0
run,run,0  1  0  0
run,run,0  1  0  0
run,run,0  1  0  0
run,run,0  1  0  0
run,run,0  1  0  0
run,run,0  1  0  0
run,run,0  1  0  0
run,run,0  1  0  0
run,run,0  1  0  0
run,run,0  1  0  0
run,run,0  1  0  0
run,run,0  1  0  0
run,run,0  1  0  0
run,run,0  1  0  0
run,run,0  1  0  0
run,run,0  1  0  0
run,run,0  1  0  0
run,run,0  1  0  0
run,run,0  1  0  0
run,run,0  1  0  0
run,run,0  1  0  0
run,run,0  1  0  0
run,run,0  1  0  0
run,run,0  1  0  0
run,run,0  1  0  0
run,run,0  1  0  0
run,run,0  1  0  0
run,run,0  1  0  0
run,run,0  1  0  0
run,run,0  1  0  0
run,run,0  1  0  0
run,run,0  1  0  0
run,run,0  1  0  0
run,run,0  1  0  0
run,run,0  1  0  0
run,run,0  1  0  0
run,run,0  1  0  0
run,run,0  1  0  0
run,run,0  1  0  0
run,run,0  1  0  0
run,run,0  1  0  0
run,run,0  1  0  0
run,run,0  1  0  0
run,run,0  1  0  0
run,run,0  1  0  0
run,run,0  1  0  0
run,run,0  1  0  0
run,run,0  1  0  0
run,run,0  1  0  0
run,run,0  1  0  0
run,run,0  1  0  0
run,run,0  1  0  0
run,run,0  1  0  0
run,run,0  1  0  0
run,run,0  1  0  0
run,run,0  1  0  0
run,run,0  1  0  0
run,run,0  1  0  0
run,run,0  1  0  0
run,run,0  1  0  0
run,run,0  1  0  0
run,run,0  1  0  0
run,run,0  1  0  0
run,run,0  1  0  0
run,run,0  1  0  0
run,run,0  1  0  0
run,run,0  1  0  0
run,run,0  1  0  0
run,run,0  1  0  0
run,run,0  1  0  0
run,run,0  1  0  0
run,run,0  1  0  0
run,run,0  1  0  0
run,run,0  1  0  0
run,run,0  1  0  0
run,run,0  1  0  0
run,run,0  1  0  0
run,run,0  1  0  0
run,run,0  1  0  0
run,run,0  1  0  0
run,run,0  1  0  0
run,run,0  1  0  0
run,run,0  1  0  0
run,run,0  1  0  0
run,run,0  1  0  0
run,run,0  1  0  0
run,run,0  1  0  0
run,run,0  1  0  0
run,run,0  1  0  0
run,run,0  1  0  0
run,run,0  1  0  0
run,run,0  1  0  0
run,run,0  1  0  0
run,run,0  1  0  0
run,run,0  1  0  0
run,run,0  1  0  0
run,run,0  1  0  0
run,run,0  1  0  0
run,run,0  1  0  0
run,run,0  1  0  0
run,run,0  1  0  0
run,run,0  1  0  0
run,run,0  1  0  0
run,run,0  1  0  0
run,run,0  1  0  0
run,run,0  1  0  0
run,run,0  1  0  0
run,run,0  1  0  0
run,run,0  1  0  0
run,run,0  1  0  0
run,run,0  1  0  0
run,run,0  1  0  0
run,run,0  1  0  0
run,run,0  1  0  0
run,run,0  1  0  0
run,run,0  1  0  0
run,run,0  1  0  0
run,run,0  1  0  0
run,run,0  1  0  0
run,run,0  1  0  0
run,run,0  1  0  0
run,run,0  1  0  0
run,run,0  1  0  0
run,run,0  1  0  0
run,run,0  1  0  0
run,run,0  1  0  0
run,run,0  1  0  0
run,run,0  1  0  0
run,run,0  1  0  0
run,run,0  1  0  0
run,run,0  1  0  0
run,run,0  1  0  0
run,run,0  1  0  0
run,run,0  1  0  0
run,run,0  1  0  0
run,run,0  1  0  0
run,run,0  1  0  0
run,run,0  1  0  0
run,run,0  1  0  0
run,run,0  1  0  0
run,run,0  1  0  0
run,run,0  1  0  0
run,run,0  1  0  0
run,run,0  1  0  0
run,run,0  1  0  0
run,run,0  1  0  0
run,run,0  1  0  0
run,run,0  1  0  0
run,run,0  1  0  0
run,run,0  1  0  0
run,run,0  1  0  0
run,run,0  1  0  0
run,run,0  1  0  0
run,run,0  1  0  0
run,run,0  1  0  0
run,run,0  1  0  0
run,run,0  1  0  0
run,run,0  1  0  0
run,run,0  1  0  0
run,run,0  1  0  0
run,run,0  1  0  0
run,run,0  1  0  0
run,run,0  1  0  0
run,run,0  1  0  0
run,run,0  1  0  0
run,run,0  1  0  0
run,run,0  1  0  0
run,run,0  1  0  0
run,run,0  1  0  0
run,run,0  1  0  0
run,run,0  1  0  0
run,run,0  1  0  0
run,run,0  1  0  0
run,run,0  1  0  0
run,run,0  1  0  0
run,run,0  1  0  0
run,run,0  1  0  0
run,run,0  1  0  0
run,run,0  1  0  0
run,run,0  1  0  0
run,run,0  1  0  0
run,run,0  1  0  0
run,run,0  1  0  0
run,run,0  1  0  0
run,run,0  1  0  0
run,run,0  1  0  0
run,run,0  1  0  0
run,run,0  1  0  0
run,run,0  1  0  0
run,run,0  1  0  0
run,run,0  1  0  0
run,run,0  1  0  0
run,run,0  1  0  0
run,run,0  1  0  0
run,run,0  1  0  0
run,run,0  1  0  0
run,run,0  1  0  0
run,run,0  1  0  0
run,run,0  1  0  0
run,run,0  1  0  0
run,run,0  1  0  0
run,run,0  1  0  0
run,run,0  1  0  0
run,run,0  1  0  0
run,run,0     0.86667     0.13333           0
run,run,0     0.73333     0.23333    0.033333
run,run,0     0.56667     0.26667     0.16667
run,run,0     0.76667         0.1     0.13333
run,run,0         0.8         0.1         0.1
transition,transition,0     0.13333     0.23333     0.63333
transition,transition,0.033333     0.16667         0.3         0.5
transition,transition,0.033333           0     0.33333     0.63333
transition,transition,0.033333    0.033333     0.26667     0.66667
transition,transition,0.16667           0     0.26667     0.56667
transition,transition,0.2           0     0.36667     0.43333
swim,transition,0.16667           0     0.53333         0.3
transition,transition,0.13333           0         0.4     0.46667
transition,transition,0.066667           0     0.33333         0.6
transition,transition,0.033333           0     0.29706     0.66961
swim,transition,0           0     0.53039     0.46961
transition,transition,0.033333           0     0.46373     0.50294
swim,transition,0.066667           0     0.63039     0.30294
swim,transition,0.066667           0     0.69706     0.23627
swim,transition,0.033333           0     0.77484     0.19183
swim,transition,0           0     0.67484     0.32516
swim,transition,0           0     0.60817     0.39183
transition,transition,0           0      0.4415      0.5585
transition,transition,0.033333           0    0.033333     0.93333
transition,transition,0.033333           0    0.033333     0.93333
transition,transition,0           0         0.1         0.9
transition,transition,0           0    0.033333     0.96667
transition,transition,0           0    0.033333     0.96667
swim,transition,0    0.033333     0.56667         0.4
transition,transition,0.066667           0         0.3     0.63333
bike,transition,0.76667           0    0.033333         0.2
bike,transition,0.73333           0    0.066667         0.2
bike,transition,0.66667           0         0.1     0.23333
transition,transition,0.26667    0.033333     0.26667     0.43333
bike,transition,0.33333     0.13333         0.2     0.33333
transition,transition,0.26667     0.16667    0.066667         0.5
transition,transition,0.033333    0.033333    0.033333         0.9
transition,transition,0           0    0.066667     0.93333
transition,transition,0.13333           0         0.4     0.46667
swim,transition,0           0         0.6         0.4
transition,transition,0           0     0.13333     0.86667
bike,transition,0.93333           0           0    0.066667
bike,transition,0.9           0    0.033333    0.066667
transition,transition,0.066667           0         0.3     0.63333
swim,transition,0.033333    0.033333         0.5     0.43333
swim,transition,0.033333           0     0.63333     0.33333
swim,transition,0.066667           0     0.56667     0.36667
swim,transition,0.033333           0     0.66667         0.3
swim,transition,0.16667    0.033333     0.46667     0.33333
bike,transition,0.5           0    0.033333     0.46667
bike,transition,0.6           0           0         0.4
transition,transition,0.36667           0     0.12778     0.50556
transition,transition,0.13333    0.033333     0.23333         0.6
transition,transition,0.033333           0    0.066667         0.9
transition,transition,0           0    0.066667     0.93333
transition,transition,0           0     0.23333     0.76667
transition,transition,0           0     0.36667     0.63333
transition,transition,0           0    0.033333     0.96667
transition,transition,0           0    0.066667     0.93333
transition,transition,0  0  0  1
transition,transition,0  0  0  1
transition,transition,0           0    0.033333     0.96667
transition,transition,0.033333           0     0.26667         0.7
transition,transition,0.033333           0         0.3     0.66667
swim,transition,0           0     0.83039     0.16961
swim,transition,0.16667           0     0.63039     0.20294
swim,transition,0.23333           0     0.43039     0.33627
bike,transition,0.5           0     0.36667     0.13333
bike,transition,1  0  0  0
bike,transition,1  0  0  0
bike,transition,1  0  0  0
bike,transition,1  0  0  0
bike,transition,1  0  0  0
bike,transition,1  0  0  0
bike,transition,1  0  0  0
bike,transition,1  0  0  0
bike,transition,0.93333           0    0.033333    0.033333
bike,transition,0.96667           0           0    0.033333
bike,transition,0.96667           0           0    0.033333
bike,transition,0.96667           0           0    0.033333
bike,transition,0.93333           0    0.033333    0.033333
bike,transition,0.93333           0    0.033333    0.033333
bike,transition,1  0  0  0
bike,transition,0.96667           0           0    0.033333
bike,transition,1  0  0  0
bike,transition,0.96667           0           0    0.033333
bike,transition,0.46667           0    0.066667     0.46667
bike,transition,0.43333           0     0.13333     0.43333
transition,transition,0.1           0     0.13333     0.76667
transition,transition,0.1           0         0.1         0.8
transition,transition,0.13333           0    0.066667         0.8
transition,transition,0.033333           0         0.4     0.56667
swim,transition,0           0     0.89706     0.10294
swim,transition,0           0     0.93039    0.069608
transition,transition,0           0    0.066667     0.93333
transition,transition,0           0    0.066667     0.93333
transition,transition,0           0    0.066667     0.93333
transition,transition,0           0    0.033333     0.96667
transition,transition,0  0  0  1
transition,transition,0.066667           0         0.2     0.73333
transition,transition,0.30303           0     0.13939     0.55758
transition,transition,0.2697           0   0.0060606     0.72424
bike,transition,0.8           0    0.033333     0.16667
bike,transition,0.83333           0    0.033333     0.13333
bike,transition,0.6           0     0.22302     0.17698
bike,transition,0.66667           0     0.28968    0.043651
bike,transition,0.73333           0     0.25635    0.010317
bike,transition,0.66667           0     0.32302    0.010317
swim,transition,0.16667           0     0.78552    0.047817
swim,transition,0.2375           0     0.59167     0.17083
swim,transition,0.0041667           0     0.88552     0.11032
swim,transition,0.0041667           0     0.88552     0.11032
