0,2.71449800000119,0,0,0,0,0.190771099411188
0.90484099999594,3.61932299999899,0,0,0,0,0.0905971216545272
1.80968199999916,4.52411900000152,0,0,0,0,0.073716740562413
2.71449800000119,5.42893999999797,0,0,0,0,0.0782689579755986
3.61932299999899,6.33375299999898,0,0,0,0,0.0643311978801991
4.52411900000152,7.23859000000084,0,0,0,0,0.0600655583546901
5.42893999999797,8.14344300000084,0,0,0,0,0.0464197054794886
6.33375299999898,9.04825800000253,0,0,0,0,0.141344357162831
7.23859000000084,9.95306700000219,0,0,0,0,0.151860933002379
8.14344300000084,10.8578869999983,0,0,0,0,0.242247227230875
9.04825800000253,11.7627339999963,0,0,0,0,0.245893827316081
9.95306700000219,12.667561000002,0,0,0,0,0.276855605211562
10.8578869999983,13.5723789999975,0,0,0,0,0.309806393892234
11.7627339999963,14.4771939999991,0,0,0,0,0.35877236626435
12.667561000002,15.3820439999981,0,0,0,0.655275368247542,0.612899625493789
13.5723789999975,16.2868549999985,19.3333333333333,15.2752523165195,2.50229112299534,3.38223185397571,1.6055207915407
14.4771939999991,17.1916619999975,15.3333333333333,9.01849950564579,1.80132997057677,4.02272744208807,2.06864958074443
15.3820439999981,18.0965080000024,9.55555555555556,7.0198132295509,2.58639424647899,4.19584612018901,2.97168863158578
16.2868549999985,19.0013319999998,6.1,3.72528895225294,2.51298572196157,3.52592729517977,2.70718652405118
17.1916619999975,19.9061470000015,6.90909090909091,4.30010570694595,2.13441836255951,2.98108081094128,2.63139114178462
18.0965080000024,20.8109619999959,12.2857142857143,4.19182878603463,0.771095757453788,2.64739878969503,1.61187090242252
19.0013319999998,21.7158229999986,12.1428571428571,4.87950036474267,2.20038269134545,3.16210489373083,1.99454239348442
19.9061470000015,22.6206359999996,9,4.89897948556636,2.19738921135565,3.30397888758922,2.18997627893093
20.8109619999959,23.5254599999971,7.85714285714286,3.97611918955202,2.37901327157566,3.27740817243418,2.07864528419712
21.7158229999986,24.4303020000007,11,8.02496105909555,1.22087025852012,2.57582809094166,1.80827692130492
22.6206359999996,25.3351320000002,16.3333333333333,8.08290376865476,0.462500675061116,1.90995522197589,1.07499960961031
23.5254599999971,26.2399409999998,23,19.2873015219859,0.526353313295607,1.76815559331509,1.05396138393033
24.4303020000007,27.1447560000015,12.6666666666667,7.09459888459759,0.981389258892002,2.12953540742412,1.01206038957341
25.3351320000002,28.0496070000008,13,5.33853912601566,0.97266494896726,2.09974915884235,1.16937942746448
26.2399409999998,28.954439000001,13.75,7.63216876123687,1.16865281056297,2.12981615918137,1.07665182371051
27.1447560000015,29.8592389999976,21,4.35889894354067,1.06417552740655,1.41699530681738,0.78793725905926
28.0496070000008,30.7640539999993,18,11.3431330181157,1.10045982603055,1.51183865852431,0.785801829989345
28.954439000001,31.6689140000017,13.4,10.1636607578175,0.991480768815184,1.70180437227962,1.08436561180857
29.8592389999976,32.5737309999968,10.4285714285714,3.59894164336975,0.992983148325937,2.0273549597299,1.25042696483535
30.7640539999993,33.4785580000025,10.1428571428571,3.76069902316805,0.937774385721929,1.70169155512008,1.10111494641051
31.6689140000017,34.3833640000012,13.1666666666667,5.70672118354022,0.493212046486296,1.22568632637938,0.906388947090142
32.5737309999968,35.2882200000022,14,7.07106781186548,0.428520119323755,1.08737278197676,0.575836021455989
33.4785580000025,36.193048000001,13.5,2.12132034355964,0.120509568215926,0.932605298692193,0.41600706945783
34.3833640000012,37.0978679999971,58,0,0.337156684026074,1.15464519327032,0.480504397824007
35.2882200000022,38.0026629999993,0,0,0,1.39305097086753,0.489382804239241
36.193048000001,38.9075139999986,37,28.2842712474619,0.266386157959757,1.08586181561935,0.591147904864632
37.0978679999971,39.8123300000007,17,0,0.0193753619833068,0.932267237995259,0.522530194440144
38.0026629999993,40.717144000002,0,0,0,0.918566788148918,0.45660005823543
38.9075139999986,41.6219730000012,0,0,0,0,0.325087464593624
39.8123300000007,42.5268230000001,0,0,0,0,0.344285187288677
40.717144000002,43.4316519999993,9,3,0.619586752314879,1.75474988408077,0.804996724243856
41.6219730000012,44.3364660000007,8.4,2.50998007960223,0.504789814256099,1.66741091218269,0.942174086572667
42.5268230000001,45.2412810000023,12.6,10.0399203184089,0.348947772186316,1.79892071959902,1.11752550416272
43.4316519999993,46.1461310000013,16.25,10.6575481858321,0.151165839705029,1.5088067244157,0.987488987906833
44.3364660000007,47.0509319999983,14.5,6.36396103067893,0.17274233093535,1.51952256176849,0.866599572558357
45.2412810000023,47.9557510000013,38,29.698484809835,0.265567138166963,1.25016313880499,0.733682126582413
46.1461310000013,48.8605689999968,17,0,0.348117909340335,1.19262223893818,0.574990640383422
47.0509319999983,49.765416000002,15.4,11.5455619178973,0.190877871302211,1.09351043796304,0.627715173732922
47.9557510000013,50.6702359999981,10,6.05530070819498,0.326334706700565,1.18439332850312,0.720076538324111
48.8605689999968,51.5750590000025,11.8333333333333,5.91326193117358,2.16449092748953,2.01717170310259,1.3034780477008
49.765416000002,52.4799139999959,11.6,6.54217089351845,2.25261960346268,3.06979306712253,1.68191450673863
50.6702359999981,53.3847449999957,11,10.8320512061813,1.84099085390946,3.24777061572649,1.91788431967963
51.5750590000025,54.2895530000023,9.625,9.28804915700047,1.33332418636189,2.30163753019253,1.61245189440669
52.4799139999959,55.1943539999993,6.66666666666667,2.42212028327799,1.1519530892769,1.90693442836092,1.62154614932204
53.3847449999957,56.0992310000001,10.875,11.6304710628098,1.91010458067345,2.98751831036242,1.98410657723561
54.2895530000023,57.0040410000001,7.14285714285714,3.57903950935496,1.60075327375733,3.44885796990758,2.04379350883282
55.1943539999993,57.9088439999978,9.125,4.08612635284674,1.50420132681041,2.81924457926394,1.84051306082482
56.0992310000001,58.8136900000027,14.75,2.21735578260835,0.218730616353838,1.61033385137117,0.965674014923166
57.0040410000001,59.7185229999959,19.5,2.12132034355964,0.35739953562501,1.37467918923176,0.76186735702313
57.9088439999978,60.6233460000003,26.3333333333333,19.55334583475,3.80924523390142,3.32676563963761,2.01696507686481
58.8136900000027,61.5281909999976,9,2.82842712474619,2.96684380154508,3.39783010402079,2.21830960993017
59.7185229999959,62.4330039999986,9.57142857142857,2.76026223736942,2.69596057913615,2.88052215008833,2.24933314209203
60.6233460000003,63.337821000001,8.55555555555556,2.78886675511359,1.0370385351816,1.7790144165466,1.27013401813364
61.5281909999976,64.2426750000013,8.85714285714286,3.02371578407382,0.460208033970379,1.4397546178309,0.804338630659737
62.4330039999986,65.1474820000003,11.6,8.96102672688794,0.479188207496656,1.43384780802146,0.761948464153777
63.337821000001,66.0523109999995,15.2,9.23038460737146,0.906960423028554,1.61966254177467,1.01288931783125
64.2426750000013,66.957144,9.375,6.69621428228561,2.25697068277405,2.25138046961631,1.91299778164839
65.1474820000003,67.8619590000017,7.77777777777778,4.40958551844098,2.13843641582068,2.59766865753264,2.10790689971848
66.0523109999995,68.7667910000018,6.88888888888889,3.75647588986155,2.11979039710766,2.45665276380025,2.01108604940853
66.957144,69.6716489999963,10.8333333333333,7.73089041874652,1.1382843758467,1.82578622165826,1.19252343834642
67.8619590000017,70.5764419999978,21,9.48683298050514,1.85932995144879,2.38672143354589,1.39941792862697
68.7667910000018,71.4812610000008,19.75,8.26135582092915,1.83115119041237,2.41024719260196,1.49308487173078
69.6716489999963,72.3861219999962,12.3333333333333,7.39369100427295,1.44062726906896,2.42743434252138,1.5840837062463
70.5764419999978,73.290943,10,5.09901951359278,1.21785172392665,1.90595086942635,1.55217938132606
71.4812610000008,74.1957709999988,7.5,5.63154381269344,1.21178128303928,1.74220072981496,1.66931276488958
72.3861219999962,75.1006110000017,8.625,6.32314343164402,2.36271654959858,2.92751527626381,2.64460509547176
73.290943,76.0054329999984,12.3333333333333,6.62319157707722,2.52470948074833,2.94765586011109,2.42638484735243
74.1957709999988,76.9102639999983,17.75,12.2848144742469,2.78129191640377,3.9291584023129,3.15969277315046
75.1006110000017,77.8150800000003,18,12.9357386079548,2.33728965818695,2.19948727703971,2.26115199191995
76.0054329999984,78.7199130000008,9.14285714285714,7.12807995252044,1.77891220981752,2.45073100675921,2.40041437642337
76.9102639999983,79.6247680000015,8.875,6.03412912405049,0.795081901224545,1.91855035464574,1.24594104241201
77.8150800000003,80.5295649999971,9.75,7.64852927038918,0.833704537733696,1.88283839829823,1.22295416549693
78.7199130000008,81.4344369999963,13.6,8.14248119432891,2.11480088481696,2.46660940931104,1.64996025642217
79.6247680000015,82.3392519999979,10.3333333333333,4.27395211328656,1.94227673015067,2.34027044218702,1.65238862705029
80.5295649999971,83.2440490000008,11,4.24264068711928,2.16770916228404,2.80088095848794,1.8902837088952
81.4344369999963,84.148924000001,21.3333333333333,20.5507501890645,2.55423454644382,4.19173080174755,2.983516809366
82.3392519999979,85.0537259999983,25.5,20.5060966544099,0.61404079032415,6.73199807137165,3.37052869471855
83.2440490000008,85.9585819999993,20.3333333333333,17.0391705588427,0.647764629991587,6.9370803441389,3.65571790151433
84.148924000001,86.8633980000013,10,0,0.107132027684257,7.47657337918287,2.4050612309391
85.0537259999983,87.7682559999957,74,0,4.64588881808248,4.26718767453579,1.72502428653087
85.9585819999993,88.6730620000017,0,0,0,0.982048186630915,0.486935653625042
86.8633980000013,89.5778900000005,61,0,0.577786597677963,1.39060500792771,0.812174577803213
87.7682559999957,90.4827210000003,0,0,0,1.7991618292245,0.774601806640884
88.6730620000017,91.387533000001,42,0,0.814201813470161,1.22343420566536,0.749807523948254
89.5778900000005,92.2923919999957,25,0,0.0301540453230822,0.626384452178069,0.364561891427674
90.4827210000003,93.1972170000008,0,0,0,0.605062322249911,0.277658090707745
91.387533000001,94.1020290000015,8,0,0.0815727061775723,1.19901771742644,0.462082923542319
92.2923919999957,95.006895999999,15.6666666666667,6.65832811847939,0.230790478635675,1.09814174499135,0.630155478075955
93.1972170000008,95.9117130000013,14.75,5.7373048260195,0.199942128556737,1.09574712601809,0.722555955271842
94.1020290000015,96.8165599999993,12,0,0.104792652620853,1.16026824541175,0.618620354132295
95.006895999999,97.7213530000008,0,0,0,1.08616865012502,0.522957443410905
95.9117130000013,98.6262110000025,21,0,0.411257914042427,1.15912718625899,0.6519005102537
96.8165599999993,99.531038000001,21,0,0.411257914042427,1.15912718625899,0.689890149811895
97.7213530000008,100.435836999997,40,0,0.368542409620736,1.18933160909737,0.658613379900758
98.6262110000025,101.340707999996,0,0,0,0.928732772099718,0.439331207810913
99.531038000001,102.245510000001,0,0,0,0.964696683190546,0.481614095568665
100.435836999997,103.150350999997,0,0,0,0.964696683190546,0.518926262659886
101.340707999996,104.055167999999,48,0,0.855878306079589,1.56989403728988,1.178631077399
102.245510000001,104.960042999999,16,0,0.833542423307004,2.76449489131626,1.33038164081114
103.150350999997,105.864858000001,16,0,0.833542423307004,2.76449489131626,1.45589507005072
104.055167999999,106.769673000003,15,0,0.402891219930311,2.11340379658648,1.29214647896944
104.960042999999,107.674503000002,16.3333333333333,2.3094010767585,0.414597108126145,1.8179612712804,1.18533137653444
105.864858000001,108.579346999999,16.25,2.21735578260835,0.250343269667263,1.47487108545694,1.1088862834348
106.769673000003,109.484168999996,16,3.16227766016838,0.229277441940199,1.23227369676535,0.88914151373654
107.674503000002,110.389009999999,17.6666666666667,4.04145188432738,0.215003764947169,1.06782820727843,0.733943228977397
108.579346999999,111.293846,18,2.82842712474619,0.0797525930606701,0.93085777651119,0.587643576518105
109.484168999996,112.198654,16,0,0.101400473806376,0.910696360755494,0.436944044684793
110.389009999999,113.103520999997,0,0,0,0,0.341017754768026
111.293846,114.008323000002,0,0,0,1.01601455071571,0.439098204356411
112.198654,114.913138999997,16,9.89949493661167,2.00874136929321,2.76733573237861,1.34754160725921
113.103520999997,115.818010999996,11.6,6.73052746818554,1.42521446941441,2.45443174552479,1.55888060998912
114.008323000002,116.722803999997,13,9.74679434480896,1.33797668394158,2.53575147269741,1.58560218390249
114.913138999997,117.627656999997,13.5,10.3295692068934,3.75284409574738,5.83907269442009,3.48648611128884
115.818010999996,118.532475,6.6,5.48128127762519,3.6020620773913,8.3773266056745,5.212793346319
116.722803999997,119.437333000002,5.69230769230769,2.09700641330347,3.83499565552673,9.25393975794913,6.78632203875668
117.627656999997,120.342151999997,6.61538461538462,2.63117405792109,4.44405713957758,8.52852036370335,6.61802093992731
118.532475,121.246998000002,7.5,3.24037034920393,5.19628044091664,6.19312534199216,5.29935145581644
119.437333000002,122.151816999998,8,3.74165738677394,3.4092623505085,3.51769037329179,3.07833458113616
120.342151999997,123.056627999998,16.25,12.9967944765879,0.317759878910436,1.16650474731104,0.703408542054423
121.246998000002,123.961491000002,35,0,0.501727361457006,1.06388091287151,0.533241274681249
122.151816999998,124.866306999997,0,0,0,1.34546266640924,0.622817731838789
123.056627999998,125.771151000001,13.75,10.3077640640442,1.72835380942111,3.28899079957556,1.57822323927038
123.961491000002,126.675952999998,9.875,8.11414109529072,1.6865586555019,3.91017364192895,2.39561991084027
124.866306999997,127.580821999996,7.63636363636364,2.87307247638229,1.95016266604391,3.75595440510715,2.75459721132161
125.771151000001,128.485634999997,7.09090909090909,2.80907619884351,1.85880803405418,3.43425361582812,2.70002307136108
126.675952999998,129.390475,7.8,3.22490309931942,1.75659167146893,3.17637686946208,2.59781815459895
127.580821999996,130.295289000002,10,7.44503669759736,1.24493042644438,3.07234888695338,2.24817174498738
128.485634999997,131.200162000001,17.25,8.26135582092915,1.93000866812414,4.15258796401081,2.45266463080751
129.390475,132.104981999997,21,0,3.39501144766606,3.95878239170707,1.76381487482046
130.295289000002,133.009811999997,0,0,0,6.3594180085577,1.61823733497481
131.200162000001,133.914626999998,0,0,0,0,0.197275592139408
132.104981999997,134.819477999998,0,0,0,4.39758116548408,1.51738501923692
133.009811999997,135.724286999997,0,0,0,4.39758116548408,1.54461405101506
133.914626999998,136.629139999997,0,0,0,4.39758116548408,1.54614741635047
134.819477999998,137.533969999997,0,0,0,0,0.356638251606404
135.724286999997,138.438814000001,0,0,0,0,0.185318674730221
136.629139999997,139.343675999997,0,0,0,0,0.229370761966906
137.533969999997,140.248479000002,0,0,0,0,0.193756048058062
138.438814000001,141.153322999999,6,0,0.19323800897969,1.4535486693407,0.575081600381362
139.343675999997,142.058131999998,10,6.92820323027551,0.965950680473497,2.02646607339543,1.25206751359217
140.248479000002,142.962993000001,13.75,9.39414711402797,0.842272691260115,2.0703471595537,1.50857904894747
141.153322999999,143.867838999999,16.5,5.91607978309962,1.10547601738965,2.00277671706757,1.50675918802271
142.058131999998,144.772662999996,13.6,2.88097205817759,0.687439001805084,1.65253659453726,1.21708440074328
142.962993000001,145.677516999996,15,4.39696865275764,0.449489089805931,1.21353063945504,0.952355497143989
143.867838999999,146.582315,20,0,0.682465822931117,1.40888092108007,0.794783973239236
144.772662999996,147.487172000001,0,0,0,0.926304709757423,0.374535409982926
145.677516999996,148.392025000001,0,0,0,0,0.518708665936145
146.582315,149.296847999998,0,0,0,0,1.05183714063139
147.487172000001,150.201677999998,11.5,3.53553390593274,0.815015880706169,3.14576170934156,1.6548213483796
148.392025000001,151.106498000001,9.2,3.27108544675923,0.721693276777628,3.33315637901936,2.32820222506481
149.296847999998,152.011371000001,8.75,3.53553390593274,0.677733841692971,3.29760725608154,2.45480693838548
150.201677999998,152.916187000003,12.3333333333333,8.54790422657312,1.33434243524354,2.80201551358506,2.12303133544277
151.106498000001,153.821018000002,13.25,10.688779163216,1.32994088313584,2.35468244099805,1.28024293888039
152.011371000001,154.725870000002,28,19.7989898732233,0.502153230617313,1.2189835243917,0.543905558902683
152.916187000003,155.630686999997,26,22.6274169979695,1.87264159487518,3.19870111023394,1.6704865191574
153.821018000002,156.535547,19.3333333333333,19.731531449265,1.75459053757922,2.768372671909,1.6964646232954
154.725870000002,157.440352999998,19.3333333333333,19.731531449265,1.90039244672302,2.62733030694772,1.72553526922378
155.630686999997,158.345201999997,26.3333333333333,13.7961347243833,1.86693998564907,2.66083098300012,1.90493247036983
156.535547,159.250043,12.75,3.5939764421413,6.83695996112289,8.9997568232638,5.89774963593795
157.440352999998,160.154868999998,12.8333333333333,3.06050104830347,6.30815516028274,9.24791783499098,7.4413921027325
158.345201999997,161.059708000001,10.3333333333333,2.94392028877595,6.45850519101178,10.5083199807624,8.16414728359215
159.250043,161.964585000002,13,7.37563556583431,6.88942535258021,10.4784948868413,8.33782220802725
160.154868999998,162.869446999997,15.4,8.98888202169769,7.81776934576309,12.2776434604308,8.97038407293291
161.059708000001,163.774303999999,11.1428571428571,5.7279598296011,7.64277869607119,10.2798528216571,8.50920149072656
161.964585000002,164.679148999996,9.42857142857143,2.43975018237133,7.0019139836088,9.5937408219069,8.07087488117108
162.869446999997,165.583976000002,10,2.82842712474619,5.29681814625703,7.52371077304374,7.72305710296499
163.774303999999,166.488846,8.55555555555556,3.64386851817924,5.62028867296535,8.13706731326806,7.81998325206208
164.679148999996,167.393714999998,8.66666666666667,3.67423461417477,6.06079860311413,8.64310287765861,7.95646575393809
165.583976000002,168.298557000002,8.66666666666667,3.46410161513775,6.35166029630299,8.70860176935177,8.45195974934623
166.488846,169.203430000001,9.625,2.50356888118884,6.55617700542483,8.70813795702043,8.09212771079264
167.393714999998,170.108289999996,9.11111111111111,3.25747004761534,6.02037392133677,7.59049535111015,7.86611782599298
168.298557000002,171.013183000003,10,5.8309518948453,6.30864202159376,7.92029202809206,7.62415384022274
169.203430000001,171.918029,9.11111111111111,5.60009920547048,6.12509649011768,8.59844641710965,7.69181223855445
170.108289999996,172.822897999999,7.625,3.24862608321909,5.46813187554062,10.0316210876075,7.53523670258015
171.013183000003,173.732778999998,8.66666666666667,3.74165738677394,5.1902355681964,7.05183873742077,6.48024578424317
171.918029,174.637665000002,8.44444444444444,3.71184290855335,5.28816311906525,8.96593547717832,7.42405464344006
172.822897999999,175.542505999998,7.3,2.86937856222098,4.60914277523676,6.48133579483101,6.30088259071305
173.732778999998,176.447370000002,7,2.68328157299975,4.79103800000791,8.36970085780349,7.37506952741754
174.637665000002,177.362334999998,8.6,4.74224513167433,4.03819461424175,7.08700148523175,6.23876530063946
175.542505999998,178.267236,9.22222222222222,4.54911468798539,3.75285429106991,8.35962318826873,6.56244281881637
176.447370000002,179.172119000003,10.5,4.59347363114234,2.53238160064519,7.37888642966949,5.26419963181945
177.362334999998,180.07705,12.8,6.53452370108182,2.20660688304598,7.56015778979753,5.36989398368216
178.267236,180.981957999997,13.6666666666667,6.77249338624016,2.70931251054923,7.98227776744884,5.74789259861791
179.172119000003,181.886909000001,10,4.61880215351701,4.39125652798449,8.11846189198675,6.75145492569312
180.07705,182.791818999998,9.55555555555556,2.24227067451229,4.79280201447067,8.77437253199735,7.96371486645607
180.981957999997,183.696762,10.5714285714286,2.5727509827124,5.5819285116982,7.54666224533933,7.12476259010056
181.886909000001,184.601689000003,9.875,2.90012315009454,5.7671209009802,9.74088936147177,7.86464632618753
182.791818999998,185.506625000002,12.6666666666667,9.89275829415976,6.13972693363086,9.92369329232032,7.05361995497014
183.696762,186.416601999998,10.5714285714286,9.58918041087876,5.65990630818991,11.1244511729531,7.77652264493657
184.601689000003,187.321543999999,9.83333333333333,4.75043857624395,4.92025878625583,10.3101005314012,7.5600661900815
185.506625000002,188.226531,9.25,5.00713776237768,5.42298130852278,8.38811128555724,6.830769519271
186.416601999998,189.131455000002,9.5,7.07106781186548,5.05059783983755,9.44683375591576,7.50869031340993
187.321543999999,190.036421999997,9.57142857142857,7.29970645202355,5.21572059061546,6.37500410122389,6.13965433747956
188.226531,190.94139,8.25,4.09703725705714,5.06335601327491,9.54786951279878,7.57503989031093
189.131455000002,191.861414999999,11.5714285714286,4.23702501200795,5.2983750068609,8.36089665113511,6.67623606588828
190.036421999997,192.771413000002,9.11111111111111,4.10622833158497,5.45117297214389,8.99748259730606,7.53016434309185
190.94139,193.676363999999,9.375,4.06860804558161,5.41951479942451,8.75914976058925,7.03924097253993
191.861414999999,194.581327,8.44444444444444,4.245913067619,5.60764924079746,7.98904610831782,7.01642952308245
192.771413000002,195.486262999999,11.5714285714286,9.32482605480558,5.01077382004977,9.03004647721459,7.08103575702011
193.676363999999,196.401265,11.8333333333333,9.60034721594311,5.16214849588573,8.18700142414964,6.38497171973242
194.581327,197.306238999998,14.25,12.2848144742469,4.1824290866906,10.1022366677707,7.02222840161888
195.486262999999,198.211177999998,18.5,9.1104335791443,5.83862098621566,8.81980817837215,6.16250992994358
196.401265,199.116110000003,11.6666666666667,4.03319558993445,4.70071894757077,8.99280334387572,7.3402829353642
197.306238999998,200.026072000001,8.11111111111111,3.51583718495483,3.67551531342827,5.81892196073611,6.11405451638006
198.211177999998,200.936045000002,9,3.42782730020052,4.28156942680174,7.62419011361066,7.36822981899737
199.116110000003,201.840960000001,8.1,3.81371792932362,3.73418323681757,5.65757530404684,5.68443290682821
200.026072000001,202.750898999999,9.42857142857143,4.07664661444276,4.21023597468069,7.23948316978417,6.27777733476227
200.936045000002,203.660868999999,9.625,3.96187185196954,2.77403837005075,4.73918660857179,4.03946013801254
201.840960000001,204.565769000001,11.6666666666667,2.94392028877595,2.86748169579528,5.38381532511231,4.3047115762306
202.750898999999,205.470681999999,10.5714285714286,2.99205296617238,1.35279922523574,4.36542311464848,3.30707328739208
203.660868999999,206.375573999998,8.55555555555556,2.2973414586817,2.72743717581793,5.75212097853516,4.36085140963166
204.565769000001,207.280515999999,7.25,1.28173988892331,3.63302926103168,6.61328180057499,4.41651356195375
205.470681999999,208.185425999996,9.44444444444444,7.0198132295509,4.3879525902802,5.1263238591353,3.99884168052884
206.375573999998,209.090329999999,9.75,7.94175223558558,3.7263353170585,4.59609934207389,3.32997613451514
207.280515999999,209.995237000003,7.18181818181818,4.33170132438011,2.62312377987517,4.85213310093873,4.38351326300634
208.185425999996,210.900152000002,7.11111111111111,4.85912657903775,1.94257880666541,6.71926150092285,4.95059125078819
209.090329999999,211.810068999999,9.25,6.08863109175031,2.16913407376518,6.74162230248316,5.3900713577336
209.995237000003,212.714979999997,9.85714285714286,5.17779140266618,4.85268790578336,8.32956673790534,6.48154527723555
210.900152000002,213.634973,9,3.46410161513775,5.0020378466746,8.22070785463667,6.90194756397314
211.810068999999,214.539884999998,7.90909090909091,2.84445233584764,5.69550401084393,8.38745084150756,7.55865130579645
212.714979999997,215.444792000002,8.3,2.71006354989038,5.22200250447668,7.95709021914834,7.19376490816795
213.634973,216.349703,7.45454545454545,2.01809991643805,5.22158324235943,7.42831643826788,6.86268398200513
214.539884999998,217.254606000002,8.55555555555556,2.185812841434,4.42926952989622,6.75866581701016,5.96558051070585
215.444792000002,218.159496,10.8571428571429,3.89138242053607,1.84575242169868,4.05224644861667,4.49509046528504
216.349703,219.069426000002,11.2857142857143,4.42396073348629,1.78546359912156,4.16515872275144,3.54451353410038
217.254606000002,219.974332999998,8.625,4.37321392113398,5.51719017312288,7.77369023491149,6.06302921771612
218.159496,220.879231999999,8.75,5.03558763771845,5.60322416013238,7.63874330864251,6.11101193877432
219.069426000002,221.784153000001,8.3,4.73872931866292,5.42268117972248,9.54268663976941,7.76273764636759
219.974332999998,222.689029000001,7.9,5.38413306753175,4.69056133635921,6.19068004750153,5.96625850842438
220.879231999999,223.593942,6.36363636363636,3.29462371972058,4.86504037546992,7.98542108693079,7.1338429406211
221.784153000001,224.498852999997,8.55555555555556,4.79872668296266,3.84923181702208,6.41197875375827,5.85696555014897
222.689029000001,225.403732999999,10.4285714285714,4.92805380304581,3.79340524595442,9.06568772735213,6.95026194036237
223.593942,226.308653,9.25,4.68279525802393,3.42362950850056,6.32724656716677,5.82539650778058
224.498852999997,227.213539999997,9.55555555555556,3.74536750904071,4.38383515058652,7.35375237696831,6.93870944985921
225.403732999999,228.118457999997,7.3,3.09300285590988,3.52929714490467,6.20198172379098,5.9767960173525
226.308653,229.023365000001,8.625,3.46152319898955,4.45150904508175,8.12037692228022,7.11330179175554
227.213539999997,229.928248999997,10.7142857142857,8.78852065128684,3.64960228405582,7.08964717530383,6.22305869427598
228.118457999997,230.833141999996,11.8571428571429,8.4740500240159,4.11216187362143,9.75847935395982,7.19223808073228
229.023365000001,231.738047999999,9,4.14039335605413,4.11037088001069,8.31152280364262,6.61535003839079
229.928248999997,232.642955999996,9.625,4.8971566094156,4.49811710039223,8.76428675001889,7.1170170527932
230.833141999996,233.547827000002,10.2857142857143,5.28249580262606,4.15554624978873,8.04934636533271,6.55182647905733
231.738047999999,234.457811,10.875,4.82367672453878,4.63840760730331,7.72423427474232,6.49441444195465
232.642955999996,235.367681999996,8.88888888888889,4.34293807359846,3.42876720591691,6.49296413560305,5.66874716365037
233.547827000002,236.272597000003,10.2857142857143,6.52467842666814,3.05655501524618,5.61378646340874,4.79996602299666
234.457811,237.182537000001,10.625,5.75543221661067,1.26969549440808,5.06805886791287,3.92465078895645
235.367681999996,238.087442999997,9.57142857142857,2.99205296617238,3.31680531330008,6.17214247032655,5.02997670349965
236.272597000003,238.992351000001,8,2.23606797749979,4.56072627071604,7.58234513314437,6.05438432940558
237.182537000001,239.897238999998,9.625,3.46152319898955,4.64510831069134,8.19479077455447,6.40061962129144
238.087442999997,240.802154999998,11.8571428571429,4.33699479011951,4.54185063782794,7.3255352266565,5.72323748844104
238.992351000001,241.707045999996,15.2,1.09544511501033,1.22616302244592,6.50844571107222,4.78941260643881
239.897238999998,242.611972999999,14.6,1.81659021245849,3.02712999483489,8.27224257311132,5.41721749398443
240.802154999998,243.521840000001,12.1666666666667,3.31159578853861,2.85020464426157,8.00235128668141,5.4710966116677
241.707045999996,244.431834999996,14.2,8.52642949891688,3.88560838384328,9.40678115592186,6.92484266821632
242.611972999999,245.336689999996,11.1428571428571,8.13282590142302,5.06427209004258,6.90819689120109,6.29427211509382
243.521840000001,246.241611999998,8.71428571428571,4.30945803685667,5.99460834271065,9.72468928653498,7.85497233052654
244.431834999996,247.146509999999,9.28571428571429,4.64450520200253,5.50570610471284,7.03365691630549,6.50551242939492
245.336689999996,248.051417000002,10.5,5.50454357780915,5.19274177799519,9.38024427887075,6.52270751937836
246.241611999998,248.956291000002,19,13.7840487520902,4.12952582345905,5.84134439159053,4.01438849705737
247.146509999999,249.861225000001,19.5,13.6259556239798,4.62800419977907,8.97770298683832,5.82533423762855
248.051417000002,250.771118999997,12.2,5.16720427310553,4.2618279877969,6.43480754814801,5.29689749608087
248.956291000002,251.681060000003,9.85714285714286,3.93397896234722,4.47648657857418,8.85964310600025,6.99122604966368
249.861225000001,252.585971,9.75,4.43202630213959,4.53009416688117,6.25745609119442,5.6239793146255
250.771118999997,253.490878999997,8.66666666666667,3.5,5.05740959575356,8.62322937386805,7.15080648472765
251.681060000003,254.395757999999,7.9,3.69534241384416,4.22635033270613,6.78661487544954,6.19875338537189
252.585971,255.300661000001,7.27272727272727,2.76010539983201,4.8121556911112,8.45910758954269,7.57971977465178
253.490878999997,256.205570999999,7.8,4.10419839243237,4.36206486902053,7.92079473755415,7.852951596824
254.395757999999,257.110492,8.4,4.06065128875762,5.27457306412097,8.37871652564378,7.76308654687602
255.300661000001,258.015398999996,8.55555555555556,4.47524052736585,5.5863145883813,9.46543047740862,8.14952565680524
256.205570999999,258.925315,7.75,4.13175853256559,5.28256569057953,7.56778778875665,7.39037729339752
257.110492,259.830223999998,8.77777777777778,4.71109800836752,5.94637185714954,9.55654594097316,8.03390529646696
258.015398999996,260.735116999997,8.1,4.70106370941726,5.92049296450596,9.23158696991918,8.11492724402645
258.925315,261.640052000002,6.75,3.41216311785605,6.01137964697512,9.08126357797963,7.9020146787924
259.830223999998,262.544929999996,10.125,8.23646075169946,5.70030952893281,11.355619208325,8.19866912599992
260.735116999997,263.449846999996,11.7142857142857,8.938946353165,5.99064589372673,10.8024186143042,7.98222981487104
261.640052000002,264.354738000002,9.11111111111111,4.78132942926035,6.04939494707593,10.5150687183284,8.04575372536912
262.544929999996,265.259637999996,10.375,5.01248441394086,6.00639598071439,9.97832361352658,8.1848710652638
263.449846999996,266.164543999999,11.1428571428571,4.14039335605413,6.39878189560298,7.90161638797948,7.38903722556823
264.354738000002,267.069450999996,8.44444444444444,4.06543697255016,6.00563521877434,7.39130860690333,7.43341746870646
265.259637999996,267.984398000001,7.54545454545455,3.95887954764063,4.17955060130313,5.74469631757747,5.73988512594716
266.164543999999,268.889314,7.5,4.24918292799399,2.44018552539927,5.33860541916103,5.0603611886587
267.069450999996,269.794221999997,7.63636363636364,3.66804381851491,3.51739220763842,7.07624196487896,6.00682721218941
267.984398000001,270.699088000001,8.625,3.70086862390825,4.10615520221536,8.85360111503927,6.60554946821943
268.889314,271.604008000002,11.8571428571429,11.9363390734425,4.47875615627964,8.95467657547981,6.30313562327724
269.794221999997,272.508930999997,20.5,14.0593978059754,5.44698748225291,8.79677881331519,5.64150471989007
270.699088000001,273.413817000001,10.2,8.40832920383116,6.1877437325812,8.67582489538002,5.7503559098933
271.604008000002,274.318727999998,16.2,13.7003649586425,5.78816171392339,9.86830328951657,6.53452121661603
272.508930999997,275.228671999997,11.2857142857143,10.9956701435048,5.59166415806629,9.46374116775191,6.98319524594891
273.413817000001,276.138576999998,8.28571428571429,3.03942350423485,4.61606109557565,8.15228979044532,6.59116241973161
274.318727999998,277.048518999996,8.1,2.68535120814971,4.81640544138026,7.80439312658792,6.74259629479067
275.228671999997,277.958436000001,8.88888888888889,4.01386485959743,4.10343921529451,8.0187047221638,6.72351778222116
276.138576999998,278.868402,10.1428571428571,4.63424108956261,4.63712372397403,8.01023317229544,6.4422185127616
277.048518999996,279.778289000002,11.7142857142857,5.05682000583653,3.90048060196944,8.82140721087301,6.75307162508412
277.958436000001,280.688261000003,11.5714285714286,3.64495737776374,4.68498793255033,7.67092114516773,6.01235890492304
278.868402,281.598177,8.375,3.11390888939105,3.85427666847716,8.31785035152412,6.91682326390084
279.778289000002,282.508091999996,7.6,3.43834585552737,4.53340830632168,6.632973776558,6.10280485054987
280.688261000003,283.413019,7.54545454545455,3.29738188154288,4.40329972354282,8.13934048661535,7.41146839062576
281.598177,284.317937,8.44444444444444,4.50308536203543,4.38081130444977,6.28451229450637,6.12618820134469
282.508091999996,285.222828999998,9,4.15331193145904,3.90424750214311,9.25204751589505,7.40095017576936
283.413019,286.127738000003,9.25,4.33424898750802,4.23614929863253,6.58750930512209,5.66898796161026
284.317937,287.032644999999,8.3,2.49666444147653,4.13920424516572,8.39447933031493,7.15719208133003
285.222828999998,287.937530999996,8.2,3.01109061083632,3.87350092355241,6.00875456218714,5.44411137222144
286.127738000003,288.842447999996,8.1,2.84604989415154,4.00177211668309,8.17269265201194,7.03329475021881
287.032644999999,289.747349999998,7.54545454545455,3.58785831279989,3.57262419227751,5.95652999756674,5.55244688347389
287.937530999996,290.652242999997,8.55555555555556,4.245913067619,3.45991503053508,6.82555034936481,5.91666965498076
288.842447999996,291.557161999997,9.85714285714286,6.03955217513604,1.47031225020238,5.17930317978664,4.06009825628451
289.747349999998,292.462053999996,13,6.48074069840786,2.47173031684717,6.24799590907534,4.84847605852814
290.652242999997,293.371940999998,9.42857142857143,5.71130874835599,4.06827805331292,6.21619505210732,5.15493225090179
291.557161999997,294.281939,8.66666666666667,3.74165738677394,4.15001062380051,7.11810135273707,6.70243731829034
292.462053999996,295.186821999996,9.66666666666667,4.92442890089805,4.42731561676491,6.84795039488349,6.29624451715535
293.371940999998,296.091729,10.375,5.39675828623073,4.12925200639639,9.45711249592915,7.41575039483574
294.281939,297.001616000001,11.2857142857143,5.40722620556004,4.80053638987214,7.23394477557509,6.06573205027143
295.186821999996,297.906525999999,8,3.08220700148449,4.56060628957589,9.45202167418048,7.5628738805722
296.091729,298.811434000003,8.44444444444444,4.21637021355784,4.51964995889157,6.51196505712359,5.73512167634629
297.001616000001,299.716361999999,7.27272727272727,3.58024884863913,3.92137970228562,7.62744979215459,7.0118834468563
297.906525999999,300.626283999998,8.1,4.62961481479111,3.19521745988258,6.07722702607041,5.09782600341886
298.811434000003,301.536209999998,9.75,5.0638776785046,3.10468792181576,6.68102508707871,5.30513178958878
299.716361999999,302.441112,15.8,7.49666592559652,1.32711973016217,4.64195996809765,3.83757334140374
300.626283999998,303.356060999999,13.5,7.50333259292163,0.926366390877378,5.2393310876908,3.94028593945816
301.536209999998,304.260978999999,11.1428571428571,7.24404517353326,4.11670951239889,8.23938328747852,5.86398264026271
302.441112,305.165876999999,7.77777777777778,3.03223423311004,4.36282846619946,7.28508528604659,5.78061513921458
303.356060999999,306.070783999996,7.9,3.21282153600573,4.53884376034311,7.67021173603605,6.56804291628708
304.260978999999,306.975713,8,3.71184290855335,3.34125553414679,6.28596600812598,5.678501857987
305.165876999999,307.880603999998,8.3,3.33499958354154,3.62672180726905,7.69825254602504,6.53468408523399
306.070783999996,308.785528,8.55555555555556,3.81153220867642,4.29659358987164,7.70758917794973,6.57681512309105
306.975713,309.690437999998,9,4.24264068711928,5.43513924557064,8.83791806905363,6.88897610257013
307.880603999998,310.595307999996,10.1428571428571,4.9473417585801,4.95800548175026,10.0504476120458,7.59347441347009
308.785528,311.500214,11.7142857142857,3.86066858261129,5.17980790900414,8.3379035537931,6.88440121068097
309.690437999998,312.405126999998,10.125,4.2907708265199,5.03219663484337,10.0008491872503,7.69338857098846
310.595307999996,313.315089999996,10,4.58257569495584,5.70449425157745,7.29112209478944,6.29671252628138
311.500214,314.219992999999,8.5,3.58568582800318,5.12848546571115,9.88590044645371,7.60844147549067
312.405126999998,315.124900000003,10.7142857142857,4.19182878603463,4.7082489203546,6.7869491118626,5.90089620518854
313.315089999996,316.029804999998,11,3.41565025531987,5.06663641696181,9.71916608684228,7.43520134142437
314.219992999999,316.944767000001,13.5,2.88097205817759,5.43624232152374,8.10133940860597,6.67160165021487
315.124900000003,317.854705999998,10.125,3.97986001189561,5.14591073879741,8.81711659204073,7.24868269479739
316.029804999998,318.759617999996,8.88888888888889,3.62092683040007,5.29897488745697,9.61207721211733,7.49113885863351
316.944767000001,319.669560000002,9.33333333333333,3.74165738677394,5.57244165934655,8.71711836187439,6.901641995426
317.854705999998,320.574482999997,9.75,3.84521966676993,5.14419224939661,10.4534785121031,7.56257740993094
318.759617999996,321.479369000001,11.1666666666667,3.65604522218567,4.79479949482189,7.29133755731156,5.97458389293381
319.669560000002,322.384272999996,8.77777777777778,4.05517502019881,5.23694968195086,9.13095834924084,7.46451730382528
320.574482999997,323.289190999996,9.44444444444444,5.2704627669473,5.48759247399169,8.45641610268264,7.07531140008336
321.479369000001,324.194117999999,7.45454545454545,4.1800391472721,5.63668376998775,8.51213405957193,7.57037876180461
322.384272999996,325.099024999996,8.66666666666667,5.45435605731786,4.98929524861033,7.83946672841617,7.12996362712874
323.289190999996,326.008926000002,9.44444444444444,4.95255265270121,4.8053399121994,6.76584756330582,6.13578202781573
324.194117999999,326.913845000003,8.375,4.20671232335045,4.45738798361926,9.34967797471841,7.0960133257985
325.099024999996,327.818729999999,8.75,4.33424898750802,4.91952006836086,6.79056995264112,5.94864764481223
326.008926000002,328.723638999996,8.6,3.09838667696593,5.00783306856259,8.43094868207063,7.23565221351842
326.913845000003,329.633605999996,9.375,4.98390265898981,4.56506776916333,6.17563936691498,5.60976355903229
327.818729999999,330.538501000003,8.77777777777778,4.73755680118397,5.23117661658298,9.31097608033963,7.36890770514583
328.723638999996,331.448431999997,8,3.20713490294909,4.90505634634779,8.20476927374128,6.13577562287561
329.633605999996,332.353332999999,8.55555555555556,3.50396600693811,4.81318532205008,8.22832724956527,6.32486158018287
330.538501000003,333.258221999997,11.2857142857143,5.73626724488686,2.29330960014928,6.36232696759455,4.81512231782615
331.448431999997,334.163157000003,11.1666666666667,6.64580067912563,2.2851487757575,6.53009623228789,5.05357392709444
332.353332999999,335.068063999999,11.3333333333333,6.05530070819498,2.078679171682,5.60976059557617,4.50883079688573
333.258221999997,335.977992,15.5,2.38047614284762,2.32943599784852,4.92854650000676,3.64684880781977
334.163157000003,336.882906999999,13.5,11.1130553854464,5.79338586971446,7.95956191469469,5.66220115945675
335.068063999999,337.792823999996,11.8333333333333,11.3563491786166,5.6387046053214,8.09311206907213,6.27640185129043
335.977992,338.697721999997,8.1,3.92852813828962,5.30285669662685,8.53736706955916,7.32630745908977
336.882906999999,339.602633000002,10.1428571428571,5.01426536422407,5.22338760564729,8.13328562365903,6.28378791849848
337.792823999996,340.512566999998,9,4.24264068711928,5.3006369204747,8.96934726676702,7.08769223300063
338.697721999997,341.422503000002,8.75,3.41216311785605,4.73669863153217,9.57796943596957,7.06261362733168
339.602633000002,342.327394,9,3.70328039909021,4.61541583726498,9.19455521947835,6.76312944037917
340.512566999998,343.232299000003,9,3.64005494464026,4.57836410216457,9.63061820921971,7.43914407768173
341.422503000002,344.137205999999,9.875,3.90741054188796,5.21397611195088,8.19586934111531,6.52731136310471
342.327394,345.042125,8.375,3.46152319898955,4.76770062928969,10.11230008602,7.4734381245042
343.232299000003,345.952105999997,9.16666666666667,3.71034589582517,4.6781789581654,7.68786528834385,5.66784649941198
344.137205999999,346.856969,11.5714285714286,9.32482605480558,4.23276243805947,10.7552356902852,7.25585184219334
345.042125,347.771949000002,14.3333333333333,9.68848113311197,5.12283961642106,9.24538097519889,6.25811833338821
345.952105999997,348.676874999997,9.875,4.08612635284674,4.82634017313591,9.72316376092288,7.10866374440373
346.856969,349.581767999996,11.8333333333333,4.57893728573199,4.90406742192487,8.54658894744131,6.02074812986904
347.771949000002,350.491691000003,10.8571428571429,4.63424108956261,4.91134921318935,8.98779528632135,6.43033028336777
348.676874999997,351.406621000002,10.8571428571429,4.05908739450021,4.55801865510303,7.76362990985297,5.5949961688257
349.581767999996,352.316614999996,12.2857142857143,4.11154008915904,3.92076337765948,7.25289753303962,5.26494175344306
350.491691000003,353.231547999996,10.8571428571429,5.04739442447195,2.95937859206192,7.61512974103644,5.21026720880888
351.406621000002,354.141459999999,8.125,3.52288437018791,3.99602054188177,7.27499755923295,5.5934357420694
352.316614999996,355.051417000002,8.4,4.35124503255486,4.67879688027886,8.10821575704241,6.47535956364447
353.231547999996,355.961332999999,8.44444444444444,4.12647280104665,5.24709490397534,7.41460042391124,6.39747492932965
354.141459999999,356.876296000002,8.66666666666667,3.60555127546399,5.33639765163867,8.65742989372488,7.20048506632273
355.051417000002,357.786254999999,9,3.96412483586046,5.44176572484692,7.9284590350441,6.57535189167011
355.961332999999,358.691153,9.55555555555556,4.27525177946022,4.71950918759225,8.97943284835002,7.11338522160315
356.876296000002,359.601079,10,4,4.56141841210347,7.78082187411653,5.66560351886018
357.786254999999,360.505976,10.1428571428571,5.24177360024167,4.13361123014295,10.3672788636085,7.11417752146865
358.691153,361.415962999999,12,5.72712842531054,5.25980638158812,7.96817966117235,5.61841816408795
359.601079,362.320870999996,10,4.83045891539648,4.23818644989454,10.0923626191012,7.07376050032241
360.505976,363.230773000003,13,4.73286382647969,4.03233147667298,6.69294529597535,5.06994038208144
361.415962999999,364.140716000002,10.5714285714286,4.8255273583013,3.97199200513581,9.66456098266845,6.83385005691433
362.320870999996,365.050643000002,11.1666666666667,5.19294393062997,4.80720802402681,7.43095728286025,5.36609746468739
363.230773000003,365.955534000001,9.42857142857143,4.19750492781695,4.29697118674251,7.99590743185307,5.73002613396841
364.140716000002,366.865507000002,10.8571428571429,3.71611676478603,2.49954223468962,4.34943067177506,3.4071466830374
365.050643000002,367.770411999998,9,2.73861278752583,3.04036411912294,5.36607279330489,4.10513514050601
365.955534000001,368.675337000001,7.5,2.32139804619735,2.67951067712949,5.85574479363884,4.38315797616624
366.865507000002,369.585231999998,7.36363636363636,2.46059859679417,2.27093622903984,6.09704281236351,4.81140331507708
367.770411999998,370.500214,8.1,4.35762422529627,1.779459687078,5.38733305178024,4.23961505663031
368.675337000001,371.405137000002,10.25,4.68279525802393,0.861802423093556,4.49149024506167,3.65984745421164
369.585231999998,372.310032000001,9.42857142857143,4.23702501200795,0.82206394060931,3.73741242703172,2.96058442247413
370.500214,373.214941999999,15,11,0.992053243850435,3.3230549774281,2.42392585374621
371.405137000002,374.119849000002,12.3333333333333,11.5700763466222,1.20128927524575,3.41726815444797,2.77855336614127
372.310032000001,375.024770999997,10,9.1214034007931,5.68541588124405,8.20925565933752,5.88480946825757
373.214941999999,375.929663000003,11.8571428571429,8.17370930542087,5.36167365270674,7.78682470498836,6.03185871139523
374.119849000002,376.834590999999,9.42857142857143,4.42933941113657,4.64387104094514,10.7470401197403,7.33167559242668
375.024770999997,377.739482999998,11.6666666666667,3.72379734500505,4.64185018946179,7.27521276965197,5.37140637472321
375.929663000003,378.644405999999,10.1428571428571,3.97611918955202,4.39713387949948,10.5815455074358,7.24195752308162
376.834590999999,379.554353,12.3333333333333,5.42832079621927,5.25067419720789,8.09161124038392,5.83428481143199
377.739482999998,380.459262999997,10.375,5.23552426082759,4.60578408721621,10.3274188918003,7.40830997472195
378.644405999999,381.374200999999,9.42857142857143,3.77964473009227,4.77734625459172,8.63835158154875,6.30363290675989
379.554353,382.279123,8.88888888888889,3.48010216963685,4.77077194143982,8.92204160512785,7.06809013819043
380.459262999997,383.184029999997,11.2857142857143,4.30945803685667,4.80056850932989,7.92119152783743,6.06999927482882
381.374200999999,384.093944,10.8571428571429,3.97611918955202,5.02607037995373,8.824865169513,6.31738692293564
382.279123,385.008924000002,12.3333333333333,5.04645089807348,5.30941310460188,8.89426731712993,6.13172490628009
383.184029999997,385.918852000003,11,4.96655480858378,5.14218988563477,9.19445081740443,6.4317853452961
384.093944,386.828772000001,12.6666666666667,5.20256347070045,4.84984625425006,8.6560770580501,5.95642301695564
385.008924000002,387.738753999998,10.875,5.16685867538765,4.4460603964499,7.71202672454972,5.99488971648605
385.918852000003,388.643647999997,11.4285714285714,4.8255273583013,4.73677079984035,7.41612727433666,5.71866337268326
386.828772000001,389.548554000001,9.33333333333333,4.5,4.7261507967165,7.66054719530047,6.35077268660793
387.738753999998,390.458502000001,10.5714285714286,4.89411697371252,4.93148800514654,8.32429121214442,6.38927954905609
388.643647999997,391.368448000001,8.66666666666667,4.27200187265877,4.91897234388232,7.8374708042151,6.65575376838477
389.548554000001,392.273394999997,9.75,4.46414285485707,4.619141682342,7.5282392958566,6.29169653594303
390.458502000001,393.178303000001,8.77777777777778,3.66666666666667,4.88073756748641,8.22903372062958,6.73421736452236
391.368448000001,394.088213999996,8.55555555555556,2.50554939639548,4.21154980697459,7.66295027549962,6.33584307998614
392.273394999997,394.998168999999,8.1,2.18326971917504,4.50725276544033,7.60028151055145,6.4438860278958
393.178303000001,395.908090999998,9.375,4.80884601541784,4.16765120401593,7.55469366785276,6.02648290150823
394.088213999996,396.818058999997,9.44444444444444,4.47524052736585,4.58669483270628,7.73004137993512,6.39836826070849
394.998168999999,397.72797,8.5,1.4142135623731,4.43024616351471,7.73541450263563,6.07943527966294
395.908090999998,398.632881999998,8.88888888888889,2.14734978778752,3.77810780037919,7.40110473510929,6.31261791145413
396.818058999997,399.542858000001,9.375,3.02076149339864,3.76879887370102,7.82413190429434,5.98731076857707
397.72797,400.447768999999,9.57142857142857,4.42933941113657,4.82936400189988,8.38014845628848,6.67962412698613
398.632881999998,401.357685999996,10.1428571428571,4.25944329025016,5.35604344603228,8.52673537694977,6.50766009893044
399.542858000001,402.262616,9,3.42782730020052,4.70513746569354,8.62157723188306,6.66638493666654
400.447768999999,403.172589000002,10.8571428571429,3.97611918955202,4.35175196930031,8.05145085473613,6.06152502258613
401.357685999996,404.082504999998,10.875,4.76407688554966,4.0198450256473,8.56025173055691,6.3089450070176
402.262616,404.992506000002,11.8571428571429,4.8452234702014,4.23331492747392,8.09247425361707,6.05183095209363
403.172589000002,405.902450000001,8.77777777777778,4.86769395550341,3.66906941302947,7.25094159507892,5.75500025174793
404.082504999998,406.807392000002,9.125,4.18969825030054,2.66113192922962,6.31580161417743,5.06505166491245
404.992506000002,407.712364999999,13.8333333333333,12.4163870214595,1.40319923910792,5.96091969567947,4.36059354933947
405.902450000001,408.617307,15,13.2664991614216,1.16047249731038,5.83888432795639,4.22394637674433
406.807392000002,409.522284999999,11.6,7.30068489937759,1.86022517519969,4.34222825992197,3.39293071536046
407.712364999999,410.427229000001,12.6,7.02139587261678,1.90880744263214,3.37078486273557,2.46409404315546
408.617307,411.332201999998,13.25,8.26135582092915,4.36839557327742,4.95454501109381,3.28196970205463
409.522284999999,412.247218999997,9.75,7.30459737816828,3.22129868173978,5.40848370686473,4.17506036263971
410.427229000001,413.152188,8.4,4.62361090250659,3.16979393305543,6.73525370209538,5.37059548924495
411.332201999998,414.062234999998,7.5,4.44007721940573,3.00200093034409,6.25772824323986,4.79939882104144
412.247218999997,414.972197999996,12.2857142857143,7.80415029998538,3.35552188400121,5.52228587781252,4.25961714928056
413.152188,415.877165999998,10.125,7.49166203188585,3.04304089344793,5.15527066496646,4.41611980708146
414.062234999998,416.782166999998,6.72727272727273,2.4936282437809,4.1483677909637,5.95177516210497,6.10254777886569
414.972197999996,417.687125999997,6.41666666666667,3.02890119090115,5.12805822527697,8.37040312641081,8.08616860236381
415.877165999998,418.592116,7.54545454545455,3.98405914523458,5.61529038756397,8.65841369938123,8.11268857509193
416.782166999998,419.502140999997,8.5,3.66450152525162,5.12070500583858,11.2608968301189,7.99608286596273
417.687125999997,420.407122999997,10.25,3.69362384967083,5.20070192266451,9.96401910935871,7.64202321428362
418.592116,421.312122999996,10.375,3.77728171346236,5.18815934107981,9.58186350388336,7.316437307579
419.502140999997,422.217090999999,9.625,3.9256482631171,4.99972595616412,10.4672301178551,7.8019263862535
420.407122999997,423.122057000001,9.625,3.85217934606967,5.29476533224248,8.32421094647687,6.7624374778032
421.312122999996,424.027009999998,8.11111111111111,3.21886798597133,5.20708567486941,10.3275110050466,7.88980872874165
422.217090999999,424.936992999996,10,4.27617987059879,5.26116127583755,8.61976496860839,6.70733239497107
423.122057000001,425.847004000003,10.25,4.39967531269557,4.74978460166103,10.4252043791041,7.33905892597573
424.027009999998,426.756969000002,10.7142857142857,3.54562104171167,4.97118377200551,9.84137500039487,7.20543755145081
424.936992999996,427.661904000001,9.5,3.96412483586046,5.47622083797141,9.24725201171104,6.97403834151931
425.847004000003,428.566853999997,8.66666666666667,3.3166247903554,5.72741143631003,10.0960241671175,7.88645994868064
426.756969000002,429.481820000001,8.7,3.30151480384384,5.35649154140254,7.71431312943742,6.61480566684107
427.661904000001,430.391833000002,8.75,3.99106144134257,5.11337961488754,8.34292518112616,6.29497710414181
428.566853999997,431.296729000002,10.1428571428571,4.59813626840888,3.08796861270718,5.96303721661306,4.46280529878632
429.481820000001,432.201667000001,14.8,2.16794833886788,3.05950136713966,7.24949736541107,4.88545612557963
430.391833000002,433.106626000001,13.3333333333333,4.22689799577263,3.00059079091128,8.16827210692075,5.82633983810728
431.296729000002,434.016515999996,10.375,4.8971566094156,3.92691769929401,7.08633636875003,5.78111451542295
432.201667000001,434.921461999998,7.44444444444444,2.12785755580062,4.16438070796366,8.0005048474781,6.57823450915441
433.106626000001,435.831445999997,8.55555555555556,2.78886675511359,4.12059027445478,7.16833690962537,6.1852871368198
434.016515999996,436.736351,9.625,3.58319490319543,4.48164998599912,9.08051966442758,7.195640790435
434.921461999998,437.641274000001,9,3.67423461417477,4.91632411060868,7.83065419507718,6.61210701672029
435.831445999997,438.546190000001,8.4,4.06065128875762,5.08411814972232,9.46579498582457,7.78053260743395
436.736351,439.456154,9.375,4.03334317196754,5.23680160069052,8.18330035448792,6.44139437622962
437.641274000001,440.361059000003,8.11111111111111,3.01846171271247,4.80374748182532,7.8951901872079,6.36320894005817
438.546190000001,441.265966999999,9.5,4.27617987059879,2.83311006437468,5.4718028876014,4.32236020777255
439.456154,442.170880999998,10.5714285714286,6.80336051416609,3.22257713824094,6.21480803198133,4.88647345719343
440.361059000003,443.075793999997,13.5,6.53452370108182,2.51502174984649,5.12869934564899,4.50934543787086
441.265966999999,443.980731999996,13.75,5.67890834580027,2.71903961152834,5.37668594767916,4.33851140519688
442.170880999998,444.885652999998,16.25,7.5,1.48563279520199,4.19834292668772,3.83830268613751
443.075793999997,445.790562000002,13.4,6.94982014155762,2.06503179504389,6.05180494941408,4.56553109522498
443.980731999996,446.695482999996,9.42857142857143,2.69920623252731,1.80582432505553,6.24242967675819,4.72344870849764
444.885652999998,447.600421000003,9.11111111111111,3.48010216963685,2.40870832129076,8.04858082953734,6.24007622280033
445.790562000002,448.505314000002,9.25,4.13175853256559,4.15557570284788,8.5563083022482,6.37324889205312
446.695482999996,449.410231000002,8.88888888888889,4.22624077770199,4.8820917693132,10.8603900931464,8.21584196785759
447.600421000003,450.315130000003,10.75,4.02669662555869,5.91006449432507,10.3908199014897,7.91252185437596
448.505314000002,451.220037999999,7.3,3.68329562574967,5.60771760937707,10.7806089527327,8.41548059488795
449.410231000002,452.124959000001,8.44444444444444,4.06543697255016,5.45032244554771,8.93414649245889,7.29274775628973
450.315130000003,453.029866999997,8.44444444444444,3.60940130461795,5.33513273213387,9.3150670766193,7.32192711848977
451.220037999999,453.934802999996,12,2.96647939483827,4.74239725283101,8.43320385749409,6.57422496477746
452.124959000001,454.839711000001,11.6666666666667,3.38624669312008,4.76102831680356,8.17292011097573,6.33392510377198
453.029866999997,455.744626,10.2857142857143,2.49761791275112,4.18782327805424,7.55189460443407,5.56949643133812
453.934802999996,456.649512999997,10,2.9277002188456,3.4796346026417,5.43867696519625,4.90310661529027
454.839711000001,457.554433999998,8.33333333333333,3.08220700148449,2.36003162510948,5.03102797013757,4.15998306483785
455.744626,458.459346999996,9.375,4.47013901988997,2.00517299467289,5.08722161223235,4.44997721048166
456.649512999997,459.364237000002,10.125,5.33017019294077,3.71390438674,7.618724831887,6.09949892915599
457.554433999998,460.27418,11.8333333333333,4.91596040125088,4.14911682226773,8.14992739182885,5.86152176871661
458.459346999996,461.179083000003,10.2857142857143,4.49867705421219,4.27205481198657,10.5404421671805,7.20862823948678
459.364237000002,462.083989999999,12.3333333333333,5.08592829940284,5.0315911555592,7.93139360236351,5.55430313316312
460.27418,462.988905999999,10.5714285714286,4.96175852083187,4.1818603572969,10.4779659716942,7.2588767150206
461.179083000003,463.898823999996,12.6666666666667,4.7187568984497,4.73808991964372,7.10786215455192,5.39283986890192
462.083989999999,464.808775999998,10.4285714285714,3.77964473009227,4.63998248067243,10.1399641625611,7.20352778776115
462.988905999999,465.723749999997,12.5,3.93700393700591,5.39229995156549,7.3969654980055,5.50905734454578
463.898823999996,466.628669999998,11,4.43471156521669,4.33655353347772,10.1425036137146,7.21360429623959
464.808775999998,467.538578,10.125,4.85320218294802,4.04261341783625,6.54602649405116,5.52044953812191
465.723749999997,468.443467999998,8.44444444444444,3.50396600693811,4.10284392645144,8.69073975601384,7.18779313894916
466.628669999998,469.353448000002,6.75,2.95803989154981,3.56602846686979,5.92072210326673,5.62568432217047
467.538578,470.263359999997,6.16666666666667,1.99240983979124,4.38619991139204,8.17983372382382,7.45455588455714
468.443467999998,471.173311999999,7.16666666666667,4.83985975253854,4.08965071520124,6.41314549769072,5.90489635140123
469.353448000002,472.078220999996,8.66666666666667,5.07444578254611,4.48904875216386,9.69289214768115,7.43235825462859
470.263359999997,472.983115000003,9.44444444444444,5.83333333333333,4.49990684006104,6.60970500144607,5.57251634497276
471.173311999999,473.888034999996,8.5,4.37525509460387,4.62284318228712,6.92992992911845,5.49576018519226
472.078220999996,474.792988000001,10.375,5.23552426082759,1.83330123188804,4.84854248246163,3.65145205598882
472.983115000003,475.697872999997,13.4,6.94982014155762,2.21805116263161,6.30829225034966,4.2383189243727
473.888034999996,476.602790999998,11.5714285714286,5.8554004376912,2.47040589684283,8.51843731210788,5.8999828348514
474.792988000001,477.507697000001,9.57142857142857,4.31497944595888,3.90995304200697,7.13264701061442,5.41261636136799
475.697872999997,478.412619000002,8.3,2.62678510731274,4.40044935564113,8.22519338634864,6.76365808748481
476.602790999998,479.317512000001,8.33333333333333,3.1224989991992,4.69440726268745,6.14876852647372,5.39665010551976
477.507697000001,480.222418999998,9,3.81725406168211,4.48417502584902,7.19018757433284,5.67122952925506
478.412619000002,481.127370000002,9.4,4.33589667773576,1.84603599125329,4.15251088572431,3.24964165937709
479.317512000001,482.032264000001,25.3333333333333,19.6553639837408,2.47119217938265,4.2720290701897,2.57478869406956
480.222418999998,482.937194999999,14,2.82842712474619,0.220161463005824,1.66388799695083,1.38575689586486
481.127370000002,483.842081000003,17.5,9.25562891794321,4.06146946406088,3.84325101062945,2.71007615271565
482.032264000001,484.747003999997,14.25,11.4709778717132,3.91640201306132,4.08916533649831,3.15544753941626
482.937194999999,485.661962999999,9.28571428571429,3.72890894294322,2.89853060787007,4.83146394554933,3.7390243147181
483.842081000003,486.571853000001,8.25,4.33424898750802,1.46341112903471,3.91135512169177,3.62833151996445
484.747003999997,487.476772000002,8.4,4.67142614436129,4.54335920130109,6.73186652631242,5.90421505566483
485.661962999999,488.386759000001,8.1,4.95423500093046,5.3725021152088,7.33029432474147,6.60531317222686
486.571853000001,489.291665999997,7.8,3.67574633389073,5.61889688433832,9.12434003894213,7.45269595704117
487.476772000002,490.196550000001,10.625,4.03334317196754,5.45866196683427,8.86884718855715,6.86877018723757
488.386759000001,491.101471000002,10.25,4.33424898750802,5.08345728474354,8.76483657498322,6.74264544212964
489.291665999997,492.006384,9.875,3.52288437018791,4.06936189449571,7.09833875350783,5.73591658185916
490.196550000001,492.911297999999,10,3.54562104171167,4.23909814305724,7.26874529335905,6.03284234371272
491.101471000002,493.821188000002,10.625,2.92464894108189,3.77482098530092,6.07403020887048,5.17847678613812
492.006384,494.731155000001,10.125,3.04431554587516,5.28204305947449,9.02582694359274,6.88624396000004
492.911297999999,495.641066999997,9,3.87298334620742,5.02788769794462,6.87425096842451,5.6524679922758
493.821188000002,496.545972,7.88888888888889,3.17979733805649,4.71351178263438,9.53266882546752,7.1505069694161
494.731155000001,497.450877999996,6.63636363636364,3.17089032521553,3.9891830966126,5.72358393995381,5.4519361760514
495.641066999997,498.355766000001,7.2,4.34101882562659,4.67446141290679,7.89788964613339,6.80634543273658
496.545972,499.275778999996,9.5,5.7569833370314,4.28084817689071,6.09791549511885,5.41181481018935
497.450877999996,500.180708,10.375,4.83846197522666,4.60603726962485,9.63973197689508,7.12024214417597
498.355766000001,501.085613999996,9.85714285714286,4.91353814911995,5.32618121714375,8.40235077016019,6.34786567010326
499.275778999996,501.995538000003,8.3,3.8020462326957,5.19149359651404,9.05181834636274,7.42200021181478
500.180708,502.900422999999,9.66666666666667,3.87298334620742,5.34607099152326,8.67646855479265,6.83215848912103
501.085613999996,503.810391999999,9.125,3.75832409459323,5.19140896191695,9.59398830909891,6.98270143102683
501.995538000003,504.720321000001,11.1428571428571,3.97611918955202,4.84600434652504,9.68517408710649,6.97292698952179
502.900422999999,505.630278999997,11.6666666666667,3.32665998663324,4.74075205583152,8.84748911289159,6.27856428488756
503.810391999999,506.535173999997,10.75,4.20034012228262,4.33454059656016,9.44485294773657,6.95434237274822
504.720321000001,507.445116000003,9.55555555555556,4.47524052736585,4.51939419779865,7.37248360014427,6.02015324073257
505.630278999997,508.355068999997,6.88888888888889,2.20479275922049,3.99554942193603,6.91344621387144,5.68579503075337
506.535173999997,509.259977000002,8.77777777777778,4.26549463068991,1.38352151781379,4.70318165090304,3.95038942759832
507.445116000003,510.164873000002,9.125,4.51782185192315,1.2360905569175,5.11076483367308,4.13341658743638
508.355068999997,511.069774999996,8.88888888888889,3.25747004761534,2.76544856890511,6.32879118335478,5.07444389770137
509.259977000002,511.974690000003,8.22222222222222,4.02423215588321,3.99222800446207,7.91546724656681,6.359036198606
510.164873000002,512.879625000001,8.77777777777778,4.14661843487491,4.68780292683043,9.23747680482516,7.35668386857598
511.069774999996,513.784545000002,9,4.65985898008574,5.00465484022513,9.76799243090281,7.17090852209494
511.974690000003,514.689441000002,10.125,5.71807909803883,4.94160264311536,10.7911380355093,7.79760823216671
512.879625000001,515.604409,9.75,5.17549169506766,5.55460265782269,8.28296861274776,6.66184249156697
513.784545000002,516.509293999996,8,2.26778683805536,4.95064885728859,8.01025985866221,6.21702693281703
514.689441000002,517.414221999999,9.25,5.80024630018908,2.16626122903863,5.15299811189062,3.96169325577093
515.604409,518.319129999996,11.6,6.94982014155762,2.10343698110553,5.91872120812778,4.29673329536442
516.509293999996,519.224022000002,11.1428571428571,8.45435925876057,2.25566591600292,6.14529143354378,4.89870089777233
517.414221999999,520.128941000003,12.8,9.5236547606473,2.59491531744975,6.42072664367609,5.72588133825414
518.319129999996,521.033836000002,11.2857142857143,6.10230245383619,5.14113374870906,7.88287095274956,6.053104573277
519.224022000002,521.938757999997,10.4285714285714,6.26783170528009,5.01197534807144,8.13942446564175,6.08274401382442
520.128941000003,522.843655999997,10.4285714285714,5.12695955569325,2.61308585255102,6.88209857628796,5.95728513373365
521.033836000002,523.748587000002,10,5.15474815790535,3.4649869750537,8.23395640629238,6.61818380154173
521.938757999997,524.653507999996,9.125,4.15546112277051,4.99599959417409,8.48032808878728,6.56526032302548
522.843655999997,525.558431999998,8.2,4.51663591625449,5.59302620636783,10.1449535494997,8.19468341894127
523.748587000002,526.463341000002,8.6,4.7187568984497,6.00035700853754,9.22054747135331,7.81496269283397
524.653507999996,527.368237000002,6.72727272727273,3.5239440713754,6.06641125963428,9.65823504515074,8.23126297793787
525.558431999998,528.273144999999,7.72727272727273,4.71361663886466,5.58147724696895,9.20346492144572,7.83738384585101
526.463341000002,529.178068000001,7.09090909090909,4.1341152730553,5.6076041732479,8.09898943814109,7.40375304588658
527.368237000002,530.082965000001,7.1,2.84604989415154,4.39965766754571,7.58590389831637,6.43520314043881
528.273144999999,530.987859000001,7.7,3.40098025084926,2.40085327707463,5.25585589804581,4.71914806879439
529.178068000001,531.892785999997,8.88888888888889,3.29561998888087,2.34275706139125,5.44731171557426,4.4317052796674
530.082965000001,532.797674000001,8,2.66666666666667,0.539509463069548,4.38180628021013,3.58060711204713
530.987859000001,533.702608,7.8,2.39443799947573,4.06165694938195,6.14401910388002,5.84499142273515
531.892785999997,534.617545000001,8.44444444444444,2.78886675511359,4.68181109003095,7.51924053832208,6.00823851371248
532.797674000001,535.522451999997,7.54545454545455,2.84125452445346,4.25897631706104,9.5365290469887,7.67524871077239
533.702608,536.427370999998,6,2.0976176963403,3.88174896520742,6.78806537007423,6.1650603359329
534.617545000001,537.332278000002,6.53846153846154,3.28165061656947,3.54268247366803,6.67255497818993,6.05716440332909
535.522451999997,538.237166999999,7.18181818181818,3.99545195987092,1.30353116986719,4.78512281684156,3.8145215038316
536.427370999998,539.142091000002,7.72727272727273,3.60807175901226,2.39513516333705,6.11260469108411,4.98933137445514
537.332278000002,540.047009000002,8,3.36650164612069,2.93861440688555,5.98393172004916,4.87681424946441
538.237166999999,540.961957,7.6,3.09838667696593,4.10752195855205,7.67285764382339,6.77073451099997
539.142091000002,541.866846999998,8.2,3.70585122924995,4.75927656243507,7.04759208042133,6.15795092178464
540.047009000002,542.771772,8.88888888888889,3.72305131728145,5.04188749309774,9.31419536306156,7.70485626239421
540.961957,543.681677,6.07692307692308,3.35314624548196,3.93933559759679,6.3196551546084,6.40727950491238
541.866846999998,544.586575000001,6.38461538461539,4.29221119273935,4.29041094633507,8.38429944003781,7.66643472359748
542.771772,545.491504999998,5.84615384615385,4.20012209834734,4.08405891045149,6.4752311211691,5.87354678971499
543.681677,546.396408000001,7.125,3.31393163133201,4.51010760703859,7.0476019542496,5.77313930544291
544.586575000001,547.301314999997,8.77777777777778,4.29469957557504,1.26054549380688,4.50754797148239,3.79508610935605
545.491504999998,548.206212999998,9,3.90512483795333,0.95496460228529,5.18861172398555,4.14315214105701
546.396408000001,549.111121000002,9.14285714285714,5.7279598296011,1.38075211179118,4.76173756707887,3.56801734248507
547.301314999997,550.016033,12.1666666666667,6.76510655249913,1.8937470243876,3.82137038181644,2.91953078137528
548.206212999998,550.920929,11.8,4.96990945591567,1.46396192190688,3.20697447430823,2.4114108953536
549.111121000002,551.825856999996,11.5,6.13731754650732,1.59023399493,3.35258126777738,2.44043259082316
550.016033,552.730747000001,15,7.71362431027076,1.60171679049408,4.15598515631368,2.89953704732313
550.920929,553.635673999997,16,7.16472842006823,1.83872275130737,4.1684734069088,2.66563042762177
551.825856999996,554.540586000003,18,9.83192080250175,1.52649773874712,4.70240305500572,3.28615347226813
552.730747000001,555.445491999999,16,9.9247166206396,1.55774217933777,5.79007768733439,3.70391588897829
553.635673999997,556.350399000003,10.7142857142857,4.23140188409963,1.97315579879929,5.81431090397255,4.11159445318512
554.540586000003,557.255293000002,8.375,2.55999441963678,2.68964920172918,4.86200324712845,3.60174461145968
555.445491999999,558.160212000003,9,2.58198889747161,2.43474599172874,3.55452925482476,2.7446080465277
556.350399000003,559.065110999996,11.6666666666667,9.85224170768596,0.738156694816353,2.10406442164461,1.50780137998814
557.255293000002,559.970032999998,14,12.2678441463853,0.727006381031431,2.04810622705919,1.3847200443798
558.160212000003,560.874901999996,9.85714285714286,7.55928946018455,0.665049875959553,1.90823451878585,1.33339574259159
559.065110999996,561.779817000002,9.85714285714286,5.66946709513841,0.67731001054879,2.05512996156363,1.60941465923993
559.970032999998,562.684721999998,9.71428571428571,5.58910504804618,0.845434837273669,2.61985392962575,2.09533262111276
560.874901999996,563.589641999999,8.33333333333333,2.91547594742265,2.53115879573297,4.3871820233183,3.59240617126684
561.779817000002,564.494538999999,7.3,3.05686840482943,2.48463822036997,4.2698011793133,3.63268700263181
562.684721999998,565.399459,8.4,4.6475800154489,2.54131634630074,4.68130426441063,3.91401666300973
563.589641999999,566.304365999997,10.2857142857143,5.08967208224281,1.97705687871487,4.58714455093769,3.71506827041927
564.494538999999,567.209273,11.8571428571429,3.93397896234722,1.48957086222272,5.97399069462116,4.29476078627232
565.399459,568.114176000003,11.2857142857143,4.30945803685667,1.64376487324351,5.60230720053165,4.1694030289551
566.304365999997,569.019074999997,10.7142857142857,4.78589196542942,1.25248137410048,5.12802930389454,3.82710161247411
567.209273,569.924002,9.375,3.66206421103103,0.995108559889364,4.76413293085333,3.40252852308555
568.114176000003,570.828882000002,10.4285714285714,3.9940431835899,0.658273546266805,5.31436841934617,3.62020563753274
569.019074999997,571.733818000001,10.875,3.52288437018791,1.38213322738764,4.76326996841883,3.51692596219212
569.924002,572.638699999996,11.2857142857143,3.54562104171167,1.48033669774762,4.8999282397144,3.51730367977221
570.828882000002,573.54363,9.71428571428571,3.86066858261129,1.41799259938453,4.631870949596,3.43308446866894
571.733818000001,574.448513999996,9.75,4.16619044897648,0.661714262614686,4.85369246221093,3.39190135186133
572.638699999996,575.353390999997,9.25,3.80788655293195,0.546031246122208,4.76792647937059,3.34302731609443
573.54363,576.258330999997,8.44444444444444,3.43187671366233,0.515504059208833,5.18224075064397,3.47976037866622
574.448513999996,577.163234,9.125,3.75832409459323,0.509301799633314,5.18068650252394,3.42762946151897
575.353390999997,578.068160000003,8.66666666666667,3.90512483795333,0.603006546164301,5.06577840712787,3.5453856740829
576.258330999997,578.973084999998,10.4285714285714,3.04724700110022,0.623728802439733,5.04556868402591,3.32809317387863
577.163234,579.878014000002,9.25,3.41216311785605,0.797264700606457,5.0356163340586,3.51471539872445
578.068160000003,580.782911000002,9.125,3.87067731245358,0.720330509909572,5.09901993031353,3.5266888459731
578.973084999998,581.687864,7.63636363636364,3.17089032521553,0.851409313080129,5.12089597902954,3.69448847133194
579.878014000002,582.592814999996,8.33333333333333,3.8405728739343,0.776888278236393,5.13018132743886,3.53487863386295
580.782911000002,583.497717999999,9.5,4.27617987059879,0.727519994790365,5.05411233572482,3.46851644134832
581.687864,584.402655999998,13,3.16227766016838,0.528301637715081,5.22629575989657,3.51770685531935
582.592814999996,585.307622,12.3333333333333,3.98329846567724,0.474967954659642,5.30077083303502,3.66980434813011
583.497717999999,586.212543000001,12,3.74165738677394,0.379995465507543,5.40852274701927,3.845340935157
584.402655999998,587.117505000002,11.2857142857143,3.49829890633937,0.665327028241152,5.0802374385047,3.69077035087802
585.307622,588.022464000001,9.83333333333333,2.56255081250434,0.801713182344678,5.21309318195648,3.85422689844562
586.212543000001,588.927433999997,9.25,3.41216311785605,0.747313746754784,5.31963580000633,3.73917106678989
587.117505000002,589.832384000001,10.375,3.46152319898955,0.350910493161135,5.49615834056015,3.8441193280158
588.022464000001,590.737346000002,10.2857142857143,3.77334006393477,0.382419216985032,5.46496077905819,3.70311038327553
588.927433999997,591.642312999997,11.8333333333333,3.25064096243597,0.311373689176579,5.44242000694849,3.83123527773465
589.832384000001,592.547270999996,10,3.91578004149024,0.783046403806862,5.48577546056164,3.79125005388101
590.737346000002,593.452224000001,9,3.08220700148449,0.812646916795922,5.32699105210367,3.86128146511159
591.642312999997,594.357191999996,8,2.16024689946929,0.879770475326064,5.07311467732973,3.81747735732563
592.547270999996,595.262140999999,7.8,1.81352940116473,0.823512471651699,5.03764442580348,3.85929215930735
593.452224000001,596.167074999998,7.8,1.47572957474524,0.88177087661251,5.17626031575895,3.86267312571753
594.357191999996,597.071999,9,2.69258240356725,0.757960064277678,5.26193924518415,3.89016885100289
595.262140999999,597.976954999998,8.875,3.04431554587516,0.606199910107977,5.14456065411337,3.80234633871981
596.167074999998,598.881872999998,9.66666666666667,3.87298334620742,0.562655776461048,5.20829237256249,3.86300097973521
597.071999,599.786842000001,9,3.54562104171167,0.443041927765663,5.37505449614662,3.89336817941492
597.976954999998,600.691773999999,7.9,2.23358207570013,0.681683231889079,5.11536128049493,3.9178994895942
598.881872999998,601.596717,8,2.17944947177034,0.729454792437742,4.95907779517694,3.76421852346802
599.786842000001,602.501616000001,9.22222222222222,3.03223423311004,0.839163850869725,4.88256127946714,3.7859013018944
600.691773999999,603.406522999998,9,3.04138126514911,1.00316639387245,4.65224270002734,3.5626180964499
601.596717,604.311392999996,8,1.33333333333333,1.03303893777436,4.52110751334927,3.40574512883335
602.501616000001,605.216308000003,7.9,1.52388392675499,0.983409297757346,4.43262584304621,3.24475229407113
603.406522999998,606.121195,7.88888888888889,2.02758751009941,0.780507947159915,4.57592078917956,3.51578477324411
604.311392999996,607.026081999997,9.125,3.83359212376963,0.663759948082146,4.96011701022797,3.63818976887921
605.216308000003,607.930955999997,10,4.75093975666168,0.504657725161763,5.07959696953874,3.62564140937698
606.121195,608.835810999997,9.625,4.405759217855,0.981037527491694,4.76716963484787,3.48147991208978
607.026081999997,609.740659999996,9.25,3.57571171736681,0.99012854376168,4.75425793316374,3.43852277510493
607.930955999997,610.645528000001,8.88888888888889,2.89155859548291,0.953834614143192,4.77743598885684,3.50841534678704
608.835810999997,611.550360000001,9.11111111111111,2.61937227425029,0.600708492361679,5.09329836548664,3.65141307243436
609.740659999996,612.45523,7.9,1.28668393770792,0.837976223837842,4.88491639872346,3.66379881431791
610.645528000001,613.360076999998,7.8,1.54919333848297,1.06489937712228,4.69485177647651,3.61853495703295
611.550360000001,614.264877000001,9,3.1224989991992,1.07144325692618,4.80108602692215,3.59615229278117
612.45523,615.169737999997,9.11111111111111,3.10017920628971,0.956304314330706,5.0287854561594,3.71119822994776
613.360076999998,616.074593999998,9.75,3.69362384967083,0.73904844849172,5.00706367368123,3.70254724421084
614.264877000001,616.979399999997,8.66666666666667,2.73861278752583,0.778893923804424,4.71974071656153,3.5705521815997
615.169737999997,617.884266000001,8.22222222222222,2.22361067735439,0.704079654507433,4.63647670838005,3.47606799439308
616.074593999998,618.789099000001,9.22222222222222,3.38296385503074,0.556830534901284,4.66591578241961,3.40321947585443
616.979399999997,619.693963999998,9.375,4.1726148019814,0.890321975410282,4.39006061472213,3.29460506384657
617.884266000001,620.598798999999,8.55555555555556,4.30439052338165,1.07588454452707,3.89605724058445,2.97065561361288
618.789099000001,621.503672999999,7.77777777777778,3.34580998331412,1.00097408591284,3.43174900861533,2.69465592045262
619.693963999998,622.40855,8.75,3.65474251584744,0.707624081068828,3.32072913395038,2.3535805111815
620.598798999999,623.313447,12.3333333333333,5.08592829940284,0.711306680030806,2.85928853487016,1.99381615853184
621.503672999999,624.218313999998,15.6,4.03732584763727,0.592987736635244,2.2428785886828,1.61384754703698
622.40855,625.123186999997,15.8,3.56370593624109,0.646670696010636,2.22298282684141,1.569950025402
623.313447,626.028085999998,17,4.39696865275764,0.639507448321559,2.29064665888755,1.64613655074919
624.218313999998,626.932965,14.4,5.59464029227975,1.64724374816995,3.52669390379585,2.55805197261703
625.123186999997,627.837837999999,10.1666666666667,4.07021702943058,1.55224429689238,3.5536173525987,2.73838958226643
626.028085999998,628.742701000003,8.875,2.4164614034339,1.39502358381078,3.75023551508683,3.12933201304501
626.932965,629.647593000002,11.1428571428571,6.96248450455658,1.19492850707983,3.03741713515059,2.43592266832929
627.837837999999,630.552459999999,12.8333333333333,6.94022093788567,1.40962079032157,2.45216205471305,2.07577016303382
628.742701000003,631.457337,8.44444444444444,3.46810867444747,1.8922038552079,2.77135722915203,2.0648864311793
629.647593000002,632.362209999999,7.5,3.59783885748715,2.25667458319769,3.39781681887617,2.44458108968507
630.552459999999,633.267053999996,6.90909090909091,3.53424802340032,2.06916366762831,4.20967323571899,3.2372251542854
631.457337,634.171905999996,6.91666666666667,3.50216383328243,1.68595177008336,4.08051640508323,3.002004693024
632.362209999999,635.076735000002,6.69230769230769,3.30112645886762,1.50934837560376,3.94417751863222,3.12624692459163
633.267053999996,635.981587000002,5.71428571428571,3.24460668301607,1.90731756056883,4.29299527519202,3.14861590665723
634.171905999996,636.886404999997,5.125,2.98607881119482,2.01075425955455,4.06775741023105,3.16634948009458
635.076735000002,637.791213999997,4.76470588235294,2.10740989619681,2.04526610218321,4.08629002987885,3.17985352740032
635.981587000002,638.701104,5.57142857142857,2.44050075927953,2.33951355569361,4.45997068607849,3.67345426658943
636.886404999997,639.605932999999,6.07142857142857,2.49505004464334,2.31382687113147,5.35222277719183,4.28166854928439
637.791213999997,640.510761999998,6.15384615384615,2.73392739010365,3.41197419297056,6.7330655263909,5.37595322610374
638.701104,641.415578,6.15384615384615,2.54447616895089,3.59297437296406,6.38540371905692,5.23292339653379
639.605932999999,642.320353999996,6.61538461538462,3.17643567379281,4.37033255107522,7.19715923223743,5.80906415509864
640.510761999998,643.225185000003,6.16666666666667,2.91807325390428,4.57631531158778,8.02492182849834,6.12216751498338
641.415578,644.129983999999,5.83333333333333,1.85047086554812,4.53655808510827,9.27191875435227,6.44247562375622
642.320353999996,645.034793999999,6.23076923076923,2.31494586523624,4.50958457762281,8.95913103805443,6.36214573136247
643.225185000003,645.939590000002,6.38461538461539,2.84424745578573,5.14480077855412,7.89797215610393,6.05230263793617
644.129983999999,646.844385999997,5.25,2.84018778721877,4.30213648411252,7.61764471167002,6.28225980295836
645.034793999999,647.749189000002,5.85714285714286,3.13435413190275,4.01298429944458,7.26333734559662,5.84074794243867
645.939590000002,648.654006999997,5.57142857142857,2.76556533973646,3.22211364174019,6.06684279345881,4.75009249890953
646.844385999997,649.558792999997,8.1,2.64365067451978,2.90816874868486,2.96773924091458,2.87168930311388
647.749189000002,650.463608999999,5.71428571428571,3.09909593339664,1.92194325756226,3.00278201590398,2.15694927552775
648.654006999997,651.368446,5,3.3166247903554,3.05205933908955,4.55051634291926,3.97940812573612
649.558792999997,652.278287000001,4.75,2.97769485788364,2.85340152615781,4.60699326749752,4.04170755953578
650.463608999999,653.183098000001,8.11111111111111,6.47001631459389,3.68070246024789,4.51664788518195,3.58723171588246
651.368446,654.087936999997,10.125,6.57783073230508,0.823756341896436,1.80473101763901,1.19951340331062
652.278287000001,654.992762000002,7.3,3.77270901784558,1.79415457828116,2.40049566669531,1.59385570630305
653.183098000001,655.897607999999,5.5,2.65300990168931,2.36229807931747,3.28004387062065,2.65922417078498
654.087936999997,656.812518999999,5.25,2.11344899788631,2.15482064912793,3.84739109497051,3.12454562328271
654.992762000002,657.717391999999,6.75,5.31079518100119,2.56977212119203,5.07639941976603,3.74505458975699
655.897607999999,658.622238999997,9.22222222222222,6.11918658356194,2.60688956244401,5.26496817271742,3.79944972597444
656.812518999999,659.527104000001,8.6,6.1680178699842,3.74879708484911,5.19156947891723,4.22939353864438
657.717391999999,660.431981000002,6.33333333333333,3.14305390962164,3.36082833071544,4.63571191525347,4.30862390666099
658.622238999997,661.336836000002,5.53333333333333,2.58751581545661,4.65219680079265,6.61670831010865,5.92838190405157
659.527104000001,662.241697999998,5.78571428571429,2.86030045298019,6.6608206494873,8.45626553124057,7.71990485581856
660.431981000002,663.146605000002,6.33333333333333,2.93360880249235,7.0076133366746,8.79547046085359,7.38574018201317
661.336836000002,664.051477000001,9.33333333333333,5.45435605731786,7.57931625847418,6.5493672504131,5.96378932989117
662.241697999998,664.956342999998,9.875,5.40997755474615,1.96508779035199,4.08248548914542,2.86091569199887
663.146605000002,665.861240999999,7.81818181818182,4.21469291451185,2.24894268153074,4.19532478465267,3.26769849451506
664.051477000001,666.766124000002,5.92307692307692,2.05999751057853,2.62198670086445,4.3807911018054,3.54044822470571
664.956342999998,667.670993,5.83333333333333,2.36771210371122,2.66750655164797,4.04004630270296,3.06818935575284
665.861240999999,668.575873000002,7.63636363636364,4.63190516467527,2.66896090616486,3.1694721186716,2.58328250948546
666.766124000002,669.480750000002,8.1,4.653553003411,1.42815597316064,2.1134106100279,1.66110869664658
667.670993,670.385638,7.27272727272727,3.19658909123175,1.36490290649212,2.14975067791567,1.77811601683781
668.575873000002,671.290493,7.54545454545455,4.82418151324422,2.51648561941132,2.87975809739369,2.80102712426566
669.480750000002,672.195346,8.1,6.31488541287788,2.7792915046715,3.87923086651833,3.14000598720888
670.385638,673.100236999999,6.25,4.26667850377146,4.30595932383469,5.82400327194112,4.66012811193734
671.290493,674.005123000003,4.92857142857143,1.38476800135706,3.81978783422607,5.68752716364863,4.50583983137485
672.195346,674.909980999997,4.31578947368421,1.91638060412932,3.81205913883141,4.36680037462314,4.28125465065105
673.100236999999,675.814885,4.66666666666667,2.27518583597808,2.04374733946001,2.90867426925423,2.49224357273262
674.005123000003,676.719721000001,5.85714285714286,5.33287543821909,1.22215125052792,2.13955787583093,1.71467290786387
674.909980999997,677.624609999999,7.27272727272727,5.4238530417206,1.14220236002621,2.20497814388266,1.67071674574009
675.814885,678.529484999999,6.4,2.17050941281329,1.42151071546338,3.15815382314132,2.32374928775015
676.719721000001,679.434330999997,7.08333333333333,2.23437334445796,1.9532252294936,3.55407432880201,2.87704280069006
677.624609999999,680.339193,7.72727272727273,2.61116483933547,1.79370642625847,4.43625265358829,3.20822652729668
678.529484999999,681.244048,7.88888888888889,2.42097317438899,1.75714609703334,4.88779890196307,3.1764804558403
679.434330999997,682.148860000001,8.88888888888889,3.25747004761534,1.69877532747772,3.80729359789224,2.56219995603601
680.339193,683.053722999997,8.1,3.31494930412049,2.4436241717495,4.06464056968237,3.09104979250389
681.244048,683.958547000002,7.18181818181818,2.40075745622842,2.4441608139678,4.46018621295322,3.41331743610091
682.148860000001,684.863354000001,6.07692307692308,1.65637850251377,2.21266383894975,5.29977676032921,4.1403889391779
683.053722999997,685.768168000002,6.91666666666667,2.35326980770986,2.48921068478485,6.34594763780725,4.6066148660062
683.958547000002,686.672997000001,6.83333333333333,3.78593889720018,3.08128967409369,6.16210917439903,4.62863084868622
684.863354000001,687.577811999996,7.16666666666667,3.78593889720018,2.97111999808173,6.79978306332068,4.95862863320803
685.768168000002,688.482627999998,6.23076923076923,3.13990037405239,2.9741680935881,4.81989437027319,3.94940068193627
686.672997000001,689.387454999996,6.14285714285714,2.93145127767913,2.36313865150415,4.64767449789088,3.67681267129773
687.577811999996,690.292271999999,6.53846153846154,3.66550098020686,2.24524571656998,3.73741632079018,2.81646556597225
688.482627999998,691.197119999997,5.90909090909091,3.08073190831482,2.38536442241258,4.65182998899763,3.15907966592309
689.387454999996,692.101949999997,6.30769230769231,3.90266181352795,2.38736798942146,4.23680335060993,3.15789519654393
690.292271999999,693.006800000003,6.25,3.8405728739343,1.76279642518088,3.73743523698575,2.77855745201251
691.197119999997,693.911660999998,6.18181818181818,3.18804585344006,1.69686970659352,4.0376680299261,2.67826837975742
692.101949999997,694.816530999997,7.09090909090909,3.72705099118715,1.98161391243997,4.88893542329386,2.95061630145171
693.006800000003,695.721356000002,5.92857142857143,3.42983035494997,2.22472690984879,4.07443098643513,2.90055340209929
693.911660999998,696.626213999996,4.70588235294118,1.61108293867638,1.95768555695979,3.6225473261663,2.76824943066353
694.816530999997,697.531090999997,5.11764705882353,2.82582627166764,1.2389113051338,2.6154418691554,2.08476098744182
695.721356000002,698.435938000002,4.83333333333333,2.7493314695416,1.33623423286755,2.55467127876706,2.02758582215783
696.626213999996,699.340791000002,4,1.64495664165995,1.0732906476445,2.05348762929252,1.65811494552944
697.531090999997,700.245648999997,4.76470588235294,2.56245516460059,0.769033047971227,2.07744959968288,1.48139380183646
698.435938000002,701.150500999996,5.46666666666667,2.79965984328369,0.976728635385574,2.44495710280096,2.0128371287457
699.340791000002,702.055306000002,6.75,3.10790780254031,1.84553074232722,3.55500163977322,2.84782957422899
700.245648999997,702.960161999996,6.15384615384615,2.73392739010365,2.95145862811446,4.93290260864041,4.12951518493084
701.150500999996,703.864980999999,6.15384615384615,3.18449770623652,2.9522799921512,5.12857845175482,4.15762028203218
702.055306000002,704.769776000001,6.81818181818182,3.81623326902803,3.2875988443978,4.41247666720524,3.64075643372754
702.960161999996,705.674583,8.22222222222222,4.38114647603164,1.84077541500031,2.5022512841647,1.91443214450494
703.864980999999,706.579401000003,8.57142857142857,3.20713490294909,0.791205574300942,1.66638137011301,1.2096590821808
704.769776000001,707.484186000002,8.33333333333333,3.16227766016838,0.774935489100279,1.78197895924957,1.2985655188511
705.674583,708.389014,7.45454545454545,3.53167485376659,0.909928744494797,2.08163537209097,1.75950542215681
706.579401000003,709.293789999996,5.85714285714286,2.6269942712345,3.27691293165992,4.0671239094836,3.28454246451366
707.484186000002,710.198585999999,5.4,2.16465107712866,3.07469878138516,4.62089406269696,3.72270024937544
708.389014,711.103375999999,5.46666666666667,1.99523241276609,2.77355085740758,4.56246535717209,3.77991823010213
709.293789999996,712.008168,4.875,2.18708329364323,1.42555004920559,3.31396690783407,2.80566912731401
710.198585999999,712.912933,5.13333333333333,2.47463320995446,1.88773626133519,3.65519555838022,3.00592426255178
711.103375999999,713.817732999996,7,2.89827534923789,2.25259087380459,5.07946526337225,3.47458403851261
712.008168,714.722512,8.2,3.70585122924995,3.35189524969991,5.50738333280804,3.75466653501945
712.912933,715.627329000003,7.27272727272727,3.84943915631639,3.70608325261712,4.68721694908496,3.5561059272822
713.817732999996,716.532114000001,6.5,2.96954235837474,3.85456723872046,3.86545125986607,3.64484380487147
714.722512,717.436893999999,6,3.13785816221094,3.15520835354843,4.59698784855858,3.90393512581194
715.627329000003,718.341661999999,6.23076923076923,3.41940165706044,2.63514050566627,4.97862220551782,3.75142362282182
716.532114000001,719.246419000003,7.81818181818182,8.21971023598985,1.98137081801437,4.94193475530367,3.17108663038491
717.436893999999,720.151209999996,12,9.66091783079296,1.96706460527303,4.62486962552757,2.70886370463024
718.341661999999,721.056003999998,7.625,4.50198368975912,3.04370058230392,5.00878225807364,3.29668134481985
719.246419000003,721.960759000001,7.3,4.64399253516483,3.10543608386498,5.56960600681841,4.01827208326489
720.151209999996,722.865555999997,6.75,4.35107092355643,3.14969611256256,4.93243990752546,4.09404457312718
721.056003999998,723.770352,6.81818181818182,4.53471458458373,2.48238645174765,5.46916754585958,4.04519689346779
721.960759000001,724.675090999997,6.41666666666667,3.11764285473769,2.58269096817317,3.99177909928548,3.18866498713668
722.865555999997,725.579896999996,6.8,2.89827534923789,2.73912947374563,3.06292932365501,2.40486426059722
723.770352,726.484651999999,9.5,5.42481072744215,0.486056114262973,1.242888076274,0.980393287303765
724.675090999997,727.389426000002,10.25,5.20302110042123,1.09205249712843,1.87041047983863,1.28798723210655
725.579896999996,728.294197000003,9.875,4.76407688554966,1.30238479702683,2.54541345642942,2.05157236903746
726.484651999999,729.198997,10.75,5.28474894659826,1.71823035025892,2.94608628247371,2.39803809791255
727.389426000002,730.103741999999,10,5.45108115095397,1.76816205568411,2.48957333438316,2.21313232459593
728.294197000003,731.008526999998,8.25,3.95510519997347,1.50962151038882,1.96136850315988,1.56736830338958
729.198997,731.913290999997,9.625,3.62284418654736,2.56125435101488,2.61572968737753,2.37408504878557
730.103741999999,732.818052000002,8.88888888888889,4.31405970184826,4.17627723176,4.46023554257496,3.43656295387725
731.008526999998,733.722846999997,7.27272727272727,3.66308364881036,3.95071214696605,4.00751982073722,3.45351593477745
731.913290999997,734.6276,5.375,3.5,3.14175379578517,2.80132133260879,2.72432666182914
732.818052000002,735.532384999999,5.53333333333333,3.68135585788456,0.681680282467277,1.68220558683373,1.05728450821133
733.722846999997,736.437153999999,5.33333333333333,4.13463881073524,0.528003614010342,1.81210745015895,1.15558972969838
734.6276,737.341955999997,7.5,6.55320108377917,4.7224396517738,3.48972058422386,4.26980431173297
735.532384999999,738.246784999996,6.9,6.34997812769636,7.26320760362393,7.22012207047285,6.14625976066714
736.437153999999,739.151595999996,11.2857142857143,9.74190750853045,7.33052933609302,9.56917406189805,6.26052051648905
737.341955999997,740.056392999999,10.125,7.67998325891033,7.11274953668567,6.54142421891672,4.97382783062091
738.246784999996,740.961197999997,10.125,5.19443383412888,1.0913992453838,1.86095207648237,1.57818965081409
739.151595999996,741.865983999996,11.1428571428571,6.76827332556272,0.241993432413225,1.33125763092292,0.879576998774658
740.056392999999,742.770791999996,11.1428571428571,6.91444313083301,0.30171410370122,1.12658876168083,0.702872602092302
740.961197999997,743.675568999999,12.5,6.557438524302,0.198809598275066,0.941187804236848,0.55166729257642
741.865983999996,744.580353999998,21.3333333333333,11.6761865920913,0.42247823731856,0.937157374480381,0.644305145362795
742.770791999996,745.485133000002,14,7.16472842006823,0.348898677581754,1.31778956564896,0.820056474204025
743.675568999999,746.389946999996,13.5,6.75771164423776,0.145558416474717,1.41225745345335,0.940929257948849
744.580353999998,747.294719999998,19.3333333333333,10.6926766215636,0.238183583635632,1.26091024062873,0.851982940849132
745.485133000002,748.199482999997,17,7.07106781186548,0.231307270100402,1.22352934863139,0.81210106523694
746.389946999996,749.104259,20,11.3137084989848,0.0528241487332117,1.3447637266289,0.76870581122171
747.294719999998,750.009041999998,17,8.86942313043338,0.950685032512027,1.76408976811413,0.970667824783708
748.199482999997,750.913814,15.2,6.37965516309463,0.983326724323655,1.4953066904428,0.894581010689213
749.104259,751.818561,12.6666666666667,7.11805216802087,0.943384279748322,1.54270959317743,1.06378959455868
750.009041999998,752.723358000003,11.25,6.23832242407097,0.506017680083914,1.20256189831161,0.99915108405867
750.913814,753.628120000001,21,15.7691682300198,0.50076897985957,1.58308292822932,1.10824951013386
751.818561,754.532905,13.3333333333333,8.62167810425171,0.403820757135305,1.63040510194562,1.0025927985789
752.723358000003,755.437673,20.75,6.65206734782504,0.387856056809597,1.38039377947021,0.905115103043432
753.628120000001,756.34246,16.6666666666667,13.5030860670194,0.300928271360931,1.34975319321707,0.777549577968018
754.532905,757.247210000001,13,6.20483682299543,0.263618427076683,1.26049998403333,0.763829596123394
755.437673,758.151958000002,13.5,4.03732584763727,0.240666838993662,1.28686664146873,0.843827722364901
756.34246,759.056771999996,9,3.74165738677394,0.224346951215933,1.30351321995087,0.909587333206385
757.247210000001,759.961528,8,2.74873708374511,0.174286126524651,1.29376594505018,0.962562641189449
758.151958000002,760.866301000002,8.1,2.18326971917504,0.192975563747508,1.35010462348613,0.983783742815787
759.056771999996,761.771124999999,8.44444444444444,2.92023591132254,0.196660952797732,1.29398275691773,0.949035839081021
759.961528,762.675913999999,7.7,2.79085809185793,0.420986446746627,1.40973150663436,1.01962669408533
760.866301000002,763.580730000001,7.36363636363636,2.65603943015639,0.429249220445001,1.46043500109538,1.0588782665511
761.771124999999,764.485514,7.5,2.71825107171668,0.378255691067191,1.59014636577462,1.12357451842939
762.675913999999,765.390339999998,6.75,1.95982373975546,0.232127063985952,1.44037474766631,1.21157664184739
763.580730000001,766.295156,6.33333333333333,1.07308673997732,0.529997235384347,1.63358505595265,1.2724738901549
764.485514,767.199972000002,6.38461538461539,1.12089707663561,0.507710255463908,1.6532031276187,1.30158464656949
765.390339999998,768.104785999996,6.30769230769231,1.25064086135971,0.23515335871824,1.61002468521227,1.24884808741681
766.295156,769.009658000003,6.30769230769231,1.84321347039237,0.280560532277473,1.73520640388302,1.25317587082564
767.199972000002,769.914489000003,6.38461538461539,1.60926802918084,0.744223741592523,2.04472872856737,1.56719186992367
768.104785999996,770.819334,6.30769230769231,1.79743406854583,0.836023373648866,2.2664290832937,1.68746732710042
769.009658000003,771.72423,6.23076923076923,1.23516841994969,0.897831303796591,2.15678503435228,1.65109139541577
769.914489000003,772.629071999996,6.38461538461539,1.04390784542678,0.477130659608172,1.82000530668696,1.46179830301149
770.819334,773.533918000001,6.30769230769231,0.85485041426511,0.34394874822403,1.72993962687512,1.31636577077704
771.72423,774.438808999999,8.2,5.95911999468975,0.349001552054646,1.75829608485194,1.22772592103477
772.629071999996,775.343677999997,8,6,0.382535133848029,1.63385532886558,1.1724439165687
773.533918000001,776.248513999999,6.09090909090909,0.301511344577764,0.210605983243567,1.58794083318034,1.12515654867052
774.438808999999,777.153415000001,6,0.392232270276368,0.295653388724858,1.65012639310393,1.25211740193259
775.343677999997,778.058242999999,6.53846153846154,1.45002210416397,0.35108225042376,1.78344055207878,1.32451215516873
776.248513999999,778.963102000002,6.38461538461539,1.80455264717055,0.4273707878459,1.89423657726978,1.40679546631406
777.153415000001,779.867985999997,6.66666666666667,2.3094010767585,0.383448320034622,1.9863450277197,1.43681200943669
778.058242999999,780.772826,7.08333333333333,2.35326980770986,0.369430426995674,1.91943754111163,1.3924536377745
778.963102000002,781.677680000001,6.90909090909091,2.11917651244749,0.290513161446736,1.83325668263696,1.32553104608502
779.867985999997,782.582557000002,7,2.0976176963403,0.379225462128597,1.85504569903585,1.37845952686858
780.772826,783.487396999997,6.66666666666667,1.87487373312218,0.399029027225325,1.81408404252584,1.35982612010707
781.677680000001,784.392257,8.5,4.0355562548073,0.540792512625465,1.76454718930506,1.21555846534341
782.582557000002,785.297137000001,11.8571428571429,5.42919795883245,2.23579237134655,2.16908239108929,1.67931004870164
783.487396999997,786.201982999999,13.25,4.78713553878169,2.82599503321662,2.77153722116737,2.03343636082162
784.392257,787.106829999997,11.1666666666667,7.19490560512552,2.43160958682433,2.32537474267723,2.04450161295263
785.297137000001,788.011709999999,11.4285714285714,6.80336051416609,0.976396918060417,1.77122433066462,1.74178946103698
786.201982999999,788.916553999996,7.5,4.41588043316392,0.903058876873953,1.79246541917355,1.00728625530719
787.106829999997,789.821454999998,11.1666666666667,7.3869253865642,0.953381065869888,1.74074896016348,0.987084531191147
788.011709999999,790.726308999998,13.3333333333333,6.47044563122716,0.580292165123078,1.42390025422383,0.850149528382865
788.916553999996,791.631125,10.125,2.90012315009454,0.461852101114229,1.2494741462226,0.834199540142952
789.821454999998,792.535964000002,8,2.56347977784662,0.387870193344641,1.37978907442041,0.873084724761829
790.726308999998,793.440781999998,8.11111111111111,5.23078494215841,0.296492876435552,1.22000946017931,0.844267258578552
791.631125,794.345598,10.125,7.23952445162763,0.324029033894265,1.19501404129702,0.781807145706447
792.535964000002,795.250429,10.8571428571429,8.68770340632036,0.33969387536236,1.09883825276581,0.725154608808994
793.440781999998,796.155222000001,15.25,9.06917857360853,0.214885754698927,0.98474190215287,0.646089084422072
794.345598,797.060029,23,1.4142135623731,0.167152920187867,0.994241009092261,0.616204529353148
795.250429,797.964837,19.6666666666667,5.13160143944688,0.183614471173925,1.02103522720542,0.612160788127223
796.155222000001,798.869634000002,18.5,13.0256157883866,0.254811861586973,1.13476613700486,0.660047068925903
797.060029,799.774434999999,15.75,13.5984067694222,0.196357794827276,1.22127848245254,0.668530463093717
797.964837,800.679270000001,9.75,4.57347424467075,0.287254537790312,1.14126188961322,0.609582342007398
798.869634000002,801.584086000003,14.2,10.5688220724923,0.215936474862881,0.959718821297161,0.569398035622829
799.774434999999,802.488914000001,18,15.6204993518133,0.367619078518633,1.04464175933957,0.603353851769738
800.679270000001,803.393710999997,17.75,13.5246688191122,0.292497386133837,1.08000072835254,0.636364927376924
801.584086000003,804.298569999999,13.5,9.19238815542512,0.338638623028899,1.20265820171049,0.60225842303763
802.488914000001,805.203405,21,20.0748598998847,0.137706271781916,0.974813955790419,0.531244529679134
803.393710999997,806.108200000002,12.3333333333333,3.51188458428425,0.168729712607048,0.909435671769774,0.529622444767398
804.298569999999,807.013036999997,12.8,4.08656334834051,0.147841275662504,0.953381639018085,0.570207916088149
805.203405,807.917886999996,13.5,5.19615242270663,0.123624890266885,0.940732792073506,0.541533786611711
806.108200000002,808.822715000002,12.8333333333333,8.47152091815081,0.113815418042897,0.93807754247112,0.571982895652625
807.013036999997,809.727590000002,16.2,12.1531888819355,0.0877745886882471,0.940469345967637,0.525952607735584
807.917886999996,810.632436,13,10.8857705285386,0.140752820701589,1.00911188427767,0.574625751862015
808.822715000002,811.537276000003,13.25,4.3493294502333,0.189017720341024,0.979464276204553,0.525435046133958
809.727590000002,812.44212,13,5.65685424949238,0.318299768508023,1.11175327507179,0.59661749788174
810.632436,813.346981000002,12.8,5.11859355682789,0.312495396183763,1.06287262293615,0.599019698482625
811.537276000003,814.251820999998,15.4,6.10737259384099,0.260433704013333,1.15004205875807,0.63406233211913
812.44212,815.156658,12.3333333333333,7.55424825291482,0.268734166011277,1.17329075375342,0.649480476154808
813.346981000002,816.061524999997,10.2857142857143,6.23736818736572,0.328574885385441,1.15758405795395,0.681865560020552
814.251820999998,816.966393000002,10.8571428571429,6.98638131005772,0.380181657463945,1.17585811994656,0.678225398466155
815.156658,817.871249999997,19.5,5.19615242270663,0.358517647428476,1.15627472030295,0.622936971298791
816.061524999997,818.776114,19.6666666666667,6.02771377334171,0.311427087636612,1.13596477542935,0.581255418668146
816.966393000002,819.680938999998,17,3.46410161513775,0.0720438119012827,1.07179912565718,0.547227487512532
817.871249999997,820.585785000003,15.6,5.54977477020464,0.0450334678113727,1.02092322157992,0.574921730566482
818.776114,821.490640999997,14,5.8309518948453,0.175496127608837,1.06986440166176,0.587273282460406
819.680938999998,822.395455999998,13,5.59761854124889,0.229209677783991,1.02454263936135,0.573882128741983
820.585785000003,823.300309999999,15.6,9.28977932999487,0.273142892849782,1.22506126008847,0.633474238486444
821.490640999997,824.205158999997,18.25,9.39414711402797,0.340535634288174,1.14623593477057,0.584791648763732
822.395455999998,825.109967999997,11.8,7.91833315793166,0.283597826982055,1.09341702890896,0.643395324212144
823.300309999999,826.014817000003,15.5,11.5036226178249,0.198718656432605,0.983398997053638,0.546919747430497
824.205158999997,826.919678999999,17,12.9357386079548,0.152561121536475,1.06582637937622,0.5883864768673
825.109967999997,827.824498000002,18,11.13552872566,0.185092869018313,0.990816911855461,0.538281744825492
826.014817000003,828.729304,22.3333333333333,17.6162803489651,0.156143414077811,0.956326759878679,0.55501062565674
826.919678999999,829.634120000002,24,15.1327459504216,0.140250604306752,0.937663595654731,0.557314223578236
827.824498000002,830.538955999997,14.3333333333333,4.04145188432738,0.129573703475342,0.948466002676434,0.59079949268693
828.729304,831.443740000002,19.25,5.43905629069357,0.17374170142283,0.986440936405994,0.558731253288679
829.634120000002,832.348538999999,16.3333333333333,9.8657657246325,0.179798703595791,0.998806710010749,0.555510257932032
830.538955999997,833.253339000003,18.3333333333333,11.7189305541646,0.0910167698250409,0.913286327507921,0.523388152756317
831.443740000002,834.158148000002,20.6666666666667,8.50490054811538,0.075041593017844,0.940928232078049,0.519813763765595
832.348538999999,835.062917000003,14.75,7.41057802513857,0.0862162004303603,0.966240911634862,0.538695920902444
833.253339000003,835.967745000002,13.2,5.21536192416212,0.179353082642871,0.986459112307665,0.553907263709368
834.158148000002,836.872549,13,6.59545297913646,0.181203637821435,1.02998986902069,0.621620118498309
835.062917000003,837.777319000001,13.75,5.85234995535981,0.252194613000356,1.24754420605378,0.668629887625443
835.967745000002,838.682104,13,4.89897948556636,0.275541549229636,1.16803369392665,0.675818279240786
836.872549,839.586902000003,15,4.18330013267038,0.289977697651385,1.09280134561463,0.638751742956452
837.777319000001,840.491685000001,12.6,4.56070170039655,0.212665460423162,0.982723983967306,0.576459030044184
838.682104,841.396488999999,15,10.4403065089106,0.242863104226973,0.951408332930267,0.551037197711767
839.586902000003,842.301221000002,13.25,12.5266382827424,0.273641111825786,0.928593196195762,0.523421414099317
840.491685000001,843.206022999999,17.6666666666667,14.5716619962629,0.0493708085714423,0.900461931986182,0.520983443840166
841.396488999999,844.110825999996,17.3333333333333,10.2143689640297,0.0688684969088949,0.942768993271324,0.539088118928297
842.301221000002,845.015566000002,16.75,8.73212459828649,0.0613820507141783,0.934518518881687,0.525852836168391
843.206022999999,845.920374000001,11,3.03315017762062,0.177696596668655,0.914636796820132,0.504269123385058
844.110825999996,846.825120000001,10.8,2.48997991959775,0.20324937452221,0.850548032476422,0.452364823034871
845.015566000002,847.729919999998,15.5,11.7331439378654,0.231894912446058,1.000130422553,0.502389049876918
845.920374000001,848.634675000001,16,11.3357840487546,0.207965371095769,0.907266613201482,0.538524455256501
846.825120000001,849.539435999999,9.83333333333333,7.25028735062733,0.170223898492934,0.918753712569947,0.564302050105492
847.729919999998,850.444175999997,13.2,10.3295692068934,0.114501013178955,0.85278301544546,0.554605249970342
848.634675000001,851.348954000001,18.75,8.53912563829967,0.207068300803271,0.997052430100865,0.580129795428604
849.539435999999,852.253702000002,13.8333333333333,5.26940856896357,0.344581721109354,1.23116096239089,0.693896409058572
850.444175999997,853.158466000001,13,5.95818764390649,0.292734858150309,1.32637456667587,0.727840380752445
851.348954000001,854.063219999996,12.4,8.29457654133109,0.359214110084231,1.29345949210694,0.699287208763845
852.253702000002,854.967959000001,16.25,12.9967944765879,0.21987102163915,1.07890888702564,0.573616573706512
853.158466000001,855.872708000003,15.75,11.7011395456454,0.249748253448467,1.03215031026029,0.551785219681573
854.063219999996,856.777455999996,14.6666666666667,2.51661147842358,0.163488742908289,1.00102195953237,0.536622983792008
854.967959000001,857.682210999999,15.25,9.28708781050335,0.160312622697662,0.981660201670391,0.552256201648005
855.872708000003,858.586949999997,23,15.1327459504216,0.167213637728985,0.898349612743826,0.477027506682427
856.777455999996,859.491709000002,26.6666666666667,18.0092568789868,1.2105675402501,1.46370425220518,0.76812274421011
857.682210999999,860.396440999997,12.5,12.0208152801713,0.609006309949117,2.67768891292975,0.991333891537375
858.586949999997,861.301158000002,17.6666666666667,12.3423390543824,1.04722017005196,2.21687144340998,0.996405388344766
859.491709000002,862.205906999996,16,16.9705627484771,0.955137717215157,1.86741542137991,0.769693181376498
860.396440999997,863.110642,55,0,0.0168787065170774,0.822483987014783,0.385339488394552
861.301158000002,864.015379999997,18,0,0.0918889083221679,0.745573668988466,0.369667044822121
862.205906999996,864.920091,16.5,10.6614570611463,0.659379229526957,1.12675620991473,0.543971503700658
863.110642,865.824842000002,12,7.07106781186548,0.661431552896238,1.13676351308314,0.543636227738084
864.015379999997,866.729569999996,10.6666666666667,8.02080627701064,0.693860731515638,1.26038362723304,0.52625173895195
864.920091,867.634293999996,54,0,0.167280702904937,0.720530147369277,0.368231944546753
865.824842000002,868.539020999997,15,14.142135623731,0.99550228617865,1.7101023254754,0.634536743043178
866.729569999996,869.443757000001,12,9.01110426085505,0.953421080280881,1.90426083367822,1.0472041014487
867.634293999996,870.348460000001,8.66666666666667,6.62319157707722,0.990320339942715,1.87743668853811,1.0492888133623
868.539020999997,871.253198999999,10.5714285714286,10.1957040439776,0.89049014312024,1.57948244129962,0.976652919147299
869.443757000001,872.157933000002,7.5,0.707106781186548,0.336733249364842,1.26176474010045,0.478574759885461
870.348460000001,873.062665999998,20.5,23.7276210354093,0.376095676625316,1.13439968061232,0.521816114168367
871.253198999999,873.967340000003,9.66666666666667,1.52752523165195,0.289280581732276,0.952544289290031,0.459434749765653
872.157933000002,874.872083000002,12.75,8.92094912738176,0.224643396362934,1.00567573824751,0.500168036443357
873.062665999998,875.776815999998,16,7.96868872525461,0.198698991331686,0.980191775727551,0.548018147615628
873.967340000003,876.681539999998,10.1428571428571,6.30947888573405,0.214524376650681,0.897629096156032,0.559764960617818
874.872083000002,877.586231000001,9.28571428571429,3.90360029179413,0.518073468247082,1.04453791381929,0.699445968790458
875.776815999998,878.490958000002,14.1666666666667,11.3387242080697,0.56892596088583,0.96194569293696,0.633809949641138
876.681539999998,879.395660000002,22,14.1067359796659,0.734656860995853,1.13513720645273,0.596375051604696
877.586231000001,880.300394999998,13.3333333333333,5.85946527708231,0.0341220023718658,0.76707384185772,0.374052253549708
878.490958000002,881.205105000001,16.25,13.8894444333338,0.242855435805656,0.951070441706412,0.51480591753991
879.395660000002,882.109806,10.4,5.02991053598372,0.38755026228143,1.24229981717688,0.658955113644795
880.300394999998,883.014532000001,8.77777777777778,4.52155332208351,0.37807920219852,1.36857052036563,0.844940571728226
881.205105000001,883.919224999998,9.25,4.65218842512394,0.376138477921336,1.39894269403371,0.831490219551228
882.109806,884.823909999999,11.5714285714286,4.85994317035165,0.363787939497198,1.2945618642058,0.744439605402284
883.014532000001,885.728633999999,12.5,4.43471156521669,0.192506222655608,0.970609573985468,0.573498177598001
883.919224999998,886.633325000003,14.4,7.43639697703128,0.180089258473833,0.979500558624063,0.548206727055363
884.823909999999,887.538022000001,8.83333333333333,4.70814896394184,0.646491134400655,1.53155715943079,0.830613128616785
885.728633999999,888.442717999998,8,3.42782730020052,0.566149406251403,1.47705603135058,0.974433702660739
886.633325000003,889.347427000001,7.3,3.49761823721991,0.506546683176808,1.51075159901948,0.959977640685764
887.538022000001,890.252121999998,8.57142857142857,4.27617987059879,0.29481703088598,1.22517598758446,0.78466383953718
888.442717999998,891.156819999997,8.625,4.20671232335045,0.369653888201544,1.20946112298523,0.756694785034839
889.347427000001,892.061516000002,8.33333333333333,4.18330013267038,0.588358560866999,1.47310216749733,0.954176767333699
890.252121999998,892.966193,6.75,3.76889180722205,0.463234583314905,1.63095964537462,1.07132229154699
891.156819999997,893.870881000003,5.92307692307692,3.0403272428457,0.481606268799827,1.52543510839011,1.03903454975984
892.061516000002,894.775588999997,6.83333333333333,4.95127776590564,0.376823957067014,1.31085610677712,0.851687941861584
892.966193,895.680251999998,7.72727272727273,4.7977267344214,0.486444039162786,1.29038572965138,0.848741635205241
893.870881000003,896.584951999997,7.33333333333333,3.20156211871642,0.552887773209976,1.48800078817487,0.9850330550929
894.775588999997,897.489665000001,8,3.65148371670111,0.532259057988632,1.66417010390579,1.08529593512404
895.680251999998,898.394321,7.63636363636364,3.69520573913625,0.488437559265129,1.71260345926763,1.1282909101284
896.584951999997,899.299004,8.77777777777778,5.42627353203324,0.521650436507727,1.5811513203418,1.00854101510804
897.489665000001,900.203675999997,8.33333333333333,4.82182538049648,0.522789530614496,1.49407873918735,0.901900983817614
898.394321,901.108354999997,10.4285714285714,5.25538272812244,0.403216821773204,1.08289776536013,0.677085363819275
899.299004,902.013030000002,9.22222222222222,3.52766841475279,0.279984627243216,1.07769430504337,0.680242175063908
900.203675999997,902.917713000003,9.28571428571429,2.98408476836063,0.285520888221754,1.13302933924643,0.707984367894268
901.108354999997,903.822403999999,8.66666666666667,3.24037034920393,0.280230016384513,1.05426321767165,0.6908734304844
902.013030000002,904.727067,8.42857142857143,3.40867241298539,0.286337535004734,0.974296059968051,0.615496966344604
902.917713000003,905.631711000002,8,2.94392028877595,0.0618686532330682,0.856609973100996,0.513406885773935
903.822403999999,906.536408,25.6666666666667,29.8384539367128,0.174291546616712,1.01389858247398,0.576459291912115
904.727067,907.441068,10.4,9.18150314491042,0.764285669183333,1.54082760961188,0.738716492445673
905.631711000002,908.345721999998,9.11111111111111,7.1840873540841,1.28578864738361,1.96133279505754,1.302126023586
906.536408,909.250408,7.875,5.61725657492796,1.27207818078214,2.12197960711606,1.31236674041399
907.441068,910.155083999998,7.2,5.57374799095426,1.15409099699023,1.92495595206417,1.34363881396144
908.345721999998,911.059724999999,7.22222222222222,4.68448977418507,0.554548460920601,1.63990385504272,0.976065933856291
909.250408,911.964415000002,8,4.27617987059879,0.58041366539931,1.66697434657878,0.97173546890009
910.155083999998,912.869064999999,9.57142857142857,4.50396650583841,0.647426411751575,1.69829486855803,0.960492605678443
911.059724999999,913.773697999997,12.3333333333333,4.67618077780005,0.90476737624955,1.74821057530478,1.02715263855795
911.964415000002,914.678360999998,11.5714285714286,6.39940473422184,0.851524250662223,1.81312291853315,1.04324604061234
912.869064999999,915.583040999998,11.4285714285714,5.06152621439894,0.83583321625016,1.57676595550958,0.930232555775921
913.773697999997,916.487690000002,13.8333333333333,4.9564772436345,0.361022614383801,1.32294501887158,0.827457706653166
914.678360999998,917.392350000002,11.4285714285714,4.31497944595888,0.374122684969454,1.31099726956817,0.760262481431643
915.583040999998,918.296986000001,11.2857142857143,5.02375310282017,0.380510935770965,1.38835049453104,0.817979884390907
916.487690000002,919.201650000003,10.8571428571429,3.71611676478603,0.32118469029525,1.24135771214253,0.746858651008698
917.392350000002,920.106325000001,10.8,3.89871773792359,0.368660420124194,1.18927981432198,0.687502803050343
918.296986000001,921.010958999999,13.6,9.52890339965728,0.14846656924173,0.961815864265616,0.615865001856732
919.201650000003,921.915623000001,19.3333333333333,18.0092568789868,0.192524681807398,1.0112309123482,0.548094316439759
920.106325000001,922.820285000002,19.5,15.0222057856583,0.168228935165812,1.05583945054777,0.583865432966531
921.010958999999,923.724948000003,11,8.66025403784439,0.0809933031575032,1.120410583704,0.519252998111704
921.915623000001,924.629563000002,16.6,8.08084154033477,0.181513550580455,1.07186303156989,0.605520433281133
922.820285000002,925.534219000001,12.2,2.94957624075052,0.351190577551673,1.16433389604129,0.717693299169697
923.724948000003,926.438870999998,11.1666666666667,1.16904519445001,0.304853394647285,1.16405237934458,0.730976330214309
924.629563000002,927.343522000003,14.8,8.5848704125339,0.317618562053813,1.12977094198027,0.698636816158983
925.534219000001,928.248143999997,16.3333333333333,11.9303534454489,0.187692337538003,1.08655441990769,0.56271136102319
926.438870999998,929.152811,16.25,11.3247516529061,0.184332286181583,1.07720972343302,0.550875574664151
927.343522000003,930.057478000002,13.6666666666667,7.50555349946513,0.154084329870865,0.948267512005246,0.493772139906575
928.248143999997,930.962092000002,25.3333333333333,14.0118997046558,0.159379526665141,0.826444407591502,0.436498147340067
929.152811,931.866751000001,23,15.6204993518133,0.25724784684843,0.923044947657078,0.494412750193453
930.057478000002,932.771414000003,15.6666666666667,3.78593889720018,0.160119349817554,1.006071780664,0.555578919738742
930.962092000002,933.676027000001,16.2,2.86356421265527,0.184722883899736,1.01226884725316,0.612729924769072
931.866751000001,934.580673999997,18.25,4.78713553878169,0.200833180606871,0.994001312299393,0.566099414765342
932.771414000003,935.485329000003,19.75,7.41057802513857,0.204139221659668,1.0210341785531,0.54933664267214
933.676027000001,936.389962000001,15.5,8.22597511950204,0.20754660268601,1.08341478556335,0.587098591204263
934.580673999997,937.294606999996,14,7.87400787401181,0.217870085705521,1.13954121319222,0.649342835574982
935.485329000003,938.199246999997,14.6,8.47348806572594,0.20504532089824,1.18120802388479,0.664525004246238
936.389962000001,939.103874,16.8,8.98331787259028,0.199988866840306,1.13253778239253,0.614759804399746
937.294606999996,940.008518000002,16.75,7.5,0.178603269894022,1.07230468069523,0.5804626468507
938.199246999997,940.913157000003,17.25,5.56027577253743,0.134299369447899,1.07799205539182,0.585928680852041
939.103874,941.817789000001,13.8,5.76194411635517,0.291534696275259,1.12472418616354,0.644135463962595
940.008518000002,942.722420999999,10.75,2.87228132326901,0.322238673224946,1.19529851474386,0.671663964695166
940.913157000003,943.627059999999,12.4,6.73052746818554,0.337062883378743,1.14523362406728,0.647012580399617
941.817789000001,944.531695999998,13.5,6.8044103344816,0.213090346414037,1.05067834220205,0.595166627552586
942.722420999999,945.436338,10.6666666666667,4.54606056566195,0.105501929971246,0.9653358902202,0.592479933847981
943.627059999999,946.340971999998,11.6666666666667,5.24086506854228,0.154346172399926,1.05812558944401,0.609391789165116
944.531695999998,947.245622000002,16.25,7.32006375199925,0.111042466294689,1.1419420646877,0.651501235106474
945.436338,948.150263999996,18.5,10.785793124909,0.108391920852543,1.14365464464027,0.670133550983209
946.340971999998,949.054898000002,16.5,10.3762549441823,0.0728623160217612,1.11059819610853,0.671902691120867
947.245622000002,949.959532000001,13.2,6.57267069006199,0.138870050012129,1.03403668658874,0.6397246071804
948.150263999996,950.864122999999,12.6,9.37016542009798,0.127288233049394,0.978867084974422,0.598812057932983
949.054898000002,951.768754999997,12.8,8.5848704125339,0.123829904569981,1.00497755085523,0.567853300977268
949.959532000001,952.673411999996,10.5,6.8629439747094,0.144084893097742,0.953347770143275,0.551760130503449
950.864122999999,953.578036999999,11.1666666666667,5.87934236685249,0.270536472235874,0.979121354250796,0.577016479101918
951.768754999997,954.482685000003,14,7.41619848709566,0.304723753743575,0.99985040600459,0.558529597071414
952.673411999996,955.387304999997,17.75,11.2361025271221,0.309734735071658,1.11128763191154,0.57343669844907
953.578036999999,956.291919999996,20,12.7671453348037,0.147790907209874,1.11128798092509,0.555335929258597
954.482685000003,957.196580999997,15,8.75595035770913,0.190709364494153,0.942084816910247,0.539630955231492
955.387304999997,958.101219999997,10,6.95701085237043,0.116889788142706,0.894775648429125,0.534295430281869
956.291919999996,959.005833999996,10.3333333333333,5.46504040851179,0.221031981302587,0.953667761402248,0.57903930188326
957.196580999997,959.910444000001,12.6,5.81377674149945,0.203920531501172,1.00355193597264,0.618368474133375
958.101219999997,960.815076999999,15.4,5.81377674149945,0.214915131147843,1.00888213649521,0.591346776123854
959.005833999996,961.719725999996,17.5,10.6066017177982,0.160535671522722,0.934720889531142,0.533682852092449
959.910444000001,962.624329999999,22.3333333333333,22.2336081942031,0.374772503315431,1.04619696880395,0.512749972621421
960.815076999999,963.528972,11,4.69041575982343,0.357516775576609,0.942441747023469,0.517234188754105
961.719725999996,964.433623999998,10.3333333333333,3.82970843102535,0.317041656943394,0.967307296074821,0.53216639283565
962.624329999999,965.338217999997,14.6,8.47348806572594,0.18491025681413,0.931606587105065,0.54480315780647
963.528972,966.242851000003,17.6666666666667,10.5039675043925,0.159223252045767,1.0194563316579,0.518175069885296
964.433623999998,967.147471999997,12.5,7.77817459305202,0.090962496066404,0.949036293911274,0.481867024450252
965.338217999997,968.052089999997,68,0,0.175896453587567,0.724589528967644,0.402336962544185
966.242851000003,968.956719000002,20.5,4.94974746830583,0.121080476155051,0.70017178875732,0.424135281741256
967.147471999997,969.861360000003,21.6666666666667,4.04145188432738,0.100892098771707,0.710241062861459,0.414855679395106
968.052089999997,970.765961999998,22.3333333333333,4.72581562625261,0.0749039590950239,0.761165343453209,0.432211838045852
968.956719000002,971.670589000001,22.3333333333333,11.9303534454489,0.087340660214395,0.840387668978437,0.456533737846847
969.861360000003,972.575194999998,14.5,11.7331439378654,0.149830578963064,0.97629660633623,0.532185282867722
970.765961999998,973.479808999997,13.75,10.2428837085396,0.198069844963588,1.09160036874692,0.589735781838942
971.670589000001,974.384445999996,18,9.55684745788763,0.250176496858632,1.09931185646014,0.582487685443455
972.575194999998,975.289046999998,14.5,6.13731754650732,0.337168440581955,1.08388945173972,0.592050307241738
973.479808999997,976.193651000001,13.6666666666667,5.08592829940284,0.252409454840887,1.00788002239211,0.616319533445833
974.384445999996,977.098294999996,11.8,6.49615270756469,0.234628248565364,1.01500351124255,0.617964626733234
975.289046999998,978.002913999997,15.6,11.2827301660547,0.190023003567281,0.917837324984191,0.572825255190742
976.193651000001,978.907529999997,20.25,12.8679187646384,0.182666015177801,0.962966147916923,0.531008087472106
977.098294999996,979.812162000002,13,10.4880884817015,0.219825632488922,1.03651396996966,0.552576714435544
978.002913999997,980.716747999999,17,10.2713192920871,0.175556012353986,1.06316327375448,0.556334496945564
978.907529999997,981.621374000002,20.5,9.46924847422786,0.24246260270196,1.0024503089764,0.527470571651548
979.812162000002,982.525980999999,16.25,10.8742815854658,0.188847421744144,0.909349479898212,0.485538882831443
980.716747999999,983.430597999999,13.25,7.13559154286922,0.176618940494961,0.921338494547863,0.495191505738729
981.621374000002,984.335209999997,11.8,4.32434966208793,0.311852474534976,1.05408218953948,0.530909923069116
982.525980999999,985.239820000003,12.4,4.39317652729776,0.306120679199348,1.08350179948775,0.556255553872141
983.430597999999,986.144431000001,18,11.13552872566,0.300773250355239,1.25960471261005,0.580454468066123
984.335209999997,987.049033000003,21.3333333333333,11.7189305541646,0.189874943495092,1.10454140041634,0.559448991458798
985.239820000003,987.953671000003,27,1.4142135623731,0.248110665155457,1.06835739552752,0.562817554678409
986.144431000001,988.858279,22.3333333333333,10.6926766215636,0.191994645342388,1.07035659686941,0.611337951609846
987.049033000003,989.762881000002,9.6,5.02991053598372,0.190706012945677,1.1161217315914,0.657047763918561
987.953671000003,990.667462999998,9,4.32049379893857,0.16255527294084,1.114196126858,0.664014552868894
988.858279,991.572122999998,13.2,11.6918775224512,0.196147479060248,1.02672280868467,0.577506967066811
989.762881000002,992.476720999999,30,4.24264068711928,0.134735596918933,0.921332368976674,0.500220741976707
990.667462999998,993.381341,22.5,4.94974746830583,0.226247626016412,1.04207693640518,0.518120060281884
991.572122999998,994.285934,15,3.60555127546399,0.193259482715529,1.02826981614779,0.56135910806101
992.476720999999,995.190541999997,16,9.97496867163,0.172922311962399,0.974592674688879,0.56808378197364
993.381341,996.095143999999,16.2,10.8489630840924,0.262624411603355,0.991041521174793,0.619656421054626
994.285934,996.999735999998,11,7.77817459305202,0.317166444246507,1.10348932541198,0.730359104462723
995.190541999997,997.904326999997,9,4.97995983919549,0.388053178770581,1.41326292060066,0.806287988595185
996.095143999999,998.808928999999,10.8333333333333,5.77638872191499,0.395859651556896,1.35053642414862,0.840857739219071
996.999735999998,999.713537999996,12.6666666666667,4.84424056655599,0.370215717877711,1.31823077268425,0.851911940200883
997.904326999997,1000.618152,12.3333333333333,5.81950742474538,0.350931939629296,1.3546459882777,0.819787070429918
998.808928999999,1001.522776,13.1666666666667,8.01040989379861,0.40912107232165,1.3463773467928,0.793513543597603
999.713537999996,1002.427362,11.6666666666667,7.17402722790112,0.355524622245606,1.17014464094869,0.695321098039997
1000.618152,1003.331979,16.5,10.847426730182,0.385359301659175,0.9778901334262,0.580799140941116
1001.522776,1004.236589,25.3333333333333,11.5470053837925,0.131033599146946,0.788825344582994,0.463660060502007
1002.427362,1005.141169,16.25,12.0381338531629,0.120893166905324,0.850476502146744,0.497685816739534
1003.331979,1006.045769,10.4,5.72712842531054,0.361258386212326,1.11844949656254,0.644868364372173
1004.236589,1006.950394,9,6.76123403782813,0.330050998746908,1.27352490813107,0.811699878153742
1005.141169,1007.854996,8.25,6.90238054173031,0.226213074210123,1.40150012303028,0.842734885899408
1006.045769,1008.759563,9.14285714285714,8.80205603686948,0.263870497184966,1.29850690933069,0.768451874399301
1006.950394,1009.664176,14.8,13.9534941860453,0.304550386644503,1.05855520164768,0.592799833101715
1007.854996,1010.568793,18,11.0453610171873,0.1120913008205,0.845588235857931,0.490807210503783
1008.759563,1011.473391,12.5,6.13731754650732,0.225768512304227,0.917436470896184,0.513094423187265
1009.664176,1012.377968,16.25,8.5,0.284748397911082,1.10359702100215,0.590217752070112
1010.568793,1013.282566,19,7.34846922834953,0.342002072282495,1.04836479012461,0.572850078708843
1011.473391,1014.187175,15.5,4.35889894354067,0.333799627727779,0.945887841667127,0.536669195607982
1012.377968,1015.091786,16,7.7028133388609,0.618239818722621,1.24253937922128,0.643461514416193
1013.282566,1015.996395,15.75,7.8049129826454,0.612612549467329,1.25039746470703,0.653933401456149
1014.187175,1016.900988,11,7.21110255092798,0.480142973147655,1.23568822675077,0.707083848357617
1015.091786,1017.80559,12.2,7.62889244910426,0.133519218390449,0.943843656727079,0.574940175204071
1015.996395,1018.710193,11,5.21536192416212,0.145790515949267,0.937615980394537,0.617808944383565
1016.900988,1019.614815,15.5,5.32290647422377,0.106884894963669,0.863789460697242,0.557555709940789
1017.80559,1020.519412,16.25,11.5578256317239,0.208911784912488,1.04656021121748,0.583306088725374
1018.710193,1021.424041,16,11.7473401244707,0.245184736579944,1.2066084556249,0.653739353431059
1019.614815,1022.328667,11.8,7.72657750883274,0.148210662102201,1.27979905292047,0.692164111844356
1020.519412,1023.23329,15.75,10.4363148029688,0.164431731206019,1.27644722189339,0.685023854653008
1021.424041,1024.137908,20,12.2882057274445,0.421817557498533,1.4164009980691,0.683707950559854
1022.328667,1025.042536,21,3.60555127546399,0.487351185418052,1.30456873077993,0.699346195504686
1023.23329,1025.947176,18.3333333333333,1.52752523165195,0.50887355448863,1.25667923480981,0.663252672999029
1024.137908,1026.851778,23.6666666666667,5.77350269189626,0.128588802182941,0.956540770513313,0.557563501362782
1025.042536,1027.756414,26.5,0.707106781186548,0.135525928764728,0.778286289452998,0.474200364426086
1025.947176,1028.661019,20.5,7.77817459305202,0.203319613443007,0.825630771841146,0.474670158104538
1026.851778,1029.565645,22,7.54983443527075,0.169438174223297,0.817771402269034,0.440758573729953
1027.756414,1030.470287,25.5,6.36396103067893,0.138593753778239,0.880826555032103,0.46222655354845
1028.661019,1031.374886,37,0,0.0815093059487056,0.78430738930459,0.44933337751642
1029.565645,1032.279499,26,4.24264068711928,0.241559687638129,0.888675381684616,0.494680626471217
1030.470287,1033.184142,23,0,0.278090507828019,0.969677269357698,0.511718546608187
1031.374886,1034.088736,34,0,0.186063739102757,1.03475002157402,0.508344717667063
1032.279499,1034.993338,19,4.35889894354067,0.296596402282702,0.942535320534736,0.524308408846682
1033.184142,1035.89794,16.75,8.53912563829967,0.273088633172105,0.886659289837735,0.512262265526408
1034.088736,1036.802567,15.2,7.79102047231298,0.2387335090632,0.892708648225955,0.512336318153362
1034.993338,1037.707171,16.5,10.4721853816033,0.068453200675069,0.837928782210332,0.466811658294889
1035.89794,1038.611772,19.5,13.4350288425444,0.0631765357167684,0.874435218026799,0.47057999964213
1036.802567,1039.516389,31,0,0.0433599626194271,0.916700985501585,0.451913038565041
1037.707171,1040.420995,25.5,9.19238815542512,0.00731497752426895,0.882179739669868,0.484119056563511
1038.611772,1041.325564,28,12.7279220613579,0.00885619497374596,0.883718303895241,0.498812952341226
1039.516389,1042.230194,20,14.9331845230681,0.0967584285057172,0.961074915326062,0.604671874742823
1040.420995,1043.134791,11.75,3.20156211871642,0.178034469868601,0.977087557677566,0.593194439547213
1041.325564,1044.039401,13.5,6.4730209330729,0.15489467598633,0.947309334827714,0.588863379175103
1042.230194,1044.94398,14.3333333333333,9.60902353693305,0.0764287865345849,0.842667677843007,0.496317686670373
1043.134791,1045.848582,21,8.04155872120988,0.0877668678401928,0.886498118719609,0.477648732057569
1044.039401,1046.75318,15,4.24264068711928,0.119709471199546,0.903149429628928,0.455455162980574
1044.94398,1047.657782,19.3333333333333,11.0151410945722,0.126097232635229,0.968477065281913,0.46680915265375
1045.848582,1048.562372,13,1.4142135623731,0.188062864597345,0.927536229575971,0.448292527669413
1046.75318,1049.466965,17,7.07106781186548,0.204368457132685,0.780142293555018,0.445389987886514
1047.657782,1050.371563,34,16.9705627484771,0.131713356283573,0.768143500203089,0.453917995390586
1048.562372,1051.276133,16,8.48528137423857,0.239003873222685,0.980456041653241,0.488114763046784
1049.466965,1052.180745,21,8.60232526704263,0.170431591546417,0.993870966006352,0.508206394257527
1050.371563,1053.085357,20.25,9.9121138007995,0.413529867430085,1.28339308296098,0.631389141115913
1051.276133,1053.98994,13.75,8.99536917900909,0.432573315057984,1.23323473270657,0.615183126926702
1052.180745,1054.894542,14.8,8.52642949891688,0.513764404572347,1.03178367927465,0.610150614166095
1053.085357,1055.799118,16.25,9.74251849711699,0.073773825663485,0.728312146600233,0.479568696270317
1053.98994,1056.703713,14.4,11.0589330407594,0.115367426643297,0.809652974814137,0.52053033204559
1054.894542,1057.608317,14.25,10.3400515794974,0.308587099432935,1.08680284801824,0.654561366828441
1055.799118,1058.512868,15,9.89949493661167,0.238425519834278,1.27540435139757,0.65364155181191
1056.703713,1059.417479,33,0,0.415489697606749,1.01225295146179,0.60515441811142
1057.608317,1060.322061,13.75,11.7295922066086,0.0633967089033327,0.801403386037,0.512104312112323
1058.512868,1061.226684,9.6,5.7706152185014,0.193720337687249,0.892308688238522,0.552357433695403
1059.417479,1062.131252,9.2,5.44977063737548,0.196604339717813,0.880947204442949,0.543935608205128
1060.322061,1063.035858,17.25,7.54431353183752,0.245826213258182,0.856418667708999,0.531437128689275
1061.226684,1063.94044,22,10.5830052442584,0.302828889148082,0.83370175430723,0.44786485787817
1062.131252,1064.845011,20,14.142135623731,0.355681966678374,0.876613180007533,0.452754553904089
1063.035858,1065.749613,30,2.82842712474619,0.0441469291521576,0.700245768765175,0.393317853029839
1063.94044,1066.654201,26.5,7.77817459305202,0.0571330497086128,0.75756605214631,0.401289116012795
1064.845011,1067.558773,18,10.816653826392,0.042850548814761,0.758296569016638,0.411753943414464
1065.749613,1068.463378,20.6666666666667,12.7410099024109,0.0626536310620169,0.741923100251524,0.395503613561748
1066.654201,1069.367966,23,14.9331845230681,0.0556625071073439,0.692353719093809,0.389493442047112
1067.558773,1070.272545,19,13.228756555323,0.0445632599134697,0.670553658599754,0.370614510408211
1068.463378,1071.177151,19.3333333333333,13.7961347243833,0.0752093885760523,0.701195583753666,0.399888846305505
1069.367966,1072.08174,22,18.3847763108502,0.0673672116793927,0.72684169127352,0.392295940660911
1070.272545,1072.986354,49,0,0.0755295800070425,0.738671897941801,0.383984702911304
1071.177151,1073.890926,16.5,16.2634559672906,0.352643119401999,1.0765593993048,0.457790280304853
1072.08174,1074.795497,12.3333333333333,6.42910050732864,0.353756945468723,0.974885325298515,0.474439745132129
1072.986354,1075.70011,13.5,5.74456264653803,0.308976466827833,0.992821181580781,0.486608934961732
1073.890926,1076.604672,18.5,7.85281265959316,0.258191593599316,0.905320040840567,0.448926018882728
1074.795497,1077.509286,13.6,8.38450952650183,0.203087605381765,0.943871421977203,0.497210165604123
1075.70011,1078.41388,9.16666666666667,2.92688685580203,0.181172413007317,1.033533364486,0.55211470469591
1076.604672,1079.318489,13.8,13.1034346642398,0.201658053488845,0.969574538172073,0.505577356800665
1077.509286,1080.22311,21,22.6274169979695,0.284121901329095,0.992001763993807,0.472519988614795
1078.41388,1081.127742,0,0,0,0.750446494926786,0.409064059568392
1079.318489,1082.032372,0,0,0,1.00535011932407,0.462971366534263
1080.22311,1082.937004,24.5,0.707106781186548,0.175394789003571,0.804039402133466,0.449713665051711
1081.127742,1083.841586,16.75,9.28708781050335,0.13266887866059,0.809432393346131,0.462629856731646
1082.032372,1084.746196,12,7.11805216802087,0.0955396165531394,0.812891772201364,0.410239040383056
1082.937004,1085.650816,19,9.8488578017961,0.0680365176444412,0.847750656234117,0.435943185930271
1083.841586,1086.555467,15.4,8.79204185613331,0.0686645962379162,0.813762811398976,0.43594043430399
1084.746196,1087.460059,16,7.34846922834953,0.0667595733181992,0.763415489173805,0.437798528017025
1085.650816,1088.364712,17.6666666666667,4.50924975282289,0.116206206495472,0.82554270455622,0.431332250308104
1086.555467,1089.269338,33,21.2132034355964,0.168254511526782,0.770063842338676,0.40495927688075
1087.460059,1090.173965,10.6666666666667,3.78593889720018,0.153973213544515,0.827797285596202,0.454447037953491
1088.364712,1091.078624,10.6666666666667,3.78593889720018,0.153973213544515,0.827797285596202,0.422515533259269
1089.269338,1091.983223,20.5,25.0133297796728,0.138468166530369,0.849427613668865,0.424220949262702
1090.173965,1092.887825,14,9.89949493661167,0.223817203568573,0.907258600906514,0.466546125332357
1091.078624,1093.792437,13.75,6.80073525436772,0.179688086591032,0.857349711636775,0.501935590556442
1091.983223,1094.697049,15.75,6.07590871118606,0.208083393965431,0.910106589928679,0.537674993358506
1092.887825,1095.601664,21.6666666666667,8.08290376865476,0.205704599992853,0.832149159816503,0.462108687294308
1093.792437,1096.506223,17.25,8.88350531415762,0.176452168577572,0.829805941203233,0.459262626088
1094.697049,1097.410848,14,5.65685424949238,0.0789404838308875,0.76887596183161,0.459935066504716
1095.601664,1098.315427,15.2,7.15541752799933,0.329789520153116,0.982780060912807,0.567335414125853
1096.506223,1099.22004,12.2,6.1400325732035,0.303102046235723,1.10587130537346,0.598838177223442
1097.410848,1100.124617,12.2,4.91934955049954,0.291214755214205,1.10995902048079,0.596793811659555
1098.315427,1101.029178,19.5,8.69865890046659,0.1984518869998,1.00068672039391,0.528952535766973
1099.22004,1101.933749,21.6666666666667,11.6761865920913,0.130191995881696,0.96252773304665,0.511461486402529
1100.124617,1102.838367,13.75,8.95823643358446,0.120452450110021,0.940448988122417,0.514365522692895
1101.029178,1103.742945,11,7,0.0952656460360032,0.888431845026712,0.506441392998812
1101.933749,1104.647512,18.25,13.6473440639562,0.05088144679417,0.848293240045596,0.515670924779164
1102.838367,1105.552091,25.5,3.53553390593274,0.0463042493334174,0.842607147253051,0.474973866060273
1103.742945,1106.456684,28,0,0.0144551950972275,0.816532848453391,0.444004043569455
1104.647512,1107.361267,28.5,23.3345237791561,0.0145914186867362,0.821979297814782,0.39664644589779
1105.552091,1108.265797,11.3333333333333,4.04145188432738,0.0728142090752334,0.864421242634017,0.45019668878486
1106.456684,1109.170384,12.5,4.50555213042752,0.0875739329966519,0.874048561000934,0.532861692476436
1107.361267,1110.074965,12,4.52769256906871,0.0834523238858518,0.903552733317813,0.560108338531427
1108.265797,1110.979537,11.6,5.45893762558247,0.160881626424269,0.938369265995422,0.586087348659135
1109.170384,1111.884123,13.4,6.98569967862919,0.13467781711592,0.990246672618997,0.5527161451561
1110.074965,1112.788693,13.5,7.3143694191639,0.20035139762033,1.01058216046906,0.581206586330808
1110.979537,1113.69325,12.2,6.9065186599328,0.189096299911638,0.939235859236468,0.574657656794072
1111.884123,1114.597805,13.6,9.76217188949262,0.189621024134937,0.948416143165677,0.547683895498092
1112.788693,1115.502387,22.3333333333333,11.5902257671425,0.163103103796606,1.00136465178297,0.555191092469155
1113.69325,1116.406946,20.3333333333333,8.62167810425171,0.155379779483147,1.02911847878115,0.550887283669321
1114.597805,1117.311529,20,8.18535277187245,0.173231909206269,1.00376357502966,0.548287881234575
1115.502387,1118.216111,17.25,10.9658560997307,0.168592647646671,0.982458941738788,0.554890604574944
1116.406946,1119.12064,15,9.05538513813742,0.167534971756265,0.979134290120448,0.540757410904804
1117.311529,1120.025212,13.4,8.08084154033477,0.151045374726931,1.00863860615292,0.562162696092905
1118.216111,1120.929784,16.5,11.6761865920913,0.160963855075453,1.11863140870658,0.552426008989483
1119.12064,1121.834354,14,9.40744386111339,0.216555313863903,1.11089853976644,0.547969720341586
1120.025212,1122.738919,12.6,9.12688336728371,0.201756635251925,1.15903173470041,0.579334817779727
1120.929784,1123.643472,14.2,7.85493475466219,0.220858962722287,1.07870815688333,0.573955034635721
1121.834354,1124.54806,11.3333333333333,4.76095228569523,0.223428746635973,1.08505829104147,0.586580595309067
1122.738919,1125.452621,12.5,5.68330889535313,0.233533969731504,1.00752827868005,0.566909593385013
1123.643472,1126.357182,13.75,7.9320026895272,0.284661821632824,0.947007147288948,0.523603314466371
1124.54806,1127.261746,12.5,9.19238815542512,0.146951336472861,0.822369270034348,0.463170810018494
1125.452621,1128.166305,8,0,0.039679258410587,1.00242352742995,0.456506126245128
1126.357182,1129.070895,13.6666666666667,6.02771377334171,0.156851389926863,0.923021071558901,0.461042424855851
1127.261746,1129.975436,12.8,4.76445169982864,0.182405088960804,0.868368789535416,0.466731491140396
1128.166305,1130.879991,17.5,7.32575365861197,0.180338321360807,0.857677441106113,0.45381207851549
1129.070895,1131.784542,19,5.47722557505166,0.135781192042624,0.828936110425715,0.447270349609888
1129.975436,1132.689126,14,6.51152823843988,0.174499824354831,0.84247175570642,0.473078007417812
1130.879991,1133.593686,11.5,4.65474668125631,0.189985062939966,0.82479629560313,0.449684407880629
1131.784542,1134.498246,17.3333333333333,10.6926766215636,0.204050084720855,0.855260312026866,0.443956176795911
1132.689126,1135.402811,19.5,17.6776695296637,0.349609137892605,1.04858677607129,0.458771743556088
1133.593686,1136.307342,18,15.556349186104,0.226711794160247,1.20931626716591,0.504848407164806
1134.498246,1137.211943,25.3333333333333,7.23417813807024,0.28439213959778,1.09084212468139,0.558770549121097
1135.402811,1138.116479,20,10.2306728354819,0.203786684581316,1.0690847868907,0.564863393162474
1136.307342,1139.02105,19.3333333333333,10.6926766215636,0.189415966544085,1.05416021843154,0.550630249859415
1137.211943,1139.925586,25,0,0.248591911510035,1.11270244393054,0.511448605168135
1138.116479,1140.830141,60,0,0.162054947466139,1.0515115698318,0.479999137368204
1139.02105,1141.734738,24,0,0.0137055460337057,1.15641043756964,0.50719222699541
1139.925586,1142.639274,26.5,3.53553390593274,0.0490409015666572,1.12865502350061,0.501860875305612
1140.830141,1143.543857,17.75,11.4127122105133,0.150277573265317,0.994047040143341,0.502072148983905
1141.734738,1144.448419,13.6,7.50333259292163,0.1109561564231,0.951539090487438,0.481281891189937
1142.639274,1145.353012,12.8,7.52994023880668,0.07013608893536,0.993698442836775,0.509490101580882
1143.543857,1146.257573,15.8,6.45755371638518,0.132058095427025,1.01990566568926,0.518046956263459
1144.448419,1147.162122,16.75,6.9462219947249,0.205816176091664,0.987652523511044,0.485494674068519
1145.353012,1148.066709,8.875,6.4240063155991,0.625069278999948,1.31262034015691,0.694680562744576
1146.257573,1148.97128,8.75,6.94365074829414,0.623763836517889,1.3328105672836,0.713397123795579
1147.162122,1149.875851,7.66666666666667,5.07444578254611,0.576677298967246,1.36039771014468,0.755123294667613
1148.066709,1150.780444,10.3333333333333,4.13118223595458,0.299197583210914,1.03003077220764,0.592311544875194
1148.97128,1151.684991,14,6.81175454637056,0.27707176852184,0.902227809125716,0.554191950795189
1149.875851,1152.589563,17,8.54400374531753,0.131005318910805,0.819623707143016,0.49129486607331
1150.780444,1153.494154,17.75,14.6600363801277,0.220638071638848,0.894902303407823,0.483519927401319
1151.684991,1154.398698,8,0,0.218966341846981,1.00964582941154,0.45997692533811
1152.589563,1155.303286,16.75,10.1775897605147,0.224900685642844,0.90151245958288,0.47098431883348
1153.494154,1156.207841,21,5.29150262212918,0.107315888124028,0.761170468172346,0.426450828202154
1154.398698,1157.112408,14.2,7.04982269280583,0.0922768687353333,0.865997632869474,0.452008855571197
1155.303286,1158.01698,12,6.59545297913646,0.232107027509,0.965073297813559,0.50103538192494
1156.207841,1158.921534,16,5.09901951359278,0.246216095421586,1.10266817366015,0.524998369661895
1157.112408,1159.82606,15.8,2.28035085019828,0.290695425569745,1.00374098671666,0.528333813381807
1158.01698,1160.730654,13.5,3.69684550213647,0.261656880025101,0.885996620835192,0.470409111390892
1158.921534,1161.63518,16,10.4880884817015,0.110646753723565,0.824327625484997,0.459089072988131
1159.82606,1162.53973,18.5,16.2634559672906,0.131976769325724,0.838627700430825,0.438743496277225
1160.730654,1163.444317,30.5,0.707106781186548,0.126697392683938,0.848381763903458,0.459230857710168
1161.63518,1164.348874,21,0,0.110000109710962,0.73368496408531,0.409802264505745
1162.53973,1165.253415,23,16.0934769394311,0.120286811652166,0.790670912201598,0.417308782554848
1163.444317,1166.157998,13,7.07106781186548,0.0980670427563799,0.835293231906931,0.403095805157879
1164.348874,1167.06254,16.75,13.2507861402006,0.283760295384297,1.02037516970655,0.496253671810897
1165.253415,1167.967081,18.5,14.3410831761993,0.290515345831347,1.0022757224304,0.504900243126949
1166.157998,1168.871631,14.6,8.73498712076898,0.328590272519767,1.11386216227353,0.580520065208307
1167.06254,1169.776209,18.25,10.8128010555391,0.313864829319452,1.01221507051017,0.545118279298435
1167.967081,1170.680766,22.6666666666667,9.50438495292217,0.302985609593965,1.10360760684958,0.577332484278648
1168.871631,1171.585322,15,8.90692614392492,0.151262310357854,0.930970572176122,0.507220084178819
1169.776209,1172.489865,11.25,7.45542308211501,0.153875353027787,0.936810943432547,0.513156031678744
1170.680766,1173.394417,11,7.3824115301167,0.0999126074116088,0.826218414968775,0.48490925962307
1171.585322,1174.29898,13.8333333333333,5.91326193117358,0.106075906939053,0.823189943925888,0.487888970094041
1172.489865,1175.203575,12.4,5.02991053598372,0.095220580516914,0.76693939616627,0.442964675432374
1173.394417,1176.108155,15,7.61577310586391,0.437032865180361,1.0985458255559,0.555633499206691
1174.29898,1177.012726,17,9.89949493661167,0.469757008439438,1.05509927373602,0.558724472104206
1175.203575,1177.91729,15.4,8.50294066779253,0.397157782219649,1.18139615396062,0.641299562160254
1176.108155,1178.821842,15.2,5.35723809439155,0.290129942709322,1.00992084122537,0.583702815976513
1177.012726,1179.726427,16,4.39696865275764,0.237763062351433,1.12036729898822,0.67900083847013
1177.91729,1180.630987,14.3333333333333,6.50640709864771,0.376693445588082,1.21473781967782,0.628444922470088
1178.821842,1181.535545,25.5,24.7487373415292,0.340133726438424,1.36640826573487,0.64545993764052
1179.726427,1182.440102,12,7.07106781186548,0.251825780248754,1.15171342526754,0.596093169744238
1180.630987,1183.344663,15.2,13.7549990912395,0.277575441442637,1.24879739245422,0.689880448108399
1181.535545,1184.249219,15.4,13.3529023062404,0.234931718887112,1.38271018472105,0.717600722639696
1182.440102,1185.153758,12,5.21536192416212,0.305309575530036,1.29487222103896,0.719659677965365
1183.344663,1186.058329,13,4.19523539268061,0.325401983841771,1.14313292399948,0.658707820091808
1184.249219,1186.962877,13.3333333333333,6.74289749786148,0.232980028533433,0.97231802729999,0.583162100541979
1185.153758,1187.867434,13.3333333333333,6.94742158406028,0.242188334861403,0.903623749759139,0.534266148106898
1186.058329,1188.771995,11.6666666666667,4.61880215351701,0.215821168485115,0.837474312166924,0.457626837698351
1186.962877,1189.676543,21,16.9705627484771,0.175475005954002,0.770850680821072,0.458018946271686
1187.867434,1190.581089,18,7.93725393319377,0.0965425783752142,0.86307839359511,0.484714606696885
1188.771995,1191.485613,12.25,2.5,0.138728313824755,0.917688671800219,0.529652660122766
1189.676543,1192.390207,16.75,10.9658560997307,0.135278542981572,0.908652329369248,0.518697226536473
1190.581089,1193.294749,22.3333333333333,11.5902257671425,0.122471210169539,1.04306899095416,0.523271215311744
1191.485613,1194.199289,13.4,6.46529195009785,0.151867352305296,0.913756313936353,0.509063994417946
1192.390207,1195.103848,13,7.32120208708925,0.25791712754041,1.03684398863539,0.591405530912241
1193.294749,1196.008389,13.2,8.52642949891688,0.281124085086049,1.01201642317437,0.577742405341697
1194.199289,1196.91295,12,5.24404424085076,0.266773768475981,1.02752015783562,0.591669991752251
1195.103848,1197.817488,13.2,5.89067059000926,0.0884138952373445,0.881190531122148,0.54541995156333
1196.008389,1198.722038,13.6666666666667,5.5075705472861,0.13558985153779,0.968248005329071,0.552087740649749
1196.91295,1199.626561,16,9.76387901058454,0.129955546797155,1.01004692124593,0.565290202075432
1197.817488,1200.531097,11.3333333333333,3.51188458428425,0.117841428007655,0.965414240307375,0.528737985828161
1198.722038,1201.435651,16.3333333333333,11.9303534454489,0.380350221519551,1.09862933077528,0.564925936383981
1199.626561,1202.340204,21.6666666666667,10.4083299973307,0.403985108446529,1.06202157114698,0.51985918020428
1200.531097,1203.244755,22,10.816653826392,0.380764579300317,1.1261741226874,0.554680370186563
1201.435651,1204.149306,31,0,0.156374304595131,1.00531220898966,0.48655704326472
1202.340204,1205.053847,54,0,0.131715468614351,1.02274863912784,0.468166457940302
1203.244755,1205.958375,20.5,10.6066017177982,0.136988952304636,0.77164331890944,0.437998845497744
1204.149306,1206.862937,19,7.93725393319377,0.205266968368624,0.857701263924554,0.487656924658146
1205.053847,1207.767442,23.3333333333333,12.7017059221718,0.18806035704993,0.875114705883116,0.505640908010238
1205.958375,1208.672005,9.33333333333333,6.50640709864771,0.216494250999456,1.02467178529315,0.556099619662155
1206.862937,1209.576559,11,7.84219357067906,0.207467343426076,1.04590283125967,0.548480161421242
1207.767442,1210.481088,10.6666666666667,7.31209044437134,0.211500439074435,1.0131286827198,0.553707386587286
1208.672005,1211.385652,11.5,9.18150314491042,0.233974368160801,0.994110650917743,0.538131443461637
1209.576559,1212.290176,10.375,9.47081984684687,0.194690070258083,0.928598096465322,0.532908003025167
1210.481088,1213.194698,8.375,5.80486249375716,0.230081370494013,0.937124123636701,0.522047750844158
1211.385652,1214.099239,10.5714285714286,6.50274667242345,0.183189962867107,0.900994722357868,0.515954567991772
1212.290176,1215.003792,16,7.10633520177595,0.188783924711413,0.986261755665666,0.535306772878207
1213.194698,1215.908318,15.6,7.16240183178799,0.143521662716617,1.08435113687914,0.561424306203776
1214.099239,1216.812852,12.3333333333333,8.14043405886115,0.182942419633283,1.14360377256185,0.611801668197386
1215.003792,1217.717404,11.7142857142857,7.73981665834288,0.170990718713982,1.17021364567785,0.636091021342602
1215.908318,1218.621977,10.3333333333333,6.74289749786148,0.186766122047819,1.12517511170704,0.610391359027436
1216.812852,1219.526518,12,8.60232526704263,0.272527455557906,1.12212269599993,0.581786059591173
1217.717404,1220.431053,21,8.28653526310404,0.535980835789577,1.17911195300009,0.623755259395517
1218.621977,1221.335612,17.6666666666667,11.1504857891185,0.571374102092245,1.26797558806231,0.631765719039453
1219.526518,1222.240149,13.75,11.1766124861993,0.47762835965232,1.10803112528159,0.612680458866533
1220.431053,1223.144692,14,8,0.155868840295788,0.911096635960593,0.537047089576932
1221.335612,1224.049233,8.2,4.43846820423443,0.181026012390549,0.967411588757491,0.539980593606886
1222.240149,1224.953786,15,13.114877048604,0.183186752735494,1.14984947825943,0.514318027848251
1223.144692,1225.858376,33,5.65685424949238,0.146251907463622,1.22768798608808,0.501435950148019
1224.049233,1226.762911,29,0,0.353665538214264,0.914467970025544,0.482988214479783
1224.953786,1227.667464,33,5.65685424949238,0.286872791166918,0.99561873886911,0.500094492854065
1225.858376,1228.572018,26,0,0.266151447072303,0.969722783508804,0.490100525038521
1226.762911,1229.476571,31,7.07106781186548,0.214398653186595,0.910425548894011,0.51269852462421
1227.667464,1230.381156,18.75,11.7011395456454,0.416271786591066,1.00900171215973,0.550603233244552
1228.572018,1231.285695,12.25,2.62995563967658,0.411343250787704,1.01669451146879,0.533617316006836
1229.476571,1232.190265,14.75,10.0457287772798,0.408951260510752,1.0778845558073,0.565902522832516
1230.381156,1233.094806,22.6666666666667,14.5716619962629,0.179895805728965,0.966990719493801,0.493309723228316
1231.285695,1233.999343,19.6666666666667,13.5030860670194,0.248724768521884,0.917115395176558,0.490882680826027
1232.190265,1234.903952,17.5,5.56776436283002,0.346220203600298,0.905716209735079,0.500047342951104
1233.094806,1235.808487,20.3333333333333,12.3423390543824,0.444199990267511,1.12572740471986,0.52450767648215
1233.999343,1236.713042,17.6666666666667,14.1539158303748,0.411646318164761,1.36403704740339,0.596065858853461
1234.903952,1237.617593,24,21.2132034355964,0.249616937006428,1.46567199776182,0.575931497969663
1235.808487,1238.522137,23.6666666666667,15.0111069989303,0.364915174378542,1.16954014806398,0.579916561609806
1236.713042,1239.426682,22.3333333333333,13.0128141972954,0.138693659628815,1.01450290411207,0.535698785367928
1237.617593,1240.331217,19,14.3294568401365,0.157099630924339,0.973815150994631,0.533356566918889
1238.522137,1241.235802,16.75,11.8988794990677,0.171263921059443,0.95118188576706,0.505008388269487
1239.426682,1242.140353,14.3333333333333,10.9696551146029,0.307665043203404,1.09530377280393,0.531818093824751
1240.331217,1243.044925,14.6666666666667,11.5470053837925,0.269080220298599,1.10034547131153,0.574194150118575
1241.235802,1243.949474,18,12.1380943040221,0.384328958567447,1.35980516074108,0.702315352292366
1242.140353,1244.854055,20.75,15.8403493227475,0.402614347330209,1.26687122329057,0.699907809778193
1243.044925,1245.758644,23,16,0.541645394835002,1.23733968301588,0.623331195936654
1243.949474,1246.663203,18.5,6.36396103067893,0.17130125719041,0.836981636481006,0.436334615938252
1244.854055,1247.567758,22,11.3137084989848,0.0759098979883175,0.766634137656462,0.394237166928842
1245.758644,1248.472376,22.5,16.2634559672906,0.0380974963974308,0.815110768750081,0.468867639129624
1246.663203,1249.376959,11,4,0.153371797561203,0.862512547018845,0.498205694612084
1247.567758,1250.281526,11,4,0.153371797561203,0.862512547018845,0.472788447673697
1248.472376,1251.186119,32.5,36.0624458405139,0.201292395121053,0.847224351042035,0.408807306699438
1249.376959,1252.09066,15,15.556349186104,0.216423718521174,0.978027999499544,0.46064728972744
1250.281526,1252.995219,21.3333333333333,15.5349069303081,0.1951187963351,0.936660155533579,0.470839739670773
1251.186119,1253.89976,16.5,14.1774468787578,0.328225437433819,1.20013586685372,0.569932072452703
1252.09066,1254.804329,16.75,7.54431353183752,0.418598380449096,1.06452528319753,0.527961866037401
1252.995219,1255.708891,13.8,7.36206492772238,0.371385338176358,1.12637119072639,0.584597260759475
1253.89976,1256.613454,12.75,7.27438428093173,0.21734180174226,0.948032044398868,0.538451345175451
1254.804329,1257.517989,12.8,10.1341008481266,0.175859797577094,0.99962365457829,0.556956496667697
1255.708891,1258.422536,13.8,11.2116011345392,0.365858637940377,1.06931130167301,0.5690603002395
1256.613454,1259.327088,15,11.5758369027902,0.361518391460722,1.16761305920682,0.560315329299157
1257.517989,1260.231643,16.25,6.18465843842649,0.439291420017168,1.06233131795493,0.542677014305433
1258.422536,1261.136154,14,7.34846922834953,0.217899950605984,0.974824508352975,0.521556408904054
1259.327088,1262.04071,16.2,8.07465169527454,0.17839900710516,0.955680866242063,0.515785568786093
1260.231643,1262.945254,15.25,7.58836829188814,0.194414751243169,0.970383748695029,0.493368292189459
1261.136154,1263.849811,17.5,4.79583152331272,0.197841065067296,0.97574840005273,0.512319956563557
1262.04071,1264.754311,18,6.97614984548545,0.175760311436194,1.01645574591069,0.522946015903583
1262.945254,1265.658847,15.4,8.38450952650183,0.21114611086066,0.960083922375063,0.519547789539074
1263.849811,1266.563424,14.4,8.20365772079747,0.117883516320975,0.841724779772873,0.484775719041135
1264.754311,1267.467934,13.2,7.39594483484024,0.0858788851128555,0.791650749619141,0.481207128104456
1265.658847,1268.372491,13.6,8.01872807869178,0.11379719123881,0.865762298646694,0.530096171754713
1266.563424,1269.277001,12.6666666666667,10.0166528008778,0.134513617858096,0.887255032246044,0.509050517301689
1267.467934,1270.181546,21.3333333333333,14.8436293854749,0.093400609089293,0.927359821920785,0.48942715923313
1268.372491,1271.086057,25,0,0.0452500244740379,0.891509095749381,0.453342337243104
1269.277001,1271.99061,29.5,2.12132034355964,0.522133293224313,1.12401032310392,0.534904438102811
1270.181546,1272.895129,13.2,10.2323017938292,0.398634562091523,1.09080220623892,0.559819338210881
1271.086057,1273.799683,9.33333333333333,4.17931413830866,0.382252058444022,1.165021381074,0.632339632597233
1271.99061,1274.704185,10.8571428571429,3.8483144114695,0.265839229790602,1.00330963533688,0.618464111634234
1272.895129,1275.608747,13.3333333333333,2.42212028327799,0.261149633047137,1.04297687498,0.634070699588231
1273.799683,1276.513247,12.4,2.60768096208106,0.261396399309207,1.06027886186634,0.604799800705031
1274.704185,1277.417805,14.5,7.72442015083764,0.25713857623661,1.01459807392729,0.586931630388495
1275.608747,1278.32233,12.1666666666667,7.52108148251743,0.227176598032859,1.01682818686166,0.623661801912411
1276.513247,1279.226824,11,5.40370243444252,0.150584292423646,0.910831116529318,0.573391826201569
1277.417805,1280.131365,16,5.8309518948453,0.190703267243523,0.945661594952588,0.619188118754173
1278.32233,1281.035909,16.3333333333333,8.9628864398325,0.318755755365242,1.09105504501125,0.653843022614979
1279.226824,1281.940442,17,9.64365076099295,0.170646999708224,1.22046813261684,0.697034488262816
1280.131365,1282.84497,17.5,12.6622799421484,0.33222606360616,0.98476112035377,0.642510388642605
1281.035909,1283.749493,10.25,4.11298755975102,0.0578203070354644,0.724675775713111,0.509030633091882
1281.940442,1284.65402,13.1666666666667,4.07021702943058,0.193730319637244,0.763054338773541,0.443170955258854
1282.84497,1285.558559,13,4.35889894354067,0.250581931640157,0.820128730025416,0.455287382407576
1283.749493,1286.463066,14.75,4.42530601578392,0.233604041724582,0.900190166451157,0.482426519600928
1284.65402,1287.367611,13.1666666666667,6.30608172058265,0.140088702670536,0.833506053950847,0.502696010052434
1285.558559,1288.272131,10,3.08220700148449,0.53273099332537,1.09059909507498,0.657109757128729
1286.463066,1289.176642,10,3.38061701891407,0.423403613649743,1.14570148625441,0.72485833076295
1287.367611,1290.081173,11.2857142857143,6.67618368317024,0.376689990062468,1.24309256779503,0.728999296802502
1288.272131,1290.985703,11.5714285714286,6.80336051416609,0.168265569775905,1.05856840775057,0.627880611990456
1289.176642,1291.890215,14.2,6.57267069006199,0.0702556780837502,0.988934751745688,0.580882453010201
1290.081173,1292.794742,10.6666666666667,3.66969571853944,0.425082712154086,1.17684761057926,0.724421751982852
1290.985703,1293.699265,13.4,4.72228758124704,0.434061930223341,1.25501335867813,0.746527804358073
1291.890215,1294.603777,14.6,4.03732584763727,0.440629944023165,1.24713115497752,0.735903977209889
1292.794742,1295.508323,15.6,6.38748776906852,0.137721911965619,0.99303689874011,0.598484902967283
1293.699265,1296.412847,13.5,7.14842640026461,0.139021622912564,0.992965643027585,0.602697496121424
1294.603777,1297.317359,8.875,3.48209706929603,0.121603690725498,0.978787489470824,0.636956987871838
1295.508323,1298.221878,10.25,5.97016391256196,0.211301683236764,1.09650882524445,0.734059856928332
1296.412847,1299.126388,12.8333333333333,7.57407860182786,0.245999873716258,1.07482442650317,0.698835660949295
1297.317359,1300.030923,16.25,6.9462219947249,0.35163486599118,1.05844273380492,0.630830348016738
1298.221878,1300.935425,15.3333333333333,5.85946527708232,0.172259990432881,0.887881656147331,0.542136179875376
1299.126388,1301.839974,15,6.92820323027551,0.268747338101572,0.970569628965104,0.580285734543807
1300.030923,1302.744508,16,6.48074069840786,0.16645714209623,1.06269899978042,0.598968437236227
1300.935425,1303.649003,14,7.51664818918645,0.145855909319991,1.05054168224927,0.624237744170385
1301.839974,1304.553535,12.8,7.19027120489902,0.0791441998142853,0.927812952123269,0.582370653908912
1302.744508,1305.458072,12.4,8.08084154033477,0.383849728353383,1.12323464218807,0.645753235173209
1303.649003,1306.362615,19,11.2694276695846,0.470168867724417,1.19492481250579,0.603559336099734
1304.553535,1307.267183,15.25,8.69386757049665,0.415782422303916,1.16646978208193,0.588549697917472
1305.458072,1308.171755,17.75,10.1447851956888,0.159033959130103,0.854887487013172,0.4792863671509
1306.362615,1309.076298,19.6666666666667,11.2398102000582,0.184102630591416,0.83150732918299,0.491873751813292
1307.267183,1309.980831,11.1666666666667,5.56477013601341,0.244457652093825,0.885605023871139,0.530747529635657
1308.171755,1310.885394,10.2,5.35723809439155,0.262041275087741,0.89589734551369,0.533649594964763
1309.076298,1311.789928,13,9.66953980290686,0.262609848999676,0.884548088439221,0.52813623093969
1309.980831,1312.694484,13.3333333333333,6.65832811847939,0.132475064515148,0.912974657848861,0.479129074302308
1310.885394,1313.599009,15.6666666666667,5.5075705472861,0.182581088055755,0.861232187453996,0.472538799681044
1311.789928,1314.50355,25.3333333333333,13.6503968196288,0.152342091953228,0.831520423748417,0.454869652070577
1312.694484,1315.408114,15.5,4.94974746830583,0.0681580371540483,0.772927286840749,0.444453694734749
1313.599009,1316.312617,14.3333333333333,2.51661147842358,0.0881354689425282,0.765706948134075,0.462846258365006
1314.50355,1317.217158,18.6666666666667,5.68624070307733,0.0894291147459079,0.76859880097172,0.453238867162228
1315.408114,1318.121676,21.6666666666667,10.4083299973307,0.1021681122189,0.813637259183913,0.468904391289475
1316.312617,1319.026202,13.6666666666667,9.56382071489563,0.101415748182959,0.778689031835565,0.483215731785962
1317.217158,1319.930736,10.4,5.85662018573853,0.111337030058175,0.776513476196887,0.565792027676725
1318.121676,1320.835256,13.2,6.05805249234438,0.51306426042295,1.05305874877609,0.601233403218114
1319.026202,1321.739781,16,7.16472842006823,0.471373302942774,1.19447507895672,0.600444217222983
1319.930736,1322.644313,15,6.97614984548545,0.415546875839213,1.10701197555085,0.55466999912963
1320.835256,1323.548809,17.5,10.6614570611463,0.152875210965129,0.972335389763875,0.529873848512321
1321.739781,1324.453377,24.3333333333333,5.85946527708232,0.139447024887594,0.95859683764319,0.539264585611969
1322.644313,1325.357874,22.6666666666667,3.05505046330389,0.119293103243492,0.98191254970649,0.512405045168855
1323.548809,1326.262404,12.2,8.19756061276768,0.108522015073917,0.829803654184787,0.485022328240737
1324.453377,1327.166914,8.75,3.20156211871642,0.08851441083246,0.799501874765944,0.42918956619802
1325.357874,1328.071426,20,24.8864086065735,0.146192216839044,0.839226354100214,0.464274320751747
1326.262404,1328.975942,6.5,3,0.116604233789592,0.980085698446969,0.497406030084434
1327.166914,1329.880469,8.8,5.76194411635517,0.135524334242017,0.944754863704458,0.528982977980759
1328.071426,1330.785002,21.6666666666667,18.7705443004015,0.156217113695247,0.950457725800578,0.542068284951236
1328.975942,1331.689504,18,0,0.0587166537528356,0.940821236586,0.504186223709023
1329.880469,1332.594027,23,7.07106781186548,0.108869419580299,0.882715792762477,0.506214588300506
1330.785002,1333.498543,25.6666666666667,15.6311654502578,0.0689751619437844,0.863661882021977,0.50813164707267
1331.689504,1334.403074,13,6.92820323027551,0.0553627193782361,0.936274840280504,0.545112069501082
1332.594027,1335.307586,13.4,6.50384501660364,0.0941385316109543,0.907354857341157,0.54475117506386
1333.498543,1336.212096,13.3333333333333,6.11010092660779,0.143713353480511,0.854037781542212,0.511729543933926
1334.403074,1337.116623,21.3333333333333,8.32666399786453,0.108858168880903,0.884292677275605,0.496237095555185
1335.307586,1338.021118,26,2.82842712474619,0.0482352481026288,0.898545340310538,0.484644829260984
1336.212096,1338.925654,20,11.3137084989848,0.0469229640327932,0.870735615516405,0.484030639081225
1337.116623,1339.83016,18.3333333333333,10.1159939369957,0.0177228994476444,0.858942247272885,0.455561151027336
1338.021118,1340.734666,25,10.4403065089106,0.0143182676166692,0.865488137633838,0.477395544694215
1338.925654,1341.63921,17.5,9.74679434480896,0.195395595099957,0.917188731645819,0.51606856068346
1339.83016,1342.543712,15.75,12.8679187646384,0.354025898819806,1.10898003326641,0.591164897404877
1340.734666,1343.448231,16.3333333333333,15.6950098226581,0.378322543725248,1.16896065799992,0.559833868421842
1341.63921,1344.352755,22.3333333333333,16.8027775481714,0.286340891745411,1.20335453034795,0.537471889974181
1342.543712,1345.257262,14.6666666666667,10.0166528008778,0.194228874711984,1.00076441302554,0.492703909393064
1343.448231,1346.161773,10.75,3.30403793359983,0.188553860469156,0.959855353846628,0.525469196253658
1344.352755,1347.066327,11.6666666666667,2.65832027165025,0.170602056000271,0.87125245582574,0.504627382187536
1345.257262,1347.970887,13,5.61248608016091,0.112206030293141,0.859351183608017,0.494924109995292
1346.161773,1348.875471,20.25,14.4308696896618,0.142948200424685,0.914653805741672,0.504346080431922
1347.066327,1349.780041,34.5,7.77817459305202,0.243962765239165,0.919594911377995,0.491243740481163
1347.970887,1350.68462,26,4.24264068711928,0.243878278411645,0.900251479984816,0.447997624356271
1348.875471,1351.589189,30,9.89949493661167,0.141120349936683,0.826572017430938,0.439237468629637
1349.780041,1352.493743,32,7.07106781186548,0.0279456706365075,0.899685120695377,0.47097520863461
1350.68462,1353.398324,19.3333333333333,8.62167810425171,0.245051680410455,0.997520230735612,0.516576419700587
1351.589189,1354.302872,21.6666666666667,12.0138808606267,0.259284446843689,1.06708220526795,0.527771979674418
1352.493743,1355.207413,16.5,12.6622799421484,0.263308662482543,1.04018962077107,0.526280214438725
1353.398324,1356.111927,10.8,6.01664358259653,0.358760726820268,1.15860117418642,0.578632891424008
1354.302872,1357.016467,12,4.84767985741633,0.41010585677158,1.03699337568001,0.565179522673539
1355.207413,1357.921014,11.8571428571429,4.98091596089753,0.35792600974781,0.987433860434957,0.552598828867575
1356.111927,1358.825557,10.5,4.37035467668243,0.0718177920446815,0.816571892075871,0.430059913226698
1357.016467,1359.730064,15,16,0.0553428960674561,0.849744930895371,0.409170710835727
1357.921014,1360.634604,18.75,17.250603854165,0.0869015626159901,0.847294000732364,0.37686733821933
1358.825557,1361.539115,12.25,6.80073525436772,0.0972805782010304,0.855421900124268,0.390679349436359
1359.730064,1362.443675,24.3333333333333,20.9841209807162,0.103970078657738,0.872963089246757,0.392982728814666
1360.634604,1363.348181,25.5,31.8198051533946,0.0911982973832297,0.874163174819998,0.392220775024805
1361.539115,1364.252752,17,19.7989898732233,0.115617050607265,0.889854292423177,0.39789167377016
1362.443675,1365.157323,30,1.4142135623731,0.235008000013331,0.779682615975647,0.386627591474542
1363.348181,1366.061849,42.5,19.0918830920368,0.235520071257701,0.768693194784177,0.368219399667709
1364.252752,1366.966392,4,0,0.0101019943595894,0.743252226206387,0.424891939780614
1365.157323,1367.870917,17,18.3847763108502,0.499540295518466,1.0316324622962,0.508264376685603
1366.061849,1368.77544,34,0,0.283317157384759,1.40805745126258,0.569924058817317
1366.966392,1369.680005,15.5,16.2634559672906,0.143663318780405,1.10117194804224,0.566672115932118
1367.870917,1370.584521,19.75,10.6262254195301,0.168119689968122,1.01222184773923,0.505563238606045
1368.77544,1371.489076,20.75,11.6726175299288,0.138027817789869,0.986718985529706,0.481435423385677
1369.680005,1372.393577,15.6666666666667,13.4288247189891,0.142133120026594,0.913624571604384,0.479038271647466
1370.584521,1373.29809,17,15.7162336455017,0.139773686400157,0.891937445975343,0.476159921635931
1371.489076,1374.202601,17.25,13.1751027826478,0.165095075279133,0.863414460764491,0.500225633867671
1372.393577,1375.107131,10.6666666666667,4.84424056655599,0.166877119460299,0.906855848862461,0.516199333516308
1373.29809,1376.011643,11,5.54977477020464,0.185627190249403,0.881540499125052,0.495201813176029
1374.202601,1376.916162,15.8,14.6867287031524,0.213749107571992,0.951468567796853,0.485764733066934
1375.107131,1377.820692,14.8,14.9231363995643,0.180918084996585,0.96884139295221,0.486668626758309
1376.011643,1378.725214,9.14285714285714,5.45980986935661,0.158207003180326,0.976118799792052,0.53020398058953
1376.916162,1379.629732,12.8333333333333,9.13053485107344,0.225993978917933,0.999329564593063,0.548107904117797
1377.820692,1380.534234,14.5,9.98331942124796,0.273264783248651,1.05650159547119,0.515695487415411
1378.725214,1381.43873,20,11.3578166916005,0.358950350224462,1.00386411680918,0.473719224680574
1379.629732,1382.343237,27,2.82842712474619,0.0683344193912699,0.712989404767654,0.424007276030267
1380.534234,1383.247748,16.5,10.847426730182,0.349564842492164,1.03562029692868,0.534400131321334
1381.43873,1384.152285,12.8,8.52642949891688,0.285129236386928,1.22931178299593,0.627787063362767
1382.343237,1385.056765,11.8,7.56306816047562,0.146394452329181,1.30855524347932,0.623634842807656
1383.247748,1385.961266,20.3333333333333,17.8978583448784,0.382391527204282,1.16096127693012,0.501227093236825
1384.152285,1386.865792,40,0,0.410606734303752,0.901535145848848,0.372549782652086
1385.056765,1387.770326,36,0,0.132561466079197,0.704927451210432,0.334642550272045
1385.961266,1388.674858,48,0,0.143575602448646,0.697139280694681,0.316223175546417
1386.865792,1389.579398,21,21.2132034355964,0.46002166502093,1.00875449352331,0.40540370185529
1387.770326,1390.483963,11.8333333333333,12.0069424362186,0.421299620367012,1.30987867461689,0.680702542205102
1388.674858,1391.38849,7.11111111111111,2.36877840059198,0.525061988479058,1.47465645158431,0.893075533059801
1389.579398,1392.293031,7.2,3.61478445646026,0.502330903859565,1.52494212916051,1.01334647893595
1390.483963,1393.197528,7.88888888888889,4.07567308687916,0.529333913583437,1.45124054005497,0.946460209100407
1391.38849,1394.102057,10,5.8309518948453,0.278836830217698,1.36088670828054,0.820234246224241
1392.293031,1395.006561,14.6,6.94982014155762,0.143610220911901,1.18464642868609,0.665713003797883
1393.197528,1395.911086,16.5,6.75771164423776,0.0683897914619547,1.04599074674559,0.586283896255988
1394.102057,1396.81561,12.5,6.13731754650732,0.0584781586897197,1.0423028634558,0.574893374540832
1395.006561,1397.720142,13.25,6.18465843842649,0.109262872164899,0.975368929176829,0.570049670714979
1395.911086,1398.624647,18.3333333333333,0.577350269189626,0.11142541539176,0.949087026376043,0.589603733781365
1396.81561,1399.529153,15.5,7.93725393319377,0.337902036035432,1.06389921637458,0.623690404487331
1397.720142,1400.433655,14.6,8.23407554009556,0.303584505058999,1.13096529569055,0.641669888352124
1398.624647,1401.338161,13.4,7.26636084983398,0.269511085627419,1.15991980065744,0.626828117143312
1399.529153,1402.242671,13.6666666666667,4.93288286231625,0.233513137214917,1.14736157320956,0.556053086594444
1400.433655,1403.147195,18.25,11.146748404804,0.420236952471548,1.19245099418426,0.620766026826126
1401.338161,1404.051683,21,10.5514611942296,0.447458529891517,1.18385437438762,0.615656101671547
1402.242671,1404.956205,19.25,7.9320026895272,0.453360687293986,1.19481678445279,0.648056424021558
1403.147195,1405.860679,12,8.8994381845148,0.304937671367147,1.28451758593152,0.714564974576523
1404.051683,1406.765212,10.8,7.52994023880668,0.218064496645679,1.48997892980097,0.772849372637613
1404.956205,1407.669716,13.2,11.3446022407134,0.21842874952028,1.48916382513724,0.774955835840721
1405.860679,1408.574206,16.75,10.9962114688045,0.314796274718565,1.36977578880014,0.709135089686384
1406.765212,1409.478728,9.66666666666667,5.8878405775519,0.203226686282242,1.21246085853116,0.689150764497146
1407.669716,1410.383234,9.66666666666667,5.46504040851179,0.178613897148824,1.18988351795931,0.733723147144281
1408.574206,1411.287744,12.8333333333333,7.78245890876827,0.136553425685772,1.17883359580278,0.722866267235256
1409.478728,1412.19221,18.75,9.9121138007995,0.189041728823106,1.13325803453377,0.672052398705354
1410.383234,1413.096733,23.3333333333333,15.5349069303081,0.287174603008152,1.21629227979298,0.668977563551389
1411.287744,1414.001243,21.3333333333333,13.6503968196288,0.311035304230865,1.27291607201547,0.686777261077991
1412.19221,1414.905739,12.6666666666667,5.5075705472861,0.163935278912795,1.45785689710914,0.773213872294685
1413.096733,1415.810219,13.75,6.9462219947249,0.220358549171916,1.34141254496807,0.738197130756496
1414.001243,1416.714751,16.8,8.22800097228969,0.288000162002829,1.19182736287052,0.740451633244448
1414.905739,1417.61925,12,8.02496105909555,0.246066268650224,1.15473258188154,0.714344249712885
1415.810219,1418.523759,10.6,6.46529195009785,0.261389083784412,1.13929715322172,0.70688536050766
1416.714751,1419.428242,15,3.93700393700591,0.223376278032781,1.13427149576023,0.667092594515318
1417.61925,1420.332753,14.8,4.14728827066554,0.169499410647061,0.989179417222479,0.613673472033664
1418.523759,1421.237246,14,6.70820393249937,0.147571487170243,1.01010456644638,0.601736839501461
1419.428242,1422.141739,12,5.52268050859363,0.157800997011845,0.939650987508682,0.55816500901999
1420.332753,1423.046236,12.8,8.22800097228969,0.234267737913776,0.999892567688077,0.534160182029189
1421.237246,1423.950731,13.5,7.55645419492503,0.344527962610373,1.00483643010777,0.580924791016371
1422.141739,1424.855243,13.6,6.10737259384099,0.362741893020934,1.04329132547497,0.575363727843761
1423.046236,1425.759741,13.4,5.94138031100518,0.334328254943522,0.980047241679368,0.599660963559011
1423.950731,1426.66427,16,6.6332495807108,0.085289118323761,0.881660255051095,0.549858906516907
1424.855243,1427.568739,17.25,8.42120339777319,0.0689432006259459,0.959143315044128,0.570712578203428
1425.759741,1428.473236,13,9.64365076099295,0.0755117109206889,1.00212454368778,0.512739012250039
1426.66427,1429.377766,19.3333333333333,20.5507501890645,0.144459767652058,0.887558404721282,0.497912418461651
1427.568739,1430.282246,14.3333333333333,11.9303534454489,0.250894940255683,0.946069911958322,0.47322567238681
1428.473236,1431.186711,14.3333333333333,11.9303534454489,0.250894940255683,0.946069911958322,0.49578502836505
1429.377766,1432.091233,20.6666666666667,13.0511813003013,0.240377947389493,1.0259929576759,0.503867212856083
1430.282246,1432.995721,17,8.66025403784439,0.166881122427678,0.905819961980519,0.475605516630243
1431.186711,1433.900256,16,10.0332779621949,0.135901666439553,0.908134212037178,0.446983591146575
1432.091233,1434.804734,16.25,10.2428837085396,0.158307949362367,0.877177370204457,0.455392734236838
1432.995721,1435.709229,20.3333333333333,12.2202018532156,0.228410769004247,1.01213004658083,0.473657271943724
1433.900256,1436.61373,16.25,10.3077640640442,0.188275334594588,1.02963427411848,0.542772574480005
1434.804734,1437.518236,10.75,5.18812747209113,0.151745205735209,1.00938088373251,0.52928097521342
1435.709229,1438.422719,17.5,15.8008438593218,0.0670130130690508,0.956792398463483,0.548069694524553
1436.61373,1439.327229,21.3333333333333,18.5022521151706,0.0986715794026959,0.895146908594674,0.510810730735977
1437.518236,1440.23171,19,2.82842712474619,0.143681702190407,0.830415879056872,0.509594393784042
1438.422719,1441.136197,18,10.0995049383621,0.162375273429899,0.871353008024301,0.526304548241636
1439.327229,1442.040715,17.75,10.1447851956888,0.120633176836958,0.934611433008256,0.520782475471626
1440.23171,1442.945271,15.5,6.13731754650732,0.0943630843118795,0.953559062732709,0.522091404738074
1441.136197,1443.849799,15.2,6.34034699365894,0.131099948258853,0.969741455427365,0.544011943871208
1442.040715,1444.754338,13.6,4.77493455452533,0.136364210291177,0.979994917967787,0.578388372779253
1442.945271,1445.658872,12.8333333333333,4.66547603859099,0.199236818151436,0.997081404421843,0.607427692335414
1443.849799,1446.563435,14.6,5.85662018573853,0.207332699259765,0.952504314987773,0.578372894264553
1444.754338,1447.467983,17.25,9.94568583189046,0.223170067773971,0.961856772297679,0.561885942738399
1445.658872,1448.372526,19.6666666666667,10.0664459136943,0.146254584337155,0.899574172206034,0.5336509732437
1446.563435,1449.277036,19.6666666666667,7.09459888459759,0.167744064197852,0.990403789616678,0.54340109532769
1447.467983,1450.181593,15,4.24264068711928,0.0603008351575999,1.08084502651393,0.538054145884338
1448.372526,1451.086107,15,4.24264068711928,0.0603008351575999,1.08084502651393,0.504399388137289
1449.277036,1451.990631,0,0,0,1.01246916044967,0.447359662672418
1450.181593,1452.895132,8,0,0.0812593163512088,1.02949675389723,0.509754819458468
1451.086107,1453.799672,11,8.86942313043338,0.0876460650400902,1.08153103298922,0.617139484277168
1451.990631,1454.704197,10.8571428571429,6.51737604225738,0.150655619972301,1.04499848836682,0.657280201936262
1452.895132,1455.6087,10.3333333333333,4.96655480858378,0.1756292473107,1.02194978413201,0.598768933736105
1453.799672,1456.513198,16.75,9.77667291737498,0.187521683629591,0.955645816189397,0.536328012259101
1454.704197,1457.4177,14.25,10.6262254195301,0.105853565969149,0.893771681012799,0.5231787657353
1455.6087,1458.32221,15.2,8.61394218694321,0.623276102951915,1.17572999255179,0.628774579503853
1456.513198,1459.226718,18.75,8.77021474461525,0.65629024911098,1.31682127652411,0.648542553358014
1457.4177,1460.131214,14.8,7.69415362466854,0.614505726639668,1.24351798081253,0.640881984689739
1458.32221,1461.035711,16.4,8.04984471899924,0.205633663475861,0.982257791596712,0.563395094805357
1459.226718,1461.940239,19.3333333333333,9.01849950564579,0.115378576131228,0.878885308330038,0.505852055709352
1460.131214,1462.844723,27.5,10.6066017177982,0.139871326523057,0.879259471314849,0.490460605669123
1461.035711,1463.749246,20.6666666666667,15.0443787951957,0.105791929871252,0.756097057523502,0.446637305136309
1461.940239,1464.65372,17.3333333333333,10.785793124909,0.160953652261458,0.827019354398279,0.477106740466077
1462.844723,1465.558252,13.75,11.3541475535007,0.183038989715482,0.841265545160017,0.486956934423398
1463.749246,1466.462738,18.6666666666667,14.2945210949277,0.168853558872378,0.892874837141248,0.495221405209799
1464.65372,1467.367248,20.3333333333333,15.1437555888007,0.157196232508295,0.828824545084069,0.456321368854467
1465.558252,1468.271719,24.5,3.53553390593274,0.115451355381206,0.835593077190998,0.448453988193053
1466.462738,1469.176218,20,8.18535277187245,0.120915454253707,0.797729715047819,0.411010161592218
1467.367248,1470.080737,20.5,13.4350288425444,0.18530979372825,0.757159140638377,0.40756265183197
1468.271719,1470.985208,25.6666666666667,5.13160143944688,0.122855561825339,0.755718444135251,0.401932330246219
1469.176218,1471.889724,17,4.24264068711928,0.0209395699551932,0.871692324355771,0.478396694364128
1470.080737,1472.794227,23,10.816653826392,0.025460918412177,0.862259032603693,0.497587111783502
1470.985208,1473.698702,33.5,2.12132034355964,0.0911259381570527,0.914379963154201,0.495436023151914
1471.889724,1474.603196,23.3333333333333,11.7189305541646,0.148827101414176,1.03561540093923,0.525148338680299
1472.794227,1475.507683,20,9.16515138991168,0.126118463944457,1.04845170427843,0.515895591981782
1473.698702,1476.412184,15.25,6.18465843842649,0.211142514396729,0.930893509572869,0.520989877760275
1474.603196,1477.316695,18.5,11.7898261225516,0.228384492539478,0.912062483562674,0.488228394780412
1475.507683,1478.221192,22,12.5299640861417,0.288494217397997,1.09862903431971,0.539950923031499
1476.412184,1479.125667,21,11,0.209779614129687,1.18015642460961,0.554492502266725
1477.316695,1480.030147,22.6666666666667,8.14452781524708,0.219582699522127,1.09861281559466,0.552109370347638
1478.221192,1480.934642,16.3333333333333,3.05505046330389,0.134863782568546,0.949708849319097,0.532655593461622
1479.125667,1481.839115,17,4,0.0729531422072572,0.883136861769123,0.521706181980587
1480.030147,1482.743652,25.6666666666667,4.50924975282289,0.0227842415978191,0.834102991057139,0.499421647728658
1480.934642,1483.648125,16.5,13.4350288425444,0.240480322862733,0.978181500086305,0.520283212205313
1481.839115,1484.552632,21,19.7989898732233,0.229959804557493,0.991200279081547,0.516081442827953
1482.743652,1485.457117,33,2.82842712474619,0.195313353078091,1.03864814834974,0.516468189697205
1483.648125,1486.361597,32.5,2.12132034355964,0.0561109059710703,0.918674104165856,0.471779713504395
1484.552632,1487.266079,28.5,7.77817459305202,0.0554910533946749,0.919241937319564,0.463563662666222
1485.457117,1488.170563,18.25,10.688779163216,0.179730569057832,0.917097667318322,0.490621130903055
1486.361597,1489.075054,19,11.2249721603218,0.428065572690419,1.09621278143083,0.612760060468127
1487.266079,1489.979535,16.2,11.0544108843484,0.368077728610513,1.16131236657588,0.662260876594758
1488.170563,1490.884035,16.25,11.8988794990677,0.564527292462756,1.51256268993806,0.813425151783992
1489.075054,1491.788556,12.3333333333333,10.9696551146029,0.624404684354579,1.44626237037278,0.747029590283795
1489.979535,1492.693043,18.5,16.6232768530556,0.583734396670104,1.35595809490127,0.742456321304214
1490.884035,1493.597533,20,16.7531091641721,0.245780412133951,1.11486288935924,0.573005880050921
1491.788556,1494.502024,14.2,9.75704873412037,0.224707129334436,1.08348523757225,0.624083028792325
1492.693043,1495.406504,13.6,6.22896460095897,0.211068840376858,1.0933550626993,0.61581473031238
1493.597533,1496.310982,16,7.21110255092798,0.113302297625685,1.09008003744844,0.574329977581811
1494.502024,1497.215475,18,14.8548533034381,0.127239789349722,1.16977323669882,0.57495255308925
1495.406504,1498.11996,10.75,5.5,0.253444349365231,1.27844406444282,0.649431031883482
1496.310982,1499.024458,12,5.68624070307733,0.224034898421715,1.20769989868092,0.709426336545091
1497.215475,1499.928921,12.4,5.94138031100518,0.282782426127723,1.27057492936842,0.693548234124693
1498.11996,1500.833425,11.1428571428571,6.44020112078734,0.254573272120209,1.12256324798023,0.658320812236542
1499.024458,1501.737911,8.25,5.36523198806112,0.272036156871005,1.21627326683565,0.735290137197646
1499.928921,1502.642389,8.4,4.0879225911349,0.236458721358666,1.13654250993579,0.732247998194782
1500.833425,1503.546878,10.5,3.46410161513775,0.366043891057585,1.25639244490683,0.803199540454656
1501.737911,1504.45136,10.5714285714286,2.37045304088641,0.405906272454061,1.1423354141044,0.77004642552882
1502.642389,1505.35584,10.2,2.58843582110896,0.540629175774475,1.32472833849329,0.726138599110383
1503.546878,1506.26033,26.5,21.920310216783,0.590976651566275,1.29401569163996,0.574485519735076
1504.45136,1507.164837,22,0,0.0119361412986892,0.737693044973446,0.458443380508685
1505.35584,1508.069316,25,21.6564078277077,0.020787578927453,0.727260626033444,0.422739006252753
1506.26033,1508.973793,7.5,3.53553390593274,0.0192838415704902,0.714779804980516,0.421780274505471
1507.164837,1509.8783,16,14.9331845230681,0.137402792566506,0.783028644484564,0.435979287963308
1508.069316,1510.782793,17,7.07106781186548,0.123342015766618,0.845526982197301,0.452978604615728
1508.973793,1511.687281,21,8.54400374531753,0.101795989613384,0.852947476325946,0.464822478971105
1509.8783,1512.591773,20,14.7309198626562,0.243749965382811,1.03596264216404,0.551713058975076
1510.782793,1513.49624,17.25,11.8708326020826,0.276587414703746,0.952553164075531,0.539843871816028
1511.687281,1514.40072,14.6,9.01665126307988,0.250409968813045,0.953924671840546,0.545166001070423
1512.591773,1515.305214,15.4,6.65582451691749,0.116687417949311,0.828056274437792,0.474393287794586
1513.49624,1516.20969,14.6666666666667,8.14452781524708,0.0752562109917782,0.892227129319362,0.474932648621602
1514.40072,1517.114201,23.3333333333333,18.3393929379719,0.0434217545498569,0.850136531161278,0.486509101257328
1515.305214,1518.018664,14,4.35889894354067,0.12253318385715,0.809033132473556,0.482938075682964
1516.20969,1518.923161,18.25,9.21502396451939,0.195299493971657,0.882355852671265,0.512121462146028
1517.114201,1519.827621,21,11.13552872566,0.249695548115968,0.854360342636808,0.471018285923997
1518.018664,1520.732099,22.5,0.707106781186548,0.299463489337622,0.830327015716356,0.452694165322781
1518.923161,1521.636593,21,1.73205080756888,0.0279950709139383,0.678878238012541,0.411304078516708
1519.827621,1522.541082,18.75,6.9462219947249,0.092930958851486,0.723398012936498,0.404161183113709
1520.732099,1523.445562,12.8,7.56306816047561,0.110083838045437,0.789651306635361,0.418973127333118
1521.636593,1524.350066,14.75,10.2102889283311,0.124304104586873,0.799771808503278,0.42584967133307
1522.541082,1525.254536,15.75,10.3077640640442,0.121196908501853,0.761778933681452,0.43421881834759
1523.445562,1526.15904,39,0,0.141748062518472,0.794055388115709,0.41038504715348
1524.350066,1527.063507,12.5,14.8492424049175,0.336512877346042,1.0512377948091,0.482284143067699
1525.254536,1527.967996,18.6666666666667,14.9777612924406,0.274822333553925,1.04834942992203,0.476452408648516
1526.15904,1528.872508,30,1.4142135623731,0.31978937022579,1.09406197531124,0.472067745100707
1527.063507,1529.776982,28.5,0.707106781186548,0.12127578874743,0.939946697049212,0.438396698879485
1527.967996,1530.681434,18.25,8.95823643358446,0.199388192885867,0.900858134855249,0.472616100707805
1528.872508,1531.585937,11.6666666666667,6.0882400303098,0.187855126533163,0.944303810448482,0.564286760379749
1529.776982,1532.490423,9.83333333333333,3.06050104830347,0.165100789629369,1.0645205637504,0.599034258137446
1530.681434,1533.394903,11.3333333333333,5.16397779494322,0.229274215291057,0.980825024077373,0.575090340217416
1531.585937,1534.299392,15,8.48528137423857,0.344553341584968,0.951437905141581,0.495197876146554
1532.490423,1535.203859,22.3333333333333,19.731531449265,0.567072145648164,1.02190150578045,0.552591567910362
1533.394903,1536.108354,15.25,4.78713553878169,0.507611745714602,1.21415647465768,0.652146809382021
1534.299392,1537.012847,14.8,4.76445169982864,0.449254812310906,1.28836820674494,0.737287479514368
1535.203859,1537.917318,9.83333333333333,3.25064096243597,0.316928479832277,1.19407478387762,0.710554528077615
1536.108354,1538.821808,9.125,3.7961446607992,0.252882646146447,1.07783491802965,0.675227595172283
1537.012847,1539.726292,10.5714285714286,4.75594865605671,0.197038058514191,1.0357707116686,0.647191112339778
1537.917318,1540.630782,9.75,4.33424898750802,0.181240219163453,0.984526948956465,0.64417506319951
1538.821808,1541.535256,9.71428571428571,4.15187851918806,0.251796798916138,1.08831302554947,0.661977654930396
1539.726292,1542.439705,11.1666666666667,9.45339445208263,0.223511809769648,1.13842377994593,0.651330768737143
1540.630782,1543.34421,16.4,12.6214103807776,0.269714792318974,1.09817275139544,0.596558783159177
1541.535256,1544.248683,11.1666666666667,9.78604448521805,0.197297060017642,0.941592268453435,0.542695670041429
1542.439705,1545.153184,11.5,6.41092816992984,0.224694772719618,0.962340561095248,0.568569678613632
1543.34421,1546.057659,13.5,7.14142842854285,0.210968047499162,0.965316822425091,0.570743157278699
1544.248683,1546.962123,26,7,0.435823943312993,1.23045273368018,0.614517696550802
1545.153184,1547.866618,17,8.71779788708135,0.501369597898289,1.08506895817665,0.579112431342006
1546.057659,1548.771083,12.4,6.14817045957576,0.308492907479529,1.01798627659191,0.696732656485509
1546.962123,1549.675596,15.25,8.73212459828649,0.524701324749587,1.27473148937763,0.714307175164873
1547.866618,1550.58003,18.5,9.29157324317757,0.514717967139917,1.51440335491245,0.749513758131131
1548.771083,1551.484523,13,8.28653526310404,0.581495521398083,1.37236926132314,0.696020386374084
1549.675596,1552.389003,12.4,5.59464029227975,0.439943641550246,1.11743060155622,0.604388301802347
1550.58003,1553.293499,16.75,7.18215380880508,0.129183844223753,0.959411084051733,0.56811103368408
1551.484523,1554.197958,20.3333333333333,9.07377172587747,0.102368769240158,0.905478257956823,0.555759849649613
1552.389003,1555.102455,19,8.54400374531753,0.307842710385764,1.08501695850312,0.572578562955471
1553.293499,1556.006919,17,10.8627804912002,0.282847868675442,1.04645567097212,0.548457419619796
1554.197958,1556.911381,18,10.1653004546513,0.317004339866174,0.977094571806688,0.50571770123273
1555.102455,1557.815884,17,8.52447456836295,0.0755975063167819,0.852083954349665,0.478937359016184
1556.006919,1558.720369,23.5,4.94974746830583,0.0749974079020718,0.824666431325452,0.456287017365173
1556.911381,1559.62484,29,0,0.199205982086995,0.764462719161852,0.494788662655643
1557.815884,1560.529312,28.5,17.6776695296637,0.569457050277198,1.12977595274681,0.500611493323017
1558.720369,1561.433792,14,3.46410161513775,0.465212070929434,1.07261596017815,0.512115386444268
1559.62484,1562.338266,14.3333333333333,3.78593889720018,0.121697806410988,0.853717352222207,0.526499388460727
1560.529312,1563.242736,25.3333333333333,11.9303534454489,0.137596136829266,0.864581231508388,0.493688154443346
1561.433792,1564.147225,25,19.7989898732233,0.562880464537994,1.22795600158019,0.710481377019754
1562.338266,1565.051697,15,3.60555127546399,0.442523779993939,1.19882196076162,0.709773819371464
1563.242736,1565.956169,22.3333333333333,9.29157324317757,0.432943138696064,1.25794592458792,0.724144712563915
1564.147225,1566.860668,21,12.5299640861417,0.349959733516935,1.21553291749546,0.601910232139786
1565.051697,1567.765111,13.5,6.1913918736689,0.371031179843752,1.11752626242956,0.591830027148718
1565.956169,1568.669613,11.8333333333333,9.15241316083724,0.328872446429576,1.10976273161838,0.631278276075322
1566.860668,1569.574094,12.75,11.4418821295566,0.249840741370552,1.03088611631689,0.573502730220148
1567.765111,1570.478543,17.25,20.1721755561136,0.274570450513929,1.00491887769406,0.566815593173293
1568.669613,1571.38303,16,9.89949493661167,0.309804444554845,0.925428774538204,0.508475425734689
1569.574094,1572.287523,17.75,6.39661368746516,0.235836887970137,0.976706708685793,0.561221756191065
1570.478543,1573.19196,12.8,6.41872261435249,0.215982955623189,1.09242319683687,0.652727628452494
1571.38303,1574.09645,17.5,11.7331439378654,0.161019686907084,1.08952741464872,0.639868152043425
1572.287523,1575.000921,16.5,13.7719521734091,0.220911546396822,1.03982296897388,0.609025764339181
1573.19196,1575.905395,19.6666666666667,14.9777612924406,0.189177893120636,0.983649317483676,0.532872682836768
1574.09645,1576.809892,18,14.1656862405839,0.189250536521227,1.00450442924096,0.55048318615822
1575.000921,1577.714357,16,9.41629792788369,0.15128472132232,0.988286939845699,0.553927804464934
1575.905395,1578.618833,10.2857142857143,4.60848079502294,0.163925224393342,0.948576357956949,0.600162675460142
1576.809892,1579.523317,9.33333333333333,4.22689799577263,0.166773860034069,0.957533407344366,0.645685762817751
1577.714357,1580.427767,9.83333333333333,3.92003401345788,0.15231854740352,1.02457100492278,0.674148564489964
1578.618833,1581.332273,14.4,6.65582451691749,0.135117287479942,1.03153261580211,0.650684884580099
1579.523317,1582.236721,15.2,6.68580586017871,0.535525874613773,1.22990469473673,0.685923000031409
1580.427767,1583.141215,12,5.65685424949238,0.546637362821873,1.15064074039943,0.643299656942018
1581.332273,1584.045694,12,4.24264068711928,0.514794507712857,1.11137999808678,0.645220513072633
1582.236721,1584.950158,9.71428571428571,4.02965199962667,0.206935540460035,0.981849925562908,0.575125725470785
1583.141215,1585.854638,11.2,4.81663783151692,0.139786786513199,1.01129705811503,0.572818317604735
1584.045694,1586.759109,12.5,9.89444288477123,0.380790091270766,1.17422654777181,0.657289226929619
1584.950158,1587.663599,7.2,3.03315017762062,0.402440792098026,1.24748928033474,0.652051454450057
1585.854638,1588.568072,10.5,11.0770032048384,0.394273459213804,1.20504728737475,0.663855444391038
1586.759109,1589.472552,18,15.2315462117278,0.174752163849677,0.888090642001307,0.528192303720548
1587.663599,1590.377083,14.75,12.3659478676997,0.166418326254819,0.823949613454913,0.451458735080738
1588.568072,1591.281578,17.6666666666667,11.060440015358,0.0946046329433393,0.834490310152148,0.436935043450165
1589.472552,1592.186098,6,0,0.0683682225623166,0.895770796693727,0.398629411844534
1590.377083,1593.090623,32.5,37.476659402887,0.182174915107182,0.794363050825634,0.380291977401123
1591.281578,1593.995188,21,18.3847763108502,0.223276860550822,0.849178452229402,0.420831584004028
1592.186098,1594.899732,13.6666666666667,8.14452781524708,0.179320572457085,1.11685460159295,0.564557602062864
1593.090623,1595.804272,11,5.96657355607052,1.04144839320569,1.63458204234286,1.17983486478441
1593.995188,1596.708827,8.75,1.25830573921179,1.15113439314468,1.89721729976025,1.2308570423536
1594.899732,1597.613342,13.1666666666667,13.8912442447272,2.05390666004615,2.76124894942813,1.73034000388939
1595.804272,1598.517883,6.22222222222222,3.63241578628389,1.88394983463551,3.11294120654438,2.18649659832512
1596.708827,1599.422397,5.91666666666667,3.14666730867995,1.62927858907241,3.65432652124281,2.77432595456871
1597.613342,1600.326931,6.30769230769231,4.11064908468674,1.27431147903178,3.68741943145048,2.8747498974777
1598.517883,1601.23144,8.1,4.74809903481851,1.16889821852889,4.46880594981819,3.1056522689154
1599.422397,1602.135969,9.25,6.54107898482462,2.7517816651078,5.53371984918356,3.6563179166088
1600.326931,1603.04045,11.5714285714286,6.80336051416609,3.30317948824179,5.67820839610399,3.74345379809576
1601.23144,1603.944982,9.375,6.92691438211437,3.6907690759738,4.06284310421275,3.19968279617094
1602.135969,1604.849485,7.6,3.83550663030467,1.71761753081245,2.46182678679317,2.07861827816264
1603.04045,1605.753968,6.38461538461539,2.98715197522271,2.92853877856717,4.30332193502728,3.22175284651449
1603.944982,1606.658463,6.08333333333333,2.19330938551907,2.60462008275418,5.35300718155641,3.77913438879192
1604.849485,1607.562974,6.33333333333333,2.57022578892606,2.58141676739886,5.65906623491264,3.82114544734211
1605.753968,1608.467485,7.66666666666667,2.91547594742265,2.34252143445416,3.80580665755147,2.66551771557421
1606.658463,1609.371979,8.2,5.05085251330022,1.90868090178971,2.6619741851744,1.85213346812765
1607.562974,1610.2765,9.875,8.04340901430659,1.2706513301614,2.27232719567303,1.56037713411543
1608.467485,1611.181014,9.875,7.21976453909683,0.596797810750169,1.90922238416915,1.1980577061825
1609.371979,1612.085532,12,8,0.343175683291239,1.87044668054422,1.01684038892546
1610.2765,1612.990063,7.33333333333333,4.60977222864644,0.477205076888179,1.56614806969723,0.962949500357882
1611.181014,1613.894552,10.625,6.61032741786884,0.185699440338421,1.30266101710665,0.839137967376469
1612.085532,1614.799056,8.71428571428571,7.01698619338069,0.10846520853038,1.2097817694999,0.75186711467763
1612.990063,1615.703551,11.8,6.26099033699941,0.4900111292397,1.3978809779574,0.794459582833366
1613.894552,1616.608057,19.25,8.95823643358446,0.552085703950306,1.4096407062718,0.74983292153016
1614.799056,1617.512568,22.6666666666667,6.50640709864771,0.576579306971551,1.51746426600959,0.716196268920027
1615.703551,1618.417128,14.5,5.19615242270663,0.227143434795939,1.30335972944065,0.70762715897844
1616.608057,1619.321641,17,7.87400787401181,0.225834989508294,1.29777185678617,0.736361353854879
1617.512568,1620.226123,12.2,7.98122797569397,0.924006129316993,1.69254690430279,0.874690138545514
1618.417128,1621.130655,13.5,7.54983443527075,1.09945428327639,1.60835835891247,0.803389112260375
1619.321641,1622.03518,18,4.76095228569523,1.14033705658787,1.50680341047005,0.755222399118305
1620.226123,1622.939652,21.6666666666667,11.0151410945722,0.141365242262187,1.0127016350448,0.552105120375976
1621.130655,1623.844176,16.4,9.4233751915118,0.282316811510069,1.04425880210171,0.596336131899895
1622.03518,1624.748668,11.3333333333333,3.20416395751944,0.289271984939484,1.05337063642065,0.640318556171165
1622.939652,1625.653156,12.4285714285714,3.40867241298539,0.332872874863022,1.1808195962771,0.753314764143986
1623.844176,1626.557666,9,5.17687164221791,0.271818619167581,1.18392789580538,0.722678203210478
1624.748668,1627.462153,10.8333333333333,8.84119147324989,0.302960294020615,1.08528176899715,0.661844803211693
1625.653156,1628.366634,16.4,14.7410990092327,0.11415863070024,0.892264235850827,0.485412407773884
1626.557666,1629.271109,20.5,23.3345237791561,0.141722352360121,0.842766031700667,0.428979581963138
1627.462153,1630.175613,29,29.698484809835,0.12640183815256,0.842725818840942,0.432867215300096
1628.366634,1631.080115,13.6666666666667,8.14452781524708,0.108198446203409,0.91627621759277,0.481202622766371
1629.271109,1631.984601,14,5.87367006223537,0.104298414353754,0.956058786930097,0.525619088669281
1630.175613,1632.889067,14,4.06201920231798,0.121829395636829,0.930134064753598,0.528506185859944
1631.080115,1633.793565,13.2,5.76194411635517,0.183569135533086,0.929012761139965,0.531966936437157
1631.984601,1634.698042,15.6,9.83869910099907,0.252918437461338,0.995515965021068,0.569474485585033
1632.889067,1635.602533,11,9.65401470891774,0.246300112328662,0.968819578867503,0.562106600001883
1633.793565,1636.507013,11,8.69482604771366,0.218041194558782,0.941591620353678,0.544683150552753
1634.698042,1637.411511,10.6666666666667,8.71014733897577,0.200647246383972,0.907949633736683,0.509042397170184
1635.602533,1638.315986,13.2,8.87130204648675,0.179454228364855,0.975877070837366,0.520666804991701
1636.507013,1639.220491,13.8,10.0598210719674,0.158303084473646,1.03607402066694,0.554540900885923
1637.411511,1640.124973,11.6666666666667,8.02080627701064,0.075795061418962,0.995417738956118,0.517203215690769
1638.315986,1641.029471,22,21.6333076527839,0.15569702110917,1.16357852759986,0.612205166074467
1639.220491,1641.933925,11.75,7.5,0.191061772787085,1.08822162785713,0.624055562085139
1640.124973,1642.838406,11.3333333333333,6.25033332444492,0.207223437316541,1.02275628455515,0.642690758957974
1641.029471,1643.74289,11.5,6.53452370108182,0.11570638634175,0.879670295075153,0.536084685212775
1641.933925,1644.647393,14.4,8.1117199162693,0.158759964076337,0.895142108907257,0.52120850494513
1642.838406,1645.551873,18.75,11.0264832713487,0.151226756929221,0.93046423760248,0.529441688709062
1643.74289,1646.456337,16.75,14.2448821218944,0.0866172370454246,0.997926691326229,0.547883451920745
1644.647393,1647.360822,13.75,9.74251849711699,0.122948551651109,0.896988519997623,0.531096455176606
1645.551873,1648.265296,12,5.52268050859363,0.178983249176924,0.872996882770925,0.507545529654051
1646.456337,1649.169792,19.6666666666667,7.02376916856849,0.202910628601519,0.906098966534413,0.463607428954028
1647.360822,1650.074275,36.5,13.4350288425444,0.18552315859344,0.846633476933663,0.443799624346871
1648.265296,1650.978773,29.5,23.3345237791561,0.112210457165643,0.8911991399689,0.434005471402698
1649.169792,1651.883208,28.5,21.920310216783,0.0931652656114238,0.876684801036431,0.449558566435564
1650.074275,1652.787709,26.5,24.7487373415292,0.192020451955759,0.960259658499682,0.496371563924676
1650.978773,1653.6922,14,10.5198225587063,0.255860964373281,0.984393816795145,0.567805334646012
1651.883208,1654.59665,14,10.5198225587063,0.272403979939127,0.949908324750478,0.562609903986988
1652.787709,1655.501145,13.8333333333333,7.60043858383624,0.21749474608774,0.838174562610224,0.551867154889582
1653.6922,1656.405633,10,5.71547606649408,0.0727797685765672,0.801322846979893,0.508690249600908
1654.59665,1657.310107,12,7.81024967590665,0.0829047119505553,0.84837375003858,0.499320825033679
1655.501145,1658.214569,13.6666666666667,7.08989891794422,0.164984984664387,0.899417473279,0.512578954451135
1656.405633,1659.119066,10.8,6.97853852894716,0.439476762718945,1.05120498940297,0.551562990672698
1657.310107,1660.023551,10.8,10.5688220724923,0.435889923864719,1.05772314325204,0.567331720094538
1658.214569,1660.927991,19.5,13.7719521734091,0.450500251723823,1.11223497370249,0.594904798672393
1659.119066,1661.832489,19.6666666666667,11.5902257671425,0.19687223529576,0.888380190029168,0.569414203735111
1660.023551,1662.736954,14.6,2.79284800875379,0.155835317325244,0.916012419667657,0.593467418506429
1660.927991,1663.641428,20.25,9.53502316025854,0.400576580752122,1.0444267543052,0.620523144116688
1661.832489,1664.545908,24.6666666666667,11.3724814061547,0.401239735852266,1.14038344649572,0.595289794156637
1662.736954,1665.450372,18.3333333333333,11.2398102000582,0.456956999194713,1.05831987518995,0.59999040092286
1663.641428,1666.354851,12.3333333333333,7.76745346515403,0.255266983055011,0.956245392193528,0.524301251976889
1664.545908,1667.259357,14.2,7.56306816047562,0.200326305685911,0.980712930980712,0.546807558045844
1665.450372,1668.163792,20,9.64365076099295,0.0883604274741029,1.02174369705143,0.548849283849936
1666.354851,1669.06829,23.5,10.6066017177982,0.0641927419362796,1.05731203408924,0.515144966024034
1667.259357,1669.972757,26.5,3.53553390593274,0.218953481206636,0.887315360603434,0.446239967976225
1668.163792,1670.877228,19.3333333333333,14.5716619962629,0.183360841707368,0.915188393132377,0.441041604687759
1669.06829,1671.781694,16.25,11.4709778717132,0.177983512465956,0.886288314587257,0.447705680496633
1669.972757,1672.686188,12.4,5.50454357780915,0.156300767586251,0.875615298777972,0.474553656288233
1670.877228,1673.590668,17.5,5.97215762238964,0.225954800720337,0.879810351109871,0.496120277342804
1671.781694,1674.495112,22,8.71779788708135,0.291436680355469,1.01142063899265,0.548186336591611
1672.686188,1675.399607,21.6666666666667,5.5075705472861,0.299856327326134,1.00684545536033,0.548033646240853
1673.590668,1676.304074,13.75,6.02079728939615,0.219496812532751,0.885525593921972,0.503832413857255
1674.495112,1677.208554,16.8,9.73139250056229,0.0920572289482988,0.765695201836359,0.446481114479482
1675.399607,1678.113026,17,14.1067359796659,0.119643802598091,0.796858247490017,0.466243605235977
1676.304074,1679.017491,18.5,15.2424844868982,0.380683814359159,0.95386082499807,0.553074959625405
1677.208554,1679.921955,20,13.3915396177338,0.306029728753255,1.1023681107686,0.611415284263261
1678.113026,1680.826434,10,4.61880215351701,0.287884613864789,1.21959425115326,0.694270675691588
1679.017491,1681.730902,8.66666666666667,5.7662812973354,0.203560351283284,1.15227711511154,0.682335306599955
1679.921955,1682.635392,7.875,5.66789202437732,0.230768343215638,1.13890322724253,0.642025739480127
1680.826434,1683.539841,12.1666666666667,10.5719755328258,0.14474584678883,1.01060490130686,0.551042603179706
1681.730902,1684.444323,14,10.4880884817015,0.216799233129915,0.974616478925336,0.53862918607593
1682.635392,1685.348793,12.4,9.93981891183134,0.203395363733862,0.989231723539413,0.522306616322961
1683.539841,1686.253274,13,9.8488578017961,0.191513478909229,0.976016105348101,0.509828643225045
1684.444323,1687.157733,13.8,6.37965516309463,0.140655204310555,0.864829260432312,0.460982521960933
1685.348793,1688.062236,14.75,6.65206734782504,0.181796911892177,0.902351927507954,0.530613095763132
1686.253274,1688.966679,13.1666666666667,4.83390801181266,0.250330116786279,1.01759923958964,0.545481769103719
1687.157733,1689.87114,14.2,5.26307894677631,0.225965126683645,1.1059749830517,0.54205546292933
1688.062236,1690.775633,11.6,3.36154726279432,0.266081575016249,1.00998039163837,0.543809128445508
1688.966679,1691.680074,14.5,7.04745817062199,0.28042233945078,0.894024133268474,0.491815413436778
1689.87114,1692.584554,33,11.3137084989848,0.293777067720776,0.900089986348984,0.479106167917301
1690.775633,1693.489036,24,15.1327459504216,0.208544789853202,0.88323661944944,0.505006902798342
1691.680074,1694.393473,15.75,4.3493294502333,0.216249546816374,0.911033113403265,0.509643783863058
1692.584554,1695.29798,13,3.5213633723318,0.224511352692836,0.937846184654951,0.593017275341206
1693.489036,1696.202432,16.2,7.15541752799933,0.218605919404281,0.894107075390291,0.528870522567004
1694.393473,1697.106878,18.75,7.88986691902975,0.204415545896515,0.930112768424172,0.541991409095928
1695.29798,1698.011355,19.3333333333333,4.50924975282289,0.130091271928979,0.935261286642112,0.484373203594966
1696.202432,1698.915819,17.75,7.18215380880508,0.299546574766463,1.01827745247217,0.51956494338795
1697.106878,1699.82027,11.5,8.45576726264388,0.566056225136621,1.24771482237933,0.68799379672844
1698.011355,1700.724777,9,4.63680924774785,0.487601474723927,1.45447159306078,0.718125359357668
1698.915819,1701.629227,13,6.41872261435249,0.718153899848366,1.61821230733151,0.843540683851402
1699.82027,1702.533675,14.8,6.34034699365894,0.74715450944157,1.4170177604561,0.750065194195202
1700.724777,1703.438158,9.14285714285714,4.87950036474267,0.630692005942405,1.42769346144893,0.828600058728568
1701.629227,1704.342632,8,2.39045721866879,0.24069404846022,1.26885596675784,0.775975047835734
1702.533675,1705.247082,8.22222222222222,3.73422608373468,0.737065994632562,1.62888962951866,0.992197467303753
1703.438158,1706.151551,9.75,4.20034012228262,0.89779502714416,1.45839496463281,0.907915188721287
1704.342632,1707.056022,12.1666666666667,7.98540335028023,1.05581236636027,1.42998743394902,0.815664838584567
1705.247082,1707.960482,14,7.71362431027076,0.567733659219197,1.06224710175981,0.637489281731542
1706.151551,1708.864934,9,2.82842712474619,0.48784111337161,1.0155964830538,0.634725473494788
1707.056022,1709.769416,9,2.82842712474619,0.494645742212992,1.00254128039013,0.642177090122936
1707.960482,1710.673897,11.8333333333333,6.21020665249287,0.072775699893155,0.803907202553407,0.466078787111636
1708.864934,1711.578346,16.25,4.99165971062398,0.0571735219862294,0.775931156832535,0.435745337650929
1709.769416,1712.482786,14.8,3.56370593624109,0.496252668591704,1.05417564053945,0.585163180426519
1710.673897,1713.387245,13.8333333333333,3.7638632635454,0.48967209996888,1.28231301874491,0.733649175850199
1711.578346,1714.291723,10,3.16227766016838,0.419878409949067,1.30196340108645,0.781911585349103
1712.482786,1715.196219,11.2857142857143,4.78589196542942,0.337244089487117,1.21064187501753,0.760453863457781
1713.387245,1716.100651,11.4,5.85662018573853,0.235819072583769,1.13152339555891,0.662078430583162
1714.291723,1717.005127,19.25,14.1980045546314,0.725829850158539,1.48909073556145,0.788592823064411
1715.196219,1717.909591,12.8333333333333,13.0140949230696,0.640684039772484,1.3092727510567,0.762302689306093
1716.100651,1718.81404,8.28571428571429,2.42997158517582,0.74154752163757,1.37606178994394,0.860639256360423
1717.005127,1719.718482,11.2,4.43846820423443,0.601259342423267,1.18865597274867,0.678573566476026
1717.909591,1720.622962,35.5,24.7487373415292,0.87549180296043,1.3637091339917,0.61071510419974
1718.81404,1721.527437,15,0,0.0175954367403518,0.797925942401184,0.404403639735784
1719.718482,1722.43189,13,7.25718035235908,0.343900506625712,1.1302343690844,0.630735076741053
1720.622962,1723.336343,11.3333333333333,5.98887858172686,0.351045776565284,1.20529894342431,0.729923008927618
1721.527437,1724.240814,9,4.50396650583841,0.446866755381438,1.2992401007841,0.838972230939784
1722.43189,1725.145256,9.85714285714286,4.91353814911995,0.459094665778257,1.28423989624011,0.799405854995779
1723.336343,1726.049711,11.8333333333333,6.01387285088957,0.461855885139099,1.23012340420858,0.757995320010646
1724.240814,1726.95422,15.2,5.21536192416212,0.197495465773252,1.0716708801214,0.662486737609881
1725.145256,1727.858656,14.75,7.97391580927046,0.186702384914229,1.04754185115943,0.608176973917853
1726.049711,1728.763111,14,7.54983443527075,0.192818646360109,1.0839713905785,0.616361427739061
1726.95422,1729.66756,14.2,6.61059755241536,0.224545091930747,1.05225506853887,0.658285794905164
1727.858656,1730.572042,11.5,2.38047614284762,0.23990735269927,1.05386707363625,0.643245788551075
1728.763111,1731.476497,15.6,6.02494813255683,0.225052612018042,1.11770146369979,0.71808157399728
1729.66756,1732.380947,13.4,8.01872807869178,0.162243179763449,1.01079651229493,0.698109784527757
1730.572042,1733.285445,11.4285714285714,4.79086432205933,0.16477256729759,1.02517984448507,0.701489354622409
1731.476497,1734.189896,9.75,4.06201920231798,0.114753487651738,0.990131494182855,0.630604977082497
1732.380947,1735.094338,10.375,4.20671232335045,0.151127445210163,1.06940550769435,0.655790207112189
1733.285445,1735.998804,11.4285714285714,6.65475125648692,0.129966372559172,1.0816535996835,0.644594561613144
1734.189896,1736.903263,11.1428571428571,6.36209010280352,0.104183860733275,1.09995180316129,0.646893485081256
1735.094338,1737.807731,8.57142857142857,3.45722156541651,0.105765829752442,1.05191417421033,0.63568121365876
1735.998804,1738.712208,8.625,3.58319490319543,0.137803106598652,1.01438752457547,0.665432891976522
1736.903263,1739.616657,10.7142857142857,7.54352450150206,0.1724869610901,1.03309415828625,0.681759704513932
1737.807731,1740.521105,13.2,8.67179335547152,0.138213283610605,1.098489737128,0.66034695588298
1738.712208,1741.42557,12.8,4.08656334834051,0.160657226797551,1.16983018374112,0.708577403020749
1739.616657,1742.330036,13,5,0.172144641575409,1.14296195894248,0.686286603262336
1740.521105,1743.234498,12.6,5.02991053598372,0.15931665580202,1.12790195131413,0.672866473106242
1741.42557,1744.138972,12.4,5.17687164221791,0.177948692775938,0.97047223346043,0.594814659176285
1742.330036,1745.043442,12,4.73286382647969,0.224738571716267,1.03358013846815,0.662808334210333
1743.234498,1745.947891,11.1428571428571,5.33630869386231,0.181702980331855,1.05530202560636,0.679877616309678
1744.138972,1746.852348,11,6.6332495807108,0.190895328267287,1.11560195775591,0.724465629960615
1745.043442,1747.756848,13.3333333333333,7.42069179165034,0.360996376259634,1.24075937807375,0.753800983199571
1745.947891,1748.661297,14.2,9.75704873412037,0.357980837987263,1.47883803462609,0.77147230044249
1746.852348,1749.565739,14.1666666666667,8.72735164105736,0.307126194531421,1.67875166801656,0.924970693395573
1747.756848,1750.470199,12.2857142857143,7.60951784969074,0.397923235993441,1.62480890724485,0.984357506301085
1748.661297,1751.374652,9.11111111111111,3.78960566696736,0.442223181051425,1.4815754500564,1.01620924160676
1749.565739,1752.279162,8.1,3.66515120197426,0.393598628742762,1.38074855672065,0.927920394632917
1750.470199,1753.183599,7.77777777777778,2.53859103528797,0.361488376392754,1.27517199345642,0.828012067108285
1751.374652,1754.08806,9.125,4.64258240945397,0.303764024300747,1.25472601495606,0.893982915017142
1752.279162,1754.992513,9.75,4.71320333894961,0.299478249720891,1.24556544246728,0.849837685511288
1753.183599,1755.897018,10.5,4.63680924774785,0.179762261502217,1.36215906278997,0.858924919523721
1754.08806,1756.801482,13,3.89871773792359,0.260864320256874,1.26406733458403,0.748439294037185
1754.992513,1757.705932,14,3.93700393700591,0.25935551309097,1.30764187500604,0.773432183916472
1755.897018,1758.61038,10.1666666666667,5.91326193117358,0.405965262148962,1.40973853440198,0.843879989113757
1756.801482,1759.514878,9.25,6.1120489900804,0.400417623277406,1.53114870033459,0.883147328141321
1757.705932,1760.419329,9.875,6.33442972965996,0.47511941805922,1.39334338566324,0.823103006721033
1758.61038,1761.323793,9.22222222222222,2.81858908754796,0.23659167421982,1.15651894743209,0.763926921802429
1759.514878,1762.228231,8.75,2.91547594742265,0.116181842057851,1.06427056609574,0.67172506210054
1760.419329,1763.132728,11.3333333333333,5.08592829940284,0.144953311781643,1.10580856994401,0.67526462785908
1761.323793,1764.03719,14.6,4.82700735445887,0.207089301474563,1.00397077145931,0.622092305208883
1762.228231,1764.94163,11.1666666666667,4.07021702943058,0.244639744610585,1.03775529804816,0.651434792880267
1763.132728,1765.846098,14.2,12.3369364106329,0.318099482170827,1.1733375481679,0.693162113048929
1764.03719,1766.750592,15.8,12.0913192001535,0.263906932199896,1.32528388121575,0.754447616399612
1764.94163,1767.655041,10.6666666666667,5.42832079621928,0.338158321352734,1.27578064284215,0.782215682661714
1765.846098,1768.559511,9.16666666666667,4.16733328000853,0.309107414408445,1.15788194538954,0.760358866972824
1766.750592,1769.463947,13,7.21110255092798,0.234715339626297,1.10780391389966,0.716642658897083
1767.655041,1770.368447,17,4.96655480858378,0.116503298158193,1.0807215401937,0.683008246997012
1768.559511,1771.272913,11.8,4.54972526643093,0.0914017740045744,1.12218725802512,0.692124383125214
1769.463947,1772.177357,10.2857142857143,3.72890894294322,0.277033506048596,1.21848133711172,0.770102610380886
1770.368447,1773.081809,8.28571428571429,3.54562104171167,0.324764288471169,1.16239508319601,0.720671746800483
1771.272913,1773.986321,8.4,7.15231120376872,0.277858576241492,1.12666557473128,0.720191604740539
1772.177357,1774.89076,10.25,8.08437646681195,0.17411605656803,0.989138597648335,0.613202443189598
1773.081809,1775.795211,8.57142857142857,4.99523582550223,0.194205382468371,0.979476087652136,0.670053494409263
1773.986321,1776.699691,9.85714285714286,6.89029683512913,0.270095951066787,1.01510462762617,0.64278318900561
1774.89076,1777.604145,10,7.38724769934165,0.231648543526797,1.04805385183176,0.690192049105333
1775.795211,1778.508608,9.875,6.53425042154252,0.121590575162454,1.03202692346472,0.715908403851046
1776.699691,1779.413086,12.8333333333333,7.08284312029193,0.148425445720488,0.972196036651013,0.690877860791127
1777.604145,1780.317557,11.8,8.31865373723417,0.203760993413616,1.01210388006893,0.691129895836638
1778.508608,1781.222012,9,5.03322295684717,0.200369786197243,1.04586676603018,0.657934564138391
1779.413086,1782.126475,9.25,5.00713776237768,0.530688336184559,1.39316853154806,0.853724423771583
1780.317557,1783.03092,8.625,3.96187185196954,0.532896862993101,1.39022050956158,0.888801607606115
1781.222012,1783.935419,8.66666666666667,3.67423461417477,0.503011400962418,1.37936539948897,0.909322837356728
1782.126475,1784.839889,10.7142857142857,6.26403186758299,0.168298274429393,1.11569859082833,0.73371509304859
1783.03092,1785.744338,11.5714285714286,5.74041644415986,0.17569232243594,0.991208174006141,0.668104015077003
1783.935419,1786.648812,13.75,6.9462219947249,0.983225560531419,1.37164799203104,0.799220815342643
1784.839889,1787.553276,14.4,5.89915248150105,0.788362249597729,1.56743435492669,0.837609291572008
1785.744338,1788.457745,9.14285714285714,3.93397896234722,0.748949809619569,1.5801896020283,0.929218045785589
1786.648812,1789.362193,8,2.44948974278318,0.394053940395117,1.3614646104746,0.874543925712563
1787.553276,1790.26667,7.875,2.47487373415292,0.451321358282029,1.41903346812829,0.84320466422089
1788.457745,1791.171134,11.8333333333333,6.55489638870567,0.431059907320582,1.29201743115815,0.698899508832949
1789.362193,1792.075602,17,9.83192080250175,0.546532229701637,1.22597624101769,0.677844479640809
1790.26667,1792.980053,17,8.83176086632785,0.434537258087998,1.09415476906628,0.650366573709555
1791.171134,1793.884556,13.1666666666667,7.08284312029193,0.357544430041151,1.22449748997341,0.736888122010694
1792.075602,1794.789004,12.6666666666667,6.97614984548545,0.332163814559991,1.29557096114199,0.775822859377561
1792.980053,1795.693454,10.5714285714286,6.92476576877377,0.241986817147924,1.31264570220549,0.801126114614596
1793.884556,1796.597918,11.1666666666667,6.735478206235,0.242165588636955,1.29040500293988,0.792114415757505
1794.789004,1797.502401,12.5,6.89202437604511,0.206815468504178,1.17566380376632,0.70326207896122
1795.693454,1798.406861,13.4,6.26897120746299,0.244246534649241,1.11550774676538,0.68650463027596
1796.597918,1799.311298,13.3333333333333,5.85946527708231,0.422186600062663,1.28435423933714,0.766006822950124
1797.502401,1800.215776,17,10.9848380355227,0.362740262584481,1.27762352765684,0.788137575249719
1798.406861,1801.120246,18.75,11.3247516529061,0.380185786368734,1.52007052016322,0.841619061723103
1799.311298,1802.024728,10.8333333333333,7.93515385274077,0.305838380328559,1.40752940768926,0.84402707973233
1800.215776,1802.929159,10.7142857142857,5.82277956862201,0.369269512936576,1.46836178684229,0.88099022800561
1801.120246,1803.833656,9.875,6.15136454083854,0.279928085239071,1.3706568331274,0.880081559082269
1802.024728,1804.738106,10.5,5.20576603392815,0.24178505498315,1.34510384276283,0.949728073592925
1802.929159,1805.64257,10.4285714285714,5.22357294250921,0.250384360299722,1.42434385736501,0.950223804731146
1803.833656,1806.547035,10.4285714285714,5.06152621439894,0.323902817796694,1.60386772270313,1.03515628102449
1804.738106,1807.451472,9.625,4.34042460069124,0.443907381603905,1.61837316659098,0.975693792246315
1805.64257,1808.355959,9.875,4.79396942597081,0.461277777584458,1.57265106625873,0.948771758505143
1806.547035,1809.260438,13.3333333333333,7.28468713581213,0.465392869626156,1.52610583339837,0.845290540390949
1807.451472,1810.164887,11.1428571428571,7.15142343473362,0.333729892026223,1.33409402276408,0.763085552403424
1808.355959,1811.069338,11,7.66811580507233,0.377467260875529,1.29707144939065,0.687498038104086
1809.260438,1811.973834,10,6.94879228972303,0.277021595726191,1.12403063421681,0.627495103731727
1810.164887,1812.878291,9.71428571428571,8.1591316064535,0.22006863438224,1.16107350608795,0.65183284874587
1811.069338,1813.782739,9.33333333333333,7.22841614740048,0.206035644633735,1.19331574398131,0.73491740929496
1811.973834,1814.687188,10.4285714285714,7.13809364973457,0.210031835112016,1.18760284220521,0.71821291099378
1812.878291,1815.591675,9.44444444444444,4.5856054973992,0.30944103706006,1.19506028361335,0.762438493153599
1813.782739,1816.496137,8.88888888888889,4.7022453265553,0.336383096538464,1.25464694072566,0.819085279700001
1814.687188,1817.400586,8.2,4.5898438608156,0.331004784069099,1.26651088335488,0.865212615706923
1815.591675,1818.305062,8.4,4.27395211328656,0.263086945063504,1.2875297814687,0.891035989257615
1816.496137,1819.209534,8.5,4.92805380304581,0.384454231218605,1.39123883191505,0.925672631832436
1817.400586,1820.114001,10.125,6.01040764008565,0.359145121697851,1.42076590304833,0.948425061565942
1818.305062,1821.018463,11.7142857142857,5.43796180304979,0.501955706596012,1.40410486541707,0.914001481679691
1819.209534,1821.922922,12,5.32916503778969,0.43846933202662,1.34993909598039,0.862288324459042
1820.114001,1822.827374,8.77777777777778,4.86769395550341,0.440208463368227,1.23512080617141,0.845434429111619
1821.018463,1823.731854,7.09090909090909,4.48228837658947,0.313788417953199,1.10090459095293,0.810899005587375
1821.922922,1824.636302,6.63636363636364,3.04212844149379,0.221816923498089,1.04060502859092,0.704935199795439
1822.827374,1825.540783,7.18181818181818,3.37099931231621,0.291070960539063,1.1339542510821,0.72352327508078
1823.731854,1826.445217,9.5,4.1057451037714,0.319712328268555,1.23364268525034,0.719953250245047
1824.636302,1827.349728,9,4.43471156521669,0.453241280555077,1.32191519129891,0.786446299469301
1825.540783,1828.254176,9.85714285714286,5.92814112035612,0.455082008818004,1.37738116501978,0.824153616174176
1826.445217,1829.158627,10.8571428571429,5.6987885095159,0.44928997806373,1.37736097220144,0.829604842979671
1827.349728,1830.063095,8.875,3.83359212376963,0.682545196859745,1.45473461012891,1.08955227926395
1828.254176,1830.967537,8.77777777777778,3.2702361450581,0.627458064815916,1.30628553805257,1.06117732567397
1829.158627,1831.872046,7.6,3.37309617084627,0.751986559323219,1.52114886885498,1.1518630712709
1830.063095,1832.776496,9.22222222222222,4.52155332208351,0.628565373125109,1.33367631122193,0.871440932821622
1830.967537,1833.680944,9.28571428571429,5.21901286050296,0.704317961399137,1.43855798988474,0.832202365698499
1831.872046,1834.585394,10.8333333333333,6.0470378423379,0.565484228109336,1.41621215022978,0.802517965443997
1832.776496,1835.489871,11.8571428571429,7.64697263472222,0.504179789053503,1.45562374869157,0.819367458604459
1833.680944,1836.394338,7.45454545454545,6.23479969788343,0.458257247352484,1.21465625003045,0.826051259775572
1834.585394,1837.298806,6.58333333333333,2.81096338494744,0.317787364427192,1.1842122733966,0.797309953858543
1835.489871,1838.20327,6.3,2.66874918683308,0.636513043768848,1.40633319799893,0.90003967905776
1836.394338,1839.107734,10,9,0.669669605019208,1.71054380370241,0.952354626157752
1837.298806,1840.012183,12.6666666666667,12.3396380281865,0.736968817080932,1.98918823944243,1.02397117917862
1838.20327,1840.916683,12.6,10.4067285925982,0.584644998439561,1.8159672977219,0.932958711031769
1839.107734,1841.821121,11.8333333333333,12.2215656389297,0.505422360546367,1.90408365220184,0.956810211711441
1840.012183,1842.72557,9.75,9.66215001214237,0.418948820791109,1.57723712803983,0.864784722642853
1840.916683,1843.630036,9.28571428571429,8.57737888701604,0.579954996571858,1.77545908636474,0.943683071942493
1841.821121,1844.534501,10.5,8,0.530047058628233,1.51572343877933,0.901369504130938
1842.72557,1845.438994,7,3.93700393700591,0.522940735462376,1.67100292382337,1.02301620014217
1843.630036,1846.343437,7,3.46410161513775,0.402697335809225,1.4835089005942,0.995265443879789
1844.534501,1847.247881,7.2,3.5213633723318,0.423275266022405,1.46826794139634,0.951821780272117
1845.438994,1848.152349,8.5,3.62530786869986,0.269995710322112,1.15992090492972,0.848130620754498
1846.343437,1849.056823,8.875,5.05505404803662,0.641876795232344,1.27702650695257,0.932276740536056
1847.247881,1849.961286,7.9,5.34270010803942,0.691415119542915,1.41548245549472,1.02607078166704
1848.152349,1850.865762,7.1,3.9846929339383,0.490414004437327,1.43891703466053,1.12073510553884
1849.056823,1851.770212,7.8,3.79473319220206,0.519131886458097,1.52686364045106,1.13428071294991
1849.961286,1852.674677,8.77777777777778,3.80058475033046,0.596154466611734,1.824143178311,1.25573185127155
1850.865762,1853.579136,7.45454545454545,4.08322510679086,0.644763045018717,1.8072344403742,1.22548182952052
1851.770212,1854.483608,7.2,3.5213633723318,0.774831157678165,1.93866051150799,1.2874570218926
1852.674677,1855.388061,8.88888888888889,5.10990323891863,0.820328333110667,1.707356004467,1.0524812459641
1853.579136,1856.292524,9.44444444444444,5.52519481808359,0.826390838687992,1.5489882839095,0.956252604493688
1854.483608,1857.196976,9.25,5.41822321957511,0.376639954787002,1.33291153255638,0.866943080064965
1855.388061,1858.101439,8,4.69041575982343,0.36936761089794,1.22152264896801,0.835784032074433
1856.292524,1859.005899,10.8571428571429,5.45980986935661,0.43150087502334,1.20053702127709,0.77715579573319
1857.196976,1859.910388,10.7142857142857,5.93616839704664,0.317545304807978,1.16655821462083,0.70586850487306
1858.101439,1860.814837,9.57142857142857,4.23702501200795,0.321936058221122,1.28143054773513,0.804929308243708
1859.005899,1861.719307,9.44444444444444,5.34114011965402,0.460525820960194,1.48511043474513,0.927077865012041
1859.910388,1862.623751,9.11111111111111,5.08538210079745,0.469490732400583,1.46040999071386,0.930858973626878
1860.814837,1863.528213,10.2857142857143,5.40722620556004,0.535817353045164,1.44819707251971,0.850015630401441
1861.719307,1864.43267,10.5,3.25137333621173,0.255064113552902,1.15733755533287,0.731604642299551
1862.623751,1865.337167,11,4.47213595499958,0.105687796581308,1.0406961190076,0.645067730381038
1863.528213,1866.241603,11.5714285714286,6.94879228972303,0.267630115299968,1.15985026224166,0.696117241119034
1864.43267,1867.146062,12.2,7.49666592559653,0.374925510165446,1.31359035820287,0.771949349490044
1865.337167,1868.05052,11.1666666666667,5.26940856896357,0.45676701049116,1.41201223819635,0.878215062268416
1866.241603,1868.954998,12,4.09878030638384,0.424829719657057,1.48716881429915,0.929108253548555
1867.146062,1869.859461,9.5,5.68205194324324,0.620558847091341,1.44683400256262,0.924851122340308
1868.05052,1870.763911,7.42857142857143,5.25538272812244,0.619451595797557,1.36878393669262,0.82544467779577
1868.954998,1871.668382,10.8333333333333,11.4090607267499,0.644557503975739,1.2362158941121,0.730204438128287
1869.859461,1872.572844,12.3333333333333,11.1504857891185,0.109205077368464,1.08811899685491,0.582648277069629
1870.763911,1873.477294,18.75,15.7347810068438,0.106834154896296,1.0658963734269,0.59378748707111
1871.668382,1874.381763,23.6666666666667,13.2035348802256,0.129836761204683,1.13884480278542,0.622348613918571
1872.572844,1875.286247,16.75,4.42530601578392,0.263852781518816,1.15974293356531,0.684694033776415
1873.477294,1876.190693,14,3.53553390593274,0.283932916045526,1.10350637135489,0.671517469840488
1874.381763,1877.095164,12.6666666666667,3.77712412645741,0.311035919939203,1.06747801792256,0.653848608944539
1875.286247,1877.999625,10.1428571428571,2.11570094204982,0.244179700280827,0.952537449429686,0.606807462201175
1876.190693,1878.904086,9.625,5.85387539522812,0.2310349164944,0.95812060461538,0.589447810004594
1877.095164,1879.808536,9.71428571428571,6.18369592057171,0.13069493257536,0.853767145323822,0.55993977360802
1877.999625,1880.713011,9.85714285714286,4.25944329025016,0.597822055804554,1.10890558478008,0.715111637777802
1878.904086,1881.617484,11.1428571428571,2.26778683805536,0.582698352057581,1.24795190972296,0.796789707715308
1879.808536,1882.521919,9.28571428571429,1.79947082168487,0.655959748322722,1.83063484376666,1.0762784158308
1880.713011,1883.426395,9.14285714285714,1.86445447147161,0.547765137356241,1.78165951400699,1.10720950920621
1881.617484,1884.330858,9,4.62910049886276,0.566873725104434,1.71974487355169,1.1130746624582
1882.521919,1885.235344,9.22222222222222,6.28048122713892,0.349764608015136,1.40519349661272,0.990692563804659
1883.426395,1886.139784,8.22222222222222,5.16666666666667,0.507387614132249,1.51570034994317,0.981463336384712
1884.330858,1887.044237,7.55555555555556,3.46810867444747,0.686207343985249,1.70716223758709,1.07673914607599
1885.235344,1887.948717,12.3333333333333,4.96655480858378,0.594428423896729,2.00776904031888,1.11436963589208
1886.139784,1888.853166,7.5,5.60257877132387,0.453512841539394,1.85691673556094,1.1814967473455
1887.044237,1889.757634,7.09090909090909,4.2767872393783,0.700168130763195,1.89490632191321,1.29114406044928
1887.948717,1890.662094,6.16666666666667,3.3257489473209,0.766522377706032,1.90545039849018,1.30738752199893
1888.853166,1891.56656,6.63636363636364,3.07482445914323,0.846249587029981,1.78581489661367,1.18809064931117
1889.757634,1892.471014,7,3.24737656354395,0.597292343194633,1.58881507767332,1.06476150692117
1890.662094,1893.375474,7.72727272727273,5.00181785135983,0.548215112821907,1.37325716326104,0.894934821438369
1891.56656,1894.27995,7.72727272727273,4.94147567212283,0.686158466016125,1.49303401992637,1.02447015323318
1892.471014,1895.184409,7,3.3166247903554,0.641499513336588,1.45666993276298,1.00066416425689
1893.375474,1896.088886,9.5,3.62530786869986,0.562813869458759,1.62265713763529,1.01581748389753
1894.27995,1896.993345,9.71428571428571,3.86066858261129,0.355324658361691,1.44237762667762,0.849829482716131
1895.184409,1897.897816,10.1666666666667,6.70571895225759,0.37276054962646,1.31976197200946,0.745666514642783
1896.088886,1898.802265,12.5,9.07193474403338,0.361526662843131,1.31219830409914,0.760760626951694
1896.993345,1899.706728,10.8571428571429,7.9880863671798,0.341420037170053,1.30092237007616,0.798840665893243
1897.897816,1900.611194,10.7142857142857,4.85504156227612,0.1630846607681,1.14659790655053,0.744707680583495
1898.802265,1901.515635,12.6666666666667,9.3523615556001,0.805022883429436,1.54761058201518,0.94946337999628
1899.706728,1902.420124,11.4285714285714,8.50210058078086,0.800265852827262,1.42915036059346,0.920158450915024
1900.611194,1903.324586,8,2.44948974278318,0.709029762993675,1.50184047912016,0.996059083395634
1901.515635,1904.229041,7.88888888888889,2.97676184991529,0.262726134480277,1.25538526761097,0.800995688516452
1902.420124,1905.133516,7.66666666666667,3.1224989991992,0.17868751615741,1.39362484308691,0.850171346843526
1903.324586,1906.03801,9.22222222222222,4.11636301174282,0.311773513937136,1.43040725966451,0.885614675995585
1904.229041,1906.942458,8.77777777777778,3.73422608373468,0.315718080790664,1.4884909848934,0.900542396464934
1905.133516,1907.846908,9.875,6.37937524930369,0.286623583705056,1.63513142626599,0.984138091822695
1906.03801,1908.751359,8.77777777777778,6.61017733835065,0.364922201555249,1.51268134989838,0.958702515007942
1906.942458,1909.655829,6.63636363636364,1.96329963442809,0.41192328727291,1.40840070405734,0.950802734823023
1907.846908,1910.560307,6.81818181818182,2.35873617932069,0.38148315051369,1.41190084511007,0.996440373314862
1908.751359,1911.464778,7.9,2.84604989415154,0.417113971098612,1.59278311767779,1.03161396694482
1909.655829,1912.369214,7.8,3.61478445646026,0.322769763130563,1.63517958241165,1.05381009931083
1910.560307,1913.273685,7.6,3.53396220818629,0.395060809575827,1.56699169916063,1.01473669648639
1911.464778,1914.178128,8.1,3.63470921960906,0.403370561083675,1.44534369303416,0.895102279876791
1912.369214,1915.082636,8.66666666666667,4,0.417899567081538,1.40412064891865,0.873220345733105
1913.273685,1915.987089,9.75,3.01188123461543,0.393922886782273,1.36196092740678,0.848689096509589
1914.178128,1916.891538,10.375,2.61520280557469,0.515035826867366,1.5106999550728,0.941216296529933
1915.082636,1917.795983,11,1.91485421551268,0.570688313255626,1.56740838433727,1.02234339957303
1915.987089,1918.700452,8.4,3.56526452189892,0.4582721094984,1.47783934761417,1.04977309473194
1916.891538,1919.604916,6.63636363636364,2.97565882697352,0.623113697025976,1.76536018058457,1.22856074017122
1917.795983,1920.509395,7.54545454545455,5.61005590638162,0.712482069968311,1.94320799227074,1.37232385373363
1918.700452,1921.413847,7.7,6.11101010017529,0.706107690552581,2.16668312579367,1.47663988001778
1919.604916,1922.318321,7.22222222222222,3.1135902820449,0.748561688124606,1.98747782410583,1.34755894009175
1920.509395,1923.222782,6.25,3.36087109920249,0.600096688252498,1.71811405054003,1.18038515107355
1921.413847,1924.127245,5.78571428571429,3.0427359001796,0.591721109172463,1.76936511043114,1.21839688966551
1922.318321,1925.031711,6.58333333333333,5.21289194442417,0.558459029012715,1.70301060522032,1.26026641306583
1923.222782,1925.936224,9.5,5.7569833370314,0.664603124576952,1.80020655122574,1.23884368101775
1924.127245,1926.840704,7.85714285714286,3.28778402720188,0.406246908336773,1.2976346723302,0.987435001228183
1925.031711,1927.745256,10.4285714285714,8.28366148626606,0.748102158609775,1.51467199365142,0.967578275227338
1925.936224,1928.649794,11.4285714285714,8.56070758090208,0.659721342043305,1.55570487466382,0.966299711254261
1926.840704,1929.554343,8.375,4.20671232335045,0.668570179963633,1.79958520633022,1.12449482215862
1927.745256,1930.458862,8.77777777777778,4.63081466314994,0.500821480671762,1.67986075000466,1.04218747534874
1928.649794,1931.363392,8.6,5.01553143301441,0.461576430370616,1.68245514399072,1.06832822880899
1929.554343,1932.267938,7.33333333333333,3.278719262151,0.53169558981148,1.61793150647975,0.976323824635715
1930.458862,1933.17246,7.1,2.96085573216033,0.525959582286,1.55357347618957,0.988097036222766
1931.363392,1934.076985,7.625,3.11390888939105,0.741473090632172,1.71477011457201,1.01504507648908
1932.267938,1934.981488,9.75,8.31092224554102,0.725756646311564,1.92296042039623,1.14152047500199
1933.17246,1935.885998,9.75,8.71370021452261,0.752011326623021,2.06883346620614,1.24977457385484
1934.076985,1936.790542,7.08333333333333,4.37884030586209,0.732441995976175,1.73720507761431,1.28225524969361
1934.981488,1937.695026,7.3,4.32177946889678,0.685764880832677,1.57912641017176,1.16855307436927
1935.885998,1938.599521,9,5,0.68861435738175,1.44035007727236,1.06460925890168
1936.790542,1939.50403,14.4,10.1390334845093,0.727404258037043,1.44194769287291,1.00283866537118
1937.695026,1940.408518,8.44444444444444,8.71939090635222,0.497119842855572,1.36477605711074,0.955000759433325
1938.599521,1941.313011,5.6,1.64654520469713,0.265109289362258,1.26738297306348,0.933698221523067
1939.50403,1942.217478,7.36363636363636,4.80151491245684,0.375060339921043,1.27984958816614,0.895923354046638
1940.408518,1943.121943,9.625,6.34569595417691,0.417968411100475,1.31537761427691,0.848359061860862
1941.313011,1944.02645,10,6.83130051063973,0.599606356020713,1.40580336585494,0.848576592710661
1942.217478,1944.930921,8,3.20713490294909,0.474219591046217,1.43174822447058,0.86195248790646
1943.121943,1945.835401,8.75,3.57571171736681,0.46336009734935,1.51315861857404,0.933649095060698
1944.02645,1946.739873,8.22222222222222,2.94863433549236,0.418731779305952,1.43442038673331,0.941227477627481
1944.930921,1947.644349,7.8,3.5213633723318,0.581514405307681,1.69280753847571,1.1117983046591
1945.835401,1948.548824,7.9,3.34829973435938,0.583527132760701,1.75235038119109,1.11472818610438
1946.739873,1949.453286,8.6,3.50238014308365,0.749528984957743,1.71737684288533,1.12224564350252
1947.644349,1950.357774,9.375,3.62284418654736,0.699881368148613,1.62007533322474,0.965285779851705
1948.548824,1951.262245,8.5,3.11677488989592,0.722667168316053,1.55289146271436,0.967650339668834
1949.453286,1952.166715,9.375,3.33541601603158,0.568977087488291,1.51109030666449,0.934399208827299
1950.357774,1953.071201,7.81818181818182,4.62208138868588,0.830055306702583,1.6492913596336,1.17810508465166
1951.262245,1953.975681,7,4.19956707725494,0.793290219688043,1.80861372753949,1.24466397769541
1952.166715,1954.880131,6,2.60768096208106,0.769278857735675,2.00974991813204,1.33758655891238
1953.071201,1955.784605,8.625,6.06953752062591,0.634520937554822,1.95210673543708,1.10211174924766
1953.975681,1956.68907,10.25,7.10633520177595,0.683481692370909,1.71834065655386,1.01771384216931
1954.880131,1957.59352,9.5,5.12695955569325,0.531440131664308,1.47381503047124,0.888542912560431
1955.784605,1958.498021,9,4.84767985741633,0.395903410004321,1.4615492770366,0.969010430934408
1956.68907,1959.402461,11.2857142857143,7.319250547114,0.287648965205081,1.4518394085755,0.880857182538352
1957.59352,1960.306972,9.625,7.00892288443809,0.569407836167842,1.60771040601867,0.976285104824798
1958.498021,1961.211432,7.55555555555556,4.09606857581484,0.627321588749367,1.55546962068857,0.938417628168214
1959.402461,1962.115893,6.36363636363636,1.80403587950613,0.609877175372135,1.63687994523825,1.06901428078704
1960.306972,1963.02037,6.90909090909091,2.30019761996857,0.499091496113104,1.45146761409815,0.963888342694818
1961.211432,1963.924819,7.16666666666667,2.40580106988894,0.390468419861328,1.37520798093308,0.914550284379903
1962.115893,1964.829288,6.81818181818182,2.71360210119987,0.244918395252222,1.2510204415395,0.841277041890315
1963.02037,1965.73377,7.9,5.40473043833928,0.243412372982451,1.40812396267828,0.920178725513301
1963.924819,1966.638209,7.72727272727273,5.2742944379492,0.257124733061481,1.38358879938746,0.943453489067506
1964.829288,1967.542681,7.18181818181818,3.18804585344006,0.240715484821853,1.35737286646429,0.913862230533422
1965.73377,1968.447158,7.1,2.64365067451978,0.273962562725083,1.24144376068247,0.81780369334301
1966.638209,1969.351663,9.5,3.50509832753866,0.33915061512885,1.17873653103061,0.768538066642003
1967.542681,1970.256152,9.57142857142857,3.82348631736111,0.37055915044678,1.13856247399708,0.728124846767501
1968.447158,1971.160636,12.6666666666667,8.14043405886115,0.504418187702522,1.3674017531996,0.845472776664251
1969.351663,1972.065131,10.4285714285714,7.97615493950861,0.534898158761232,1.32105738332414,0.850001428350427
1970.256152,1972.969592,7.3,3.12872000806862,0.445313175157043,1.40700234580107,0.949228830378673
1971.160636,1973.874103,8.77777777777778,3.92994204085053,0.638235578790201,1.60298864957777,0.997799810561326
1972.065131,1974.778575,10.1428571428571,5.36745040121693,0.706000467245142,1.87863101722787,1.07048772426894
1972.969592,1975.683062,13.2,5.40370243444252,0.90875010380951,1.83331288331919,1.00235218228885
1973.874103,1976.587562,10.8333333333333,4.53504869507116,0.676215340865899,1.33936568581447,0.861003375138903
1974.778575,1977.492033,8.75,3.77018377725619,0.344956795482014,1.23268427832576,0.818849717242664
1975.683062,1978.39654,8.4,3.59629438913631,0.438536848088648,1.35292013970072,0.909608378628405
1976.587562,1979.300998,7.7,3.65300485141266,0.362680276511735,1.51654251614802,0.971851371443821
1977.492033,1980.205473,8.44444444444444,3.64386851817924,0.29635478025165,1.4346463354712,0.904398046074302
1978.39654,1981.109973,8.22222222222222,3.52766841475279,0.262622012508002,1.43686082965241,0.902040967408862
1979.300998,1982.014419,8.5,2.8784916685157,0.327418924639781,1.4417670989315,0.867732211680432
1980.205473,1982.918899,7.5,3.10017920628971,0.490322823889051,1.57997597673272,1.0084817020878
1981.109973,1983.823365,6.72727272727273,4.02718038063629,0.457033671609723,1.50105777735919,0.995472663387445
1982.014419,1984.727837,7.18181818181818,4.33170132438011,0.505340455100848,1.46329267869577,0.912247540308482
1982.918899,1985.63232,8.77777777777778,5.11805084426136,0.459550110480729,1.32959180942455,0.897258474972321
1983.823365,1986.536775,12.5,6.28490254498827,0.599305448947982,1.31907016180133,0.925929165991877
1984.727837,1987.441278,13.8,5.44977063737548,0.493941324309477,1.54908055873433,0.95091094915341
1985.63232,1988.345748,12.8,5.6302753041037,0.542892576027768,1.5494215133165,0.883940493638545
1986.536775,1989.250225,11,5.62138772902208,0.49667097661901,1.53544210912088,0.850592768861283
1987.441278,1990.154722,9.625,6.30051018342392,0.766837589130042,1.54334868320552,1.01142422063407
1988.345748,1991.059215,8.5,5.6813535163531,0.687446409969108,1.42727347942456,1.03144455034344
1989.250225,1991.963725,8.4,4.92612085384298,0.694807358795998,1.43214084307702,1.03475122571334
1990.154722,1992.868242,8.33333333333333,4.30116263352131,0.541870731759811,1.53311218388897,0.978653440024975
1991.059215,1993.772746,9.375,4.37321392113398,0.496448070671121,1.54502154825765,0.921681004152553
1991.963725,1994.677256,9.22222222222222,3.92994204085053,0.480004020753918,1.40112766119101,0.879310900364372
1992.868242,1995.581743,11,4.60434577328853,0.253898877694453,1.16886636687235,0.677124388306434
1993.772746,1996.486261,9.75,5.23040561114937,0.305298575442699,1.28565698082392,0.742608647714222
1994.677256,1997.390755,9.375,5.34355419440764,0.57967398571219,1.63364654538935,0.944787504225873
1995.581743,1998.295244,8.11111111111111,4.19655943733806,0.719541104769728,1.84868022592313,1.11048451073616
1996.486261,1999.199742,7.44444444444444,2.78886675511359,0.811996785612306,1.67603531283632,1.08023287188063
1997.390755,2000.104212,7.22222222222222,2.72845092395748,0.702056252922078,1.51339391373407,0.942700114165244
1998.295244,2001.008722,11,6.42910050732864,0.34822741242124,1.2954481824254,0.785798165070713
1999.199742,2001.913202,13,6.32455532033676,0.401782090234714,1.36240299628023,0.736210844929709
2000.104212,2002.817692,10,6.58280588604383,0.330347564683167,1.31082398695043,0.732271433904749
2001.008722,2003.722175,11.4,8.17312669668102,0.611039621085378,1.47220868168352,0.817035667656298
2001.913202,2004.626651,10.6666666666667,9.89275829415976,0.501691380070457,1.54081985388683,0.872854868221536
2002.817692,2005.531111,14.8,13.1795295818933,0.640424910892632,1.59199343901318,0.851781957651293
2003.722175,2006.435615,11.8333333333333,9.82683401033449,0.449754248853592,1.3712812605104,0.78802633223083
2004.626651,2007.340103,10.5714285714286,7.72133716522259,0.413956338708964,1.30243923852937,0.751111362270324
2005.531111,2008.244552,9.85714285714286,7.66873678056065,0.195057360003276,1.19825155641216,0.767648582760777
2006.435615,2009.149026,7.1,2.64365067451978,0.188629892534307,1.13389340367337,0.735749444693873
2007.340103,2010.053542,7.625,2.92464894108189,0.274942622846273,1.20486231356609,0.735315391747621
2008.244552,2010.958022,8.375,3.37797487937881,0.268865751737194,1.08688806065334,0.675410744105626
2009.149026,2011.862548,8.3,2.90784379834192,0.243246852716089,1.13375190439259,0.713545061573391
2010.053542,2012.76707,8.1,2.99814757623585,0.313499981488756,1.22786424911827,0.780267839919312
2010.958022,2013.671576,8.125,3.09088521763126,0.38326048630418,1.3786014767393,0.80857487141345
2011.862548,2014.576059,12,4.89897948556636,0.419213184803475,1.26875627101585,0.757166521203887
2012.76707,2015.480577,11.1666666666667,5.11533641774094,0.415080041410209,1.21276837426641,0.722331819439039
2013.671576,2016.38507,9.85714285714286,3.97611918955202,1.14874997909426,1.66748523989607,0.954637516893826
2014.576059,2017.28954,8.1,3.72528895225294,0.925949076374535,1.67045565027867,1.02156808314212
2015.480577,2018.194019,8.2,3.79473319220206,0.971543809683269,1.61190273597251,0.986686819448703
2016.38507,2019.098513,8.11111111111111,2.47206616236522,0.298708403052571,1.17146200413722,0.748545829717743
2017.28954,2020.002962,8.625,2.50356888118884,0.342460522628409,1.16032488726105,0.679601275196764
2018.194019,2020.90747,10.2857142857143,3.98807746975431,0.290020044034803,1.24428745938913,0.70301673245367
2019.098513,2021.811945,14,9.02773504263389,0.58453487238579,1.5079842158043,0.804708132381142
2020.002962,2022.716445,14.8,8.40832920383116,0.624232827824923,1.47710779943823,0.863944109184487
2020.90747,2023.620936,11.6666666666667,3.61478445646026,0.64164673230988,1.37468843361154,0.895870442108694
2021.811945,2024.525421,11.25,0.957427107756338,0.376373463541225,1.16910132697057,0.730231588739476
2022.716445,2025.429905,21.6666666666667,13.2035348802256,0.189617117046207,1.05445534148021,0.625193233670411
2023.620936,2026.334349,12,5.1478150704935,0.533054034412726,1.39579085351193,0.76517063999236
2024.525421,2027.238829,9.71428571428571,3.86066858261129,0.557049182751101,1.47256531319109,0.871219960358982
2025.429905,2028.143316,6.63636363636364,3.23334895341432,0.447653624671912,1.43948154570021,0.941646123766202
2026.334349,2029.04778,7,3.3844564489066,0.364846523144437,1.33774043273811,0.870175524205895
2027.238829,2029.95226,5.76923076923077,2.91987003574492,0.497814804470278,1.50244064994718,1.01801768347779
2028.143316,2030.856722,6.75,2.95803989154981,0.497296827325823,1.57473880077622,1.03379850090593
2029.04778,2031.761206,6.81818181818182,2.82199155980955,0.525508543549544,1.63544779419089,1.04143943722514
2029.95226,2032.665684,8.5,5.15474815790535,0.386424015016615,1.38475499197059,0.866569612500142
2030.856722,2033.570156,10.1428571428571,4.9473417585801,0.423410601025033,1.26285346586876,0.780305479961122
2031.761206,2034.474611,8.375,2.7222627143085,0.228637852538131,1.07044190848875,0.688458270247453
2032.665684,2035.3791,10.4285714285714,8.48247493084306,0.505075008843405,1.23571562746671,0.746298478320895
2033.570156,2036.283566,11.5714285714286,8.22308017831808,0.804525099521844,1.47712406803463,0.886056591196354
2034.474611,2037.188061,11,3.22490309931942,0.826278889761726,1.70846766510181,1.00850346393978
2035.3791,2038.092507,14.6,10.3826778819339,0.687760933854205,1.93434959852258,1.0459051222266
2036.283566,2038.996987,13.8,11.3004424692133,0.398056599445535,1.75015580113578,0.972819929990025
2037.188061,2039.901463,9.57142857142857,4.31497944595888,0.408160977621926,1.56808897614602,0.899102469752317
2038.092507,2040.805922,11.1428571428571,7.8619033197772,0.460917745313368,1.53330664423082,0.872883197485737
2038.996987,2041.71041,10.7142857142857,7.54352450150206,0.485030151108053,1.41513081583929,0.872266180731433
2039.901463,2042.614851,10.8333333333333,8.9981479575892,0.479048354563028,1.33986857551822,0.843585213589407
2040.805922,2043.519348,13.4,9.6850400102426,0.173964429182044,1.14626030388412,0.757017665148231
2041.71041,2044.423785,10.6666666666667,5.12510162500869,0.100383003548685,1.11376539716199,0.73977312207809
2042.614851,2045.328246,8.75,5.17549169506766,0.750866751756174,1.54927292234603,0.907749673528191
2043.519348,2046.232757,7.66666666666667,5.64505683467108,0.815916960146812,1.67683253747483,0.884072274999339
2044.423785,2047.137206,15,14.6969384566991,0.765741408985355,2.04979037280818,0.905577360022991
2045.328246,2048.041673,28,7.07106781186548,0.979254510373238,2.04755718867837,0.933700924178006
2046.232757,2048.946153,16.2,11.6918775224512,0.866457404485169,1.76776833304663,1.04973470809766
2047.137206,2049.850586,10.25,5.94618725379069,0.738930585147459,1.53666823911949,1.05519953442049
2048.041673,2050.755098,8.5,3.10017920628971,0.453997085836454,1.3779325045689,0.920181592081603
2048.946153,2051.659534,8.4,3.86436713231718,0.500588618234353,1.40113266540616,0.917945064753124
2049.850586,2052.564013,8.75,3.8821937833432,0.559036407156228,1.42450975594115,0.89658534948092
2050.755098,2053.468477,11.2857142857143,6.8729975438738,0.928232312558595,1.73800056782362,1.084045798564
2051.659534,2054.37302,11.8571428571429,6.06708528121402,0.831205870024568,1.73252511623437,1.06695583376104
2052.564013,2055.277486,10.4285714285714,4.0355562548073,0.820645157770084,1.95635169114011,1.12515659122265
2053.468477,2056.182009,9.25,4.59036257515989,0.635171425791984,1.75157575176585,1.00078692666309
2054.37302,2057.086535,8.25,3.95510519997347,0.583060277481713,1.85555478151039,1.05196865800249
2055.277486,2057.991015,9.55555555555556,5.24669207956573,0.549457055139897,1.67934666816363,1.03632041593847
2056.182009,2058.895546,10.7142857142857,4.75093975666168,0.466494891457883,1.58105673560864,0.984631523807269
2057.086535,2059.800054,13,6.13188388670236,0.438498205036525,1.29696942783233,0.82072304890917
2057.991015,2060.704554,10.4285714285714,5.62308168347638,0.331063431883152,1.23217494965825,0.79441620451925
2058.895546,2061.609074,8.85714285714286,2.67261241912424,0.547291438282468,1.42889107431466,0.83002934893228
2059.800054,2062.513573,10.125,4.45413130860392,0.493231253715838,1.54767145479295,0.893177601492942
2060.704554,2063.418089,14.1666666666667,4.62240918425302,0.52853799528752,1.63246473758473,0.856951028345423
2061.609074,2064.322588,14,4.47213595499958,0.443169798607252,1.25329676592321,0.686626435895301
2062.513573,2065.227084,11.5,5.24404424085076,0.390249841634233,1.13018026166023,0.664960312647198
2063.418089,2066.131555,11,6.13731754650732,0.449362543464018,1.15793213799949,0.714584086933719
2064.322588,2067.036035,11.8333333333333,6.6156380392723,0.468176586955837,1.36145610196719,0.845677837607373
2065.227084,2067.940539,10.5714285714286,5.8268671644702,0.450206291771942,1.31277424811795,0.833967391261236
2066.131555,2068.845008,11.1666666666667,6.01387285088957,0.381161656749616,1.30019337148807,0.79378865239285
2067.036035,2069.749501,9.875,3.83359212376963,0.309168203437885,1.24430014602441,0.802011269061103
2067.940539,2070.653973,8.22222222222222,2.81858908754796,0.285861949003201,1.24654654712476,0.822626850118089
2068.845008,2071.558458,8.44444444444444,3.00462606288666,0.310651259370011,1.19858829726129,0.835414381951178
2069.749501,2072.462938,8.66666666666667,3.77491721763537,0.318125116493905,1.32516608675007,0.860012953063859
2070.653973,2073.367425,10.8333333333333,4.16733328000853,0.404471452775717,1.43304435335775,0.861494320215118
2071.558458,2074.271883,11.4285714285714,6.90065559342354,0.418109440473378,1.46133610688907,0.922534717925336
2072.462938,2075.176385,7.75,6.77706215321738,0.410750684307624,1.38766543510671,0.836704788929861
2073.367425,2076.080841,8.1,5.46605687655899,0.34094968524333,1.29022036456846,0.835737919631852
2074.271883,2076.985321,9.125,6.53425042154252,0.390908170803379,1.38091931890472,0.812101209001903
2075.176385,2077.889767,9,7.10633520177595,0.353373508655269,1.52241525031553,0.912132375927235
2076.080841,2078.794269,9.25,7.47854072854935,0.392740191844479,1.53007895719228,0.86489152888837
2076.985321,2079.698716,8.77777777777778,5.73972511924086,0.350341766825944,1.3558919729689,0.851346885257968
2077.889767,2080.603196,10.8571428571429,5.01426536422407,0.287727733113915,1.07807758395522,0.709285929574357
2078.794269,2081.507666,9.2,4.20713679359253,0.298794779160744,1.15908018208705,0.711747735478665
2079.698716,2082.412161,16.8,11.8194754536739,0.157431346549682,1.0920131885143,0.614274070725972
2080.603196,2083.316594,15,13.4536240470737,0.194120219957951,1.07301329495344,0.587645235891176
2081.507666,2084.221055,8.2,5.21536192416212,0.26928293582157,1.11329589848205,0.581672597851475
2082.412161,2085.125544,10.5,6.98978847012861,0.228385961540043,1.07690607974599,0.625024048964055
2083.316594,2086.029993,9.71428571428571,7.01698619338069,0.225276594558249,1.16593504971584,0.712167578551223
2084.221055,2086.93446,10.125,5.46253473346264,0.201465857086945,1.10136082414831,0.722595952809895
2085.125544,2087.838954,9.625,5.92663479556485,0.497363757810072,1.31342839039571,0.809111098141842
2086.029993,2088.743412,11.4285714285714,9.16255318960719,0.52974924890568,1.275601386223,0.779759354402722
2086.93446,2089.647892,11.1666666666667,10.9437958070619,0.550077177004223,1.32608383097805,0.720998566041904
2087.838954,2090.552349,11,6.89927532426414,0.0762306148288402,1.0251739638987,0.607124672673015
2088.743412,2091.456807,9.28571428571429,4.30945803685667,0.105088182679888,1.02289873088967,0.569732217717765
2089.647892,2092.361301,10.4285714285714,3.15473944286703,0.226735628004708,1.08499916716502,0.677961326524019
2090.552349,2093.265744,12.6666666666667,6.15358973824764,0.243357552348376,1.11279782941564,0.67322382673297
2091.456807,2094.170223,13,7.4565407529229,0.297165582543381,1.30411551980006,0.752141767189115
2092.361301,2095.074672,13.5,7.09224929059886,0.294545454609236,1.22097208447423,0.732623406617527
2093.265744,2095.979137,10.5,4.30945803685667,0.276663523068108,1.18796820777826,0.772506489353745
2094.170223,2096.883601,9.71428571428571,3.72890894294322,0.14881751697962,1.08662316788807,0.736281928167929
2095.074672,2097.788048,13.6666666666667,9.66781602362533,0.144899384245204,1.10877078690892,0.704319407354547
2095.979137,2098.692548,22.3333333333333,10.0166528008778,0.538064394997665,1.37434464467464,0.798401042829894
2096.883601,2099.597008,14.4,4.87852436706019,0.690306952578633,1.46799411847772,0.876618070406649
2097.788048,2100.501475,11.8333333333333,5.45588367422425,0.648025370584433,1.67699198724051,0.999321662353073
2098.692548,2101.405913,10.8333333333333,5.45588367422425,0.650221833036703,1.51375378243069,0.902162375441645
2099.597008,2102.310374,10.125,5.69304086457442,0.607721879918652,1.50689337543196,0.926764622910759
2100.501475,2103.214872,9.75,4.55913525635227,0.650540030515332,1.41468178567936,0.865556345781033
2101.405913,2104.119327,9.375,3.9256482631171,0.750567544071046,1.57544443094693,0.97769957126932
2102.310374,2105.023776,7.88888888888889,2.14734978778752,0.63555970574915,1.33914750896612,0.894327934749402
2103.214872,2105.928238,8.3,2.98328677803526,0.536710957985917,1.28849617868574,0.878553528948384
2104.119327,2106.832716,8.77777777777778,4.20647648804132,0.339628099699888,1.19400527049261,0.748538062423514
2105.023776,2107.737179,10.5714285714286,6.07884700846969,0.377907137878368,1.23258587776214,0.688421621102371
2105.928238,2108.641671,13.8333333333333,4.9564772436345,0.320652723340754,1.12713505062169,0.655842820268516
2106.832716,2109.546121,13.6,5.81377674149945,0.296926331576524,1.11040190126813,0.629642193248891
2107.737179,2110.450615,10.4285714285714,4.35343323738644,0.408207199534286,1.15554822994721,0.691574523879385
2108.641671,2111.355073,10,4.69041575982343,0.396879662118485,1.15511718057628,0.685306987466492
2109.546121,2112.259572,8.77777777777778,4.46592033565809,0.344523847974528,1.17727653133589,0.745207047159814
2110.450615,2113.16403,8.44444444444444,3.43187671366233,0.660438598692642,1.29967062074905,0.967994748332821
2111.355073,2114.06848,9.625,4.20671232335045,0.748289641558181,1.51367290151126,1.0307855790059
2112.259572,2114.972953,9.85714285714286,3.67099311851582,0.801332252647403,1.52951586117294,0.997576854776442
2113.16403,2115.877422,9.83333333333333,4.07021702943058,0.593574894562512,1.32915845990225,0.787560804841652
2114.06848,2116.781863,12,6.557438524302,0.592408538895313,1.40273133040991,0.792143703604263
2114.972953,2117.686328,16.2,9.20326029187483,0.623321516033586,1.38105241046577,0.783411282076609
2115.877422,2118.590826,12.3333333333333,9.62635271879577,0.616384987323029,1.45898706063297,0.795479908652602
2116.781863,2119.495265,10.5714285714286,6.85218074428725,0.430076864489759,1.35486545206003,0.788946081955145
2117.686328,2120.399726,10.4285714285714,7.9970232557109,0.425842291423082,1.55027032223646,0.882876230791808
2118.590826,2121.304197,9.625,5.60452623204801,0.338723893143384,1.42939646504792,0.873744147317632
2119.495265,2122.208666,8.11111111111111,3.14024061356946,0.526243494525458,1.52023108726681,0.957361494738958
2120.399726,2123.113115,7.3,3.46570499481867,0.542987990253289,1.51809771174737,0.954351726600506
2121.304197,2124.017595,8.11111111111111,4.01386485959743,0.548636341337195,1.54519309302969,0.946448735752684
2122.208666,2124.922038,8.2,3.9665266081716,0.350405978873063,1.54951647384694,0.938318853883324
2123.113115,2125.826513,10,4.86973158544552,0.195129206322604,1.59280547986482,0.914471385887031
2124.017595,2126.730973,10.125,6.05775771811886,0.299967321675081,1.49997423228333,0.904790733886327
2124.922038,2127.635405,12,7,0.34217313615415,1.40749136897439,0.760992180922035
2125.826513,2128.539865,11.8333333333333,7.98540335028023,0.221478092078172,1.31945620973698,0.81437035473372
2126.730973,2129.444326,12.1666666666667,6.6758270399005,0.537102036659136,1.57062480795942,0.86513420150049
2127.635405,2130.348798,10.1666666666667,4.87510683643617,0.632763463004833,1.71894819209196,0.979741871723196
2128.539865,2131.253251,14.6,9.12688336728371,0.635457242385475,1.38460765039441,0.849114074063516
2129.444326,2132.157717,15.6,11.458621208505,0.700321251598599,1.1795741145535,0.709917967612144
2130.348798,2133.062197,12,7.97496081495075,0.165375827566741,0.817297512393743,0.497565886178202
2131.253251,2133.966632,9.14285714285714,5.04739442447195,0.410987276114931,1.02887063554809,0.640689227695536
2132.157717,2134.871114,11.8333333333333,10.6661458206171,0.390476654828398,1.17882474646947,0.665429075350077
2133.062197,2135.775575,13,9.95991967839099,0.300470591819817,1.28173680964444,0.694167771717035
2133.966632,2136.680011,11.8,4.38178046004133,0.205495300933355,1.2688262603531,0.701793402427098
2134.871114,2137.584471,12.6666666666667,5.85377371160405,0.19315235034358,1.2193536977948,0.751486393546039
2135.775575,2138.488945,10.75,7.27438428093173,0.203740635125804,1.24825595986646,0.746931362498448
2136.680011,2139.393381,14.1666666666667,10.5530406360758,0.444649333621279,1.35405404478333,0.754269948057753
2137.584471,2140.297848,8.28571428571429,7.22759263088999,0.445981432901973,1.28352720621601,0.796396232032918
2138.488945,2141.202296,6,2.23606797749979,0.524725895835827,1.41366490908676,0.864498019551282
2139.393381,2142.106745,10.8333333333333,8.65832932306612,0.406802411099795,1.29233252942738,0.834496824099439
2140.297848,2143.011231,9.75,9.28708781050335,0.280081605235919,1.11715069520143,0.792539341969092
2141.202296,2143.915687,12,9.1214034007931,0.291815793913248,1.11564447649777,0.723428351079744
2142.106745,2144.820127,10.375,7.81824788555594,0.32723757798391,1.19420726682582,0.740444167292764
2143.011231,2145.724582,9.44444444444444,5.05250213040804,0.356779474259096,1.25770023384133,0.7996261037793
2143.915687,2146.629036,7,4.54606056566195,0.358695216723295,1.39293059922767,0.875081845895957
2144.820127,2147.533504,6.63636363636364,2.97565882697352,0.361908814434703,1.39849737301255,0.916938011554605
2145.724582,2148.437962,6.5,3.75378596764774,0.29354630700388,1.36354208688368,0.897421064230526
2146.629036,2149.342432,8.875,8.20169843037752,0.243023382077233,1.33212997204336,0.807804314764873
2147.533504,2150.246893,13.6,9.83869910099907,0.18517467988868,1.16467284932897,0.701737852676394
2148.437962,2151.151343,14,3.80788655293195,0.224455329011411,1.0478521597135,0.64939659677013
2149.342432,2152.055783,11.6666666666667,3.50238014308365,0.0926156106749554,0.973718234668837,0.667702220304408
2150.246893,2152.960251,11.7142857142857,4.23140188409963,0.140093256301644,1.04442280401625,0.706898827720254
2151.151343,2153.864702,12.6666666666667,3.44480284873702,0.927976010681811,1.44793461608899,0.96584908477017
2152.055783,2154.769167,11.2,4.7116875957559,0.957234429437794,1.59963648107391,0.972084972270559
2152.960251,2155.673604,11.1428571428571,4.45078912211349,0.876635130044298,1.41258624904852,0.968026774113533
2153.864702,2156.578074,8.88888888888889,3.72305131728145,0.175993634424343,1.13758966622876,0.761445576540803
2154.769167,2157.482541,11.2857142857143,8.38081709847526,0.416960970042904,1.27679134927282,0.816627940423507
2155.673604,2158.387007,9,8.23103881657716,0.395398463357093,1.27523995942446,0.813239472467556
2156.578074,2159.291457,8.14285714285714,5.24177360024167,0.458969672004829,1.25995579513474,0.77434574332547
2157.482541,2160.1959,9.42857142857143,5.76937728751676,0.260104703234287,1.04335888113685,0.665390931688009
2158.387007,2161.10035,11.4,3.78153408023781,0.196933893362924,0.995865166199831,0.632539032374533
2159.291457,2162.00483,10.6666666666667,5.12510162500869,0.196889766405174,1.00834820265575,0.650709657161026
2160.1959,2162.909288,10.4285714285714,5.50324579550235,0.240684338184774,1.17560517705153,0.692057714626162
2161.10035,2163.813735,9.22222222222222,3.66666666666667,0.35553327104679,1.22663108172426,0.758789017017217
2162.00483,2164.718176,7.2,3.48966728754731,0.353511213277425,1.21411093416942,0.781728051007678
2162.909288,2165.622642,8.3,4.34741302385683,0.343687035915017,1.13722471171331,0.743742123166593
2163.813735,2166.527098,7.8,4.56557164487038,0.332520676235376,1.08819885205763,0.725711561502836
2164.718176,2167.431568,9.25,5.444525428617,0.355640092527568,1.14694177216321,0.650581061001319
2165.622642,2168.33601,10.5,7.98212288268514,0.334033284419492,1.1769556792195,0.650536645140849
2166.527098,2169.240451,10.5,8.9162772500635,0.170408409184534,1.0758910600641,0.596205333912122
2167.431568,2170.1449,10.7142857142857,8.15913160645351,0.376058167577509,1.22154260560732,0.768303410881767
2168.33601,2171.049361,8.5,4.03732584763727,0.530412159789528,1.40240962711603,0.833616676186946
2169.240451,2171.95381,10.375,5.75543221661067,0.524256088232697,1.4090328342064,0.948128619173179
2170.1449,2172.858273,12.25,7.36545993132812,0.450070129633858,1.17290488784104,0.852658024142222
2171.049361,2173.762731,15.2,7.01427116670007,0.411061003638396,1.12054687129122,0.839346516902035
2171.95381,2174.667197,10.1666666666667,4.26223728418147,0.324552084178516,1.11737802258883,0.79889858252177
2172.858273,2175.571655,9.25,4.39967531269557,0.437032570322224,1.32009900524814,0.862434360557243
2173.762731,2176.476111,7.6,4.59951688284276,0.598766185911643,1.4322524215769,1.01661661596074
2174.667197,2177.380574,8.55555555555556,4.92724849969816,0.553101410518708,1.63069036252473,1.00746448221134
2175.571655,2178.285012,7.54545454545455,3.53167485376659,0.478880241885377,1.53693408195063,1.03416538541391
2176.476111,2179.189482,7.7,4.42342250600897,0.275529402435732,1.49051090139844,0.944277111544573
2177.380574,2180.093931,8.55555555555556,5.10174262167132,0.44816579215364,1.51547901794186,0.965839110571011
2178.285012,2180.998346,8.25,4.36708467646651,0.545104076537129,1.38397162860918,0.887295919216451
2179.189482,2181.902817,9.5,3.93700393700591,0.571074249065941,1.3435554304911,0.769931947484047
2180.093931,2182.807271,10.6666666666667,8.2138095100061,0.598041930110336,1.4867168787525,0.876212358618114
2180.998346,2183.711712,11.4285714285714,7.34522844793686,0.473385032313023,1.55814669844412,0.898660956643505
2181.902817,2184.616188,7.77777777777778,3.80058475033046,0.453372698784373,1.48528209984116,0.947606443751116
2182.807271,2185.520636,8.55555555555556,5.17472489875334,0.559709498276513,1.47112542924228,1.01920608050189
2183.711712,2186.425102,7,5.33333333333333,0.703083049338734,1.56084516213339,1.11470479916692
2184.616188,2187.329557,8.1,5.0651313463281,0.694567154878289,1.64083771350183,1.17133125070313
2185.520636,2188.233971,8.6,4.6475800154489,0.722712310770533,1.66851033824169,1.13451588125782
2186.425102,2189.138421,7.81818181818182,2.92636914343293,0.596006600475561,1.47921419403586,1.00486070415737
2187.329557,2190.042896,6.08333333333333,2.77843426585856,0.689013956174175,1.65305209015281,1.11783984719403
2188.233971,2190.947336,6.83333333333333,3.83366269994762,0.530525120397323,1.5366627903644,1.0084145079836
2189.138421,2191.851798,6.53846153846154,3.66550098020686,0.473345568077076,1.65545589103674,1.12095493465128
2190.042896,2192.756277,6.81818181818182,3.51619629196613,0.367042435016644,1.59317125422595,1.02913906097047
2190.947336,2193.660685,11.4285714285714,9.62387903181703,0.521928600730432,1.57688477662488,0.939542217210391
2191.851798,2194.565151,12.8,11.2116011345392,0.634019204831166,1.32848455979451,0.729402661128165
2192.756277,2195.46961,12.6,9.96493853468249,0.102211461032833,0.852030809761725,0.506568203101971
2193.660685,2196.374056,13.3333333333333,8.75595035770913,0.0847592605547692,0.867299764955736,0.529250535998674
2194.565151,2197.278531,11.8,4.43846820423443,0.267830845409316,0.954248425519259,0.668861970379627
2195.46961,2198.182981,14.6,4.82700735445887,0.240458036274821,1.10079562018588,0.757768657464829
2196.374056,2199.087429,11.1666666666667,6.11282804164052,0.174023654702045,1.14927574003872,0.769284091146678
2197.278531,2199.991933,9.875,2.94897076476329,0.168162873974259,1.08866628595828,0.742827491030325
2198.182981,2200.896394,9.875,3.35676289643119,0.193509647155135,1.14279468522064,0.769176522207165
2199.087429,2201.800886,8.75,2.81577190634672,0.343342890363347,1.28461304057993,0.855393066773344
2199.991933,2202.705391,7.77777777777778,2.81858908754796,0.3533475779547,1.26471341872247,0.877940182370269
2200.896394,2203.609903,9.28571428571429,3.90360029179413,0.38738580374491,1.2705797905658,0.797121683132202
2201.800886,2204.514444,13.8333333333333,5.63619256827396,0.404782904749675,1.26687524173003,0.801785335259861
2202.705391,2205.418998,15.2,5.71839138219832,0.504094906774901,1.46991798072019,0.849218041930892
2203.609903,2206.323566,13.2,4.32434966208793,0.477054765157743,1.53538054714234,0.872141796409021
2204.514444,2207.228139,13.1666666666667,7.30524925424634,0.449207975977743,1.25415467798342,0.786514758601746
2205.418998,2208.132711,10.8333333333333,7.08284312029193,0.254957434367867,1.11787085673769,0.646074146401582
2206.323566,2209.037291,8.6,5.02991053598372,0.191033474043153,1.12277949752767,0.646866932396202
2207.228139,2209.941874,14.4,8.23407554009556,0.194888654637721,1.09729068145927,0.679381918903918
2208.132711,2210.846476,10.75,3.5,0.199393533692171,0.992930200762306,0.630882365076308
2209.037291,2211.751065,16.5,10.847426730182,0.19709634025694,1.06564082838176,0.612632521556135
2209.941874,2212.655647,21.3333333333333,10.0664459136943,0.318171416721357,1.06113294996115,0.594996613822175
2210.846476,2213.560272,18,5.29150262212918,0.295205158405019,1.23140013548793,0.654092147647416
2211.751065,2214.464877,22,10,0.305261720274764,1.20008723528428,0.633553989232171
2212.655647,2215.36948,15.4,11.148990985735,0.221355855276927,1.08586382764244,0.645559380435254
2213.560272,2216.274109,11.4,6.18869937870632,0.128015340956515,1.00569244985392,0.583230237822317
2214.464877,2217.17868,10.5,4.65474668125631,0.165517278050626,0.972437426229371,0.56051260792837
2215.36948,2218.083282,23.6666666666667,12.5033328890074,0.100788226269817,0.860011570186615,0.49395952170054
2216.274109,2218.987894,18,0,0.0677458817770046,0.85903326294675,0.481555817297348
2217.17868,2219.89249,47,0,0.0317180653567013,0.88450877624889,0.508392920205812
2218.083282,2220.797095,17.3333333333333,7.02376916856849,0.137477570171145,0.947888219530595,0.528363949242011
2218.987894,2221.701713,12.6666666666667,4.61880215351701,0.202858564925708,1.05637176824916,0.574523770228916
2219.89249,2222.606328,15.4,8.82043082847998,0.214828143434481,0.958991711499949,0.571076732272932
2220.797095,2223.510912,11.6666666666667,9.13600934033381,0.247640474793862,0.956487311312457,0.597580714247835
2221.701713,2224.415523,12.3333333333333,10.670832519849,0.203041672075836,0.881711959408609,0.559936901418252
2222.606328,2225.320079,23.6666666666667,15.3079500042734,0.227050612934112,0.972827491820238,0.551676998970772
2223.510912,2226.22465,33.5,2.12132034355964,0.111027102582826,0.898156879796875,0.482325328206307
2224.415523,2227.129243,20.6666666666667,15.6311654502578,0.0307097353044818,0.944349460647484,0.503292292929552
2225.320079,2228.033789,11.4,8.01872807869178,0.0871542582563773,0.986787942428366,0.576412484085264
2226.22465,2228.938335,8.5,5.44671154612273,0.097423017893979,0.987479462464574,0.56744135222639
2227.129243,2229.842865,16,12.5299640861417,0.213479846220678,0.930956868287772,0.557483392962296
2228.033789,2230.747389,19.3333333333333,15.3731367434669,0.236593482355701,0.953895892777428,0.517004832845396
2228.938335,2231.651915,12.5,2.88675134594813,0.117589966730454,1.06475783096056,0.568451363256592
2229.842865,2232.556451,12.6,2.50998007960223,0.293165436772657,1.12038612702337,0.645351697896808
2230.747389,2233.460921,10.75,4.06201920231798,0.248853957523741,1.16571130741153,0.666209168952672
2231.651915,2234.365452,9.875,4.61170870099762,0.290153513516576,1.1843275373905,0.673746945879394
2232.556451,2235.269955,11.1428571428571,5.01426536422407,0.240573055034176,1.09661930778144,0.635455761048324
2233.460921,2236.174435,14.75,2.87228132326901,0.494405832005629,1.2491181729705,0.631171673319052
2234.365452,2237.078928,22.6666666666667,15.3079500042734,0.542843435161665,1.19832960559377,0.593967833142349
2235.269955,2237.983451,28.3333333333333,10.1159939369957,0.544675289487368,1.27254426887847,0.620681024327774
2236.174435,2238.887931,24,2.64575131106459,0.473490111519351,1.23157137175039,0.636764506778738
2237.078928,2239.792437,11.5,10.4083299973307,0.384335011411881,1.31032384309753,0.694999894162984
2237.983451,2240.696925,9.66666666666667,6.77249338624016,0.313998898456564,1.29858398924817,0.705663221016137
2238.887931,2241.601405,13.1666666666667,6.8239773348588,0.214390103004069,1.19129984591999,0.688112120764098
2239.792437,2242.505904,13.6666666666667,6.0882400303098,0.236141844901647,1.0837288121634,0.648047882445493
2240.696925,2243.410378,11.4285714285714,5.38074167307639,0.169669520695019,0.953541740422697,0.595637471887096
2241.601405,2244.314886,10.8333333333333,6.7946057035465,0.247183599621947,0.998517631514263,0.596047132995015
2242.505904,2245.219335,15,7.77817459305202,0.229666006692032,0.994866918611422,0.578487075281853
2243.410378,2246.123795,16,8.24621125123532,0.240981789489146,1.06089848245659,0.575370758998141
2244.314886,2247.028309,15.6666666666667,11.7189305541646,0.373830434386908,1.11387152855422,0.547098248130069
2245.219335,2247.932777,28.5,0.707106781186548,0.430935608658727,1.14074939434104,0.545387963576655
2246.123795,2248.837243,19.6666666666667,11.1504857891185,0.38990340157182,1.15354563141546,0.587409996238
2247.028309,2249.74173,18.25,8.65544144839919,0.277890382994637,1.01471416905674,0.572992702987186
2247.932777,2250.646192,18.25,5.18812747209113,0.349003552551653,1.16119517534613,0.641220203538049
2248.837243,2251.550685,14,2.64575131106459,0.369229841336664,1.05988999683442,0.587030134783235
2249.74173,2252.45517,21.25,10.0457287772798,0.311405995857572,1.0824990859017,0.594018125236898
2250.646192,2253.359633,24,0,0.22866526062436,0.968474602690788,0.51111765990525
2251.550685,2254.264113,33,12.7279220613579,0.232104418228661,0.8723348428737,0.480757810407369
2252.45517,2255.168572,28,0,0.224441247842316,0.838759251566798,0.4531136910832
2253.359633,2256.073039,31.5,4.94974746830583,0.161099677933457,0.822778332071395,0.490646941800777
2254.264113,2256.977522,18.25,12.7899700286331,0.146370171553298,0.958263116476533,0.555595777122748
2255.168572,2257.881978,9,3.08220700148449,0.145572391964228,0.96754906021452,0.574694095016364
2256.073039,2258.786449,9.85714285714286,3.38765264987284,0.178271931299466,1.02099310004392,0.592217971794095
2256.977522,2259.690915,12.1666666666667,7.3869253865642,0.316786855928268,1.08098535198782,0.623361850059448
2257.881978,2260.595398,12.5,8.09320702811932,0.282667551006824,1.14169361245997,0.622483982323681
2258.786449,2261.499855,13,7.03562363973514,0.293112803490962,1.12613947375904,0.614735567376933
2259.690915,2262.404307,17.25,10.688779163216,0.129547903418475,1.02876857217599,0.555891412287042
2260.595398,2263.308794,23,11.2694276695846,0.114922968516225,0.961516995058962,0.529003400391453
2261.499855,2264.213243,31,2.82842712474619,0.249734385716695,1.0574621229564,0.519668491958812
2262.404307,2265.117713,22,16.5227116418583,0.202496654323289,1.04998042228005,0.530626786311566
2263.308794,2266.022212,16.5,11.9023807142381,0.196766785668362,1.03738581694257,0.542184499922673
2264.213243,2266.926669,10.1666666666667,6.7946057035465,0.434816124574206,1.07880835562615,0.670921350201163
2265.117713,2267.831141,13.6,10.6911178087233,0.473179578383192,1.14925124599454,0.669942830179259
2266.022212,2268.735588,12.75,13.0989821487524,0.492205715892745,1.24764099326235,0.689155567811264
2266.926669,2269.640072,19.6666666666667,15.0111069989303,0.23551609352525,1.09152796742213,0.560456547093274
2267.831141,2270.54456,16,4.24264068711928,0.173577419231989,0.871833104857833,0.531991878933249
2268.735588,2271.449015,20,7.54983443527075,0.210572370231581,0.949702615568788,0.515423574037765
2269.640072,2272.353467,19.75,8.95823643358446,0.190755942268491,0.925876326685096,0.515204585915879
2270.54456,2273.257947,14.6,6.98569967862919,0.220957080356913,0.974056052870134,0.572876458956616
2271.449015,2274.162405,16,4.94974746830583,0.246446232006782,0.886914257139594,0.552329476520843
2272.353467,2275.066893,14.25,4.57347424467075,0.261682644415977,0.855301798572459,0.537311272215709
2273.257947,2275.971341,16.25,10.5633012516605,0.205807083951207,0.830098963550499,0.491400601043401
2274.162405,2276.87582,17,14.142135623731,0.391623022574144,1.13943246734445,0.508075740081419
2275.066893,2277.780288,15,9.0921211313239,0.367109684633468,0.966416364215617,0.501110267203019
2275.971341,2278.684755,16.75,11.5578256317239,0.372965396194246,0.90140716229072,0.50767230396409
2276.87582,2279.589245,17,12.9871731591854,0.193463014129088,0.904188647621971,0.514651342703518
2277.780288,2280.493707,11.8333333333333,7.25028735062733,0.146084353083071,0.94101552130237,0.530936986256955
2278.684755,2281.398173,13.4,9.12688336728371,0.230011755025954,1.09733719340643,0.547954546401576
2279.589245,2282.30264,17.5,10.785793124909,0.354414162542557,1.23431633825443,0.606859129176876
2280.493707,2283.20712,16.5,9.32737905308882,0.403673881357497,1.22135039520924,0.629243848562314
2281.398173,2284.111587,15.25,7.63216876123687,0.420695446737505,1.23744749419253,0.675358746420656
2282.30264,2285.016038,18.6666666666667,7.57187779440036,0.344094105916013,1.33131170898909,0.677321559232901
2283.20712,2285.920511,21,9.8488578017961,0.398550188873194,1.27267307830696,0.65692872928875
2284.111587,2286.82505,22.3333333333333,10.6926766215636,0.388365109686642,1.26519329097951,0.643752444103701
2285.016038,2287.729547,18.25,7.9320026895272,0.347893102761239,1.0764001276673,0.597063639817977
2285.920511,2288.634044,17.5,4.94974746830583,0.453725237237121,1.17462954594193,0.576224252808304
2286.82505,2289.538544,23.5,13.4350288425444,0.281768948959463,0.965758597336561,0.491267618589609
2287.729547,2290.443032,36,0,0.291854365314023,1.16509556224112,0.500890320734365
2288.634044,2291.347522,35,0,0.352031893249218,1.1225436241631,0.488147770909269
2289.538544,2292.252002,32,4.24264068711928,0.262396675975405,1.07462428697157,0.511269299577188
2290.443032,2293.156518,13.6,11.1713920350152,0.206882264070687,0.95605114173244,0.498072834073496
2291.347522,2294.061045,12.2,8.98331787259028,0.205793503427506,0.958504834980179,0.525196061879786
2292.252002,2294.965582,12.5,7.55645419492503,0.222390250895375,0.904270430074212,0.512130073629861
2293.156518,2295.870086,18.5,9.67815409397198,0.151827675029885,0.832866626755272,0.516302108280371
2294.061045,2296.774658,21.6666666666667,12.0968315410827,0.178345573082499,0.921165878431382,0.551499829334712
2294.965582,2297.679195,26,0,0.0577093777315514,1.04225101566961,0.583303019893746
2295.870086,2298.58372,21,17.5214154679352,0.0624086070900923,1.11736715255184,0.588551628132004
2296.774658,2299.488217,11,8.18535277187245,0.0937738626471268,1.16562032700386,0.55967903515341
2297.679195,2300.39276,20,11,0.304322808434101,1.30144975299887,0.62776217325629
2298.58372,2301.29727,29.5,2.12132034355964,0.230761426543667,1.51506259866878,0.628569841992465
2299.488217,2302.201753,18,10.4243305140746,0.435007376676035,1.16840216803311,0.640569914102637
2300.39276,2303.106267,15.5,8.18535277187245,0.319753946123946,1.07908203923262,0.615909917400303
2301.29727,2304.010758,16,7.7028133388609,0.27726548053268,1.12504530497098,0.635691947951468
2302.201753,2304.915251,23.6666666666667,11.6761865920913,0.313165973459006,1.16359598044082,0.610395091158084
2303.106267,2305.819746,22,13.7477270848675,0.306220248346286,1.05088134468352,0.575192848711537
2304.010758,2306.724218,13,8.15475321515004,0.150738861929502,0.858929695006447,0.500928847713518
2304.915251,2307.628722,11,4.81663783151692,0.154856116554374,0.916491178249166,0.551326780062934
2305.819746,2308.533183,16.4,14.1880231181092,0.179576053131166,0.918310166798043,0.559809450326541
2306.724218,2309.437695,16.25,16.7406690427832,0.117051988192443,0.98147493911563,0.563336473598634
2307.628722,2310.342181,12.75,7.08872343937891,0.178251216176445,0.972422936373536,0.527683460037258
2308.533183,2311.24663,14.25,4.92442890089805,0.184827008635937,0.889464662370045,0.512437691191564
2309.437695,2312.151125,17.25,8.46069343099804,0.213541228169931,0.933968958965174,0.542232017949693
2310.342181,2313.055572,23,3,0.174002209702474,1.01775363303472,0.567458262295752
2311.24663,2313.960067,16.3333333333333,8.14452781524708,0.0990973341022489,0.950965818526539,0.570551955315341
2312.151125,2314.864537,13,7.3824115301167,0.207127373396432,1.02167386557271,0.610327329210446
2313.055572,2315.769013,11.5,6.65582451691749,0.198806696032927,1.04661426876621,0.619876771214767
2313.960067,2316.673486,14.8,11.1220501707194,0.223124096815406,1.05533495510615,0.59778115775678
2314.864537,2317.577936,21,13.4536240470737,0.184320014225774,0.926655759830914,0.503014939040413
2315.769013,2318.482444,30,7.07106781186548,0.441496073557386,1.05420869364044,0.497757326435564
2316.673486,2319.386908,32.5,3.53553390593274,0.386951800226045,1.1592019940204,0.537911383115914
2317.577936,2320.291357,16,10.1653004546513,0.328921463407878,1.37295039266436,0.668238069607185
2318.482444,2321.195824,11,4.51663591625449,0.281060283363113,1.25016348097696,0.704255514377219
2319.386908,2322.100291,9.85714285714286,4.25944329025016,0.368026990877781,1.33196608243863,0.79401984920614
2320.291357,2323.004758,15.2,10.3053384223906,0.364346432796491,1.29760857759728,0.72097692286099
2321.195824,2323.909227,15.3333333333333,14.5716619962629,0.452883450249156,1.34663215865347,0.63811262825565
2322.100291,2324.813706,25,12.7279220613579,0.376309104325382,0.968099593387799,0.528602796532387
2323.004758,2325.718155,14,2.82842712474619,0.213847022470562,0.874237946138831,0.527003447697635
2323.909227,2326.622655,22,9.53939201416946,0.366817175104574,1.0387219254137,0.572199820620542
2324.813706,2327.52709,18.6666666666667,4.04145188432738,0.31235118572196,1.11613750354133,0.610258827023064
2325.718155,2328.431559,14.3333333333333,4.04145188432738,0.155114352442402,0.969766759476917,0.593885417980267
2326.622655,2329.336039,14.6,7.3348483283569,0.163248967312005,0.905547751761855,0.530340164708833
2327.52709,2330.240506,15.6,6.87749954561976,0.084308630300204,0.826305642979975,0.483075187373221
2328.431559,2331.144953,13.75,4.19324854180304,0.146404848555611,0.878065862004881,0.498360279443444
2329.336039,2332.049414,21,16.8226038412607,0.129025844759857,0.933407952939466,0.485350195780283
2330.240506,2332.953907,31,0,0.120754885487696,1.00901293503332,0.476386741849797
2331.144953,2333.858346,21.6666666666667,11.3724814061547,0.151658895374463,0.906509481916943,0.427461477492178
2332.049414,2334.762808,13.4,9.86407623652616,0.264449465509302,0.969426777448328,0.524796827485652
2332.953907,2335.66727,9.875,5.7678295001549,0.499584052620035,1.16392026895228,0.694696924867067
2333.858346,2336.571747,7.88888888888889,2.26077666104176,0.456394327888728,1.25168578009887,0.804992348358425
2334.762808,2337.476224,9.25,2.18762754730194,0.455438865444469,1.26676558158462,0.781816709569385
2335.66727,2338.380665,11,4.12310562561766,0.274098188944855,1.03582746987362,0.67151101063628
2336.571747,2339.285114,13.3333333333333,8.11582815655104,0.181071201343471,0.898436215463207,0.545742814389987
2337.476224,2340.189612,12.3333333333333,12.7410099024109,0.18472794592883,0.888109309317509,0.522252499832914
2338.380665,2341.09407,17.5,19.0918830920368,0.176525429603662,0.841380553286008,0.457254367442373
2339.285114,2341.998566,18.3333333333333,10.2143689640297,0.125957686250003,0.858349553619486,0.453518209537933
2340.189612,2342.903069,12.75,5.05799696849784,0.0391907025478847,0.815765678517354,0.511876288806221
2341.09407,2343.807599,14.6,7.56967634711022,0.166321504272316,0.897882243653942,0.550048657036928
2341.998566,2344.71212,11.3333333333333,8.04155872120988,0.395220582820826,1.14957763762042,0.668986672377389
2342.903069,2345.616675,12.2,9.17605579756357,0.483929846143975,1.30509349999835,0.742120671592165
2343.807599,2346.521209,13.3333333333333,8.93681524183345,0.425304755632404,1.31380175990548,0.776866920439187
2344.71212,2347.425764,15.75,7.18215380880508,0.357521842571849,1.22372400841561,0.704130360381209
2345.616675,2348.330305,13,6.74536878161602,0.125097434942595,0.997223055769957,0.624932850692953
2346.521209,2349.234808,9.125,3.56320481749626,0.186925848775703,1.04547024273193,0.626883632096858
2347.425764,2350.139329,8.125,2.90012315009454,0.231195893163617,1.12665271484028,0.668636952456492
2348.330305,2351.043818,7.66666666666667,3.20156211871642,0.216698516531281,1.12961092259932,0.677023205346639
2349.234808,2351.948341,11.1428571428571,6.14894493466349,0.23146173347222,1.06542467193258,0.646916635308661
2350.139329,2352.85283,10.3333333333333,6.68331255192114,0.165694731073728,1.0024310568047,0.599981819460354
2351.043818,2353.757366,13,9.34523051258412,0.201462472199137,0.921094118015749,0.551318324920399
2351.948341,2354.66184,17.6666666666667,9.50438495292217,0.320934069557413,1.03824832197635,0.525923095767588
2352.85283,2355.566337,23.6666666666667,5.5075705472861,0.26610078854184,1.02371287290656,0.545671894808496
2353.757366,2356.470828,16.8,10.5688220724923,0.23632218417898,0.996060055754378,0.546013737196558
2354.66184,2357.375308,11.6,9.39680796866681,0.128516882091241,0.948200407590412,0.522545018194095
2355.566337,2358.279778,14.75,9.03234926989282,0.123927893727471,0.869989761285833,0.481930816005332
2356.470828,2359.184291,11.25,5.56027577253743,0.155272142547836,0.868626146200298,0.476642822360256
2357.375308,2360.088776,17.5,7.04745817062199,0.153688894006181,0.822051974671743,0.508930970197796
2358.279778,2360.993301,23,8.66025403784439,0.144447743320446,0.931369060278801,0.532551164112168
2359.184291,2361.897782,15.75,8.84590300647707,0.185488362039013,0.929542198951874,0.575397782881149
2360.088776,2362.802273,10.2857142857143,3.25137333621173,0.277860029711448,1.035664211355,0.65522166958526
2360.993301,2363.70677,9.66666666666667,3.01109061083632,0.272426815055066,1.06056188561504,0.633513624462514
2361.897782,2364.611268,11.6,6.6932802122726,0.28154621869983,1.09566826544002,0.627522432511799
2362.802273,2365.515753,13.8,6.94262198308391,0.192810305548453,0.960917960096992,0.554810132624448
2363.70677,2366.420234,9.125,5.02671434864337,0.158184218898595,0.996647514366028,0.622868783898576
2364.611268,2367.324683,7.33333333333333,4.52769256906871,0.130362997748306,1.00093708707894,0.632159977041429
2365.515753,2368.229186,9.22222222222222,7.57921133393472,0.122075277863737,0.996368430490591,0.617649665675415
2366.420234,2369.133668,9.28571428571429,7.587583842794,0.187695710943936,1.02598755734102,0.599473759247946
2367.324683,2370.038149,16,6.78232998312527,0.255354383822601,0.981266302759804,0.582434418451773
2368.229186,2370.942644,12.6666666666667,5.7850381733111,0.260637163215976,0.938513073275438,0.553447628271781
2369.133668,2371.847159,13.5,6.34822809924155,0.183782965406718,0.854494784333319,0.508160752407853
2370.038149,2372.751696,14.2,5.84807660688538,0.10137594232969,0.822636786536677,0.487843124998347
2370.942644,2373.656254,13,7.71362431027076,0.660600700369764,1.17322875777238,0.674985366400808
2371.847159,2374.560791,14,7.95822425754221,0.710061517099821,1.24575536162543,0.682906760067969
2372.751696,2375.465371,15.5,11.5036226178249,0.708137877574703,1.26937126093216,0.693051885795182
2373.656254,2376.369912,24,13.4536240470737,0.186455682294231,0.836822587503254,0.496422704392717
2374.560791,2377.274537,28.5,9.19238815542512,0.214048092249268,1.02133675778223,0.535046619125271
2375.465371,2378.179109,23,2.64575131106459,0.185394828611373,0.909513644854065,0.530239698446316
2376.369912,2379.083712,14.8,8.16700679563817,0.154209308596886,0.946473234837436,0.576547601777128
2377.274537,2379.988301,12.75,7.54431353183752,0.226955752677193,0.988064946256866,0.55889263676813
2378.179109,2380.89291,17,9.30949336251263,0.22712664880264,0.987909918938294,0.538662240130365
2379.083712,2381.797535,16.75,10.2428837085396,0.272446317393307,1.04595446366783,0.54976488570029
2379.988301,2382.702105,16,9.41629792788369,0.333393815861366,1.0860191146642,0.56152061195506
2380.89291,2383.606657,15.6,11.9707978013163,0.303644380562903,1.1565898985069,0.611030280501213
2381.797535,2384.51122,18,12.0277457017791,0.361874937755282,1.08117983043252,0.562956891942535
2382.702105,2385.415764,13.6,7.43639697703128,0.263613031455434,0.988887699911544,0.572207102173514
2383.606657,2386.320274,14,6.96419413859206,0.204041710922647,0.844259238926447,0.511681394128175
2384.51122,2387.224798,15,8.08290376865476,0.220601258249145,0.888134909809131,0.544568947553231
2385.415764,2388.129361,21,11.4891252930761,0.144645736260038,0.85782770137284,0.51348895812353
2386.320274,2389.033887,21.6666666666667,14.2945210949277,0.0546162377383626,0.979094092887845,0.557320658320709
2387.224798,2389.938353,14.25,7.36545993132812,0.108278377084896,1.0812911674676,0.600014949656308
2388.129361,2390.842871,10.75,1.70782512765993,0.126044753282903,1.06843413959619,0.585630411770055
2389.033887,2391.74736,17,8.71779788708135,0.130331575728717,0.969766887904197,0.545615630501795
2389.938353,2392.651886,29,0,0.158928453236513,0.944836929852462,0.446077280070192
2390.842871,2393.556369,38,0,0.235178252990348,1.22351245433657,0.535016575223473
2391.74736,2394.460876,23.5,10.6066017177982,0.256162662965557,1.12538508637482,0.587055065544293
2392.651886,2395.365356,15.5,11.2694276695846,0.317266863946785,1.10739591902954,0.639801025760248
2393.556369,2396.269855,13.2,10.4259292151827,0.286221095817321,1.0848362085037,0.623501819041527
2394.460876,2397.174347,15.6,11.148990985735,0.316479956992751,1.17960858849363,0.641733615770643
2395.365356,2398.078814,17.5,13.076696830622,0.281702195956004,1.15334052216184,0.593757725094351
2396.269855,2398.983279,17.5,12.1243556529821,0.278148591622267,1.11318366960579,0.563012905924561
2397.174347,2399.887794,16.3333333333333,8.32666399786453,0.193814674867685,0.979112244824094,0.509621082642867
2398.078814,2400.792282,15.25,5.67890834580027,0.236766936158923,0.889938035530913,0.500598113902935
2398.983279,2401.69677,17.75,3.5,0.112696996682939,0.792267157639868,0.439197912850645
2399.887794,2402.601206,11.8,6.49615270756469,0.0880514308452221,0.811954924312411,0.449343268006241
2400.792282,2403.505703,9.75,4.5,0.0932671453912133,0.782708778062846,0.458639453217136
2401.69677,2404.410183,16.5,8.18535277187245,0.0527704427407475,0.741569599938434,0.482497149423116
2402.601206,2405.314647,16,0,0.0163034485392169,0.738187191936765,0.46532619220626
2403.505703,2406.219138,51,0,0.247359960721643,0.924625376575883,0.462997140950787
2404.410183,2407.123631,26,8.48528137423857,0.205357468255336,1.17757610556846,0.499887023390314
2405.314647,2408.028069,25,6.2449979983984,0.283276332337895,1.0634150125712,0.483723497539578
2406.219138,2408.932554,19.3333333333333,4.04145188432738,0.28665223200707,1.07639429873068,0.507072036970841
2407.123631,2409.837031,22,9.89949493661167,0.218431885924885,0.957604475048542,0.49707794185183
2408.028069,2410.741508,29,0,0.10678950203856,1.0759408457831,0.515670355562652
2408.932554,2411.645979,42.5,10.6066017177982,0.395787434744749,1.0751619828965,0.525684663551395
2409.837031,2412.550445,11,0,0.494103984107155,1.15360399701353,0.51800803411581
2410.741508,2413.454908,13.6666666666667,8.32666399786453,0.319589658444026,1.12152867577722,0.561408053061476
2411.645979,2414.359358,17,7.11805216802087,0.194384835655004,0.932786064815534,0.546997281147142
2412.550445,2415.263857,15.5,4.35889894354067,0.0999920003269288,0.878566901590938,0.531548264015924
2413.454908,2416.168296,12,0,0.133068683431413,0.853919856932094,0.466577803505484
2414.359358,2417.072789,59,0,0.00192964152895405,1.00861776898047,0.513049516608902
2415.263857,2417.977256,36,0,0.0277191727680058,0.990381816557716,0.550871734457261
2416.168296,2418.881727,15,11.3137084989848,0.446282387916691,1.22615031098801,0.650692314874573
2417.072789,2419.7862,14.5,7.72442015083764,0.358197660701711,1.12813734769734,0.642103782323534
2417.977256,2420.690657,12.1666666666667,4.83390801181266,0.33903812831946,1.03264404881959,0.644093920282284
2418.881727,2421.595137,12.1666666666667,4.35507366948788,0.144452623645382,0.924776285908755,0.57853716900532
2419.7862,2422.4996,12.4,7.30068489937759,0.0760185169155209,0.973145737998147,0.556751526605313
2420.690657,2423.40405,17.25,15.1959424408842,0.0753831999761763,1.00671316521838,0.519275410425646
2421.595137,2424.308533,17.5,15,0.105556176206491,0.961999482230406,0.497680851005824
2422.4996,2425.212997,14.5,4.93288286231625,0.22996716544312,0.975001759922522,0.538872413643635
2423.40405,2426.117448,15.25,6.29152869605896,0.309651365414324,1.05032773398106,0.573129987826577
2424.308533,2427.02195,27,4.24264068711928,0.396531434231225,1.15233585129686,0.566678023097374
2425.212997,2427.926394,23.6666666666667,12.7410099024109,0.589820787350264,1.33075254141179,0.655391648407792
2426.117448,2428.830859,11.6666666666667,5.5075705472861,0.511889277523541,1.34102210654624,0.66229020840183
2427.02195,2429.73535,12.8,5.71839138219832,0.490609846571721,1.15554194301066,0.658544999024109
2427.926394,2430.639813,13.8,5.54075807087803,0.177812559957214,0.883589058680322,0.520875789008301
2428.830859,2431.544272,14.8,8.37854402626136,0.192699156096486,0.901553152760835,0.515555606102587
2429.73535,2432.448722,21.6666666666667,13.7961347243833,0.169986374606062,1.0135258590275,0.538924108430181
2430.639813,2433.353205,16.5,11.0302614051829,0.214922483490893,0.948858992392629,0.538750352467523
2431.544272,2434.257656,16,4.08248290463863,0.131051986041967,0.866089876555778,0.515339598036621
2432.448722,2435.162131,16.2,3.3466401061363,0.155214365549693,0.912009992140675,0.585689467028297
2433.353205,2436.066593,17.75,6.23832242407097,0.0724328815263562,1.00114531504067,0.631511613259053
2434.257656,2436.971066,17.5,10.0166528008778,0.0568672241390017,1.08101080700092,0.623823862584445
2435.162131,2437.875523,12,8.09320702811932,0.140858469610983,0.999820194821136,0.582440685452897
2436.066593,2438.779987,10.25,4.5,0.156856245158207,0.993568870993759,0.594047729091767
2436.971066,2439.684465,12.4,7.23187389270582,0.277417744453208,1.03595930415789,0.596815974574675
2437.875523,2440.588927,16.25,6.34428877022476,0.292970623795767,1.05667379878406,0.585557301905669
2438.779987,2441.493388,16.5,1.91485421551268,0.190509777420457,0.932202720966649,0.560759721679595
2439.684465,2442.397837,21.3333333333333,7.57187779440036,0.240793558117574,1.04471621741025,0.560258870872538
2440.588927,2443.302317,22.3333333333333,6.80685928555405,0.292928124730699,0.989180233391704,0.541309310132564
2441.493388,2444.206786,20,3,0.377966667355469,1.09455133675806,0.599859443200175
2442.397837,2445.111243,30.5,10.6066017177982,0.406949932325377,0.987053342503722,0.561012005895987
2443.302317,2446.015707,28,14.142135623731,0.4230568795479,0.967143586187561,0.538954937208904
2444.206786,2446.920183,28,14.142135623731,0.075599528269664,0.766538150918704,0.468813771137887
2445.111243,2447.824642,28.5,13.4350288425444,0.0661494003482367,0.795030851882492,0.483980564826607
2446.015707,2448.729081,32,18.3847763108502,0.0356227258662267,0.846552254937032,0.496112313379561
2446.920183,2449.633542,26.5,26.1629509039023,0.0664602741289794,0.810315765986884,0.471774894263443
2447.824642,2450.53804,15.6666666666667,12.4230967690562,0.146025748524421,0.8932246175115,0.476012619642892
2448.729081,2451.44249,16,9.89949493661167,0.163969356169076,0.909952038294965,0.487397384733911
2449.633542,2452.346952,19.25,10.9048918686371,0.12796793337039,0.950202122298903,0.545863207418825
2450.53804,2453.251414,10.3333333333333,0.577350269189626,0.0845417497591894,1.00058994384694,0.520812607622423
2451.44249,2454.155907,16,11.3431330181157,0.105486924401242,1.03455171833054,0.558658165063236
2452.346952,2455.060351,17.5,9.19238815542512,0.241077322915207,1.08590755880575,0.564743515489773
2453.251414,2455.96481,18.5,7.04745817062199,0.206259525192248,1.02326129629039,0.611547576134976
2454.155907,2456.869278,17.75,6.39661368746516,0.197741583540832,0.960692443502897,0.593910769914196
2455.060351,2457.773715,14.3333333333333,9.07377172587747,0.121912747166505,1.00759999782588,0.57147100697161
2455.96481,2458.678213,15.75,10.0124921972504,0.154759783136468,1.0528620309162,0.562574669796835
2456.869278,2459.58267,18,7.34846922834953,0.180190361599986,1.16069823961044,0.618936612178124
2457.773715,2460.487119,14.6,2.70185121722126,0.482127509005598,1.34444515278198,0.726081651978603
2458.678213,2461.391587,12.3333333333333,1.86189867250253,0.517991787149634,1.33151680613055,0.792474084132012
2459.58267,2462.296043,10.875,3.75832409459323,0.587126931536037,1.35177145319712,0.824655234069425
2460.487119,2463.200516,9.33333333333333,4.22689799577263,0.551065920696031,1.34395583085294,0.771252463781709
2461.391587,2464.104986,12.4,9.6591925128346,0.552493197443813,1.30621523797579,0.724633841534595
2462.296043,2465.009454,13.6666666666667,7.50111102881878,0.41375759239089,1.02072453713145,0.609600938128191
2463.200516,2465.913901,12,3.9496835316263,0.330630841400061,0.96190524616272,0.590378596243469
2464.104986,2466.818367,14.6,9.39680796866681,0.49245344326983,1.11720958244822,0.724726771449952
2465.009454,2467.722823,17.5,12.1518174223721,0.413913138477975,1.29392469111333,0.777761593940427
2465.913901,2468.627272,13.75,9.42956343987709,0.487908538965778,1.19190853449753,0.728162744101597
2466.818367,2469.531767,16.25,7.22841614740048,0.29226029090683,0.976442004482133,0.559496735831961
2467.722823,2470.436216,19.3333333333333,4.61880215351701,0.368358334411086,1.02364880988974,0.524557830808968
2468.627272,2471.340683,17.75,6.23832242407097,0.290488758519456,1.0638904550388,0.562430885214756
2469.531767,2472.245125,22.3333333333333,10.5987420637231,0.195941135506391,1.01159016013826,0.504776711030388
2470.436216,2473.14957,33,1.4142135623731,0.150522224564985,0.908571191694575,0.505203132465341
2471.340683,2474.054034,22.3333333333333,12.0138808606267,0.100486744811197,0.866456271918118,0.499681662787558
2472.245125,2474.958504,18,11.3137084989848,0.111900489559693,0.887936848726665,0.524372740533246
2473.14957,2475.86297,17.75,13.5246688191122,0.200422762742489,0.984494779582989,0.561932027512304
2474.054034,2476.767446,17.75,13.1497781983829,0.22347364819846,1.02042999624976,0.548261518996219
2474.958504,2477.671904,16.75,11.7862914721581,0.201007173512642,1.07362511982444,0.556740003571864
2475.86297,2478.576365,11.8333333333333,8.79583234643923,0.262131028450737,1.07019486517182,0.587832718762903
2476.767446,2479.480815,7.8,4.08656334834051,0.271922572010351,1.13838583083731,0.591494452723667
2477.671904,2480.38526,11.8,8.31865373723417,0.325474989365494,1.07663875308539,0.568556544295275
2478.576365,2481.289731,14.2,9.95991967839099,0.300310834488583,1.09113659165919,0.571100467789941
2479.480815,2482.194169,15,11.13552872566,0.280668310180078,1.04677758344292,0.61640261184196
2480.38526,2483.098627,17.75,11.3541475535007,0.164649462285328,1.16867024183913,0.660526434041592
2481.289731,2484.003088,16,9.89949493661167,0.196349086471418,0.941250520750285,0.557704800729636
2482.194169,2484.907598,15,7.54983443527075,0.141459916085393,0.857442652280596,0.477396251651602
2483.098627,2485.812037,25.5,16.2634559672906,0.123230685475413,0.795278512968684,0.410196916002224
2484.003088,2486.716503,31.5,7.77817459305202,0.0811132617978939,0.886478671550413,0.475511040627975
2484.907598,2487.62096,35,12.7279220613579,0.105825892564449,0.912672089998077,0.501907242309617
2485.812037,2488.52541,38,8.48528137423857,0.390538820198227,1.19692752694964,0.573035626090377
2486.716503,2489.429866,21.6666666666667,9.29157324317757,0.390045161981215,1.1268572638414,0.609864074905381
2487.62096,2490.334312,13,5.8309518948453,0.392035447874306,1.10921358008446,0.650582941370316
2488.52541,2491.238784,13.3333333333333,5.75036230742609,0.365654545786684,1.08372150858064,0.642367062338074
2489.429866,2492.143228,11.75,6.39661368746516,0.422308351038178,1.0374287433993,0.594331448602348
2490.334312,2493.047685,23.6666666666667,21.3853532431273,0.282087191101975,0.911576563795158,0.548866448817378
2491.238784,2493.952146,17,0,0.0558053600172398,0.786396498270217,0.476770334285958
2492.143228,2494.856607,20.6666666666667,6.35085296108588,0.0455866334411304,0.787100476973757,0.474734209777859
2493.047685,2495.761067,15,9.59166304662544,0.347404344806558,0.949023608069472,0.53029371790551
2493.952146,2496.66557,9.42857142857143,3.5523298860111,0.293195187822798,0.94814986681035,0.563743871169359
2494.856607,2497.57003,8.5,2.42899156029822,0.285003761224392,1.00752996862596,0.596613768251104
2495.761067,2498.474479,16.5,13.7961347243833,0.162029297886539,0.904262794116275,0.563728586680624
2496.66557,2499.378911,24.3333333333333,13.5769412362775,0.117602928207588,1.00818534162509,0.534793868895221
2497.57003,2500.283376,19.6666666666667,8.50490054811538,0.116409722441822,1.04437278436194,0.568577952734387
2498.474479,2501.187839,24,14.525839046334,0.140785571526082,0.948120887192393,0.536464448290934
2499.378911,2502.092314,25,19.7989898732233,0.159656994994859,0.925205775146941,0.521524518736034
2500.283376,2502.996748,20.5,13.4350288425444,0.0641834921255316,0.852119013856348,0.479500349388907
2501.187839,2503.901201,19.5,10.6066017177982,0.2242873355643,0.97177319785425,0.535120482362479
2502.092314,2504.805675,18.5,9.9498743710662,0.194313722919291,0.99359493397837,0.577461607587818
2502.996748,2505.710143,25,16.0934769394311,0.177721039919543,1.05191036160925,0.558543574752874
2503.901201,2506.614574,24,22.6274169979695,0.163440061972697,0.993224051184692,0.496362203141827
2504.805675,2507.519024,28,0,0.107469536595103,0.8510246391276,0.43366738138693
2505.710143,2508.423484,41,0,0.0861457201835952,0.835946423942246,0.450012830186145
2506.614574,2509.32795,26,0,0.0163496306812685,0.908421581578886,0.494734095995594
2507.519024,2510.232438,23,11.7898261225516,0.0820426560431975,0.978833045832023,0.527435606351974
2508.423484,2511.136938,18.5,12.0208152801713,0.0295155251448161,1.03267270755909,0.530959657603488
2509.32795,2512.041395,15.2,10.0598210719674,0.163043641292395,0.893822691633728,0.505562719948769
2510.232438,2512.94589,14.8,9.49736805646701,0.182124255164764,0.902315231309502,0.517710395108922
2511.136938,2513.850356,14.2,8.75785361832453,0.180039471106384,0.866992198582858,0.514094319736648
2512.041395,2514.754835,16.5,7.54983443527075,0.167602852302177,0.906758246456532,0.509996248896286
2512.94589,2515.659301,22.3333333333333,11.5902257671425,0.0675199713463085,0.763592583824452,0.438109663488406
2513.850356,2516.563783,21.5,16.2634559672906,0.0718589023054842,0.749212725439539,0.437483606399473
2514.754835,2517.468232,17,6.557438524302,0.0933612942555971,0.767999970079627,0.431785550268899
2515.659301,2518.372724,21.3333333333333,2.88675134594813,0.0933303816638909,0.768022066207633,0.436622885068254
2516.563783,2519.277207,24.5,2.12132034355964,0.0242721335286045,0.697966686259872,0.428807506156391
2517.468232,2520.181696,35,12.7279220613579,0.0217022579684031,0.684217946880245,0.43547752473391
2518.372724,2521.08616,24.6666666666667,17.4737898961082,0.136147228215368,0.807787755793878,0.453289551176292
2519.277207,2521.990624,20.5,14.8492424049175,0.19404406576726,1.03584374541671,0.49988019009484
2520.181696,2522.895118,18.75,8.95823643358446,0.202732601861581,0.931880402305752,0.48830669934344
2521.08616,2523.799592,18.6666666666667,3.51188458428425,0.267207539570604,0.871963713127264,0.472055134287861
2521.990624,2524.704137,17.25,6.55108133567785,0.0794227831302442,0.763363026139248,0.43572191066871
2522.895118,2525.608617,16.5,7.04745817062199,0.0688347520485645,0.73789919049925,0.44342388891042
2523.799592,2526.513097,16.25,7.41057802513857,0.0654648617715713,0.78074797033899,0.445703619639231
2524.704137,2527.417621,14,8.28653526310404,0.123144769483565,0.770830565578326,0.413350774064739
2525.608617,2528.322096,11.6666666666667,6.65832811847939,0.147154058392448,0.745509994707129,0.377655944191135
2526.513097,2529.226631,22.5,17.6776695296637,0.0722421685441819,0.665783365982337,0.363569102985749
2527.417621,2530.131164,32,0,0.0743999019450157,0.795767926529679,0.3732629504793
2528.322096,2531.035696,31,1.4142135623731,0.0865938060574597,0.756057245586961,0.374055038516704
2529.226631,2531.940219,28,2.82842712474619,0.111405069416534,0.721529131471876,0.375891095697609
2530.131164,2532.844818,29.5,4.94974746830583,0.0230544270089303,0.666024311327614,0.358939615555364
2531.035696,2533.749355,34,0,0.0566386268322025,0.721911698391969,0.40750752794393
2531.940219,2534.653934,22,13.114877048604,0.0925067865092602,0.796009998764222,0.456807002757303
2532.844818,2535.558506,21,11.7898261225516,0.097549938271023,0.875136886500548,0.513703305627965
2533.749355,2536.463093,29.5,2.12132034355964,0.171837408446387,0.836247770006142,0.51823370527642
2534.653934,2537.367628,19,10.1488915650922,0.176515038247163,0.919857534189629,0.542772401666199
2535.558506,2538.272213,11.6,7.82943165242535,0.174069813651251,1.02897336258866,0.587502462308131
2536.463093,2539.176739,13,7.64852927038918,0.180067127033855,1.0157296264166,0.625361652552377
2537.367628,2540.081299,13,6.22896460095897,0.171542399652905,0.996340475670714,0.593351129291982
2538.272213,2540.985799,17.25,6.55108133567785,0.0652848148321955,0.925617504127999,0.519667165050826
2539.176739,2541.890337,12.4,5.7706152185014,0.137851099420524,0.89032461875149,0.500495320395031
2540.081299,2542.794855,10.75,2.5,0.158228150402701,0.884674066302326,0.489895224488231
2540.985799,2543.699344,17,13.5400640077266,0.158186814876842,0.884855185690526,0.486842536924287
2541.890337,2544.603856,36,1.4142135623731,0.1186514306578,0.993044557383753,0.466024876564518
2542.794855,2545.508336,21.3333333333333,12.6622799421484,0.123876699297171,0.970696914513047,0.496139940875669
2543.699344,2546.412804,22.3333333333333,14.2945210949277,0.0976612600431347,1.00766734206539,0.505556325619294
2544.603856,2547.31733,26,14.422205101856,0.247910372864544,1.10292624187568,0.575937616590536
2545.508336,2548.22182,30,0,0.315368371006874,1.22721303822921,0.549321280247994
2546.412804,2549.1263,27,0,0.447190442296577,1.1340007577102,0.547272208019209
2547.31733,2550.030771,29.5,14.8492424049175,0.340030927824334,0.919728093817303,0.485500285516753
2548.22182,2550.935263,18,1.4142135623731,0.491183789339828,1.18159562682205,0.537857460486365
2549.1263,2551.839731,17.6666666666667,9.01849950564579,0.428134268389164,0.980431608989066,0.545750673371905
2550.030771,2552.744228,14.6,8.87693640846886,0.362509723841827,0.994740273755583,0.554823009872571
2550.935263,2553.648686,10,5.74456264653803,0.233345278730892,0.883154793032209,0.529923499733118
2551.839731,2554.553166,12.8,10.8258948821795,0.279219646928626,0.937554381018277,0.561865588251845
2552.744228,2555.457612,17,10.8012344973464,0.197704134678728,0.954513610653826,0.528990489992228
2553.648686,2556.362118,15,3.82970843102535,0.147154533018125,0.935054398295305,0.513874238119708
2554.553166,2557.266609,15,5.35412613473634,0.0901049028236004,0.972035903591876,0.487747401451843
2555.457612,2558.17105,12.1666666666667,4.79235502302017,0.198533739405144,0.940677390901518,0.561886746264494
2556.362118,2559.07552,13.3333333333333,6.56251984123985,0.318634534710126,1.07181480431341,0.647210007389006
2557.266609,2559.980012,14.6,6.98569967862919,0.320122083106423,1.17754872753221,0.699946732423188
2558.17105,2560.884453,10.2857142857143,3.77334006393477,0.295239058215639,1.25167079255756,0.743467625861688
2559.07552,2561.788952,11,4.97995983919549,0.293119806403726,1.17827175128223,0.679417890898643
2559.980012,2562.693398,18.25,14.682756326158,0.331233377268558,1.11663962075698,0.623067583244128
2560.884453,2563.597847,31.5,10.6066017177982,0.143592884086306,0.950246645489036,0.527818029139727
2561.788952,2564.502342,21.6666666666667,6.80685928555405,0.366446943734372,1.0749122251785,0.564274311461167
2562.693398,2565.406817,18,7.81024967590665,0.348517701927847,1.10342933370001,0.610761664474718
2563.597847,2566.31126,10.6,10.0647901120689,0.231279699428695,1.32000034982952,0.729102732139523
2564.502342,2567.21575,11,8.83176086632785,0.234103740491722,1.14203115716593,0.715831111156493
2565.406817,2568.120209,9.375,6.32314343164402,0.241502608296284,1.14428233133324,0.703070793188411
2566.31126,2569.024674,10.6666666666667,4.84424056655599,0.178033283885073,1.01720200176268,0.629447153716379
2567.21575,2569.929142,13.8333333333333,8.01040989379861,0.167089123319506,1.11152535829122,0.615076827653794
2568.120209,2570.833621,14.4,9.52890339965728,0.166630714012853,1.14654684093797,0.66585047235164
2569.024674,2571.738083,12.5,6.85565460040104,0.162743848800437,1.18202016184236,0.644249963840329
2569.929142,2572.64253,10.8333333333333,6.91134333300457,0.293318593393726,1.32178923974516,0.771867666071539
2570.833621,2573.54701,11,8.69482604771366,0.40418705087331,1.18371525606516,0.715775949588896
2571.738083,2574.45148,9.42857142857143,6.34710282614945,0.408972616784946,1.09795360580277,0.793679110579526
2572.64253,2575.355935,11,6.14119578862991,0.381591410045668,1.09506939118068,0.716865583360032
2573.54701,2576.260389,9.83333333333333,5.41910201663215,0.35791630723268,1.21129344661825,0.760187528861234
2574.45148,2577.16483,10.8333333333333,6.6156380392723,0.239916865590884,1.08918250009548,0.679610890355934
2575.355935,2578.069333,13.2,7.19027120489902,0.342533863100966,1.10807145679397,0.682277099739993
2576.260389,2578.973785,12.8,6.9065186599328,0.350671528389898,1.21964192662393,0.7331468953395
2577.16483,2579.878236,10.4,5.7706152185014,0.234743440866177,1.44936445593187,0.756459959359906
2578.069333,2580.782712,16.75,13.2507861402006,0.3008588977617,1.3257971983622,0.668994737097189
2578.973785,2581.68719,20.6666666666667,13.5769412362775,0.360500536040647,1.19597429835608,0.615603607187581
2579.878236,2582.59167,13.8,6.76017751246223,0.17038280251971,0.982136747558163,0.561521320193728
2580.782712,2583.496167,12.2,6.30079360080935,0.212516516907829,1.0878830623328,0.605671378547274
2581.68719,2584.400643,15.25,11.3541475535007,0.211338675010943,1.12054744727224,0.614901372634093
2582.59167,2585.305129,17.75,11.8708326020826,0.1701959147618,1.10885076667824,0.594214967315803
2583.496167,2586.209615,15.5,9.98331942124796,0.15866350775882,1.05099522454154,0.612399097160458
2584.400643,2587.114117,12,8.18535277187245,0.438983024783338,1.23918746946716,0.714865708584076
2585.305129,2588.018583,12.8333333333333,8.10966501568756,0.429720735875974,1.23750543367391,0.761093182434982
2586.209615,2588.923063,12,9.2736184954957,0.440516312229123,1.32052849071553,0.784236523872887
2587.114117,2589.827539,11.8333333333333,7.46770826068257,0.322044067328976,1.10569560121877,0.706620611319586
2588.018583,2590.732005,12.6666666666667,7.14609450445953,0.375776493484031,1.15056015503706,0.69800497469392
2588.923063,2591.636485,8.71428571428571,3.81725406168211,0.501066568386877,1.27309243127863,0.714231644750786
2589.827539,2592.540927,9.125,5.02671434864337,0.464248249958886,1.20442382073701,0.708310011216876
2590.732005,2593.44539,11.1428571428571,5.01426536422407,0.438669830197005,1.17473050854744,0.702069635170327
2591.636485,2594.349899,13,4.63680924774785,0.106727806648291,1.01038546191623,0.622713618281598
2592.540927,2595.254346,14.5,7.14142842854285,0.283679507984791,1.19276658676754,0.657434205375286
2593.44539,2596.158814,10.8333333333333,9.19601362910401,0.323322524262789,1.33396845099466,0.73501295417826
2594.349899,2597.063305,8.77777777777778,6.68539037337719,0.388050248144341,1.46584614975128,0.892501144529407
2595.254346,2597.967734,6.07692307692308,2.81251780621144,0.484756188304013,1.44760513606249,1.0034361632477
2596.158814,2598.8722,6.63636363636364,3.55732279313326,0.491229068027891,1.50943593492395,1.03505739790967
2597.063305,2599.776705,7.5,4.35252161906686,0.499663872871114,1.32868703443677,0.889402908378568
2597.967734,2600.681165,11,3.87298334620742,0.382912890261885,1.21421452966975,0.759986928594194
2598.8722,2601.585615,10.1428571428571,3.28778402720188,0.328093218187903,1.04837151696085,0.654335304082494
2599.776705,2602.490065,9.57142857142857,2.37045304088641,0.337625416656895,1.02562399465709,0.662615773198785
2600.681165,2603.39456,10.25,4.89168390521827,0.458257736540623,1.14236288702102,0.756241191691558
2601.585615,2604.298994,12,6.38748776906852,0.453523053623399,1.36287448592162,0.787079369093843
2602.490065,2605.20346,10.6666666666667,6.0882400303098,0.354556057559252,1.45573382542997,0.810975545699543
2603.39456,2606.107907,14.6,7.09224929059886,0.253483737303738,1.24287093798265,0.703457910771246
2604.298994,2607.012372,11.75,7.45542308211501,0.149148937003658,1.09997556801476,0.612978431848288
2605.20346,2607.916859,11.5714285714286,9.84644001415643,0.1674317248047,1.1415552053516,0.692771383083489
2606.107907,2608.821317,8.5,4.80624593627917,0.221573877953194,1.09975246916542,0.654631617404008
2607.012372,2609.725777,8.85714285714286,4.48807944925857,0.210748226487731,1.07416858293895,0.70216909240271
2607.916859,2610.630227,8.22222222222222,4.89330608530107,0.405049846462121,1.28215564957819,0.756855398712274
2608.821317,2611.534692,7.55555555555556,4.82470494204338,0.508546651390914,1.47420798347074,0.923463237355216
2609.725777,2612.439153,9.57142857142857,9.9474811360656,0.477160479502279,1.53613319377324,0.936941373566621
2610.630227,2613.343591,14.4,12.4217551094843,0.48777332080194,1.66584848950322,0.891423509850651
2611.534692,2614.248098,9.28571428571429,6.62606685030885,0.351406353876783,1.33651767403146,0.76095807636043
2612.439153,2615.152551,8.55555555555556,4.12647280104665,0.392298071572887,1.29746035842793,0.858807968302323
2613.343591,2616.057014,8.5,4.27525177946022,0.292054310172849,1.16479316172256,0.792000216887555
2614.248098,2616.961459,8.1,4.20185144377518,0.271592295968155,1.18694510286138,0.806880837818245
2615.152551,2617.865915,7.77777777777778,3.30823887354653,0.484668341146555,1.29002706534904,0.81449417532714
2616.057014,2618.770377,8.1,3.24722103412201,0.549630620504663,1.54263709404813,0.923755867844284
2616.961459,2619.674839,7.18181818181818,3.57262317683189,0.673539321565264,1.63719910869848,1.06749665357934
2617.865915,2620.579288,8.33333333333333,5.63471383479232,0.593732665965676,1.66587938344008,1.03106324629476
2618.770377,2621.483789,10.2857142857143,5.34522483824849,0.62795823384189,1.42917064361544,0.937152630843486
2619.674839,2622.38824,9,3.46410161513775,0.425982469149626,1.37869230235483,0.864918254161671
2620.579288,2623.292703,8.66666666666667,4.41588043316392,0.404941805121203,1.34244777064822,0.824085298068909
2621.483789,2624.197164,9.625,5.18066460160139,0.424602694519904,1.36820261393198,0.764216247115127
2622.38824,2625.101603,11,4.85798312059645,0.27371879947452,1.29230166692829,0.699919685614839
2623.292703,2626.006071,12.5,2.07364413533277,0.496002230398125,1.30141721246154,0.834469358517082
2624.197164,2626.91051,14.2,4.7116875957559,0.508260170199851,1.39158417854929,0.86977182846719
2625.101603,2627.814989,12.8,8.40832920383116,0.443797348949,1.52422641553738,0.88349513939857
2626.006071,2628.719425,10.2857142857143,6.23736818736572,0.32682343150524,1.28646981347208,0.752699874247288
2626.91051,2629.623874,8.125,4.73399559417986,0.311788595042824,1.30661873878438,0.782358653635549
2627.814989,2630.528334,9.42857142857143,3.9940431835899,0.217168658657957,1.1268075519342,0.677080510017904
2628.719425,2631.432814,12.6666666666667,7.50111102881878,0.715227754754505,1.45634691501304,0.834888288589164
2629.623874,2632.337249,10.8571428571429,6.93850539690337,0.652688635272578,1.55949327853306,0.910579750748798
2630.528334,2633.241717,9.625,3.85217934606967,0.563219960793738,1.6829852386861,1.03373546996269
2631.432814,2634.146221,9.44444444444444,3.46810867444747,0.312096371541076,1.45828844553785,0.943207390142468
2632.337249,2635.050659,12.8333333333333,7.70497674666619,0.360661344228431,1.35095463469073,0.79709605934235
2633.241717,2635.955127,11.7142857142857,7.4992063072098,0.403685431966389,1.34170005423367,0.780234643091605
2634.146221,2636.859572,6.71428571428571,3.63841933236058,0.392972726148984,1.41870351023383,0.82591950781902
2635.050659,2637.764038,8.77777777777778,5.93249057685256,0.328674072266911,1.422441020536,0.873465098057851
2635.955127,2638.668486,10.75,6.45312770235156,0.235364316442425,1.26744588943565,0.745075032029608
2636.859572,2639.572934,16,6.36396103067893,0.205280500493659,1.17111748368209,0.704696679213206
2637.764038,2640.477412,15.2,6.30079360080935,0.334700437380561,1.23649870340617,0.736881728199722
2638.668486,2641.381877,12,3.93700393700591,0.288114209885294,1.30157334742531,0.751184119565585
2639.572934,2642.28633,10.7142857142857,3.77334006393477,0.18025485602842,1.07055565848348,0.717471289727193
2640.477412,2643.19078,8.66666666666667,4.06201920231798,0.169774484683796,1.08609301707132,0.688259661007628
2641.381877,2644.09524,7.09090909090909,3.44831974893702,0.29541161324367,1.19299782429701,0.790168029842518
2642.28633,2644.999673,7.44444444444444,3.81153220867642,0.293459534201241,1.24009010472872,0.784502152973873
2643.19078,2645.904135,9.57142857142857,7.34522844793686,0.361130298276354,1.1882456601222,0.726492482134316
2644.09524,2646.808596,13.8333333333333,4.87510683643617,0.101323889272461,0.96535099685276,0.602697517927761
2644.999673,2647.713039,9,3.53553390593274,0.108164568007539,1.0123250318755,0.636597571332814
2645.904135,2648.617488,11.4285714285714,6.13343685212847,0.143114540520668,0.967313843391538,0.602120666196625
2646.808596,2649.521953,12,6.11010092660779,0.301933247286805,1.07828930929549,0.672646628172979
2647.713039,2650.426409,11.4285714285714,4.27617987059879,0.303909584690933,1.06780375551037,0.648277083603493
2648.617488,2651.330851,11,4.6475800154489,0.301219389245366,1.11033139518253,0.648501857785055
2649.521953,2652.235323,13,6.08276253029822,0.132352796668253,0.96230875977997,0.539993363454178
2650.426409,2653.139781,16.5,6.1913918736689,0.155753397829976,0.829108990964638,0.482737527899959
2651.330851,2654.044238,16.2,6.01664358259653,0.138805286414728,0.848988989900506,0.513604069058982
2652.235323,2654.948703,15.75,4.5,0.376476905984121,0.950766531067927,0.559732528583006
2653.139781,2655.853142,16.6666666666667,7.23417813807024,0.363321679225369,1.16873656134761,0.603340938561884
2654.044238,2656.75761,20.3333333333333,12.6622799421484,0.271598056041785,1.25394706276433,0.627808575501685
2654.948703,2657.66206,12,8.48528137423857,0.0642167227051174,1.00361669231915,0.594159116014232
2655.853142,2658.566505,15,11.7260393995586,0.184904108764998,0.937266409833358,0.562528762655256
2656.75761,2659.471006,7.5,2.16794833886788,0.205972190400412,0.9360985940637,0.537758726723575
2657.66206,2660.375448,10.5,7.42293742395825,0.163705578060148,0.907546340590131,0.556292949843104
2658.566505,2661.279916,17.25,7.58836829188814,0.393213568541309,1.10464231693349,0.602220597123406
2659.471006,2662.184396,18,11.1055541659718,0.361363912118362,1.1373190293191,0.638595936906718
2660.375448,2663.08886,15.25,11.3247516529061,0.292416495489157,1.20959147964781,0.692620355568977
2661.279916,2663.993333,11.4,5.68330889535313,0.0932341325774228,1.04693701684905,0.654820952702794
2662.184396,2664.897799,13.75,4.57347424467075,0.0860962784882279,1.03566367233964,0.572338865960267
2663.08886,2665.802265,15,0,0.123707974916065,0.971307591520057,0.479358558400349
2663.993333,2666.706745,0,0,0,0.783221232264497,0.462696999331222
2664.897799,2667.611203,17.3333333333333,10.0166528008778,0.326498945970476,0.995884046720761,0.523949250685729
2665.802265,2668.515658,10.2,6.1400325732035,0.377213022483585,1.12180268869367,0.606416011092909
2666.706745,2669.420162,10.3333333333333,5.71547606649408,0.351588728810059,1.09966876897592,0.646716636144477
2667.611203,2670.324602,10.3333333333333,5.71547606649408,0.301995896113331,1.09686466114773,0.6152324046178
2668.515658,2671.229082,17,12.6491106406735,0.141324318343583,1.03809035952215,0.56441773064327
2669.420162,2672.133558,20.6666666666667,13.6503968196288,0.601739953178509,1.42037896392755,0.723727989402304
2670.324602,2673.038015,16.5,7.41619848709566,0.589588116627964,1.2868650342387,0.743053623322848
2671.229082,2673.942458,16.6,9.31665175908169,0.540019906341501,1.24686754105314,0.740918827946471
2672.133558,2674.846924,13.75,10.9048918686371,0.130412140224352,1.04955820210185,0.596061217871923
2673.038015,2675.751396,12,6.44204936336256,0.27290394134958,1.11157504978441,0.610378276004512
2673.942458,2676.655876,12,6.74536878161602,0.328898979432624,1.13219075399973,0.624564237795043
2674.846924,2677.560339,15.25,10.8742815854658,0.462752968401228,1.31790753727611,0.712928110924116
2675.751396,2678.464785,23,14.7309198626562,0.491592741157559,1.25809095057663,0.667601495650093
2676.655876,2679.369248,22,14,0.498283017850762,1.1349646221721,0.669707557362648
2677.560339,2680.273701,20,9.76387901058454,0.0636216517224818,0.874138591187163,0.518722358701922
2678.464785,2681.178144,19,7.21110255092798,0.119781316903655,0.822575083134537,0.495930501057882
2679.369248,2682.082605,20.5,13.4350288425444,0.174119582066764,0.828435153778646,0.457351687528023
2680.273701,2682.987079,19,12.7671453348037,0.160791795566346,0.890535089113936,0.482051467897783
2681.178144,2683.891531,12.5,7.91833315793166,0.146978507463742,0.959362111017126,0.523812746365653
2682.082605,2684.796002,11.7142857142857,9.03169023889928,0.197640504943735,1.00892726873496,0.558955006847982
2682.987079,2685.700453,10,8.55569985448298,0.204517486274151,1.0372703627209,0.566273093839221
2683.891531,2686.604882,11.3333333333333,7.8655366420014,0.174944671972181,1.06369940719729,0.565749368118948
2684.796002,2687.509351,11.7142857142857,6.94536501834823,0.363300188962587,1.30910636575542,0.785329256660285
2685.700453,2688.413823,8.83333333333333,6.431692364119,0.357802341902389,1.40542278964847,0.817056582295566
2686.604882,2689.318254,12,12.1161049846888,0.409586281817,1.36057460429199,0.811805465300117
2687.509351,2690.222728,19.75,12.3389626792531,0.283944254524526,1.10394631008651,0.605680128001456
2688.413823,2691.127173,22,6.08276253029822,0.134315496662883,1.08543048807086,0.534555723750506
2689.318254,2692.031639,25,5.65685424949238,0.196891954018661,0.988962134722679,0.529976393869385
2690.222728,2692.936093,16,10.4403065089106,0.293948475287061,1.00183619174863,0.537113972013228
2691.127173,2693.840566,18.25,9.5,0.266696296903113,0.947040155248854,0.531856150211641
2692.031639,2694.745015,14.8,8.25832912882503,0.411942775274297,1.24421191438511,0.680638748074621
2692.936093,2695.649479,8.57142857142857,3.77964473009227,0.427244073830385,1.26259955180841,0.750907886323731
2693.840566,2696.553911,7.2,2.69979423084221,0.376934307649531,1.23441575582159,0.808907436443259
2694.745015,2697.458387,8,4,0.295624078731064,1.11607836365027,0.741312648260496
2695.649479,2698.362839,10.1428571428571,4.67006678855065,0.219135948417554,1.08722663245465,0.660356403283118
2696.553911,2699.267304,12.3333333333333,7.11805216802087,0.426067626201815,1.10497877715248,0.657507569515236
2697.458387,2700.17174,21.3333333333333,9.8657657246325,0.602439451926113,1.16964110898739,0.5816005380952
2698.362839,2701.076183,19.5,12.0208152801713,0.687875202063771,1.13632261569999,0.531152978381041
2699.267304,2701.980629,21.6666666666667,12.2202018532156,0.144498750307386,0.832592225110212,0.427306310363362
2700.17174,2702.885096,16.5,3.53553390593274,0.296708730102628,1.08486677827483,0.481549046981443
2701.076183,2703.789564,15.25,6.9940450861191,0.254485113295623,1.04088590427671,0.538736257867413
2701.980629,2704.694014,19,9.62635271879577,0.232824635663206,1.08981995675144,0.57034031000919
2702.885096,2705.598476,16.25,10.0457287772798,0.144314392641906,1.06362515251581,0.554543857503431
2703.789564,2706.502919,16.25,10.0457287772798,0.181293198252425,1.09420768274905,0.556666450821143
2704.694014,2707.407388,17,12.1928941054479,0.275481670718342,0.963785369399144,0.532576464086947
2705.598476,2708.311799,14.2,12.2759928315391,0.376588547021033,1.08451591327619,0.623656377977422
2706.502919,2709.216275,13.6,11.61034021896,0.520764151587031,1.33011245887451,0.721804782867616
2707.407388,2710.120721,12.1666666666667,8.13428956127495,0.472035177336359,1.30016307306726,0.733043444903053
2708.311799,2711.025167,13.6666666666667,6.50640709864771,0.581990543173731,1.33713498105555,0.671986145243171
2709.216275,2711.92964,24.6666666666667,7.23417813807024,0.147271128164514,0.89854249141787,0.524636032882421
2710.120721,2712.834102,19.3333333333333,9.60902353693305,0.159315802825848,0.945887127484508,0.502806793743147
2711.025167,2713.738552,18.5,13.4350288425444,0.186324190276303,0.922238365491024,0.491792593905024
2711.92964,2714.642984,36,0,0.468431686203749,1.38908180486585,0.571469623925781
2712.834102,2715.547418,40,0,0.425674944978839,1.41931538652742,0.608675795985021
2713.738552,2716.451891,31,12.7279220613579,0.361746391005514,1.53516136475447,0.691812477323353
2714.642984,2717.356341,14.8,11.2116011345392,0.362169304015392,1.0724178475942,0.640009550228644
2715.547418,2718.260807,12,10.7004672795163,0.39248327264042,1.12566401981575,0.644697948599853
2716.451891,2719.165267,12,10.7004672795163,0.236801711855349,0.986612400646796,0.58329794970097
2717.356341,2720.069698,19.5,10.785793124909,0.252992582511029,1.14180504810192,0.658916640178143
2718.260807,2720.974161,11.1428571428571,7.0575862594462,0.38967594164599,1.2199969390585,0.733492650636114
2719.165267,2721.878617,9.25,2.65921578128376,0.362352999957441,1.21012258043473,0.768549274780967
2720.069698,2722.783067,10.8571428571429,4.74090608177282,0.399192680608989,1.29311176260647,0.766823798357813
2720.974161,2723.687509,12.4,5.17687164221791,0.364118647630194,1.24603958612387,0.744475504383836
2721.878617,2724.591985,11,4.51663591625449,0.341233209790894,1.21711739942597,0.707220506748772
2722.783067,2725.496439,10.5,5.9916608715781,0.283294047838999,1.08625168791095,0.616324595257168
2723.687509,2726.400856,21,13.5277492584687,0.0980047306983319,0.95581799483455,0.537393328353428
2724.591985,2727.305303,30.5,4.94974746830583,0.08506774319294,0.984099521308793,0.549209195136669
2725.496439,2728.209765,20.3333333333333,9.07377172587747,0.0883775912728002,1.00998004885177,0.567460728983174
2726.400856,2729.114234,22,11.13552872566,0.0799831744700835,1.08718760132221,0.604969071310768
2727.305303,2730.018692,17.75,9.94568583189046,0.179848623023821,1.12125813880484,0.615883772192948
2728.209765,2730.923161,17,5,0.192914364900622,1.15679621921555,0.637101459341257
2729.114234,2731.827587,16.75,8.61684396980704,0.219887157392314,1.12431461212568,0.647200686852208
2730.018692,2732.732037,16,8.12403840463596,0.224382987707717,0.990554226476647,0.592016886182386
2730.923161,2733.636473,15.4,11.3269589917153,0.32530154021221,1.08571222930207,0.587805836219884
2731.827587,2734.540947,16.6666666666667,14.8436293854749,0.389824198546652,1.07504987516883,0.529504928652778
2732.732037,2735.445394,19,14.4452991200136,0.336128568420725,1.04927737456271,0.539844469508851
2733.636473,2736.349809,13,7,0.141149146794908,0.914677559225254,0.534488464817482
2734.540947,2737.254287,12.8333333333333,5.03653319920227,0.137192273286212,0.905384776607648,0.555474670102885
2735.445394,2738.15875,11.6,3.36154726279432,0.133898117216107,0.929252534611365,0.565343764431433
2736.349809,2739.063191,20,9.8488578017961,0.148658116363887,0.882466431425034,0.529150530701373
2737.254287,2739.967653,25.3333333333333,5.5075705472861,0.197820492501554,0.866491744296876,0.552214832604823
2738.15875,2740.872124,12.3333333333333,6.80685928555405,0.221060971050005,0.98169630037744,0.54452864144762
2739.063191,2741.776543,13,7.74596669241483,0.495318287885001,1.04221879422783,0.637453520605512
2739.967653,2742.681003,16.75,7.63216876123687,0.521931252805821,1.07391514320509,0.593691616077125
2740.872124,2743.585454,14.25,4.64578662158878,0.521053268279786,1.15828509954458,0.635160972998016
2741.776543,2744.489903,14.2,8.10555365166378,0.204105643042722,1.05022819145984,0.582337752867504
2742.681003,2745.394369,12.2,8.75785361832453,0.253832499517636,0.996215543836062,0.667142315462639
2743.585454,2746.298801,10.5714285714286,7.43543638838463,0.351336295288037,1.06147052913125,0.726886135658898
2744.489903,2747.203263,14.6,8.59069263796581,0.384736588841311,1.1702121142541,0.737384955343575
2745.394369,2748.107713,10.7142857142857,6.52467842666814,0.241552796122371,1.1055876795705,0.7359685075005
2746.298801,2749.012159,10.6,5.59464029227975,0.202702842668293,1.05213192296148,0.626881822808932
2747.203263,2749.916579,10.7142857142857,7.25061573739973,0.165169062475167,0.967256517860502,0.583638242380741
2748.107713,2750.821044,12.1666666666667,8.51860708488581,0.320888612796561,1.10473222010633,0.697331545037681
2749.012159,2751.725493,9.71428571428571,4.95695759225642,0.336403216989558,1.17223762912169,0.687867378923976
2749.916579,2752.629949,13.1666666666667,10.2257844034904,0.279114118789145,1.31973347451784,0.735829265233041
2750.821044,2753.534383,22.5,14.8492424049175,0.290428326162523,1.17003457163279,0.594306155992382
2751.725493,2754.438856,22,12.4899959967968,0.334771089061821,1.26455204216316,0.631441209433446
2752.629949,2755.3433,10.75,5.18812747209113,0.284926276730932,1.17956780180496,0.622664324329953
2753.534383,2756.247767,11.5,5.24404424085076,0.339703189529572,1.1588368434396,0.68280224365081
2754.438856,2757.152176,13.6666666666667,7.47440075635945,0.412872210473459,1.26890486069899,0.694549473412734
2755.3433,2758.056653,13.5,6.83373982530795,0.524807957524094,1.38048322100876,0.794262943021907
2756.247767,2758.961104,7.25,3.37003603202441,0.43114154278384,1.51467889219353,0.951036826577193
2757.152176,2759.865565,7.88888888888889,4.7551142058957,0.380251973026377,1.45444340616274,1.03156069874967
2758.056653,2760.769984,10.25,5.41822321957511,0.305251941261202,1.45325034979827,1.00248695546818
2758.961104,2761.674451,9.5,4.40778532015472,0.445887299759889,1.46742410846157,0.947826342254787
2759.865565,2762.578889,11.1428571428571,7.58130532798874,0.494912171365101,1.41238773192319,0.814204774863448
2760.769984,2763.483352,15,7.84219357067906,0.589694666529197,1.32123313582685,0.798718790528164
2761.674451,2764.387811,12,4.32049379893857,0.166966953934486,1.0323566042677,0.690125387350322
2762.578889,2765.292264,10.5714285714286,6.32078958298573,0.317475147026774,1.23274752197671,0.745533031032019
2763.483352,2766.196727,14.8,11.3885907820063,0.336209651822441,1.29736543756592,0.68560668838993
2764.387811,2767.101169,16.75,10.9962114688045,0.295226545843178,1.27519650563487,0.620064854791249
2765.292264,2768.005613,13.6666666666667,5.03322295684717,0.261318523411232,0.920364929539109,0.467536662358852
2766.196727,2768.910082,15,8.48528137423857,0.146595963058113,0.793750746975104,0.446157984784933
2767.101169,2769.814531,17.75,13.4008706184835,0.13809239130908,0.845499841714805,0.475800301084285
2768.005613,2770.71898,17.5,13.228756555323,0.158453215012175,0.912986064801204,0.546271795720792
2768.910082,2771.623442,18.25,9.39414711402797,0.106682401527973,0.954582015785395,0.568027661818729
2769.814531,2772.527908,17.6666666666667,8.62167810425171,0.136186579953743,0.893613497618269,0.569885086349651
2770.71898,2773.432359,13.6666666666667,3.21455025366432,0.0655808522077,0.851571990218973,0.512629942234971
2771.623442,2774.336792,23.6666666666667,13.3166562369588,0.14789277032913,0.855847495619206,0.494224630537132
2772.527908,2775.241243,18,3.60555127546399,0.138611555201649,0.887391969312718,0.47707552166795
2773.432359,2776.14569,13,7.25718035235908,0.116294244911193,0.891967397959752,0.519118823799246
2774.336792,2777.050151,11,6.97614984548545,0.105212525523176,0.971597107923129,0.554466570892502
2775.241243,2777.954599,13.6,7.63544366752843,0.124611700021636,0.943432263912659,0.532752020100539
2776.14569,2778.859072,20,7.21110255092798,0.154253721826318,0.928602682102654,0.545800937803626
2777.050151,2779.763521,14.75,11.3541475535007,0.214939809378497,0.98405234287607,0.563695800317418
2777.954599,2780.667931,12.1666666666667,7.35980072193987,0.162021332539672,1.00812116991042,0.573315353112345
2778.859072,2781.57241,11.1666666666667,4.9564772436345,0.163816714417101,1.04589792489083,0.617452653978408
2779.763521,2782.47686,11.5,3.51188458428425,0.127194068158643,1.03712262318095,0.557930742163759
2780.667931,2783.381325,12,4.24264068711928,0.0366106133138676,1.11916756244641,0.534512380072876
2781.57241,2784.285763,0,0,0,1.12542391427665,0.57320914593377
2782.47686,2785.190211,13.5,9.19238815542512,0.208170823360685,1.03765139277097,0.585526859232625
2783.381325,2786.094669,17.3333333333333,9.29157324317757,0.176117070168367,1.06071197207985,0.575515533007794
2784.285763,2786.999109,20.75,9.97914491994847,0.25126740790076,0.912664414922502,0.503738186937231
2785.190211,2787.903589,15.25,9.56991814663706,0.427236228367698,1.14582708385936,0.641526457033184
2786.094669,2788.808008,15.4,8.61974477580398,0.411595265563692,1.27841897291828,0.721250243622631
2786.999109,2789.712455,14.75,7.5,0.416678999715656,1.32740020613816,0.713391831922004
2787.903589,2790.616909,24,14.7986485869487,0.433274166362666,1.12794240187034,0.585996326126028
2788.808008,2791.521369,22,17.3493515728975,0.104909024861463,1.03071391658393,0.535123364834188
2789.712455,2792.425806,18.3333333333333,11.5036226178249,0.117723580729287,1.01436753425038,0.540911002854902
2790.616909,2793.33026,17.75,10.6262254195301,0.198615200870178,0.997094370551529,0.548221011723636
2791.521369,2794.234715,17.25,10.5948100502085,0.349957741286968,1.12186204583196,0.588932704500627
2792.425806,2795.139153,18,11.2249721603218,0.323445030843592,1.18893777854094,0.614510540288356
2793.33026,2796.043591,14.4,8.01872807869178,0.335748520465049,1.1007883949906,0.605219407114917
2794.234715,2796.948046,14.6,9.6591925128346,0.536321540665164,1.26658643354921,0.653468191809235
2795.139153,2797.852496,9.16666666666667,10.0879466030836,0.505911773338097,1.39750702227907,0.721742981702492
2796.043591,2798.756923,7.375,5.75543221661067,0.49395727753622,1.50348185540078,0.825460378603151
2796.948046,2799.661395,11.1428571428571,9.88986975695453,0.471071691122649,1.35448017875665,0.771970216776356
2797.852496,2800.565859,12.6,9.28977932999487,0.509932884053487,1.24193867762954,0.70780041542062
2798.756923,2801.470267,13,10,0.171111002023136,0.955858054775469,0.566472277742636
2799.661395,2802.374729,18,10,0.11509557892716,0.884971554792625,0.552129023487141
2800.565859,2803.279192,17,12.2746350930146,0.164372965431931,0.8915610916438,0.542159711066576
2801.470267,2804.18363,18.5,14.8492424049175,0.326074999998509,1.03848890013204,0.559837668510021
2802.374729,2805.088067,13.4,13.3529023062404,0.283323315044605,1.25735905788324,0.624831870270611
2803.279192,2805.992531,10.2857142857143,8.32094316998351,0.260881064142229,1.20388728938345,0.692242886166177
2804.18363,2806.896963,7.6,4.0879225911349,0.434336108317598,1.41992598273724,0.900611357521143
2805.088067,2807.801413,8,3.52766841475279,0.419740804129964,1.42095282933069,0.948277538907196
2805.992531,2808.705877,7.18181818181818,3.37099931231621,0.446581354943239,1.41805305698845,0.961725362937738
2806.896963,2809.610325,7.72727272727273,2.4936282437809,0.273756181730765,1.18037896952749,0.877761786152192
2807.801413,2810.514752,9.625,6.13974173491268,0.536494962346162,1.33689018052884,0.818482093178232
2808.705877,2811.419204,12.2,7.42967024840268,0.633074996736842,1.3509090617067,0.731781579726093
2809.610325,2812.323676,19.3333333333333,3.05505046330389,0.212927527290002,0.934902093658925,0.643730231746726
2810.514752,2813.228109,16.3333333333333,8.14452781524708,0.0462425217067459,0.819618303522982,0.488268328868314
2811.419204,2814.132572,19.6666666666667,11.0151410945722,0.0999891803467399,0.822458214609538,0.511710170369421
2812.323676,2815.037022,20.5,9.19238815542512,0.209028995746018,0.944124210630874,0.57342224105443
2813.228109,2815.941457,27.5,19.0918830920368,0.120669063195184,1.09877582994458,0.60513622232106
2814.132572,2816.845907,18.75,16.0494028964735,0.148210283465806,1.09585910458971,0.63849999055792
2815.037022,2817.750352,8.75,4.74341649025257,0.326204815073382,1.19023986503096,0.69625675430348
2815.941457,2818.654792,7.3,2.16281709300111,0.352705515940506,1.23396075334851,0.766899189235147
2816.845907,2819.559231,7.9,2.55821118057999,0.330861432616447,1.25243063499124,0.783227538075319
2817.750352,2820.463698,9.5,4.50396650583841,0.27629032148748,1.16522555537462,0.703287073921985
2818.654792,2821.36811,10,5.61248608016091,0.149825604990703,1.08879257148152,0.61061879431875
2819.559231,2822.272571,20.3333333333333,8.08290376865476,0.184819671652023,1.08758766474717,0.587527431466209
2820.463698,2823.177024,14.25,4.99165971062398,0.201686574548444,0.999614812663319,0.576278493415879
2821.36811,2824.081492,13.4,3.50713558335004,0.0661040791003169,0.884023651357895,0.573535869146072
2822.272571,2824.985913,13.75,1.89296944860009,0.0440609109272216,0.825078791169186,0.50730023922113
2823.177024,2825.890363,13.8,2.77488738510232,0.0684343120728488,0.787921686268418,0.457538346922662
2824.081492,2826.794829,14,3.36650164612069,0.0884429463707828,0.793605693738695,0.48810507752051
2824.985913,2827.699255,17,3.36650164612069,0.182081160151286,0.910485796228375,0.531059350501741
2825.890363,2828.603702,15.75,6.5,0.29349538365737,1.12839472688872,0.589062109990671
2826.794829,2829.508172,14,5.3851648071345,0.30841738145659,1.06047253042006,0.565691934425633
2827.699255,2830.412598,13.3333333333333,4.76095228569523,0.344932161947803,1.10502691143627,0.602670132946409
2828.603702,2831.317048,13.5,3.69684550213647,0.348678562848563,1.10687239251504,0.639416902374275
2829.508172,2832.221512,20.5,8.22597511950204,0.806828639978444,1.57752381019599,0.80059169244352
2830.412598,2833.125975,21,10.1324561023804,0.818381963959699,1.50638820744136,0.791449832542563
2831.317048,2834.030392,13.75,8.73212459828649,0.885654690334611,1.38676632096816,0.745684465223411
2832.221512,2834.934855,14,7.07106781186548,0.158935612982445,0.96639168612525,0.582424895571736
2833.125975,2835.839304,11.8333333333333,4.87510683643617,0.155567688857714,0.859119610708857,0.529023262402738
2834.030392,2836.743732,11.2857142857143,4.53557367611073,0.157969536880887,0.885622851355905,0.553584216164388
2834.934855,2837.648208,10.5,4.76445169982864,0.142282113080996,0.889484673468845,0.573382831728831
2835.839304,2838.552659,12,6.72309452558864,0.111263655196333,0.982007766389071,0.608823172949301
2836.743732,2839.457078,17.25,13.5984067694222,0.15232366137312,0.957869517528749,0.558523001411696
2837.648208,2840.361539,18.6666666666667,12.8970280814354,0.165761208317462,0.965128825514828,0.545491257256974
2838.552659,2841.265984,19.3333333333333,9.29157324317757,0.117083298391509,0.905440712681548,0.530308037865534
2839.457078,2842.170433,21.3333333333333,8.50490054811538,0.113948557905109,0.907132173605284,0.517750649538728
2840.361539,2843.074896,15,7.21110255092798,0.110281134258531,0.921867240009397,0.52394751265306
2841.265984,2843.979335,14.5,7.54983443527075,0.121361362536063,0.924136345766341,0.500121511477073
2842.170433,2844.883784,18.6666666666667,6.65832811847939,0.106557604028516,0.995619790304852,0.522585736444553
2843.074896,2845.788224,21.3333333333333,10.785793124909,0.323960259467549,1.17366118413398,0.596906563391787
2843.979335,2846.692666,13.75,10.688779163216,0.356904632724737,1.27819674065041,0.712224336479939
2844.883784,2847.597129,13,8.83176086632785,0.388500679962636,1.33892524830596,0.775059917833508
2845.788224,2848.501552,10,4.92805380304581,0.368546969353715,1.17491183172282,0.726217091312018
2846.692666,2849.406019,9.57142857142857,3.35942171894424,0.13951518427377,0.982924219898879,0.67926962165946
2847.597129,2850.310469,8.85714285714286,2.41029537806548,0.173316752001577,0.950095751846863,0.656100008464196
2848.501552,2851.214908,9.5,2.34520787991171,0.205279639097711,1.0273112060072,0.651109587069795
2849.406019,2852.119367,16.6,11.238327277669,0.265690498721993,1.15769201999163,0.649746768176722
2850.310469,2853.023819,24.5,2.12132034355964,0.157365672122734,1.35467935552367,0.606434934124954
2851.214908,2853.928238,23,0,0.109127865708804,1.27549705694299,0.602662275141851
2852.119367,2854.832701,21.6666666666667,14.1891977691952,0.33341402256551,1.13518036957171,0.58626082637793
2853.023819,2855.737158,14,4.39696865275764,0.271300358385225,1.06283454216474,0.614132610683159
2853.928238,2856.641569,15.2,2.77488738510232,0.341188248906235,1.09336871142601,0.643869689274521
2854.832701,2857.546025,13.6,4.82700735445887,0.288594447259661,1.08075403128173,0.648595694714951
2855.737158,2858.450485,14.4,7.98749021908634,0.287587956920266,1.05861460170224,0.617604538216158
2856.641569,2859.354922,15.2,8.84307638777366,0.298465921106304,1.08089230756576,0.642168326194416
2857.546025,2860.259394,10.6666666666667,7.14609450445953,0.480849586764657,1.23657904245223,0.712406115531175
2858.450485,2861.163836,12.2,9.39148550549912,0.497197582383434,1.35865215291323,0.753238302026255
2859.354922,2862.068263,17.75,13.7204227340122,0.485532360191757,1.37256728711654,0.705421749419303
2860.259394,2862.972727,26.5,6.36396103067893,0.32886562211672,1.40694493460393,0.652989226780695
2861.163836,2863.877177,20.3333333333333,3.78593889720018,0.379136612278317,1.12893671803784,0.622017485732576
2862.068263,2864.781587,13.6,8.26438140455775,0.310344791691672,1.08897018942338,0.639162607876615
2862.972727,2865.686059,10.8,6.05805249234438,0.147989096594755,0.918446810281457,0.559228886880095
2863.877177,2866.59053,11.3333333333333,9.54288565721431,0.138938349084774,0.924287331944214,0.547329842293379
2864.781587,2867.49496,19.6666666666667,13.6503968196288,0.079651992392632,0.882425390018923,0.521244625231852
2865.686059,2868.399397,15.2,9.65401470891774,0.0967191017053748,0.923422787474037,0.550668473761227
2866.59053,2869.303874,14.5,6.80685928555405,0.205746911257749,0.998474591672695,0.532665526427475
2867.49496,2870.208322,20,7.48331477354788,0.195520038069961,1.06610782396207,0.569785541224426
2868.399397,2871.112751,26.3333333333333,7.23417813807024,0.115851760056844,1.17193020761922,0.545152278113648
2869.303874,2872.017218,13,10.5451410611713,0.238597054949692,1.18284154129694,0.620046803925961
2870.208322,2872.921667,7.5,3.89138242053607,0.277094586876753,1.11704100048607,0.639757392601089
2871.112751,2873.826074,7.66666666666667,4.12310562561766,0.302012851637968,1.03661262326493,0.617954543622215
2872.017218,2874.730533,11.8333333333333,4.9966655548142,0.242966449463377,0.857962596355592,0.497403841694862
2872.921667,2875.635007,14,2.91547594742265,0.111658250371854,0.762574786443456,0.45782272465167
2873.826074,2876.539432,14.5,4.79583152331272,0.133732112494463,0.793217035887001,0.481220289888841
2874.730533,2877.443887,15.4,8.84872872225158,0.104021212109712,0.8047532611153,0.506154147483548
2875.635007,2878.348334,9.2,5.40370243444252,0.258280080923297,0.846025410328096,0.512212529446181
2876.539432,2879.252755,8.125,4.48608961123159,0.309244104429652,0.873399469369637,0.535824400801395
2877.443887,2880.157229,8.375,3.99776723398735,0.302082373812908,0.885466319537648,0.520892035677877
2878.348334,2881.061674,10.4,4.27784992724149,0.0400909669696763,0.727716166315497,0.479480961238349
2879.252755,2881.966093,23,10.4403065089106,0.526367884928785,1.05336139841603,0.587175288922168
2880.157229,2882.870554,16,2,0.385351784642751,1.35682069523361,0.649380995758509
2881.061674,2883.775019,14.5,3.41565025531987,0.406643410496479,1.25291028684764,0.642278118807904
2881.966093,2884.679489,15.8,10.5451410611713,0.232642235529844,1.05504885984496,0.53521872678535
2882.870554,2885.583909,9.75,0.5,0.100816923034442,0.946258372838067,0.529455155232069
2883.775019,2886.488351,11.2857142857143,5.21901286050296,0.0818555356037321,0.937085985834562,0.555126630481598
2884.679489,2887.392832,14.1666666666667,6.11282804164052,0.165565774298904,1.01783925675239,0.561275588993276
2885.583909,2888.297239,8.66666666666667,6.30476010645925,1.01275430191179,1.67000923361036,0.952120216508534
2886.488351,2889.201693,7.33333333333333,5.24404424085076,0.963195659415719,1.93823312291533,1.116327654554
2887.392832,2890.106161,8.7,5.16505351160835,0.96021444036197,1.93967570078872,1.16344343222146
2888.297239,2891.010602,13.5,4.23083916026124,0.734498410842054,1.56549042183466,0.899633705636321
2889.201693,2891.915052,13.2,5.80517010948,0.579242456729896,1.24726098944192,0.737507077117787
2890.106161,2892.81946,10.125,6.40172967698128,0.373963654766376,1.19991780118492,0.779860149217656
2891.010602,2893.723916,7.88888888888889,3.65528536657689,0.496230082412064,1.36654901065635,0.844807228708869
2891.915052,2894.628378,7.5,4,0.491187741618992,1.41568530653988,0.809222206269528
2892.81946,2895.532817,12,9.30053761886914,0.528727429114205,1.38246859750741,0.706939602574449
2893.723916,2896.437267,20.3333333333333,13.3166562369588,0.215625005495342,0.979639741042605,0.548613197665423
2894.628378,2897.341743,11,9.76387901058454,0.829999062037814,1.53274567332515,0.847812690051164
2895.532817,2898.246161,8,5.62731433871138,0.788812467441081,1.57465057698892,0.847994230044611
2896.437267,2899.150626,9.66666666666667,10.8934230922455,0.810368562698195,1.6608568184427,0.83750155992778
2897.341743,2900.05507,16.5,11.7046999107196,0.1845113233752,0.953895076727672,0.490170240147808
2898.246161,2900.95952,19.5,8.88819441731559,0.0727989377700584,0.807445462260162,0.451161853042176
2899.150626,2901.863934,25,4.24264068711928,0.0366685184352243,0.782666023506636,0.439972208529633
2900.05507,2902.768408,28.5,10.6066017177982,0.0390233182402361,0.769041878180727,0.441917486306036
2900.95952,2903.672878,11.5,7.32575365861197,0.0458639589735577,0.730629496379593,0.446908771237262
2901.863934,2904.577293,10.6,4.6690470119715,0.340850709659986,0.907772415996485,0.590738102841654
2902.768408,2905.48176,15.6,5.50454357780915,0.307268946308842,1.03136998334,0.603430000068309
2903.672878,2906.386198,15.6,5.50454357780915,0.325539457616948,1.01439400200142,0.582372271172961
2904.577293,2907.29065,14.25,5.85234995535981,0.177870335962999,0.800907341158239,0.466743977955916
2905.48176,2908.19509,14.6,7.12741187248218,0.0521478272589993,0.708168689754449,0.420008395634775
2906.386198,2909.099555,13,8.71779788708135,0.0641489796361734,0.718183447385416,0.429836858527865
2907.29065,2910.003992,22.6666666666667,25.4230866208911,0.128783185622615,0.761888184903538,0.409412276970326
2908.19509,2910.908442,12.6666666666667,8.14452781524708,0.111959187368805,0.809912585358686,0.415363525830912
2909.099555,2911.8129,12.6666666666667,8.14452781524708,0.111959187368805,0.809912585358686,0.412790920676358
2910.003992,2912.717327,17.5,8.9628864398325,0.16739812795501,0.780648588589622,0.423650443951041
2910.908442,2913.621771,16,5.65685424949238,0.220723472189816,0.785697635111105,0.414073381507545
2911.8129,2914.526235,24,16.9705627484771,0.216623511832816,0.790358592594665,0.417807904445365
2912.717327,2915.430655,16.6666666666667,11.1504857891185,0.189357633573116,0.819014602296392,0.465148730626522
2913.621771,2916.335128,16.6666666666667,11.1504857891185,0.163235231885934,0.853257542583036,0.531185227951548
2914.526235,2917.239585,15.25,10.3400515794974,0.109859614092312,0.90301063036466,0.551017268416688
2915.430655,2918.144016,14.3333333333333,7.57187779440036,0.0966443325912087,0.890470481356762,0.524316096338428
2916.335128,2919.048463,18,9.89949493661167,0.0872362165908007,0.900572392030193,0.475757736102633
2917.239585,2919.952913,20.3333333333333,17.6162803489651,0.114145574316508,0.807423503700082,0.485639415447579
2918.144016,2920.857359,10,4.18330013267038,0.0952820710595259,0.764477715512558,0.475657720478481
2919.048463,2921.761793,10.6666666666667,5.35412613473634,0.0871534749524071,0.78012578868406,0.500176216018926
2919.952913,2922.66625,12.8,6.1400325732035,0.115552153339241,0.765035572263577,0.488017003280415
2920.857359,2923.570703,14.2,5.84807660688538,0.114075388533797,0.828919595788054,0.494584455868749
2921.761793,2924.47518,13.25,5.7373048260195,0.185838120515799,0.877843167812291,0.529801635783442
2922.66625,2925.379591,15.75,10.1447851956888,0.152035598916251,0.901195026161834,0.522909986852688
2923.570703,2926.28405,14.3333333333333,11.9303534454489,0.175506281818537,0.902806368428231,0.506120195961746
2924.47518,2927.188516,48,0,0.0408134683163691,0.844551513597609,0.456668451144543
2925.379591,2928.092929,23,9.89949493661167,0.0733410430755827,0.789253931239918,0.446102843660517
2926.28405,2928.997379,18.6666666666667,10.2632028788938,0.0735514169187969,0.810607337668907,0.42570264939324
2927.188516,2929.901839,20,8.48528137423857,0.132968451839585,0.847520273864513,0.419536228707055
2928.092929,2930.806263,26,0,0.173178952983248,0.869320590743033,0.437373582023851
2928.997379,2931.710737,26,0,0.172309820404018,0.934445929453589,0.436994527401908
2929.901839,2932.615188,26.5,0.707106781186548,0.141747305341511,0.902205907002007,0.421281555221503
2930.806263,2933.519634,26.5,0.707106781186548,0.179678786544158,0.880216260698012,0.377994927899528
2931.710737,2934.42408,26,0,0.209158497045413,0.821307212465919,0.339977344681129
2932.615188,2935.328525,0,0,0,0.682852083036721,0.327220294023905
2933.519634,2936.232975,0,0,0,0.682852083036721,0.331351038719046
2934.42408,2937.137411,0,0,0,0,0.35568626098467
2935.328525,2938.041883,19.5,17.6776695296637,0.409847685079662,0.906731468695336,0.430090920020881
2936.232975,2938.946332,15.25,11.3541475535007,0.294199541948382,0.869743979036384,0.483072600845653
2937.137411,2939.850779,12.5,6.02771377334171,0.270187020176627,0.905869288826169,0.508053386575031
2938.041883,2940.755198,23.3333333333333,14.6401275039985,0.0556780019235109,0.791217685186741,0.457426309651341
2938.946332,2941.659667,32.5,9.19238815542512,0.226635574595031,0.89436970764533,0.448634159629283
2939.850779,2942.564115,18.3333333333333,8.02080627701064,0.197984572295776,0.85444909860153,0.438746102514585
2940.755198,2943.46857,17.3333333333333,6.65832811847939,0.183729375543516,0.871336144487575,0.478936473545275
2941.659667,2944.37302,23.5,0.707106781186548,0.198145555815023,0.896510364252618,0.450380627276596
2942.564115,2945.277482,27.5,4.94974746830583,0.195282888042422,0.900106031509494,0.44850724976835
2943.46857,2946.181915,29,0,0.0843182190015884,0.739671190907678,0.441384288492575
2944.37302,2947.086376,28,5.65685424949238,0.0370923612368207,0.722877717231214,0.433095777415982
2945.277482,2947.990795,29.5,3.53553390593274,0.122264620191171,0.81488117170951,0.445129249892434
2946.181915,2948.895262,27,0,0.149485144731078,0.850357610382972,0.415603296119503
2947.086376,2949.799733,53,0,0.0668446655528131,0.908793253610429,0.416478899735259
2947.990795,2950.704144,13.5,3.53553390593274,0.129385916588817,0.768946528996313,0.406614530382373
2948.895262,2951.608609,14,2.64575131106459,0.120917502756696,0.739533243172146,0.401769980335746
2949.799733,2952.513061,17,9.05538513813742,0.21631257984721,0.830669201138875,0.499903948006506
2950.704144,2953.417505,11,2.64575131106459,0.219786643559764,0.903734018875245,0.550603395529282
2951.608609,2954.321946,17.6666666666667,10.0166528008778,0.148586265919695,0.966729639077786,0.561023652516462
2952.513061,2955.226421,31,0,0.119726562992254,0.820431975037237,0.482257352780191
2953.417505,2956.130874,21.5,9.19238815542512,0.154979764151682,0.833285950565318,0.416706286146037
2954.321946,2957.035293,26,15.556349186104,0.162077205615137,0.826120264451571,0.417397042182599
2955.226421,2957.939729,16.75,14.6600363801277,0.0735490921057932,0.785839866773419,0.437218390216612
2956.130874,2958.844202,15.5,12.396235987858,0.0711079255573686,0.793532177879567,0.414525168995638
2957.035293,2959.748628,15.5,12.396235987858,0.055635978343781,0.812708559969628,0.41665321443337
2957.939729,2960.653085,18,0,0.0138617053444714,0.800355656718431,0.375721325488158
2958.844202,2961.557543,77,0,0.345058251690478,1.05415039224103,0.433323481126276
2959.748628,2962.461963,5,0,0.0436499355043207,1.26727825652228,0.456453023726172
2960.653085,2963.366418,10.6,7.50333259292163,0.428969285007418,1.2259944329448,0.613948713257731
2961.557543,2964.270898,12,7.87400787401181,0.477971407478377,1.21156463515061,0.606762893398349
2962.461963,2965.17535,17,20.0748598998847,0.422483991398715,1.36482862550415,0.67492501925183
2963.366418,2966.079762,29,0,0.425729157819779,1.60912792198496,0.586831579479048
2964.270898,2966.984211,22.5,20.5060966544099,0.429363549757732,1.87296127081644,0.718590277630495
2965.17535,2967.888688,23,21.2132034355964,0.525267691226192,2.03004064951256,0.764711176306326
2966.079762,2968.793114,25.6666666666667,15.6950098226581,0.652819383368436,1.78395341108337,0.71434351768308
2966.984211,2969.697578,30,1.4142135623731,0.799386762986651,1.45991414351951,0.588798657430034
2967.888688,2970.602033,15.25,10.2753750945322,0.0743835730148774,0.970241171150646,0.492590067442608
2968.793114,2971.506475,10.6666666666667,5.68624070307733,0.0707476422488206,0.951378539989356,0.485317959860613
2969.697578,2972.410906,21.6666666666667,24.5831920899897,0.0892973551863627,0.923708566604733,0.468376365218948
2970.602033,2973.315352,23,0,0.13750455836157,0.744738403046198,0.39709888494609
2971.506475,2974.219821,23,0,0.13750455836157,0.744738403046198,0.372643577822729
2972.410906,2975.12429,42,0,0.00330193176904829,0.645173179039761,0.344990196326605
2973.315352,2976.028709,33,35.3553390593274,1.06757557645359,1.55361233374789,0.569259403065288
2974.219821,2976.93315,8,0,1.01743372162229,2.00899932027441,0.574596966565412
2975.12429,2977.837625,13.4,15.8839541676498,0.897116588278458,1.99524134778587,0.962915195960807
2976.028709,2978.742074,7.5,5.19615242270663,0.9873794008867,1.77490034107018,0.871279179863519
2976.93315,2979.646511,11.6,10.2127371453494,0.981133508281178,1.60040655128775,0.884281036997533
2977.837625,2980.550973,28,0,0.136552683376133,0.824494930780033,0.465047815457937
2978.742074,2981.455418,0,0,0,0.829721829146095,0.470894858163585
2979.646511,2982.359828,16,0,0.00379841393091722,0.82703594489779,0.493774734735594
2980.550973,2983.264303,21,7.07106781186548,0.121670575197334,0.897265366307564,0.520262538098994
2981.455418,2984.168768,30,0,0.218393674351573,0.883296561024868,0.461761366150557
2982.359828,2985.073218,29.5,0.707106781186548,0.202589624408343,0.807589543693749,0.422031187294037
2983.264303,2985.977628,30,0,0.151250821511628,0.76312599058242,0.395066123077328
2984.168768,2986.882088,49,0,0.0291767679597192,0.849445381655904,0.43407467632009
2985.073218,2987.786542,13,0,0.0330287463720255,0.85216914171223,0.476235724626289
2985.977628,2988.690984,18,7,0.0498563917913691,0.826888763383476,0.490541322904417
2986.882088,2989.595451,19.3333333333333,14.9777612924406,0.164209781011148,0.83658904895405,0.484562892216905
2987.786542,2990.499897,19.6666666666667,14.8436293854749,0.173870776348484,0.82402337390726,0.453631547624373
2988.690984,2991.404368,12.2,4.54972526643093,0.156956057734775,0.810367859757442,0.44720486137316
2989.595451,2992.308794,15.25,6.34428877022476,0.100107353198093,0.783872945699662,0.447065906820647
2990.499897,2993.213229,22,8.54400374531753,0.0444643864203278,0.839697010998994,0.466425888877166
2991.404368,2994.117695,28,2.82842712474619,0.00798508036124646,0.806389705760641,0.436854980267826
2992.308794,2995.022144,17,7.74596669241483,0.0476099692289224,0.842984369573242,0.450370233201838
2993.213229,2995.926559,14,6,0.0486908776101791,0.852869793167017,0.430401197790778
2994.117695,2996.831025,24.5,14.8492424049175,0.12718138713814,0.821367140918167,0.418970348905117
2995.022144,2997.735497,46,0,0.156729094027166,0.78549090597042,0.393611537230387
2995.926559,2998.63991,34,0,0.0444598025155583,0.864877283317287,0.410732301564056
2996.831025,2999.544363,34,0,0.0444598025155583,0.864877283317287,0.4153614274943
2997.735497,3000.448838,54,0,0.00507283738799118,0.829852417751416,0.415514722293694
2998.63991,3001.353283,16,9.89949493661167,0.257095692714492,1.01375238562206,0.468855905140041
2999.544363,3002.257724,14.25,7.08872343937891,0.19004284278821,1.00506343999386,0.525029639819535
3000.448838,3003.162189,12.8,6.94262198308391,0.192705594809301,0.968369469781134,0.509437709814923
3001.353283,3004.066638,14.5,10.4721853816033,0.149985371261281,0.958220200666652,0.521283431969656
3002.257724,3004.971045,20,14.422205101856,0.13024885480787,0.95657979426779,0.483926482515995
3003.162189,3005.875511,20.6666666666667,14.742229591664,0.162599566352966,0.933832998564491,0.476180189809746
3004.066638,3006.779981,22.6666666666667,8.50490054811538,0.0945315406952816,0.750207743627526,0.398747925201243
3004.971045,3007.684383,21,8,0.207682290112171,0.808950492604945,0.405536909120203
3005.875511,3008.588851,19.3333333333333,5.68624070307733,0.208211950196983,0.853793325664841,0.444414442509778
3006.779981,3009.493312,28.5,6.36396103067893,0.140710070299112,1.07840113138236,0.475446167453302
3007.684383,3010.397747,28,0,0.258344038721333,1.01426475419103,0.488571486864959
3008.588851,3011.302187,29,1.4142135623731,0.190795087005998,0.982474063445668,0.459961610663701
3009.493312,3012.206651,26.3333333333333,14.8436293854749,0.0730818152799877,0.87775312274428,0.45222832844835
3010.397747,3013.11107,10,0,0.110392656327285,0.88026593824506,0.430650951812515
3011.302187,3014.015542,35.5,36.0624458405139,0.0853006272969316,0.900123159700179,0.430152284375535
3012.206651,3014.919992,15,2.82842712474619,0.101214108940484,0.823073614268575,0.440159964373099
3013.11107,3015.824403,15.25,4.78713553878169,0.155384850801993,0.909853772479818,0.494759801320379
3014.015542,3016.728865,14.4,7.53657747256671,0.141308313554593,0.901529264651192,0.523860942986249
3014.919992,3017.633349,15.5,9.46924847422786,0.195883913656325,0.895835569679884,0.488853876145873
3015.824403,3018.537776,16.75,8.34166250416147,0.156092667041128,0.769264207806529,0.457382046891096
3016.728865,3019.442215,17.6666666666667,4.16333199893227,0.17790777591491,0.828845331560211,0.43283310992812
3017.633349,3020.346687,15.5,3,0.128460071460805,0.930412986442819,0.476810714762388
3018.537776,3021.251097,13.4,2.96647939483827,0.405814511693485,1.16835232031326,0.644542151087393
3019.442215,3022.155567,15.8,8.19756061276768,0.419501231431272,1.15378831096347,0.638606685948767
3020.346687,3023.060017,15.2,8.61394218694321,0.435675678423208,1.12594134043497,0.637044738738323
3021.251097,3023.964449,17,10.5356537528527,0.155189806938386,0.884793617501511,0.438618184061066
3022.155567,3024.868906,14,9.5655632348545,0.105521191346008,0.805407474257904,0.45712783804234
3023.060017,3025.773363,10,6.78232998312527,0.0403836095869735,0.768880599546982,0.437790800491747
3023.964449,3026.677773,15.6,20.9475535564419,0.0604613569946322,0.77080743803126,0.443088231038205
3024.868906,3027.582246,11,8.48528137423857,0.0883506214198374,0.777907656287927,0.420036079619043
3025.773363,3028.486709,25,11.3137084989848,0.104851526906711,0.768351040834144,0.437986087247252
3026.677773,3029.391117,23,14.142135623731,0.121480972073594,0.783452934844374,0.442167220910725
3027.582246,3030.295582,20.5,10.6066017177982,0.117019535324933,0.765098187498123,0.447823379446945
3028.486709,3031.200006,33,0,0.0594641398901372,0.808114818936358,0.451368353372093
3029.391117,3032.104455,18.6666666666667,10.6926766215636,0.214195430600359,0.938911440044951,0.492862453070816
3030.295582,3033.008906,11.8,6.30079360080935,0.298066127065201,1.1490236588737,0.624098768365256
3031.200006,3033.913346,8.625,3.20434972230828,0.261795368467281,1.07930352994119,0.66554829763989
3032.104455,3034.817795,8.22222222222222,2.27913238852956,0.241524355196291,1.07060929596586,0.664496279589214
3033.008906,3035.722272,7.57142857142857,1.61834718742537,0.128791546319846,0.95934724808692,0.54344608563342
3033.913346,3036.626681,14,9.35414346693485,0.175758123265801,0.9199908254019,0.494285938033877
3034.817795,3037.531152,18,1.4142135623731,0.181561873336833,0.874399657706083,0.507356106571432
3035.722272,3038.435592,18,8.36660026534076,0.149708082133017,0.976311795446,0.513456783747295
3036.626681,3039.340038,12.8,9.83361581515162,0.104415551867207,1.03350749958624,0.553480776591257
3037.531152,3040.244494,12.4,10.7377837564369,0.688861024263445,1.25899005075077,0.651347751513293
3038.435592,3041.148963,15,10.816653826392,0.723662695905584,1.21417855486935,0.657058096040761
3039.340038,3042.053382,15.2,8.8147603484156,0.734475235483336,1.18110965621466,0.676947878743924
3040.244494,3042.957826,18.6666666666667,5.85946527708232,0.0651337057089881,0.952558712342109,0.583491890752543
3041.148963,3043.862273,16,4.83045891539648,0.118166239122455,0.998431102530748,0.620470255117782
3042.053382,3044.766748,13.25,5.1234753829798,0.181042707761028,0.917263094556076,0.581526632279662
3042.957826,3045.671215,15,8.28653526310404,0.204244795479645,0.827252253683585,0.519946346690704
3043.862273,3046.575672,10.4285714285714,8.20278698283177,0.241656140202205,0.989436991275326,0.563471007841122
3044.766748,3047.48015,9.71428571428571,7.99404540297101,0.206508677690347,1.09133712227007,0.65852654660791
3045.671215,3048.384619,9.71428571428571,7.34198623703163,0.172239685861135,1.12465649795852,0.7567215480129
3046.575672,3049.289054,10.6666666666667,4.22689799577263,0.224776723152779,1.06763293526929,0.729714096926714
3047.48015,3050.193528,17,12.0277457017791,0.520730056349671,1.31617081238318,0.798787155893288
3048.384619,3051.098008,21.5,17.6776695296637,0.719683443132218,1.3746528403035,0.846030164101921
3049.289054,3052.002451,42,0,0.90820267469624,1.53684577987898,0.812210200703377
3050.193528,3052.90691,22.5,20.5060966544099,0.0350810033804637,0.871611122200795,0.669336237968724
3051.098008,3053.811386,12.6666666666667,12.4204133049857,0.375799018718677,1.11392930169466,0.683785946433954
3052.002451,3054.715841,7.66666666666667,3.1224989991992,0.319260402426737,1.13209734991711,0.753017338070119
3052.90691,3055.620293,7.8,2.57336787541584,0.288006355906506,1.17134563640134,0.807366151997414
3053.811386,3056.524741,11.1428571428571,5.49025110016447,0.164725604991616,1.09921102742006,0.738981565878218
3054.715841,3057.429201,12.3333333333333,6.0882400303098,0.105548176737905,1.04437035892177,0.707257750799987
3055.620293,3058.333659,13,6.51920240520265,0.159368793595466,1.11632332018746,0.68165240532109
3056.524741,3059.238112,12,6.40312423743285,0.159869620417247,1.14395448175622,0.752077626676755
3057.429201,3060.142561,13.3333333333333,6.65331997326648,0.26514360773066,1.28111808241813,0.860092548240943
3058.333659,3061.047011,12.1666666666667,5.34477938428395,0.427460269027876,1.39778660333626,0.942133475324521
3059.238112,3061.951484,13.8,3.4928498393146,0.466908312272637,1.38583329503996,0.910765602070051
3060.142561,3062.8559,13.8,4.08656334834051,0.445486887136015,1.45803589652977,0.857103008511202
3061.047011,3063.760356,12.6666666666667,6.59292550137393,0.234731946956962,1.40272776200508,0.806312362269221
3061.951484,3064.664814,10.8571428571429,6.09449400220044,0.26498126982525,1.32949613021817,0.815588190986109
3062.8559,3065.569271,9.85714285714286,3.97611918955202,0.172820212475135,1.25695909131494,0.76527542043149
3063.760356,3066.47373,11.8333333333333,6.36919670497518,0.129047204076423,1.16307567113163,0.735387070297242
3064.664814,3067.3782,12.8333333333333,6.33771778061052,0.162393965555641,1.13979015585692,0.729619710044722
3065.569271,3068.282654,11.3333333333333,4.5018514709691,0.166044764809372,1.04540659218091,0.699069772868895
3066.47373,3069.187085,14,7.84219357067906,0.113215420653431,0.97528855509888,0.661405439414969
3067.3782,3070.091535,11.8333333333333,7.85917722580848,0.181251428997459,0.974634714252544,0.65598590807708
3068.282654,3070.996008,12.5,6.62570750939098,2.95612775726794,2.32420465615882,1.89258674985674
3069.187085,3071.900445,12.5,6.41092816992984,2.92928720144637,2.37626442635236,1.88920241690559
3070.091535,3072.804918,11.5,2.25831795812724,2.90751299805771,2.40878727919689,1.8959998680301
3070.996008,3073.70938,10.2857142857143,1.70433620649269,0.0960745809371312,1.07641772311695,0.7161828201526
3071.900445,3074.61378,14.3333333333333,10.6895587685679,0.132427173501237,1.10297081858424,0.753913662642983
3072.804918,3075.518256,16.5,13.8924439894498,0.154829885438582,1.10308332762417,0.726213000143211
3073.70938,3076.422702,10.8,6.37965516309463,0.156010836466229,1.07321441567827,0.724427388410595
3074.61378,3077.327165,8.85714285714286,4.74090608177282,0.210416548921226,1.12859866546056,0.76542947950538
3075.518256,3078.231614,11.3333333333333,5.53774924194538,0.247325276181666,1.14531730262005,0.780998369398226
3076.422702,3079.136064,12.8333333333333,5.38206899497458,0.252718560220168,1.16408254418598,0.77692860783454
3077.327165,3080.040498,12.6,9.18150314491042,0.110082191066495,1.09464910624269,0.696588661175093
3078.231614,3080.944968,11.8333333333333,8.63519928355256,0.14609747435223,1.00238488749736,0.656236680228676
3079.136064,3081.849407,10.5,5.39444158370447,0.192714084377378,0.955939716181483,0.65584601346747
3080.040498,3082.753863,9.4,4.61519230368573,0.20396753582912,0.900706076317939,0.630737555529523
3080.944968,3083.658324,12,8.60232526704263,0.224670473191028,0.979722486446472,0.653315075087879
3081.849407,3084.562762,11.8,6.79705818718657,0.329318052616681,1.16679339626729,0.710787275612689
3082.753863,3085.467227,11.3333333333333,6.12100209660695,0.296643943417696,1.17635448960902,0.734739152285114
3083.658324,3086.37168,15.2,7.3280283842245,0.344941821311902,1.13163281036367,0.737627046972747
3084.562762,3087.276147,15.25,5.85234995535981,0.164320170429378,1.00468665617528,0.675184695326249
3085.467227,3088.180596,12.4,7.60263112349929,0.14681916633626,1.02411933239298,0.679110556735857
3086.37168,3089.085005,10.8,6.34034699365894,0.119485460080328,1.00186285861379,0.675647144830699
3087.276147,3089.989464,10.3333333333333,5.7850381733111,0.0984387453727399,0.990898095060003,0.659859165242831
3088.180596,3090.893936,12.8,8.34865258589672,0.155989768953021,1.10418515878027,0.70671827805561
3089.085005,3091.798379,15.75,7.9320026895272,0.184027893176808,1.19213788848661,0.752657845329223
3089.989464,3092.702837,11.7142857142857,5.28249580262606,0.24580545762606,1.0473969452598,0.750028325101043
3090.893936,3093.607278,9.375,4.1726148019814,0.193415935934734,0.974048819831941,0.711752843137933
3091.798379,3094.511729,8.875,2.5319388392523,0.171790360738291,0.959542522953646,0.694198054172396
3092.702837,3095.416201,12.1666666666667,6.01387285088957,0.16459552938995,0.992763345446857,0.696893285700409
3093.607278,3096.320649,14.2,6.18061485614498,0.182514817585156,1.0563477854632,0.692758394394522
3094.511729,3097.22509,10.5,4.03732584763727,0.0905515485742875,1.13409256779789,0.714364064284269
3095.416201,3098.129509,12.8333333333333,8.93121865518176,0.135351621553907,1.10234190974683,0.691310310133819
3096.320649,3099.033989,16.25,10.9048918686371,0.191010217520767,1.06200717591075,0.648486738724068
3097.22509,3099.938437,20,0,0.00541635689941333,0.874313325910372,0.543159667549202
3098.129509,3100.842885,18,0,0.0370345120859522,0.799824310262853,0.664814141313072
3099.033989,3101.747356,9.25,6.70198975429437,0.962706274566728,1.743429468931,0.916529840898874
3099.938437,3102.651774,12.6,9.47628619238571,0.928628518233444,1.60147394302921,0.937436788849329
3100.842885,3103.556224,19.25,10.4363148029688,0.757618873522579,1.4454333546019,0.896111324593059
3101.747356,3104.460685,19.3333333333333,7.63762615825973,0.120261550716927,0.986976876647839,0.709038988189213
3102.651774,3105.365146,16.3333333333333,5.03322295684717,0.184799718960744,1.06424199212323,0.708972013408647
3103.556224,3106.269623,15.8,4.54972526643093,0.151400451861684,1.0475103231238,0.74906751785898
3104.460685,3107.174073,12.3333333333333,3.72379734500505,0.166186986922496,1.02642924145675,0.703689468628954
3105.365146,3108.078484,11.75,2.87228132326901,0.157998890611621,1.08338294754517,0.69918595899976
3106.269623,3108.982957,14,0,0.0991628597054082,0.954598589036781,0.674773232386003
3107.174073,3109.887416,0,0,0,1.70374955351719,0.794115212880398
3108.078484,3110.791853,23.5,7.77817459305202,0.456340161748129,1.42717160264125,0.853435422355342
3108.982957,3111.696328,27.3333333333333,8.62167810425171,0.374408888407486,1.40879280891276,0.840531254944811
3109.887416,3112.600762,16.3333333333333,16.2890556304942,0.39082627219796,1.2003982249826,0.662826825324783
3110.791853,3113.505234,12.5,6.60807586719967,2.04051004594456,1.94701860985519,1.70080035641472
3111.696328,3114.409655,15.4,5.68330889535313,2.09598011512681,2.40241169034554,2.05720665983483
3112.600762,3115.31411,22.3333333333333,12.5033328890074,2.26098950871511,3.14448388096714,2.0600746453857
3113.505234,3116.218559,14.75,13.5984067694222,1.49388060142336,1.88555812011041,1.34615582568937
3114.409655,3117.123035,7,1.4142135623731,0.147474387393944,1.1315856933425,0.714291616191247
3115.31411,3118.027486,21.3333333333333,22.5018517756502,0.13770801731218,1.17015823445906,0.837360698947854
3116.218559,3118.931943,11.6,5.85662018573853,2.84441819057426,3.15816308377205,2.79838044828785
3117.123035,3119.836393,12,5.95818764390649,2.7580275437176,3.27277630682914,2.83702766551394
3118.027486,3120.740858,15.4,9.98999499499374,2.53181590335,3.54867292821315,2.90230980362965
3118.931943,3121.64532,14.2,10.9863551735778,0.875729106462154,2.11305480280828,1.38293229649024
3119.836393,3122.549731,10.4285714285714,3.40867241298539,0.859017435890085,2.24968232235459,1.58639371761472
3120.740858,3123.454204,10.375,4.34042460069124,1.56479704047103,2.77929219971702,2.0613683235703
3121.64532,3124.358664,13.8333333333333,8.08496547096317,1.65890035550239,2.83171344519392,1.89851467987041
3122.549731,3125.263102,11.2857142857143,8.51888658050033,2.23962735772253,3.22331621554454,2.44942730157541
3123.454204,3126.167551,7.125,2.64237447329913,1.78473410606643,2.53010862478639,2.05943700136883
3124.358664,3127.07205,8.77777777777778,5.54025671286489,1.79184339952818,2.31869845274202,2.03683863741828
3125.263102,3127.97654,8.88888888888889,5.44160923910484,0.538017554332978,1.64265624928304,1.1182030926921
3126.167551,3128.881036,7,5.06323647841612,0.705447948033327,1.86856875319362,1.241514801209
3127.07205,3129.785504,6.23076923076923,2.48843478763412,0.632113973296112,1.89332353741983,1.29880487342205
3127.97654,3130.690008,6.07692307692308,3.42689214064139,0.643489553383871,1.7501419155467,1.31445158102103
3128.881036,3131.594489,6.91666666666667,3.23217723786455,0.653632203363595,1.71556943189601,1.25585158892414
3129.785504,3132.498987,6.91666666666667,3.84845502255204,0.670321837425538,1.87621183687494,1.38535763757681
3130.690008,3133.403461,7.9,4.1217579852399,1.45210384056408,2.41760390140278,1.93338906322881
3131.594489,3134.307989,8.57142857142857,4.79086432205933,1.77971232474778,2.56594003098334,2.23319599424564
3132.498987,3135.212469,12.8,10.9635760589326,2.57937199193852,3.47962692568248,2.81425654667027
3133.403461,3136.116979,18,13.0384048104053,3.34347902748879,4.51999603244448,3.13427001401752
3134.307989,3137.021512,12.8333333333333,8.88631907297204,2.73503277878505,4.74069043559717,3.50099969812123
3135.212469,3137.926011,7.75,5.94618725379069,5.34343557389186,7.7596196215548,5.34267279478369
3136.116979,3138.830514,8.11111111111111,4.67558671303518,4.75588079523851,7.69007721490765,5.61992944341793
3137.021512,3139.735028,8.875,5.02671434864337,4.58021909846903,8.63104782776915,6.18883234933165
3137.926011,3140.639509,10.8333333333333,6.11282804164052,2.22707087866209,6.37658770918249,4.87117832839278
3138.830514,3141.544026,11,5.41602560309064,2.19945918560907,6.33377709649979,4.74877398216553
3139.735028,3142.448567,9.83333333333333,2.92688685580203,1.97020954150437,4.80843712999836,4.15999239881868
3140.639509,3143.353064,9.375,2.87538817255291,1.75032456021488,5.03316574137389,3.93653380141045
3141.544026,3144.257574,9.44444444444444,2.69773567603977,1.45423898789922,5.14480077809301,3.72546218359579
3142.448567,3145.16211,10.8571428571429,3.67099311851582,1.1419140898965,5.3927870032499,3.59403984592577
3143.353064,3146.066627,12.6666666666667,3.32665998663324,0.627099300349299,5.71559559993413,3.45484297513039
3144.257574,3146.971115,12,3.67423461417477,0.682740698367327,5.74024565460271,3.38805617709236
3145.16211,3147.875629,12.6666666666667,3.66969571853944,0.426984445744616,5.4901255157672,3.44179161459008
3146.066627,3148.780138,12.6666666666667,3.66969571853944,0.267566204848763,5.48783773088988,3.53089596112183
3146.971115,3149.684682,12.5,3.83405790253616,0.191095352354531,5.34371337408453,3.52945562114686
3147.875629,3150.589148,11.5714285714286,4.42933941113657,0.77581565530449,4.98507584919782,3.34117937963277
3148.780138,3151.493687,10,3.5213633723318,0.800887559815819,4.90596781639111,3.33729986251231
3149.684682,3152.398169,10.7142857142857,4.02965199962667,0.781927623139942,4.99720502839205,3.45162650547012
3150.589148,3153.302641,12.6666666666667,3.72379734500505,0.188233786109902,5.43029502574722,3.54084770739786
3151.493687,3154.207121,12,3.51188458428425,0.315404976526455,5.29541617865412,3.64206558726892
3152.398169,3155.11163,12.5,3.50713558335004,0.393549074087254,5.27186583595223,3.49116292450039
3153.302641,3156.016142,12,3.67423461417477,0.353011417806501,5.26275920821308,3.55449281884242
3154.207121,3156.920614,10.8571428571429,3.93397896234722,0.865577725803427,5.26734933725031,3.58918863267519
3155.11163,3157.82512,10.8571428571429,3.93397896234722,0.912415038101975,5.43794708786419,3.60951732516012
3156.016142,3158.729603,9.25,4.39967531269557,0.885353555423115,5.39459144301247,3.75847762037517
3156.920614,3159.634049,10.5714285714286,4.72077475481666,0.586347282681345,5.65961908404577,3.71510010330842
3157.82512,3160.538536,10.8571428571429,4.8452234702014,0.597522358942956,5.65744161787209,3.71862375175887
3158.729603,3161.443022,12.2,3.96232255123179,0.350637987735057,6.03804889808819,3.89256109865921
3159.634049,3162.347534,12.6666666666667,3.66969571853944,0.705009001661241,6.4809334149075,4.19132138148522
3160.538536,3163.252014,12.2857142857143,3.49829890633937,0.649485703583992,6.50545893625795,4.36701270189088
3161.443022,3164.156457,9.75,4.65218842512394,1.19000704360858,5.84097210636313,4.22378448157805
3162.347534,3165.06096,8.77777777777778,3.99304951690365,1.11058212358454,5.40993165508635,3.92891127891733
3163.252014,3165.965447,8.33333333333333,3,1.21192526783067,5.12833346127884,4.01551841361594
3164.156457,3166.869879,9.75,3.37003603202441,1.21489040876321,5.42072284641488,3.92345760035669
3165.06096,3167.77437,11.1428571428571,3.97611918955202,0.984228588079137,5.55955486009238,3.94077913603754
3165.965447,3168.678868,10.8571428571429,4.8452234702014,0.644837400691412,5.57627070419978,3.78562123997615
3166.869879,3169.583322,9.11111111111111,4.42844341852881,0.94818074039236,5.31031156945849,3.78759810444938
3167.77437,3170.487814,8.66666666666667,3.35410196624968,0.998586242084227,5.19014308232153,3.7927418311332
3168.678868,3171.392311,8.57142857142857,3.10145895008263,1.00010944755917,5.72472900483074,4.00866745814351
3169.583322,3172.29675,9.5,4.07080195679286,0.93713945218277,5.90245366228356,4.09968699542199
3170.487814,3173.20123,9.44444444444444,3.81153220867642,0.904101179230418,5.83135442989862,4.18442091568939
3171.392311,3174.105701,9.5,4.07080195679286,0.922215630291895,5.74365537215407,4.07624192228201
3172.29675,3175.010173,9.875,5.02671434864337,1.02912655327511,5.80123397881254,3.9732367466842
3173.20123,3175.914673,9.83333333333333,4.62240918425302,0.962073333346555,6.05425432521174,4.11535241854289
3174.105701,3176.819119,9.375,4.80884601541784,0.869244539842807,6.06951289029944,4.12920311829485
3175.010173,3177.723625,9.375,4.1726148019814,0.790959033345315,5.90254128088152,4.20285101019914
3175.914673,3178.628068,9.375,4.43806585929373,0.762694336583843,5.82958638964687,4.09761708778649
3176.819119,3179.532563,10.125,4.61170870099762,1.34021317027771,5.70926287791947,3.97018559687808
3177.723625,3180.437022,9.14285714285714,3.89138242053607,1.50333609772795,5.75194046148563,4.04432508765505
3178.628068,3181.341496,8.33333333333333,2.39791576165636,1.46742018751523,5.58965348031716,4.02759977046182
3179.532563,3182.245946,8.33333333333333,2.64575131106459,1.22930761626213,5.48055573359065,4.15007293746198
3180.437022,3183.150424,8.3,2.79085809185793,1.21245329807237,5.51752373417185,4.11247393535459
3181.341496,3184.054915,7.9,2.64365067451978,1.38875423518846,5.46736986034013,4.07577464801414
3182.245946,3184.959373,8.625,2.0658792662828,1.24369051571459,5.43402876229205,4.1299185582773
3183.150424,3185.863837,9.25,3.69362384967083,1.03684958406299,5.64704594585263,4.00045115928187
3184.054915,3186.768319,9.33333333333333,3.5,1.18955040130279,5.70739194490667,4.10875533422516
3184.959373,3187.672799,8.33333333333333,2.34520787991171,1.29934869589486,5.62301032354819,4.09932959140579
3185.863837,3188.577259,8.1,2.07899548393502,1.3658573470553,5.5046254356063,4.09379059329582
3186.768319,3189.481705,8.33333333333333,2.06155281280883,1.10454007695834,5.33731597864568,4.01820400135908
3187.672799,3190.386193,8.11111111111111,2.14734978778752,1.05808873091997,5.28116060642814,3.83940398055387
3188.577259,3191.290643,8.3,2.35937844922485,0.922725098125919,5.47496134604887,4.01487052068167
3189.481705,3192.195141,8.22222222222222,2.38630351054606,1.0461100560804,5.344359208214,4.04146844914617
3190.386193,3193.099612,9.11111111111111,3.58623913189167,0.987003947239475,5.52884986831017,4.03669992817362
3191.290643,3194.004043,10,3.46410161513775,1.15725493083672,5.66629878358085,4.0693277959799
3192.195141,3194.908553,9.5,3.4226138716317,0.954963028590062,5.82779846173495,4.07768064915748
3193.099612,3195.81299,9.25,3.41216311785605,0.949295264028326,5.78852274888226,4.13577498369981
3194.004043,3196.717478,8.44444444444444,2.87711275027201,0.871342486475081,5.48342318904214,4.053848472764
3194.908553,3197.621951,8.55555555555556,3.04594448041618,0.921122735141051,5.45117980228791,3.93481702282365
3195.81299,3198.526395,10,3.38061701891407,1.04108073525159,5.56043988079047,3.98068909633226
3196.717478,3199.430904,10.8571428571429,3.76069902316805,0.768066326778128,6.10133934535112,4.03973231888577
3197.621951,3200.335359,9.5,3.96412483586046,1.05793332493847,5.89312808374092,4.03122356903997
3198.526395,3201.239839,10.5,4.14039335605413,0.905675427577507,6.02627090401318,4.15442968698755
3199.430904,3202.144329,9.375,3.73927036427467,0.956639758851472,5.66185882243881,4.05795265412157
3200.335359,3203.048846,10.7142857142857,3.86066858261129,0.663693616331388,5.76754170820065,3.96921870559843
3201.239839,3203.953318,11.6666666666667,3.77712412645741,0.62847025648583,5.70573357317003,3.96440361408787
3202.144329,3204.857856,12.5,3.83405790253616,0.401877758232365,5.85709824020155,3.86194470047806
3203.048846,3205.762346,10.625,3.58319490319543,0.697443202737602,5.63164865897959,3.97052465044242
3203.953318,3206.666839,9.5,3.38061701891407,0.837110765494942,5.38214045478109,3.83431718442751
3204.857856,3207.571374,8.3,2.16281709300111,1.01394035270515,5.26054132913362,3.85191445144957
3205.762346,3208.475899,8.875,1.64208056179609,1.06955624169971,5.40718710114661,3.8843676542921
3206.666839,3209.380409,10.7142857142857,3.81725406168211,0.767534884903298,5.92776167850305,4.05156052194125
3207.571374,3210.28492,10.7142857142857,4.53557367611073,0.574909568172019,5.80338523177068,4.04978031502626
3208.475899,3211.18943,10.8571428571429,4.48807944925857,0.548995067081275,5.74808756913816,4.08327224992566
3209.380409,3212.09394,9.375,3.85217934606967,0.858444635927104,5.59392387018489,3.9781358159099
3210.28492,3212.998516,9.42857142857143,3.69039938476144,1.23199495142631,5.80638515332499,4.07281977032491
3211.18943,3213.903043,9.375,3.58319490319543,1.09996508242015,6.01588746702144,4.24820624012746
3212.09394,3214.807568,8.44444444444444,2.00693242979872,1.12271221805581,5.76134166341832,4.19636724603822
3212.998516,3215.712079,9.55555555555556,3.00462606288666,0.788100959607773,5.81659366032342,4.20332427826406
3213.903043,3216.616621,10.8571428571429,3.62530786869986,0.637223392489914,5.66432835489681,3.94207715253152
3214.807568,3217.521162,11.2857142857143,4.95695759225642,0.641034041285026,5.58198847044905,3.76622292464929
3215.712079,3218.425681,9.83333333333333,4.26223728418147,0.586831653033921,5.39919849456838,3.80295438704173
3216.616621,3219.330191,9.5,3.74165738677394,0.768359567503617,5.4318472302362,3.85067516220813
3217.521162,3220.234682,10.8571428571429,3.62530786869986,0.782841114589517,5.768843623682,4.03816004243315
3218.425681,3221.139179,10.5714285714286,4.1173269183271,0.768533068076758,5.74222436132917,4.03782573492932
3219.330191,3222.043711,12.3333333333333,4.03319558993445,0.425327472968516,5.90981113047222,3.89194112249804
3220.234682,3222.948235,11.6,4.03732584763727,0.253575193480242,5.90000062703722,3.9530416223936
3221.139179,3223.852707,12.6666666666667,4.03319558993445,0.307807754017048,5.97837472129622,4.00491305149569
3222.043711,3224.75723,12.6666666666667,4.03319558993445,0.288252333542853,6.10574054097177,4.14816272466669
3222.948235,3225.66172,12.5,3.83405790253616,0.250226610339761,6.05336977666372,4.11412991475314
3223.852707,3226.566246,10,4.24264068711928,1.05821151863196,5.69048989042013,3.95636000084154
3224.75723,3227.470722,8.42857142857143,2.43975018237133,1.18085241780272,5.61918898433393,4.01440901708463
3225.66172,3228.375222,9.25,3.4537764010676,1.10434848242398,5.70766127100721,3.98267020616482
3226.566246,3229.279702,9.375,3.70086862390825,0.978097113340552,5.67413785539266,4.00305174556718
3227.470722,3230.184213,8.33333333333333,3.08220700148449,1.07147993090015,5.54132984066726,3.97262515955854
3228.375222,3231.08871,8.33333333333333,2.87228132326901,1.10560709350219,5.51371881327716,3.88352688352873
3229.279702,3231.993189,9.5,3.38061701891407,1.1257194131339,5.50241491224604,3.98083349047757
3230.184213,3232.89769,9.125,3.09088521763126,0.776961999802757,5.60568415822594,3.98696102316915
3231.08871,3233.802155,8.33333333333333,2.17944947177034,0.716723393742216,5.40173635092221,3.96840794125923
3231.993189,3234.706612,8.44444444444444,2.83333333333333,0.803701906489611,5.47629370941901,4.03833672073625
3232.89769,3235.611106,9,3.74165738677394,1.00682289977594,5.50676450231355,3.89312538520767
3233.802155,3236.51561,10.1428571428571,3.1320159337915,1.13062540166468,5.75984616836287,4.05796490251881
3234.706612,3237.420098,9.375,3.33541601603158,1.03319232098966,5.69982776949721,3.97847723783808
3235.611106,3238.324578,9.375,3.24862608321909,1.03149816119774,5.6909499262241,4.1157971622606
3236.51561,3239.229044,8.33333333333333,2,1.02688377472115,5.48046282634618,4.06689778719076
3237.420098,3240.133518,9,3.16227766016838,1.13630606340401,5.53075694696121,3.91766505570232
3238.324578,3241.038,9.85714285714286,3.23669437485075,1.03820096084914,5.65946621869994,3.88588338465313
3239.229044,3241.9425,10.7142857142857,3.72890894294322,0.866885001070623,5.78921031488188,3.81066129176274
3240.133518,3242.84695,10.8571428571429,3.93397896234722,0.81380540293138,5.6650554100084,3.8047445649302
3241.038,3243.751444,10.8571428571429,4.18045338165497,0.74326553086498,5.4536181766037,3.78412919807213
3241.9425,3244.655926,9.375,3.9256482631171,0.874767843496794,5.3482317527518,3.76857517482648
3242.84695,3245.560366,9.42857142857143,3.9940431835899,0.923905547012201,5.31358650581093,3.81665923651279
3243.751444,3246.464869,9.5,3.33809184158512,0.929559532189039,5.51164977659404,3.9664690771486
3244.655926,3247.369343,8.44444444444444,2.45515331044271,1.07773758114094,5.32092535118143,3.93963452155651
3245.560366,3248.273792,9.33333333333333,3.1224989991992,0.994824422869629,5.60941545732343,4.12636163545678
3246.464869,3249.178303,10.125,4.08612635284674,0.989535863884385,5.609246978013,4.02535292352502
3247.369343,3250.082791,10.7142857142857,3.81725406168211,0.676142999712455,5.91846986235483,4.05347466000493
3248.273792,3250.987248,10.7142857142857,3.54562104171167,0.618110389895682,5.84556153552661,4.03773676714661
3249.178303,3251.891736,10.5714285714286,3.59894164336975,0.824425870807986,6.06699294279387,4.09610523811349
3250.082791,3252.796228,10.625,3.5431019500674,0.76574020440233,6.01586821636591,4.23311731487957
3250.987248,3253.700669,9,3.3166247903554,1.08912551969247,5.79448880518942,4.21134454208893
3251.891736,3254.605149,9.5,3.33809184158512,0.869670874937978,5.68784896111895,4.03820841029784
3252.796228,3255.509618,10.1428571428571,2.67261241912424,0.895144399224801,5.63093021883178,4.01486919330778
3253.700669,3256.414111,11.1428571428571,4.29839394148448,0.742693935760602,5.56001325951044,3.90486952975253
3254.605149,3257.318591,10.75,4.13175853256559,0.746745117150484,5.62759081196627,4.08821640269067
3255.509618,3258.223039,9.375,3.99776723398735,0.856200070027732,5.4026949590838,4.01669108716837
3256.414111,3259.127532,10.7142857142857,3.81725406168211,0.652858529253898,5.55636670031316,3.98249996650115
3257.318591,3260.031986,11.1428571428571,3.80475892484537,0.899919303912723,5.27374177773382,3.9390329690244
3258.223039,3260.936464,9.375,3.46152319898955,0.821332675065557,5.4520189836448,4.0615478631298
3259.127532,3261.840963,8.33333333333333,1.93649167310371,0.866520929827022,5.3006733413128,4.02123629763479
3260.031986,3262.745423,9.5,3.20713490294909,0.686215293774074,5.45702201442357,4.06304128938606
3260.936464,3263.649905,9,4,0.779690195503559,5.17951656898614,3.85387323759263
3261.840963,3264.5544,8.125,3.44082631271701,0.801650143159676,5.35098279756604,3.9199979502622
3262.745423,3265.458871,8.33333333333333,3.278719262151,0.761767446654751,5.24465772318157,3.80122508173222
3263.649905,3266.363351,9.5,3.92792202424786,0.814917144544612,5.43863538382416,3.81653932925907
3264.5544,3267.267802,9.71428571428571,4.60848079502294,0.904277961664845,5.16598072620643,3.88943086875079
3265.458871,3268.172297,9.11111111111111,3.65528536657688,0.991115588375934,5.21186954338615,3.96409712801325
3266.363351,3269.07676,8.1,2.7264140062238,0.973588547591322,5.06217481820534,3.90555886090573
3267.267802,3269.981223,8,2.29128784747792,0.960286537911911,5.19158986859273,3.97383827132189
3268.172297,3270.885719,8.55555555555556,2.60341655863555,0.916123052216136,5.37493023258137,3.91114031821949
3269.07676,3271.790195,8.44444444444444,3.12694383988229,0.901102503998304,5.45006838368969,4.07099048590173
3269.981223,3272.694673,8.33333333333333,2.95803989154981,0.971003146234009,5.32059037755346,3.9799560535706
3270.885719,3273.599155,8.1,2.84604989415154,0.98315327091331,5.19622288976024,3.91614801966618
3271.790195,3274.503605,8.44444444444444,2.40370085030933,0.95612499464933,5.07346037594401,3.91048868331547
3272.694673,3275.408087,8.77777777777778,2.58736244937667,0.89002815518006,5.27083530726646,3.95284535458009
3273.599155,3276.312536,8.33333333333333,2.06155281280883,0.773291544720253,5.35540146097436,4.05618026335613
3274.503605,3277.217031,9.375,3.20434972230828,0.841650409944654,5.685134911211,4.15548558002582
3275.408087,3278.121522,8.88888888888889,3.25747004761534,1.10707743673134,5.59326874334872,4.07225563132354
3276.312536,3279.025994,8,2.32992949004287,1.1319508174269,5.50523615715033,4.11317870251836
3277.217031,3279.930464,9.375,3.37797487937881,1.15323274021306,5.75787649975358,4.13096550646822
3278.121522,3280.834917,9.5,3.16227766016838,1.09602904395799,5.69545929306924,4.13788667585899
3279.025994,3281.739423,9.44444444444444,2.69773567603977,1.21201291652376,5.66903220951394,4.19266065981192
3279.930464,3282.643857,9.11111111111111,3.48010216963685,1.1566390042665,5.48128237002347,4.07488288678378
3280.834917,3283.548353,9.5,3.50509832753866,0.97196119157154,5.8194708919471,4.12445509333296
3281.739423,3284.452858,9,3.62530786869986,0.73273041440145,5.7265171179721,4.12849629429304
3282.643857,3285.357307,11,4.58257569495584,0.647515071362652,5.75115737392875,4.04586769898052
3283.548353,3286.261778,9.33333333333333,3.53553390593274,0.793958611104632,5.5108896086664,4.12343876694997
3284.452858,3287.166235,10.8571428571429,4.37525509460387,0.757214718105744,5.62085140409778,3.98811690125226
3285.357307,3288.070724,10.25,4.13175853256559,0.889298431894486,5.49726254402785,3.93591801669309
3286.261778,3288.975193,10,3.3466401061363,0.921326284686761,5.78990579203171,3.9612505164644
3287.166235,3289.879667,9.5,2.8784916685157,0.903981609842022,5.6253037416509,4.03984855562843
3288.070724,3290.784155,9.25,2.86605752110555,0.922769065094092,5.6777859821915,4.06813458637132
3288.975193,3291.68862,8.55555555555556,2.12785755580062,0.852986223513689,5.40078190749899,4.03752141472795
3289.879667,3292.593121,8.2,2.0976176963403,1.15421901896665,5.28575047133217,3.93490968201591
3290.784155,3293.497556,8.44444444444444,2.2973414586817,1.16364169004287,5.41683615448198,4.05533738454205
3291.68862,3294.402036,9.5,4,1.28645696108448,5.48699751510248,4.28645026441187
3292.593121,3295.306521,11.5714285714286,4.75594865605671,0.824515706082671,6.01611440586831,4.29863579788951
3293.497556,3296.210996,9.375,3.81491434092188,1.01188246561495,5.7998728193386,4.33836653300869
3294.402036,3297.115487,11.1428571428571,4.87950036474267,0.824620906136665,5.8688339086425,4.0993571862174
3295.306521,3298.019944,9.33333333333333,3.64005494464026,1.02480251059929,5.36810296456162,3.99337733184681
3296.210996,3298.924434,8.42857142857143,1.51185789203691,0.885891489114695,5.30976152961167,3.8878075033526
3297.115487,3299.828878,10,3.2659863237109,0.825502033091432,5.2701497913518,3.91888680864809
3298.019944,3300.733368,10.7142857142857,4.42396073348629,0.69700308571106,5.63443188587812,3.98240951748017
3298.924434,3301.637865,11.1428571428571,4.59813626840888,0.681060720512254,5.55904642208766,4.03778366382628
3299.828878,3302.542321,9.75,3.80788655293195,0.857132138316696,5.33220102234072,3.98142079664477
3300.733368,3303.446796,10.375,4.74906005737677,0.877330430710032,5.24921271394301,3.82433557667256
3301.637865,3304.351245,10.1428571428571,3.53216512583861,0.979342240005053,5.25210169511256,3.84757996713219
3302.542321,3305.255732,9.375,3.29230705042615,0.85520556316026,5.27857524923705,3.87656210272323
3303.446796,3306.160198,10.8571428571429,3.76069902316805,0.6188821159927,5.42017289664009,3.89412400432114
3304.351245,3307.064688,9.55555555555556,3.39525813124389,0.583244349280623,5.33671879777878,3.9585605838127
3305.255732,3307.969189,9.625,4.37321392113398,0.525757877242588,5.4090371496243,3.91433651165876
3306.160198,3308.873622,8.55555555555556,3.71184290855335,0.692855031490079,5.28900070199662,3.85091977654025
3307.064688,3309.778126,9.625,3.77728171346236,0.805633998114896,5.16727329484505,3.81981365971371
3307.969189,3310.682586,9.375,3.29230705042615,0.755509118224442,5.23173936114776,3.83671067948793
3308.873622,3311.587078,8.22222222222222,2.53859103528797,0.693290674716962,5.07036455698585,3.83613308742479
3309.778126,3312.491545,8.55555555555556,2.35112266327765,0.690821369544749,5.24283887296906,3.97703378851839
3310.682586,3313.395995,8.66666666666667,2.44948974278318,0.696748139147726,5.25790068275505,3.87210735630208
3311.587078,3314.300498,8.55555555555556,2.00693242979872,0.793869694788658,5.29246307518816,3.90556534713017
3312.491545,3315.204949,9.625,3.15945293637092,0.951336974411184,5.25423976531666,3.95548350406047
3313.395995,3316.109441,11,3.69684550213647,0.683480654012264,5.56717628914063,3.95363066797433
3314.300498,3317.013934,9.625,3.33541601603158,0.891374579544901,5.46580176347921,4.01152304866681
3315.204949,3317.918393,11.1428571428571,3.8483144114695,0.694520035631365,5.47276535897222,3.88477368068818
3316.109441,3318.822887,9.625,3.50255009141299,0.798018609604152,5.32451495241749,3.84047464395442
3317.013934,3319.727342,10.1666666666667,3.48807492274273,0.559174911609242,5.31879545024929,3.79402149866575
3317.918393,3320.63183,11.8333333333333,3.71034589582517,0.582544993808012,5.31851492472358,3.91075741263158
3318.822887,3321.536306,10.7142857142857,4.19182878603463,0.455722514374085,5.39816662931427,3.91646162470388
3319.727342,3322.440755,9.33333333333333,2.87228132326901,0.557026567390737,5.28902687705581,4.03131481667281
3320.63183,3323.345255,8.33333333333333,1.6583123951777,0.569015093685195,5.0649478138712,3.90993021862051
3321.536306,3324.249705,8.22222222222222,1.71593835683117,0.836049933975445,4.99573229902141,3.76603413280966
3322.440755,3325.154201,9.22222222222222,5.11805084426136,0.928063280587766,4.88917171588102,3.71384256924082
3323.345255,3326.058679,9.625,5.370222128952,0.966747511161673,4.97693019091791,3.71430704882322
3324.249705,3326.963139,7.88888888888889,2.08832734769028,0.728402948077124,5.04341945144277,3.88262765241146
3325.154201,3327.867622,8.44444444444444,2.35112266327765,0.564574326927034,5.16947416449418,3.89929737194436
3326.058679,3328.772099,8.1,2.60128173535022,0.663607253192387,5.19336318780565,3.9112313313518
3326.963139,3329.676599,8.875,2.23207142742853,0.711655180544269,5.20695803573437,3.94379657566669
3327.867622,3330.581094,9.33333333333333,4.21307488658818,0.720720745573706,5.4602231372444,4.16398721277388
3328.772099,3331.485541,9.625,4.62717130498907,0.567936477329955,5.72883390889204,4.28769418606418
3329.676599,3332.390021,8.4,3.13404247294484,0.644528971400855,5.7082728320909,4.37450745965086
3330.581094,3333.294511,8.2,2.57336787541584,0.799642409966152,5.29798574484375,4.07187067417477
3331.485541,3334.198979,8.33333333333333,2.5,0.546907952069839,5.02614435357876,3.93808721353063
3332.390021,3335.103467,8.55555555555556,2.78886675511359,0.474215481713012,4.94515013624365,3.85110909354828
3333.294511,3336.007951,8.88888888888889,2.71313676601662,0.512718456887316,5.09944027191982,3.82015006690422
3334.198979,3336.912394,8.55555555555556,2.12785755580062,0.616297024616398,5.11329190823512,3.85831345639756
3335.103467,3337.816885,8.55555555555556,2.2973414586817,0.787386250531976,4.95147542155978,3.81190267847599
3336.007951,3338.721395,8.3,2.26323269290239,0.750128693084984,5.12686897153555,3.90252823897114
3336.912394,3339.625866,8.66666666666667,2.06155281280883,0.822995855312111,5.30196081110032,3.87962975406516
3337.816885,3340.530342,8.55555555555556,2.2973414586817,0.615933063958762,5.61943617399971,4.14379214029922
3338.721395,3341.434822,8.33333333333333,2.91547594742265,1.06013841915773,5.86875549006345,4.39092605502642
3339.625866,3342.339308,9.11111111111111,3.98260104844951,1.64692657265454,5.58298761878162,4.36909116653219
3340.530342,3343.243766,7.6,4.11501316320292,2.15988623621792,4.38451082400593,3.68367336024483
3341.434822,3344.148228,8,4.21307488658818,1.21507823855348,2.73597767891829,2.64581515624262
3342.339308,3345.052718,9.125,3.13676357322093,1.02262328830674,2.86185021747226,2.04164757645397
3343.243766,3345.957173,8.8,3.29309040939426,1.67981870825159,3.33821409324132,2.56215905059521
3344.148228,3346.861681,8,3.55902608401044,1.80403528371545,3.87966767720315,2.89063712229891
3345.052718,3347.766153,8.1,3.81371792932362,2.47810124822085,4.30725096910232,3.39243893998759
3345.957173,3348.670663,8.77777777777778,4.08588355737709,2.54649814477264,3.78845330481064,3.07947146420115
3346.861681,3349.575107,10.5714285714286,4.79086432205933,4.31825522509118,5.42228318021541,3.87328573595704
3347.766153,3350.479587,8.77777777777778,5.11805084426136,3.98896861707114,3.53713887411351,3.20309203959788
3348.670663,3351.384081,9.33333333333333,6.48074069840786,3.82935353058963,3.91958922567994,3.32414269007387
3349.575107,3352.288544,7.72727272727273,4.90083480829357,1.9105605059319,3.33079212541015,2.62156335607927
3350.479587,3353.193034,9,5.23722936566382,1.55256456831318,4.60365772807328,3.06967372809378
3351.384081,3354.097501,11,6.16441400296898,1.48981088237499,4.7456996891775,3.04940700002689
3352.288544,3355.001968,11.5714285714286,5.68205194324324,1.20941844752167,4.0425553314112,2.91627165269649
3353.193034,3355.90645,8.33333333333333,1.41421356237309,1.20498606530719,4.3746974367122,3.34234659108316
3354.097501,3356.810947,8.1,1.66332999331662,1.00721789613371,4.85912120963809,3.79195923936744
3355.001968,3357.715443,8.6,2.45854518861144,2.34970138368656,6.5103530819404,4.9798954796803
3355.90645,3358.619881,8.44444444444444,3.64386851817924,3.38033914220792,7.94803505085297,5.76137989779715
3356.810947,3359.524367,8.4,3.33999334663343,3.52337285498679,7.50422203680105,5.73671708495487
3357.715443,3360.428847,9,2.44948974278318,3.33897395851465,6.38566484013491,4.90810240890071
3358.619881,3361.333354,8.44444444444444,2.12785755580062,1.02116942832345,5.0616223952864,3.92019631122488
3359.524367,3362.237871,9,3.04138126514911,0.850220855451475,5.36629745705058,4.01462051417332
3360.428847,3363.14239,8.88888888888889,2.84800124843918,0.907934211221219,5.41851623792018,4.01092653784886
3361.333354,3364.046911,8.55555555555556,2.185812841434,0.896991555464751,5.363861553501,3.92634355145418
3362.237871,3364.95144,8.55555555555556,1.66666666666667,0.919701705638131,5.37288054034397,3.88768454652291
3363.14239,3365.855979,8.3,1.76698110409314,0.921853719517256,5.32304738316218,3.94085874975242
3364.046911,3366.760513,8.2,1.75119007154183,0.955099237290167,5.35880927337998,4.06501372796461
3364.95144,3367.665053,7.7,1.76698110409314,1.13079177867365,5.52105436722581,4.20221609522271
3365.855979,3368.569623,7.09090909090909,1.64039906452945,1.2151758120971,5.65021357750482,4.41433637916457
3366.760513,3369.474164,7.7,1.88856206322871,1.23331981521563,5.89690412849406,4.41077036177439
3367.665053,3370.378706,6.83333333333333,1.94624736040381,1.07605554294671,5.65878610379745,4.27747532509904
3368.569623,3371.283247,7.5,2.46080384337223,0.771718059544551,5.51109845550775,4.15011378577638
3369.474164,3372.187813,8.7,3.77270901784558,0.698500427651926,5.5296955050555,4.13274251245547
3370.378706,3373.092337,9.5,3.4226138716317,0.828585310121593,5.68010077398861,4.04118641581669
3371.283247,3373.996914,9.44444444444444,3.32080980752855,0.931848830974547,5.66815257993536,4.14646782833714
3372.187813,3374.90145,9.75,3.24037034920393,1.12227536120911,5.85902537814474,4.1965864314303
3373.092337,3375.805977,10.7142857142857,4.19182878603463,0.924232121883372,5.95873237641362,4.18462585269608
3373.996914,3376.710529,10.2857142857143,4.53557367611073,1.15912130083728,5.96924133009106,4.31807034761301
3374.90145,3377.61504,8,4.15331193145904,1.00976182490528,5.98556442978828,4.33418292475501
3375.805977,3378.519566,8,3.65148371670111,0.989292008844901,6.20573969348901,4.55224797828905
3376.710529,3379.424077,10.2857142857143,4.42396073348629,0.496650447044496,6.44687169272819,4.41108522687619
3377.61504,3380.328595,12.3333333333333,3.72379734500505,0.629136578968909,6.18128418203261,4.27500045481099
3378.519566,3381.233114,10.7142857142857,4.11154008915904,0.66024691339317,5.75293799965181,4.10869139809836
3379.424077,3382.13759,9.5,3.85449644663773,0.724266736470344,5.43390949285762,4.0875674550957
3380.328595,3383.042107,8.2,2.0976176963403,0.971495687608792,5.49004977971873,4.12102575553583
3381.233114,3383.946594,7.18181818181818,2.18257562609784,1.06226799015398,5.37492220343595,4.00958197619823
3382.13759,3384.851123,7.45454545454545,2.06705763652765,1.09480677581137,5.47594424695084,4.16201514344639
3383.042107,3385.755612,7.7,2.5407785333546,0.927317612879268,5.53867771916525,4.10499638181882
3383.946594,3386.660078,8.4,1.89736659610103,1.00448925814908,5.61639801741461,4.22155814650015
3384.851123,3387.564611,8.44444444444444,2.40370085030933,0.944904774717848,5.43820893579011,4.01800467418914
3385.755612,3388.469091,8.4,2.11869981094276,0.946446597694979,5.39874482077956,4.00861402872903
3386.660078,3389.373563,8.88888888888889,1.76383420737639,0.824102219588272,5.09788687826166,3.75640224948863
3387.564611,3390.278085,8.5,1.92724822331886,0.967376981866408,5.15432107002176,3.86174611416313
3388.469091,3391.182572,8.66666666666667,1.87082869338697,0.946297000936458,5.14464209473058,3.80766322042763
3389.373563,3392.08706,8.88888888888889,2.52212432507026,0.761584339122047,5.21665203057452,3.93088032238778
3390.278085,3392.991558,8.77777777777778,2.53859103528797,0.785142972303438,5.18927164937397,3.93431300819928
3391.182572,3393.896031,8.77777777777778,2.53859103528797,0.780434801192419,5.24506966800724,3.91670040112198
3392.08706,3394.80053,9.44444444444444,3.43187671366233,0.841843241147484,5.22788765884668,3.84957674544784
3392.991558,3395.705026,9.625,3.73927036427467,0.701691259098253,5.22281270037474,3.72819736555238
3393.896031,3396.609528,8.625,3.11390888939105,0.674317582582944,5.29632861946189,3.80657598524603
3394.80053,3397.514008,8.77777777777778,2.63523138347365,0.707508687032519,5.55219996908119,3.96528372543138
3395.705026,3398.418504,9,2.23606797749979,0.728688097651163,5.63399657990784,4.0202132436156
3396.609528,3399.322989,8.66666666666667,1.80277563773199,0.687786827200839,5.74661988460782,4.12285397675978
3397.514008,3400.227495,8.66666666666667,2.29128784747792,0.575914475858274,5.7667182025904,4.15346742064742
3398.418504,3401.131958,8.2,2.5298221281347,0.440464003548025,5.71094322967245,4.20191238272944
3399.322989,3402.036469,8.55555555555556,2.50554939639548,0.683555700368804,5.359291640998,4.06470854919409
3400.227495,3402.940946,7.8,2.5298221281347,0.708444686468817,5.2878436931645,4.05579598840676
3401.131958,3403.845447,7.7,2.21359436211787,0.717499338913435,5.31848982293885,4.05378685713466
3402.036469,3404.749906,7.8,2.25092573548455,0.705684162242873,5.49808326079103,4.15184045892719
3402.940946,3405.654414,8.1,2.33095116493961,0.920900673062398,5.33493695234231,3.98054784613151
3403.845447,3406.558901,8.1,2.84604989415154,1.11395583560526,5.2494924974139,3.91183899718428
3404.749906,3407.463381,8.44444444444444,3.00462606288666,1.14611527081448,5.06361957796301,3.85455551250058
3405.654414,3408.367876,8.44444444444444,2.45515331044271,1.04817672645619,5.31862143735554,3.89543119099588
3406.558901,3409.272342,8.55555555555556,1.9436506316151,0.91116291797163,5.38039746185593,3.94131978156126
3407.463381,3410.176832,8.55555555555556,1.9436506316151,0.944496983713166,5.44536710168743,4.02589532479718
3408.367876,3411.081328,8.2,2.39443799947573,0.926257821598555,5.59781349713746,4.01402321806551
3409.272342,3411.985822,8.44444444444444,2.40370085030933,0.839415968597004,5.41665844888884,3.99145301389216
3410.176832,3412.890308,8.7,2.71006354989038,0.674862890016042,5.4659268289743,3.95653999066043
3411.081328,3413.79479,8.55555555555556,2.78886675511359,0.5987345063147,5.29318828277624,3.77018743445691
3411.985822,3414.699281,7.7,2.98328677803526,1.05332227008703,5.10225078831041,3.93354433178348
3412.890308,3415.603775,7.7,2.49666444147653,1.02936205708783,5.10906167486179,3.91021015163619
3413.79479,3416.508286,7.54545454545455,2.423371055519,1.04233562492841,5.23297393809193,3.9916502292942
3414.699281,3417.412778,9,2.20389266007736,0.474766322036399,5.5262080371609,3.95314519829744
3415.603775,3418.317252,9.5,3.25137333621173,0.431675058661289,5.72969549078078,4.03309906054479
3416.508286,3419.221741,9.625,3.06768875307034,0.52528023837287,5.49379771486731,3.93840596080021
3417.412778,3420.12624,8.6,2.06559111797729,0.571766960217876,5.31167214379193,3.98230041382206
3418.317252,3421.030731,9.75,3.41216311785605,0.549401004905104,5.29674142257519,3.81789628729244
3419.221741,3421.935215,9.22222222222222,3.41971408811387,0.854151225603356,5.0258246525822,3.7686986997626
3420.12624,3422.839695,8.375,2.44584195260913,0.963543505249996,5.03857904214626,3.67743479133961
3421.030731,3423.744222,9.66666666666667,3.24037034920393,0.940110544089425,5.08761123881732,3.7917510201557
3421.935215,3424.648728,9.625,3.62284418654736,0.668462129803571,5.66048456363445,3.85627629307501
3422.839695,3425.553238,9.375,3.73927036427467,1.23953520081297,6.43903342009908,4.32443715103728
3423.744222,3426.457799,9.5,4.07080195679286,1.84989607640444,7.09598464230728,4.62589357357374
3424.648728,3427.362347,9.11111111111111,3.75647588986155,2.17363117129463,6.68689823523295,4.65777321407217
3425.553238,3428.266896,9.55555555555556,2.55495161945932,1.92405887205558,6.31075823516035,4.53175761417733
3426.457799,3429.171447,8.44444444444444,3.39525813124389,1.16294012471953,5.69433379152262,4.23696607439195
3427.362347,3430.07595,9.5,4.34248118673448,0.788705033940459,5.84796378056948,4.16545451947197
3428.266896,3430.980515,10.625,3.85217934606967,0.769205769819451,5.79676138989844,4.10690102662548
3429.171447,3431.885012,12.6666666666667,4.41210456207315,0.278189000602593,6.05004160152272,4.04659232258044
3430.07595,3432.789572,12.6666666666667,4.41210456207315,0.360372879187301,6.11929368207906,4.14383040642664
3430.980515,3433.694081,10.7142857142857,3.49829890633937,0.545460094161231,5.82537791456552,4.12608415944527
3431.885012,3434.5986,9.5,2.82842712474619,0.582789625469241,5.65556227205594,4.064605380668
3432.789572,3435.50308,8.33333333333333,2.69258240356725,0.627646932131568,5.35186942448769,4.08569957214235
3433.694081,3436.407592,8.1,2.76686746259295,0.684196546467144,5.34290030285548,4.05519619122659
3434.5986,3437.312121,7.8,3.11982905514602,0.754699431033519,5.36818523041675,4.02670517098473
3435.50308,3438.216642,8.6,3.02581485810939,0.706494817384084,5.45716905829757,4.07254911162464
3436.407592,3439.121135,8.33333333333333,3.35410196624968,0.818803631574912,5.46515028096838,3.98659092248575
3437.312121,3440.025661,9.375,3.70086862390825,0.843570831232255,5.61617791481408,4.08172043273931
3438.216642,3440.93015,9.375,3.5431019500674,0.834567289993523,5.70302922546997,4.04907586862059
3439.121135,3441.834647,9,3.1224989991992,0.704377205452267,5.704959891126,4.00880343602529
3440.025661,3442.739154,8.22222222222222,1.98606254796883,0.742765344339248,5.5469466025343,4.04003332822255
3440.93015,3443.643673,8.33333333333333,2.06155281280883,0.681895703572629,5.53165868605476,3.97020045700366
3441.834647,3444.548153,8.6,2.31900361745681,0.7980191361887,5.39288593428974,4.00900581696012
3442.739154,3445.452619,8.1,2.51440295541948,0.688625206186175,5.32208604230805,3.90761912188243
3443.643673,3446.357158,8.1,2.68535120814971,0.686513764773611,5.26462713049486,3.85231137333991
3444.548153,3447.261642,8.44444444444444,2.35112266327765,0.745568914187373,5.38914789366675,3.98781298540932
3445.452619,3448.166119,8.33333333333333,2.06155281280883,0.903129149748365,5.44955176576803,3.95131642761621
3446.357158,3449.070645,8.55555555555556,1.74005108481843,0.888822230524433,5.4783482467936,4.11457304145008
3447.261642,3449.975129,8.33333333333333,1.58113883008419,0.711014498093651,5.49075781082105,3.99804481727398
3448.166119,3450.87962,8.2,1.54919333848297,0.902796606759435,5.44366951857201,4.03900377393699
3449.070645,3451.784145,8.33333333333333,1.58113883008419,0.798811232726397,5.26618190021969,4.02126929771239
3449.975129,3452.68862,8.44444444444444,1.87823794493077,0.996138552672368,5.51619674767438,4.16977342441147
3450.87962,3453.5931,8.44444444444444,2.185812841434,0.882106801490518,5.39937275306827,4.04443271455754
3451.784145,3454.497622,8.66666666666667,2.34520787991171,1.11248001468612,5.34008013602562,4.1045027005023
3452.68862,3455.402101,8.55555555555556,2.45515331044271,0.919536977156302,5.28048173195583,3.92997623336356
3453.5931,3456.306603,8.4,2.31900361745681,1.06011724589759,5.32402869452108,4.02505580027945
3454.497622,3457.211089,8.66666666666667,2,0.969040591627828,5.26460385804482,3.87717661198666
3455.402101,3458.115611,8.55555555555556,1.9436506316151,0.97459261757402,5.45459464155907,3.94651554114551
3456.306603,3459.020099,9.875,3.44082631271701,0.860149146125003,5.44971289023515,3.8642857591554
3457.211089,3459.924593,9.66666666666667,3.39116499156263,0.925677963702576,5.50599003014595,4.04981882127635
3458.115611,3460.829062,9.625,3.62284418654736,0.866976443055703,5.54392879030264,3.99509630335568
3459.020099,3461.733598,8.2,2.20100986922922,0.957669945459974,5.45808810624873,4.06376598767017
3459.924593,3462.638072,8.44444444444444,1.9436506316151,0.779220874974525,5.50733152670499,4.05679881570648
3460.829062,3463.542552,8.4,1.95505043981536,0.849441303023508,5.52073525257659,4.08410248367512
3461.733598,3464.447072,8.44444444444444,1.9436506316151,0.731667964993615,5.50143665871793,4.02071349855239
3462.638072,3465.351548,8.44444444444444,1.9436506316151,0.772733416646543,5.70744977370775,4.14528412727205
3463.542552,3466.25605,8.2,1.75119007154183,0.736466189573308,5.47546256039155,3.97006011297036
3464.447072,3467.160533,8.1,2.07899548393502,0.834628077645439,5.36650058059461,3.93875643558913
3465.351548,3468.065056,8.6,2.11869981094276,0.614426560094573,5.08069052535491,3.8434275799288
3466.25605,3468.969549,8.33333333333333,2,0.587351772043999,5.31022485546537,3.89744213715993
3467.160533,3469.874041,8.44444444444444,1.81046341520004,0.408098066849091,5.50007134945811,4.05900828618072
3468.065056,3470.778519,8.66666666666667,2.54950975679639,0.53843595308731,5.58037643001492,3.98589796657346
3468.969549,3471.68304,8.4,2.45854518861144,0.667056749465299,5.48462009928525,4.0035904250012
3469.874041,3472.58752,8.77777777777778,1.85592145427667,0.773757907922678,5.48181269193823,4.01341589151621
3470.778519,3473.491986,8.6,1.57762127549323,0.706711845503543,5.62577278509264,4.11024737731059
3471.68304,3474.396488,8.55555555555556,1.9436506316151,0.527611074855759,5.71252053109257,4.03906274798224
3472.58752,3475.300997,8.55555555555556,2.06827894099848,0.420793021982966,5.8347195511064,4.15638777902533
3473.491986,3476.205506,8.55555555555556,2.45515331044271,0.62034810499679,5.6366554371476,3.98373297028307
3474.396488,3477.10999,8.4,2.01108041719978,0.787334441380496,5.38290040208257,3.95130402779906
3475.300997,3478.01446,8.77777777777778,1.64147630029935,0.654606592530216,5.06351609941768,3.75784876143406
3476.205506,3478.91896,8.4,1.50554530541816,0.667945880468591,5.12104486337712,3.84676220604253
3477.10999,3479.823481,8.55555555555556,2.185812841434,0.683260649967635,5.26404560222077,3.80428580440419
3478.01446,3480.727957,8.55555555555556,2.45515331044271,0.840098018094833,5.33232534702189,3.99036663028709
3478.91896,3481.632441,8.66666666666667,2.44948974278318,1.18812522781826,5.32622030837625,3.93269048133378
3479.823481,3482.536921,9.44444444444444,3.5746017649212,1.27124996967466,5.30077584507554,3.93066334705791
3480.727957,3483.441457,9.625,3.46152319898955,1.23418730746888,5.44386814070852,3.93126417459886
3481.632441,3484.345926,8.25,2.0528725518857,0.791431871009431,5.47130412369724,3.9993111772059
3482.536921,3485.250439,8.44444444444444,2.24227067451229,0.797680190069184,5.66352023326267,4.10454045991248
3483.441457,3486.154919,8.55555555555556,1.81046341520004,0.979598396516033,5.53086701363511,4.17216979748662
3484.345926,3487.059427,8.44444444444444,1.81046341520004,1.11431958481423,5.55767022185806,4.07798140475975
3485.250439,3487.963925,8.1,2.07899548393502,1.00132588989353,5.28390121596648,3.87992770634013
3486.154919,3488.868403,8.44444444444444,2.2973414586817,0.812508692385045,5.14374556873878,3.82062567255214
3487.059427,3489.772909,8.55555555555556,2.45515331044271,0.632557996848998,5.43987226316872,3.92055366826165
3487.963925,3490.677414,8.44444444444444,2.12785755580062,0.688191425612917,5.47670650190169,3.96183460767254
3488.868403,3491.581893,8.4,2.01108041719978,0.806302785062005,5.50196718316909,4.11121250634043
3489.772909,3492.486396,8.33333333333333,1.87082869338697,0.817286951462892,5.522384016738,4.06480215578576
3490.677414,3493.390892,8.88888888888889,3.14024061356946,0.815049914402286,5.51468498642489,4.10979946882187
3491.581893,3494.295433,9.33333333333333,2.91547594742265,0.85886571753145,5.61740610113302,4.24614422601687
3492.486396,3495.19993,8.33333333333333,2.12132034355964,0.857169095046422,5.50084483884481,4.21571404931184
3493.390892,3496.104485,8.33333333333333,2.17944947177034,0.879182466281044,5.60528854993393,4.34843339616324
3494.295433,3497.009024,8,2.16024689946929,0.773351906445593,5.35257179445243,4.13801254914578
3495.19993,3497.913574,8.1,2.42441287279576,0.857569150882079,5.34475211806238,4.13305960680481
3496.104485,3498.818133,8.4,2.45854518861144,0.887683666902031,5.21798841660046,4.06043527032069
3497.009024,3499.72267,8.66666666666667,2.87228132326901,0.980812954767326,5.41508385441076,4.01465561116371
3497.913574,3500.627211,8.5,2.41522945769824,1.01691673294432,5.49193924245402,4.09336573272597
3498.818133,3501.531775,8.44444444444444,2.50554939639548,1.06402829479968,5.72525309645024,4.10577234688356
3499.72267,3502.436326,8.2,2.48551358430763,1.11742011528173,5.51515434384101,4.08224295831535
3500.627211,3503.340858,8.66666666666667,2.39791576165636,1.05734820422804,5.32141419345645,4.00485329266088
3501.531775,3504.245382,9.75,3.24037034920393,0.773962775896848,5.28801015616076,3.96478832707588
3502.436326,3505.149931,9.5,2.97609523657138,0.625104913384372,5.23370857713811,3.90977422806548
3503.340858,3506.054457,9.625,3.15945293637092,0.690442047727,5.19221288138524,3.90038961179332
3504.245382,3506.958962,8.55555555555556,2.60341655863555,0.698281296188334,5.14138052318596,3.8289725833563
3505.149931,3507.863489,8.2,2.48551358430763,0.766062542444008,5.14675495843498,3.8737323492234
3506.054457,3508.768019,8.375,2.32609421256197,0.827663589584034,5.33272684786708,4.02747261222182
3506.958962,3509.672515,9.5,3.02371578407382,0.789531774029962,5.59098737213899,4.04429167070907
3507.863489,3510.577026,10.8571428571429,3.4364987719369,0.792412327368964,5.45648283952524,3.98241219255969
3508.768019,3511.481559,11,3.21455025366432,0.927239742725585,5.32454366702854,3.88663132266101
3509.672515,3512.386072,9,3.46410161513775,0.82711541250974,5.05489646687627,3.77888545400509
3510.577026,3513.290601,8.75,2.71240536372108,0.819302439888827,5.04413766242232,3.85855465053161
3511.481559,3514.195123,9.75,3.91881906409863,0.692118610599989,5.17694980514584,3.88146253261914
3512.386072,3515.099607,9.75,3.61544306709822,0.891145356130909,5.00972122093921,3.7541204806292
3513.290601,3516.004108,8.25,2.91547594742265,0.915319157442763,4.94365940837669,3.7528372854156
3514.195123,3516.908624,8.88888888888889,2.57120810342359,0.892239883664855,4.90109784866109,3.64886385497982
3515.099607,3517.813123,8.88888888888889,2.80376730687679,0.668678704927357,4.89841743855151,3.61389301255195
3516.004108,3518.717637,9,2.69258240356725,0.730937510371733,4.92273223599678,3.72308310620345
3516.908624,3519.622148,10.125,3.52288437018791,0.714105858822924,4.96090002122783,3.60340095572862
3517.813123,3520.526639,11,3.5213633723318,0.612639069842323,5.32784803269041,3.73563549363127
3518.717637,3521.431159,10.1428571428571,2.96808419852332,0.597368118287263,5.09498513420157,3.77951762927346
3519.622148,3522.335647,10,3.02371578407382,0.600866909737588,5.26160647821574,3.89057083701795
3520.526639,3523.240172,8.88888888888889,2.14734978778752,0.685822309772203,5.31789420153167,3.94777152899048
3521.431159,3524.144678,8.77777777777778,2.48886408717801,0.885832626414734,5.44600061446759,4.00844312631702
3522.335647,3525.049168,8.77777777777778,2.16666666666667,0.804618176450829,5.61727547410412,4.05151916594746
3523.240172,3525.953675,8.5,2.22361067735439,0.759922289353976,5.55733563528941,4.08897344879098
3524.144678,3526.858158,8.66666666666667,2.06155281280883,0.614302012883564,5.45376431049268,4.04654104266576
3525.049168,3527.762696,8.75,2.49284690951645,0.739601400629569,5.46530227427878,4.03786937084404
3525.953675,3528.667175,8.66666666666667,2.44948974278318,0.980502351910757,5.47790790098807,4.06940521737052
3526.858158,3529.571688,9,2.44948974278318,0.935442217413587,5.5349543705553,4.03059305341495
3527.762696,3530.476173,8.88888888888889,2.31540733157497,0.844870419191846,5.45715650767795,3.98451171910555
3528.667175,3531.380697,9,2.23606797749979,0.535941304290222,5.47233539559809,3.94852426284275
3529.571688,3532.285169,8.88888888888889,2.36877840059198,0.765532995570658,5.5069135296995,3.9738963348084
3530.476173,3533.189692,8.5,2.36877840059198,0.764843117299696,5.52036837438253,4.08327424155133
3531.380697,3534.094191,8.66666666666667,2.39791576165636,0.927995176387847,5.42370328553129,3.95976600174781
3532.285169,3534.998692,9,2.34520787991171,0.900381149336125,5.48496121920143,4.1005941853868
3533.189692,3535.903196,8.77777777777778,2.53859103528797,0.865779163692652,5.66502987858558,4.07869791123925
3534.094191,3536.8077,8.55555555555556,1.81046341520004,0.799056290112247,5.68199906698764,4.08452970435674
3534.998692,3537.712188,8.66666666666667,2.17944947177034,0.690397409034871,5.60888208425176,4.08113648226528
3535.903196,3538.616699,8.77777777777778,2.27913238852956,0.804203984472401,5.35796846085777,3.93148650700529
3536.8077,3539.521201,8.5,2.12132034355964,0.787746431670849,5.30279918966912,3.99716039536943
3537.712188,3540.425724,8.77777777777778,1.64147630029935,0.734211563895097,5.05735878408673,3.82169146317602
3538.616699,3541.330216,8.55555555555556,1.66666666666667,0.818118769851696,5.29039015743081,3.96008194325544
3539.521201,3542.234738,8.77777777777778,1.71593835683117,0.87451162453091,5.20286553543594,3.87889650216331
3540.425724,3543.139222,9.75,2.96407056017806,0.814740593847358,5.34329219620105,3.9229139375901
3541.330216,3544.04372,9.75,3.01188123461543,0.696284018828827,5.27667454565028,3.8885365174414
3542.234738,3544.948222,10.375,3.66206421103103,0.399022375873048,5.44315152384307,3.88757233839979
3543.139222,3545.852741,9.22222222222222,2.99072640748773,0.503953523823321,5.39072968373291,3.90935976611747
3544.04372,3546.757228,8.44444444444444,1.9436506316151,0.602930348676179,5.36404422651777,3.9560792882452
3544.948222,3547.661708,9.5,2.8784916685157,0.579582245491705,5.4004644451489,3.95778088253231
3545.852741,3548.566213,9.55555555555556,3.20589734361189,0.823644961686484,5.5404029311577,4.14579173406023
3546.757228,3549.470723,10.8571428571429,4.37525509460387,0.902838283514032,5.83373431569076,4.21620388117865
3547.661708,3550.375226,8.88888888888889,4.10622833158497,0.950971507398429,5.74458695367477,4.21478139765384
3548.566213,3551.279731,8.125,2.64237447329913,0.961805460675474,5.58182861648327,4.16733119835337
3549.470723,3552.184246,8.66666666666667,2.54950975679639,1.07478431207873,5.60720044166702,4.23163739044146
3550.375226,3553.088727,8.66666666666667,2.29128784747792,1.03397225201434,5.3735998357663,4.09175004589811
3551.279731,3553.993247,8.44444444444444,1.87823794493077,1.02515884277649,5.2611506323985,4.04792797916803
3552.184246,3554.897714,8.3,1.82878222991269,0.610569884025843,5.03134906229908,3.83600019429278
3553.088727,3555.802258,8.44444444444444,1.66666666666667,0.695584957596736,5.18401899596557,3.95521423438215
3553.993247,3556.706738,8.44444444444444,2.50554939639548,2.0597880320906,5.99665236262505,4.63350085380586
3554.897714,3557.611239,7.8,2.93636207273937,2.00393838751079,6.27595969124761,4.62810672479883
3555.802258,3558.515775,7.72727272727273,2.64918512342604,1.96910957864148,6.28255173905096,4.72415680089288
3556.706738,3559.420283,7.7,2.62678510731274,0.781114122485266,5.49550083022404,4.12572408509051
3557.611239,3560.324816,8.1,2.60128173535022,0.951915015081318,5.48353479123712,4.06848172500571
3558.515775,3561.229373,8.55555555555556,2.87711275027201,0.81453704466191,5.36124391862201,4.01622645124083
3559.420283,3562.133893,8.66666666666667,2.91547594742265,0.608507367953332,5.61633052012636,4.12050323283597
3560.324816,3563.038461,8.55555555555556,2.74367960552572,0.615732908392682,5.39558742059266,3.99536028905024
3561.229373,3563.942973,8.6,2.75680975041804,0.595299009593176,5.42686182810412,4.05585784088924
3562.133893,3564.84747,8.44444444444444,2.50554939639548,0.626491006367398,5.29206406332251,3.99983983904606
3563.038461,3565.75201,9,3.64005494464026,0.623640612882856,5.2803918403577,4.02759497534385
3563.942973,3566.65652,9.44444444444444,3.08670986290869,0.790296840457005,5.23526114054578,4.08820088434909
3564.84747,3567.561064,8.33333333333333,1.87082869338697,0.766870005041311,5.13510652308696,3.88178493537776
3565.75201,3568.465561,9.44444444444444,2.78886675511359,0.768187178345398,5.30085106111133,3.92245804459629
3566.65652,3569.370074,9.625,3.02076149339864,0.612552011849107,5.28726568259005,3.80861764360051
3567.561064,3570.274584,11,3.36650164612069,0.528134970978382,5.50110906350196,3.79698465574661
3568.465561,3571.179089,12,1.82574185835055,0.595076188621909,5.56016031997586,3.85596355694825
3569.370074,3572.083624,11.4285714285714,2.63673679998231,0.661935261678934,5.51573678064998,3.91090800388801
3570.274584,3572.988124,9.75,2.96407056017806,0.790537763622039,5.32439344954532,3.84848756437489
3571.179089,3573.892639,9.75,3.15096357144468,0.732708751234508,5.31092172718481,3.88550794689853
3572.083624,3574.797141,9.875,3.64250698597232,0.713088006650226,5.3232881297947,3.79409567220748
3572.988124,3575.701652,9.44444444444444,3.43187671366233,1.0348904874711,5.28798928642032,3.92456507825061
3573.892639,3576.606178,9,2.73861278752583,1.10147706587036,5.13788668450233,3.79968243457191
3574.797141,3577.510658,8.55555555555556,2.60341655863555,1.03241438644464,5.33623068835126,3.8427018831643
3575.701652,3578.415188,9,2.91547594742265,0.930293019415856,5.22229770156173,3.7835838510025
3576.606178,3579.319688,8.55555555555556,2.45515331044271,0.896113284017353,5.25560771941177,3.87322705507647
3577.510658,3580.224196,8.66666666666667,2.34520787991171,0.717259097700374,5.2974287471549,3.88312567622045
3578.415188,3581.128716,8.66666666666667,2.34520787991171,0.684759244991792,5.28211138564025,3.88510751291421
3579.319688,3582.033223,8.4,2.45854518861144,0.644021058853842,4.96582387679942,3.70908365145734
3580.224196,3582.937693,8.66666666666667,2.17944947177034,0.586014703773702,4.8188337067564,3.66716298282498
3581.128716,3583.842227,8.55555555555556,1.74005108481843,0.741031470038568,4.83383452242305,3.72292807425472
3582.033223,3584.746729,8.44444444444444,2.12785755580062,0.808011245438981,5.02515300246715,3.80086446403141
3582.937693,3585.651239,9.75,3.37003603202441,0.902781276234086,5.22578254274825,3.86498245073664
3583.842227,3586.555729,9.875,3.60307408432617,0.784538654789154,5.39911083532069,3.77268516224422
3584.746729,3587.460234,9.55555555555556,3.77859468291821,0.879825138118507,5.30675543649769,3.88583065185962
3585.651239,3588.364755,9.11111111111111,2.66666666666667,0.922694877929928,5.19914585175848,3.87988967814117
3586.555729,3589.269222,8.75,2.43486579272276,0.803187988718485,5.32568072369828,3.95876330849419
3587.460234,3590.173763,8.88888888888889,2.08832734769028,0.721154534184729,5.44297019944038,4.05210800371698
3588.364755,3591.078267,8.66666666666667,2.34520787991171,0.738712084759671,5.3363302524587,3.9871713002152
3589.269222,3591.982752,8.55555555555556,2.24227067451229,0.741718323507113,5.37854158336596,4.03245357392282
3590.173763,3592.88729,8.55555555555556,2.2973414586817,0.761527339540563,5.26517913012702,3.89875262544106
3591.078267,3593.791767,8.55555555555556,2.06827894099848,0.679777118210723,5.4767325902402,3.97911942734788
3591.982752,3594.696278,10.2857142857143,3.03942350423485,0.564782189345568,5.59308820737355,3.8950014788574
3592.88729,3595.600771,13,2.96647939483827,0.292820549873642,5.8750585123359,4.0139219844124
3593.791767,3596.505289,11.1428571428571,3.38765264987284,0.66182005867485,5.59785287956758,3.92566090232356
3594.696278,3597.409798,9.5,3.33809184158512,0.768708568795991,5.6039398076941,4.11227259425176
3595.600771,3598.314304,8.55555555555556,3.12694383988229,0.836936841778848,5.50768666946495,4.05491515147267
3596.505289,3599.218803,8.3,3.05686840482943,0.882163139973652,5.40954549968999,4.0610146051966
3597.409798,3600.123295,8.77777777777778,2.10818510677892,0.734287904151653,5.2665940085726,4.0710565110269
3598.314304,3601.02782,8.44444444444444,1.87823794493077,0.745032708096764,5.53363171780793,4.13772357495274
3599.218803,3601.9323,8.33333333333333,2,0.806340502590542,5.55011388409653,4.07864378274726
3600.123295,3602.836805,8.375,2.44584195260913,0.849199961266721,5.56170243076924,4.14653386990879
3601.02782,3603.741285,8.66666666666667,2.54950975679639,0.806010351408854,5.52763863861178,3.97753618634064
3601.9323,3604.645814,8.88888888888889,2.31540733157497,0.686239234723454,5.60096694718531,4.0617563778965
3602.836805,3605.55034,9.22222222222222,2.10818510677892,1.12037500434483,5.38376958581014,4.05763061256387
3603.741285,3606.454837,9,2.23606797749979,1.10359070782599,5.44673985588971,4.01767312965689
3604.645814,3607.359349,9.125,2.23207142742853,1.20376457276549,5.27612803184627,3.92869260939385
3605.55034,3608.263831,9,2.39045721866879,0.856631302112626,5.20927893987414,3.9260971478048
3606.454837,3609.168349,9.11111111111111,2.31540733157497,1.00172800548673,5.23573351261983,3.98593432367226
3607.359349,3610.072838,9.22222222222222,2.53859103528797,1.04970675685064,5.34520714988775,4.02772853612881
3608.263831,3610.977353,10,3.41565025531987,1.14574751381762,5.56992570849657,3.99132304886647
3609.168349,3611.881846,10.1428571428571,3.48466026218585,0.984754201227492,5.59398874683815,3.94855886975098
3610.072838,3612.78635,10.5,3.29501788419166,1.17320932752175,5.88540152513881,4.08779926204938
3610.977353,3613.69083,9.33333333333333,2.54950975679639,1.13218076833882,5.8267584398291,4.14612615197532
3611.881846,3614.595359,9.75,2.37546987833084,1.18727233991656,5.70535457996703,4.02151398441158
3612.78635,3615.499853,9.22222222222222,2.22361067735439,0.947779758929336,5.24986316006291,3.86668058477602
3613.69083,3616.404368,9.22222222222222,2.22361067735439,0.822622332853787,5.05170880905278,3.69012682909395
3614.595359,3617.308861,8.875,2.69589635239509,0.813324077159546,5.36591377342112,3.8634085118629
3615.499853,3618.213365,8.75,2.71240536372108,0.856187820766711,5.41029799677115,3.99640980139662
3616.404368,3619.117894,8.88888888888889,2.42097317438899,0.844484530237446,5.56921086638976,4.06692558518759
3617.308861,3620.02236,8.88888888888889,2.08832734769028,0.764954109963334,5.61098707930493,4.03958815747431
3618.213365,3620.926904,8.75,1.90862703084106,0.852410044738665,5.78327558574285,4.12721168831471
3619.117894,3621.831374,9,1.87082869338697,0.842936749631661,5.95247931287113,4.24768509026645
3620.02236,3622.735884,9,1.6583123951777,0.934103716990414,6.02528536977803,4.33206180488569
3620.926904,3623.640389,8.7,1.76698110409314,0.965662014043838,5.83200858996363,4.28199864568604
3621.831374,3624.544891,8.88888888888889,2.14734978778752,0.948236463727351,5.61999594058346,4.06238629295007
3622.735884,3625.449376,8.77777777777778,2.22361067735439,0.917518445182287,5.46192632736876,4.03605193591765
3623.640389,3626.353908,8.875,2.47487373415292,0.942324656682228,5.58914045958242,4.13136431094596
3624.544891,3627.258418,8.77777777777778,1.92209376577847,0.92868779186217,5.56074498537162,4.20354856376508
3625.449376,3628.162936,8.875,2.29518128757995,0.836951589821233,5.5427733200748,4.31667795467665
3626.353908,3629.067451,10,2.82842712474619,0.782771264681105,5.81491326374721,4.29928527320696
3627.258418,3629.971972,9.75,3.15096357144468,0.628783506678619,6.07732938738452,4.35364407421936
3628.162936,3630.876517,9.11111111111111,3.65528536657689,0.765054345428915,5.93156644438363,4.29278440332926
3629.067451,3631.781028,8.77777777777778,2.94863433549236,0.963422350363672,5.7959108480022,4.22735217919019
3629.971972,3632.685567,8.625,2.87538817255291,0.923075102262402,5.87271680782305,4.30639615783018
3630.876517,3633.590067,8.55555555555556,2.00693242979872,0.88520172587207,5.87119805392565,4.32627005634036
3631.781028,3634.494605,8.66666666666667,2.12132034355964,0.666881631851751,5.8422804510285,4.35845454670805
3632.685567,3635.399101,8.77777777777778,2.4381231397213,0.790142291308321,5.72990461749441,4.2108500991363
3633.590067,3636.303638,8.3,2.90784379834192,1.04800074525934,5.73267240461353,4.24346914723834
3634.494605,3637.208153,8.77777777777778,2.90593262902712,1.16245794164922,5.73852651994424,4.21815699162388
3635.399101,3638.112655,8.77777777777778,2.72845092395748,1.30400799116727,5.69671877511859,4.27189024647332
3636.303638,3639.017177,8.66666666666667,2.34520787991171,1.01383110292346,5.6661866551784,4.18083340984567
3637.208153,3639.921711,8.77777777777778,2.38630351054606,1.0807927853688,5.59885322920391,4.16256687038901
3638.112655,3640.826217,8.625,2.26384628453435,0.822520513951846,5.47107204298111,4.11843381545881
3639.017177,3641.730727,8.77777777777778,2.16666666666667,0.855656659241726,5.63651884196893,4.17196176270684
3639.921711,3642.635258,8.5,2.46080384337223,0.693785544088617,5.56289899493644,4.18791131375946
3640.826217,3643.539726,8.55555555555556,2.50554939639548,0.875015088167918,5.57024600125632,4.13139692527992
3641.730727,3644.444248,8.5,2.67261241912424,0.885975659299321,5.41971439362095,4.04228246216556
3642.635258,3645.348766,8.44444444444444,2.45515331044271,1.18728906345884,5.67285128427961,4.21236379051068
3643.539726,3646.253273,8.55555555555556,2.40370085030933,1.13748812241478,5.76065506099527,4.24710578506574
3644.444248,3647.157775,8.66666666666667,2.17944947177034,1.07472842527422,5.95099287702783,4.30127742872749
3645.348766,3648.062283,8.66666666666667,2.29128784747792,0.921285732380726,5.78975131574392,4.11526215372664
3646.253273,3648.966797,8.2,2.44040069569642,0.94871818290502,5.63072531932805,4.12537185502144
3647.157775,3649.87129,8.66666666666667,2.44948974278318,0.92743972682134,5.54816335125363,4.13462232458841
3648.062283,3650.7758,8.33333333333333,2.29128784747792,0.696241985504244,5.55673231233813,4.12400227888555
3648.966797,3651.680327,8.66666666666667,2.44948974278318,0.87627810488129,5.53905275130724,4.14177321470827
3649.87129,3652.584825,8.66666666666667,2.34520787991171,0.893810420216372,5.52114429292095,4.13649059331529
3650.7758,3653.489332,8.55555555555556,2.2973414586817,0.86878132173849,5.53494481638272,4.10211221050747
3651.680327,3654.393865,8.3,2.11081869319834,0.628696478169543,5.4546899093705,4.06463642520509
3652.584825,3655.298358,8.66666666666667,1.93649167310371,0.80571211871598,5.31398599976892,4.04442327547598
3653.489332,3656.20285,8.77777777777778,2.04803428790742,1.06050846762395,5.5367761091209,4.24043198021999
3654.393865,3657.107387,8.88888888888889,2.08832734769028,1.00732622259198,5.4839413125648,4.09733957978276
3655.298358,3658.011909,8.5,2.20389266007736,0.960940613775933,5.58154717641345,4.12833870937531
3656.20285,3658.916416,8.77777777777778,2.22361067735439,0.575087957637709,5.46448570050825,3.97002673204172
3657.107387,3659.820926,8.66666666666667,2.69258240356725,0.592721642533187,5.50067406966963,4.05201777325913
3658.011909,3660.72541,8.4,3.06231575409489,0.642038990408271,5.20160644967345,3.93920236623538
3658.916416,3661.629927,8.625,3.06768875307034,0.720433208592168,5.17721546564941,3.83094464764657
3659.820926,3662.534463,8.77777777777778,2.90593262902712,0.742292348930236,5.3427024733186,3.94924180827199
3660.72541,3663.439,8.66666666666667,2.54950975679639,0.640483377129863,5.39309778742591,3.9424455283701
3661.629927,3664.343522,8.5,3.38061701891407,0.848099472162395,5.44370426209049,4.00736775742148
3662.534463,3665.24806,7.9,3.47850542618522,1.11610051779014,5.41835088656706,4.0249027365576
3663.439,3666.152603,7.63636363636364,3.35477949417625,1.06020988604489,5.51769281075499,4.09750983379333
3664.343522,3667.057155,7.8,2.85968141193696,0.96750835232455,5.50965436113698,4.10459175861549
3665.24806,3667.961701,8.88888888888889,2.26077666104176,0.607764145334788,5.47831251100532,4.03245708283716
3666.152603,3668.866258,8.77777777777778,2.22361067735439,0.62742428315843,5.47250505386033,4.06990728736043
3667.057155,3669.770799,8.77777777777778,2.33333333333333,0.784716085503617,5.3793470371799,3.93893679280625
3667.961701,3670.675312,8.5,2.32992949004287,0.695847040361972,5.152065563747,3.82560380462975
3668.866258,3671.57982,8.77777777777778,2.53859103528797,0.656068879938809,5.33556925830938,3.84931484564351
3669.770799,3672.484391,8.77777777777778,2.53859103528797,0.59767362915932,5.39773199970532,3.88314448503791
3670.675312,3673.388918,8.4,2.59058123036339,0.605199487100993,5.3525885005413,3.93333874527403
3671.57982,3674.293411,8.66666666666667,2.59807621135332,0.867739978112378,5.25974113239974,3.77702407953076
3672.484391,3675.197948,8.625,2.77424378370549,0.95143161939912,5.49694022989942,3.99796403259226
3673.388918,3676.102448,8.77777777777778,2.38630351054606,0.931446341540138,5.58605808927586,3.98675567195141
3674.293411,3677.006974,8.88888888888889,2.47206616236522,0.754748983362457,5.57277144687214,4.09041872303133
3675.197948,3677.911492,8.75,2.60494036125864,0.861693081319691,5.52957845904235,4.05662818110387
3676.102448,3678.816003,9,3.08220700148449,0.779371905682675,5.60349960532608,4.10937443725959
3677.006974,3679.720529,8.4,3.20416395751944,0.927199491843436,5.50294735711037,4.14875799858127
3677.911492,3680.625025,9.11111111111111,3.14024061356946,0.786926668839308,5.33318673333286,4.00822571491442
3678.816003,3681.529559,8.55555555555556,3.24465372232196,0.823567408663638,5.29852976863845,3.94568683682641
3679.720529,3682.43409,8.88888888888889,3.05959329178097,0.630905228194842,5.40972669469877,3.9710564912273
3680.625025,3683.338554,8.66666666666667,3.278719262151,0.779957539972253,5.43242544051528,4.04784565664818
3681.529559,3684.243071,8.625,3.11390888939105,0.724813842933951,5.42422109475848,4.11226541851741
3682.43409,3685.147587,8.77777777777778,2.94863433549236,0.930958721192693,5.48031496138544,4.13299063932109
3683.338554,3686.05212,8.88888888888889,2.31540733157497,0.846763186340317,5.45893352454412,4.12516761933696
3684.243071,3686.956625,9.55555555555556,3.16666666666667,0.954505185726915,5.39225483130737,4.14570059104676
3685.147587,3687.861105,9.875,2.99702233177246,0.900514291781625,5.389608114253,4.01097635730732
3686.05212,3688.765641,8.75,2.65921578128376,0.90159699954159,5.48741332529526,4.09562639854171
3686.956625,3689.670157,8.66666666666667,2.34520787991171,0.844176785882332,5.60194856464371,4.12974016200301
3687.861105,3690.574657,8.77777777777778,2.4381231397213,0.769892333262176,5.5140422258388,4.12762245939753
3688.765641,3691.479161,8.5,2.20389266007736,0.735449074688642,5.46170619664875,4.16676331364744
3689.670157,3692.383691,8.77777777777778,2.16666666666667,0.692376154000298,5.49907769347293,4.10989873495962
3690.574657,3693.28821,8.2,2.44040069569642,0.705929929786485,5.43585245948628,4.16081980651792
3691.479161,3694.192669,8.66666666666667,2.78388218141501,0.882031773313209,5.45909028085345,4.10166408782251
3692.383691,3695.097189,8.66666666666667,2.78388218141501,0.876065197316072,5.49209183558234,4.19220423328434
3693.28821,3696.001717,8.66666666666667,2.34520787991171,0.799349574161546,5.74224481988366,4.21181477000676
3694.192669,3696.906227,8.66666666666667,2.12132034355964,0.754539388133816,5.83042988619287,4.27795451751368
3695.097189,3697.810707,8.44444444444444,1.81046341520004,0.747570985446771,5.59281392463427,4.17313173063334
3696.001717,3698.715244,8.3,2.05750658160146,0.76498173986875,5.61850838377136,4.23257443077025
3696.906227,3699.619744,8.4,2.01108041719978,0.688719500858254,5.46465940040379,4.17743363659861
3697.810707,3700.524239,8.55555555555556,2.06827894099848,0.709754244091176,5.69634130554561,4.33640179236134
3698.715244,3701.428766,8.55555555555556,1.81046341520004,0.710013218940484,5.79283431460044,4.30332813038121
3699.619744,3702.333235,8.66666666666667,2.12132034355964,0.777133257758301,5.82026403216335,4.33570941039226
3700.524239,3703.237764,8.55555555555556,2.00693242979872,0.752320719983786,5.6512116075768,4.25609947194969
3701.428766,3704.142296,8.55555555555556,2.00693242979872,0.721257320770685,5.55912826634452,4.09537690260816
3702.333235,3705.046781,8.55555555555556,2.00693242979872,0.672515300496222,5.58142894752534,4.04567580645124
3703.237764,3705.951283,9.75,2.76457178290909,0.755994066128326,5.53089950772152,4.00150415625274
3704.142296,3706.855794,9.75,2.96407056017806,0.747792246643401,5.74114414398824,4.11146162033968
3705.046781,3707.76029,8.88888888888889,3.33333333333333,0.802794661235973,5.67658944805223,4.16247935056345
3705.951283,3708.66481,8.5,3.38061701891407,0.76105068546698,5.60054280744496,4.20008030876381
3706.855794,3709.569311,8.66666666666667,3.04138126514911,0.635556185841002,5.66644991755831,4.096502520907
3707.76029,3710.473797,8.4,2.01108041719978,0.661475247756658,5.40952305216162,4.00998558565185
3708.66481,3711.378331,8.66666666666667,2.17944947177034,0.654393009503865,5.23624874400156,3.88991739291306
3709.569311,3712.282815,8.66666666666667,2.12132034355964,0.576478609662349,5.06912956456487,3.88049072824912
3710.473797,3713.187344,8.55555555555556,2.40370085030933,0.729217041427275,5.25824211250398,3.91790564596265
3711.378331,3714.091814,8.77777777777778,2.33333333333333,0.834276554952867,5.26132322951191,3.95656094421732
3712.282815,3714.996354,8.77777777777778,2.90593262902712,0.895671003319571,5.22583207719137,4.02582743175253
3713.187344,3715.900848,8.77777777777778,2.72845092395748,0.764751664872646,5.33504717204938,3.95723506378318
3714.091814,3716.805328,8.3,2.98328677803526,0.672660049346639,5.46622578637264,4.0268682085688
3714.996354,3717.709852,9.125,2.69589635239509,0.520297303743623,5.5830168639207,3.82564230504014
3715.900848,3718.614349,10.8333333333333,3.54494945897211,0.568657980623458,5.6298190157425,3.83299544598214
3716.805328,3719.518851,13.1666666666667,2.40138848724372,0.504980279037474,5.68077756640754,3.87778815109507
3717.709852,3720.423351,11.1428571428571,3.07834216359885,0.743973640048496,5.37690604793065,3.86680658742101
3718.614349,3721.327874,11.1428571428571,3.07834216359885,0.75775317300342,5.42044395298797,3.88246241893891
3719.518851,3722.232347,9.75,3.65474251584744,0.6536697532864,5.26893528805181,3.7898226280841
3720.423351,3723.136876,9.11111111111111,4.10622833158497,0.635889898816673,5.29308214675145,3.86749921919435
3721.327874,3724.041365,8.88888888888889,3.25747004761534,0.729422942384985,5.27018313687618,3.87871215596146
3722.232347,3724.945878,8.625,3.20434972230828,0.758561973090346,5.47757267828566,4.08025777104311
3723.136876,3725.850358,8.77777777777778,2.81858908754796,0.850937902370654,5.41581718046918,4.08256163516518
3724.041365,3726.754888,9.375,3.06768875307034,0.78693602607406,5.51089622106731,4.14685412237397
3724.945878,3727.659357,9.625,3.5431019500674,0.876879044747791,5.36628236534838,4.03401127523718
3725.850358,3728.563881,9.22222222222222,3.9616214413349,0.724106538207253,5.53550420917353,3.99617193416416
3726.754888,3729.468386,8.55555555555556,3.2829526005987,0.756341358719218,5.38518749631259,4.02459757318688
3727.659357,3730.372881,8.66666666666667,2.64575131106459,0.654071062084062,5.34001495255036,3.99386733912439
3728.563881,3731.277382,8.22222222222222,2.81858908754796,0.770737023810423,5.31168780890286,3.98500917743327
3729.468386,3732.181912,9.875,4.42194204265178,0.746191879060282,5.34062445004335,4.02169692297205
3730.372881,3733.086382,9.75,4.97852531235046,0.637458115351603,5.57522735870211,4.17614716122094
3731.277382,3733.990892,9.125,3.31393163133201,3.09384351692518,6.80022460275011,4.68094397178513
3732.181912,3734.895371,8.55555555555556,3.20589734361189,3.04523984522753,6.70840762698215,4.91935041956996
3733.086382,3735.799914,8.33333333333333,3.67423461417477,3.06967835044667,6.63607891503677,4.95891089698089
3733.990892,3736.704403,8.1,3.6040101122068,0.967680648686261,5.79972314538219,4.47907820628678
3734.895371,3737.608918,8.55555555555556,3.71184290855335,0.633266828677265,5.87809371416996,4.28747590476532
3735.799914,3738.51339,8.44444444444444,3.12694383988229,0.404664345883861,5.78617900240567,4.1975394199085
3736.704403,3739.417918,8.2,3.01109061083632,0.539078613378228,5.77976410157391,4.19635631707459
3737.608918,3740.3224,8.22222222222222,2.77388616284887,0.604757522088772,5.6458595324997,4.15331380792503
3738.51339,3741.226923,8.55555555555556,2.83333333333333,0.890881608227328,5.64372338810066,4.16811948814655
3739.417918,3742.131406,9.875,3.64250698597232,0.867268560259715,5.72031587692263,4.04904955084492
3740.3224,3743.035932,10,3.4226138716317,0.880932991631771,5.62349728528031,4.01653971610225
3741.226923,3743.940417,9.875,3.87067731245358,0.659129598345139,5.5387505994282,3.99121678761204
3742.131406,3744.844927,9.11111111111111,3.82244831372657,0.604290982420547,5.34971929936518,3.89772969766643
3743.035932,3745.749404,9.875,3.75832409459323,0.569493636347754,5.43386129704761,3.89055367693751
3743.940417,3746.653926,9.85714285714286,3.93397896234722,0.492783634282084,5.38135861730138,3.77219866669578
3744.844927,3747.558425,11.1428571428571,3.38765264987284,0.51385730482381,5.68046426515897,3.91173105645901
3745.749404,3748.462911,11.1428571428571,3.38765264987284,0.690157128724614,5.91117743347536,3.91500277242988
3746.653926,3749.367424,13.2,2.04939015319192,0.482348617220905,6.1756730598026,4.10080899136781
3747.558425,3750.271921,12.8333333333333,1.72240142436851,0.542773699650716,6.15318680287068,4.04955094593573
3748.462911,3751.176446,11,3.05505046330389,0.592821761452697,5.7845240852223,4.12038731428756
3749.367424,3752.08091,9.85714285714286,3.67099311851582,0.709111711483826,5.57186044679191,4.00620493680186
3750.271921,3752.985436,10.6666666666667,3.2659863237109,0.621094991751051,5.74811060137427,4.12657050946325
3751.176446,3753.889916,10,3.07059789431495,0.708744374352641,5.72523910437722,4.16415827201873
3752.08091,3754.794431,9.875,2.74837614393871,0.739850213588378,5.82339119035869,4.23078334756215
3752.985436,3755.698925,8.77777777777778,2.48886408717801,0.789848785585747,5.60290424765734,4.14645764365775
3753.889916,3756.603434,9.75,3.19597961731387,0.731381256129819,5.57664117537219,4.0409283094315
3754.794431,3757.507925,9.625,3.02076149339864,0.71299723236667,5.48003839122677,4.04657715358436
3755.698925,3758.412462,9.85714285714286,2.73426232761059,0.630301212248889,5.48487238591645,4.01499328126051
3756.603434,3759.316927,9.625,2.82526863450944,0.559565878759137,5.60056915570165,4.06274808816653
3757.507925,3760.221463,8.66666666666667,2.39791576165636,0.652538490948824,5.42717412665692,3.95010287636147
3758.412462,3761.125953,9.875,3.48209706929603,0.625874630516672,5.42188046503955,3.95163459098927
3759.316927,3762.030419,9.625,3.37797487937881,0.727056710933386,5.40490603379075,3.89775085086397
3760.221463,3762.93493,9.22222222222222,3.34580998331412,0.699880365688572,5.33421507438991,3.91490014761336
3761.125953,3763.839425,8.55555555555556,2.2973414586817,0.738645115714858,5.21998503889791,3.8849566994594
3762.030419,3764.743937,8.55555555555556,2.60341655863555,0.796502175798361,5.39330465980791,4.00190189401974
3762.93493,3765.648447,8.77777777777778,2.94863433549236,0.749926658447737,5.44136380463121,3.95685060624509
3763.839425,3766.552953,8.66666666666667,3.57071421427143,0.700171659157637,5.58271500366065,4.12321912141318
3764.743937,3767.45745,8.44444444444444,3.20589734361189,0.614357732991351,5.50381117769276,4.03660856845545
3765.648447,3768.361947,9.22222222222222,3.83333333333333,0.634164231445439,5.43428082900046,3.94340085660735
3766.552953,3769.266432,9.625,3.02076149339864,0.610699076667456,5.18624322810432,3.83230900193968
3767.45745,3770.170953,8.44444444444444,1.81046341520004,0.661213357496596,5.38626318038582,3.85912766151852
3768.361947,3771.075453,8.44444444444444,2.06827894099848,0.701743391400579,5.46118505053467,3.91492686053954
3769.266432,3771.979977,8.66666666666667,2.23606797749979,0.787628524038221,5.54058572571987,4.17906400623474
3770.170953,3772.884457,8.55555555555556,2.06827894099848,0.86538359497043,5.47295266095182,4.14936364350281
3771.075453,3773.788969,8.66666666666667,2.29128784747792,0.926767513550769,5.60365686709037,4.19951067967602
3771.979977,3774.693468,9.75,3.32737562824346,0.825808274952282,5.81618675890371,4.1649074866633
3772.884457,3775.597968,9.75,3.32737562824346,0.817261766517751,6.12737583477366,4.24955380208274
3773.788969,3776.50245,8.66666666666667,2.54950975679639,0.880067399180947,5.93391816426672,4.23187865647389
3774.693468,3777.406977,9.75,3.53553390593274,0.91703377024572,5.87579131754248,4.18854975798036
3775.597968,3778.31148,9.875,3.35676289643119,0.835708325268623,5.68905722413326,4.14748508462498
3776.50245,3779.215946,9.33333333333333,3.53553390593274,0.880939476600837,5.79812997316523,4.15177588076479
3777.406977,3780.12048,8.6,2.71620650499512,1.03359644371843,5.72479519973863,4.18680414404662
3778.31148,3781.024955,8.77777777777778,2.63523138347365,1.05497482265911,5.64474347755323,4.04923440517531
3779.215946,3781.929465,8.75,2.60494036125864,0.934541496362046,5.60273598360562,4.09429132960234
3780.12048,3782.833947,8.77777777777778,2.90593262902712,0.760937598870601,5.66364843790489,4.16518248733496
3781.024955,3783.738472,8.88888888888889,2.97676184991529,0.70018792185274,5.72389904056914,4.17305793501042
3781.929465,3784.642957,8.5,2.97609523657138,0.871734582724895,5.4837032097238,4.10359215571373
3782.833947,3785.547485,8.77777777777778,2.38630351054606,0.893218898142006,5.53936633860459,3.95173777903918
3783.738472,3786.451974,8.6,1.89736659610103,1.18629906568781,5.31649652055428,3.98199668325748
3784.642957,3787.356494,9.125,1.35620268186054,1.15658094817248,5.31835447115205,3.94897438590041
3785.547485,3788.260966,9.75,2.71240536372108,1.15466768999098,5.35188993151369,3.99592736420979
3786.451974,3789.165483,9.75,3.10529501704059,0.809849351330751,5.73536494446386,4.19774442422324
3787.356494,3790.069998,8.77777777777778,2.4381231397213,0.775428259631971,5.74581984569608,4.33874751027532
3788.260966,3790.974485,8.7,2.40601099101581,0.744889403737438,5.99356980609886,4.48193254192927
3789.165483,3791.878996,8.55555555555556,2.50554939639548,0.780775937972353,5.82390563792754,4.20130767790897
3790.069998,3792.78348,8.3,2.86937856222098,0.958268491190082,5.61138890960872,4.08964478131749
3790.974485,3793.687976,8.77777777777778,2.63523138347365,0.841976085746525,5.18387312807884,3.83213951593675
3791.878996,3794.59247,8.625,2.87538817255291,0.852470582401007,5.3357907194339,3.97704673941653
3792.78348,3795.496984,8.77777777777778,2.53859103528797,0.723902858910039,5.31778395656561,3.96068119185547
3793.687976,3796.401487,8.88888888888889,2.80376730687679,0.643011980777828,5.43022402930319,4.06912355029473
3794.59247,3797.305991,8.66666666666667,2.34520787991171,0.591718278856527,5.59540015036987,4.10505876276582
3795.496984,3798.210492,8.66666666666667,2.34520787991171,0.801835310847785,5.6450088836989,4.06094812881824
3796.401487,3799.114999,8.2,2.39443799947573,0.950596871421625,5.53935247596302,4.04385253991142
3797.305991,3800.019506,8.44444444444444,2.65099562009781,0.916232118443166,5.51559311804353,4.08991764397689
3798.210492,3800.924016,7.7,2.83039062871384,0.663457935461594,5.80511213651876,4.16971374564889
3799.114999,3801.828491,7.7,2.83039062871384,0.585042310668278,5.76424417547001,4.15095944566614
3800.019506,3802.733016,7.7,2.66874918683308,0.596977736334845,5.59728862303934,4.10019662346449
3800.924016,3803.637543,8.2,2.57336787541584,0.828973064486527,5.35950131520028,3.96846559822019
3801.828491,3804.542028,8.2,2.57336787541584,0.823054248047689,5.38683508162127,3.92944626093114
3802.733016,3805.446549,8.5,2.63523138347365,0.949242047490332,5.66082464674921,4.08372638778647
3803.637543,3806.351017,8.44444444444444,2.74367960552572,0.730838218790293,5.74653717943388,4.04689644700512
3804.542028,3807.255544,8.77777777777778,2.81858908754796,0.972556844872281,5.72766155030032,4.12441704983244
3805.446549,3808.160073,8.77777777777778,2.58736244937667,0.935873595768653,5.20759869946705,3.90086658167228
3806.351017,3809.06455,8.77777777777778,2.48886408717801,0.996143652711572,5.18671241500101,3.83935855332783
3807.255544,3809.96906,8.5,2.71825107171668,0.672872545578276,5.12199148772858,3.76557086949637
3808.160073,3810.873547,8.88888888888889,2.47206616236522,0.652425411959546,5.16385536686592,3.67043880371023
3809.06455,3811.778077,8.88888888888889,2.47206616236522,0.500215727075689,5.11773430069255,3.71614276885328
3809.96906,3812.682547,8.66666666666667,2.44948974278318,0.650839983979765,5.11070460822121,3.74450181642727
3810.873547,3813.587057,8.88888888888889,2.66666666666667,0.661378737588441,5.12247821950946,3.76062461852222
3811.778077,3814.491563,8.75,3.01188123461543,0.734180018997289,5.10984544392757,3.76939285080351
3812.682547,3815.396086,8.875,2.99702233177246,0.713385140499964,5.29386754915709,3.83784908355574
3813.587057,3816.300583,9,3.04138126514911,0.621791096158161,5.29965083309755,3.86156573348668
3814.491563,3817.20509,8.88888888888889,2.97676184991529,0.734161692822783,5.23869492371138,3.8595431200265
3815.396086,3818.109598,10,3.46410161513775,0.770761553861383,5.10919732903825,3.7005342565577
3816.300583,3819.014077,9.875,3.39905449037985,0.868100326392148,5.00280544970791,3.68693480971102
3817.20509,3819.918588,8.77777777777778,2.90593262902712,0.881125308358241,5.22398884469794,3.85710530453573
3818.109598,3820.823089,8,3.01846171271247,0.79437080660412,5.19158523744296,3.92131648714025
3819.014077,3821.727619,7.66666666666667,3,0.789335623421724,5.36472084215643,4.03694235155984
3819.918588,3822.632084,8,3.01846171271247,0.666858970304803,5.40182605441864,3.98819901707206
3820.823089,3823.536605,8.77777777777778,2.86259400621961,0.612784433749489,5.63433465491442,4.10548031976703
3821.727619,3824.441106,8.5,3.06412938514171,0.706796489650027,5.63155876599183,4.1052647056521
3822.632084,3825.34561,8.77777777777778,2.90593262902712,0.818594568496111,5.56003569117459,3.92224328603505
3823.536605,3826.250095,8.88888888888889,3.05959329178097,1.06440146246609,5.60608054381527,3.99422624733288
3824.441106,3827.154631,8.88888888888889,2.97676184991529,1.03343613291542,5.49592805527193,3.88884318962098
3825.34561,3828.059126,8.88888888888889,2.75882422620781,1.07501459585583,5.46460903946252,3.96235008652333
3826.250095,3828.963606,8.75,2.91547594742265,0.920132325703434,5.11377102178192,3.85280926159056
3827.154631,3829.868135,9,2.64575131106459,0.946313287979245,5.37390904155195,3.98911599110637
3828.059126,3830.772637,8.77777777777778,2.94863433549236,0.894817718817452,5.43526283112929,4.00359975958972
3828.963606,3831.67716,8.77777777777778,2.72845092395748,1.08776617375863,5.4824494945064,4.00476557993698
3829.868135,3832.581635,10,3,1.17032906099308,5.58886101186995,3.9483914707667
3830.772637,3833.486148,11.2857142857143,3.03942350423485,0.668003662446539,5.96337983289859,4.05637545847715
3831.67716,3834.390654,9.875,2.94897076476329,0.699069511108328,5.74129342915492,4.05967164235798
3832.581635,3835.295168,9.75,3.01188123461543,0.575057919554693,5.71797300471024,4.15564655774213
3833.486148,3836.199644,8.77777777777778,2.10818510677892,0.503924170652445,5.55430144050703,4.14954002125777
3834.390654,3837.104172,9.11111111111111,3.29561998888086,0.598649874103188,5.73480664495053,4.20082485377817
3835.295168,3838.008652,9.625,3.85217934606967,0.642315362197551,5.71914791453866,4.10124977457925
3836.199644,3838.913149,8.625,3.58319490319543,0.744706760537504,5.65482806305427,4.03584395773685
3837.104172,3839.817678,8.77777777777778,3.1135902820449,0.820977826794105,5.6643958585758,4.17354731109887
3838.008652,3840.722172,8.77777777777778,2.68224615657185,0.799894143679028,5.69122481232619,4.18237893849857
3838.913149,3841.626691,8.5,2.72554057547699,0.944157458631408,5.50206392490817,4.0840934805906
3839.817678,3842.531175,8.88888888888889,2.66666666666667,0.71766109746092,5.34589305153828,3.88453995787367
3840.722172,3843.4357,10,3.29501788419166,0.719811448212432,5.35280299715171,3.78317524417148
3841.626691,3844.340192,9.55555555555556,3.5746017649212,0.675182110660412,5.2373861374927,3.81554478600969
3842.531175,3845.244694,8.875,3.04431554587516,0.819750011733586,5.12357921687973,3.67934942058547
3843.4357,3846.149189,9.28571428571429,2.42997158517582,0.724041370632352,5.25096254070014,3.67580691110911
3844.340192,3847.053691,10.1428571428571,3.53216512583861,0.759744837820744,5.22435502366381,3.71507099299399
3845.244694,3847.958201,11.5714285714286,3.30943816264649,0.578350134666841,5.47157036971008,3.77625202792793
3846.149189,3848.86269,10,3.20713490294909,0.709317535451674,5.21420348694197,3.73661986197103
3847.053691,3849.767222,11.5,3.93700393700591,0.675729193082424,5.31583541529277,3.71913478025294
3847.958201,3850.671715,10,3.38061701891407,0.645549830099239,5.17319825822818,3.72989964009487
3848.86269,3851.576222,10,3.38061701891407,0.499398226380265,5.3931596659088,3.88047541607915
3849.767222,3852.4807,10.5714285714286,3.20713490294909,0.586925215947697,5.42076251112232,3.87716049119291
3850.671715,3853.385229,12.5,2.73861278752583,0.461541763663224,5.41309648044846,3.82340288426816
3851.576222,3854.289721,11.3333333333333,4.45720390678581,0.614127029857738,5.18238279411667,3.84634387106523
3852.4807,3855.194243,9.875,3.68151754424333,0.636840715760539,4.97738240030092,3.81546781764004
3853.385229,3856.09875,9.75,3.4537764010676,0.779345595500528,5.18523318081711,3.82781157855093
3854.289721,3857.00323,11.2857142857143,3.19970236711092,0.73315149240316,5.31911574191416,3.79687891276936
3855.194243,3857.907747,13.3333333333333,1.86189867250253,0.335567446493585,5.69495997328727,3.80545204636216
3856.09875,3858.812231,11.2857142857143,3.40168025708304,0.407274877956828,5.45481678421335,3.82021905748834
3857.00323,3859.716755,10,3.46410161513775,0.540262763873738,5.25773127931771,3.78613691015382
3857.907747,3860.621278,10.6666666666667,2.87518115371304,0.619994264188446,5.40593761372185,3.87082007194926
3858.812231,3861.525762,11.2857142857143,3.09377254681539,0.728685521895481,5.66595274690795,3.98010079945924
3859.716755,3862.43028,13.1666666666667,2.04124145231932,0.354711396717028,6.02999358239353,4.01710031204723
3860.621278,3863.334782,11.5,3.39116499156263,0.48204020822568,5.8041734605174,4.03174838396034
3861.525762,3864.239296,11.4285714285714,3.10145895008263,0.348803002352296,5.64930110284253,4.01823107842169
3862.43028,3865.14379,10,3.29501788419166,0.398113795867746,5.55780385091349,4.11335498369953
3863.334782,3866.0483,10.25,4.36708467646651,0.520065477240683,5.44919930086731,4.04936591466778
3864.239296,3866.952821,10,3.89138242053607,0.609269160668649,5.35322960671946,3.87358172238392
3865.14379,3867.85729,10,3.89138242053607,0.686973509222471,5.4569935684953,3.82610899491691
3866.0483,3868.761818,10,3.02371578407382,0.719802125953115,5.4382691429533,3.86420823361885
3866.952821,3869.666304,10,3.85449644663773,0.927561519118636,5.37334898269811,3.84011381494949
3867.85729,3870.570833,8.77777777777778,3.15348132140408,0.90932425168208,5.28417407344682,3.87639836863517
3868.761818,3871.475297,8.77777777777778,3.83333333333333,0.947491151903075,5.35210346530851,3.83834201913364
3869.666304,3872.379829,8.66666666666667,3,0.86139207404527,5.31018024602582,3.9496742003537
3870.570833,3873.284359,10.25,3.05894472933769,0.766417037997735,5.27059190304442,3.9229838986976
3871.475297,3874.18884,10,3.21455025366432,0.39117298250636,5.47337037957434,4.05899720217606
3872.379829,3875.093351,8.77777777777778,2.38630351054606,0.769096831393572,5.62616674779616,4.10779723208309
3873.284359,3875.997862,8.77777777777778,2.4381231397213,0.878603807596841,5.61015875240952,4.10476705745328
3874.18884,3876.902347,8.66666666666667,2.29128784747792,0.989484033299834,5.44501523321272,4.01503871340543
3875.093351,3877.806877,9.875,3.31393163133201,0.792823888944175,5.31582092907822,3.796524619986
3875.997862,3878.711373,9.875,3.39905449037985,0.734923709636354,5.17516493268266,3.78376154386035
3876.902347,3879.615894,9.71428571428571,3.54562104171167,0.67001477566252,5.39318712430283,3.7975263462845
3877.806877,3880.520391,9.57142857142857,3.50509832753866,0.557120275093183,5.4080532160838,3.96713066661631
3878.711373,3881.424894,9,3.67423461417477,0.688547481012923,5.49615261651027,4.06249228855968
3879.615894,3882.329439,8.88888888888889,3.44399638662864,0.738687343625826,5.35429351956269,4.02065769875768
3880.520391,3883.233911,8.625,3.81491434092188,0.784582510256646,5.19501694496952,3.94893168085636
3881.424894,3884.138442,8.88888888888889,2.93446947694317,0.905950755652967,5.17260877224884,3.82247755471712
3882.329439,3885.042922,10,3.54562104171167,0.920535082932214,5.3094225686747,3.83260652601761
3883.233911,3885.947441,9.875,3.48209706929603,0.892086095089307,5.39738503062167,3.90959493592177
3884.138442,3886.851946,8.75,3.19597961731387,0.684373986044854,5.31725598721938,3.88142276946713
3885.042922,3887.756434,8.55555555555556,2.45515331044271,0.684963167699236,5.3469648302607,4.0007692463225
3885.947441,3888.660947,8.77777777777778,2.68224615657185,0.888357734790305,5.38096665275414,3.99612738418669
3886.851946,3889.565477,8.77777777777778,3.2702361450581,0.842209255422244,5.43906761452937,3.99925837268259
3887.756434,3890.469971,8.88888888888889,3.40750805004348,0.900008103470253,5.57877870372584,4.05637893141538
3888.660947,3891.374475,8.77777777777778,3.52766841475279,0.955467068667422,5.87988878978616,4.1831449556752
3889.565477,3892.278975,8.6,2.83627298482435,0.973120988742778,5.88319003556861,4.3312846949172
3890.469971,3893.183493,9,2.5,1.17425701035912,5.93698493117934,4.18649215319172
3891.374475,3894.087973,9.42857142857143,2.5727509827124,1.02210041111969,5.82462589931391,4.06551553535329
3892.278975,3894.992468,11.5714285714286,3.64495737776374,0.941933176553197,5.74379305415428,4.02880830695093
3893.183493,3895.897014,11.2857142857143,3.77334006393477,0.533514780400908,5.58341101090849,4.05631507703481
3894.087973,3896.801486,9.71428571428571,3.49829890633937,0.684830237607978,5.63512923494345,4.13971225970352
3894.992468,3897.706009,8.66666666666667,2.54950975679639,0.825519029963383,5.6601591104344,4.1388942976303
3895.897014,3898.610481,8.4,2.41292814278051,0.909015534504292,5.52121937251498,4.1538070572047
3896.801486,3899.515011,8.77777777777778,2.33333333333333,0.941822850575178,5.48399925245877,4.08706008947219
3897.706009,3900.419512,8.66666666666667,2.17944947177034,1.02266926191907,5.49883383993591,4.08113423343778
3898.610481,3901.32402,8.77777777777778,2.04803428790742,0.942362263056777,5.71233013625985,4.0860324422543
3899.515011,3902.228544,8.77777777777778,2.27913238852956,0.895109606022066,5.74808783602694,4.07209891279343
3900.419512,3903.133036,8.5,2.26778683805536,0.805134214121777,5.92634372504283,4.23354665749505
3901.32402,3904.037546,8.77777777777778,2.72845092395748,0.6612176481903,5.97150773161925,4.22871618106655
3902.228544,3904.942033,10,3.46410161513775,0.692480605249266,6.08868651755223,4.30386060277902
3903.133036,3905.846553,10,3.38061701891407,0.783172815875738,5.53265317814441,4.03074934304297
3904.037546,3906.751027,8.75,2.60494036125864,0.881388635980961,5.64595525990842,3.97125687494317
3904.942033,3907.65556,8.77777777777778,2.90593262902712,0.842647075103489,5.56076055930982,4.01029988726673
3905.846553,3908.560033,9,2.87228132326901,0.749054940684793,5.56863010727985,4.05448027893479
3906.751027,3909.464559,8.77777777777778,2.77388616284887,0.747312346514317,5.44341879913954,3.96152672283267
3907.65556,3910.369064,8.5,2.26778683805536,0.684974804131643,5.32499152013032,3.88971223995742
3908.560033,3911.273563,8.88888888888889,2.47206616236522,0.759867995305394,5.45103704879446,3.88724056398031
3909.464559,3912.178075,10,3.29501788419166,0.686672611805626,5.57099448661304,3.87684322727393
3910.369064,3913.082555,12.1666666666667,2.71416039810964,0.638776114824936,5.63634134463734,3.79794183352687
3911.273563,3913.987091,11.6666666666667,3.8815804341359,0.674540292603663,5.68808500038672,3.71328359540641
3912.178075,3914.891557,10,3.85449644663773,0.694491773122266,5.61419197088909,3.87936565103739
3913.082555,3915.796073,9.875,3.52288437018791,0.669429454533627,5.61399947515182,3.92237430560928
3913.987091,3916.700556,9.875,3.35676289643119,0.660759060472294,5.65325681771158,3.91261000375786
3914.891557,3917.60509,11.2857142857143,3.03942350423485,0.624499860799418,5.52394240188162,3.79517795357587
3915.796073,3918.509594,10,3.02371578407382,0.706125057459032,5.48362160222475,3.84625931713286
3916.700556,3919.41409,9.44444444444444,3.20589734361189,0.681511547795478,5.37966381843264,3.92576348594259
3917.60509,3920.318626,8.66666666666667,2.59807621135332,0.714706219892594,5.41400766245941,3.93994536783096
3918.509594,3921.223088,8.75,2.65921578128376,0.695223896631236,5.58949204612482,4.03351692468497
3919.41409,3922.12763,8.77777777777778,2.68224615657185,0.818133472309055,5.68221667883183,4.13543594391498
3920.318626,3923.03211,8.55555555555556,2.40370085030933,0.84130259779487,5.74325239211022,4.19723353250519
3921.223088,3923.936629,8.66666666666667,2.69258240356725,0.948675870068767,5.73291532744607,4.28459965901508
3922.12763,3924.841104,8.2,2.78088714861523,0.787686404933372,5.67700563270625,4.22186781425463
3923.03211,3925.745634,8.4,2.7968235951204,0.846790239755336,5.57254588251689,4.10926255967898
3923.936629,3926.650105,9,2.67261241912424,0.700416686876523,5.51223969883135,3.92176903215047
3924.841104,3927.554638,9.85714285714286,3.18478525851542,0.79272921067249,5.55725639276971,4.0031807079005
3925.745634,3928.459103,9.75,3.15096357144468,0.746374513522972,5.81346217482687,4.17352822470367
3926.650105,3929.363627,8.66666666666667,2.54950975679639,0.747254627952851,5.64332611286894,4.1689835866182
3927.554638,3930.268131,8.77777777777778,2.77388616284887,0.649568607396025,5.62127710126062,4.14922042558398
3928.459103,3931.172643,8.77777777777778,2.48886408717801,0.645068290883741,5.52860731154308,4.01134221219388
3929.363627,3932.077123,8.77777777777778,2.33333333333333,0.725725886709071,5.51774328622374,4.0498504393062
3930.268131,3932.981638,8.88888888888889,1.83333333333333,0.861990099940408,5.30259746664806,3.86607814860281
3931.172643,3933.886132,8.875,1.80772153354911,0.862595784906422,5.44061965103356,3.95873686911443
3932.077123,3934.790636,8.66666666666667,2.12132034355964,0.733910054437481,5.80873603413936,4.09613108603606
3932.981638,3935.695128,8.66666666666667,2.73861278752583,0.823223788379963,5.89232555431157,4.15217660531895
3933.886132,3936.599661,8.55555555555556,3.00462606288666,0.988924211375345,5.73458133751194,4.13543255765208
3934.790636,3937.504132,8.66666666666667,3.04138126514911,1.02619717842044,5.63589551441616,4.06604696475435
3935.695128,3938.408659,8.5,2.67706306736817,0.808404974041996,5.51503755411279,4.08080389370199
3936.599661,3939.31315,8.88888888888889,2.47206616236522,0.742990949558936,5.50719017524305,4.0204149777736
3937.504132,3940.217626,8.88888888888889,2.36877840059198,0.669824539215482,5.58862010153941,4.09195830403913
3938.408659,3941.122136,8.77777777777778,2.63523138347365,0.663279326195401,5.6238063721972,4.12062736363278
3939.31315,3942.026634,8.66666666666667,2.78388218141501,0.840334207333899,5.6648570398832,4.12405327760047
3940.217626,3942.931162,8.55555555555556,2.65099562009781,0.905244122075177,5.60790913816496,4.11032801258016
3941.122136,3943.835631,9.75,3.24037034920393,0.918174323459531,5.65376519843969,4.00105042887091
3942.026634,3944.740159,9.75,3.01188123461543,0.859734045368029,5.52495872839625,3.99422559103862
3942.931162,3945.644657,9.85714285714286,3.23669437485075,0.867276605368727,5.56455754163736,3.97477574271597
3943.835631,3946.549161,11.1428571428571,3.38765264987284,0.805172295511095,6.05743034553308,4.12514067044219
3944.740159,3947.45364,9.75,3.15096357144468,0.8149046734451,5.88930972744181,4.10325273413538
3945.644657,3948.358164,9.75,3.4537764010676,0.890933922753871,5.80010626230468,4.11635210302323
3946.549161,3949.262655,8.55555555555556,2.65099562009781,0.72981074614304,5.63846512395192,4.0101009747604
3947.45364,3950.167166,9.33333333333333,3.5,0.767955369772822,5.614025068907,3.97265158230054
3948.358164,3951.071646,10.1428571428571,2.911389784311,0.650483994038773,5.68341625581639,3.98905778588652
3949.262655,3951.976177,9.5,2.77746029931765,0.577236099013781,5.6357458156709,4.06903924330392
3950.167166,3952.880651,9.625,2.92464894108189,0.67451532724844,5.73992849270631,4.10046995707665
3951.071646,3953.785187,8.66666666666667,2.17944947177034,0.884806685512238,5.80455797339501,4.22410483171903
3951.976177,3954.689677,9.75,2.96407056017806,0.855439909694082,6.00147973580734,4.15694672476035
3952.880651,3955.594183,10.5,3.85449644663773,0.863555548654937,5.84508133567272,4.10638178207344
3953.785187,3956.49868,10.6666666666667,3.50238014308365,0.716659601907984,5.78412451344263,4.00276381698298
3954.689677,3957.40319,9.625,3.15945293637092,0.645777224754022,5.80591853732262,4.10882599672502
3955.594183,3958.307686,9.75,3.24037034920393,0.547942663241946,5.92268607223937,4.14331176587323
3956.49868,3959.212188,8.88888888888889,2.97676184991529,0.625109844495083,5.81883096804849,4.11510593587863
3957.40319,3960.116698,8.66666666666667,2.39791576165636,0.741182223484928,5.74122418652419,4.07461584372052
3958.307686,3961.021201,8.66666666666667,2.17944947177034,0.750603151853764,5.63078545249851,4.01436071356761
3959.212188,3961.925683,9.44444444444444,3.12694383988229,0.714772476777318,5.75364452372946,4.1142853999189
3960.116698,3962.830214,9.625,3.58319490319543,0.695968881776678,5.59958597939743,4.00844366770472
3961.021201,3963.734685,8.5,2.97609523657138,0.792022448129209,5.65998949147176,4.12491146057372
3961.925683,3964.639206,8.88888888888889,3.01846171271247,0.738163174506778,5.44693951165242,4.01283341746579
3962.830214,3965.543708,8.55555555555556,2.50554939639548,0.686084289534822,5.34972473948261,4.01970151751066
3963.734685,3966.448214,8.55555555555556,2.2973414586817,0.607603588199496,5.41221811652095,3.9388498342661
3964.639206,3967.352702,8.66666666666667,2.39791576165636,0.632452763162476,5.55355045685007,3.95549971635179
3965.543708,3968.257214,8.66666666666667,2.5,0.808306364766618,5.57850917264694,4.01452283843482
3966.448214,3969.161694,8.77777777777778,2.63523138347365,1.02484842462924,5.30900631548285,3.95934554276331
3967.352702,3970.066222,8.77777777777778,2.63523138347365,0.913315400140995,5.44935558474961,3.96447240060296
3968.257214,3970.970691,8.88888888888889,2.36877840059198,0.938606714307076,5.34103774298022,3.84232700796743
3969.161694,3971.875218,8.5,2.20389266007736,0.604718994608812,5.45603565355658,3.90780778594703
3970.066222,3972.779722,8.77777777777778,2.22361067735439,0.880730234649401,5.29930605590337,3.77665921293289
3970.970691,3973.684225,8.77777777777778,2.33333333333333,0.828619748559425,5.36228127261135,3.89694917494625
3971.875218,3974.588729,9,2.07019667802706,0.988561029581287,5.51719984073566,3.92418790525422
3972.779722,3975.493232,9.625,3.5431019500674,0.612435180938012,5.72645234179566,4.05953845190033
3973.684225,3976.397716,9.75,3.69362384967083,0.679527527207164,5.66373804295639,4.04631439430822
3974.588729,3977.302233,8.44444444444444,2.83333333333333,0.727689031089916,5.43279196625453,4.00428847250515
3975.493232,3978.206733,8.375,3.11390888939105,0.731281959102877,5.35858549947488,3.99851753430143
3976.397716,3979.111243,8.88888888888889,3.40750805004348,0.787042529003636,5.29974982791618,3.92798175091641
3977.302233,3980.015737,8.88888888888889,3.37062473602611,0.773089111456145,5.30071084551035,3.96941407174071
3978.206733,3980.920244,8.88888888888889,3.21886798597133,0.745523128469093,5.28539661746364,4.01312516641506
3979.111243,3981.824722,9,2.64575131106459,0.775404822015562,5.43114625540783,4.01895560113658
3980.015737,3982.729249,8.75,3.01188123461543,0.811040569787317,5.41757196308098,4.06677578518283
3980.920244,3983.633733,8.66666666666667,2.44948974278318,0.8590462925846,5.41373775985529,4.0067408856368
3981.824722,3984.538263,8.77777777777778,2.4381231397213,0.831715690072543,5.2205611629105,3.93615235487043
3982.729249,3985.442733,8.375,2.19983765634778,0.861558417437892,5.44729642790683,4.06899600378026
3983.633733,3986.347257,8.88888888888889,2.71313676601662,0.804244545701632,5.7060393494114,4.14700662063488
3984.538263,3987.251753,8.5,2.83823106098773,0.561445682018726,5.9566135320329,4.29083560153602
3985.442733,3988.156264,9,2.59807621135332,0.572862320482171,5.84547237076058,4.13506199480694
3986.347257,3989.060764,9.25,2.31455024943138,0.519183874702292,5.8963436566558,4.08646217822867
3987.251753,3989.965266,9.875,3.18198051533946,0.721010250159706,5.79213437347645,4.03198165922727
3988.156264,3990.869746,10,3.29501788419166,0.804684406891693,5.74430789120572,4.02374813403711
3989.060764,3991.774278,8.5,2.56347977784662,0.826819070749061,5.32069995271329,3.88347321211701
3989.965266,3992.678781,8.88888888888889,2.57120810342359,0.746517938071022,5.19125993719786,3.81633507918992
3990.869746,3993.583307,9,2.44948974278318,0.755149710230557,5.21127058997634,3.83536226099347
3991.774278,3994.487818,8.7,2.49666444147653,0.75112394581575,5.29388914124598,3.99135449944312
3992.678781,3995.392351,8.77777777777778,2.53859103528797,0.784496568048241,5.50066558175285,3.90597650089277
3993.583307,3996.296851,8.88888888888889,2.08832734769028,0.872462181887123,5.54213593571571,3.97048276129373
3994.487818,3997.201362,8.88888888888889,2.26077666104176,0.787480350940163,5.72900619506695,4.12473939573394
3995.392351,3998.105888,8.88888888888889,2.26077666104176,0.869201297166683,5.62729066154,4.14718860608454
3996.296851,3999.010405,8.55555555555556,2.74367960552572,0.839601213777224,5.55864299722873,4.15615668295208
3997.201362,3999.914941,8.66666666666667,2.59807621135332,0.977106315515006,5.45030832944703,3.94762188926838
3998.105888,4000.819462,8.5,2.50554939639548,0.871307854555056,5.31116197508628,3.9598239988501
3999.010405,4001.723978,8.66666666666667,2.12132034355964,0.617677793958908,5.12773600039014,3.91364923984784
3999.914941,4002.628474,8.77777777777778,2.33333333333333,0.592406103312918,5.13454534429167,3.98383005042301
4000.819462,4003.532997,8.77777777777778,2.38630351054606,0.788833645884769,5.43855031861762,4.06356441193857
4001.723978,4004.437513,8.88888888888889,1.96497102042527,0.752825799636922,5.47847446741484,4.07157998409533
4002.628474,4005.342047,8.375,1.50594061730772,0.613114800884976,5.4283346773567,4.08466341891991
4003.532997,4006.246552,8.77777777777778,2.04803428790742,0.656836829247207,5.37865522808987,4.0132286809639
4004.437513,4007.151062,8.6,2.36643191323985,0.660050067965243,5.41124967111325,4.04906419608802
4005.342047,4008.055551,8.66666666666667,2.29128784747792,0.729402862220774,5.48916355086922,3.99698010320075
4006.246552,4008.960081,8.66666666666667,2.54950975679639,0.887205172490633,5.57655318495908,4.06430646799849
4007.151062,4009.864585,8.66666666666667,2.78388218141501,0.978885936213247,5.46717868547743,4.00268542413121
4008.055551,4010.769115,8.88888888888889,2.71313676601662,0.9774378115042,5.42200709101161,3.92591826337986
4008.960081,4011.673612,9.71428571428571,3.3523268393901,0.777975883713237,5.35406675908538,3.81297619856193
4009.864585,4012.578126,10,3.77964473009227,0.712306322772143,5.81403172386601,4.00754372431279
4010.769115,4013.48259,10,4,0.739145991831437,5.78144620993218,4.01793095249607
4011.673612,4014.387113,8.4,3.3065591380366,0.826148179446632,5.40246531227691,3.92249126741009
4012.578126,4015.29165,8.77777777777778,2.4381231397213,0.645695677360841,5.10931647425868,3.78328341859147
4013.48259,4016.19613,8.55555555555556,2.40370085030933,0.756788629341258,5.4143243339298,3.87706602437351
4014.387113,4017.10064,9.625,3.24862608321909,0.712844634290415,5.49866797524089,3.8975752829817
4015.29165,4018.005126,9.71428571428571,3.59231985000806,0.631365757273521,5.32162749454056,4.00003882150593
4016.19613,4018.909634,9.875,3.13676357322093,0.54207349180991,5.32500593593418,3.92144119908611
4017.10064,4019.814135,8.88888888888889,3.01846171271247,0.65841223507678,5.16131172739913,3.90734133520918
4018.005126,4020.718657,8.77777777777778,2.99072640748773,0.998489786800448,4.66239012302069,3.65691503205547
4018.909634,4021.623151,9,2.97609523657138,0.993921606195789,4.61263327557535,3.55577440223692
4019.814135,4022.527646,9.22222222222222,3.30823887354653,1.0606713137181,4.90777292258254,3.64733854311049
4020.718657,4023.432143,9.875,3.60307408432617,0.590974822967703,5.53865587067614,3.84987525740288
4021.623151,4024.336648,8.625,3.06768875307034,0.697217925321951,5.62756813894719,3.99782999277192
4022.527646,4025.241142,8.66666666666667,3.04138126514911,0.757487118191526,5.58650434663571,3.92261436428543
4023.432143,4026.145653,8.2,3.01109061083632,0.708294496847263,5.39775246457978,3.85284226673653
4024.336648,4027.050179,8.66666666666667,3.04138126514911,0.678610428365152,5.36084794103182,3.85628893029836
4025.241142,4027.954677,8.66666666666667,3.1224989991992,0.5662130636262,5.42383734250382,3.95260148175402
4026.145653,4028.859173,8.77777777777778,2.94863433549236,0.703083963551965,5.45147672572961,3.97603887348296
4027.050179,4029.763661,8.88888888888889,2.75882422620781,0.738250456813924,5.33052465684218,3.93027395484882
4027.954677,4030.668191,8.55555555555556,2.00693242979872,0.692315001133213,5.04997178855327,3.85030454258117
4028.859173,4031.572689,9.875,3.27053949241231,0.628121931247379,5.20748919291617,3.83575076342
4029.763661,4032.477196,11.7142857142857,3.90360029179413,0.827340522931,5.53790225770723,4.17404339939795
4030.668191,4033.381691,10.8333333333333,3.65604522218567,1.23359880691063,6.14303603483061,4.48939030798079
4031.572689,4034.286194,10.7142857142857,3.86066858261129,1.28721049503474,5.91645840536898,4.44823180754598
4032.477196,4035.190674,10.5,3.33809184158512,1.18690616320953,5.64170512890184,4.18578332106419
4033.381691,4036.095212,9.875,2.85043856274784,0.650536396655491,5.41058655504692,3.84293598053647
4034.286194,4036.999677,9.85714285714286,3.07834216359886,0.914946028423362,5.42123731558955,3.88536703060804
4035.190674,4037.904202,8.88888888888889,1.90029237516523,0.928084777026828,5.44274040198343,3.96109881690433
4036.095212,4038.808708,8.77777777777778,2.94863433549236,0.852934192045017,5.40223751094867,3.99675245126296
4036.999677,4039.713183,8.66666666666667,3.20156211871642,0.707070647743365,5.35881062384374,3.99989668895192
4037.904202,4040.617715,8.875,2.74837614393871,0.64664983707507,5.11636666750094,3.79969308341286
4038.808708,4041.522177,8.88888888888889,3.05959329178097,0.674399987486814,5.17166552336538,3.80960418434285
4039.713183,4042.426711,10.125,3.72011904571422,0.694931138513964,5.3035236576344,3.83087249374988
4040.617715,4043.331201,10,3.66450152525162,0.688244773742429,5.28387326619856,3.83280164438327
4041.522177,4044.235712,9.85714285714286,3.4364987719369,0.822291476146676,5.0659142103659,3.68705769780022
4042.426711,4045.140191,8.77777777777778,2.4381231397213,0.658220475532165,4.91834173957646,3.68205564281491
4043.331201,4046.044724,8.1,2.84604989415154,0.755230535423226,5.35305561585955,3.98751810243626
4044.235712,4046.949189,9,3.11677488989592,0.445762278768053,5.75326486227861,4.12867434135047
4045.140191,4047.853704,10.1428571428571,4.14039335605413,0.509173367687899,5.79649902401273,4.18333970498061
4046.044724,4048.758217,9.625,3.20434972230828,0.638915889538941,5.64873338601079,4.05208349661716
4046.949189,4049.662722,9.875,3.22656385117578,0.606561637771067,5.57545837996044,3.97426024327613
4047.853704,4050.567201,11.3333333333333,3.72379734500505,0.679718858280305,5.74891797080338,3.95363871261086
4048.758217,4051.471717,11.4285714285714,3.30943816264649,0.600755079048298,5.68892941857574,3.94364922716974
4049.662722,4052.376208,10.625,3.62284418654736,0.706026390130224,5.64203732843097,4.04774548857885
4050.567201,4053.280734,9.75,3.57571171736681,0.716009982152917,5.62965246983341,4.03057232909886
4051.471717,4054.185214,9,2.82842712474619,0.69376104845613,5.61877348012545,3.90238560729111
4052.376208,4055.089722,11.4285714285714,4.0355562548073,0.556326048675163,5.83320557211151,3.94560745012874
4053.280734,4055.994228,13.5,2.73861278752583,0.450586476656625,5.99337042955329,3.97039721183561
4054.185214,4056.898753,13.5,2.73861278752583,0.505763815502771,5.88270799091519,3.9431383802984
4055.089722,4057.803239,11.4285714285714,3.77964473009227,0.756841510656315,5.49270476707906,3.84371577347393
4055.994228,4058.70773,10,4.14039335605413,0.611257935850343,5.24829420574776,3.7528880513858
4056.898753,4059.612239,8.77777777777778,3.49205447329283,0.686651212390246,5.18806397284602,3.77848384217953
4057.803239,4060.51674,10.8571428571429,3.33809184158512,0.658152322301274,5.32790768060616,3.73138677178009
4058.70773,4061.421239,12.8,2.48997991959775,0.315173688976986,5.67638490820264,3.80471411377044
4059.612239,4062.325757,11.1428571428571,3.53216512583861,0.489367168970052,5.63728614665248,3.93848369616665
4060.51674,4063.230268,10,3.85449644663773,0.781778043999151,5.44597408490917,3.94524079652415
4061.421239,4064.134771,9.85714285714286,4.14039335605413,0.786952536862679,5.3650309013433,3.96211808144548
4062.325757,4065.039273,9.875,3.68151754424333,0.813891522498225,5.41354883884846,3.89781615950904
4063.230268,4065.943749,10.625,3.58319490319543,0.666417455628649,5.46490163200872,3.92216971174936
4064.134771,4066.848287,9.75,3.05894472933769,0.77585942541615,5.41583182747127,3.96808305758993
4065.039273,4067.752778,8.75,2.91547594742265,0.727081816836042,5.45135871524089,3.98381699242803
4065.943749,4068.657283,8.55555555555556,3.00462606288666,0.757062232304702,5.69304769905529,4.17214868242152
4066.848287,4069.56176,8.55555555555556,2.83333333333333,0.736003785813567,5.76447899507871,4.16547862748713
4067.752778,4070.466288,8.66666666666667,2.82842712474619,0.717455725509731,5.66800019746357,4.248906917251
4068.657283,4071.370769,8.55555555555556,2.24227067451229,0.698046175930939,5.5531147423504,4.07238207036822
4069.56176,4072.275279,8.55555555555556,2.185812841434,0.626063434934963,5.44729462153633,4.02468872180057
4070.466288,4073.179814,9.625,2.87538817255291,0.643228958831943,5.40611656512571,3.9431694934386
4071.370769,4074.084283,9.75,3.10529501704059,0.56655589718393,5.67040358783714,4.0737485377931
4072.275279,4074.988803,8.66666666666667,2.34520787991171,0.61058664975405,5.59970014930238,4.07213949215814
4073.179814,4075.893306,8.7,2.21359436211787,0.567730279405292,5.68132703521695,4.19665793874657
4074.084283,4076.797806,8.55555555555556,2.06827894099848,0.589786735857706,5.68067017272695,4.09229340868132
4074.988803,4077.702316,8.3,2.49666444147653,0.728284536362997,5.51491175346684,4.04344959515425
4075.893306,4078.606839,8.55555555555556,2.45515331044271,0.789264025562813,5.60567359394155,4.08479936206317
4076.797806,4079.511334,8.77777777777778,2.72845092395748,0.846041166342857,5.64298746378301,4.14780637359797
4077.702316,4080.415838,9.75,3.37003603202441,0.782774368253699,5.79966858499711,4.1245553577604
4078.606839,4081.320342,11.1666666666667,3.9707262140151,0.792927070144211,5.73246736966291,4.08126300864408
4079.511334,4082.224822,11.1428571428571,3.62530786869986,0.830946310000096,5.54265839209373,3.90352056237311
4080.415838,4083.129353,9.75,3.32737562824346,0.969170764716794,5.49269761458405,3.96396149049202
4081.320342,4084.033832,9.875,3.35676289643119,1.12058419426848,5.41363512230418,4.00249922057991
4082.224822,4084.938355,9.85714285714286,3.38765264987284,0.840307804597157,5.90977814941956,4.17866761262488
4083.129353,4085.842876,8.55555555555556,1.9436506316151,0.932466661519154,5.78923547518591,4.15721300241617
4084.033832,4086.747354,8.44444444444444,2.00693242979872,0.716666184074278,5.87841228226296,4.16331660174413
4084.938355,4087.651895,8.66666666666667,2.82842712474619,0.845870038988177,5.80051288079716,4.1751114549023
4085.842876,4088.556385,8.66666666666667,2.95803989154981,0.634605352145829,5.82111361050418,4.11851253029215
4086.747354,4089.460877,8.4,2.7968235951204,0.832754163966121,5.68122872301546,4.0792450566978
4087.651895,4090.365392,8.77777777777778,2.48886408717801,0.729872444937523,5.5369556130878,3.98416821387472
4088.556385,4091.269872,9.875,3.18198051533946,0.901529035013137,5.92622209008261,4.12566053590188
4089.460877,4092.174414,9.875,3.09088521763126,0.933436634557452,5.88766827701802,4.13582076015576
4090.365392,4093.078923,10,2.72554057547699,0.877478147249611,5.88849191618251,4.16122951773028
4091.269872,4093.983404,8.77777777777778,1.92209376577847,0.84692704286191,5.63191472493161,4.05843609289413
4092.174414,4094.887933,8.88888888888889,2.36877840059198,0.808785116762732,5.57843958027971,3.9908750531839
4093.078923,4095.792458,8.4,2.67498701969852,0.845361088042392,5.48769969297842,3.99778975825829
4093.983404,4096.696919,8.77777777777778,2.68224615657185,0.706116706186534,5.24198672813992,3.84211980955983
4094.887933,4097.601444,8.66666666666667,2.5,0.680615168722431,5.39313488928829,3.96332201967891
4095.792458,4098.505976,8.55555555555556,2.185812841434,0.851443703261521,5.34083700111181,3.8892629882553
4096.696919,4099.410467,9.625,2.82526863450944,0.864229503994571,5.5496391600941,3.97473223555875
4097.601444,4100.314978,9.875,3.04431554587516,0.908745186258022,5.4237364451741,3.85293535060317
4098.505976,4101.219489,10.625,3.50255009141299,0.9287971310973,5.39122381366322,3.81447443001575
4099.410467,4102.123978,9.875,3.04431554587516,1.06092970540353,5.3698800827087,3.82709573398385
4100.314978,4103.028493,8.75,2.18762754730194,1.03492629416512,5.45732021825544,4.01788822248967
4101.219489,4103.933007,8.66666666666667,2.29128784747792,0.872325970835265,5.70809497573022,4.19759656194195
4102.123978,4104.837502,8.66666666666667,2.5,0.821343228508869,5.70563410777118,4.20126484191058
4103.028493,4105.742001,8.375,2.38671920665766,0.664426279467374,5.69711309207451,4.1281641444619
4103.933007,4106.646538,9.875,3.22656385117578,0.502483702567193,5.71930011948816,3.94912843476825
4104.837502,4107.551058,9.44444444444444,3.12694383988229,0.583947703922738,5.51550625176561,3.9296006701979
4105.742001,4108.455526,8.75,2.18762754730194,0.736053735288213,5.3669549625591,3.88318243541175
4106.646538,4109.360059,8.66666666666667,2.23606797749979,0.787498102965713,5.41779990560495,4.00784984390361
4107.551058,4110.264569,8.88888888888889,2.31540733157497,0.706983297578543,5.69823766698074,4.11797030028994
4108.455526,4111.169048,8.66666666666667,2.82842712474619,0.642554144008336,5.76538267749013,4.15657760980084
4109.360059,4112.073575,8.5,2.82842712474619,0.674566646314784,5.62934578855645,4.18963179804445
4110.264569,4112.978095,8.66666666666667,2.54950975679639,0.829887112234086,5.64089647098206,4.07467530280999
4111.169048,4113.882579,8.3,2.11081869319834,0.857839501463426,5.47724989681898,4.08278577845408
4112.073575,4114.787109,8.66666666666667,2.12132034355964,0.887220172803508,5.45050580112592,4.01906534006125
4112.978095,4115.691611,8.7,2.05750658160146,0.87297296656417,5.58067552866722,4.12191138059341
4113.882579,4116.596124,8.66666666666667,2.23606797749979,0.915519831926851,5.64903358448874,4.02132452998285
4114.787109,4117.500616,8.66666666666667,2.54950975679639,0.990926572642838,5.65835046202877,4.08200368046687
4115.691611,4118.405152,8.77777777777778,2.68224615657185,0.906149434589074,5.58933789368503,4.04430669066974
4116.596124,4119.309663,8.77777777777778,2.90593262902712,1.06804061564065,5.7721522977986,4.17992100455622
4117.500616,4120.21418,8.5,2.63523138347365,1.02798274983729,5.59785267532171,4.11459362010083
4118.405152,4121.11865,8.88888888888889,2.42097317438899,1.24304271019833,5.79842247099753,4.13348481009185
4119.309663,4122.023172,8.66666666666667,2.23606797749979,0.873616866327701,5.98309741098952,4.16588826454295
4120.21418,4122.927679,8.88888888888889,2.26077666104176,0.803826360723538,6.03328937657763,4.23398848035304
4121.11865,4123.832165,8.77777777777778,2.10818510677892,0.6409068076554,5.91346525431258,4.18936968703363
4122.023172,4124.736693,8.88888888888889,2.57120810342359,0.644586840810643,5.98055203725655,4.1915846772728
4122.927679,4125.64122,8.88888888888889,2.66666666666667,0.819588147790142,5.97848749529922,4.18618568614449
4123.832165,4126.545743,8.6,3.06231575409489,0.880168322431762,5.8102507396258,4.20409390299388
4124.736693,4127.450216,8.77777777777778,2.99072640748773,1.00582911606597,5.69613433989639,4.10467973208074
4125.64122,4128.354724,8.875,3.04431554587516,0.954323736449947,5.78112492132156,4.12506217661928
4126.545743,4129.259235,9.875,3.35676289643119,0.855398113342284,5.90891403715197,4.1842389184034
4127.450216,4130.163758,9.875,3.18198051533946,0.689048920538357,5.82282196851254,4.14375696884384
4128.354724,4131.068238,9.57142857142857,3.15473944286703,0.804908056648839,5.73854809745013,4.21460499670206
4129.259235,4131.972777,8.55555555555556,2.06827894099848,0.698476178257494,5.52996745032,4.115158783024
4130.163758,4132.8773,8.3,2.31180545125329,0.888511429966533,5.38913553198279,4.14461647358034
4131.068238,4133.781797,8.44444444444444,2.69773567603977,0.902685318582891,5.50565386070391,4.23408698026035
4131.972777,4134.686284,8.55555555555556,3.00462606288666,1.08366947147629,5.70820562282033,4.39843515261901
4132.8773,4135.590809,8.55555555555556,2.87711275027201,0.950425986695901,5.89197952517334,4.34622408665827
4133.781797,4136.495342,8.77777777777778,2.53859103528797,0.891726451955668,5.7341248509262,4.1864584318526
4134.686284,4137.399847,8.66666666666667,2.39791576165636,0.803175699606185,5.60009898311364,3.97152616955301
4135.590809,4138.304358,8.66666666666667,2.17944947177034,0.638329721789742,5.64032095787859,3.97257356995098
4136.495342,4139.208859,8.3,2.35937844922485,0.792882743460756,5.50794833593716,4.03860340915325
4137.399847,4140.113367,8.66666666666667,2.39791576165636,0.849002737625325,5.61008067540804,4.06420732848388
4138.304358,4141.017883,8.66666666666667,2.59807621135332,0.855271881486079,5.72321965095859,4.11829747506649
4139.208859,4141.922415,8.66666666666667,2.59807621135332,0.746013310618729,5.80294425646087,4.12473463955982
4140.113367,4142.826916,8.66666666666667,2.87228132326901,0.660156112022817,5.68343760244799,4.1907729390061
4141.017883,4143.731416,8.55555555555556,2.60341655863555,0.532559392331347,5.72353549830216,4.18441718974202
4141.922415,4144.63594,8.3,2.58413965910857,0.585672284467355,5.69347493663081,4.2283836453097
4142.826916,4145.540435,8.44444444444444,2.40370085030933,0.52732980721672,5.8025891732141,4.25542437987679
4143.731416,4146.444957,8.55555555555556,2.24227067451229,0.709263485341254,5.73046053104988,4.25786141601856
4144.63594,4147.349468,8.44444444444444,2.2973414586817,0.829076382983874,5.72229944273162,4.16749253912788
4145.540435,4148.253991,8.25,2.49284690951645,0.873045002679436,5.59520056777065,4.19477761839029
4146.444957,4149.158495,8.55555555555556,2.50554939639548,0.756360432395641,5.64605918256783,4.11356456570665
4147.349468,4150.06299,8.3,2.35937844922485,0.613350084600359,5.59940134400445,4.18379276247457
4148.253991,4150.967503,8.66666666666667,2.17944947177034,0.607652400913472,5.6169777427832,4.15727582362632
4149.158495,4151.872028,8.75,2.37546987833084,0.580969169504368,5.71313829410306,4.24817982354668
4150.06299,4152.776537,8.88888888888889,2.26077666104176,0.654556217986945,5.80332095686491,4.21935335612982
4150.967503,4153.681065,8.77777777777778,2.4381231397213,0.671743344097232,5.84573683865836,4.2167031549229
4151.872028,4154.585555,8.625,2.50356888118884,0.618824345677092,5.94056620156759,4.2530422177906
4152.776537,4155.49008,8.77777777777778,2.4381231397213,0.599381528161473,5.80950233623575,4.15744781743755
4153.681065,4156.394598,8.5,2.27303028283098,0.697714994618066,5.62459787273023,4.16068070755468
4154.585555,4157.299108,8.66666666666667,2.17944947177034,0.692020932257165,5.61632625108244,4.05707948566543
4155.49008,4158.203611,8.7,2.00277585143997,0.896041623125736,5.51875741802169,4.0664284102628
4156.394598,4159.108185,8.66666666666667,2.06155281280883,0.844115451593571,5.78264424206485,4.11085135743592
4157.299108,4160.012697,8.44444444444444,2.12785755580062,0.935984499518077,5.89086499432752,4.25540313217545
4158.203611,4160.917249,8.66666666666667,2.29128784747792,0.748657360360993,6.31894051799934,4.4031148726726
4159.108185,4161.821774,7.63636363636364,3.07482445914323,1.30931878573218,5.82245757362607,4.36085879539776
4160.012697,4162.726348,7.54545454545455,2.84125452445346,1.2617005414023,5.66445645947394,4.19878093766711
4160.917249,4163.630876,7.8,3.11982905514602,1.1330536418329,5.4801567058741,4.1375141933589
4161.821774,4164.535397,8.66666666666667,2.29128784747792,0.77399168585167,5.80632529589333,4.12613643649901
4162.726348,4165.439947,8.66666666666667,2.17944947177034,0.679033637434036,5.94092956283918,4.17791238472087
4163.630876,4166.344488,8.77777777777778,2.38630351054606,0.778398398795518,5.82440918383944,4.18686177054386
4164.535397,4167.249004,8.77777777777778,2.63523138347365,0.604429081939866,5.91099541971137,4.10395518192189
4165.439947,4168.153564,8.4,2.98886823619465,0.760862859343584,5.76665655320888,4.17312845734791
4166.344488,4169.058076,8.66666666666667,2.78388218141501,0.798319460698265,5.68291016385244,4.05417576441192
4167.249004,4169.962633,8.5,2.9277002188456,0.757801437548093,5.72565950032941,4.09352782006005
4168.153564,4170.867129,8.66666666666667,2.78388218141501,0.779952958247419,5.6350500293521,4.0709622576628
4169.058076,4171.7717,8.66666666666667,2.59807621135332,0.636955200462981,5.6037132709676,4.12718745170001
4169.962633,4172.676212,8.55555555555556,2.2973414586817,0.650228163291502,5.70922808733516,4.0716424752538
4170.867129,4173.58076,8.3,2.11081869319834,0.572063200650806,5.72484238387794,4.1094910109353
4171.7717,4174.485262,8.55555555555556,2.06827894099848,0.831758229292163,5.68044738577878,4.26260273712681
4172.676212,4175.389803,8.66666666666667,2.17944947177034,0.965438842675767,5.60893905921263,4.32644055884809
4173.58076,4176.294325,8.55555555555556,2.06827894099848,1.00989069499792,5.69340826024618,4.4868115628692
4174.485262,4177.198862,8.55555555555556,2.12785755580062,0.978175329671176,5.70286356633433,4.42253814210867
4175.389803,4178.103398,8.55555555555556,2.00693242979872,0.902804943679731,5.88017095613986,4.43092632461281
4176.294325,4179.007924,8.2,2.44040069569642,1.01310036351863,5.70939666786989,4.22017453227258
4177.198862,4179.912435,8.44444444444444,2.55495161945932,1.17499595356279,5.66311982576481,4.14376005106954
4178.103398,4180.816969,8.66666666666667,2.39791576165636,1.07557903587625,5.64400798396574,4.166283727948
4179.007924,4181.721472,9.625,3.02076149339864,0.880859644375291,5.82771822904318,4.17838496973017
4179.912435,4182.625996,9.625,3.02076149339864,0.414520114517714,5.81318399474433,4.20582005711237
4180.816969,4183.530533,9.625,2.82526863450944,0.624211483238677,5.65845612750354,4.12188467702898
4181.721472,4184.435072,8.3,1.94650684275419,0.929217941159462,5.57815124022813,4.15898133160747
4182.625996,4185.339583,8.44444444444444,2.24227067451229,0.970707752775647,5.60741995190494,4.14842988548656
4183.530533,4186.244092,8.6,2.06559111797729,0.873731410266818,5.72574235192977,4.21309998391539
4184.435072,4187.148592,8.44444444444444,2.40370085030933,0.520252467370358,5.79466164527558,4.08672744763224
4185.339583,4188.053119,8.55555555555556,2.2973414586817,0.495539390483817,5.84671786490525,4.09403716152458
4186.244092,4188.957655,8.55555555555556,2.2973414586817,0.7064657158925,5.4858197496896,3.9301990114247
4187.148592,4189.862158,8.3,2.26323269290239,0.930476646642354,5.34913003288933,3.9138670147653
4188.053119,4190.766663,8.66666666666667,2.54950975679639,1.01949731267769,5.45064240609838,3.96972589797447
4188.957655,4191.671207,8.66666666666667,2.73861278752583,1.11623485511422,6.01183404939042,4.3482244992115
4189.862158,4192.575716,8.77777777777778,2.63523138347365,0.942677137902582,6.32978234821555,4.48862716982994
4190.766663,4193.480239,8.66666666666667,2.54950975679639,1.03110791562892,6.28005831479837,4.47929932750545
4191.671207,4194.38475,8.66666666666667,2.54950975679639,1.03583660942563,5.91696656828269,4.38017721955919
4192.575716,4195.289264,8.55555555555556,2.50554939639548,0.796667983732051,5.86641888103309,4.25116212474399
4193.480239,4196.193767,8.3,2.26323269290239,0.824888253343734,5.80195146378197,4.31047138876724
4194.38475,4197.098319,8.55555555555556,1.74005108481843,0.732225990867231,5.82363974861615,4.30534971238529
4195.289264,4198.002842,8.66666666666667,2.34520787991171,0.741549382606097,6.0946679790533,4.52072000664824
4196.193767,4198.907352,8.55555555555556,2.185812841434,0.926045016549883,6.11779688051645,4.55983477249819
4197.098319,4199.811876,8.55555555555556,2.40370085030933,0.859577053989807,6.17237947047457,4.67120400744829
4198.002842,4200.716391,8.55555555555556,2.40370085030933,1.01992856161896,6.14738144697541,4.48148190759327
4198.907352,4201.620916,8.55555555555556,2.69773567603977,0.833865590272422,6.20400745278234,4.42278444474302
4199.811876,4202.525442,9.75,3.15096357144468,1.00976402565734,5.98652308866347,4.29647146897507
4200.716391,4203.429952,11.1428571428571,3.1320159337915,0.725442372224383,6.29954831750655,4.3800895288527
4201.620916,4204.334475,9.875,2.90012315009454,0.713243199872937,6.11838637360991,4.29565380885504
4202.525442,4205.239005,9.75,2.86605752110555,0.769032665128129,6.29766600583987,4.43127872634856
4203.429952,4206.143538,8.66666666666667,2.91547594742265,0.78810608382144,5.967193306013,4.23855501292592
4204.334475,4207.048041,8.3,3.16403399335581,0.910368942668838,5.6291989574134,4.12016559931552
4205.239005,4207.952567,8.66666666666667,3.1224989991992,0.683969498427969,5.28463701403341,3.84382992908504
4206.143538,4208.857072,9.5,3.58568582800318,0.692001890966605,5.59527994508968,3.91904445158462
4207.048041,4209.761647,9.5,3.66450152525162,0.705039084051856,5.56611516962904,3.91260350151907
4207.952567,4210.666136,9.75,3.4948942350643,0.821745947526906,5.85550386668077,4.23850069102425
4208.857072,4211.570703,8.44444444444444,2.78886675511359,0.849100789778218,5.97671854987687,4.20971626947273
4209.761647,4212.475219,8.2,2.61618891604648,0.884358066077181,6.00424599140489,4.26501678941466
4210.666136,4213.37976,8.55555555555556,2.24227067451229,0.920453608674147,5.84188192274207,4.20676502598163
4211.570703,4214.28433,8.33333333333333,2.12132034355964,0.760202159131683,5.80690465533552,4.2448125222377
4212.475219,4215.188905,8.33333333333333,2.95803989154981,0.888833795139887,5.81900448870746,4.20550036644245
4213.37976,4216.093455,8.7,3.43349514181816,0.675662369154019,5.82756125561873,4.26597589887598
4214.28433,4216.998047,8.2,3.73571352696584,0.713584059999635,5.79196063824947,4.15124704165275
4215.188905,4217.902575,8.3,3.19895816373602,0.656296834821107,5.87807746386789,4.11858569329293
4216.093455,4218.807133,9.25,2.60494036125864,0.693036869023841,5.9891729619817,4.10592829190262
4216.998047,4219.711701,9.875,3.31393163133201,0.780510584256885,5.98935970014694,4.23845102609911
4217.902575,4220.616234,9.75,3.24037034920393,1.00753169339415,5.71734307717,4.21925679428975
4218.807133,4221.520778,8.7,1.94650684275419,0.944692856910561,5.58419066065551,4.29581911150232
4219.711701,4222.425319,8.55555555555556,2.24227067451228,1.04928945643515,5.56841216883752,4.23652507247424
4220.616234,4223.329873,8.2,2.25092573548455,0.866552992618671,5.74699649176392,4.29796810660274
4221.520778,4224.234423,8.44444444444444,2.2973414586817,1.07261313464313,5.69279266194987,4.24427836857218
4222.425319,4225.138953,8.55555555555556,2.35112266327765,0.942659618505168,5.65388614853,4.18870835155338
4223.329873,4226.043482,8.66666666666667,2.39791576165636,0.863779561649635,5.44817223263639,4.05854854402518
4224.234423,4226.948006,8.55555555555556,2.00693242979872,0.895717369108224,5.61719707055301,4.15875176184869
4225.138953,4227.852561,8.55555555555556,1.74005108481843,0.851244677122533,5.74317852639625,4.10996460429481
4226.043482,4228.757085,8.3,1.88856206322871,1.10491555997011,5.7745970702531,4.27965498851093
4226.948006,4229.661609,8.55555555555556,2.06827894099848,1.06754146553108,5.75997701582878,4.26589897021361
4227.852561,4230.566123,8.66666666666667,1.93649167310371,0.938514226541935,6.02555064777208,4.38255986037728
4228.757085,4231.470692,8.33333333333333,1.58113883008419,0.974989541970436,5.92025089931273,4.27113747537313
4229.661609,4232.375202,8.66666666666667,1.93649167310371,0.877667493984223,5.694430693285,4.27674833950475
4230.566123,4233.279731,8.66666666666667,2.5,0.958980327501018,5.75620229744323,4.11523934667376
4231.470692,4234.184254,8.4,2.50333111406915,0.873114836021147,5.51527114625115,4.03083316617742
4232.375202,4235.088787,8.88888888888889,2.20479275922049,0.80948942618168,5.40142695335285,3.90346628981773
4233.279731,4235.993318,8.77777777777778,2.04803428790742,0.907088936731399,5.50481410366737,4.01101681129987
4234.184254,4236.897839,8.88888888888889,2.08832734769028,0.826548980027282,5.44821079174822,3.97886914446567
4235.088787,4237.80237,9,2.34520787991171,0.862801096900399,5.43802995197029,3.97556901410955
4235.993318,4238.706926,8.75,3.28416112359219,0.638164173698361,5.11792831492351,3.85044075481813
4236.897839,4239.611423,9,3.39116499156263,0.748834312531525,5.1305453862076,3.76380520762271
4237.80237,4240.515937,8.4,3.47051068928543,0.687637305644156,5.02415745387838,3.78872154664273
4238.706926,4241.420478,8.88888888888889,2.75882422620781,0.801268994869436,5.12498304209368,3.80285863051633
4239.611423,4242.325017,8.88888888888889,2.31540733157497,0.7391865440763,5.32262958277314,3.81012608392398
4240.515937,4243.229536,8.77777777777778,2.27913238852956,0.777145895371533,5.65092079235006,3.96544763904955
4241.420478,4244.134083,8.77777777777778,2.27913238852956,0.875377781186077,5.70470691144136,3.96821545454205
4242.325017,4245.038581,9.71428571428571,3.63841933236058,0.978976504847083,5.80869630475213,4.1222896824511
4243.229536,4245.943113,11.1428571428571,3.4364987719369,0.753346439627138,6.02577004267525,4.07030365122864
4244.134083,4246.847635,10.375,3.70086862390825,0.6672017971619,5.94025321168803,4.17311428225743
4245.038581,4247.752174,8.5,2.26778683805536,0.776216578724961,5.76975214653363,4.19475470162451
4245.943113,4248.656703,8.5,2.06827894099848,0.789222161230197,5.59922177078393,4.20068176956766
4246.847635,4249.561209,8.55555555555556,2.24227067451229,0.750246174091054,5.69964779752938,4.14376012304124
4247.752174,4250.465719,8.7,2.35937844922485,0.812522515647051,5.63110772075769,4.18895841533513
4248.656703,4251.370265,8.44444444444444,2.40370085030933,0.791011556219862,5.66553012086034,4.15444603224824
4249.561209,4252.274806,8.1,2.28278582243519,0.864300456387581,5.46850696661456,4.09003459999786
4250.465719,4253.1793,8.44444444444444,2.40370085030933,0.950619646625967,5.43589843387498,4.08651815256304
4251.370265,4254.083814,8.44444444444444,2.40370085030933,0.976950705939369,5.63353385094698,4.14572030841241
4252.274806,4254.988378,8.55555555555556,2.60341655863555,0.946520993054811,5.68796928966791,4.13533574148532
4253.1793,4255.892884,8.5,2.8784916685157,0.907552691864832,5.83982911477633,4.29758416949198
4254.083814,4256.797418,8.66666666666667,2.82842712474619,0.861668721574512,5.72183608814518,4.13387124518496
4254.988378,4257.701941,8.66666666666667,2.54950975679639,1.01679176096976,5.6683969885385,4.12004260338526
4255.892884,4258.606465,8.66666666666667,2.54950975679639,0.962554622986747,5.45802391761557,3.9495571514679
4256.797418,4259.510989,8.88888888888889,2.57120810342359,0.906075496793112,5.47435551396802,3.95359545321628
4257.701941,4260.415498,9,2.64575131106459,0.773791897827137,5.6073595131902,4.05061099037183
4258.606465,4261.320058,8.77777777777778,2.10818510677892,0.687254053574343,5.61101300933428,4.0163828846692
4259.510989,4262.224561,8.55555555555556,2.24227067451229,0.8999072675284,5.574058194073,4.02335240718506
4260.415498,4263.129077,8.66666666666667,2.34520787991171,0.947140484219367,5.29886511779316,3.8813749734008
4261.320058,4264.033593,8.3,2.26323269290239,0.959357864195411,5.214797071154,3.90698008313431
4262.224561,4264.938142,8.77777777777778,1.85592145427667,0.756790143842639,5.20267023001764,3.83446582664187
4263.129077,4265.842684,8.55555555555556,2.00693242979872,0.784297284171466,5.19829216020266,3.89255575244715
4264.033593,4266.747193,8.66666666666667,2.73861278752583,0.828955320783193,5.19675902878991,3.87634295038813
4264.938142,4267.651727,9.75,3.61544306709822,0.850200180669621,5.27468978361665,3.88078855869448
4265.842684,4268.556254,9.75,3.41216311785605,0.738674201457795,5.36932307949476,3.96151890541237
4266.747193,4269.460765,9.875,3.22656385117578,0.808785178321027,5.46403856069337,3.98462787305873
4267.651727,4270.365306,8.4,2.67498701969852,0.861278581294663,5.30106591852834,4.0162642092424
4268.556254,4271.269842,9,2.64575131106459,0.814393018905249,5.25583348823367,3.94713950825516
4269.460765,4272.17436,9.375,2.55999441963678,0.683603647482154,5.27469138712212,3.83989153077093
4270.365306,4273.078905,10.1428571428571,3.4364987719369,0.785495234331761,5.38114829867629,3.86831348032884
4271.269842,4273.983407,10,3.70328039909021,0.855585539207076,5.32641704679326,3.83092652677812
4272.17436,4274.887979,8.88888888888889,3.37062473602611,0.851201035601787,5.3093884410994,3.80532881556318
4273.078905,4275.792472,8.77777777777778,3.38296385503074,0.772580326648399,5.33808850106274,3.85646377599476
4273.983407,4276.697037,8.66666666666667,3,0.685690039965859,5.35356027395901,3.86955701011916
4274.887979,4277.601549,9.44444444444444,3.74536750904071,0.717312000631101,5.35713595013432,3.93611553824215
4275.792472,4278.50606,9.75,3.41216311785605,0.732350845228683,5.24573451723227,3.81746152372125
4276.697037,4279.410601,8.625,2.50356888118884,0.829800622025925,5.2595273587429,3.88603516307929
4277.601549,4280.315139,8.88888888888889,2.84800124843918,0.770396654104899,5.32946954077227,3.95967165018663
4278.50606,4281.219672,8.77777777777778,2.90593262902712,0.701299638503828,5.26977120186851,3.96282137775728
4279.410601,4282.124202,9.75,3.57571171736681,0.597901444898156,5.31709535201959,3.92954680103097
4280.315139,4283.028701,9.75,3.15096357144468,0.518696976864746,5.25371138113738,3.80967341838104
4281.219672,4283.933277,9.33333333333333,3.20156211871642,0.669648269944064,5.35525803860106,3.87457455049682
4282.124202,4284.837793,8.44444444444444,2.74367960552572,0.673542448270505,5.28495115318221,3.85986736556648
4283.028701,4285.742298,8.66666666666667,2.91547594742265,0.611550327092898,5.60984839231144,4.04009093973754
4283.933277,4286.646843,8.77777777777778,3.19287401011134,0.802402111368437,5.55473471419611,4.03927433413468
4284.837793,4287.551354,8.66666666666667,2.82842712474619,0.953526527985435,5.59657709298123,4.14104115560508
4285.742298,4288.455864,8.77777777777778,2.63523138347365,1.00057918583621,5.73090380934608,4.16443567230895
4286.646843,4289.360434,8.77777777777778,2.72845092395748,0.869361811145464,5.76859374367171,4.21839464609966
4287.551354,4290.264933,8.66666666666667,2.44948974278318,0.755902548476115,5.77774708925039,4.15015347359287
4288.455864,4291.169456,9.625,3.42000417710689,0.689490846359957,5.46153168537306,3.99195547306027
4289.360434,4292.073999,9.625,3.50255009141299,0.694404168538236,5.6360681952893,4.0551039436378
4290.264933,4292.978538,8.44444444444444,2.87711275027201,0.760578010176738,5.44669363501436,4.05604909920675
4291.169456,4293.883044,9.5,3.50509832753866,0.736282824088051,5.6733857571071,4.1438486365022
4292.073999,4294.787583,9,3.46410161513775,0.884961006033785,5.57222320318624,4.04779855948001
4292.978538,4295.692121,9.11111111111111,3.14024061356946,0.827877803775214,5.64846701381394,4.02098311855242
4293.883044,4296.596635,8.5,2.12132034355964,0.898437461810361,5.50172003695645,4.11113242096035
4294.787583,4297.501176,8.55555555555556,2.06827894099848,0.80140883822059,5.41275471828256,4.02113060463955
4295.692121,4298.405686,8.55555555555556,2.24227067451229,0.85994024355986,5.36252660086107,4.08303530932421
4296.596635,4299.310204,8.55555555555556,2.35112266327765,0.931710361428139,5.46661371246407,4.06652826735066
4297.501176,4300.214722,8.2,2.44040069569642,1.02893515884545,5.72118245794847,4.21756808635468
4298.405686,4301.119284,8.55555555555556,2.2973414586817,0.941837999730238,5.8559217883957,4.2414549405735
4299.310204,4302.023782,8.6,2.01108041719978,0.85726699951678,5.66029031332872,4.23581055337995
4300.214722,4302.928309,8.44444444444444,2.06827894099848,0.631242459868991,5.53957990542479,4.09735751698193
4301.119284,4303.832845,8.8,2.25092573548455,0.629137923358879,5.50390093568754,4.19189724026227
4302.023782,4304.737363,8.55555555555556,2.35112266327765,0.580724600716306,5.56710735385163,4.13051776049919
4302.928309,4305.64188,8.2,2.39443799947573,0.698469499039992,5.51732487961465,4.11029919943417
4303.832845,4306.546421,8.55555555555556,2.40370085030933,0.779171764644919,5.4601295595583,4.13454159160439
4304.737363,4307.450951,8.44444444444444,2.65099562009781,0.750208876258161,5.6481409165633,4.16862532553158
4305.64188,4308.355464,8.66666666666667,2.82842712474619,0.87946755104548,5.37332775253051,4.02511303762802
4306.546421,4309.259994,8.55555555555556,2.60341655863555,0.762135959741177,5.2771787983698,3.99364726848823
4307.450951,4310.164543,8.44444444444444,2.185812841434,0.964124721943342,5.19418615858821,3.85701082447885
4308.355464,4311.069053,8.4,2.01108041719978,0.866185474400272,5.21449214931412,3.85401176737005
4309.259994,4311.973585,8.44444444444444,1.81046341520004,0.9874387082161,5.21142803042074,3.87189758285508
4310.164543,4312.878093,8.55555555555556,2.50554939639548,0.905181448350667,5.32325641048823,3.88648131118524
4311.069053,4313.782644,8.44444444444444,2.50554939639548,0.811920651964972,5.39724821997114,3.88639325601063
4311.973585,4314.687145,8.55555555555556,3.35824027993498,0.838379748976965,5.27758545548665,3.95336607289797
4312.878093,4315.591671,9.22222222222222,3.86580450158107,0.68621004233607,5.13569923440717,3.84472772658754
4313.782644,4316.496181,9,3.74165738677394,0.818467209024776,5.11648059203478,3.90877762557967
4314.687145,4317.400717,9.125,3.39905449037985,0.788181256062084,5.30037796480453,4.0710199230807
4315.591671,4318.30526,8.44444444444444,2.00693242979872,0.818026185796651,5.62672726686762,4.16328818816044
4316.496181,4319.209779,8.66666666666667,2.17944947177034,0.75379301308045,5.87484168890013,4.29338088476469
4317.400717,4320.114324,8.55555555555556,2.06827894099848,0.892313248936173,5.54760932257546,4.11008780055784
4318.30526,4321.01884,8.3,2.31180545125329,0.925219888578639,5.38470227969511,4.08748451992955
4319.209779,4321.923368,8.66666666666667,2.39791576165636,0.836142287543521,5.27122576756937,3.97185833295992
4320.114324,4322.827872,8.66666666666667,2.39791576165636,0.986775197859214,5.4042546540609,4.12385187502229
4321.01884,4323.732423,8.66666666666667,2.12132034355964,0.916799530374545,5.7883325012994,4.22760900626852
4321.923368,4324.636943,8.55555555555556,2.24227067451229,0.85486026370595,5.95050300597358,4.36634796130895
4322.827872,4325.541453,8.44444444444444,2.60341655863555,0.681292264651601,5.9287045742963,4.3435986949695
4323.732423,4326.445975,8.2,2.7406406388126,0.777810961347193,5.64264907353609,4.26547874185378
4324.636943,4327.350501,8.44444444444444,2.60341655863555,1.1570285165792,5.4495316830897,4.20830753629782
4325.541453,4328.255046,8.5,2.44948974278318,1.08336331130116,5.44347942482798,4.17455573609985
4326.445975,4329.159565,8.66666666666667,2.39791576165636,1.00752757140366,5.45718355723804,4.05324490106697
4327.350501,4330.064082,8.77777777777778,2.81858908754796,0.620059918355926,5.58798695449657,4.03454988571723
4328.255046,4330.968584,8.75,3.05894472933769,0.761996740887898,5.66966802040075,4.08321390424357
4329.159565,4331.873138,9,3.1224989991992,0.793431876189521,5.76921152222016,4.08463369543561
4330.064082,4332.777653,8.88888888888889,2.75882422620781,0.82047122883633,5.69561891253406,4.18043356869492
4330.968584,4333.68217,8.77777777777778,3.15348132140408,0.858815509480877,5.52818084911444,4.10889517410569
4331.873138,4334.58668,9,3.08220700148449,0.838550244467162,5.65338695329949,4.0961946434644
4332.777653,4335.491221,8.77777777777778,2.72845092395748,0.912314829777014,5.8369220366895,4.17916341479814
4333.68217,4336.395736,8.66666666666667,2.23606797749979,0.787694136121971,5.98515070979193,4.29564894465918
4334.58668,4337.300266,8.55555555555556,2.2973414586817,0.80831717438522,5.87931625546873,4.4025225412321
4335.491221,4338.204789,8.55555555555556,2.40370085030933,0.602907369960773,5.89243270167988,4.34152620168285
4336.395736,4339.10933,8.3,2.79085809185793,0.591130140211837,5.73744005181172,4.24359162216118
4337.300266,4340.013843,8.55555555555556,2.83333333333333,0.728551401859868,5.58797749938767,4.17762645095889
4338.204789,4340.918364,9,2.88675134594813,0.774691937801576,5.65850990366272,4.19147694608114
4339.10933,4341.822894,9.75,3.57571171736681,1.00567588443423,5.69165755428389,4.16980667546207
4340.013843,4342.727402,11.2857142857143,3.45032779671177,0.852941630118774,5.83849392169012,4.09269146531538
4340.918364,4343.631965,9.875,3.09088521763126,0.781860730650336,5.74031547934916,4.16990258637045
4341.822894,4344.536475,11.1428571428571,3.02371578407382,0.274195655369579,5.81935082804436,4.13156449558355
4342.727402,4345.440971,9,3.77491721763537,0.466104189754871,5.68858342766324,4.22404683551045
4343.631965,4346.345502,8.5,3.62530786869986,0.684354583036646,5.61554852676456,4.06338581243013
4344.536475,4347.250056,8.77777777777778,3.30823887354653,0.827079387018961,5.65655185150387,4.16716621990538
4345.440971,4348.154552,9.75,3.15096357144468,0.803999767135414,5.6845925162546,4.08690716067693
4346.345502,4349.059082,9.57142857142857,3.30943816264649,0.887809851954465,5.4877061936624,4.085145723106
4347.250056,4349.963611,9.625,3.06768875307034,0.679116977864621,5.18911464331723,3.88083999852885
4348.154552,4350.868141,8.4,2.83627298482435,0.603154760302002,5.06416730896119,3.81790350068166
4349.059082,4351.772669,9.125,2.79987244607423,0.581623456944888,5.20445952795001,3.82005537384688
4349.963611,4352.677183,9.71428571428571,3.45032779671177,0.668351364673798,5.39983013710928,3.95058636088396
4350.868141,4353.581693,9.875,3.39905449037985,0.702749936267454,5.6048315138036,4.06815622450548
4351.772669,4354.486227,8.66666666666667,2.59807621135332,0.7109776360146,5.57296421841681,4.0639575036624
4352.677183,4355.390765,8.66666666666667,2.59807621135332,0.644542020380106,5.6453893396135,4.12224303708715
4353.581693,4356.295267,8.66666666666667,2.59807621135332,0.621367576674048,5.67665455286458,4.10177820647615
4354.486227,4357.199791,8.66666666666667,2.59807621135332,0.72953958782318,5.73473686682861,4.21071319440941
4355.390765,4358.104327,9.625,3.37797487937881,0.731071688392447,5.63700549305441,4.15605162080903
4356.295267,4359.008847,9.625,3.77728171346236,0.720518116904589,5.84300715314401,4.21876496815784
4357.199791,4359.913393,8.44444444444444,3.16666666666667,0.801982050698102,5.53954351247706,4.0688598798484
4358.104327,4360.817901,9.55555555555556,3.16666666666667,0.874152261311843,5.66698077363326,4.16895582797445
4359.008847,4361.722431,9,3.24037034920393,0.874106633001443,5.47138853468574,4.00703980606855
4359.913393,4362.626924,9.11111111111111,3.10017920628971,0.884699322251473,5.56611420877387,4.00047208104788
4360.817901,4363.531465,8.44444444444444,2.65099562009781,0.906858967546542,5.39674299106487,4.03794047527808
4361.722431,4364.436001,8.55555555555556,2.55495161945932,0.947826191432355,5.64801837568366,4.12816352524713
4362.626924,4365.340507,8.55555555555556,2.83333333333333,0.895044631166011,5.68152152722994,4.13556839197414
4363.531465,4366.245046,8.55555555555556,2.45515331044271,0.812626157853341,5.38896703325548,4.03165923980942
4364.436001,4367.149559,8.55555555555556,2.35112266327765,0.832055845022123,5.14377613834585,3.78805091886642
4365.340507,4368.054106,9,2.54950975679639,0.82801396577848,4.99643292084685,3.72948749800332
4366.245046,4368.958616,10,2.72554057547699,0.985480905748051,5.26052796764196,3.80042757649996
4367.149559,4369.86313,11.1428571428571,2.96808419852332,0.561536946680939,5.85262287111849,3.99793706347855
4368.054106,4370.767666,9.75,3.4537764010676,0.688509293778889,5.76217032494612,4.0627414327782
4368.958616,4371.672181,11.2857142857143,3.90360029179413,0.570669989799038,5.71624842220738,3.98760652678327
4369.86313,4372.576722,11,4.12310562561766,0.435643122983043,5.49598722704616,3.87133651628618
4370.767666,4373.481226,10.5,3.85449644663773,0.664374481867212,5.31830029617015,3.82371477827124
4371.672181,4374.385762,9.875,3.27053949241231,0.723760961946133,5.27199699381898,3.83999896142496
4372.576722,4375.290259,9.75,2.81577190634672,1.06839858186661,5.32842108828289,3.90690775536276
4373.481226,4376.194769,9.625,2.97309362689534,0.916641222249411,5.47134107867912,3.9850926008767
4374.385762,4377.099331,8.77777777777778,2.63523138347365,0.867957007531207,5.41221512295467,4.02570287281227
4375.290259,4378.003836,8.5,2.67261241912424,0.600013699263272,5.28657508864923,3.95133603854466
4376.194769,4378.908353,8.66666666666667,2.39791576165636,0.680064185898336,5.03689022927174,3.77066792535402
4377.099331,4379.812883,8.4,2.17050941281329,0.836586979299692,4.83335298745079,3.7319580392858
4378.003836,4380.717423,8.66666666666667,2.12132034355964,0.950555928974935,4.842565673545,3.80529396424841
4378.908353,4381.621933,8.55555555555556,2.35112266327765,1.0749910200641,5.26614857255054,4.03158441111066
4379.812883,4382.526464,9.75,3.01188123461543,0.759047195047772,5.86829847432798,4.19762435737038
4380.717423,4383.430985,10,2.8784916685157,0.568031951007671,6.05279119822011,4.20628564148474
4381.621933,4384.335501,9.71428571428571,2.98408476836063,0.825972058967464,5.9910626109961,4.14181365515453
4382.526464,4385.240058,8.88888888888889,2.36877840059198,0.855643197636213,5.66913543291595,4.05417603763939
4383.430985,4386.144564,8.77777777777778,2.33333333333333,0.958633828150745,5.52589769317299,3.9866895685827
4384.335501,4387.049079,8.2,2.44040069569642,0.949360097673685,5.40096440027492,3.99821095560141
4385.240058,4387.953612,9,2.56347977784662,1.01493534969323,5.56581234486587,3.94411946262477
4386.144564,4388.858116,11.1428571428571,4.14039335605413,0.633163382948717,5.86235183029408,4.00135395217844
4387.049079,4389.762679,10.8571428571429,3.8483144114695,0.564243771081932,5.58259424069692,3.85769238204464
4387.953612,4390.66718,9.66666666666667,3.278719262151,0.541879469749415,5.51808138935653,3.99035993577873
4388.858116,4391.571691,8.66666666666667,2.54950975679639,0.802047901542943,5.42575474590328,3.91592011096948
4389.762679,4392.476221,9.33333333333333,3.08220700148449,0.796877228601835,5.5136027044971,3.97745385384374
4390.66718,4393.380733,9.75,2.81577190634672,0.91293249258196,5.54977095465905,3.97438366563095
4391.571691,4394.285282,8.77777777777778,2.53859103528797,0.674751805646044,5.68981394897621,4.19642500815995
4392.476221,4395.189799,8.66666666666667,2.34520787991171,0.606056619207578,5.68352330151496,4.21825289894346
4393.380733,4396.094322,8.7,2.35937844922485,0.76237801832449,5.68647056219899,4.26280078006839
4394.285282,4396.99882,8.55555555555556,2.24227067451229,0.813628977706845,5.49665024210869,4.07250813565058
4395.189799,4397.903365,8.44444444444444,2.40370085030933,0.910081114286307,5.5753578788,4.03140733204347
4396.094322,4398.807892,10.1428571428571,2.96808419852332,0.712847505839062,5.5846300263184,4.02923070041198
4396.99882,4399.712426,11.1428571428571,3.13201593379149,0.53327717549881,5.90648698460408,4.12861490503291
4397.903365,4400.616937,9.75,3.10529501704059,0.637573658706107,5.69105088507785,4.06250745825527
4398.807892,4401.521441,8.77777777777778,2.68224615657185,0.665824473690981,5.51749424824899,4.02861031919971
4399.712426,4402.425977,8.88888888888889,2.75882422620781,0.722960395764101,5.54911330059942,4.02258868408805
4400.616937,4403.330501,8.77777777777778,2.63523138347365,0.69213205484593,5.52672163313313,4.048413413394
4401.521441,4404.235037,9.33333333333333,3.35410196624968,0.714878445393324,5.67766428850549,4.09238980889001
4402.425977,4405.139563,9.75,3.32737562824346,0.825383052782251,5.55954693185518,3.98225253255409
4403.330501,4406.044054,9.75,3.32737562824346,0.74801377477745,5.61068314726624,3.98767062343478
4404.235037,4406.948617,9.875,3.13676357322093,0.797950067422998,5.54316744034008,3.96196718079228
4405.139563,4407.853143,9.75,2.86605752110555,0.694472843083997,5.44670697914862,3.99882787715381
4406.044054,4408.757651,8.77777777777778,2.10818510677892,0.798389319628319,5.51002869542687,4.0605505799229
4406.948617,4409.662162,9.44444444444444,3.00462606288666,0.869177643764959,5.5197187370543,4.10976452891789
4407.853143,4410.566689,9.75,2.91547594742265,0.978523926311842,5.56782172978648,4.10718539842248
4408.757651,4411.471222,8.625,2.26384628453435,0.998403250751876,5.44170819023375,4.12624077047712
4409.662162,4412.375742,8.55555555555556,2.2973414586817,0.901112312827845,5.40336751997062,4.1688733279675
4410.566689,4413.280258,8.66666666666667,2.95803989154981,0.894762511842566,5.37673193377181,4.21123657030506
4411.471222,4414.184792,9.71428571428571,4.02965199962667,0.910537954183143,5.47945917429534,4.21586703818627
4412.375742,4415.089298,11.4285714285714,3.86683086679272,0.806580185867211,5.7773293318796,4.1876762176141
4413.280258,4415.993841,13.5,2.42899156029822,0.508706060846449,5.9541629525272,4.14018692535854
4414.184792,4416.898376,11.1666666666667,3.9707262140151,0.567793883969318,5.84826596111631,4.07333326880367
4415.089298,4417.802889,10.3333333333333,3.2659863237109,0.548407912830098,5.75774049523735,4.05305826164477
4415.993841,4418.707394,9.625,3.42000417710689,0.699114525445498,5.68046537540766,3.99895621736181
4416.898376,4419.611935,9.75,2.91547594742265,0.720374170738799,5.59904778690056,4.05804735304166
4417.802889,4420.516459,8.55555555555556,2.2973414586817,0.697820516959596,5.6608848097483,4.11829023333009
4418.707394,4421.420987,9.22222222222222,3.34580998331412,0.909348179182115,5.57315337347646,4.05699399119226
4419.611935,4422.325492,10.2857142857143,2.9277002188456,0.937729251501855,5.64520122763134,3.9496270769276
4420.516459,4423.23003,10.3333333333333,2.87518115371304,1.05128060358894,5.6252126601011,3.81330619979003
4421.420987,4424.134573,12.8333333333333,2.40138848724372,0.356308319778164,5.92312905566866,3.82022825402979
4422.325492,4425.039085,11.1428571428571,3.18478525851542,0.69827325551623,5.61408717878884,3.80831320755052
4423.23003,4425.943597,11.1428571428571,3.18478525851542,0.668783925389715,5.6017340678028,3.89890863212988
4424.134573,4426.848111,9.75,2.91547594742265,0.768824181238173,5.47845163933967,3.84490658525619
4425.039085,4427.752664,10.625,3.24862608321909,0.721290175405568,5.45992471542238,3.89263100984691
4425.943597,4428.657175,9.625,2.92464894108189,0.883278437614992,5.41995733151178,3.93023543566371
4426.848111,4429.561706,8.66666666666667,2.12132034355964,0.796581090766625,5.66542560328843,4.14148901063321
4427.752664,4430.466204,9.375,3.02076149339864,0.651294386317516,5.93135743926107,4.21781016511529
4428.657175,4431.370739,9.5,3.07059789431495,0.799765753636936,6.12074744643123,4.3683445073556
4429.561706,4432.27529,9.5,3.29501788419166,1.00389274515339,6.0084545024613,4.23188918928174
4430.466204,4433.179809,8.44444444444444,2.24227067451228,1.15083928080239,5.92032767393665,4.2104837721024
4431.370739,4434.084309,9.75,2.54950975679639,1.09301216236953,5.56161602118793,4.09342460908285
4432.27529,4434.988829,10.7142857142857,3.09377254681539,0.860162235282458,5.9347475799682,4.04088137510273
4433.179809,4435.893387,9.44444444444444,2.50554939639548,0.776685772557953,5.65318390812089,4.06547621940016
4434.084309,4436.797891,9,2.87228132326901,0.947265466045241,5.51320828337617,3.98515051534486
4434.988829,4437.702429,8,1.76383420737639,1.11210708015129,5.38457555228826,3.95356503914076
4435.893387,4438.606939,8.2,1.61932770686548,1.39278081719057,5.37206929667954,4.06948673507169
4436.797891,4439.511434,8.11111111111111,1.96497102042527,1.60265495299943,5.64332625747219,4.31306994306579
4437.702429,4440.416,7.81818181818182,1.99088833530069,1.712654984365,5.74876573534207,4.38684061318384
4438.606939,4441.320515,7.7,2.00277585143997,1.64815487514012,5.89375710044932,4.25680426161561
4439.511434,4442.225022,8.2,1.87379590967403,1.53184348775496,5.75460073727245,4.35222902149722
4440.416,4443.129559,8.22222222222222,1.98606254796883,1.40160164501836,5.93843993091964,4.32317141459687
4441.320515,4444.034069,8.3,2.21359436211787,1.53660230418711,6.1242423736855,4.52560135981637
4442.225022,4444.938603,8.1,2.02484567313166,1.44632810565627,5.93205356133084,4.37863061206446
4443.129559,4445.843141,8,1.9436506316151,1.39041480801447,5.96312350548869,4.42739729064654
4444.034069,4446.747646,8.3,1.63639169448448,1.04109771076571,5.72916819656425,4.27838707346314
4444.938603,4447.652156,8.22222222222222,1.98606254796883,0.843101816926726,5.64060619856497,4.19780625084507
4445.843141,4448.556712,8.33333333333333,2.29128784747792,0.854211627261401,5.66457448342493,4.17077878300594
4446.747646,4449.461233,9.375,3.02076149339864,0.78562425941702,5.68692419527382,4.00477912294309
4447.652156,4450.365768,10.7142857142857,3.54562104171167,0.751594968909255,5.71599105961245,4.11005669828948
4448.556712,4451.270329,9.625,3.5431019500674,0.582880814128585,5.73497396657158,4.02938755908027
4449.461233,4452.174839,8.33333333333333,2.34520787991171,0.795018118836127,5.6801341709337,3.99942375594327
4450.365768,4453.079381,8.55555555555556,2.2973414586817,0.885108235251902,5.6048515171882,4.04769623149844
4451.270329,4453.98393,8.66666666666667,2.17944947177034,0.988105484309735,5.68594570135763,4.04034373690212
4452.174839,4454.888472,8.4,2.41292814278051,0.934769784586398,5.54531582319914,4.03925025341311
4453.079381,4455.793004,8.55555555555556,2.69773567603977,0.900228208274207,5.48853470739771,3.9930745797787
4453.98393,4456.697545,8.55555555555556,2.40370085030933,0.796874610599576,5.47085668876618,3.98853091822223
4454.888472,4457.602055,8.77777777777778,2.68224615657185,0.680948734014843,5.37397824190399,3.91915755184253
4455.793004,4458.506607,8.77777777777778,2.63523138347365,0.771658082189821,5.3373969723356,4.00694218619437
4456.697545,4459.411169,8.66666666666667,2.59807621135332,0.787389540557107,5.55419835551843,4.03618729972698
4457.602055,4460.31568,8.4,2.54732975660571,0.817596504343966,5.50962356844836,4.09477242289622
4458.506607,4461.220221,8.55555555555556,2.24227067451229,0.747234537189406,5.45235068999951,3.99640603897499
4459.411169,4462.124777,8.75,2.25198325291921,0.863585606045555,5.50862721168042,4.00328602530986
4460.31568,4463.029297,8.55555555555556,1.9436506316151,0.919634238666276,5.64207698935337,4.04897364796707
4461.220221,4463.933858,8.66666666666667,2.59807621135332,0.821308073980534,5.70175641305198,4.15779972066878
4462.124777,4464.838356,8.66666666666667,2.69258240356725,0.595477323240455,5.75043431232134,4.07415048174745
4463.029297,4465.742887,8.66666666666667,2.87228132326901,0.708759197430163,5.589226425837,3.99243595020672
4463.933858,4466.647428,8.55555555555556,2.55495161945932,0.711096542111201,5.46128991412492,3.9554924151651
4464.838356,4467.551928,7.9,2.92308816911917,1.16683197133414,5.12954233340514,3.87287897632369
4465.742887,4468.456498,8.11111111111111,3.75647588986155,2.46132832328737,6.03216608328265,4.94783897480812
4466.647428,4469.361,7.8,3.25917508308808,2.36817936845528,6.2799253451085,5.17244878079106
4467.551928,4470.265535,9.22222222222222,3.03223423311004,1.90616461678034,7.03494931114968,5.41831752397543
4468.456498,4471.170064,9.75,3.32737562824346,0.82474009634118,6.27156681075954,4.61578457705179
4469.361,4472.074574,9.44444444444444,3.39525813124389,0.80381678019325,6.25443829239197,4.40977944590736
4470.265535,4472.97911,8.88888888888889,2.26077666104176,0.776309019424023,5.94233412844916,4.11331340699693
4471.170064,4473.883646,8.55555555555556,2.185812841434,1.0615286904306,5.90643928647909,4.10958414321713
4472.074574,4474.788165,8.66666666666667,2.34520787991171,0.911248472239267,5.76654350706627,4.08113185848195
4472.97911,4475.692676,8.77777777777778,2.22361067735439,0.935834388286069,5.8411661105404,4.20581478372146
4473.883646,4476.597231,8.66666666666667,1.80277563773199,0.637042309136325,5.98861006078816,4.28131744530964
4474.788165,4477.501771,8.2,2.44040069569642,0.956773539445138,5.87231309882119,4.23684887706687
4475.692676,4478.40631,8.4,2.75680975041804,0.983951410384131,5.79164931528261,4.1444367914128
4476.597231,4479.310856,8.77777777777778,2.72845092395748,0.949141813645349,5.52595945691648,3.96549742831544
4477.501771,4480.215389,8.55555555555556,2.185812841434,0.668336783801875,5.66290298735205,3.9419385590331
4478.40631,4481.119947,8.66666666666667,2.34520787991171,0.731733777824498,5.59764310850605,3.92952400295916
4479.310856,4482.024454,8.5,2.72554057547699,0.884279459789304,5.40192344196556,3.91355261216767
4480.215389,4482.929012,8.88888888888889,3.10017920628971,0.912373198822618,5.35745095931572,3.86662704892012
4481.119947,4483.833567,8.66666666666667,3.1224989991992,0.851299742798702,5.53071188225312,3.96613907422497
4482.024454,4484.738108,8.4,3.06231575409489,0.864495025237572,5.4017826829655,4.00326618354311
4482.929012,4485.64264,8.77777777777778,2.68224615657185,0.802021908257873,5.31148051679466,3.90352731174346
4483.833567,4486.547156,8.77777777777778,3.1135902820449,0.755273208526659,5.33509065541887,3.95150763453871
4484.738108,4487.451707,9.875,3.7961446607992,0.722991558373189,5.54734798954061,4.05170097965963
4485.64264,4488.356272,10,3.62530786869986,0.631569000857765,5.60614777963588,4.06576386481052
4486.547156,4489.260824,9.85714285714286,3.4364987719369,0.547021050311531,5.74041211386323,4.03566288002761
4487.451707,4490.165321,8.88888888888889,2.84800124843918,0.605522064209895,5.59996763441871,3.98078183279524
4488.356272,4491.069869,8.6,2.91356978445495,0.669362572047644,5.4570130341985,4.02807674073654
4489.260824,4491.974411,9,2.91547594742265,0.533724043205086,5.23670896931715,3.88731740148622
4490.165321,4492.878949,8.77777777777778,3.2702361450581,0.506110961762503,5.16149388751087,3.73318415483478
4491.069869,4493.783504,8.88888888888889,3.25747004761534,0.505192197404794,5.31710471124122,3.79235600401252
4491.974411,4494.688014,8.77777777777778,2.94863433549236,0.65033285453571,5.39261604157485,3.87001350765297
4492.878949,4495.592545,8.77777777777778,2.48886408717801,0.693941108164471,5.4382604809373,3.9395120991303
4493.783504,4496.497062,8.77777777777778,2.33333333333333,0.776529296487116,5.43671646766253,3.97650670779985
4494.688014,4497.401605,8.66666666666667,2.17944947177034,0.6778551739511,5.46460983297005,4.00262672410372
4495.592545,4498.306131,8.4,2.41292814278051,0.690661971878944,5.57322217390208,4.0782160659156
4496.497062,4499.210691,8.44444444444444,2.74367960552572,0.685876894598853,5.71290989449311,4.05966033750024
4497.401605,4500.115215,8.55555555555556,2.87711275027201,0.649968184990936,5.81124478620915,4.14660940877541
4498.306131,4501.019763,8.55555555555556,2.78886675511359,0.719118439867529,5.92573933239704,4.19766793403944
4499.210691,4501.924262,8.375,2.38671920665766,0.786127599098793,5.83610456739068,4.24639542922236
4500.115215,4502.828804,8.77777777777778,2.4381231397213,0.689773281668737,5.77784020809066,4.07927530840674
4501.019763,4503.733315,8.4,2.54732975660571,0.661822068306788,5.54275843716356,4.06321850532753
4501.924262,4504.637844,8.77777777777778,2.38630351054606,0.669358232457561,5.52569175757093,4.04555781073035
4502.828804,4505.542402,8.77777777777778,2.38630351054606,0.92386510823519,5.47578559540976,4.12305588130261
4503.733315,4506.446908,8.77777777777778,2.22361067735439,1.18005503929845,5.46996317919975,4.0582353366512
4504.637844,4507.35143,8.77777777777778,2.53859103528797,1.17383535580245,5.33891105560929,3.93049047946199
4505.542402,4508.25596,8.5,2.56347977784662,1.01064695851797,5.24372975348168,3.87601360306991
4506.446908,4509.160496,8.77777777777778,2.72845092395748,0.66845299392699,5.48063139398611,3.91926264034562
4507.35143,4510.065012,8.5,2.79880927062444,0.786558161006965,5.48378720575246,4.07426988435896
4508.25596,4510.969575,8.4,2.91356978445495,0.897485940482185,5.58653755702529,4.08809603284472
4509.160496,4511.874075,8.66666666666667,2.95803989154981,0.958807642012064,5.65581104735896,4.08576460853577
4510.065012,4512.778635,8.66666666666667,2.73861278752583,0.820786152389214,5.93629028203669,4.18987982929917
4510.969575,4513.683145,8.55555555555556,2.40370085030933,0.717475031745354,5.94809366645729,4.24388320992587
4511.874075,4514.587656,8.25,2.12132034355964,0.758881418391671,5.66480576654876,4.25619016824881
4512.778635,4515.492168,8.66666666666667,2.06155281280883,0.819706724745554,5.66956345945414,4.16501599487998
4513.683145,4516.396727,8.4,2.11869981094276,0.883375233306929,5.72599811054985,4.18662451557365
4514.587656,4517.301237,8.33333333333333,2.54950975679639,1.0910590135975,5.8530037136016,4.20772234115516
4515.492168,4518.205762,8.75,2.76457178290909,0.836442798183851,6.00703669302263,4.2878263363015
4516.396727,4519.110317,8.66666666666667,2.5,0.902967491023398,5.79992758843153,4.25767116936546
4517.301237,4520.014827,8.66666666666667,1.93649167310371,0.901098044623398,5.77597185641888,4.29952252435281
4518.205762,4520.919356,8.66666666666667,2.06155281280883,1.13033363474155,5.4824425325958,4.1292232591785
4519.110317,4521.823878,8.66666666666667,2.17944947177034,1.04588372835701,5.30064432582845,3.97554648824495
4520.014827,4522.728389,9.875,3.22656385117578,0.869380799683696,5.14320474251324,3.86712989008028
4520.919356,4523.632919,10.5714285714286,2.99205296617238,0.61674133631328,5.28088625156714,3.75042643299967
4521.823878,4524.537473,10.8333333333333,3.18852107828483,0.568834930927782,5.5057486272412,3.86047318069649
4522.728389,4525.441984,13.1666666666667,2.78687399547713,0.288292424131728,5.8207456323942,3.89564760559235
4523.632919,4526.346492,11.1428571428571,3.4364987719369,0.822506402337709,5.41182895846997,3.80176841749144
4524.537473,4527.251041,11,3.21455025366432,0.800683708323649,5.11184472249345,3.71803904946384
4525.441984,4528.15557,10.25,4.26781978465419,0.731909667784716,5.12376587632238,3.66286507959589
4526.346492,4529.060082,10.375,4.43806585929373,0.693268771507962,5.16096893522563,3.70665546645026
4527.251041,4529.964645,8.57142857142857,3.04724700110022,0.601097281708661,5.16719555147924,3.76438442273346
4528.15557,4530.869158,9.5,3.58568582800318,0.653090662743799,5.0179460281046,3.66638146002198
4529.060082,4531.773668,11,3.46410161513775,0.581199356634858,5.26371589329198,3.71338529417717
4529.964645,4532.678172,9.625,3.33541601603158,0.651292099801718,5.21220569961629,3.705306028871
4530.869158,4533.582728,11,3.2659863237109,0.692588528230415,5.32585411162256,3.69372455094564
4531.773668,4534.487259,9.75,3.19597961731387,0.663611441750233,5.36637651474138,3.70662616944648
4532.678172,4535.39176,10.3333333333333,2.73252020425589,0.582094838796526,5.43302158788905,3.73456576496483
4533.582728,4536.296328,13,1.89736659610103,0.294752286264113,5.6575332756288,3.82398034863566
4534.487259,4537.200822,11.1428571428571,3.38765264987284,0.636144760734925,5.34005136404785,3.72503669167981
4535.39176,4538.105348,11,3.65148371670111,0.636275430617328,5.32836644037497,3.80091367752185
4536.296328,4539.009877,9.625,3.29230705042615,0.642831336653057,5.15250903312716,3.67231058568415
4537.200822,4539.914428,9.33333333333333,3.20156211871642,0.734979828040008,5.14477954485036,3.74317971952621
4538.105348,4540.818934,9,2,0.808505659378365,5.20428590853237,3.68732330037095
4539.009877,4541.723444,9.75,3.15096357144468,0.751754782535118,5.35959356764326,3.74735685480161
4539.914428,4542.627997,9.875,3.35676289643119,0.777962006853865,5.25483738363562,3.69776390686211
4540.818934,4543.532522,8.77777777777778,2.86259400621961,0.716865935262425,5.05826012716854,3.68161726318076
4541.723444,4544.43704,10,3.4226138716317,0.702741963268225,5.24839685799355,3.6814414415345
4542.627997,4545.341556,11.2857142857143,3.40168025708304,0.517291093217148,5.42860776497997,3.6259429338754
4543.532522,4546.246081,12.2857142857143,3.25137333621173,0.489239913982431,5.59622591050222,3.71188890528343
4544.43704,4547.150616,9.85714285714286,3.48466026218585,0.620057087008802,5.36728243328212,3.60294606560655
4545.341556,4548.055123,9.42857142857143,2.99205296617238,0.6983295066843,5.2453923637066,3.63931106944709
4546.246081,4548.959688,9.875,3.31393163133201,0.727970049005403,5.06213267895234,3.6540105389238
4547.150616,4549.864205,10,3.33809184158512,0.762302425585356,5.23408325438778,3.76214652149636
4548.055123,4550.768716,10,3.20713490294909,0.743333558567119,5.38533461388978,3.93312069856283
4548.959688,4551.67322,9.75,3.19597961731387,0.616539356009234,5.45712323456607,4.04185337649263
4549.864205,4552.577764,9.44444444444444,4.0345728123034,0.753028830579478,5.45126959816897,4.1649915983053
4550.768716,4553.482284,8.33333333333333,3.60555127546399,0.746751012900675,5.47984464444632,4.24357404758331
4551.67322,4554.386818,8.33333333333333,2.23606797749979,0.671967586237207,5.61074490243064,4.30794971461117
4552.577764,4555.291355,8.55555555555556,2.87711275027201,0.72531780546603,5.52133009015073,4.15611393163335
4553.482284,4556.19589,8.66666666666667,2.78388218141501,0.880914351638137,5.56714553504151,4.18797678009751
4554.386818,4557.100399,9.75,3.53553390593274,0.911859151827671,5.70255346085611,4.06302366370021
4555.291355,4558.004953,9.33333333333333,3.3166247903554,0.735173382381002,5.66557968563473,4.04987363277143
4556.19589,4558.909465,8.75,2.71240536372108,0.564490655468406,5.59923072752818,3.89177104057728
4557.100399,4559.813975,8.75,2.18762754730194,0.695742082644947,5.43655333065479,3.9928047552772
4558.004953,4560.718484,8.77777777777778,2.27913238852956,0.700128703073862,5.31699775741929,3.89987701038241
4558.909465,4561.623051,9.75,2.96407056017806,0.754558981279673,5.39695772492542,3.90373654691989
4559.813975,4562.527552,9.5,3.16227766016838,0.712367496951164,5.28340093325687,3.79041572622427
4560.718484,4563.432087,9.11111111111111,3.37062473602611,0.857905804779126,5.2586354157787,3.7742617354218
4561.623051,4564.336613,8.2,2.69979423084221,0.766150542792549,5.08647925098493,3.79048109079552
4562.527552,4565.241142,8.5,2.9277002188456,0.733912032059297,5.23985973341314,3.85963366666013
4563.432087,4566.145652,9.875,3.56320481749626,0.715491129592587,5.54711427141999,3.9336524767533
4564.336613,4567.050183,9.875,3.56320481749626,0.673711173524484,5.59312695111407,3.95255289514127
4565.241142,4567.954714,9.875,3.64250698597232,0.55395267255851,5.6292188816422,4.00170863296051
4566.145652,4568.859253,8.66666666666667,3.16227766016838,0.566708352529268,5.4100830672923,3.93707781162173
4567.050183,4569.763764,8.3,3.43349514181816,0.663034863996352,5.39512404722975,3.9873855109786
4567.954714,4570.668293,9,3.1224989991992,0.707549235231796,5.32792597416721,3.8445295910108
4568.859253,4571.572821,8.75,2.96407056017806,0.745500805926653,5.44141465748007,3.96619314888032
4569.763764,4572.477328,8.77777777777778,1.92209376577847,0.709821653938452,5.48747868309759,3.98889960913526
4570.668293,4573.381867,8.66666666666667,2.12132034355964,0.811686048849335,5.46098872964109,4.03043256883062
4571.572821,4574.28639,8.66666666666667,2.12132034355964,0.630000165603614,5.35933621573,4.01952691441258
4572.477328,4575.190917,8.66666666666667,2.34520787991171,0.737591674394822,5.29590684008907,3.94012583354413
4573.381867,4576.095451,9.33333333333333,3,0.561105253908209,5.30648133230273,3.86525440033087
4574.28639,4576.999983,9.75,2.76457178290909,0.714036095875108,5.12610640074784,3.7807304195038
4575.190917,4577.904506,8.55555555555556,1.81046341520004,0.705953408212659,5.22857324118151,3.84304674915352
4576.095451,4578.809016,8.44444444444444,1.81046341520004,0.777311497340858,5.22548596476252,3.8873570558285
4576.999983,4579.713522,8.44444444444444,1.9436506316151,0.649533346269869,5.3150078522873,3.98367852730305
4577.904506,4580.618083,8.2,1.75119007154183,0.673443594285266,5.31733821039776,3.9474390117481
4578.809016,4581.522617,8.3,1.76698110409314,0.653015311405264,5.26588059304554,3.88717596523418
4579.713522,4582.427113,8.44444444444444,1.9436506316151,0.675328371071363,5.25901648683386,3.98951456212445
4580.618083,4583.33164,8.55555555555556,2.06827894099848,0.768740263218022,5.43421371518789,4.00834714217967
4581.522617,4584.236193,8.55555555555556,2.00693242979872,0.725875921356717,5.43742764547498,3.98442752612731
4582.427113,4585.140708,8.55555555555556,1.9436506316151,0.704060452615103,5.30566124988031,3.89305934072944
4583.33164,4586.045208,8.4,2.11869981094276,0.750366354765224,5.29882964527124,3.88012545682058
4584.236193,4586.949779,8.4,2.17050941281329,0.827738002298109,5.39399981717983,3.93233092436468
4585.140708,4587.85429,8.66666666666667,2.17944947177034,0.866735574092036,5.48911393876489,3.93608151414337
4586.045208,4588.7588,8.66666666666667,2.64575131106459,0.652846661620012,5.47398605846695,3.93842148770867
4586.949779,4589.663303,8.66666666666667,2.82842712474619,0.608615285470269,5.41087856408878,3.90512829480344
4587.85429,4590.567881,8.44444444444444,2.92023591132254,0.606853021105442,5.25565084373556,3.95762152471843
4588.7588,4591.472385,8.55555555555556,2.55495161945932,0.830361657689187,5.23809580582175,3.84747837933276
4589.663303,4592.376912,8.2,2.25092573548455,0.82406575277019,5.22254369419065,3.88014859866802
4590.567881,4593.281439,8.44444444444444,2.24227067451229,0.9589860454813,5.386319158052,4.04120395791765
4591.472385,4594.185968,8.44444444444444,2.185812841434,0.839640798020977,5.66020160353209,4.15990993657755
4592.376912,4595.090476,8.55555555555556,2.50554939639548,0.889641503457858,5.63336365635635,4.16647617616537
4593.281439,4595.995011,8.55555555555556,2.2973414586817,0.840862564545162,5.48840163176419,4.12086250677207
4594.185968,4596.899545,8.3,2.31180545125329,0.775059017845815,5.48803718957017,4.05673070312461
4595.090476,4597.804056,8.3,2.35937844922485,0.73619736856282,5.56135493645562,4.07439938521298
4595.995011,4598.708578,8.6,2.22111083319436,0.653489468216899,5.67148117219268,4.15854345539459
4596.899545,4599.613093,8.44444444444444,2.24227067451229,0.783916718573963,5.68971828943668,4.15871345483444
4597.804056,4600.517656,8.6,2.11869981094276,0.815698892433558,5.78013266715295,4.31997482397767
4598.708578,4601.422177,8.33333333333333,2.29128784747792,0.912173570245181,5.65723117143589,4.25296216133953
4599.613093,4602.326696,8,2.62466929133727,0.929583238479456,5.55613040038467,4.13505884254842
4600.517656,4603.231188,8.5,2.46080384337223,0.915996497216208,5.4912448740583,4.11539271466129
4601.422177,4604.135745,8.44444444444444,2.60341655863555,0.764459072376252,5.61557160764919,4.07251410510299
4602.326696,4605.040258,8.5,2.67706306736817,0.803290496404761,5.67152621509598,4.2500683855323
4603.231188,4605.944784,8,2.66666666666667,0.702065137153348,5.61319942300443,4.27109066634805
4604.135745,4606.849295,7.9,2.60128173535022,0.743402954548022,5.58360226679099,4.2010612942173
4605.040258,4607.753848,8.4,2.17050941281329,0.867487697283993,5.53073520767171,4.21375936026083
4605.944784,4608.658351,7.5,2.63523138347365,0.953880293644856,5.35315703329744,4.19692077469536
4606.849295,4609.56287,7.72727272727273,2.83163942234562,1.06316200406698,5.5257214844054,4.37878538668371
4607.753848,4610.467413,8,3.55902608401044,0.999620138855487,5.48888068376941,4.3011395314647
4608.658351,4611.371937,8.88888888888889,3.40750805004348,0.986049659040901,5.74932294005175,4.24174012140352
4609.56287,4612.276462,8.44444444444444,2.40370085030933,0.837885472066778,5.84170633962684,4.31849425850101
4610.467413,4613.180998,8.33333333333333,2.29128784747792,0.720473096907982,6.03184799491649,4.35518278990469
4611.371937,4614.085504,8.5,2.12132034355964,0.508809322756963,6.04358884263062,4.40266566235767
4612.276462,4614.990035,8.33333333333333,2.29128784747792,0.647243877901447,5.83287673604579,4.2069517630621
4613.180998,4615.894545,7.9,2.46981780704569,0.791206560524521,5.65504337944335,4.09274180422157
4614.085504,4616.799076,8.33333333333333,2.59807621135332,0.883462079268743,5.56048655055183,4.1905432630323
4614.990035,4617.703588,8.44444444444444,2.69773567603977,0.912408766634766,5.79843363756838,4.26000556518551
4615.894545,4618.608101,8.6,2.36643191323985,0.79551289026036,6.03406479141192,4.46047056238659
4616.799076,4619.512658,8.44444444444444,2.55495161945931,0.918369944761004,6.15371214824482,4.41233610819696
4617.703588,4620.417183,8.1,2.60128173535022,0.862531950636741,6.02728893761106,4.33774772390178
4618.608101,4621.321705,8.44444444444444,2.50554939639548,0.901688465435571,5.87390421064122,4.26926740450705
4619.512658,4622.226203,8.55555555555556,2.40370085030933,0.834999545476316,5.75018173413276,4.23803157816919
4620.417183,4623.130764,8.55555555555556,1.9436506316151,0.929455422108016,5.9496187200205,4.38114806973985
4621.321705,4624.035295,8.66666666666667,2.23606797749979,0.976635634436111,6.04050971863325,4.44482313893019
4622.226203,4624.939808,8.66666666666667,2.23606797749979,1.03442958142617,6.03817727058497,4.38430451598586
4623.130764,4625.844319,8.3,3.05686840482943,1.13512134880811,5.80261261859039,4.17975036132294
4624.035295,4626.748849,8.875,3.04431554587516,1.14577001666912,5.76892252738913,4.11284269500373
4624.939808,4627.653373,9.875,3.7961446607992,1.11180571613043,5.9026960743188,4.1866367841058
4625.844319,4628.557887,9.875,3.39905449037985,1.0308562806695,5.8019649457855,4.12478888941439
4626.748849,4629.462421,8.375,2.82526863450944,0.96488966132165,5.47913790185442,4.15286323103821
4627.653373,4630.366946,8.55555555555556,2.96273147243853,0.962595679226564,5.59627322989997,4.03519169544947
4628.557887,4631.271468,8.1,2.96085573216033,0.862930610106894,5.39641130122233,4.00430937621004
4629.462421,4632.175985,8.77777777777778,2.68224615657185,0.942380209020145,5.21329259261136,3.91976786703793
4630.366946,4633.080524,8.44444444444444,2.74367960552572,1.07928014259092,5.44003543529647,4.00517091482048
4631.271468,4633.985036,8.55555555555556,2.65099562009781,1.11654470831901,5.52002290458157,4.03773188305297
4632.175985,4634.889547,8.66666666666667,2.95803989154981,1.0967889849521,5.52230022781881,4.13272195175299
4633.080524,4635.794078,8.44444444444444,2.60341655863555,0.869228261436182,5.35584763192716,4.03789956973867
4633.985036,4636.698621,8.2,2.29975844142138,0.872617525035389,5.34913744684954,4.06131476152526
4634.889547,4637.603114,8.44444444444444,2.35112266327765,0.802221420606564,5.46222805339699,4.08486750154475
4635.794078,4638.507635,8.55555555555556,2.50554939639548,0.872905628561735,5.8396989491232,4.20647101592942
4636.698621,4639.4122,8.55555555555556,2.78886675511359,0.942896089247696,5.83376810884102,4.1335544318533
4637.603114,4640.316704,8.66666666666667,2.91547594742265,0.925109659473905,5.90235735208317,4.19789106475186
4638.507635,4641.221226,8.55555555555556,2.92023591132254,0.957147432968942,5.54985265750342,4.02600139732206
4639.4122,4642.125754,8.3,2.62678510731274,0.965667219472154,5.57179720130175,4.12471068238108
4640.316704,4643.030261,8.66666666666667,2.34520787991171,0.99353872274255,5.59835116114239,4.08288456278084
4641.221226,4643.934805,8.6,2.11869981094276,0.927181441927067,5.73272254898687,4.15550465728211
4642.125754,4644.839316,8.66666666666667,2.23606797749979,0.934957619956093,5.74597339013759,4.03026815010469
4643.030261,4645.743843,8.55555555555556,1.9436506316151,0.989450136246639,5.52636347776935,4.00069486942495
4643.934805,4646.648367,8.66666666666667,2.06155281280883,0.996276838453052,5.42132567690617,3.92403193331957
4644.839316,4647.552914,8.3,2.11081869319834,0.940770478236998,5.09315895726791,3.8344681318259
4645.743843,4648.457428,8.66666666666667,2.06155281280883,1.02183648311001,4.9189796080136,3.80136323712212
4646.648367,4649.36196,8.77777777777778,2.10818510677892,0.793923441420878,4.64300144231591,3.65529171456727
4647.552914,4650.266457,10.125,3.04431554587516,0.932646859879508,4.85342446716851,3.69422228109093
4648.457428,4651.170981,10.125,2.94897076476329,0.961016125241206,4.92697527500781,3.68387517754921
4649.36196,4652.075519,9.57142857142857,2.93582145558064,1.17658959281061,5.12636997930061,3.86437645175851
4650.266457,4652.980038,8.77777777777778,2.04803428790742,1.14875252399888,5.38351224444932,3.97262020502158
4651.170981,4653.884549,8.4,2.36643191323985,1.02555576480012,5.5044305358226,4.15009783796774
4652.075519,4654.789089,8.3,2.35937844922485,0.892371006740088,5.60971963016552,4.17413100780762
4652.980038,4655.693589,8.5,2.22361067735439,0.968563429991945,5.53979193064356,4.23198142748669
4653.884549,4656.598147,8.44444444444444,2.185812841434,1.00590851642644,5.66814821634252,4.19769881016709
4654.789089,4657.50267,8.7,2.21359436211787,0.988946710938008,5.58503992861898,4.21164347557084
4655.693589,4658.407173,8.33333333333333,2.91547594742265,0.921865707784354,5.55623042235623,4.09639987457391
4656.598147,4659.3117,8.1,2.76686746259295,0.862912918398546,5.294855013735,3.97139747050256
4657.50267,4660.216247,8.66666666666667,2.39791576165636,0.938246022919923,5.25692878463844,4.03512954853017
4658.407173,4661.120761,8.44444444444444,2.40370085030933,0.874107266914591,5.4323059624874,4.07917753524767
4659.3117,4662.02529,8.66666666666667,2.82842712474619,0.893151036608054,5.32792373975837,3.9828428687304
4660.216247,4662.929801,8.55555555555556,2.40370085030933,0.792960494732941,5.0657482260066,3.82502790161846
4661.120761,4663.834313,8.55555555555556,2.24227067451229,0.58730467372962,4.93438128929619,3.61795605776392
4662.02529,4664.738852,8.3,2.05750658160146,0.714604691402791,4.91105230267635,3.61220609531663
4662.929801,4665.64338,8.875,2.16712449375401,0.722749054692124,5.08489564750893,3.75837451001987
4663.834313,4666.547882,9.625,3.11390888939105,0.682149119055089,5.5550383316327,3.93188026260949
4664.738852,4667.452407,11.1428571428571,3.28778402720188,0.508131564821977,5.80291866306149,3.98924774312297
4665.64338,4668.356972,9.375,3.11390888939105,0.63880881452461,5.43915781342777,4.02746808480032
4666.547882,4669.261478,9.11111111111111,2.84800124843918,0.617778903458935,5.36186732116265,3.95509871082133
4667.452407,4670.166009,8.2,1.98885785202351,0.768258621276616,5.23312198901222,3.94730659941268
4668.356972,4671.070525,8.55555555555556,1.9436506316151,0.719523114575288,5.33953369645523,4.00832745401866
4669.261478,4671.975076,8.66666666666667,2.12132034355964,0.832468681767001,5.45973299389405,3.98625159359622
4670.166009,4672.879587,8.77777777777778,2.16666666666667,0.722866128953374,5.42664378877656,4.10771784052992
4671.070525,4673.784082,9.75,2.71240536372108,0.886674693263337,5.57554935206039,4.15261580914472
4671.975076,4674.688598,9.875,2.85043856274784,0.820002533157073,5.5191457146432,4.13726635372409
4672.879587,4675.593152,10,3,0.726906029662219,5.60786988191071,4.12480040864598
4673.784082,4676.497679,9.44444444444444,2.45515331044271,0.853804750731951,5.5072287551421,4.10284486586631
4674.688598,4677.402208,8.77777777777778,2.48886408717801,0.953665783169797,5.51171935243355,3.98121148384927
4675.593152,4678.306732,8.66666666666667,2.34520787991171,1.06744088396081,5.51850824223058,4.05794916301022
4676.497679,4679.211247,8.77777777777778,2.48886408717801,0.980759335846415,5.44814720846974,3.97108066204052
4677.402208,4680.115787,8.77777777777778,2.48886408717801,0.931679508996934,5.36994692912944,3.93641550341201
4678.306732,4681.020341,8.5,2.41522945769824,0.97878090691847,5.12179519217585,3.83144062760362
4679.211247,4681.924851,8.66666666666667,2.06155281280883,0.941253921006859,4.92250448484639,3.63616606553823
4680.115787,4682.829356,8.6,2.45854518861144,0.965850955342501,4.9318082528089,3.64103759209129
4681.020341,4683.733918,8.88888888888889,2.57120810342359,0.814383655361311,4.9955934422504,3.64339751279661
4681.924851,4684.638419,8.88888888888889,2.36877840059198,0.762692826719932,5.2000300299061,3.82218275171245
4682.829356,4685.542945,8.88888888888889,2.02758751009941,0.817610496418832,5.15746867524462,3.8076024639785
4683.733918,4686.447444,8.88888888888889,2.08832734769028,0.86910917737212,5.10507511271158,3.74038045775678
4684.638419,4687.35199,8.88888888888889,2.36877840059198,0.930234381546211,4.83032121233642,3.72980618221245
4685.542945,4688.256529,9,2,0.786220739178036,4.89389750668625,3.79591581851771
4686.447444,4689.16104,8.66666666666667,2.44948974278318,0.849143796244621,4.85625285749429,3.85264085511514
4687.35199,4690.065566,8.77777777777778,2.72845092395748,0.762845194545864,5.18741602582475,4.01360327222384
4688.256529,4690.970107,8.77777777777778,3.23178657161089,0.78931687557881,4.95170281537289,3.91495429781972
4689.16104,4691.874607,9.71428571428571,4.15187851918806,0.723212525906666,5.06690830373306,4.0688949269814
4690.065566,4692.779143,9.875,3.90741054188796,0.748664283781503,5.12559562104812,4.00930615260569
4690.970107,4693.683674,8.66666666666667,2.69258240356725,0.841379623548667,5.31125755352338,4.10178156343693
4691.874607,4694.588208,8.55555555555556,2.87711275027201,0.83843317016138,5.28118555428968,3.99014381461695
4692.779143,4695.492733,8.5,2.44948974278318,0.953544059994182,5.27082029473501,3.97252270255758
4693.683674,4696.397271,8.55555555555556,2.55495161945932,0.843921833087299,5.4840779989456,3.99372499815963
4694.588208,4697.301794,8.44444444444444,2.35112266327765,0.76549438314738,5.53696441786762,4.07034809405029
4695.492733,4698.206321,9.625,3.15945293637092,0.786883904895951,5.6855298619207,4.12625866814104
4696.397271,4699.110817,9.22222222222222,3.34580998331412,0.724244310383455,5.45260079353307,4.02220349854865
4697.301794,4700.015358,9.11111111111111,3.55121262544375,0.778157977191607,5.4839974236208,4.02479880888834
4698.206321,4700.919869,9,2.82842712474619,0.639742381957179,5.30820270287875,4.04068141999815
4699.110817,4701.824392,9.625,3.96187185196954,0.691049094615527,5.74259186018259,4.15550152756694
4700.015358,4702.728956,9.625,3.73927036427467,0.757004495202223,5.75065332283075,4.17918970769781
4700.919869,4703.633471,9.75,3.77018377725619,0.574096382888717,5.71310810856198,4.12990472252446
4701.824392,4704.537987,9.75,3.32737562824346,0.851606004227469,5.62403075762672,4.03215065223354
4702.728956,4705.442507,9.55555555555556,3.2829526005987,0.762096342050727,5.52812427421334,4.00319400312917
4703.633471,4706.347038,8.55555555555556,1.9436506316151,0.99991096256515,5.15966332343829,3.85590087160063
4704.537987,4707.251574,8.71428571428571,1.49602648308619,1.05858893567411,4.77524020652864,3.40487372802615
4705.442507,4708.156079,9.5,4.95695759225642,0.961089283148292,4.7693562410236,3.36787432575097
4706.347038,4709.060635,9.75,5.36523198806112,0.995586746291699,5.08291719127514,3.57368121362243
4707.251574,4709.965145,8.2,2.78088714861523,0.83202415818315,5.46977986130324,4.04682501165772
4708.156079,4710.869666,8.3,2.62678510731274,0.867188314147265,5.3985389979712,3.95904295668229
4709.060635,4711.774205,8.55555555555556,2.06827894099848,0.766932236484318,5.51290233314933,4.04840480433509
4709.965145,4712.678722,8.66666666666667,2.06155281280883,0.686859392512133,5.45057882119504,3.97299393347657
4710.869666,4713.583253,8.55555555555556,2.00693242979872,0.710674266130648,5.46232633490049,3.95825819923666
4711.774205,4714.487753,8.55555555555556,2.2973414586817,0.868563691328469,5.36158961077351,3.97834465449914
4712.678722,4715.392304,8.66666666666667,2.69258240356725,0.863991894241914,5.5389313534316,4.01133264263859
4713.583253,4716.296829,8.2,3.32665998663324,0.889564705842315,5.55972072908815,4.09237673477337
4714.487753,4717.201362,9.125,3.35676289643119,0.783011394574202,5.6047350030435,4.01923390672328
4715.392304,4718.105897,9.75,3.32737562824346,0.762702053655494,5.53755363993859,3.94835130197746
4716.296829,4719.010408,9.75,2.81577190634672,0.5949117045161,5.45900190713776,3.86005093634132
4717.201362,4719.914935,9.55555555555556,2.24227067451229,0.666415849104423,5.34455989415575,3.92192094411579
4718.105897,4720.819465,8.55555555555556,2.50554939639548,1.06218194515622,5.22222851662563,3.87481184989159
4719.010408,4721.72399,8.55555555555556,2.50554939639548,1.45529070054755,5.18932115835733,3.97460866152263
4719.914935,4722.628527,7.36363636363636,2.61811868610754,1.37411616094822,4.94883959300877,3.80777152162707
4720.819465,4723.533034,7.4,2.71620650499512,1.40170139826541,5.1208951604265,3.89747666642822
4721.72399,4724.437583,7.18181818181818,2.78633026822672,1.46249960708102,5.21774547213409,4.0722510926382
4722.628527,4725.34211,7.8,2.82055944017416,1.41296827225348,5.63509678414789,4.18020869793813
4723.533034,4726.246622,8.33333333333333,3.08220700148449,1.37842161906801,5.5325299592815,4.20971852913094
4724.437583,4727.151162,9.625,3.99776723398735,0.903248813183023,5.73961658474248,4.10003280108243
4725.34211,4728.055691,9.5,3.33809184158512,0.831277971026737,5.71276314278101,4.0980378448693
4726.246622,4728.960202,9.625,3.02076149339864,0.834279038293368,5.5170008255283,4.07755885393863
4727.151162,4729.864744,8.55555555555556,2.35112266327765,0.887416796964204,5.5536743761019,4.0212436611207
4728.055691,4730.769254,8.4,2.17050941281329,1.10399342204673,5.30149531154771,3.95534550030709
4728.960202,4731.673775,8.55555555555556,2.12785755580062,1.15929590225943,5.25309277015859,4.02045023096593
4729.864744,4732.578298,8.55555555555556,1.9436506316151,0.970593605150994,5.19797849123023,3.90419039197199
4730.769254,4733.482832,8.55555555555556,1.9436506316151,0.888778851351688,5.26534339235716,4.00967876547331
4731.673775,4734.387347,8.66666666666667,1.80277563773199,0.774396239930256,5.2199031164096,3.97551449087169
4732.578298,4735.291887,8.66666666666667,2.39791576165636,0.701109435139375,5.34213918896784,4.05271755745455
4733.482832,4736.196428,8.4,2.41292814278051,0.755968314235993,5.40014502918527,4.07064614108965
4734.387347,4737.100947,9,2,0.754672320163313,5.64261818863405,4.22448909413145
4735.291887,4738.005458,9.625,3.02076149339864,0.666595824147761,5.94543609729104,4.30587150154665
4736.196428,4738.910007,9.625,3.11390888939105,0.56398331430718,6.00487225115906,4.31083755963257
4737.100947,4739.814531,8.44444444444444,2.45515331044271,0.749433390872885,5.82798867422807,4.29855947788555
4738.005458,4740.719026,8.2,3.04776785350999,0.870768576791736,5.67581992949332,4.18215572634114
4738.910007,4741.6236,8.44444444444444,2.92023591132254,0.866435768357543,5.55298504572927,4.14722921898331
4739.814531,4742.528106,8.55555555555556,2.96273147243853,0.68865058232595,5.7360893056532,4.19082850563717
4740.719026,4743.43261,8.44444444444444,2.60341655863555,0.754702740507707,5.61775254276723,4.10262405737951
4741.6236,4744.337172,8.7,2.49666444147653,0.923158483847192,5.51825489168593,4.1321583004339
4742.528106,4745.241701,8.44444444444444,2.40370085030933,0.864261679135631,5.17871797276039,3.97157522499531
4743.43261,4746.146206,9.11111111111111,3.33333333333333,0.906512582343127,5.25138097989975,3.99652730071246
4744.337172,4747.05075,9.625,3.06768875307034,0.805143109470007,5.45901652142233,4.13699253623546
4745.241701,4747.95526,9.625,2.7222627143085,0.773889537674392,5.99131050215198,4.36681854787932
4746.146206,4748.859807,9.5,3.46410161513775,0.626766779210465,6.12850264519958,4.30222061389036
4747.05075,4749.764335,9.25,3.24037034920393,0.901451577789884,5.82525211318291,4.30316663643862
4747.95526,4750.668847,9.5,3.62530786869986,0.808103779014268,5.70269348387996,4.05500730872653
4748.859807,4751.573403,8.88888888888889,3.51583718495483,0.691339253891447,5.65796044143188,4.10144864702467
4749.764335,4752.477922,8.55555555555556,2.96273147243853,0.571482930564685,5.98045699113541,4.26707342761504
4750.668847,4753.382426,8.44444444444444,2.87711275027201,0.767106518930203,5.91762494710614,4.25272308552516
4751.573403,4754.28698,8.44444444444444,2.2973414586817,0.921630030823353,5.76308806090343,4.21642011628753
4752.477922,4755.191511,8.66666666666667,2.95803989154981,0.896231022326265,5.61787361571873,4.09886631004629
4753.382426,4756.096013,8.2,2.89827534923789,0.779382312154886,5.53332159871566,4.11495037045044
4754.28698,4757.000554,8.2,2.89827534923789,0.811265595772392,5.53535529540832,4.12433892787423
4755.191511,4757.90507,8.5,2.54950975679639,0.875742922799846,5.60781486607794,4.19243040937555
4756.096013,4758.809591,8.66666666666667,2.87228132326901,0.861315126176966,5.7227503980068,4.16300414359509
4757.000554,4759.71414,8.55555555555556,2.78886675511359,0.758742341799054,5.7436441194113,4.1494289998359
4757.90507,4760.618676,8.44444444444444,2.40370085030933,0.734952533714813,5.60114911840831,4.16571512351516
4758.809591,4761.523192,8.2,2.44040069569642,0.837042983593723,5.46140811687229,4.12895081559125
4759.71414,4762.427738,8.55555555555556,2.2973414586817,0.983241633482351,5.54479741843807,4.20540006768516
4760.618676,4763.332244,8.25,2.91547594742265,1.07276494236815,5.73714651272243,4.28750978500344
4761.523192,4764.236767,7.8,2.82055944017416,1.0499462645816,5.81837752469506,4.38350902535508
4762.427738,4765.14132,8.55555555555556,3.64386851817924,0.946295632597893,5.86973768210868,4.37665212901335
4763.332244,4766.045831,8.55555555555556,3.35824027993498,0.900436171269373,5.7466812062169,4.21404404905489
4764.236767,4766.95034,9.11111111111111,3.44399638662864,0.850738368720399,5.52421657258807,4.02989512897454
4765.14132,4767.854865,8.44444444444444,2.65099562009781,0.896522819149743,5.51125617927022,4.13936946434107
4766.045831,4768.759395,8.55555555555556,2.78886675511359,0.705096925968553,5.80012828657315,4.25558324040293
4766.95034,4769.663923,8.44444444444444,2.65099562009781,0.63459929290792,5.85951614085507,4.23974558197096
4767.854865,4770.56843,8.44444444444444,2.78886675511359,0.766519720474017,5.55105244725092,4.17159386908746
4768.759395,4771.472987,8.55555555555556,2.78886675511359,0.739338675437929,5.43980965397042,4.00168544006028
4769.663923,4772.377514,8.1,2.7264140062238,0.713522841361293,5.25926867059813,3.95244667334881
4770.56843,4773.282042,8.44444444444444,2.83333333333333,0.773438556650404,5.44707244561493,4.07682559303873
4771.472987,4774.186567,8.55555555555556,2.96273147243853,0.800019739056868,5.48670457779665,4.14923081811732
4772.377514,4775.091092,8.55555555555556,2.78886675511359,0.763758875867659,5.42961002604769,4.05293738850198
4773.282042,4775.995603,8.55555555555556,2.60341655863555,0.824418354614254,5.38756881596466,4.06868892407815
4774.186567,4776.900149,8.66666666666667,2.34520787991171,0.866890872763701,5.35040219463328,3.87633423584873
4775.091092,4777.804675,9.22222222222222,3.30823887354653,0.929889136366848,5.60080867865159,3.98186922283619
4775.995603,4778.709187,9.75,3.28416112359219,0.860089303322767,5.48994861435062,3.89983172522033
4776.900149,4779.613719,8.66666666666667,2.54950975679639,0.892213770134502,5.55835158796107,4.00805492362522
4777.804675,4780.518245,8.77777777777778,2.68224615657185,0.965302980726596,5.53644407266398,4.04155097398574
4778.709187,4781.422777,8.625,3.02076149339864,1.0197359975296,5.625861933567,4.16926119211168
4779.613719,4782.327295,8.66666666666667,2.69258240356725,0.845969085101586,5.76600713787658,4.204938081539
4780.518245,4783.231826,8.77777777777778,2.53859103528797,0.812563359267283,5.625926407596,4.12313850211901
4781.422777,4784.136354,8.3,2.49666444147653,0.84350000298743,5.33082894506873,4.04062868263482
4782.327295,4785.040864,8.66666666666667,2.82842712474619,0.84866992794205,5.25162759767063,4.09191735206611
4783.231826,4785.945418,8.44444444444444,3.35824027993498,0.821684446885085,5.66459938751193,4.21560156597175
4784.136354,4786.84994,9.5,3.74165738677394,0.816593940922243,5.83791857299297,4.25410248424757
4785.040864,4787.754452,9.625,3.29230705042615,0.782495738773921,5.58185954861408,4.20855031247694
4785.945418,4788.658982,9.625,2.26384628453435,0.852962385218734,5.61398015491261,4.15363470197535
4786.84994,4789.56351,8.66666666666667,2,0.925492262844909,5.69238017388127,4.20583104754192
4787.754452,4790.468042,9.5,3.33809184158512,0.837887577001918,5.85814633882226,4.23778637129202
4788.658982,4791.372543,9.625,3.29230705042615,0.943538352852436,6.06774037762595,4.33661017440438
4789.56351,4792.277094,8.33333333333333,2.54950975679639,0.939246157904128,5.84371496876279,4.27043450418641
4790.468042,4793.181627,8.55555555555556,2.55495161945932,1.08188953126257,6.09481197722986,4.45414591419245
4791.372543,4794.086138,8.55555555555556,2.40370085030933,0.892449286988989,6.04829752883143,4.32324695175092
4792.277094,4794.990684,8.2,2.69979423084221,1.01697324932904,5.90164562626541,4.3372826174615
4793.181627,4795.895187,9,2.9277002188456,0.858566839283435,5.69541447630015,4.13720313316588
4794.086138,4796.799719,9.75,3.61544306709822,0.764596121326678,5.76589424795119,4.20311762240183
4794.990684,4797.704219,11.2857142857143,3.40168025708304,0.693126579135905,6.04962520242858,4.20898676437522
4795.895187,4798.608785,9.57142857142857,3.5523298860111,0.967354641514,6.08332292301324,4.45402796732719
4796.799719,4799.513297,11.2857142857143,3.59231985000806,0.784927401439449,6.49860609100873,4.43103435068084
4797.704219,4800.417825,9.22222222222222,3.73422608373468,0.929437589394407,6.15597170826858,4.49880260253061
4798.608785,4801.32237,8.625,2.87538817255291,0.811465210675998,6.02010328334547,4.35702210593735
4799.513297,4802.226886,8.66666666666667,2.69258240356725,0.886366292605201,5.91404638350295,4.36186877291852
4800.417825,4803.131413,8.55555555555556,2.185812841434,0.928426916654596,6.1533388798486,4.38568592383802
4801.32237,4804.035954,8.55555555555556,2.69773567603977,0.985771399437338,6.30654248893663,4.47038234559305
4802.226886,4804.940457,8.375,3.70086862390825,0.88041499789809,6.47394684498384,4.59900418207997
4803.131413,4805.844977,8.55555555555556,3.24465372232196,0.809324947581203,6.3356511234321,4.5500543121807
4804.035954,4806.749514,8.3,3.16403399335581,0.902008183961833,5.97254369838738,4.50206393179074
4804.940457,4807.654038,8.33333333333333,2.73861278752583,0.905422181153485,5.78237227287864,4.44571464308852
4805.844977,4808.558553,8.44444444444444,2.24227067451229,1.08244591593209,5.91677356347794,4.41417804603993
4806.749514,4809.463087,9.375,2.87538817255291,1.05758807833742,6.16811814681537,4.3845650281925
4807.654038,4810.36762,9.625,2.7222627143085,1.05952925232333,5.94329462003389,4.424058704415
4808.558553,4811.272154,9.5,2.77746029931765,0.863420047431782,6.01698307378967,4.37474978490305
4809.463087,4812.176667,8.2,2.34757558155453,0.872995811913066,5.86328449875399,4.36111064242683
4810.36762,4813.081208,8.55555555555556,2.50554939639548,0.888026888906429,6.05071291390322,4.4571776837617
4811.272154,4813.985714,8.55555555555556,2.40370085030933,0.880603349889353,6.26181121044158,4.49355091928759
4812.176667,4814.890258,8.55555555555556,2.185812841434,0.839921815865601,6.31712336812826,4.53958405750256
4813.081208,4815.794765,8.55555555555556,2.2973414586817,0.892235484316602,6.21248458384785,4.56104920929804
4813.985714,4816.699324,8.3,2.21359436211787,0.897764170497482,6.06194315429611,4.48869422794272
4814.890258,4817.603819,8.2,2.25092573548455,0.847621807493647,6.00741956281984,4.45254354536721
4815.794765,4818.508351,8.5,2.22361067735439,0.889871091450282,6.04060862847045,4.45717512030948
4816.699324,4819.412894,8.55555555555556,2.65099562009781,0.818106663944246,6.25247911338917,4.49910500456687
4817.603819,4820.317425,8.55555555555556,2.50554939639548,0.836927323834507,6.22953266264628,4.49601500041323
4818.508351,4821.221934,8.55555555555556,2.65099562009781,0.733754966631104,6.24041419919035,4.51720668269834
4819.412894,4822.126475,8.66666666666667,2.5,0.901124376986992,6.05919500921506,4.358213075647
4820.317425,4823.030998,8.3,2.35937844922485,0.913647414029317,5.86467279695737,4.36357157802152
4821.221934,4823.935495,8.55555555555556,2.185812841434,0.90010424784655,5.63857205929304,4.26197783750913
4822.126475,4824.840035,8.66666666666667,2.17944947177034,0.82294874920798,5.81384113549262,4.37651969567479
4823.030998,4825.744567,8.55555555555556,2.185812841434,0.736886276842663,5.85877378718847,4.27687773461493
4823.935495,4826.649099,8.55555555555556,2.50554939639548,0.755313554848802,5.72050561183037,4.33078655751852
4824.840035,4827.553607,8.1,2.76686746259295,0.832224434826982,5.58229304677381,4.2094588450969
4825.744567,4828.458168,8.2,2.69979423084221,0.83881112760051,5.62455625785349,4.2552968637219
4826.649099,4829.362676,8.44444444444444,3.04594448041618,0.755249793968484,5.66542221575463,4.34514403844462
4827.553607,4830.267199,8.55555555555556,2.83333333333333,0.765940929664893,5.92289868804149,4.47452458365408
4828.458168,4831.171737,8.44444444444444,2.83333333333333,0.857280305438834,5.99146686252587,4.47391283756002
4829.362676,4832.076247,8.44444444444444,2.50554939639548,0.834037434288501,6.13819244126936,4.5744101488719
4830.267199,4832.980769,8.3,2.62678510731274,0.926095479618747,6.13199252243853,4.50501206561504
4831.171737,4833.88533,8.3,2.62678510731274,0.842499756619528,6.07813242001895,4.455652482746
4832.076247,4834.789838,8.5,2.36877840059198,0.904382242246264,6.02824173466041,4.42222329432762
4832.980769,4835.694358,8.77777777777778,3.0731814857643,0.778206455360816,6.03556107726683,4.40811727203289
4833.88533,4836.59886,8.44444444444444,2.96273147243853,0.894798732342087,6.18858108229658,4.51867715679823
4834.789838,4837.503416,8.44444444444444,3.08670986290869,0.804885564333967,6.17613959518057,4.50363238730009
4835.694358,4838.407949,8.3,3.05686840482943,1.01393831031291,6.13163570428183,4.50993907417515
4836.59886,4839.312494,8.2,2.82055944017416,0.978297557795619,5.96932981193265,4.44125059819368
4837.503416,4840.216998,8.55555555555556,2.50554939639548,0.920187249795377,6.1985203383986,4.59179368556151
4838.407949,4841.121509,8.44444444444444,2.35112266327765,0.880615495845524,6.02757385124779,4.45797186829975
4839.312494,4842.026059,8.8,2.34757558155453,0.845735726058755,6.10825038111746,4.55354990618123
4840.216998,4842.930596,8.55555555555556,2.35112266327765,0.83913347145802,5.88808638018571,4.34740025058047
4841.121509,4843.835104,8.3,2.62678510731274,0.846628714668885,5.90019954600263,4.3407406690218
4842.026059,4844.739634,8.4,2.50333111406915,0.769050608426075,5.92433222915814,4.36011106561486
4842.930596,4845.644161,8.55555555555556,2.35112266327765,0.807799486878819,5.94286976443784,4.40977330331228
4843.835104,4846.548715,8.44444444444444,2.185812841434,0.720132959487217,6.01867051524102,4.40151323254778
4844.739634,4847.45325,8.55555555555556,2.185812841434,0.793407580274095,5.97171254113425,4.44748243144301
4845.644161,4848.357799,8.1,2.60128173535022,1.02057588672239,5.84250485825242,4.35355036142858
4846.548715,4849.262337,7.9,3.03498123735734,1.02238743888407,5.51910999117535,4.23356498915724
4847.45325,4850.166885,9.625,3.77728171346236,0.938564587061125,5.71502563453678,4.24711878306776
4848.357799,4851.071426,9.5,3.58568582800318,0.807085523768649,5.78673645630676,4.26809761420674
4849.262337,4851.975975,9.55555555555556,2.60341655863555,0.549072936656122,5.99674450126489,4.38033934592041
4850.166885,4852.880522,8.44444444444444,1.81046341520004,0.618087743553234,5.83777513033637,4.29779925754863
4851.071426,4853.785052,8.1,1.72884033065199,0.820892003728856,5.53559643819966,4.11969710347331
4851.975975,4854.689627,8.3,2.21359436211787,0.914919024251008,5.58504748230282,4.2982956541309
4852.880522,4855.594151,9.5,2.8784916685157,0.911395978360092,5.67102979455202,4.17894172786683
4853.785052,4856.498664,9.66666666666667,3.04138126514911,0.855082805647335,5.65777424512779,4.29127729739359
4854.689627,4857.403222,10.8571428571429,3.4364987719369,0.888098244685807,5.80496913345695,4.19042307486321
4855.594151,4858.307782,8.88888888888889,3.82244831372657,0.850789722918205,5.69062481451996,4.27219675008164
4856.498664,4859.212312,8.375,3.29230705042615,0.813039303588693,5.87998615359334,4.31340112580043
4857.403222,4860.116853,8.11111111111111,2.80376730687679,0.93780969145788,5.92127968567484,4.38353999103338
4858.307782,4861.021416,8.44444444444444,2.65099562009781,0.988115511717231,6.00910339098448,4.32351896356125
4859.212312,4861.925954,9.5,3.07059789431495,0.993786310021661,6.00916540144658,4.33578881729946
4860.116853,4862.830513,9,2.91547594742265,0.828637793571647,5.99086511122685,4.33879254716725
4861.021416,4863.735019,9.11111111111111,2.89155859548291,0.734314034692106,5.93650686095287,4.28652492118534
4861.925954,4864.639568,8.3,2.35937844922485,0.82969194199223,5.97792899003522,4.36678375315577
4862.830513,4865.544118,8.44444444444444,2.65099562009781,0.770608366278919,6.06172559975654,4.30248921463489
4863.735019,4866.448677,8.7,2.86937856222098,0.78278816404893,6.17524606384391,4.46622129512194
4864.639568,4867.353197,8.33333333333333,3,0.697115430671626,6.28262573618176,4.54557942081275
4865.544118,4868.257728,8,3.01846171271247,0.865865657278608,6.20211162400224,4.53215016641196
4866.448677,4869.162269,8.5,2.41522945769824,1.0118789165614,6.30151927638464,4.64324083537822
4867.353197,4870.066829,8.33333333333333,2.5,1.08654160074922,6.31627710777165,4.56343366446576
4868.257728,4870.971364,8.5,2.27303028283098,1.07973840770191,6.4008602345413,4.67708265243841
4869.162269,4871.875906,8.22222222222222,2.38630351054606,1.09457260358207,6.26450463277833,4.52369732325574
4870.066829,4872.780435,8,2.35702260395516,1.11161279761924,6.06267250022614,4.40504348013125
4870.971364,4873.684984,8.3,2.00277585143997,1.03487097514337,5.91469688836508,4.3930048659043
4871.875906,4874.589541,8.22222222222222,2.10818510677892,0.687458413003169,6.25218131924106,4.43559799677178
4872.780435,4875.494097,8.3,2.26323269290239,0.788508947700475,6.31614063724405,4.62539053018984
4873.684984,4876.398661,8,2.35702260395516,0.960778087321846,6.36638643679461,4.65588193495928
4874.589541,4877.303228,8,2.10818510677892,1.14944643925094,6.36163772870256,4.84180674001104
4875.494097,4878.207757,7.72727272727273,2.45319828350295,1.67104733366825,6.81181526149534,5.4321284894952
4876.398661,4879.112298,8.33333333333333,3.46410161513775,1.62826634739328,7.01641033954709,5.37996465176785
4877.303228,4880.016843,8.2,3.67574633389073,1.6127282110685,6.72811469585626,5.31855784665841
4878.207757,4880.921409,9.75,3.73210013646089,1.112473508926,6.54201593891918,5.01566488556668
4879.112298,4881.825941,9.25,3.24037034920393,1.10150930011362,6.41238890462357,4.94147793580335
4880.016843,4882.730488,10.125,2.5319388392523,1.0907170584965,6.31008690333801,4.77137777257972
4880.921409,4883.635053,8.88888888888889,2.26077666104176,0.821521027812151,5.76222428125177,4.28676441586406
4881.825941,4884.539566,7.9,1.59513148186739,0.884395827911239,5.66425418769939,4.28956042283579
4882.730488,4885.444109,8,2,0.992224364951616,5.8429015068142,4.28028675321326
4883.635053,4886.348651,8.5,2.0138409955991,0.888589488464389,6.05905593626085,4.45522619469549
4884.539566,4887.253215,8.44444444444444,2.35112266327765,0.787664212410893,6.12602427588871,4.37043956386263
4885.444109,4888.157756,8.7,2.35937844922485,0.656548732920604,6.2501650963337,4.58888457900103
4886.348651,4889.062258,8.44444444444444,2.45515331044271,0.87316177578491,6.14335809972091,4.45223222903582
4887.253215,4889.966802,8.2,2.44040069569642,0.98614981969421,6.16012372625574,4.54574878459626
4888.157756,4890.871363,8.33333333333333,2.12132034355964,0.960103108371598,6.06350542978187,4.54301563103622
4889.062258,4891.775869,8.33333333333333,1.80277563773199,1.0314429151192,6.14151361927956,4.50630559170442
4889.966802,4892.680428,8.4,2.27058484879019,1.20845682019086,5.69825411800107,4.33697376756718
4890.871363,4893.584982,8.66666666666667,3,1.19600349860537,5.40351565246183,4.06802553883729
4891.775869,4894.489514,8.2,3.76533899905145,1.33391086497237,4.78828939173527,3.48514150326542
4892.680428,4895.39403,8.55555555555556,3.53946009693255,1.23056534442745,4.44192080536796,3.07551675688806
4893.584982,4896.298577,9.125,2.74837614393871,1.0362207849156,3.28664060836132,2.5631801167921
4894.489514,4897.208158,9.11111111111111,2.89155859548291,2.96577062825525,5.28367813422837,4.2919235809133
4895.39403,4898.112699,9,3.64005494464026,3.44945924221772,6.23712884501445,5.0828692358255
4896.298577,4899.017236,11.1428571428571,8.09173593712687,2.88247352247342,7.35220387622911,5.19955724651513
4897.208158,4899.92179,13.8,7.85493475466219,2.69084632395101,6.30573756605439,4.10092925317811
4898.112699,4900.826331,8.85714285714286,3.18478525851542,1.65720295526133,3.6489381523343,2.92665284941397
4899.017236,4901.730846,8.125,2.29518128757995,1.64929821443594,3.41378757323536,2.54546250532835
4899.92179,4902.635401,11.1666666666667,9.53764471275098,1.12875231610503,2.33594451210167,1.6134259125056
4900.826331,4903.539952,16.75,11.2361025271221,0.658277596903417,2.01294697130367,1.55323573758471
4901.730846,4904.444456,14.8,6.97853852894716,0.931643828110797,2.24314026936191,1.64273048380417
4902.635401,4905.349017,15.2,5.6302753041037,0.789028493466529,2.8234667957748,1.96298776733842
4903.539952,4906.253526,15,6.68331255192114,0.681235971787566,2.70108132084993,1.95033426579257
4904.444456,4907.158067,19,4.35889894354067,0.980876396825638,3.39787536541223,2.22675048601661
4905.349017,4908.062585,16.25,6.7515430335097,0.922760821182492,3.90357454416346,2.62762289546272
4906.253526,4908.967122,12.5,5.24404424085076,1.17621610415955,3.80111037923318,2.83133081795514
4907.158067,4909.871689,11,3.84707681233427,1.16432138509889,3.78011307441419,2.73432367213732
4908.062585,4910.776197,13.75,4.03112887414927,1.04330797496143,3.6339246347615,2.28994489461881
4908.967122,4911.68076,15.8,6.05805249234438,0.750277761939503,3.69438286195208,2.4001630725475
4909.871689,4912.58526,13,6.41872261435249,0.861197825690123,3.5988712080917,2.5700899790111
4910.776197,4913.489803,9.14285714285714,3.02371578407382,1.00191261964637,3.52587606867273,2.76033790476189
4911.68076,4914.394369,9.71428571428571,3.63841933236058,1.22711118558098,3.51301337703412,2.75709731318703
4912.58526,4915.298871,9.33333333333333,2.95803989154981,1.06859511259544,3.48229531745677,2.71207544705086
4913.489803,4916.203412,9.25,2.43486579272276,0.967061439564713,3.80381533815918,2.91983202970255
4914.394369,4917.107934,12.5,6.09097693313642,0.766382209510255,4.35448768778528,3.06555279516671
4915.298871,4918.012492,9.625,6.98851097976427,1.65908231627481,5.53345710908134,4.00253168142636
4916.203412,4918.916994,8.55555555555556,4.92724849969816,1.81027027875657,5.21829805663934,3.95185593651521
4917.107934,4919.821562,8.1,4.20185144377518,2.35270028398112,4.75530524561321,4.14969120810531
4918.012492,4920.726109,9.25,4.77343841331532,2.3647713903341,3.84089843270868,3.04915202603471
4918.916994,4921.630631,9.83333333333333,4.02077936060494,2.90242492137394,3.52422840443655,2.51572995865901
4919.821562,4922.535157,16.75,14.3614066163451,1.11702751760171,1.71888754747762,1.37922064011598
4920.726109,4923.439677,11.75,12.3928742966809,0.683758633793447,1.82014276882426,0.95947052219834
4921.630631,4924.344234,9.625,8.66746791167986,0.521178299410546,1.76663833188061,1.18443496163067
4922.535157,4925.248766,7.25,2.49284690951645,0.476475427651468,1.79147685806485,1.2322701241981
4923.439677,4926.153307,7.5,1.29099444873581,0.316551383238857,1.62365652593939,0.90668589767641
4924.344234,4927.057838,39.5,38.8908729652601,6.08636647755689,5.77718831646478,2.45879835480811
4925.248766,4927.962348,8.75,2.3629078131263,4.20278653023574,5.3700418192595,2.86495217293501
4926.153307,4928.866923,12.8,9.28439551074813,3.82084536180613,5.09071895235615,2.99688963357174
4927.057838,4929.771412,11.2857142857143,8.82636742407441,1.63960841275303,3.69529653615253,2.47577274000086
4927.962348,4930.675969,9,4.56070170039655,1.85548674885467,3.20008721814468,1.95937142786346
4928.866923,4931.580493,10.1666666666667,5.70672118354022,1.87924292332436,2.97048924800225,1.94002082040046
4929.771412,4932.485028,11.8333333333333,5.52871293039046,0.550914010905959,2.12205213397927,1.42731004082727
4930.675969,4933.389577,12.8,8.67179335547152,0.704737991491736,2.07766854610724,1.29834051667021
4931.580493,4934.294117,12.3333333333333,7.73735527597555,0.761528186426334,1.86159149402127,1.12113387184925
4932.485028,4935.198658,13.5,3.3166247903554,0.659716123100337,1.66834219811235,1.17510729343712
4933.389577,4936.103159,13.1666666666667,5.98052394583172,1.19284521781654,2.53813559907955,1.81355935432795
4934.294117,4937.007714,16.25,9.53502316025854,1.88998694529509,4.08744976502768,2.88774258431352
4935.198658,4937.912245,10.2857142857143,7.93125222803826,1.89512842487881,3.39134991293564,2.88857167654276
4936.103159,4938.816774,9.16666666666667,4.9966655548142,2.07152610835137,3.11552216174774,2.64539046830586
4937.007714,4939.72129,9.42857142857143,4.96175852083187,1.19569693707381,2.06936557469998,1.34267572549234
4937.912245,4940.625879,18.75,14.5,1.17698076106443,1.6035834831066,0.956128448261766
4938.816774,4941.530383,27.5,17.6776695296637,0.0641814742087902,0.860492333691688,0.558700861292281
4939.72129,4942.434915,22,6.08276253029822,0.675535973607846,1.22224305421713,0.908497820254445
4940.625879,4943.339457,17.3333333333333,8.62167810425171,1.91793836149093,2.79759157238862,1.82373020452602
4941.530383,4944.243967,12.25,6.23832242407097,1.93438044238446,4.35399043233509,2.83210544144422
4942.434915,4945.148525,12.1666666666667,6.30608172058265,1.54371850248525,4.31166576514208,3.06494132966605
4943.339457,4946.053028,9.125,6.10474054672737,1.84092648681848,4.74530168709941,3.35248954718262
4944.243967,4946.957598,5.71428571428571,2.78536205155483,1.71390626828071,3.30896632148053,2.74164703139306
4945.148525,4947.862127,6.07142857142857,2.97332462752713,1.74916805164806,3.45293027661905,3.11526855998371
4946.053028,4948.771652,6.83333333333333,3.7618499639825,2.10911350579824,3.81066351359774,3.46646927944006
4946.957598,4949.676218,10.6666666666667,2.73252020425589,2.18958823428951,5.06127625165965,3.56836201151262
4947.862127,4950.580712,12,6.32455532033676,2.09765257239177,6.10285432847808,3.99213947669615
4948.771652,4951.485278,12.1666666666667,7.08284312029193,2.12644575313386,4.66194140373134,3.31944598231985
4949.676218,4952.389804,8.77777777777778,4.11636301174282,2.31021255106427,3.73273778691774,3.19170272506472
4950.580712,4953.294335,7.77777777777778,1.98606254796883,1.17968016339357,2.56724410922639,1.9426456845199
4951.485278,4954.198876,8.875,3.75832409459323,0.906960030420449,2.2661459044063,1.72492331030155
4952.389804,4955.103404,12.3333333333333,5.50151494287407,0.516022328413561,2.49208058514451,1.76790717704335
4953.294335,4956.007954,17,4.08248290463863,0.629676366971786,2.46965004678058,1.52964782342233
4954.198876,4956.912465,15.25,6.55108133567785,0.633237401224863,2.03184310737985,1.33103816483608
4955.103404,4957.817016,16.5,6.35085296108588,0.243216315290541,1.74208628908565,1.12257251656914
4956.007954,4958.72153,19.25,1.70782512765993,0.406448480511313,1.61010776048074,1.11223273766203
4956.912465,4959.626091,15.3333333333333,6.65832811847939,0.414485450438621,1.508255755606,1.04064171221339
4957.817016,4960.530581,14.6,7.16240183178799,0.194516227350879,1.34461850793168,0.916747590867553
4958.72153,4961.435128,15.75,6.70198975429437,0.137355944601945,1.42509800356073,1.00518146682233
4959.626091,4962.339677,13.6,6.26897120746299,0.129634224986945,1.28775397755091,0.957999173705732
4960.530581,4963.244188,14.8,4.54972526643093,0.340503940451902,1.29068975634121,1.01568027503179
4961.435128,4964.14874,17.5,8.34665601703261,0.426354868803112,1.34748604100008,0.991768599028269
4962.339677,4965.05327,20.3333333333333,8.50490054811538,0.379944581797768,1.46454134295705,0.95656045394268
4963.244188,4965.957821,16,5.65685424949238,0.339369883763217,1.33456383858882,0.795483088136968
4964.14874,4966.862334,26.5,20.5060966544099,0.113148426784627,1.19927590493897,0.773066987930144
4965.05327,4967.766875,41,0,0.0260555279492717,1.33463788480922,0.802356582095152
4965.957821,4968.671395,21,0,0.30488561028397,1.13747524279156,0.826856492928182
4966.862334,4969.575938,21.6666666666667,2.08166599946613,0.339976493453418,1.15485128883145,0.821789291465854
4967.766875,4970.480483,18.5,4.43471156521669,0.500942744139101,1.39459803724934,0.957146085915387
4968.671395,4971.385002,15,1.82574185835055,0.358548037620989,1.61732485296985,1.11332345078172
4969.575938,4972.289543,15.6666666666667,2.3094010767585,0.64979244183977,1.8466315591675,1.24035075182323
4970.480483,4973.194084,25.5,12.0208152801713,0.602570261379333,1.95861703843244,1.18446639026546
4971.385002,4974.098617,26.5,10.6066017177982,0.606360823011425,1.94820950774685,1.1716719586002
4972.289543,4975.003177,32,18.3847763108502,1.15675869502338,2.27341299246714,1.58657476028227
4973.194084,4975.907683,31,0,1.39910200279902,2.60397891333021,1.63150135150886
4974.098617,4976.812246,30,1.4142135623731,1.17581377830944,2.97085529312055,1.94488682106522
4975.003177,4977.716747,16,9.01849950564579,1.01935918868035,1.91389183633171,1.52110563361471
4975.907683,4978.621309,12.1666666666667,3.71034589582517,1.00844702343407,2.40943634600804,1.82905172919185
4976.812246,4979.525847,11.4285714285714,3.77964473009227,1.04037566661523,2.52840595528095,1.94938995703642
4977.716747,4980.430379,12.5,5.61248608016091,0.929414192873901,3.040076406598,2.35623499687761
4978.621309,4981.334915,14,5.05964425626941,0.964296666312798,3.3796192189299,2.60119209763207
4979.525847,4982.239425,11.4,5.12835256198323,2.28788172448138,4.75140964635953,3.63724222269955
4980.430379,4983.143967,10.5,6.16441400296898,2.3801339632774,4.60886035176237,4.0294975589525
4981.334915,4984.048533,9,6.02376246923086,2.88294682573892,4.03229687638457,3.7917734791017
4982.239425,4984.953028,8.25,3.41216311785605,2.12506595562028,3.30123260548969,2.66818612027834
4983.143967,4985.857596,10,4.32049379893857,1.66567638543869,2.5632697928044,1.44803212454932
4984.048533,4986.762123,12,0,1.5896589442407,3.35868045806091,1.23349397158378
4984.953028,4987.666654,28,0,0.486841871071592,1.12093963766146,0.687296372557159
4985.857596,4988.571206,14.25,13.1751027826478,0.308399261080273,0.951322181844081,0.626669823244298
4986.762123,4989.475742,9.5,7.39594483484024,0.119536635303884,0.762798716159223,0.52968720400356
4987.666654,4990.38031,7.85714285714286,3.62530786869986,0.145890283992017,0.768353256800801,0.398169292012991
4988.571206,4991.284821,9.5,1.73205080756888,0.139656839649035,0.726418884101786,0.388072152050715
4989.475742,4992.189369,22,20.8086520466848,0.197743959432647,0.788299381195546,0.355683261523096
4990.38031,4993.093893,11,0,0.235078360196569,0.784636017114571,0.296149158516088
4991.284821,4993.998453,0,0,0,0.950861519719779,0.215759915351322
4992.189369,4994.902988,0,0,0,0,0.125593047452808
4993.093893,4995.807547,0,0,0,0,0.102942309783926
4993.998453,4996.712097,0,0,0,0,0.0773800197215755
4994.902988,4997.616636,0,0,0,0,0.0735788179089986
