swim,transition,0.0041667           0     0.88552     0.11032
swim,transition,0.0041667           0     0.88552     0.11032
swim,transition,0.0041667           0     0.88552     0.11032
swim,transition,0.0041667           0     0.88552     0.11032
swim,transition,0.0041667           0     0.88552     0.11032
swim,transition,0.0041667           0     0.88552     0.11032
swim,transition,0.0041667           0     0.88552     0.11032
swim,transition,0.0041667           0     0.88552     0.11032
transition,transition,0.21795           0     0.16667     0.61538
transition,transition,0.18462           0     0.13333     0.68205
transition,transition,0  0  0  1
transition,transition,0           0         0.1         0.9
transition,transition,0           0    0.066667     0.93333
transition,transition,0  0  0  1
transition,transition,0  0  0  1
transition,transition,0           0    0.033333     0.96667
transition,transition,0           0     0.13333     0.86667
transition,transition,0           0    0.033333     0.96667
transition,transition,0           0     0.13333     0.86667
transition,transition,0           0         0.2         0.8
transition,transition,0.1           0    0.033333     0.86667
transition,transition,0.13333           0    0.033333     0.83333
transition,transition,0.11795           0           0     0.88205
transition,transition,0.18462           0           0     0.81538
transition,transition,0.13333           0     0.13333     0.73333
transition,transition,0.37161           0     0.17413     0.45425
transition,transition,0.26667           0     0.13333         0.6
transition,transition,0.23333           0         0.1     0.66667
transition,transition,0.20303           0    0.039394     0.75758
transition,transition,0.10303           0    0.072727     0.82424
transition,transition,0.2697           0   0.0060606     0.72424
transition,transition,0.1697           0    0.039394     0.79091
transition,transition,0.23636           0     0.10606     0.65758
transition,transition,0.16364           0     0.40076     0.43561
swim,transition,0.3303           0     0.50076     0.16894
bike,transition,0.63333           0     0.26667         0.1
bike,transition,0.63333           0     0.26667         0.1
bike,transition,0.63333           0         0.2     0.16667
bike,transition,0.96667           0           0    0.033333
bike,transition,0.96667           0           0    0.033333
bike,transition,0.96667           0           0    0.033333
bike,transition,0.6           0     0.16667     0.23333
bike,transition,0.91383           0    0.035246     0.05092
bike,transition,0.63333           0     0.26667         0.1
bike,transition,0.7           0         0.2         0.1
bike,transition,0.73333           0     0.16667         0.1
bike,transition,0.76667           0     0.13333         0.1
transition,transition,0.23333           0         0.1     0.66667
transition,transition,0.3           0    0.066667     0.63333
transition,transition,0.35128           0           0     0.64872
bike,transition,0.96667           0           0    0.033333
bike,transition,0.83333           0    0.033333     0.13333
transition,transition,0.13333           0         0.1     0.76667
transition,transition,0.066667           0    0.033333         0.9
transition,transition,0.1           0         0.1         0.8
transition,transition,0.066667           0         0.1     0.83333
transition,transition,0.066667           0         0.1     0.83333
transition,transition,0.033333           0     0.23333     0.73333
transition,transition,0           0     0.26667     0.73333
transition,transition,0.033333           0    0.033333     0.93333
transition,transition,0           0     0.16667     0.83333
transition,transition,0.033333           0    0.066667         0.9
transition,transition,0.2           0    0.066667     0.73333
transition,transition,0.15128           0           0     0.84872
transition,transition,0.066667           0    0.066667     0.86667
transition,transition,0.033333           0     0.26667         0.7
transition,transition,0.033333           0         0.3     0.66667
transition,transition,0.3           0    0.033333     0.66667
transition,transition,0.11795           0           0     0.88205
transition,transition,0.11795           0    0.033333     0.84872
transition,transition,0.11795           0    0.066667     0.81538
transition,transition,0.066667           0    0.033333         0.9
transition,transition,0.1           0         0.1         0.8
transition,transition,0           0         0.3         0.7
transition,transition,0.033333           0     0.23333     0.73333
transition,transition,0           0         0.2         0.8
transition,transition,0           0     0.16667     0.83333
transition,transition,0           0     0.23333     0.76667
transition,transition,0.033333           0     0.23333     0.73333
transition,transition,0.033333           0     0.23333     0.73333
transition,transition,0           0         0.2         0.8
transition,transition,0           0     0.16667     0.83333
transition,transition,0           0     0.16667     0.83333
transition,transition,0           0     0.16667     0.83333
transition,transition,0           0    0.066667     0.93333
transition,transition,0           0    0.066667     0.93333
transition,transition,0  0  0  1
transition,transition,0.2           0    0.033333     0.76667
transition,transition,0.2           0           0         0.8
transition,transition,0.13333           0    0.033333     0.83333
transition,transition,0.13333           0    0.066667         0.8
transition,transition,0.13333           0    0.066667         0.8
transition,transition,0.13333           0    0.033333     0.83333
transition,transition,0.15128           0     0.16667     0.68205
transition,transition,0.23333           0     0.13333     0.63333
bike,transition,0.76667           0     0.13333         0.1
bike,transition,0.76667           0     0.13333         0.1
bike,transition,0.76667           0     0.13333         0.1
bike,transition,0.76667           0     0.13333         0.1
bike,transition,0.76667           0    0.066667     0.16667
bike,transition,0.76667           0    0.066667     0.16667
bike,transition,0.76667           0    0.066667     0.16667
bike,transition,0.76667           0    0.066667     0.16667
bike,transition,0.76667           0    0.066667     0.16667
bike,transition,0.76667           0    0.066667     0.16667
bike,transition,0.76667           0    0.066667     0.16667
bike,transition,0.96667           0           0    0.033333
bike,transition,0.96667           0           0    0.033333
bike,transition,0.6           0      0.1625      0.2375
bike,transition,0.76667           0         0.1     0.13333
bike,transition,0.83333           0    0.033333     0.13333
bike,transition,0.83333           0    0.033333     0.13333
bike,transition,0.83333           0    0.033333     0.13333
bike,transition,0.83333           0    0.033333     0.13333
bike,transition,0.83333           0    0.033333     0.13333
bike,transition,0.96667           0    0.033333           0
bike,transition,0.76667           0    0.066667     0.16667
bike,transition,0.93333           0    0.033333    0.033333
bike,transition,0.93333           0    0.066667           0
bike,transition,0.83333           0         0.1    0.066667
transition,transition,0.16667           0     0.13333         0.7
transition,transition,0.1           0         0.1         0.8
transition,transition,0           0     0.13333     0.86667
transition,transition,0    0.033333         0.3     0.66667
transition,transition,0    0.033333     0.33333     0.63333
transition,transition,0    0.033333     0.36667         0.6
transition,transition,0    0.033333         0.3     0.66667
transition,transition,0    0.033333         0.2     0.76667
transition,transition,0    0.033333         0.2     0.76667
transition,transition,0    0.033333         0.3     0.66667
transition,transition,0    0.033333     0.16667         0.8
transition,transition,0           0    0.033333     0.96667
transition,transition,0           0     0.23333     0.76667
bike,transition,0.96667           0           0    0.033333
transition,transition,0.033333           0         0.3     0.66667
transition,transition,0.033333           0     0.33333     0.63333
transition,transition,0.033333           0     0.33333     0.63333
transition,transition,0.033333           0     0.33333     0.63333
transition,transition,0           0     0.33333     0.66667
transition,transition,0.066667           0     0.33333         0.6
transition,transition,0           0     0.23636     0.76364
transition,transition,0.066667           0     0.13333         0.8
transition,transition,0.16667           0     0.13333         0.7
transition,transition,0.084615           0     0.26667     0.64872
transition,transition,0.087142     0.33333      0.2256     0.35392
swim,transition,0.029167           0     0.83139     0.13944
transition,transition,0.18548         0.3      0.1256     0.38892
transition,transition,0.15214         0.3     0.15893     0.38892
transition,transition,0.15214         0.3     0.15893     0.38892
swim,transition,0.0375           0     0.71885     0.24365
bike,transition,0.83333           0    0.033333     0.13333
bike,transition,0.83333           0    0.033333     0.13333
bike,transition,0.86667           0    0.033333         0.1
bike,transition,0.86667           0    0.033333         0.1
bike,transition,0.83333           0    0.033333     0.13333
bike,transition,0.83333           0    0.033333     0.13333
bike,transition,0.96667           0    0.033333           0
bike,transition,0.6           0         0.2         0.2
bike,transition,0.9           0    0.033333    0.066667
bike,transition,0.70495           0     0.20747    0.087586
bike,transition,0.91383           0    0.035246     0.05092
bike,transition,0.4202           0      0.2956      0.2842
swim,transition,0.066667           0     0.76373     0.16961
swim,transition,0.066667           0     0.73039     0.20294
transition,transition,0.066667           0     0.33333         0.6
transition,transition,0.066667           0         0.3     0.63333
swim,transition,0.033333           0     0.63333     0.33333
run,transition,0     0.63333     0.23333     0.13333
swim,transition,0         0.1     0.73333     0.16667
transition,transition,0.0019608           0     0.23725     0.76078
transition,transition,0.0019608           0    0.042588     0.95545
transition,transition,0.0067227           0     0.10449     0.88878
run,transition,0     0.63333         0.2     0.16667
run,transition,0         0.9    0.066667    0.033333
run,transition,0         0.9    0.066667    0.033333
run,transition,0         0.9    0.066667    0.033333
run,transition,0         0.9    0.066667    0.033333
run,transition,0         0.9    0.066667    0.033333
run,transition,0         0.9    0.066667    0.033333
run,swim,0         0.9    0.066667    0.033333
run,swim,0     0.83333     0.13333    0.033333
run,swim,0     0.93333    0.066667           0
run,swim,0     0.76667         0.2    0.033333
swim,swim,0     0.13333     0.83333    0.033333
swim,swim,0     0.16667     0.76667    0.066667
swim,swim,0    0.033333     0.93333    0.033333
swim,swim,0           0     0.96667    0.033333
swim,swim,0           0     0.96667    0.033333
swim,swim,0  0  1  0
swim,swim,0           0     0.96667    0.033333
swim,swim,0           0     0.86667     0.13333
swim,swim,0           0     0.86667     0.13333
swim,swim,0           0     0.83333     0.16667
swim,swim,0           0     0.83333     0.16667
swim,swim,0           0     0.83333     0.16667
swim,swim,0           0     0.86667     0.13333
swim,swim,0         0.1     0.73333     0.16667
run,swim,0         0.7         0.2         0.1
run,swim,0     0.63333     0.23333     0.13333
swim,swim,0         0.1     0.73333     0.16667
swim,swim,0    0.033333         0.8     0.16667
swim,swim,0           0         0.9         0.1
swim,swim,0           0         0.9         0.1
swim,swim,0           0     0.83333     0.16667
swim,swim,0           0     0.86667     0.13333
swim,swim,0           0         0.9         0.1
swim,swim,0           0     0.83333     0.16667
swim,swim,0           0     0.83333     0.16667
swim,swim,0           0         0.8         0.2
swim,swim,0           0         0.8         0.2
swim,swim,0    0.033333     0.76667         0.2
swim,swim,0    0.033333     0.76667         0.2
swim,swim,0    0.033333     0.76667         0.2
swim,swim,0    0.033333     0.76667         0.2
swim,swim,0           0         0.8         0.2
swim,swim,0           0     0.83333     0.16667
swim,swim,0           0     0.83333     0.16667
swim,swim,0           0     0.83333     0.16667
swim,swim,0           0         0.6         0.4
swim,swim,0           0     0.76667     0.23333
swim,swim,0           0     0.66667     0.33333
swim,swim,0           0     0.66667     0.33333
transition,swim,0           0     0.33333     0.66667
transition,swim,0    0.033333     0.26667         0.7
transition,swim,0    0.033333     0.16667         0.8
swim,swim,0           0     0.73333     0.26667
swim,swim,0           0     0.73333     0.26667
swim,swim,0           0         0.9         0.1
swim,swim,0           0         0.9         0.1
swim,swim,0           0     0.86667     0.13333
swim,swim,0           0     0.86667     0.13333
swim,swim,0         0.1     0.76667     0.13333
swim,swim,0     0.13333     0.73333     0.13333
run,swim,0         0.5     0.23333     0.26667
run,swim,0         0.6     0.26667     0.13333
swim,swim,0    0.033333         0.7     0.26667
swim,swim,0    0.033333         0.7     0.26667
swim,swim,0    0.066667     0.73333         0.2
swim,swim,0     0.13333     0.76667         0.1
swim,swim,0    0.033333     0.86667         0.1
swim,swim,0    0.033333     0.86667         0.1
swim,swim,0    0.033333     0.86667         0.1
swim,swim,0    0.033333         0.9    0.066667
swim,swim,0    0.033333     0.83333     0.13333
swim,swim,0    0.033333     0.83333     0.13333
swim,swim,0    0.033333     0.83333     0.13333
swim,swim,0    0.033333         0.8     0.16667
swim,swim,0    0.033333     0.83333     0.13333
swim,swim,0    0.033333         0.8     0.16667
swim,swim,0    0.033333     0.83333     0.13333
swim,swim,0    0.033333     0.83333     0.13333
swim,swim,0    0.033333         0.8     0.16667
swim,swim,0    0.033333         0.8     0.16667
swim,swim,0           0     0.86667     0.13333
swim,swim,0           0     0.86667     0.13333
swim,swim,0           0     0.83333     0.16667
swim,swim,0           0     0.86667     0.13333
swim,swim,0           0     0.83333     0.16667
swim,swim,0           0     0.86667     0.13333
swim,swim,0           0     0.93333    0.066667
swim,swim,0           0     0.93333    0.066667
swim,swim,0           0     0.93333    0.066667
swim,swim,0           0         0.9         0.1
swim,swim,0           0     0.93333    0.066667
swim,swim,0           0     0.93333    0.066667
swim,swim,0           0     0.83333     0.16667
swim,swim,0           0         0.8         0.2
swim,swim,0           0     0.83333     0.16667
swim,swim,0           0         0.8         0.2
swim,swim,0           0         0.8         0.2
swim,swim,0           0         0.8         0.2
swim,swim,0           0         0.8         0.2
swim,swim,0           0         0.8         0.2
swim,swim,0           0         0.8         0.2
swim,swim,0           0     0.86667     0.13333
swim,swim,0           0         0.9         0.1
swim,swim,0    0.033333     0.86667         0.1
swim,swim,0         0.1     0.83333    0.066667
run,swim,0     0.66667     0.16667     0.16667
swim,swim,0    0.066667     0.93333           0
swim,swim,0     0.16667         0.8    0.033333
run,swim,0     0.83333     0.13333    0.033333
run,swim,0         0.7     0.26667    0.033333
run,swim,0     0.63333     0.33333    0.033333
run,swim,0         0.7     0.26667    0.033333
swim,swim,0     0.16667         0.8    0.033333
swim,swim,0     0.16667         0.8    0.033333
swim,swim,0    0.033333     0.93333    0.033333
swim,swim,0           0     0.96667    0.033333
swim,swim,0           0     0.96667    0.033333
swim,swim,0           0         0.9         0.1
swim,swim,0           0         0.9         0.1
swim,swim,0           0     0.93333    0.066667
swim,swim,0           0         0.9         0.1
swim,swim,0           0         0.8         0.2
swim,swim,0           0         0.8         0.2
swim,swim,0           0         0.8         0.2
swim,swim,0           0         0.8         0.2
swim,swim,0    0.066667     0.73333         0.2
swim,swim,0    0.033333     0.76667         0.2
swim,swim,0    0.033333     0.76667         0.2
swim,swim,0    0.033333         0.8     0.16667
swim,swim,0    0.033333     0.83333     0.13333
swim,swim,0    0.033333     0.83333     0.13333
swim,swim,0    0.033333     0.83333     0.13333
swim,swim,0    0.033333     0.83333     0.13333
swim,swim,0    0.033333     0.83333     0.13333
swim,swim,0    0.033333     0.83333     0.13333
swim,swim,0    0.033333     0.83333     0.13333
swim,swim,0    0.033333     0.83333     0.13333
swim,swim,0    0.033333     0.83333     0.13333
swim,swim,0           0     0.86667     0.13333
swim,swim,0    0.033333     0.83333     0.13333
swim,swim,0           0     0.86667     0.13333
swim,swim,0           0     0.86667     0.13333
swim,swim,0           0     0.86667     0.13333
swim,swim,0           0     0.86667     0.13333
swim,swim,0           0     0.86667     0.13333
swim,swim,0           0     0.86667     0.13333
swim,swim,0           0     0.86667     0.13333
swim,swim,0           0     0.83333     0.16667
swim,swim,0           0     0.86667     0.13333
swim,swim,0    0.033333     0.83333     0.13333
swim,swim,0    0.033333     0.83333     0.13333
swim,swim,0    0.033333     0.76667         0.2
swim,swim,0    0.033333         0.7     0.26667
swim,swim,0           0         0.8         0.2
swim,swim,0           0     0.66667     0.33333
swim,swim,0           0     0.63333     0.36667
swim,swim,0           0     0.63333     0.36667
swim,swim,0           0     0.63333     0.36667
swim,swim,0           0     0.93333    0.066667
swim,swim,0           0     0.96667    0.033333
swim,swim,0           0     0.96667    0.033333
swim,swim,0           0     0.96667    0.033333
swim,swim,0           0     0.93333    0.066667
swim,swim,0           0     0.93333    0.066667
swim,swim,0           0     0.86667     0.13333
swim,swim,0           0     0.86667     0.13333
swim,swim,0           0     0.83333     0.16667
swim,swim,0           0     0.83333     0.16667
swim,swim,0           0     0.83333     0.16667
swim,swim,0           0     0.83333     0.16667
swim,swim,0    0.033333         0.8     0.16667
swim,swim,0           0     0.83333     0.16667
swim,swim,0           0     0.83333     0.16667
swim,swim,0           0     0.83333     0.16667
swim,swim,0    0.033333         0.8     0.16667
swim,swim,0    0.033333     0.83333     0.13333
swim,swim,0    0.033333     0.83333     0.13333
swim,swim,0    0.033333     0.83333     0.13333
swim,swim,0    0.066667         0.8     0.13333
swim,swim,0    0.033333     0.83333     0.13333
swim,swim,0    0.033333     0.83333     0.13333
swim,swim,0    0.033333     0.83333     0.13333
swim,swim,0    0.033333     0.83333     0.13333
swim,swim,0    0.033333     0.83333     0.13333
swim,swim,0    0.033333     0.83333     0.13333
swim,swim,0    0.033333     0.83333     0.13333
swim,swim,0           0     0.86667     0.13333
swim,swim,0           0     0.83333     0.16667
swim,swim,0           0     0.73333     0.26667
swim,swim,0           0         0.8         0.2
swim,swim,0     0.13333     0.63333     0.23333
swim,swim,0           0         0.8         0.2
swim,swim,0           0     0.76667     0.23333
swim,swim,0           0         0.8         0.2
swim,swim,0           0     0.83333     0.16667
swim,swim,0    0.033333         0.8     0.16667
swim,swim,0    0.033333         0.8     0.16667
swim,swim,0    0.033333         0.8     0.16667
swim,swim,0    0.033333     0.83333     0.13333
swim,swim,0    0.033333     0.83333     0.13333
swim,swim,0    0.033333         0.8     0.16667
swim,swim,0    0.033333         0.8     0.16667
swim,swim,0    0.033333         0.8     0.16667
swim,swim,0    0.033333         0.8     0.16667
swim,swim,0    0.033333         0.8     0.16667
swim,swim,0    0.033333         0.8     0.16667
swim,swim,0    0.033333     0.76667         0.2
swim,swim,0           0     0.83333     0.16667
swim,swim,0           0     0.73333     0.26667
swim,swim,0           0     0.73333     0.26667
swim,swim,0           0         0.8         0.2
swim,swim,0           0     0.83333     0.16667
swim,swim,0    0.033333     0.83333     0.13333
swim,swim,0    0.033333     0.83333     0.13333
swim,swim,0    0.033333     0.83333     0.13333
swim,swim,0    0.033333     0.83333     0.13333
swim,swim,0    0.033333     0.83333     0.13333
swim,swim,0    0.033333         0.8     0.16667
swim,swim,0    0.033333         0.8     0.16667
swim,swim,0    0.033333         0.8     0.16667
swim,swim,0    0.033333         0.8     0.16667
swim,swim,0    0.033333     0.76667         0.2
swim,swim,0    0.033333         0.7     0.26667
swim,swim,0           0         0.6         0.4
swim,swim,0           0     0.66667     0.33333
swim,swim,0           0         0.6         0.4
swim,swim,0           0         0.6         0.4
transition,swim,0           0         0.3         0.7
transition,swim,0           0         0.4         0.6
transition,swim,0           0    0.033333     0.96667
transition,swim,0           0    0.033333     0.96667
swim,swim,0           0     0.63333     0.36667
swim,swim,0           0     0.66667     0.33333
swim,swim,0           0         0.7         0.3
transition,swim,0           0    0.077778     0.92222
swim,swim,0     0.13333         0.6     0.26667
swim,swim,0     0.13333         0.6     0.26667
swim,swim,0     0.13333     0.66667         0.2
swim,swim,0     0.13333         0.7     0.16667
swim,swim,0     0.13333         0.7     0.16667
swim,swim,0     0.13333         0.7     0.16667
swim,swim,0    0.033333         0.8     0.16667
swim,swim,0    0.033333         0.8     0.16667
swim,swim,0    0.033333         0.8     0.16667
swim,swim,0    0.033333         0.8     0.16667
swim,swim,0    0.033333         0.8     0.16667
swim,swim,0    0.033333         0.8     0.16667
swim,swim,0    0.033333     0.76667         0.2
swim,swim,0    0.033333         0.8     0.16667
swim,swim,0    0.033333         0.8     0.16667
swim,swim,0    0.033333         0.8     0.16667
swim,swim,0    0.033333         0.8     0.16667
swim,swim,0    0.033333         0.8     0.16667
swim,swim,0    0.033333     0.83333     0.13333
swim,swim,0    0.033333     0.83333     0.13333
swim,swim,0    0.033333     0.83333     0.13333
swim,swim,0    0.033333     0.83333     0.13333
swim,swim,0    0.033333     0.83333     0.13333
swim,swim,0           0     0.86667     0.13333
swim,swim,0           0     0.86667     0.13333
swim,swim,0           0     0.86667     0.13333
swim,swim,0           0     0.86667     0.13333
swim,swim,0           0     0.86667     0.13333
swim,swim,0           0     0.83333     0.16667
swim,swim,0           0     0.83333     0.16667
swim,swim,0           0     0.83333     0.16667
swim,swim,0    0.033333     0.76667         0.2
swim,swim,0    0.033333         0.6     0.36667
swim,swim,0    0.033333         0.6     0.36667
transition,swim,0    0.033333     0.36667         0.6
swim,swim,0    0.033333         0.6     0.36667
swim,swim,0    0.033333         0.6     0.36667
swim,swim,0    0.033333         0.6     0.36667
swim,swim,0         0.1     0.63333     0.26667
transition,swim,0    0.033333         0.2     0.76667
transition,swim,0    0.033333         0.1     0.86667
transition,swim,0    0.033333         0.3     0.66667
swim,swim,0    0.033333         0.7     0.26667
swim,swim,0           0     0.73333     0.26667
swim,swim,0           0         0.8         0.2
swim,swim,0           0     0.83333     0.16667
swim,swim,0  0  1  0
swim,swim,0           0     0.96667    0.033333
swim,swim,0           0     0.96667    0.033333
swim,swim,0    0.033333     0.96667           0
swim,swim,0    0.066667     0.93333           0
swim,swim,0           0     0.96667    0.033333
swim,swim,0    0.033333     0.86667         0.1
swim,swim,0    0.033333         0.8     0.16667
swim,swim,0    0.066667         0.8     0.13333
swim,swim,0     0.13333     0.73333     0.13333
swim,swim,0     0.13333     0.73333     0.13333
swim,swim,0     0.13333     0.73333     0.13333
swim,swim,0     0.13333         0.7     0.16667
swim,swim,0     0.13333         0.7     0.16667
swim,swim,0    0.033333         0.7     0.26667
swim,swim,0         0.1     0.66667     0.23333
swim,swim,0         0.1         0.7         0.2
swim,swim,0           0     0.66667     0.33333
swim,swim,0    0.033333         0.7     0.26667
swim,swim,0    0.033333     0.73333     0.23333
swim,swim,0    0.033333         0.8     0.16667
swim,swim,0    0.033333     0.83333     0.13333
swim,swim,0    0.033333     0.83333     0.13333
swim,swim,0    0.033333     0.83333     0.13333
swim,swim,0    0.033333         0.8     0.16667
swim,swim,0           0     0.73333     0.26667
swim,swim,0           0     0.66667     0.33333
swim,swim,0           0     0.63333     0.36667
swim,swim,0           0         0.6         0.4
swim,swim,0           0         0.6         0.4
swim,swim,0           0     0.83333     0.16667
swim,swim,0           0     0.83333     0.16667
swim,swim,0           0     0.86667     0.13333
swim,swim,0           0         0.9         0.1
swim,swim,0           0         0.9         0.1
swim,swim,0           0     0.86667     0.13333
swim,swim,0           0         0.9         0.1
swim,swim,0         0.1     0.76667     0.13333
swim,swim,0         0.1     0.76667     0.13333
swim,swim,0         0.1     0.76667     0.13333
swim,swim,0           0     0.86667     0.13333
swim,swim,0           0         0.9         0.1
swim,swim,0           0     0.86667     0.13333
swim,swim,0           0     0.76667     0.23333
swim,swim,0           0     0.63333     0.36667
swim,swim,0           0     0.63333     0.36667
swim,swim,0           0         0.6         0.4
swim,swim,0           0         0.7         0.3
swim,swim,0           0         0.7         0.3
swim,swim,0           0     0.83333     0.16667
swim,swim,0           0     0.83333     0.16667
swim,swim,0           0     0.83333     0.16667
swim,swim,0           0     0.83333     0.16667
swim,swim,0           0     0.83333     0.16667
swim,swim,0           0     0.86667     0.13333
swim,swim,0           0     0.86667     0.13333
swim,swim,0           0     0.86667     0.13333
swim,swim,0           0     0.86667     0.13333
swim,swim,0           0     0.86667     0.13333
swim,swim,0           0         0.9         0.1
swim,swim,0           0         0.9         0.1
swim,swim,0           0     0.86667     0.13333
swim,swim,0           0         0.9         0.1
swim,swim,0           0     0.76667     0.23333
swim,swim,0           0         0.8         0.2
swim,swim,0           0         0.7         0.3
swim,swim,0           0     0.66667     0.33333
swim,swim,0           0     0.66667     0.33333
swim,swim,0           0     0.63333     0.36667
swim,swim,0           0     0.63333     0.36667
swim,swim,0           0     0.63333     0.36667
swim,swim,0    0.033333     0.63333     0.33333
transition,swim,0    0.033333     0.23333     0.73333
transition,swim,0    0.033333         0.2     0.76667
transition,swim,0           0    0.033333     0.96667
swim,swim,0    0.033333     0.66667         0.3
swim,swim,0    0.033333         0.7     0.26667
swim,swim,0    0.033333     0.73333     0.23333
swim,swim,0    0.033333     0.76667         0.2
swim,swim,0    0.033333     0.83333     0.13333
swim,swim,0           0         0.9         0.1
swim,swim,0           0         0.9         0.1
swim,swim,0    0.066667         0.8     0.13333
swim,swim,0    0.066667         0.8     0.13333
swim,swim,0           0     0.86667     0.13333
swim,swim,0           0     0.86667     0.13333
swim,swim,0           0     0.86667     0.13333
swim,swim,0    0.033333         0.7     0.26667
swim,swim,0    0.033333     0.83333     0.13333
swim,swim,0    0.033333     0.83333     0.13333
swim,swim,0    0.033333     0.83333     0.13333
swim,swim,0    0.033333     0.83333     0.13333
swim,swim,0    0.033333     0.83333     0.13333
swim,swim,0    0.033333     0.83333     0.13333
swim,swim,0    0.033333         0.8     0.16667
swim,swim,0    0.033333         0.8     0.16667
swim,swim,0    0.033333     0.83333     0.13333
swim,swim,0    0.033333     0.83333     0.13333
swim,swim,0    0.033333     0.76667         0.2
swim,swim,0    0.033333         0.8     0.16667
swim,swim,0           0     0.76667     0.23333
swim,swim,0           0     0.76667     0.23333
swim,swim,0           0     0.76667     0.23333
swim,swim,0    0.033333     0.73333     0.23333
swim,swim,0           0     0.76667     0.23333
swim,swim,0           0     0.86667     0.13333
swim,swim,0           0     0.86667     0.13333
swim,swim,0           0     0.86667     0.13333
swim,swim,0           0     0.86667     0.13333
swim,swim,0           0     0.83333     0.16667
swim,swim,0    0.033333     0.83333     0.13333
swim,swim,0    0.033333         0.8     0.16667
swim,swim,0    0.033333     0.73333     0.23333
swim,swim,0    0.033333     0.66667         0.3
swim,swim,0           0     0.86667     0.13333
swim,swim,0           0     0.86667     0.13333
swim,swim,0           0     0.86667     0.13333
swim,swim,0           0     0.86667     0.13333
swim,swim,0    0.033333     0.86667         0.1
swim,swim,0    0.033333     0.93333    0.033333
swim,swim,0    0.066667         0.9    0.033333
swim,swim,0    0.066667         0.9    0.033333
swim,swim,0         0.1     0.83333    0.066667
swim,swim,0         0.1     0.83333    0.066667
swim,swim,0           0     0.93333    0.066667
swim,swim,0           0     0.76667     0.23333
swim,swim,0           0         0.8         0.2
swim,swim,0           0         0.9         0.1
swim,swim,0           0     0.86667     0.13333
swim,swim,0           0     0.66667     0.33333
swim,swim,0           0     0.63333     0.36667
swim,swim,0           0     0.76667     0.23333
swim,swim,0           0     0.73333     0.26667
swim,swim,0           0     0.73333     0.26667
swim,swim,0           0     0.73333     0.26667
swim,swim,0           0     0.73333     0.26667
swim,swim,0           0         0.6         0.4
transition,swim,0           0         0.1         0.9
swim,swim,0    0.033333     0.73333     0.23333
swim,swim,0    0.033333     0.73333     0.23333
swim,swim,0           0     0.53333     0.46667
run,swim,0         0.5     0.23333     0.26667
run,swim,0         0.6     0.36667    0.033333
run,swim,0         0.6     0.23333     0.16667
run,swim,0         0.6     0.23333     0.16667
run,swim,0         0.6     0.13333     0.26667
swim,swim,0    0.033333     0.73333     0.23333
transition,swim,0           0    0.033333     0.96667
transition,swim,0.033333           0    0.033333     0.93333
transition,swim,0.033333           0    0.033333     0.93333
transition,swim,0           0    0.033333     0.96667
transition,swim,0           0    0.066667     0.93333
transition,swim,0           0    0.033333     0.96667
transition,swim,0           0    0.066667     0.93333
transition,swim,0           0    0.066667     0.93333
transition,swim,0  0  0  1
transition,swim,0  0  0  1
transition,transition,0  0  0  1
transition,transition,0  0  0  1
transition,transition,0  0  0  1
transition,transition,0           0     0.16667     0.83333
transition,transition,0  0  0  1
transition,transition,0           0    0.066667     0.93333
transition,transition,0           0         0.2         0.8
transition,transition,0           0     0.23333     0.76667
swim,transition,0           0     0.63333     0.36667
swim,transition,0           0         0.6         0.4
swim,transition,0           0     0.86667     0.13333
transition,transition,0     0.13333    0.066667         0.8
run,transition,0         0.6         0.2         0.2
run,transition,0         0.9    0.033333    0.066667
run,transition,0         0.9    0.033333    0.066667
run,transition,0         0.9    0.033333    0.066667
run,transition,0         0.9    0.033333    0.066667
run,transition,0         0.9    0.033333    0.066667
run,transition,0         0.9    0.033333    0.066667
run,transition,0         0.6     0.13333     0.26667
run,transition,0         0.9    0.033333    0.066667
run,transition,0         0.9    0.033333    0.066667
run,transition,0         0.9    0.033333    0.066667
run,transition,0         0.9    0.033333    0.066667
run,transition,0  1  0  0
run,transition,0  1  0  0
run,transition,0  1  0  0
run,transition,0  1  0  0
run,transition,0     0.93333    0.066667           0
run,transition,0         0.9    0.033333    0.066667
run,transition,0     0.86667    0.033333         0.1
run,transition,0         0.9    0.033333    0.066667
run,transition,0     0.93333    0.066667           0
run,transition,0  1  0  0
run,transition,0  1  0  0
run,transition,0  1  0  0
run,transition,0  1  0  0
run,transition,0  1  0  0
run,transition,0  1  0  0
run,transition,0  1  0  0
run,transition,0  1  0  0
run,transition,0  1  0  0
run,transition,0  1  0  0
run,transition,0  1  0  0
run,transition,0  1  0  0
run,transition,0     0.93333    0.066667           0
run,transition,0     0.93333    0.066667           0
run,transition,0     0.93333    0.066667           0
run,transition,0     0.93333    0.066667           0
run,transition,0     0.93333    0.066667           0
run,transition,0     0.93333    0.066667           0
run,transition,0     0.93333    0.066667           0
run,transition,0     0.93333    0.066667           0
run,transition,0     0.93333    0.066667           0
run,transition,0     0.93333    0.066667           0
run,transition,0     0.93333    0.066667           0
run,transition,0     0.93333    0.066667           0
run,transition,0     0.93333    0.066667           0
run,transition,0     0.93333    0.066667           0
run,transition,0     0.93333    0.066667           0
run,transition,0  1  0  0
run,transition,0     0.93333    0.066667           0
run,transition,0     0.93333    0.066667           0
run,transition,0  1  0  0
run,transition,0  1  0  0
run,transition,0  1  0  0
run,transition,0         0.9    0.033333    0.066667
run,transition,0         0.9    0.033333    0.066667
run,transition,0         0.8     0.13889    0.061111
swim,transition,0           0     0.73333     0.26667
swim,transition,0           0         0.7         0.3
swim,transition,0           0         0.7         0.3
transition,transition,0           0     0.36667     0.63333
transition,transition,0           0         0.3         0.7
transition,transition,0           0     0.33333     0.66667
swim,transition,0           0     0.76667     0.23333
swim,transition,0           0         0.6         0.4
transition,transition,0.32172           0     0.25286     0.42541
transition,transition,0           0         0.1         0.9
transition,transition,0           0    0.066667     0.93333
transition,transition,0           0    0.066667     0.93333
transition,transition,0    0.033333           0     0.96667
transition,transition,0    0.033333           0     0.96667
transition,transition,0    0.033333           0     0.96667
transition,transition,0  0  0  1
transition,transition,0  0  0  1
transition,transition,0           0     0.13333     0.86667
transition,transition,0           0     0.13333     0.86667
transition,transition,0           0         0.1         0.9
transition,transition,0           0     0.16667     0.83333
transition,transition,0           0     0.16667     0.83333
transition,transition,0    0.033333         0.2     0.76667
transition,transition,0    0.033333         0.2     0.76667
transition,transition,0    0.033333         0.2     0.76667
swim,transition,0           0         0.6         0.4
swim,transition,0           0         0.6         0.4
swim,transition,0    0.033333     0.63333     0.33333
swim,transition,0    0.033333     0.63333     0.33333
transition,transition,0    0.033333     0.33333     0.63333
transition,transition,0           0     0.36667     0.63333
swim,transition,0           0     0.76667     0.23333
transition,transition,0           0         0.1         0.9
transition,transition,0           0    0.033333     0.96667
transition,transition,0           0    0.033333     0.96667
transition,transition,0           0     0.30303     0.69697
transition,transition,0    0.033333     0.36667         0.6
transition,transition,0    0.033333     0.36667         0.6
transition,transition,0           0     0.46667     0.53333
transition,transition,0  0  0  1
transition,transition,0           0         0.4         0.6
swim,transition,0    0.033333         0.8     0.16667
swim,transition,0    0.033333     0.83333     0.13333
swim,transition,0    0.033333     0.83333     0.13333
swim,transition,0    0.033333     0.83333     0.13333
swim,transition,0    0.033333     0.83333     0.13333
swim,transition,0    0.033333     0.83333     0.13333
swim,transition,0    0.033333         0.8     0.16667
swim,transition,0    0.033333         0.8     0.16667
swim,transition,0    0.033333         0.8     0.16667
swim,transition,0         0.1     0.63333     0.26667
transition,transition,0           0         0.1         0.9
transition,transition,0           0     0.13333     0.86667
transition,transition,0           0         0.1         0.9
transition,transition,0           0         0.2         0.8
transition,transition,0.033333           0     0.20303     0.76364
transition,transition,0.20173           0       0.196     0.60227
transition,transition,0           0     0.33333     0.66667
transition,transition,0           0     0.13333     0.86667
transition,transition,0    0.066667         0.1     0.83333
transition,transition,0    0.066667     0.13333         0.8
transition,transition,0           0    0.066667     0.93333
transition,transition,0    0.066667         0.3     0.63333
transition,transition,0     0.13333         0.2     0.66667
run,transition,0.068095     0.43333      0.1619     0.33667
run,transition,0.071429     0.43333      0.1619     0.33333
run,transition,0     0.46667     0.16667     0.36667
transition,transition,0    0.033333    0.033333     0.93333
transition,transition,0    0.033333     0.13333     0.83333
transition,transition,0     0.13333         0.2     0.66667
transition,transition,0         0.1     0.16667     0.73333
transition,transition,0         0.1     0.16667     0.73333
transition,transition,0    0.033333     0.16667         0.8
transition,transition,0     0.13333         0.2     0.66667
transition,transition,0         0.1     0.16667     0.73333
transition,transition,0    0.033333    0.033333     0.93333
transition,transition,0           0    0.033333     0.96667
transition,transition,0           0    0.033333     0.96667
transition,transition,0    0.033333    0.033333     0.93333
transition,transition,0    0.066667    0.066667     0.86667
transition,transition,0    0.033333    0.033333     0.93333
transition,transition,0    0.033333         0.1     0.86667
transition,transition,0           0    0.033333     0.96667
transition,transition,0           0    0.066667     0.93333
transition,transition,0           0    0.066667     0.93333
swim,transition,0    0.066667         0.6     0.33333
transition,transition,0    0.033333         0.2     0.76667
transition,transition,0           0    0.066667     0.93333
transition,transition,0           0         0.1         0.9
transition,transition,0           0         0.1         0.9
transition,transition,0           0         0.1         0.9
transition,transition,0           0         0.1         0.9
transition,transition,0           0         0.1         0.9
transition,transition,0  0  0  1
transition,transition,0  0  0  1
transition,transition,0    0.033333    0.066667         0.9
transition,transition,0.033333           0     0.36667         0.6
transition,transition,0    0.033333     0.16667         0.8
transition,transition,0    0.033333    0.066667         0.9
transition,transition,0    0.033333    0.066667         0.9
transition,transition,0    0.033333    0.066667         0.9
transition,transition,0    0.033333    0.066667         0.9
transition,transition,0    0.033333    0.066667         0.9
transition,transition,0    0.033333    0.033333     0.93333
transition,transition,0  0  0  1
transition,transition,0  0  0  1
transition,transition,0  0  0  1
transition,transition,0           0    0.033333     0.96667
transition,transition,0           0    0.033333     0.96667
transition,transition,0           0    0.033333     0.96667
transition,transition,0  0  0  1
transition,transition,0  0  0  1
transition,transition,0  0  0  1
transition,transition,0  0  0  1
transition,transition,0  0  0  1
transition,transition,0  0  0  1
transition,transition,0           0         0.3         0.7
transition,transition,0           0     0.33333     0.66667
transition,transition,0           0         0.4         0.6
bike,transition,0.52856           0     0.24636     0.22509
transition,transition,0.033333           0     0.36667         0.6
transition,transition,0.035088           0     0.36316     0.60175
transition,transition,0.033333           0     0.33333     0.63333
swim,transition,0.033333           0         0.7     0.26667
transition,transition,0           0         0.4         0.6
transition,transition,0           0     0.23333     0.76667
transition,transition,0           0     0.26667     0.73333
transition,transition,0           0     0.26667     0.73333
transition,transition,0           0         0.3         0.7
transition,transition,0           0     0.36667     0.63333
transition,transition,0    0.066667     0.26667     0.66667
transition,transition,0           0     0.36667     0.63333
transition,transition,0           0    0.066667     0.93333
transition,transition,0           0    0.066667     0.93333
transition,transition,0           0    0.033333     0.96667
bike,transition,0.86667           0    0.033333         0.1
bike,transition,1  0  0  0
bike,transition,1  0  0  0
bike,transition,0.9           0           0         0.1
bike,transition,0.9           0    0.033333    0.066667
bike,transition,0.9           0           0         0.1
bike,transition,0.9           0           0         0.1
bike,transition,0.9           0    0.033333    0.066667
bike,transition,0.9           0    0.033333    0.066667
bike,transition,0.93333           0    0.033333    0.033333
bike,transition,0.93333           0    0.033333    0.033333
bike,transition,0.93333           0    0.033333    0.033333
bike,transition,0.96667           0           0    0.033333
bike,transition,1  0  0  0
bike,transition,1  0  0  0
bike,transition,0.96667           0    0.033333           0
bike,transition,0.96667           0    0.033333           0
bike,transition,0.96667           0    0.033333           0
bike,transition,0.96667           0    0.033333           0
bike,transition,0.96667           0    0.033333           0
bike,transition,0.96667           0    0.033333           0
bike,transition,0.93333           0    0.033333    0.033333
bike,transition,0.96667           0    0.033333           0
bike,transition,0.96667           0    0.033333           0
bike,transition,0.86667    0.033333    0.033333    0.066667
bike,transition,0.8           0    0.066667     0.13333
bike,transition,0.76667           0    0.033333         0.2
bike,transition,0.76667           0    0.033333         0.2
bike,transition,0.76667           0    0.033333         0.2
bike,transition,0.73333           0    0.033333     0.23333
bike,transition,0.76667           0    0.033333         0.2
bike,transition,0.76667           0    0.033333         0.2
bike,transition,0.83333           0    0.033333     0.13333
bike,transition,0.76667           0    0.033333         0.2
bike,transition,0.76667           0    0.033333         0.2
bike,transition,0.86667    0.033333    0.033333    0.066667
bike,transition,0.86667    0.033333    0.033333    0.066667
bike,transition,0.86667    0.033333    0.033333    0.066667
bike,transition,0.86667    0.033333    0.033333    0.066667
bike,transition,0.93333           0    0.066667           0
bike,transition,0.96667           0    0.033333           0
bike,transition,0.96667           0    0.033333           0
bike,transition,0.8           0         0.1         0.1
bike,transition,0.93333           0    0.066667           0
bike,transition,0.55078           0     0.10747     0.34175
bike,transition,0.9           0    0.066667    0.033333
bike,transition,0.96667           0    0.033333           0
bike,transition,0.85078           0    0.040802     0.10842
transition,transition,0.066667           0     0.33333         0.6
bike,transition,0.6           0    0.066667     0.33333
bike,transition,0.6           0    0.066667     0.33333
bike,transition,0.6           0    0.066667     0.33333
bike,transition,0.96667           0    0.033333           0
bike,transition,0.96667           0    0.033333           0
bike,transition,0.96667           0    0.033333           0
bike,transition,1  0  0  0
bike,transition,1  0  0  0
bike,transition,1  0  0  0
bike,transition,1  0  0  0
bike,bike,1  0  0  0
bike,bike,1  0  0  0
bike,bike,1  0  0  0
bike,bike,1  0  0  0
bike,bike,1  0  0  0
bike,bike,1  0  0  0
bike,bike,1  0  0  0
bike,bike,1  0  0  0
bike,bike,1  0  0  0
bike,bike,1  0  0  0
bike,bike,1  0  0  0
bike,bike,1  0  0  0
bike,bike,1  0  0  0
bike,bike,1  0  0  0
bike,bike,1  0  0  0
bike,bike,1  0  0  0
bike,bike,1  0  0  0
bike,bike,1  0  0  0
bike,bike,1  0  0  0
bike,bike,1  0  0  0
bike,bike,1  0  0  0
bike,bike,1  0  0  0
bike,bike,1  0  0  0
bike,bike,1  0  0  0
bike,bike,1  0  0  0
bike,bike,1  0  0  0
bike,bike,1  0  0  0
bike,bike,1  0  0  0
bike,bike,1  0  0  0
bike,bike,1  0  0  0
bike,bike,1  0  0  0
bike,bike,1  0  0  0
bike,bike,1  0  0  0
bike,bike,1  0  0  0
bike,bike,1  0  0  0
bike,bike,1  0  0  0
bike,bike,1  0  0  0
bike,bike,1  0  0  0
bike,bike,1  0  0  0
bike,bike,1  0  0  0
bike,bike,1  0  0  0
bike,bike,1  0  0  0
bike,bike,1  0  0  0
bike,bike,1  0  0  0
bike,bike,1  0  0  0
bike,bike,1  0  0  0
bike,bike,1  0  0  0
bike,bike,1  0  0  0
bike,bike,1  0  0  0
bike,bike,1  0  0  0
bike,bike,1  0  0  0
bike,bike,1  0  0  0
bike,bike,1  0  0  0
bike,bike,1  0  0  0
bike,bike,1  0  0  0
bike,bike,1  0  0  0
bike,bike,1  0  0  0
bike,bike,1  0  0  0
bike,bike,1  0  0  0
bike,bike,1  0  0  0
bike,bike,1  0  0  0
bike,bike,1  0  0  0
bike,bike,1  0  0  0
bike,bike,1  0  0  0
bike,bike,1  0  0  0
bike,bike,1  0  0  0
bike,bike,0.96667           0           0    0.033333
bike,bike,0.96667           0           0    0.033333
bike,bike,0.93333           0           0    0.066667
bike,bike,0.86667           0    0.066667    0.066667
bike,bike,0.86667           0    0.066667    0.066667
bike,bike,0.83333           0    0.033333     0.13333
bike,bike,0.86667           0    0.033333         0.1
bike,bike,0.76667           0    0.033333         0.2
bike,bike,0.8           0    0.033333     0.16667
bike,bike,0.93333           0           0    0.066667
bike,bike,0.83333           0    0.033333     0.13333
bike,bike,0.8           0    0.033333     0.16667
bike,bike,0.9           0           0         0.1
bike,bike,0.9           0           0         0.1
bike,bike,0.9           0           0         0.1
bike,bike,0.9           0           0         0.1
bike,bike,0.93333           0           0    0.066667
bike,bike,0.9           0           0         0.1
bike,bike,0.86667           0    0.033333         0.1
bike,bike,0.83333           0    0.033333     0.13333
bike,bike,0.93333    0.033333           0    0.033333
bike,bike,0.93333    0.033333           0    0.033333
bike,bike,0.9    0.033333           0    0.066667
bike,bike,0.93333    0.033333           0    0.033333
bike,bike,0.93333    0.033333           0    0.033333
bike,bike,0.86667    0.033333           0         0.1
bike,bike,0.86667    0.033333           0         0.1
bike,bike,0.9    0.033333           0    0.066667
bike,bike,0.93333    0.033333           0    0.033333
bike,bike,0.9    0.033333           0    0.066667
bike,bike,0.86667    0.033333           0         0.1
bike,bike,0.86667    0.033333           0         0.1
bike,bike,0.86667    0.033333           0         0.1
bike,bike,0.86667    0.033333           0         0.1
bike,bike,0.86667    0.033333           0         0.1
bike,bike,0.86667    0.033333           0         0.1
bike,bike,0.86667    0.033333           0         0.1
bike,bike,0.86667    0.033333    0.033333    0.066667
bike,bike,0.86667    0.033333    0.033333    0.066667
bike,bike,0.86667    0.033333    0.033333    0.066667
bike,bike,0.86667    0.033333    0.033333    0.066667
bike,bike,0.86667    0.033333    0.033333    0.066667
bike,bike,0.86667    0.033333    0.033333    0.066667
bike,bike,0.86667    0.033333    0.033333    0.066667
bike,bike,0.86667    0.033333    0.033333    0.066667
bike,bike,0.86667    0.033333    0.033333    0.066667
bike,bike,0.9    0.033333    0.033333    0.033333
bike,bike,0.9    0.033333    0.033333    0.033333
bike,bike,0.9    0.033333    0.033333    0.033333
bike,bike,0.9    0.033333    0.033333    0.033333
bike,bike,0.9    0.033333    0.033333    0.033333
bike,bike,0.86667    0.033333           0         0.1
bike,bike,0.96667           0           0    0.033333
bike,bike,0.73333           0     0.13333     0.13333
bike,bike,0.73333           0     0.13333     0.13333
bike,bike,0.66667           0         0.1     0.23333
bike,bike,0.66667           0         0.1     0.23333
bike,bike,0.66667           0         0.1     0.23333
bike,bike,0.66667           0    0.066667     0.26667
bike,bike,0.63333           0    0.066667         0.3
bike,bike,0.63333           0    0.066667         0.3
bike,bike,0.6           0     0.13333     0.26667
bike,bike,0.6           0    0.033333     0.36667
bike,bike,0.83333           0           0     0.16667
bike,bike,0.83333           0           0     0.16667
bike,bike,0.83333           0    0.033333     0.13333
bike,bike,0.8           0    0.033333     0.16667
bike,bike,0.83333           0           0     0.16667
bike,bike,0.9           0           0         0.1
bike,bike,1  0  0  0
bike,bike,1  0  0  0
bike,bike,1  0  0  0
bike,bike,1  0  0  0
bike,bike,1  0  0  0
bike,bike,1  0  0  0
bike,bike,1  0  0  0
bike,bike,1  0  0  0
bike,bike,1  0  0  0
bike,bike,1  0  0  0
bike,bike,1  0  0  0
bike,bike,1  0  0  0
bike,bike,1  0  0  0
bike,bike,1  0  0  0
bike,bike,1  0  0  0
bike,bike,1  0  0  0
bike,bike,1  0  0  0
bike,bike,1  0  0  0
bike,bike,1  0  0  0
bike,bike,1  0  0  0
bike,bike,1  0  0  0
bike,bike,1  0  0  0
bike,bike,1  0  0  0
bike,bike,1  0  0  0
bike,bike,1  0  0  0
bike,bike,1  0  0  0
bike,bike,1  0  0  0
bike,bike,1  0  0  0
bike,bike,1  0  0  0
bike,bike,1  0  0  0
bike,bike,1  0  0  0
bike,bike,1  0  0  0
bike,bike,1  0  0  0
bike,bike,1  0  0  0
bike,bike,1  0  0  0
bike,bike,1  0  0  0
bike,bike,1  0  0  0
bike,bike,1  0  0  0
bike,bike,1  0  0  0
bike,bike,1  0  0  0
bike,bike,1  0  0  0
bike,bike,1  0  0  0
bike,bike,1  0  0  0
bike,bike,1  0  0  0
bike,bike,1  0  0  0
bike,bike,1  0  0  0
bike,bike,1  0  0  0
bike,bike,1  0  0  0
bike,bike,1  0  0  0
bike,bike,1  0  0  0
bike,bike,1  0  0  0
bike,bike,1  0  0  0
bike,bike,1  0  0  0
bike,bike,1  0  0  0
bike,bike,1  0  0  0
bike,bike,1  0  0  0
bike,bike,1  0  0  0
bike,bike,1  0  0  0
bike,bike,1  0  0  0
bike,bike,1  0  0  0
bike,bike,1  0  0  0
bike,bike,1  0  0  0
bike,bike,1  0  0  0
bike,bike,1  0  0  0
bike,bike,0.93333    0.033333           0    0.033333
bike,bike,0.93333    0.033333           0    0.033333
bike,bike,0.93333    0.033333           0    0.033333
bike,bike,0.93333    0.033333           0    0.033333
bike,bike,0.93333    0.033333           0    0.033333
bike,bike,0.93333    0.033333           0    0.033333
bike,bike,0.93333    0.033333           0    0.033333
bike,bike,0.93333    0.033333           0    0.033333
bike,bike,0.93333    0.033333           0    0.033333
bike,bike,0.93333    0.033333           0    0.033333
bike,bike,0.93333    0.033333           0    0.033333
bike,bike,0.93333    0.033333           0    0.033333
bike,bike,0.93333    0.033333           0    0.033333
bike,bike,1  0  0  0
bike,bike,1  0  0  0
bike,bike,1  0  0  0
bike,bike,1  0  0  0
bike,bike,1  0  0  0
bike,bike,1  0  0  0
bike,bike,1  0  0  0
bike,bike,1  0  0  0
bike,bike,0.93333    0.033333           0    0.033333
bike,bike,0.9    0.033333           0    0.066667
bike,bike,0.9    0.033333           0    0.066667
bike,bike,0.9    0.033333           0    0.066667
bike,bike,0.9    0.033333           0    0.066667
bike,bike,0.93333    0.033333           0    0.033333
bike,bike,0.93333    0.033333           0    0.033333
bike,bike,1  0  0  0
bike,bike,0.93333    0.033333           0    0.033333
bike,bike,0.9    0.033333           0    0.066667
bike,bike,0.93333    0.033333           0    0.033333
bike,bike,0.93333    0.033333           0    0.033333
bike,bike,0.93333    0.033333           0    0.033333
bike,bike,0.93333    0.033333           0    0.033333
bike,bike,0.93333    0.033333           0    0.033333
bike,bike,0.93333    0.033333           0    0.033333
bike,bike,0.93333    0.033333           0    0.033333
bike,bike,0.93333    0.033333           0    0.033333
bike,bike,1  0  0  0
bike,bike,1  0  0  0
bike,bike,1  0  0  0
bike,bike,1  0  0  0
bike,bike,1  0  0  0
bike,bike,1  0  0  0
bike,bike,1  0  0  0
bike,bike,1  0  0  0
bike,bike,1  0  0  0
bike,bike,1  0  0  0
bike,bike,1  0  0  0
bike,bike,1  0  0  0
bike,bike,1  0  0  0
bike,bike,1  0  0  0
bike,bike,1  0  0  0
bike,bike,1  0  0  0
bike,bike,1  0  0  0
bike,bike,1  0  0  0
bike,bike,1  0  0  0
bike,bike,1  0  0  0
bike,bike,1  0  0  0
bike,bike,1  0  0  0
bike,bike,1  0  0  0
bike,bike,1  0  0  0
bike,bike,1  0  0  0
bike,bike,1  0  0  0
bike,bike,1  0  0  0
bike,bike,1  0  0  0
bike,bike,1  0  0  0
bike,bike,1  0  0  0
bike,bike,1  0  0  0
bike,bike,1  0  0  0
bike,bike,1  0  0  0
bike,bike,1  0  0  0
bike,bike,1  0  0  0
bike,bike,1  0  0  0
bike,bike,1  0  0  0
bike,bike,1  0  0  0
bike,bike,1  0  0  0
bike,bike,1  0  0  0
bike,bike,1  0  0  0
bike,bike,1  0  0  0
bike,bike,1  0  0  0
bike,bike,1  0  0  0
bike,bike,1  0  0  0
bike,bike,1  0  0  0
bike,bike,1  0  0  0
bike,bike,1  0  0  0
bike,bike,1  0  0  0
bike,bike,1  0  0  0
bike,bike,1  0  0  0
bike,bike,1  0  0  0
bike,bike,1  0  0  0
bike,bike,1  0  0  0
bike,bike,1  0  0  0
bike,bike,1  0  0  0
bike,bike,1  0  0  0
bike,bike,1  0  0  0
bike,bike,1  0  0  0
bike,bike,0.96667           0    0.033333           0
bike,bike,0.96667           0    0.033333           0
bike,bike,0.96667           0    0.033333           0
bike,bike,0.93333           0    0.066667           0
bike,bike,0.93333           0    0.066667           0
bike,bike,1  0  0  0
bike,bike,1  0  0  0
bike,bike,1  0  0  0
bike,bike,1  0  0  0
bike,bike,1  0  0  0
bike,bike,1  0  0  0
bike,bike,1  0  0  0
bike,bike,1  0  0  0
bike,bike,1  0  0  0
bike,bike,1  0  0  0
bike,bike,1  0  0  0
bike,bike,1  0  0  0
bike,bike,1  0  0  0
bike,bike,1  0  0  0
bike,bike,1  0  0  0
bike,bike,1  0  0  0
bike,bike,1  0  0  0
bike,bike,1  0  0  0
bike,bike,1  0  0  0
bike,bike,1  0  0  0
bike,bike,1  0  0  0
bike,bike,1  0  0  0
bike,bike,1  0  0  0
bike,bike,1  0  0  0
bike,bike,1  0  0  0
bike,bike,1  0  0  0
bike,bike,1  0  0  0
bike,bike,1  0  0  0
bike,bike,1  0  0  0
bike,bike,1  0  0  0
bike,bike,1  0  0  0
bike,bike,1  0  0  0
bike,bike,1  0  0  0
bike,bike,1  0  0  0
bike,bike,1  0  0  0
bike,bike,1  0  0  0
bike,bike,1  0  0  0
bike,bike,1  0  0  0
bike,bike,1  0  0  0
bike,bike,1  0  0  0
bike,bike,0.96667           0    0.033333           0
bike,bike,1  0  0  0
bike,bike,1  0  0  0
bike,bike,1  0  0  0
bike,bike,1  0  0  0
bike,bike,1  0  0  0
bike,bike,1  0  0  0
bike,bike,1  0  0  0
bike,bike,1  0  0  0
bike,bike,1  0  0  0
bike,bike,1  0  0  0
bike,bike,1  0  0  0
bike,bike,1  0  0  0
bike,bike,1  0  0  0
bike,bike,1  0  0  0
bike,bike,1  0  0  0
bike,bike,1  0  0  0
bike,bike,1  0  0  0
bike,bike,1  0  0  0
bike,bike,1  0  0  0
bike,bike,1  0  0  0
bike,bike,1  0  0  0
bike,bike,1  0  0  0
bike,bike,1  0  0  0
bike,bike,1  0  0  0
bike,bike,1  0  0  0
bike,bike,1  0  0  0
bike,bike,1  0  0  0
bike,bike,1  0  0  0
bike,bike,1  0  0  0
bike,bike,1  0  0  0
bike,bike,1  0  0  0
bike,bike,1  0  0  0
bike,bike,1  0  0  0
bike,bike,1  0  0  0
bike,bike,1  0  0  0
bike,bike,1  0  0  0
bike,bike,1  0  0  0
bike,bike,1  0  0  0
bike,bike,1  0  0  0
bike,bike,1  0  0  0
bike,bike,1  0  0  0
bike,bike,0.93333    0.033333           0    0.033333
bike,bike,0.93333    0.033333           0    0.033333
bike,bike,0.9    0.033333           0    0.066667
bike,bike,0.9    0.033333           0    0.066667
bike,bike,0.9    0.033333           0    0.066667
bike,bike,0.9    0.033333           0    0.066667
bike,bike,0.93333           0    0.066667           0
bike,bike,0.93333           0    0.066667           0
bike,bike,0.96667           0    0.033333           0
bike,bike,0.96667           0    0.033333           0
bike,bike,1  0  0  0
bike,bike,1  0  0  0
bike,bike,1  0  0  0
bike,bike,1  0  0  0
bike,bike,1  0  0  0
bike,bike,1  0  0  0
bike,bike,1  0  0  0
bike,bike,1  0  0  0
bike,bike,1  0  0  0
bike,bike,1  0  0  0
bike,bike,1  0  0  0
bike,bike,1  0  0  0
bike,bike,1  0  0  0
bike,bike,1  0  0  0
bike,bike,1  0  0  0
bike,bike,1  0  0  0
bike,bike,1  0  0  0
bike,bike,1  0  0  0
bike,bike,1  0  0  0
bike,bike,1  0  0  0
bike,bike,1  0  0  0
bike,bike,1  0  0  0
bike,bike,1  0  0  0
bike,bike,1  0  0  0
bike,bike,1  0  0  0
bike,bike,1  0  0  0
bike,bike,1  0  0  0
bike,bike,1  0  0  0
bike,bike,1  0  0  0
bike,bike,1  0  0  0
bike,bike,1  0  0  0
bike,bike,1  0  0  0
bike,bike,0.93333    0.033333           0    0.033333
bike,bike,0.93333    0.033333           0    0.033333
bike,bike,0.93333    0.033333           0    0.033333
bike,bike,1  0  0  0
bike,bike,1  0  0  0
bike,bike,1  0  0  0
bike,bike,1  0  0  0
bike,bike,1  0  0  0
bike,bike,1  0  0  0
bike,bike,1  0  0  0
bike,bike,1  0  0  0
bike,bike,1  0  0  0
bike,bike,1  0  0  0
bike,bike,1  0  0  0
bike,bike,1  0  0  0
bike,bike,1  0  0  0
bike,bike,1  0  0  0
bike,bike,1  0  0  0
bike,bike,1  0  0  0
bike,bike,1  0  0  0
bike,bike,1  0  0  0
bike,bike,1  0  0  0
bike,bike,1  0  0  0
bike,bike,1  0  0  0
bike,bike,1  0  0  0
bike,bike,1  0  0  0
bike,bike,0.93333    0.033333           0    0.033333
bike,bike,0.93333    0.033333           0    0.033333
bike,bike,0.93333    0.033333           0    0.033333
bike,bike,0.93333    0.033333           0    0.033333
bike,bike,0.9    0.033333           0    0.066667
bike,bike,0.9    0.033333           0    0.066667
bike,bike,1  0  0  0
bike,bike,1  0  0  0
bike,bike,1  0  0  0
bike,bike,1  0  0  0
bike,bike,1  0  0  0
bike,bike,1  0  0  0
bike,bike,1  0  0  0
bike,bike,1  0  0  0
bike,bike,1  0  0  0
bike,bike,0.93333    0.033333           0    0.033333
bike,bike,0.9    0.033333           0    0.066667
bike,bike,0.93333    0.033333           0    0.033333
bike,bike,0.93333    0.033333           0    0.033333
bike,bike,0.93333    0.033333           0    0.033333
bike,bike,0.93333    0.033333           0    0.033333
bike,bike,0.93333    0.033333           0    0.033333
bike,bike,1  0  0  0
bike,bike,1  0  0  0
bike,bike,1  0  0  0
bike,bike,1  0  0  0
bike,bike,1  0  0  0
bike,bike,1  0  0  0
bike,bike,1  0  0  0
bike,bike,1  0  0  0
bike,bike,1  0  0  0
bike,bike,1  0  0  0
bike,bike,1  0  0  0
bike,bike,1  0  0  0
bike,bike,1  0  0  0
bike,bike,1  0  0  0
bike,bike,1  0  0  0
bike,bike,1  0  0  0
bike,bike,1  0  0  0
bike,bike,1  0  0  0
bike,bike,1  0  0  0
bike,bike,1  0  0  0
bike,bike,1  0  0  0
bike,bike,1  0  0  0
bike,bike,1  0  0  0
bike,bike,1  0  0  0
bike,bike,1  0  0  0
bike,bike,1  0  0  0
bike,bike,1  0  0  0
bike,bike,1  0  0  0
bike,bike,1  0  0  0
bike,bike,1  0  0  0
bike,bike,1  0  0  0
bike,bike,1  0  0  0
bike,bike,1  0  0  0
bike,bike,1  0  0  0
bike,bike,1  0  0  0
bike,bike,1  0  0  0
bike,bike,1  0  0  0
bike,bike,1  0  0  0
bike,bike,1  0  0  0
bike,bike,1  0  0  0
bike,bike,1  0  0  0
bike,bike,1  0  0  0
bike,bike,1  0  0  0
bike,bike,1  0  0  0
bike,bike,1  0  0  0
bike,bike,1  0  0  0
bike,bike,1  0  0  0
bike,bike,1  0  0  0
bike,bike,1  0  0  0
bike,bike,1  0  0  0
bike,bike,1  0  0  0
bike,bike,1  0  0  0
bike,bike,1  0  0  0
bike,bike,1  0  0  0
bike,bike,1  0  0  0
bike,bike,1  0  0  0
bike,bike,1  0  0  0
bike,bike,0.9    0.033333           0    0.066667
bike,bike,1  0  0  0
bike,bike,0.93333    0.033333           0    0.033333
bike,bike,0.93333    0.033333           0    0.033333
bike,bike,0.93333    0.033333           0    0.033333
bike,bike,0.93333    0.033333           0    0.033333
bike,bike,0.9    0.033333           0    0.066667
bike,bike,0.9    0.033333           0    0.066667
bike,bike,0.9    0.033333           0    0.066667
bike,bike,0.86667    0.033333           0         0.1
bike,bike,0.86667    0.033333           0         0.1
bike,bike,0.86667    0.033333           0         0.1
bike,bike,0.86667    0.033333           0         0.1
bike,bike,0.86667    0.033333           0         0.1
bike,bike,0.86667    0.033333           0         0.1
bike,bike,0.96667           0           0    0.033333
bike,bike,0.86667    0.033333           0         0.1
bike,bike,0.86667    0.033333           0         0.1
bike,bike,0.96667           0           0    0.033333
bike,bike,1  0  0  0
bike,bike,1  0  0  0
bike,bike,1  0  0  0
bike,bike,1  0  0  0
bike,bike,1  0  0  0
bike,bike,1  0  0  0
bike,bike,1  0  0  0
bike,bike,1  0  0  0
bike,bike,1  0  0  0
bike,bike,1  0  0  0
bike,bike,1  0  0  0
bike,bike,1  0  0  0
bike,bike,1  0  0  0
bike,bike,1  0  0  0
bike,bike,1  0  0  0
bike,bike,1  0  0  0
bike,bike,1  0  0  0
bike,bike,1  0  0  0
bike,bike,1  0  0  0
bike,bike,1  0  0  0
bike,bike,1  0  0  0
bike,bike,1  0  0  0
bike,bike,1  0  0  0
bike,bike,1  0  0  0
bike,bike,1  0  0  0
bike,bike,1  0  0  0
bike,bike,1  0  0  0
bike,bike,1  0  0  0
bike,bike,1  0  0  0
bike,bike,1  0  0  0
bike,bike,1  0  0  0
bike,bike,1  0  0  0
bike,bike,1  0  0  0
bike,bike,1  0  0  0
bike,bike,1  0  0  0
bike,bike,1  0  0  0
bike,bike,1  0  0  0
bike,bike,1  0  0  0
bike,bike,1  0  0  0
bike,bike,1  0  0  0
bike,bike,1  0  0  0
bike,bike,1  0  0  0
bike,bike,1  0  0  0
bike,bike,1  0  0  0
bike,bike,1  0  0  0
bike,bike,0.96667           0    0.033333           0
bike,bike,0.96667           0    0.033333           0
bike,bike,0.96667           0    0.033333           0
bike,bike,1  0  0  0
bike,bike,1  0  0  0
bike,bike,1  0  0  0
bike,bike,1  0  0  0
bike,bike,1  0  0  0
bike,bike,1  0  0  0
bike,bike,1  0  0  0
bike,bike,1  0  0  0
bike,bike,1  0  0  0
bike,bike,1  0  0  0
bike,bike,1  0  0  0
bike,bike,1  0  0  0
bike,bike,1  0  0  0
bike,bike,1  0  0  0
bike,bike,1  0  0  0
bike,bike,1  0  0  0
bike,bike,1  0  0  0
bike,bike,1  0  0  0
bike,bike,1  0  0  0
bike,bike,1  0  0  0
bike,bike,1  0  0  0
bike,bike,1  0  0  0
bike,bike,1  0  0  0
bike,bike,1  0  0  0
bike,bike,1  0  0  0
bike,bike,1  0  0  0
bike,bike,1  0  0  0
bike,bike,1  0  0  0
bike,bike,1  0  0  0
bike,bike,1  0  0  0
bike,bike,1  0  0  0
bike,bike,0.93333    0.033333           0    0.033333
bike,bike,0.9    0.033333           0    0.066667
bike,bike,0.9    0.033333           0    0.066667
bike,bike,0.9    0.033333           0    0.066667
bike,bike,0.9    0.033333           0    0.066667
bike,bike,0.9    0.033333           0    0.066667
bike,bike,0.9    0.033333           0    0.066667
bike,bike,0.9    0.033333           0    0.066667
bike,bike,0.9    0.033333           0    0.066667
bike,bike,0.9    0.033333           0    0.066667
bike,bike,0.9    0.033333           0    0.066667
bike,bike,0.9    0.033333           0    0.066667
bike,bike,0.9    0.033333           0    0.066667
bike,bike,0.9    0.033333           0    0.066667
bike,bike,0.9    0.033333           0    0.066667
bike,bike,0.9    0.033333           0    0.066667
bike,bike,0.9    0.033333           0    0.066667
bike,bike,0.9    0.033333           0    0.066667
bike,bike,0.9    0.033333           0    0.066667
bike,bike,0.9    0.033333           0    0.066667
bike,bike,0.9    0.033333           0    0.066667
bike,bike,0.9    0.033333           0    0.066667
bike,bike,0.9    0.033333           0    0.066667
bike,bike,0.9    0.033333           0    0.066667
bike,bike,0.9    0.033333           0    0.066667
bike,bike,0.93333    0.033333           0    0.033333
bike,bike,0.93333    0.033333           0    0.033333
bike,bike,0.93333    0.033333           0    0.033333
bike,bike,0.96667    0.033333           0           0
bike,bike,0.93333    0.033333           0    0.033333
bike,bike,0.93333    0.033333           0    0.033333
bike,bike,0.93333    0.033333           0    0.033333
bike,bike,0.9    0.033333           0    0.066667
bike,bike,0.93333    0.033333           0    0.033333
bike,bike,0.96667           0           0    0.033333
bike,bike,0.96667           0           0    0.033333
bike,bike,0.96667           0           0    0.033333
bike,bike,0.96667           0           0    0.033333
bike,bike,1  0  0  0
bike,bike,1  0  0  0
bike,bike,1  0  0  0
bike,bike,1  0  0  0
bike,bike,1  0  0  0
bike,bike,1  0  0  0
bike,bike,1  0  0  0
bike,bike,1  0  0  0
bike,bike,1  0  0  0
bike,bike,1  0  0  0
bike,bike,1  0  0  0
bike,bike,1  0  0  0
bike,bike,1  0  0  0
bike,bike,1  0  0  0
bike,bike,1  0  0  0
bike,bike,1  0  0  0
bike,bike,1  0  0  0
bike,bike,1  0  0  0
bike,bike,1  0  0  0
bike,bike,1  0  0  0
bike,bike,1  0  0  0
bike,bike,1  0  0  0
bike,bike,1  0  0  0
bike,bike,1  0  0  0
bike,bike,1  0  0  0
bike,bike,1  0  0  0
bike,bike,1  0  0  0
bike,bike,1  0  0  0
bike,bike,1  0  0  0
bike,bike,1  0  0  0
bike,bike,1  0  0  0
bike,bike,1  0  0  0
bike,bike,1  0  0  0
bike,bike,1  0  0  0
bike,bike,1  0  0  0
bike,bike,1  0  0  0
bike,bike,1  0  0  0
bike,bike,1  0  0  0
bike,bike,1  0  0  0
bike,bike,1  0  0  0
bike,bike,1  0  0  0
bike,bike,1  0  0  0
bike,bike,1  0  0  0
bike,bike,1  0  0  0
bike,bike,1  0  0  0
bike,bike,1  0  0  0
bike,bike,1  0  0  0
bike,bike,1  0  0  0
bike,bike,1  0  0  0
bike,bike,1  0  0  0
bike,bike,1  0  0  0
bike,bike,1  0  0  0
bike,bike,1  0  0  0
bike,bike,1  0  0  0
bike,bike,1  0  0  0
bike,bike,1  0  0  0
bike,bike,1  0  0  0
bike,bike,1  0  0  0
bike,bike,1  0  0  0
bike,bike,1  0  0  0
bike,bike,1  0  0  0
bike,bike,1  0  0  0
bike,bike,1  0  0  0
bike,bike,1  0  0  0
bike,bike,1  0  0  0
bike,bike,1  0  0  0
bike,bike,1  0  0  0
bike,bike,1  0  0  0
bike,bike,1  0  0  0
bike,bike,1  0  0  0
bike,bike,1  0  0  0
bike,bike,1  0  0  0
bike,bike,1  0  0  0
bike,bike,1  0  0  0
bike,bike,1  0  0  0
bike,bike,1  0  0  0
bike,bike,1  0  0  0
bike,bike,1  0  0  0
bike,bike,1  0  0  0
bike,bike,1  0  0  0
bike,bike,1  0  0  0
bike,bike,1  0  0  0
bike,bike,1  0  0  0
bike,bike,1  0  0  0
bike,bike,1  0  0  0
bike,bike,1  0  0  0
bike,bike,1  0  0  0
bike,bike,1  0  0  0
bike,bike,1  0  0  0
bike,bike,1  0  0  0
bike,bike,1  0  0  0
bike,bike,1  0  0  0
bike,bike,1  0  0  0
bike,bike,1  0  0  0
bike,bike,1  0  0  0
bike,bike,1  0  0  0
bike,bike,1  0  0  0
bike,bike,1  0  0  0
bike,bike,1  0  0  0
bike,bike,1  0  0  0
bike,bike,1  0  0  0
bike,bike,0.96667           0           0    0.033333
bike,bike,0.96667           0           0    0.033333
bike,bike,1  0  0  0
bike,bike,0.96667           0           0    0.033333
bike,bike,1  0  0  0
bike,bike,1  0  0  0
bike,bike,1  0  0  0
bike,bike,0.96667           0           0    0.033333
bike,bike,1  0  0  0
bike,bike,0.96667           0           0    0.033333
bike,bike,0.96667           0           0    0.033333
bike,bike,0.96667           0    0.033333           0
bike,bike,0.96667           0           0    0.033333
bike,bike,0.96667           0           0    0.033333
bike,bike,0.96667           0           0    0.033333
bike,bike,0.96667           0           0    0.033333
bike,bike,0.96667           0           0    0.033333
bike,bike,0.96667           0           0    0.033333
bike,bike,1  0  0  0
bike,bike,1  0  0  0
bike,bike,1  0  0  0
bike,bike,1  0  0  0
bike,bike,0.96667           0           0    0.033333
bike,bike,0.96667           0           0    0.033333
bike,bike,0.96667           0           0    0.033333
bike,bike,0.96667           0           0    0.033333
bike,bike,0.96667           0           0    0.033333
bike,bike,1  0  0  0
bike,bike,1  0  0  0
bike,bike,1  0  0  0
bike,bike,1  0  0  0
bike,bike,1  0  0  0
bike,bike,1  0  0  0
bike,bike,0.96667           0    0.033333           0
bike,bike,0.96667           0    0.033333           0
bike,bike,1  0  0  0
bike,bike,1  0  0  0
bike,bike,1  0  0  0
bike,bike,1  0  0  0
bike,bike,1  0  0  0
bike,bike,1  0  0  0
bike,bike,0.96667           0           0    0.033333
bike,bike,0.96667           0           0    0.033333
bike,bike,0.96667           0           0    0.033333
bike,bike,0.96667           0           0    0.033333
bike,bike,0.96667           0           0    0.033333
bike,bike,0.96667           0           0    0.033333
bike,bike,0.9    0.033333           0    0.066667
bike,bike,0.9    0.033333           0    0.066667
bike,bike,0.96667           0           0    0.033333
bike,bike,0.96667           0           0    0.033333
bike,bike,0.96667           0           0    0.033333
bike,bike,0.96667           0           0    0.033333
bike,bike,0.96667           0           0    0.033333
bike,bike,0.96667           0           0    0.033333
bike,bike,0.96667           0           0    0.033333
bike,bike,0.96667           0           0    0.033333
bike,bike,0.96667           0           0    0.033333
bike,bike,0.96667           0           0    0.033333
bike,bike,0.96667           0           0    0.033333
bike,bike,0.96667           0           0    0.033333
bike,bike,0.96667           0           0    0.033333
bike,bike,0.96667           0           0    0.033333
bike,bike,0.96667           0           0    0.033333
bike,bike,0.96667           0           0    0.033333
bike,bike,0.96667           0           0    0.033333
bike,bike,0.96667           0           0    0.033333
bike,bike,0.96667           0           0    0.033333
bike,bike,0.96667           0           0    0.033333
bike,bike,0.96667           0           0    0.033333
bike,bike,0.96667           0           0    0.033333
bike,bike,0.96667           0           0    0.033333
bike,bike,0.96667           0           0    0.033333
bike,bike,0.96667           0           0    0.033333
bike,bike,0.96667           0           0    0.033333
bike,bike,0.96667           0           0    0.033333
bike,bike,0.96667           0           0    0.033333
bike,bike,0.96667           0           0    0.033333
bike,bike,0.96667           0           0    0.033333
bike,bike,0.96667           0           0    0.033333
bike,bike,0.96667           0           0    0.033333
bike,bike,0.96667           0           0    0.033333
bike,bike,0.96667           0           0    0.033333
bike,bike,0.96667           0           0    0.033333
bike,bike,0.96667           0           0    0.033333
bike,bike,0.96667           0           0    0.033333
bike,bike,0.96667           0           0    0.033333
bike,bike,0.96667           0           0    0.033333
bike,bike,0.96667           0           0    0.033333
bike,bike,0.96667           0           0    0.033333
bike,bike,0.96667           0           0    0.033333
bike,bike,0.96667           0           0    0.033333
bike,bike,0.96667           0           0    0.033333
bike,bike,0.96667           0           0    0.033333
bike,bike,0.96667           0           0    0.033333
bike,bike,0.9    0.033333           0    0.066667
bike,bike,0.9    0.033333           0    0.066667
bike,bike,0.86667    0.033333           0         0.1
bike,bike,0.86667    0.033333           0         0.1
bike,bike,0.86667    0.033333           0         0.1
bike,bike,0.96667           0           0    0.033333
bike,bike,0.96667           0           0    0.033333
bike,bike,0.96667           0           0    0.033333
bike,bike,0.96667           0           0    0.033333
bike,bike,1  0  0  0
bike,bike,0.96667           0           0    0.033333
bike,bike,0.96667           0           0    0.033333
bike,bike,0.96667           0           0    0.033333
bike,bike,0.96667           0           0    0.033333
bike,bike,0.96667           0           0    0.033333
bike,bike,0.96667           0           0    0.033333
bike,bike,0.93333           0           0    0.066667
bike,bike,0.96667           0           0    0.033333
bike,bike,0.93333           0    0.033333    0.033333
bike,bike,0.65128           0     0.13333     0.21538
bike,bike,1  0  0  0
swim,bike,0.033333           0     0.66667         0.3
bike,bike,0.99383           0   0.0019127   0.0042529
transition,bike,0           0         0.2         0.8
transition,bike,0           0    0.066667     0.93333
transition,bike,0           0    0.066667     0.93333
transition,bike,0           0         0.1         0.9
transition,bike,0           0    0.066667     0.93333
transition,bike,0  0  0  1
transition,bike,0  0  0  1
transition,bike,0  0  0  1
transition,bike,0  0  0  1
transition,bike,0  0  0  1
transition,bike,0           0     0.26667     0.73333
transition,bike,0           0    0.066667     0.93333
transition,bike,0           0    0.066667     0.93333
transition,bike,0           0    0.066667     0.93333
transition,bike,0.16667           0    0.066667     0.76667
bike,bike,0.66667           0    0.066667     0.26667
bike,bike,0.76667           0         0.1     0.13333
bike,bike,1  0  0  0
bike,bike,1  0  0  0
bike,bike,1  0  0  0
bike,bike,1  0  0  0
bike,bike,1  0  0  0
bike,bike,1  0  0  0
bike,bike,1  0  0  0
bike,bike,1  0  0  0
bike,bike,1  0  0  0
bike,bike,1  0  0  0
bike,bike,0.96667           0           0    0.033333
bike,bike,0.96667           0    0.033333           0
bike,bike,1  0  0  0
bike,bike,1  0  0  0
bike,bike,1  0  0  0
bike,bike,1  0  0  0
bike,bike,1  0  0  0
bike,bike,1  0  0  0
bike,bike,1  0  0  0
bike,bike,1  0  0  0
bike,bike,1  0  0  0
bike,bike,1  0  0  0
bike,bike,1  0  0  0
bike,bike,1  0  0  0
bike,bike,1  0  0  0
bike,bike,1  0  0  0
bike,bike,1  0  0  0
bike,bike,1  0  0  0
bike,bike,1  0  0  0
bike,bike,1  0  0  0
bike,bike,1  0  0  0
bike,bike,1  0  0  0
bike,bike,1  0  0  0
bike,bike,1  0  0  0
bike,bike,1  0  0  0
bike,bike,1  0  0  0
bike,bike,1  0  0  0
bike,bike,1  0  0  0
bike,bike,1  0  0  0
bike,bike,1  0  0  0
bike,bike,1  0  0  0
bike,bike,1  0  0  0
bike,bike,1  0  0  0
bike,bike,1  0  0  0
bike,bike,1  0  0  0
bike,bike,1  0  0  0
bike,bike,1  0  0  0
bike,bike,1  0  0  0
bike,bike,1  0  0  0
bike,bike,1  0  0  0
bike,bike,1  0  0  0
bike,bike,1  0  0  0
bike,bike,1  0  0  0
bike,bike,1  0  0  0
bike,bike,1  0  0  0
bike,bike,1  0  0  0
bike,bike,1  0  0  0
bike,bike,1  0  0  0
bike,bike,1  0  0  0
bike,bike,1  0  0  0
bike,bike,1  0  0  0
bike,bike,1  0  0  0
bike,bike,1  0  0  0
bike,bike,1  0  0  0
bike,bike,1  0  0  0
bike,bike,1  0  0  0
bike,bike,1  0  0  0
bike,bike,1  0  0  0
bike,bike,1  0  0  0
bike,bike,0.96667    0.033333           0           0
bike,bike,0.93333    0.033333           0    0.033333
bike,bike,0.93333    0.033333           0    0.033333
bike,bike,0.93333    0.033333           0    0.033333
bike,bike,0.93333    0.033333           0    0.033333
bike,bike,0.93333    0.033333           0    0.033333
bike,bike,0.93333    0.033333           0    0.033333
bike,bike,0.9    0.033333           0    0.066667
bike,bike,0.86667    0.033333           0         0.1
bike,bike,0.86667    0.033333           0         0.1
bike,bike,0.86667    0.033333           0         0.1
bike,bike,0.86667    0.033333           0         0.1
bike,bike,0.93333    0.033333           0    0.033333
bike,bike,0.93333    0.033333           0    0.033333
bike,bike,0.93333    0.033333           0    0.033333
bike,bike,0.93333    0.033333           0    0.033333
bike,bike,0.93333    0.033333           0    0.033333
bike,bike,0.9    0.033333           0    0.066667
bike,bike,0.9    0.033333           0    0.066667
bike,bike,0.93333    0.033333           0    0.033333
bike,bike,0.93333    0.033333           0    0.033333
bike,bike,0.93333    0.033333           0    0.033333
bike,bike,0.93333    0.033333           0    0.033333
bike,bike,0.9    0.033333           0    0.066667
bike,bike,0.9    0.033333           0    0.066667
bike,bike,0.9    0.033333           0    0.066667
bike,bike,0.9    0.033333           0    0.066667
bike,bike,0.86667    0.033333           0         0.1
bike,bike,0.83333           0           0     0.16667
bike,bike,0.83333           0           0     0.16667
bike,bike,0.83333           0           0     0.16667
bike,bike,0.83333           0           0     0.16667
bike,bike,0.83333           0           0     0.16667
bike,bike,0.83333           0           0     0.16667
bike,bike,0.86667           0           0     0.13333
bike,bike,0.9           0    0.033333    0.066667
bike,bike,0.93333           0    0.033333    0.033333
bike,bike,0.83333           0           0     0.16667
bike,bike,1  0  0  0
bike,bike,0.96667           0    0.033333           0
bike,bike,0.96667           0    0.033333           0
bike,bike,0.93333    0.033333           0    0.033333
bike,bike,0.9    0.033333           0    0.066667
bike,bike,0.9    0.033333           0    0.066667
bike,bike,0.9    0.033333           0    0.066667
bike,bike,0.93333    0.033333           0    0.033333
bike,bike,0.93333    0.033333           0    0.033333
bike,bike,0.96667           0    0.033333           0
bike,bike,0.96667           0    0.033333           0
bike,bike,0.93333    0.033333           0    0.033333
bike,bike,0.86667    0.033333           0         0.1
bike,bike,0.93333    0.033333           0    0.033333
bike,bike,0.93333    0.033333           0    0.033333
bike,bike,0.9    0.033333           0    0.066667
bike,bike,0.9    0.033333           0    0.066667
bike,bike,0.9    0.033333           0    0.066667
bike,bike,0.9    0.033333           0    0.066667
bike,bike,0.93333    0.033333           0    0.033333
bike,bike,1  0  0  0
bike,bike,1  0  0  0
bike,bike,1  0  0  0
bike,bike,0.96667           0    0.033333           0
bike,bike,0.96667           0    0.033333           0
bike,bike,0.96667           0    0.033333           0
bike,bike,0.96667           0    0.033333           0
bike,bike,0.96667           0    0.033333           0
bike,bike,0.96667           0    0.033333           0
bike,bike,0.96667           0    0.033333           0
bike,bike,0.96667           0    0.033333           0
bike,bike,0.96667           0    0.033333           0
bike,bike,0.96667           0    0.033333           0
bike,bike,0.96667           0    0.033333           0
bike,bike,1  0  0  0
bike,bike,1  0  0  0
bike,bike,1  0  0  0
bike,bike,0.9    0.033333           0    0.066667
bike,bike,0.9    0.033333           0    0.066667
bike,bike,0.86667    0.033333           0         0.1
bike,bike,0.86667    0.033333           0         0.1
bike,bike,0.86667    0.033333           0         0.1
bike,bike,0.86667    0.033333           0         0.1
bike,bike,0.86667    0.033333           0         0.1
bike,bike,0.86667    0.033333           0         0.1
bike,bike,0.86667    0.033333           0         0.1
bike,bike,0.86667    0.033333           0         0.1
bike,bike,0.9    0.033333           0    0.066667
bike,bike,0.86667    0.033333    0.033333    0.066667
bike,bike,0.86667    0.033333    0.033333    0.066667
bike,bike,0.86667    0.033333           0         0.1
bike,bike,0.9    0.033333           0    0.066667
bike,bike,0.9    0.033333           0    0.066667
bike,bike,0.9    0.033333           0    0.066667
bike,bike,0.9    0.033333           0    0.066667
bike,bike,0.93333    0.033333           0    0.033333
bike,bike,0.93333    0.033333           0    0.033333
bike,bike,0.86667    0.033333           0         0.1
bike,bike,0.9    0.033333           0    0.066667
bike,bike,1  0  0  0
bike,bike,1  0  0  0
bike,bike,1  0  0  0
bike,bike,1  0  0  0
bike,bike,1  0  0  0
bike,bike,1  0  0  0
bike,bike,1  0  0  0
bike,bike,0.9    0.033333           0    0.066667
bike,bike,1  0  0  0
bike,bike,1  0  0  0
bike,bike,0.9    0.033333           0    0.066667
bike,bike,0.86667    0.033333           0         0.1
bike,bike,0.86667    0.033333           0         0.1
bike,bike,0.86667    0.033333           0         0.1
bike,bike,0.86667    0.033333           0         0.1
bike,bike,0.86667    0.033333           0         0.1
bike,bike,0.86667    0.033333           0         0.1
bike,bike,0.86667    0.033333           0         0.1
bike,bike,0.86667    0.033333           0         0.1
bike,bike,0.86667    0.033333           0         0.1
bike,bike,0.86667    0.033333           0         0.1
bike,bike,0.86667    0.033333           0         0.1
bike,bike,0.86667    0.033333           0         0.1
bike,bike,0.86667    0.033333           0         0.1
bike,bike,0.86667    0.033333           0         0.1
bike,bike,0.86667    0.033333           0         0.1
bike,bike,0.9    0.033333           0    0.066667
bike,bike,0.9    0.033333           0    0.066667
bike,bike,0.9    0.033333           0    0.066667
bike,bike,0.9    0.033333           0    0.066667
bike,bike,0.9    0.033333           0    0.066667
bike,bike,0.86667    0.033333           0         0.1
bike,bike,0.86667    0.033333           0         0.1
bike,bike,0.93333    0.033333           0    0.033333
bike,bike,0.93333    0.033333           0    0.033333
bike,bike,0.93333    0.033333           0    0.033333
bike,bike,0.93333    0.033333           0    0.033333
bike,bike,0.93333    0.033333           0    0.033333
bike,bike,0.9    0.033333           0    0.066667
bike,bike,0.86667    0.033333           0         0.1
bike,bike,0.86667    0.033333           0         0.1
bike,bike,0.86667    0.033333           0         0.1
bike,bike,0.86667    0.033333           0         0.1
bike,bike,0.86667    0.033333           0         0.1
bike,bike,0.86667    0.033333           0         0.1
bike,bike,0.86667    0.033333           0         0.1
bike,bike,0.86667    0.033333           0         0.1
bike,bike,0.86667    0.033333           0         0.1
bike,bike,0.86667    0.033333           0         0.1
bike,bike,0.86667    0.033333           0         0.1
bike,bike,0.86667    0.033333           0         0.1
bike,bike,0.9    0.033333           0    0.066667
bike,bike,0.9    0.033333           0    0.066667
bike,bike,0.86667    0.033333           0         0.1
bike,bike,0.86667    0.033333           0         0.1
bike,bike,0.86667    0.033333           0         0.1
bike,bike,0.86667    0.033333           0         0.1
bike,bike,0.86667    0.033333           0         0.1
bike,bike,0.86667    0.033333           0         0.1
bike,bike,0.86667    0.033333           0         0.1
bike,bike,0.86667    0.033333    0.033333    0.066667
bike,bike,0.86667    0.033333           0         0.1
bike,bike,0.86667    0.033333    0.033333    0.066667
bike,bike,0.86667    0.033333    0.033333    0.066667
bike,bike,0.86667    0.033333    0.033333    0.066667
bike,bike,0.86667    0.033333    0.033333    0.066667
bike,bike,0.86667    0.033333    0.033333    0.066667
bike,bike,0.9    0.033333           0    0.066667
bike,bike,0.86667    0.033333    0.033333    0.066667
bike,bike,0.86667    0.033333    0.033333    0.066667
bike,bike,0.86667    0.033333    0.033333    0.066667
bike,bike,0.86667    0.033333    0.033333    0.066667
bike,bike,0.86667    0.033333    0.033333    0.066667
bike,bike,0.86667    0.033333    0.033333    0.066667
bike,bike,0.83333           0    0.033333     0.13333
bike,bike,0.9           0           0         0.1
bike,bike,0.86667    0.033333           0         0.1
bike,bike,0.86667    0.033333           0         0.1
bike,bike,0.83333           0           0     0.16667
bike,bike,0.9           0           0         0.1
bike,bike,0.83333           0           0     0.16667
bike,bike,0.9           0           0         0.1
bike,bike,0.9           0           0         0.1
bike,bike,0.9           0           0         0.1
bike,bike,0.8           0    0.033333     0.16667
bike,bike,0.86667           0           0     0.13333
bike,bike,0.86667    0.033333           0         0.1
bike,bike,0.86667    0.033333           0         0.1
bike,bike,0.86667    0.033333           0         0.1
bike,bike,0.86667    0.033333           0         0.1
bike,bike,0.86667    0.033333           0         0.1
bike,bike,0.86667    0.033333           0         0.1
bike,bike,0.86667    0.033333           0         0.1
bike,bike,0.86667    0.033333    0.033333    0.066667
bike,bike,0.9           0    0.033333    0.066667
bike,bike,0.9           0    0.033333    0.066667
bike,bike,0.86667           0    0.033333         0.1
bike,bike,0.86667           0    0.033333         0.1
bike,bike,0.9           0    0.033333    0.066667
bike,bike,0.9           0    0.033333    0.066667
bike,bike,0.9           0    0.033333    0.066667
bike,bike,0.9           0    0.033333    0.066667
bike,bike,0.86667           0           0     0.13333
bike,bike,0.83333           0    0.033333     0.13333
bike,bike,0.83333           0           0     0.16667
bike,bike,0.9           0           0         0.1
bike,bike,0.86667    0.033333           0         0.1
bike,bike,0.86667    0.033333    0.033333    0.066667
bike,bike,0.86667    0.033333    0.033333    0.066667
bike,bike,0.86667    0.033333           0         0.1
bike,bike,0.86667    0.033333           0         0.1
bike,bike,0.86667    0.033333           0         0.1
bike,bike,0.86667    0.033333           0         0.1
bike,bike,0.86667    0.033333           0         0.1
bike,bike,0.86667    0.033333           0         0.1
bike,bike,0.9    0.033333           0    0.066667
bike,bike,0.9    0.033333           0    0.066667
bike,bike,0.9    0.033333           0    0.066667
bike,bike,0.9    0.033333           0    0.066667
bike,bike,0.93333    0.033333           0    0.033333
bike,bike,0.93333    0.033333           0    0.033333
bike,bike,1  0  0  0
bike,bike,1  0  0  0
bike,bike,1  0  0  0
bike,bike,1  0  0  0
bike,bike,0.9    0.033333           0    0.066667
bike,bike,0.86667    0.033333    0.033333    0.066667
bike,bike,0.9    0.033333    0.033333    0.033333
bike,bike,0.93333           0    0.033333    0.033333
bike,bike,0.9    0.033333    0.033333    0.033333
bike,bike,0.9    0.033333    0.033333    0.033333
bike,bike,0.9           0    0.033333    0.066667
bike,bike,0.9           0    0.033333    0.066667
bike,bike,0.9           0    0.033333    0.066667
bike,bike,0.9    0.033333    0.033333    0.033333
bike,bike,0.9           0    0.033333    0.066667
bike,bike,0.9           0    0.033333    0.066667
bike,bike,0.9           0           0         0.1
bike,bike,0.86667           0    0.033333         0.1
bike,bike,0.86667           0    0.033333         0.1
bike,bike,0.86667           0    0.033333         0.1
bike,bike,0.86667           0    0.033333         0.1
bike,bike,0.8           0    0.033333     0.16667
bike,bike,0.8           0    0.033333     0.16667
bike,bike,0.8           0    0.033333     0.16667
bike,bike,0.86667    0.033333           0         0.1
bike,bike,0.86667    0.033333           0         0.1
bike,bike,0.86667    0.033333           0         0.1
bike,bike,0.86667           0           0     0.13333
bike,bike,0.86667           0           0     0.13333
bike,bike,0.86667    0.033333           0         0.1
bike,bike,0.86667    0.033333           0         0.1
bike,bike,0.86667    0.033333           0         0.1
bike,bike,0.86667    0.033333           0         0.1
bike,bike,0.86667    0.033333           0         0.1
bike,bike,0.86667    0.033333           0         0.1
bike,bike,0.86667    0.033333           0         0.1
bike,bike,0.86667    0.033333    0.033333    0.066667
bike,bike,0.86667    0.033333    0.033333    0.066667
bike,bike,0.86667    0.033333    0.033333    0.066667
bike,bike,0.86667    0.033333    0.033333    0.066667
bike,bike,0.86667    0.033333    0.033333    0.066667
bike,bike,0.86667    0.033333    0.033333    0.066667
bike,bike,0.86667    0.033333    0.033333    0.066667
bike,bike,0.86667    0.033333    0.033333    0.066667
bike,bike,0.86667    0.033333    0.033333    0.066667
bike,bike,0.86667    0.033333    0.033333    0.066667
bike,bike,0.86667    0.033333    0.033333    0.066667
bike,bike,0.86667    0.033333    0.033333    0.066667
bike,bike,0.83333           0    0.033333     0.13333
bike,bike,0.86667           0    0.033333         0.1
bike,bike,0.86667           0    0.033333         0.1
bike,bike,0.9           0    0.033333    0.066667
bike,bike,0.86667           0         0.1    0.033333
bike,bike,0.86667           0    0.066667    0.066667
bike,bike,0.86667           0    0.066667    0.066667
bike,bike,0.86667           0         0.1    0.033333
bike,bike,0.83333           0    0.066667         0.1
bike,bike,0.86667           0           0     0.13333
bike,bike,0.83333           0           0     0.16667
bike,bike,0.9           0           0         0.1
bike,bike,0.86667    0.033333           0         0.1
bike,bike,0.83333           0           0     0.16667
bike,bike,0.86667    0.033333           0         0.1
bike,bike,0.83333           0           0     0.16667
bike,bike,0.86667           0           0     0.13333
bike,bike,0.86667           0           0     0.13333
bike,bike,0.86667           0           0     0.13333
bike,bike,0.86667           0           0     0.13333
bike,bike,0.83333           0           0     0.16667
bike,bike,0.8           0           0         0.2
bike,bike,0.83333           0           0     0.16667
bike,bike,0.83333           0           0     0.16667
bike,bike,0.83333           0           0     0.16667
bike,bike,0.83333           0           0     0.16667
bike,bike,0.86667    0.033333           0         0.1
bike,bike,0.86667    0.033333           0         0.1
bike,bike,0.86667    0.033333           0         0.1
bike,bike,0.86667    0.033333           0         0.1
bike,bike,0.86667    0.033333    0.033333    0.066667
bike,bike,0.86667    0.033333    0.033333    0.066667
bike,bike,0.9           0    0.033333    0.066667
bike,bike,0.9           0    0.033333    0.066667
bike,bike,0.9           0    0.033333    0.066667
bike,bike,0.86667           0    0.033333         0.1
bike,bike,0.86667           0    0.033333         0.1
bike,bike,0.86667           0    0.033333         0.1
bike,bike,0.86667           0    0.033333         0.1
bike,bike,0.86667           0    0.033333         0.1
bike,bike,0.86667           0           0     0.13333
bike,bike,0.86667           0    0.033333         0.1
bike,bike,0.83333           0           0     0.16667
bike,bike,0.8           0           0         0.2
bike,bike,0.83333           0           0     0.16667
bike,bike,0.83333           0           0     0.16667
bike,bike,0.86667    0.033333           0         0.1
bike,bike,0.86667    0.033333           0         0.1
bike,bike,0.86667    0.033333           0         0.1
bike,bike,0.86667    0.033333    0.033333    0.066667
bike,bike,0.86667    0.033333           0         0.1
bike,bike,0.86667    0.033333    0.033333    0.066667
bike,bike,0.86667    0.033333    0.033333    0.066667
bike,bike,0.86667    0.033333    0.033333    0.066667
bike,bike,0.86667    0.033333    0.033333    0.066667
bike,bike,0.86667    0.033333    0.033333    0.066667
bike,bike,0.86667    0.033333           0         0.1
bike,bike,0.86667    0.033333           0         0.1
bike,bike,0.86667    0.033333           0         0.1
bike,bike,0.86667    0.033333           0         0.1
bike,bike,0.86667    0.033333           0         0.1
bike,bike,0.9           0           0         0.1
bike,bike,0.9           0           0         0.1
bike,bike,0.9           0           0         0.1
bike,bike,0.83333    0.033333           0     0.13333
bike,bike,0.86667    0.033333    0.033333    0.066667
bike,bike,0.86667    0.033333    0.033333    0.066667
bike,bike,0.86667    0.033333    0.033333    0.066667
bike,bike,0.86667    0.033333    0.033333    0.066667
bike,bike,0.86667    0.033333    0.033333    0.066667
bike,bike,0.86667    0.033333    0.033333    0.066667
bike,bike,0.86667    0.033333    0.033333    0.066667
bike,bike,0.86667    0.033333    0.033333    0.066667
bike,bike,0.86667    0.033333    0.033333    0.066667
bike,bike,0.86667    0.033333           0         0.1
bike,bike,0.86667    0.033333    0.066667    0.033333
bike,bike,0.86667    0.033333           0         0.1
bike,bike,0.9           0           0         0.1
bike,bike,0.9           0           0         0.1
bike,bike,0.86667    0.033333           0         0.1
bike,bike,0.83333           0           0     0.16667
bike,bike,0.9           0           0         0.1
bike,bike,0.86667    0.033333           0         0.1
bike,bike,0.86667    0.033333           0         0.1
bike,bike,0.86667    0.033333           0         0.1
bike,bike,0.9           0           0         0.1
bike,bike,0.83333           0    0.033333     0.13333
bike,bike,0.9           0    0.033333    0.066667
bike,bike,0.9           0    0.033333    0.066667
bike,bike,0.86667    0.033333           0         0.1
bike,bike,0.86667    0.033333           0         0.1
bike,bike,0.86667    0.033333           0         0.1
bike,bike,0.9           0           0         0.1
bike,bike,0.9           0           0         0.1
bike,bike,0.83333           0           0     0.16667
bike,bike,0.86667    0.033333           0         0.1
bike,bike,0.86667    0.033333           0         0.1
bike,bike,0.86667    0.033333           0         0.1
bike,bike,0.86667    0.033333           0         0.1
bike,bike,0.86667    0.033333           0         0.1
bike,bike,0.86667    0.033333           0         0.1
bike,bike,0.86667    0.033333           0         0.1
bike,bike,0.86667    0.033333           0         0.1
bike,bike,0.86667    0.033333    0.033333    0.066667
bike,bike,0.96667           0           0    0.033333
bike,bike,0.96667           0    0.033333           0
bike,bike,0.83333           0    0.033333     0.13333
bike,bike,0.83333           0    0.033333     0.13333
bike,bike,0.93333           0    0.033333    0.033333
bike,bike,0.83333           0    0.033333     0.13333
bike,bike,0.83333           0    0.033333     0.13333
bike,bike,0.83333           0    0.033333     0.13333
bike,bike,0.83333           0           0     0.16667
bike,bike,0.83333           0           0     0.16667
bike,bike,0.83333           0           0     0.16667
bike,bike,0.83333           0           0     0.16667
bike,bike,0.86667    0.033333           0         0.1
bike,bike,0.9    0.033333           0    0.066667
bike,bike,0.9    0.033333           0    0.066667
bike,bike,0.86667    0.033333           0         0.1
bike,bike,0.86667    0.033333           0         0.1
bike,bike,0.86667    0.033333           0         0.1
bike,bike,0.86667    0.033333           0         0.1
bike,bike,0.86667    0.033333           0         0.1
bike,bike,0.86667    0.033333    0.033333    0.066667
bike,bike,0.86667    0.033333    0.033333    0.066667
bike,bike,0.86667    0.033333    0.033333    0.066667
bike,bike,0.86667    0.033333           0         0.1
bike,bike,0.86667    0.033333           0         0.1
bike,bike,0.9           0           0         0.1
bike,bike,0.83333           0           0     0.16667
bike,bike,0.86667    0.033333           0         0.1
bike,bike,0.9           0           0         0.1
bike,bike,0.9           0           0         0.1
bike,bike,0.9           0           0         0.1
bike,bike,0.9           0           0         0.1
bike,bike,0.9           0           0         0.1
bike,bike,0.86667    0.033333           0         0.1
bike,bike,0.86667    0.033333           0         0.1
bike,bike,0.86667    0.033333           0         0.1
bike,bike,0.86667    0.033333           0         0.1
bike,bike,0.93333           0           0    0.066667
bike,bike,0.86667           0    0.033333         0.1
bike,bike,0.86667           0    0.033333         0.1
bike,bike,0.86667           0           0     0.13333
bike,bike,0.83333           0           0     0.16667
bike,bike,0.83333           0           0     0.16667
bike,bike,0.76667           0           0     0.23333
bike,bike,0.83333           0           0     0.16667
bike,bike,0.83333           0           0     0.16667
bike,bike,0.83333           0           0     0.16667
bike,bike,0.83333           0    0.033333     0.13333
bike,bike,0.83333           0           0     0.16667
bike,bike,0.8           0           0         0.2
bike,bike,0.8           0           0         0.2
bike,bike,0.83333           0           0     0.16667
bike,bike,0.83333           0    0.033333     0.13333
bike,bike,0.86667    0.033333    0.033333    0.066667
bike,bike,0.86667    0.033333           0         0.1
bike,bike,0.86667    0.033333           0         0.1
bike,bike,0.86667    0.033333           0         0.1
bike,bike,0.86667    0.033333           0         0.1
bike,bike,0.86667    0.033333           0         0.1
bike,bike,0.86667    0.033333           0         0.1
bike,bike,0.86667    0.033333           0         0.1
bike,bike,0.86667    0.033333           0         0.1
bike,bike,0.96667           0           0    0.033333
bike,bike,0.96667           0           0    0.033333
bike,bike,0.96667           0           0    0.033333
bike,bike,0.96667           0           0    0.033333
bike,bike,0.96667           0           0    0.033333
bike,bike,0.96667           0           0    0.033333
bike,bike,0.86667    0.033333           0         0.1
bike,bike,0.86667    0.033333           0         0.1
bike,bike,0.86667    0.033333           0         0.1
bike,bike,0.86667    0.033333           0         0.1
bike,bike,0.86667    0.033333           0         0.1
bike,bike,0.86667    0.033333           0         0.1
bike,bike,0.86667    0.033333           0         0.1
bike,bike,0.86667    0.033333           0         0.1
bike,bike,0.86667    0.033333           0         0.1
bike,bike,0.86667    0.033333           0         0.1
bike,bike,0.86667    0.033333           0         0.1
bike,bike,0.86667    0.033333           0         0.1
bike,bike,0.86667    0.033333           0         0.1
bike,bike,0.86667    0.033333           0         0.1
bike,bike,0.86667    0.033333           0         0.1
bike,bike,0.86667    0.033333           0         0.1
bike,bike,0.86667    0.033333           0         0.1
bike,bike,0.86667    0.033333           0         0.1
bike,bike,0.86667    0.033333           0         0.1
bike,bike,0.86667    0.033333           0         0.1
bike,bike,0.86667    0.033333           0         0.1
bike,bike,0.86667    0.033333           0         0.1
bike,bike,0.86667    0.033333           0         0.1
bike,bike,0.86667    0.033333           0         0.1
bike,bike,0.9    0.033333           0    0.066667
bike,bike,1  0  0  0
bike,bike,0.9    0.033333           0    0.066667
bike,bike,0.93333    0.033333           0    0.033333
bike,bike,0.93333    0.033333           0    0.033333
bike,bike,0.9    0.033333           0    0.066667
bike,bike,0.9    0.033333           0    0.066667
bike,bike,0.8           0           0         0.2
bike,bike,0.8           0           0         0.2
bike,bike,0.8           0    0.033333     0.16667
bike,bike,0.86667           0    0.033333         0.1
bike,bike,0.86667           0    0.033333         0.1
bike,bike,0.86667    0.033333           0         0.1
bike,bike,0.86667    0.033333    0.033333    0.066667
bike,bike,0.96667           0    0.033333           0
bike,bike,0.96667           0    0.033333           0
bike,bike,0.96667           0    0.033333           0
bike,bike,0.96667           0    0.033333           0
bike,bike,0.96667           0    0.033333           0
bike,bike,0.96667           0    0.033333           0
bike,bike,0.86667    0.033333    0.033333    0.066667
bike,bike,0.86667           0    0.033333         0.1
bike,bike,0.86667           0           0     0.13333
bike,bike,0.86667           0           0     0.13333
bike,bike,0.86667           0           0     0.13333
bike,bike,0.86667           0           0     0.13333
bike,bike,0.86667           0           0     0.13333
bike,bike,0.86667    0.033333           0         0.1
bike,bike,0.86667    0.033333           0         0.1
bike,bike,0.86667    0.033333           0         0.1
bike,bike,0.86667    0.033333           0         0.1
bike,bike,0.86667    0.033333           0         0.1
bike,bike,0.86667    0.033333           0         0.1
bike,bike,0.86667    0.033333           0         0.1
bike,bike,0.86667    0.033333           0         0.1
bike,bike,0.86667    0.033333           0         0.1
bike,bike,0.86667    0.033333           0         0.1
bike,bike,0.86667    0.033333           0         0.1
bike,bike,0.86667    0.033333           0         0.1
bike,bike,0.86667    0.033333           0         0.1
bike,bike,0.9    0.033333           0    0.066667
bike,bike,0.9    0.033333           0    0.066667
bike,bike,0.93333    0.033333           0    0.033333
bike,bike,0.9    0.033333           0    0.066667
bike,bike,0.86667    0.033333           0         0.1
bike,bike,1  0  0  0
bike,bike,0.96667           0           0    0.033333
bike,bike,0.86667    0.033333           0         0.1
bike,bike,0.86667    0.033333           0         0.1
bike,bike,0.86667    0.033333           0         0.1
bike,bike,0.86667    0.033333           0         0.1
bike,bike,0.86667    0.033333           0         0.1
bike,bike,0.86667    0.033333           0         0.1
bike,bike,0.86667    0.033333           0         0.1
bike,bike,0.86667    0.033333           0         0.1
bike,bike,0.86667    0.033333           0         0.1
bike,bike,0.86667    0.033333           0         0.1
bike,bike,0.86667    0.033333           0         0.1
bike,bike,0.86667    0.033333           0         0.1
bike,bike,0.86667    0.033333           0         0.1
bike,bike,0.86667    0.033333           0         0.1
bike,bike,0.96667           0           0    0.033333
bike,bike,0.86667    0.033333           0         0.1
bike,bike,0.86667    0.033333           0         0.1
bike,bike,0.9           0    0.066667    0.033333
bike,bike,0.9           0    0.066667    0.033333
bike,bike,0.86667           0    0.066667    0.066667
bike,bike,0.9           0    0.066667    0.033333
bike,bike,0.86667    0.033333           0         0.1
bike,bike,0.86667    0.033333           0         0.1
bike,bike,0.86667    0.033333           0         0.1
bike,bike,0.86667    0.033333           0         0.1
bike,bike,0.96667           0           0    0.033333
bike,bike,0.96667           0           0    0.033333
bike,bike,0.96667           0           0    0.033333
bike,bike,0.86667    0.033333    0.033333    0.066667
bike,bike,0.86667    0.033333    0.033333    0.066667
bike,bike,0.86667    0.033333    0.033333    0.066667
bike,bike,0.86667    0.033333           0         0.1
bike,bike,0.86667    0.033333           0         0.1
bike,bike,0.96667           0           0    0.033333
bike,bike,0.86667    0.033333           0         0.1
bike,bike,0.86667    0.033333           0         0.1
bike,bike,0.86667    0.033333           0         0.1
bike,bike,0.86667    0.033333           0         0.1
bike,bike,0.86667    0.033333           0         0.1
bike,bike,0.86667    0.033333           0         0.1
bike,bike,0.86667    0.033333           0         0.1
bike,bike,0.86667    0.033333           0         0.1
bike,bike,0.86667    0.033333           0         0.1
bike,bike,0.86667    0.033333           0         0.1
bike,bike,0.86667    0.033333           0         0.1
bike,bike,0.86667    0.033333    0.033333    0.066667
bike,bike,0.86667    0.033333    0.033333    0.066667
bike,bike,0.86667    0.033333           0         0.1
bike,bike,0.86667    0.033333           0         0.1
bike,bike,0.86667    0.033333           0         0.1
bike,bike,0.86667    0.033333           0         0.1
bike,bike,0.86667    0.033333           0         0.1
bike,bike,0.86667    0.033333           0         0.1
bike,bike,0.86667           0           0     0.13333
bike,bike,0.93333           0           0    0.066667
bike,bike,0.86667           0           0     0.13333
bike,bike,0.9           0    0.033333    0.066667
bike,bike,0.9    0.033333    0.033333    0.033333
bike,bike,0.93333           0    0.033333    0.033333
bike,bike,0.9           0           0         0.1
bike,bike,0.93333           0           0    0.066667
bike,bike,0.9    0.033333           0    0.066667
bike,bike,0.93333           0           0    0.066667
bike,bike,0.93333    0.033333           0    0.033333
bike,bike,0.86667    0.033333           0         0.1
bike,bike,0.86667    0.033333           0         0.1
bike,bike,0.86667    0.033333           0         0.1
bike,bike,0.86667    0.033333           0         0.1
bike,bike,0.86667    0.033333           0         0.1
bike,bike,0.86667    0.033333           0         0.1
bike,bike,0.86667    0.033333    0.033333    0.066667
bike,bike,0.86667    0.033333    0.033333    0.066667
bike,bike,0.86667    0.033333           0         0.1
bike,bike,0.86667    0.033333    0.033333    0.066667
bike,bike,0.86667    0.033333           0         0.1
bike,bike,0.86667    0.033333           0         0.1
bike,bike,0.86667    0.033333           0         0.1
bike,bike,0.86667    0.033333           0         0.1
bike,bike,0.93333    0.033333           0    0.033333
bike,bike,0.96667    0.033333           0           0
bike,bike,0.96667    0.033333           0           0
bike,bike,1  0  0  0
bike,bike,1  0  0  0
bike,bike,1  0  0  0
bike,bike,1  0  0  0
bike,bike,1  0  0  0
bike,bike,1  0  0  0
bike,bike,1  0  0  0
bike,bike,1  0  0  0
bike,bike,1  0  0  0
bike,bike,1  0  0  0
bike,bike,1  0  0  0
bike,bike,1  0  0  0
bike,bike,1  0  0  0
bike,bike,1  0  0  0
bike,bike,1  0  0  0
bike,bike,1  0  0  0
bike,bike,1  0  0  0
bike,bike,1  0  0  0
bike,bike,1  0  0  0
bike,bike,1  0  0  0
bike,bike,1  0  0  0
bike,bike,1  0  0  0
bike,bike,0.93333    0.033333           0    0.033333
bike,bike,0.9    0.033333           0    0.066667
bike,bike,0.9    0.033333           0    0.066667
bike,bike,0.93333    0.033333           0    0.033333
bike,bike,0.93333    0.033333           0    0.033333
bike,bike,0.93333    0.033333           0    0.033333
bike,bike,0.93333    0.033333           0    0.033333
bike,bike,0.93333    0.033333           0    0.033333
bike,bike,0.93333    0.033333           0    0.033333
bike,bike,0.93333    0.033333           0    0.033333
bike,bike,0.93333    0.033333           0    0.033333
bike,bike,0.93333    0.033333           0    0.033333
bike,bike,0.93333    0.033333           0    0.033333
bike,bike,0.93333    0.033333           0    0.033333
bike,bike,0.9    0.033333           0    0.066667
bike,bike,0.9    0.033333           0    0.066667
bike,bike,0.93333    0.033333           0    0.033333
bike,bike,0.93333    0.033333           0    0.033333
bike,bike,0.93333    0.033333           0    0.033333
bike,bike,1  0  0  0
bike,bike,1  0  0  0
bike,bike,1  0  0  0
bike,bike,1  0  0  0
bike,bike,1  0  0  0
bike,bike,1  0  0  0
bike,bike,1  0  0  0
bike,bike,1  0  0  0
bike,bike,1  0  0  0
bike,bike,1  0  0  0
bike,bike,1  0  0  0
bike,bike,1  0  0  0
bike,bike,1  0  0  0
bike,bike,1  0  0  0
bike,bike,1  0  0  0
bike,bike,1  0  0  0
bike,bike,1  0  0  0
bike,bike,1  0  0  0
bike,bike,0.93333    0.033333           0    0.033333
bike,bike,1  0  0  0
bike,bike,1  0  0  0
bike,bike,1  0  0  0
bike,bike,1  0  0  0
bike,bike,1  0  0  0
bike,bike,1  0  0  0
bike,bike,1  0  0  0
bike,bike,1  0  0  0
bike,bike,1  0  0  0
bike,bike,1  0  0  0
bike,bike,1  0  0  0
bike,bike,1  0  0  0
bike,bike,1  0  0  0
bike,bike,1  0  0  0
bike,bike,1  0  0  0
bike,bike,1  0  0  0
bike,bike,1  0  0  0
bike,bike,1  0  0  0
bike,bike,1  0  0  0
bike,bike,1  0  0  0
bike,bike,1  0  0  0
bike,bike,1  0  0  0
bike,bike,1  0  0  0
bike,bike,1  0  0  0
bike,bike,1  0  0  0
bike,bike,1  0  0  0
bike,bike,1  0  0  0
bike,bike,1  0  0  0
bike,bike,1  0  0  0
bike,bike,1  0  0  0
bike,bike,1  0  0  0
bike,bike,1  0  0  0
bike,bike,1  0  0  0
bike,bike,1  0  0  0
bike,bike,1  0  0  0
bike,bike,1  0  0  0
bike,bike,1  0  0  0
bike,bike,1  0  0  0
bike,bike,1  0  0  0
bike,bike,1  0  0  0
bike,bike,1  0  0  0
bike,bike,1  0  0  0
bike,bike,1  0  0  0
bike,bike,1  0  0  0
bike,bike,1  0  0  0
bike,bike,1  0  0  0
bike,bike,1  0  0  0
bike,bike,1  0  0  0
bike,bike,1  0  0  0
bike,bike,1  0  0  0
bike,bike,1  0  0  0
bike,bike,1  0  0  0
bike,bike,1  0  0  0
bike,bike,1  0  0  0
bike,bike,1  0  0  0
bike,bike,1  0  0  0
bike,bike,1  0  0  0
bike,bike,1  0  0  0
bike,bike,1  0  0  0
bike,bike,1  0  0  0
bike,bike,1  0  0  0
bike,bike,1  0  0  0
bike,bike,1  0  0  0
bike,bike,1  0  0  0
bike,bike,1  0  0  0
bike,bike,1  0  0  0
bike,bike,1  0  0  0
bike,bike,1  0  0  0
bike,bike,1  0  0  0
bike,bike,1  0  0  0
bike,bike,1  0  0  0
bike,bike,1  0  0  0
bike,bike,1  0  0  0
bike,bike,1  0  0  0
bike,bike,1  0  0  0
bike,bike,1  0  0  0
bike,bike,1  0  0  0
bike,bike,1  0  0  0
bike,bike,1  0  0  0
bike,bike,1  0  0  0
bike,bike,1  0  0  0
bike,bike,1  0  0  0
bike,bike,1  0  0  0
bike,bike,1  0  0  0
bike,bike,1  0  0  0
bike,bike,1  0  0  0
bike,bike,1  0  0  0
bike,bike,1  0  0  0
bike,bike,1  0  0  0
bike,bike,1  0  0  0
bike,bike,0.9    0.033333           0    0.066667
bike,bike,0.9    0.033333           0    0.066667
bike,bike,0.9    0.033333           0    0.066667
bike,bike,0.86667    0.033333           0         0.1
bike,bike,0.86667    0.033333           0         0.1
bike,bike,0.9    0.033333           0    0.066667
bike,bike,1  0  0  0
bike,bike,1  0  0  0
bike,bike,1  0  0  0
bike,bike,1  0  0  0
bike,bike,1  0  0  0
bike,bike,1  0  0  0
bike,bike,1  0  0  0
bike,bike,1  0  0  0
bike,bike,1  0  0  0
bike,bike,1  0  0  0
bike,bike,1  0  0  0
bike,bike,1  0  0  0
bike,bike,1  0  0  0
bike,bike,1  0  0  0
bike,bike,1  0  0  0
bike,bike,1  0  0  0
bike,bike,1  0  0  0
bike,bike,1  0  0  0
bike,bike,1  0  0  0
bike,bike,1  0  0  0
bike,bike,1  0  0  0
bike,bike,1  0  0  0
bike,bike,1  0  0  0
bike,bike,1  0  0  0
bike,bike,1  0  0  0
bike,bike,1  0  0  0
bike,bike,1  0  0  0
bike,bike,1  0  0  0
bike,bike,1  0  0  0
bike,bike,1  0  0  0
bike,bike,1  0  0  0
bike,bike,1  0  0  0
bike,bike,1  0  0  0
bike,bike,1  0  0  0
bike,bike,1  0  0  0
bike,bike,1  0  0  0
bike,bike,1  0  0  0
bike,bike,1  0  0  0
bike,bike,1  0  0  0
bike,bike,1  0  0  0
bike,bike,1  0  0  0
bike,bike,1  0  0  0
bike,bike,1  0  0  0
bike,bike,1  0  0  0
bike,bike,1  0  0  0
bike,bike,1  0  0  0
bike,bike,1  0  0  0
bike,bike,1  0  0  0
bike,bike,1  0  0  0
bike,bike,1  0  0  0
bike,bike,1  0  0  0
bike,bike,1  0  0  0
bike,bike,1  0  0  0
bike,bike,1  0  0  0
bike,bike,1  0  0  0
bike,bike,1  0  0  0
bike,bike,1  0  0  0
bike,bike,1  0  0  0
bike,bike,1  0  0  0
bike,bike,1  0  0  0
bike,bike,1  0  0  0
bike,bike,1  0  0  0
bike,bike,1  0  0  0
bike,bike,1  0  0  0
bike,bike,1  0  0  0
bike,bike,1  0  0  0
bike,bike,1  0  0  0
bike,bike,1  0  0  0
bike,bike,1  0  0  0
bike,bike,1  0  0  0
bike,bike,1  0  0  0
bike,bike,1  0  0  0
bike,bike,1  0  0  0
bike,bike,1  0  0  0
bike,bike,1  0  0  0
bike,bike,1  0  0  0
bike,bike,1  0  0  0
bike,bike,1  0  0  0
bike,bike,1  0  0  0
bike,bike,1  0  0  0
bike,bike,1  0  0  0
bike,bike,0.93333    0.033333           0    0.033333
bike,bike,0.93333    0.033333           0    0.033333
bike,bike,0.93333    0.033333           0    0.033333
bike,bike,0.93333    0.033333           0    0.033333
bike,bike,0.93333    0.033333           0    0.033333
bike,bike,0.93333    0.033333           0    0.033333
bike,bike,0.93333    0.033333           0    0.033333
bike,bike,1  0  0  0
bike,bike,0.93333    0.033333           0    0.033333
bike,bike,0.93333    0.033333           0    0.033333
bike,bike,1  0  0  0
bike,bike,1  0  0  0
bike,bike,1  0  0  0
bike,bike,1  0  0  0
bike,bike,1  0  0  0
bike,bike,1  0  0  0
bike,bike,1  0  0  0
bike,bike,1  0  0  0
bike,bike,1  0  0  0
bike,bike,1  0  0  0
bike,bike,1  0  0  0
bike,bike,1  0  0  0
bike,bike,1  0  0  0
bike,bike,1  0  0  0
bike,bike,1  0  0  0
bike,bike,1  0  0  0
bike,bike,1  0  0  0
bike,bike,1  0  0  0
bike,bike,1  0  0  0
bike,bike,1  0  0  0
bike,bike,1  0  0  0
bike,bike,1  0  0  0
bike,bike,1  0  0  0
bike,bike,1  0  0  0
bike,bike,1  0  0  0
bike,bike,1  0  0  0
bike,bike,0.93333    0.033333           0    0.033333
bike,bike,0.93333    0.033333           0    0.033333
bike,bike,0.93333    0.033333           0    0.033333
bike,bike,0.93333    0.033333           0    0.033333
bike,bike,0.93333    0.033333           0    0.033333
bike,bike,0.9    0.033333           0    0.066667
bike,bike,1  0  0  0
bike,bike,1  0  0  0
bike,bike,1  0  0  0
bike,bike,1  0  0  0
bike,bike,1  0  0  0
bike,bike,1  0  0  0
bike,bike,1  0  0  0
bike,bike,1  0  0  0
bike,bike,1  0  0  0
bike,bike,1  0  0  0
bike,bike,1  0  0  0
bike,bike,1  0  0  0
bike,bike,1  0  0  0
bike,bike,1  0  0  0
bike,bike,1  0  0  0
bike,bike,1  0  0  0
bike,bike,1  0  0  0
bike,bike,1  0  0  0
bike,bike,1  0  0  0
bike,bike,1  0  0  0
bike,bike,1  0  0  0
bike,bike,1  0  0  0
bike,bike,1  0  0  0
bike,bike,1  0  0  0
bike,bike,1  0  0  0
bike,bike,1  0  0  0
bike,bike,1  0  0  0
bike,bike,1  0  0  0
bike,bike,1  0  0  0
bike,bike,1  0  0  0
bike,bike,1  0  0  0
bike,bike,1  0  0  0
bike,bike,1  0  0  0
bike,bike,1  0  0  0
bike,bike,1  0  0  0
bike,bike,1  0  0  0
bike,bike,1  0  0  0
bike,bike,1  0  0  0
bike,bike,1  0  0  0
bike,bike,1  0  0  0
bike,bike,1  0  0  0
bike,bike,1  0  0  0
bike,bike,1  0  0  0
bike,bike,1  0  0  0
bike,bike,1  0  0  0
bike,bike,1  0  0  0
bike,bike,1  0  0  0
bike,bike,1  0  0  0
bike,bike,1  0  0  0
bike,bike,1  0  0  0
bike,bike,1  0  0  0
bike,bike,1  0  0  0
bike,bike,1  0  0  0
bike,bike,1  0  0  0
bike,bike,1  0  0  0
bike,bike,1  0  0  0
bike,bike,1  0  0  0
bike,bike,1  0  0  0
bike,bike,1  0  0  0
bike,bike,1  0  0  0
bike,bike,1  0  0  0
bike,bike,1  0  0  0
bike,bike,1  0  0  0
bike,bike,1  0  0  0
bike,bike,1  0  0  0
bike,bike,1  0  0  0
bike,bike,1  0  0  0
bike,bike,1  0  0  0
bike,bike,1  0  0  0
bike,bike,1  0  0  0
bike,bike,1  0  0  0
bike,bike,1  0  0  0
bike,bike,0.96667           0    0.033333           0
bike,bike,0.96667           0    0.033333           0
bike,bike,0.96667           0    0.033333           0
bike,bike,0.96667           0    0.033333           0
bike,bike,0.96667           0    0.033333           0
bike,bike,0.96667           0    0.033333           0
bike,bike,0.96667           0    0.033333           0
bike,bike,1  0  0  0
bike,bike,1  0  0  0
bike,bike,1  0  0  0
bike,bike,1  0  0  0
bike,bike,1  0  0  0
bike,bike,1  0  0  0
bike,bike,1  0  0  0
bike,bike,1  0  0  0
bike,bike,1  0  0  0
bike,bike,1  0  0  0
bike,bike,1  0  0  0
bike,bike,0.93333    0.033333           0    0.033333
bike,bike,0.93333    0.033333           0    0.033333
bike,bike,0.93333    0.033333           0    0.033333
bike,bike,0.93333    0.033333           0    0.033333
bike,bike,1  0  0  0
bike,bike,0.93333    0.033333           0    0.033333
bike,bike,0.93333    0.033333           0    0.033333
bike,bike,0.93333    0.033333           0    0.033333
bike,bike,0.93333    0.033333           0    0.033333
bike,bike,0.93333    0.033333           0    0.033333
bike,bike,1  0  0  0
bike,bike,0.93333    0.033333           0    0.033333
bike,bike,0.93333    0.033333           0    0.033333
bike,bike,1  0  0  0
bike,bike,0.93333    0.033333           0    0.033333
bike,bike,0.9    0.033333           0    0.066667
bike,bike,0.93333    0.033333           0    0.033333
bike,bike,0.93333    0.033333           0    0.033333
bike,bike,0.93333    0.033333           0    0.033333
bike,bike,0.93333    0.033333           0    0.033333
bike,bike,0.93333    0.033333           0    0.033333
bike,bike,0.93333    0.033333           0    0.033333
bike,bike,0.93333    0.033333           0    0.033333
bike,bike,0.93333    0.033333           0    0.033333
bike,bike,0.93333    0.033333           0    0.033333
bike,bike,0.93333    0.033333           0    0.033333
bike,bike,0.93333    0.033333           0    0.033333
bike,bike,0.9    0.033333           0    0.066667
bike,bike,0.9    0.033333           0    0.066667
bike,bike,1  0  0  0
bike,bike,1  0  0  0
bike,bike,1  0  0  0
bike,bike,0.9    0.033333           0    0.066667
bike,bike,0.9    0.033333           0    0.066667
bike,bike,0.9    0.033333           0    0.066667
bike,bike,0.9    0.033333           0    0.066667
bike,bike,0.9    0.033333           0    0.066667
bike,bike,0.9    0.033333           0    0.066667
bike,bike,0.9    0.033333           0    0.066667
bike,bike,0.9    0.033333           0    0.066667
bike,bike,0.9    0.033333           0    0.066667
bike,bike,0.93333    0.033333           0    0.033333
bike,bike,0.93333    0.033333           0    0.033333
bike,bike,1  0  0  0
bike,bike,1  0  0  0
bike,bike,1  0  0  0
bike,bike,1  0  0  0
bike,bike,1  0  0  0
bike,bike,1  0  0  0
bike,bike,0.9    0.033333           0    0.066667
bike,bike,0.9    0.033333           0    0.066667
bike,bike,0.86667    0.033333           0         0.1
bike,bike,0.86667    0.033333           0         0.1
bike,bike,0.86667    0.033333           0         0.1
bike,bike,0.86667    0.033333           0         0.1
bike,bike,0.86667    0.033333           0         0.1
bike,bike,0.86667    0.033333           0         0.1
bike,bike,0.86667    0.033333           0         0.1
bike,bike,0.86667    0.033333           0         0.1
bike,bike,0.86667    0.033333           0         0.1
bike,bike,0.86667    0.033333           0         0.1
bike,bike,0.86667    0.033333           0         0.1
bike,bike,0.86667    0.033333           0         0.1
bike,bike,0.86667    0.033333    0.033333    0.066667
bike,bike,0.86667    0.033333           0         0.1
bike,bike,0.86667    0.033333           0         0.1
bike,bike,0.86667    0.033333           0         0.1
bike,bike,0.86667    0.033333           0         0.1
bike,bike,0.86667    0.033333           0         0.1
bike,bike,0.86667    0.033333           0         0.1
bike,bike,0.86667    0.033333           0         0.1
bike,bike,0.86667    0.033333           0         0.1
bike,bike,0.96667           0           0    0.033333
bike,bike,0.86667    0.033333           0         0.1
bike,bike,0.86667    0.033333           0         0.1
bike,bike,0.86667    0.033333           0         0.1
bike,bike,0.86667    0.033333           0         0.1
bike,bike,0.86667    0.033333           0         0.1
bike,bike,0.86667    0.033333           0         0.1
bike,bike,0.86667    0.033333           0         0.1
bike,bike,0.86667    0.033333           0         0.1
bike,bike,0.86667    0.033333           0         0.1
bike,bike,0.86667    0.033333    0.033333    0.066667
bike,bike,0.86667    0.033333    0.033333    0.066667
bike,bike,0.86667    0.033333    0.033333    0.066667
bike,bike,0.86667    0.033333    0.033333    0.066667
bike,bike,0.86667    0.033333    0.033333    0.066667
bike,bike,0.86667    0.033333    0.033333    0.066667
bike,bike,0.86667    0.033333           0         0.1
bike,bike,0.86667    0.033333           0         0.1
bike,bike,0.86667    0.033333           0         0.1
bike,bike,0.96667           0           0    0.033333
bike,bike,0.96667           0           0    0.033333
bike,bike,0.86667    0.033333           0         0.1
bike,bike,0.86667    0.033333           0         0.1
bike,bike,0.86667    0.033333           0         0.1
bike,bike,0.86667    0.033333           0         0.1
bike,bike,0.9    0.033333           0    0.066667
bike,bike,0.86667    0.033333           0         0.1
bike,bike,0.86667    0.033333           0         0.1
bike,bike,0.86667    0.033333           0         0.1
bike,bike,0.86667    0.033333           0         0.1
bike,bike,0.86667    0.033333           0         0.1
bike,bike,0.86667    0.033333           0         0.1
bike,bike,0.86667    0.033333           0         0.1
bike,bike,0.96667           0           0    0.033333
bike,bike,0.96667           0           0    0.033333
bike,bike,0.96667           0           0    0.033333
bike,bike,0.96667           0           0    0.033333
bike,bike,0.86667    0.033333           0         0.1
bike,bike,0.86667    0.033333           0         0.1
bike,bike,0.86667    0.033333    0.033333    0.066667
bike,bike,0.86667    0.033333           0         0.1
bike,bike,0.86667    0.033333           0         0.1
bike,bike,0.86667    0.033333           0         0.1
bike,bike,0.96667           0           0    0.033333
bike,bike,0.96667           0           0    0.033333
bike,bike,1  0  0  0
bike,bike,1  0  0  0
bike,bike,1  0  0  0
bike,bike,1  0  0  0
bike,bike,1  0  0  0
bike,bike,1  0  0  0
bike,bike,1  0  0  0
bike,bike,1  0  0  0
bike,bike,1  0  0  0
bike,bike,1  0  0  0
bike,bike,1  0  0  0
bike,bike,1  0  0  0
bike,bike,1  0  0  0
bike,bike,1  0  0  0
bike,bike,1  0  0  0
bike,bike,1  0  0  0
bike,bike,1  0  0  0
bike,bike,1  0  0  0
bike,bike,1  0  0  0
bike,bike,1  0  0  0
bike,bike,1  0  0  0
bike,bike,1  0  0  0
bike,bike,1  0  0  0
bike,bike,1  0  0  0
bike,bike,1  0  0  0
bike,bike,1  0  0  0
bike,bike,1  0  0  0
bike,bike,1  0  0  0
bike,bike,1  0  0  0
bike,bike,1  0  0  0
bike,bike,1  0  0  0
bike,bike,1  0  0  0
bike,bike,1  0  0  0
bike,bike,1  0  0  0
bike,bike,1  0  0  0
bike,bike,1  0  0  0
bike,bike,1  0  0  0
bike,bike,1  0  0  0
bike,bike,1  0  0  0
bike,bike,0.96667           0           0    0.033333
bike,bike,1  0  0  0
bike,bike,1  0  0  0
bike,bike,1  0  0  0
bike,bike,1  0  0  0
bike,bike,1  0  0  0
bike,bike,1  0  0  0
bike,bike,1  0  0  0
bike,bike,1  0  0  0
bike,bike,1  0  0  0
bike,bike,1  0  0  0
bike,bike,1  0  0  0
bike,bike,1  0  0  0
bike,bike,1  0  0  0
bike,bike,1  0  0  0
bike,bike,1  0  0  0
bike,bike,1  0  0  0
bike,bike,1  0  0  0
bike,bike,1  0  0  0
bike,bike,1  0  0  0
bike,bike,1  0  0  0
bike,bike,1  0  0  0
bike,bike,1  0  0  0
bike,bike,1  0  0  0
bike,bike,1  0  0  0
bike,bike,1  0  0  0
bike,bike,1  0  0  0
bike,bike,1  0  0  0
bike,bike,1  0  0  0
bike,bike,1  0  0  0
bike,bike,1  0  0  0
bike,bike,1  0  0  0
bike,bike,1  0  0  0
bike,bike,1  0  0  0
bike,bike,1  0  0  0
bike,bike,1  0  0  0
bike,bike,1  0  0  0
bike,bike,1  0  0  0
bike,bike,1  0  0  0
bike,bike,0.96667           0           0    0.033333
bike,bike,0.96667           0           0    0.033333
bike,bike,0.96667           0           0    0.033333
bike,bike,1  0  0  0
bike,bike,1  0  0  0
bike,bike,1  0  0  0
bike,bike,1  0  0  0
bike,bike,1  0  0  0
bike,bike,1  0  0  0
bike,bike,1  0  0  0
bike,bike,1  0  0  0
bike,bike,1  0  0  0
bike,bike,1  0  0  0
bike,bike,1  0  0  0
bike,bike,1  0  0  0
bike,bike,1  0  0  0
bike,bike,1  0  0  0
bike,bike,1  0  0  0
bike,bike,1  0  0  0
bike,bike,1  0  0  0
bike,bike,1  0  0  0
bike,bike,1  0  0  0
bike,bike,1  0  0  0
bike,bike,1  0  0  0
bike,bike,1  0  0  0
bike,bike,1  0  0  0
bike,bike,1  0  0  0
bike,bike,1  0  0  0
bike,bike,1  0  0  0
bike,bike,1  0  0  0
bike,bike,0.96667           0           0    0.033333
bike,bike,0.96667           0           0    0.033333
bike,bike,0.96667           0           0    0.033333
bike,bike,0.96667           0           0    0.033333
bike,bike,0.96667           0           0    0.033333
bike,bike,0.96667           0           0    0.033333
bike,bike,0.86667    0.033333           0         0.1
bike,bike,0.9    0.033333           0    0.066667
bike,bike,0.9    0.033333           0    0.066667
bike,bike,0.86667    0.033333           0         0.1
bike,bike,0.86667    0.033333           0         0.1
bike,bike,0.86667    0.033333           0         0.1
bike,bike,0.86667    0.033333           0         0.1
bike,bike,0.86667    0.033333           0         0.1
bike,bike,0.86667    0.033333           0         0.1
bike,bike,0.86667    0.033333           0         0.1
bike,bike,0.86667    0.033333           0         0.1
bike,bike,0.86667    0.033333           0         0.1
bike,bike,0.9    0.033333           0    0.066667
bike,bike,0.9    0.033333           0    0.066667
bike,bike,0.86667    0.033333           0         0.1
bike,bike,0.9    0.033333           0    0.066667
bike,bike,1  0  0  0
bike,bike,1  0  0  0
bike,bike,1  0  0  0
bike,bike,1  0  0  0
bike,bike,1  0  0  0
bike,bike,1  0  0  0
bike,bike,1  0  0  0
bike,bike,1  0  0  0
bike,bike,1  0  0  0
bike,bike,1  0  0  0
bike,bike,1  0  0  0
bike,bike,1  0  0  0
bike,bike,1  0  0  0
bike,bike,1  0  0  0
bike,bike,1  0  0  0
bike,bike,1  0  0  0
bike,bike,1  0  0  0
bike,bike,1  0  0  0
bike,bike,1  0  0  0
bike,bike,0.93333    0.033333           0    0.033333
bike,bike,0.93333    0.033333           0    0.033333
bike,bike,0.93333    0.033333           0    0.033333
bike,bike,0.93333    0.033333           0    0.033333
bike,bike,0.93333    0.033333           0    0.033333
bike,bike,0.93333    0.033333           0    0.033333
bike,bike,1  0  0  0
bike,bike,0.9    0.033333           0    0.066667
bike,bike,0.9    0.033333           0    0.066667
bike,bike,0.9    0.033333           0    0.066667
bike,bike,0.9    0.033333           0    0.066667
bike,bike,0.9    0.033333           0    0.066667
bike,bike,0.9    0.033333           0    0.066667
bike,bike,0.9    0.033333           0    0.066667
bike,bike,0.9    0.033333           0    0.066667
bike,bike,0.9    0.033333           0    0.066667
bike,bike,0.86667    0.033333           0         0.1
bike,bike,0.9    0.033333           0    0.066667
bike,bike,0.9    0.033333           0    0.066667
bike,bike,0.9    0.033333           0    0.066667
bike,bike,0.86667    0.033333           0         0.1
bike,bike,0.96667           0           0    0.033333
bike,bike,0.96667           0           0    0.033333
bike,bike,0.96667           0           0    0.033333
bike,bike,0.96667           0           0    0.033333
bike,bike,0.96667           0           0    0.033333
bike,bike,0.96667           0           0    0.033333
bike,bike,0.96667           0           0    0.033333
bike,bike,0.96667           0           0    0.033333
bike,bike,0.96667           0           0    0.033333
bike,bike,0.96667           0           0    0.033333
bike,bike,0.96667           0           0    0.033333
bike,bike,0.96667           0           0    0.033333
bike,bike,0.9    0.033333           0    0.066667
bike,bike,0.96667           0           0    0.033333
bike,bike,0.96667           0           0    0.033333
bike,bike,0.96667           0           0    0.033333
bike,bike,0.96667           0           0    0.033333
bike,bike,0.96667           0           0    0.033333
bike,bike,0.96667           0           0    0.033333
bike,bike,0.96667           0           0    0.033333
bike,bike,0.96667           0           0    0.033333
bike,bike,0.96667           0           0    0.033333
bike,bike,1  0  0  0
bike,bike,1  0  0  0
bike,bike,1  0  0  0
bike,bike,1  0  0  0
bike,bike,1  0  0  0
bike,bike,1  0  0  0
bike,bike,1  0  0  0
bike,bike,1  0  0  0
bike,bike,1  0  0  0
bike,bike,1  0  0  0
bike,bike,0.96667           0           0    0.033333
bike,bike,0.96667           0           0    0.033333
bike,bike,0.96667           0           0    0.033333
bike,bike,0.96667           0           0    0.033333
bike,bike,0.96667           0           0    0.033333
bike,bike,0.96667           0           0    0.033333
bike,bike,0.96667           0           0    0.033333
bike,bike,0.96667           0           0    0.033333
bike,bike,0.96667           0           0    0.033333
bike,bike,0.96667           0           0    0.033333
bike,bike,0.96667           0           0    0.033333
bike,bike,0.96667           0           0    0.033333
bike,bike,0.96667           0           0    0.033333
bike,bike,0.96667           0           0    0.033333
bike,bike,0.96667           0           0    0.033333
bike,bike,0.96667           0           0    0.033333
bike,bike,0.96667           0           0    0.033333
bike,bike,1  0  0  0
bike,bike,0.96667           0           0    0.033333
bike,bike,0.96667           0           0    0.033333
bike,bike,0.96667           0           0    0.033333
bike,bike,0.96667           0           0    0.033333
bike,bike,0.96667           0           0    0.033333
bike,bike,0.96667           0           0    0.033333
bike,bike,0.96667           0           0    0.033333
bike,bike,0.96667           0           0    0.033333
bike,bike,0.9    0.033333           0    0.066667
bike,bike,0.9    0.033333           0    0.066667
bike,bike,0.9    0.033333           0    0.066667
bike,bike,0.9    0.033333           0    0.066667
bike,bike,0.9    0.033333           0    0.066667
bike,bike,0.9    0.033333           0    0.066667
bike,bike,0.9    0.033333           0    0.066667
bike,bike,0.9    0.033333           0    0.066667
bike,bike,0.9    0.033333           0    0.066667
bike,bike,0.9    0.033333           0    0.066667
bike,bike,0.9    0.033333           0    0.066667
bike,bike,0.93333    0.033333           0    0.033333
bike,bike,0.93333    0.033333           0    0.033333
bike,bike,0.96667           0           0    0.033333
bike,bike,0.96667           0           0    0.033333
bike,bike,0.96667           0           0    0.033333
bike,bike,0.96667           0           0    0.033333
bike,bike,0.96667           0           0    0.033333
bike,bike,1  0  0  0
bike,bike,0.96667           0           0    0.033333
bike,bike,0.96667           0           0    0.033333
bike,bike,0.96667           0           0    0.033333
bike,bike,0.96667           0           0    0.033333
bike,bike,0.96667           0           0    0.033333
bike,bike,0.96667           0           0    0.033333
bike,bike,0.96667           0           0    0.033333
bike,bike,0.96667           0           0    0.033333
bike,bike,0.96667           0           0    0.033333
bike,bike,0.96667           0           0    0.033333
bike,bike,1  0  0  0
bike,bike,0.96667           0           0    0.033333
bike,bike,0.96667           0           0    0.033333
bike,bike,0.9           0    0.033333    0.066667
bike,bike,0.73333           0    0.033333     0.23333
bike,bike,0.76667           0    0.033333         0.2
bike,bike,0.76667           0    0.033333         0.2
bike,bike,0.73333           0    0.033333     0.23333
bike,bike,0.76667           0    0.033333         0.2
bike,bike,0.76667           0    0.033333         0.2
bike,bike,0.76667           0    0.033333         0.2
bike,bike,0.8           0           0         0.2
bike,bike,0.8           0           0         0.2
bike,bike,0.83333           0           0     0.16667
bike,bike,0.9           0    0.033333    0.066667
bike,bike,0.93333           0           0    0.066667
bike,bike,0.9           0    0.033333    0.066667
bike,bike,0.9           0    0.033333    0.066667
bike,bike,0.9           0    0.033333    0.066667
bike,bike,0.93333           0           0    0.066667
bike,bike,0.93333           0           0    0.066667
bike,bike,0.93333           0           0    0.066667
bike,bike,0.93333           0           0    0.066667
bike,bike,0.96667           0           0    0.033333
bike,bike,0.96667           0           0    0.033333
bike,bike,0.96667           0           0    0.033333
bike,bike,0.96667           0           0    0.033333
bike,bike,1  0  0  0
bike,bike,1  0  0  0
bike,bike,1  0  0  0
bike,bike,1  0  0  0
bike,bike,0.96667           0    0.033333           0
bike,bike,0.96667           0    0.033333           0
bike,bike,0.96667           0    0.033333           0
bike,bike,1  0  0  0
bike,bike,1  0  0  0
bike,bike,0.96667           0           0    0.033333
bike,bike,0.96667           0           0    0.033333
bike,bike,0.96667           0           0    0.033333
bike,bike,0.96667           0           0    0.033333
bike,bike,0.96667           0           0    0.033333
bike,bike,0.96667           0           0    0.033333
bike,bike,0.96667           0           0    0.033333
bike,bike,0.96667           0           0    0.033333
bike,bike,0.96667           0           0    0.033333
bike,bike,0.96667           0           0    0.033333
bike,bike,0.96667           0           0    0.033333
bike,bike,0.96667           0           0    0.033333
bike,bike,0.96667           0           0    0.033333
bike,bike,0.96667           0           0    0.033333
bike,bike,0.96667           0           0    0.033333
bike,bike,0.96667           0           0    0.033333
bike,bike,0.96667           0           0    0.033333
bike,bike,0.96667           0           0    0.033333
bike,bike,0.96667           0           0    0.033333
bike,bike,0.96667           0           0    0.033333
bike,bike,1  0  0  0
bike,bike,1  0  0  0
bike,bike,0.96667           0    0.033333           0
bike,bike,0.96667           0           0    0.033333
bike,bike,0.96667           0           0    0.033333
bike,bike,0.96667           0           0    0.033333
bike,bike,0.96667           0           0    0.033333
bike,bike,0.96667           0           0    0.033333
bike,bike,0.96667           0           0    0.033333
bike,bike,0.96667           0           0    0.033333
bike,bike,0.96667           0           0    0.033333
bike,bike,0.96667           0           0    0.033333
bike,bike,0.96667           0           0    0.033333
bike,bike,0.96667           0           0    0.033333
bike,bike,0.96667           0           0    0.033333
bike,bike,0.96667           0           0    0.033333
bike,bike,0.96667           0           0    0.033333
bike,bike,0.96667           0           0    0.033333
bike,bike,0.96667           0           0    0.033333
bike,bike,0.96667           0           0    0.033333
bike,bike,0.96667           0           0    0.033333
bike,bike,0.96667           0           0    0.033333
bike,bike,0.96667           0           0    0.033333
bike,bike,0.96667           0           0    0.033333
bike,bike,0.96667           0           0    0.033333
bike,bike,0.96667           0           0    0.033333
bike,bike,0.96667           0           0    0.033333
bike,bike,0.96667           0           0    0.033333
bike,bike,0.96667           0           0    0.033333
bike,bike,0.96667           0           0    0.033333
bike,bike,0.96667           0           0    0.033333
bike,bike,0.96667           0           0    0.033333
bike,bike,0.96667           0           0    0.033333
bike,bike,0.93333           0    0.033333    0.033333
bike,bike,0.93333           0    0.033333    0.033333
bike,bike,0.9    0.033333           0    0.066667
bike,bike,0.9    0.033333           0    0.066667
bike,bike,0.9    0.033333           0    0.066667
bike,bike,0.93333    0.033333           0    0.033333
bike,bike,0.93333    0.033333           0    0.033333
bike,bike,0.96667           0           0    0.033333
bike,bike,0.96667           0           0    0.033333
bike,bike,1  0  0  0
bike,bike,1  0  0  0
bike,bike,0.93333           0    0.033333    0.033333
bike,bike,0.93333           0    0.033333    0.033333
bike,bike,0.93333           0           0    0.066667
bike,bike,0.93333           0           0    0.066667
bike,bike,0.8           0    0.033333     0.16667
bike,bike,0.8           0    0.033333     0.16667
bike,bike,0.8           0    0.033333     0.16667
bike,bike,0.8           0    0.033333     0.16667
bike,bike,0.86667           0    0.033333         0.1
bike,bike,0.86667           0    0.033333         0.1
run,bike,0.36667         0.4    0.033333         0.2
bike,bike,0.66667     0.23333           0         0.1
bike,bike,0.96667           0    0.033333           0
bike,bike,1  0  0  0
bike,bike,1  0  0  0
bike,bike,1  0  0  0
bike,bike,1  0  0  0
bike,bike,1  0  0  0
bike,bike,1  0  0  0
bike,bike,1  0  0  0
bike,bike,1  0  0  0
bike,bike,1  0  0  0
bike,bike,1  0  0  0
bike,bike,1  0  0  0
bike,bike,1  0  0  0
bike,bike,0.96667           0    0.033333           0
bike,bike,0.96667           0    0.033333           0
bike,bike,0.96667           0    0.033333           0
bike,bike,1  0  0  0
bike,bike,1  0  0  0
bike,bike,1  0  0  0
bike,bike,1  0  0  0
bike,bike,1  0  0  0
bike,bike,1  0  0  0
bike,bike,1  0  0  0
bike,bike,1  0  0  0
bike,bike,1  0  0  0
bike,bike,1  0  0  0
bike,bike,1  0  0  0
bike,bike,1  0  0  0
bike,bike,1  0  0  0
bike,bike,1  0  0  0
bike,bike,1  0  0  0
bike,bike,1  0  0  0
bike,bike,1  0  0  0
bike,bike,1  0  0  0
bike,bike,1  0  0  0
bike,bike,1  0  0  0
bike,bike,1  0  0  0
bike,bike,1  0  0  0
bike,bike,1  0  0  0
bike,bike,1  0  0  0
bike,bike,1  0  0  0
bike,bike,1  0  0  0
bike,bike,1  0  0  0
bike,bike,1  0  0  0
bike,bike,1  0  0  0
bike,bike,1  0  0  0
bike,bike,1  0  0  0
bike,bike,1  0  0  0
bike,bike,1  0  0  0
bike,bike,1  0  0  0
bike,bike,1  0  0  0
bike,bike,1  0  0  0
bike,bike,1  0  0  0
bike,bike,1  0  0  0
bike,bike,1  0  0  0
bike,bike,1  0  0  0
bike,bike,1  0  0  0
bike,bike,0.93333    0.033333           0    0.033333
bike,bike,0.9    0.033333           0    0.066667
bike,bike,0.86667    0.033333           0         0.1
bike,bike,0.9    0.033333           0    0.066667
bike,bike,0.93333    0.033333           0    0.033333
bike,bike,0.93333    0.033333           0    0.033333
bike,bike,0.93333    0.033333           0    0.033333
bike,bike,0.93333    0.033333           0    0.033333
bike,bike,1  0  0  0
bike,bike,1  0  0  0
bike,bike,1  0  0  0
bike,bike,1  0  0  0
bike,bike,1  0  0  0
bike,bike,1  0  0  0
bike,bike,1  0  0  0
bike,bike,1  0  0  0
bike,bike,1  0  0  0
bike,bike,1  0  0  0
bike,transition,1  0  0  0
bike,transition,1  0  0  0
bike,transition,1  0  0  0
bike,transition,1  0  0  0
bike,transition,1  0  0  0
bike,transition,1  0  0  0
bike,transition,1  0  0  0
bike,transition,1  0  0  0
bike,transition,1  0  0  0
bike,transition,1  0  0  0
bike,transition,1  0  0  0
bike,transition,1  0  0  0
bike,transition,1  0  0  0
bike,transition,1  0  0  0
bike,transition,1  0  0  0
bike,transition,0.96667           0    0.033333           0
bike,transition,1  0  0  0
bike,transition,0.96667           0    0.033333           0
bike,transition,0.8           0         0.1         0.1
bike,transition,0.73333           0     0.16667         0.1
bike,transition,0.73333           0     0.13333     0.13333
bike,transition,0.73333           0     0.16667         0.1
bike,transition,0.86667           0    0.033333         0.1
bike,transition,0.86667           0    0.033333         0.1
bike,transition,0.83333           0    0.033333     0.13333
bike,transition,0.8           0         0.1         0.1
bike,transition,0.8           0    0.066667     0.13333
bike,transition,0.8           0         0.1         0.1
bike,transition,1  0  0  0
bike,transition,1  0  0  0
bike,transition,1  0  0  0
bike,transition,1  0  0  0
bike,transition,1  0  0  0
bike,transition,1  0  0  0
bike,transition,1  0  0  0
bike,transition,1  0  0  0
bike,transition,1  0  0  0
bike,transition,1  0  0  0
bike,transition,1  0  0  0
bike,transition,1  0  0  0
bike,transition,1  0  0  0
bike,transition,1  0  0  0
bike,transition,1  0  0  0
bike,transition,0.96667           0    0.033333           0
bike,transition,0.96667           0    0.033333           0
bike,transition,0.96667           0    0.033333           0
bike,transition,0.96667           0    0.033333           0
bike,transition,0.96667           0    0.033333           0
bike,transition,0.96667           0    0.033333           0
bike,transition,0.96667           0    0.033333           0
bike,transition,0.96667           0    0.033333           0
bike,transition,1  0  0  0
bike,transition,1  0  0  0
bike,transition,0.96667           0           0    0.033333
bike,transition,0.9           0    0.033333    0.066667
bike,transition,0.86667           0    0.033333         0.1
bike,transition,0.86667           0           0     0.13333
bike,transition,0.63333           0         0.1     0.26667
bike,transition,0.63333           0         0.1     0.26667
bike,transition,0.63333           0         0.1     0.26667
bike,transition,0.63333           0         0.1     0.26667
bike,transition,1  0  0  0
bike,transition,1  0  0  0
bike,transition,1  0  0  0
bike,transition,1  0  0  0
bike,transition,0.66667           0           0     0.33333
bike,transition,0.76667           0           0     0.23333
bike,transition,0.83333           0           0     0.16667
bike,transition,0.66667           0           0     0.33333
bike,transition,0.66667           0           0     0.33333
bike,transition,0.66667           0    0.066667     0.26667
bike,transition,0.92717           0   0.0019127     0.07092
transition,transition,0.23333           0    0.066667         0.7
transition,transition,0.13333           0     0.33333     0.53333
transition,transition,0.1           0     0.13333     0.76667
transition,transition,0.2697           0   0.0060606     0.72424
transition,transition,0           0         0.4         0.6
transition,transition,0.1           0         0.3         0.6
transition,transition,0.066667           0      0.3537     0.57963
swim,transition,0    0.033333     0.73333     0.23333
transition,transition,0           0     0.36667     0.63333
transition,transition,0.066667           0         0.2     0.73333
transition,transition,0           0         0.2         0.8
transition,transition,0.033333           0     0.30533     0.66133
transition,transition,0.066667           0     0.23333         0.7
transition,transition,0.066667           0     0.33333         0.6
transition,transition,0.0030303           0     0.37273     0.62424
transition,transition,0           0     0.43867     0.56133
bike,transition,0.39522           0     0.34636     0.25842
swim,transition,0.13333           0     0.73333     0.13333
swim,transition,0.1           0     0.76667     0.13333
swim,transition,0           0     0.73333     0.26667
transition,transition,0  0  0  1
transition,transition,0  0  0  1
transition,transition,0           0     0.16667     0.83333
transition,transition,0           0         0.4         0.6
swim,transition,0           0         0.7         0.3
swim,transition,0           0         0.9         0.1
swim,transition,0    0.033333         0.9    0.066667
swim,transition,0     0.16667     0.76667    0.066667
run,transition,0     0.86667         0.1    0.033333
run,transition,0     0.86667         0.1    0.033333
run,transition,0     0.93333    0.033333    0.033333
run,transition,0     0.96667           0    0.033333
run,transition,0     0.93333    0.066667           0
run,transition,0     0.93333    0.066667           0
run,transition,0     0.93333    0.066667           0
run,transition,0     0.93333    0.066667           0
run,transition,0     0.93333    0.066667           0
run,transition,0     0.93333    0.066667           0
run,transition,0     0.93333    0.066667           0
run,transition,0     0.93333    0.066667           0
run,transition,0     0.93333    0.066667           0
run,transition,0     0.93333    0.066667           0
run,transition,0     0.93333    0.066667           0
run,transition,0     0.93333    0.066667           0
run,transition,0     0.93333    0.066667           0
run,transition,0     0.93333    0.066667           0
run,transition,0     0.93333    0.066667           0
run,transition,0  1  0  0
run,transition,0  1  0  0
run,transition,0  1  0  0
run,transition,0  1  0  0
run,run,0  1  0  0
run,run,0  1  0  0
run,run,0  1  0  0
run,run,0  1  0  0
run,run,0  1  0  0
run,run,0  1  0  0
run,run,0  1  0  0
run,run,0  1  0  0
run,run,0  1  0  0
run,run,0  1  0  0
run,run,0  1  0  0
run,run,0  1  0  0
run,run,0  1  0  0
run,run,0  1  0  0
run,run,0  1  0  0
run,run,0  1  0  0
run,run,0  1  0  0
run,run,0  1  0  0
run,run,0  1  0  0
run,run,0  1  0  0
run,run,0  1  0  0
run,run,0  1  0  0
run,run,0  1  0  0
run,run,0  1  0  0
run,run,0  1  0  0
run,run,0  1  0  0
run,run,0  1  0  0
run,run,0  1  0  0
run,run,0  1  0  0
run,run,0  1  0  0
run,run,0  1  0  0
run,run,0  1  0  0
run,run,0  1  0  0
run,run,0  1  0  0
run,run,0  1  0  0
run,run,0  1  0  0
run,run,0  1  0  0
run,run,0  1  0  0
run,run,0  1  0  0
run,run,0  1  0  0
run,run,0  1  0  0
run,run,0  1  0  0
run,run,0  1  0  0
run,run,0  1  0  0
run,run,0  1  0  0
run,run,0  1  0  0
run,run,0  1  0  0
run,run,0  1  0  0
run,run,0  1  0  0
run,run,0  1  0  0
run,run,0  1  0  0
run,run,0  1  0  0
run,run,0  1  0  0
run,run,0  1  0  0
run,run,0  1  0  0
run,run,0  1  0  0
run,run,0  1  0  0
run,run,0  1  0  0
run,run,0  1  0  0
run,run,0  1  0  0
run,run,0  1  0  0
run,run,0  1  0  0
run,run,0  1  0  0
run,run,0  1  0  0
run,run,0  1  0  0
run,run,0  1  0  0
run,run,0  1  0  0
run,run,0  1  0  0
run,run,0  1  0  0
run,run,0  1  0  0
run,run,0  1  0  0
run,run,0  1  0  0
run,run,0  1  0  0
run,run,0  1  0  0
run,run,0  1  0  0
run,run,0  1  0  0
run,run,0  1  0  0
run,run,0  1  0  0
run,run,0  1  0  0
run,run,0  1  0  0
run,run,0  1  0  0
run,run,0  1  0  0
run,run,0  1  0  0
run,run,0  1  0  0
run,run,0  1  0  0
run,run,0  1  0  0
run,run,0  1  0  0
run,run,0  1  0  0
run,run,0  1  0  0
run,run,0  1  0  0
run,run,0  1  0  0
run,run,0  1  0  0
run,run,0  1  0  0
run,run,0  1  0  0
run,run,0  1  0  0
run,run,0  1  0  0
run,run,0  1  0  0
run,run,0  1  0  0
run,run,0  1  0  0
run,run,0  1  0  0
run,run,0  1  0  0
run,run,0  1  0  0
run,run,0  1  0  0
run,run,0  1  0  0
run,run,0  1  0  0
run,run,0  1  0  0
run,run,0  1  0  0
run,run,0  1  0  0
run,run,0  1  0  0
run,run,0  1  0  0
run,run,0  1  0  0
run,run,0  1  0  0
run,run,0  1  0  0
run,run,0  1  0  0
run,run,0  1  0  0
run,run,0  1  0  0
run,run,0  1  0  0
run,run,0  1  0  0
run,run,0  1  0  0
run,run,0  1  0  0
run,run,0  1  0  0
run,run,0  1  0  0
run,run,0  1  0  0
run,run,0  1  0  0
run,run,0  1  0  0
run,run,0  1  0  0
run,run,0  1  0  0
run,run,0  1  0  0
run,run,0  1  0  0
run,run,0  1  0  0
run,run,0  1  0  0
run,run,0  1  0  0
run,run,0  1  0  0
run,run,0  1  0  0
run,run,0  1  0  0
run,run,0  1  0  0
run,run,0  1  0  0
run,run,0  1  0  0
run,run,0  1  0  0
run,run,0  1  0  0
run,run,0  1  0  0
run,run,0  1  0  0
run,run,0  1  0  0
run,run,0  1  0  0
run,run,0  1  0  0
run,run,0  1  0  0
run,run,0  1  0  0
run,run,0  1  0  0
run,run,0  1  0  0
run,run,0  1  0  0
run,run,0  1  0  0
run,run,0  1  0  0
run,run,0  1  0  0
run,run,0  1  0  0
run,run,0  1  0  0
run,run,0  1  0  0
run,run,0  1  0  0
run,run,0  1  0  0
run,run,0  1  0  0
run,run,0  1  0  0
run,run,0  1  0  0
run,run,0  1  0  0
run,run,0  1  0  0
run,run,0  1  0  0
run,run,0  1  0  0
run,run,0  1  0  0
run,run,0  1  0  0
run,run,0  1  0  0
run,run,0  1  0  0
run,run,0  1  0  0
run,run,0  1  0  0
run,run,0  1  0  0
run,run,0  1  0  0
run,run,0  1  0  0
run,run,0  1  0  0
run,run,0  1  0  0
run,run,0  1  0  0
run,run,0  1  0  0
run,run,0  1  0  0
run,run,0  1  0  0
run,run,0  1  0  0
run,run,0  1  0  0
run,run,0  1  0  0
run,run,0  1  0  0
run,run,0  1  0  0
run,run,0  1  0  0
run,run,0  1  0  0
run,run,0  1  0  0
run,run,0  1  0  0
run,run,0  1  0  0
run,run,0  1  0  0
run,run,0  1  0  0
run,run,0  1  0  0
run,run,0  1  0  0
run,run,0  1  0  0
run,run,0  1  0  0
run,run,0     0.96667    0.033333           0
run,run,0     0.86667     0.13333           0
run,run,0     0.86667     0.13333           0
run,run,0         0.8     0.16667    0.033333
run,run,0     0.76667         0.2    0.033333
run,run,0  1  0  0
run,run,0     0.93333    0.066667           0
run,run,0         0.7     0.16667     0.13333
transition,run,0           0    0.033333     0.96667
transition,run,0           0         0.1         0.9
transition,run,0  0  0  1
transition,run,0  0  0  1
transition,run,0  0  0  1
swim,run,0           0         0.7         0.3
transition,run,0  0  0  1
transition,run,0  0  0  1
run,run,0     0.66667     0.33333           0
run,run,0  1  0  0
run,run,0  1  0  0
run,run,0  1  0  0
run,run,0  1  0  0
run,run,0  1  0  0
run,run,0  1  0  0
run,run,0  1  0  0
run,run,0  1  0  0
run,run,0  1  0  0
run,run,0  1  0  0
run,run,0  1  0  0
run,run,0  1  0  0
run,run,0  1  0  0
run,run,0  1  0  0
run,run,0  1  0  0
run,run,0  1  0  0
run,run,0  1  0  0
run,run,0  1  0  0
run,run,0  1  0  0
run,run,0  1  0  0
run,run,0  1  0  0
run,run,0  1  0  0
run,run,0  1  0  0
run,run,0  1  0  0
run,run,0  1  0  0
run,run,0  1  0  0
run,run,0  1  0  0
run,run,0  1  0  0
run,run,0  1  0  0
run,run,0  1  0  0
run,run,0  1  0  0
run,run,0  1  0  0
run,run,0  1  0  0
run,run,0  1  0  0
run,run,0  1  0  0
run,run,0  1  0  0
run,run,0  1  0  0
run,run,0  1  0  0
run,run,0  1  0  0
run,run,0  1  0  0
run,run,0  1  0  0
run,run,0  1  0  0
run,run,0  1  0  0
run,run,0  1  0  0
run,run,0  1  0  0
run,run,0  1  0  0
run,run,0  1  0  0
run,run,0  1  0  0
run,run,0  1  0  0
run,run,0  1  0  0
run,run,0  1  0  0
run,run,0  1  0  0
run,run,0  1  0  0
run,run,0  1  0  0
run,run,0  1  0  0
run,run,0  1  0  0
run,run,0  1  0  0
run,run,0  1  0  0
run,run,0  1  0  0
run,run,0  1  0  0
run,run,0  1  0  0
run,run,0  1  0  0
run,run,0  1  0  0
run,run,0  1  0  0
run,run,0  1  0  0
run,run,0  1  0  0
run,run,0  1  0  0
run,run,0  1  0  0
run,run,0  1  0  0
run,run,0  1  0  0
run,run,0  1  0  0
run,run,0  1  0  0
run,run,0  1  0  0
run,run,0  1  0  0
run,run,0  1  0  0
run,run,0  1  0  0
run,run,0  1  0  0
run,run,0  1  0  0
run,run,0  1  0  0
run,run,0  1  0  0
run,run,0  1  0  0
run,run,0  1  0  0
run,run,0  1  0  0
run,run,0  1  0  0
run,run,0  1  0  0
run,run,0  1  0  0
run,run,0  1  0  0
run,run,0  1  0  0
run,run,0  1  0  0
run,run,0  1  0  0
run,run,0  1  0  0
run,run,0  1  0  0
run,run,0  1  0  0
run,run,0  1  0  0
run,run,0  1  0  0
run,run,0  1  0  0
run,run,0  1  0  0
run,run,0  1  0  0
run,run,0  1  0  0
run,run,0  1  0  0
run,run,0  1  0  0
run,run,0  1  0  0
run,run,0  1  0  0
run,run,0  1  0  0
run,run,0  1  0  0
run,run,0  1  0  0
run,run,0  1  0  0
run,run,0  1  0  0
run,run,0  1  0  0
run,run,0  1  0  0
run,run,0  1  0  0
run,run,0  1  0  0
run,run,0  1  0  0
run,run,0  1  0  0
run,run,0  1  0  0
run,run,0  1  0  0
run,run,0  1  0  0
run,run,0  1  0  0
run,run,0  1  0  0
run,run,0  1  0  0
run,run,0  1  0  0
run,run,0  1  0  0
run,run,0  1  0  0
run,run,0  1  0  0
run,run,0  1  0  0
run,run,0  1  0  0
run,run,0  1  0  0
run,run,0  1  0  0
run,run,0  1  0  0
run,run,0  1  0  0
run,run,0  1  0  0
run,run,0  1  0  0
run,run,0  1  0  0
run,run,0  1  0  0
run,run,0  1  0  0
run,run,0  1  0  0
run,run,0  1  0  0
run,run,0  1  0  0
run,run,0  1  0  0
run,run,0  1  0  0
run,run,0  1  0  0
run,run,0  1  0  0
run,run,0  1  0  0
run,run,0  1  0  0
run,run,0  1  0  0
run,run,0  1  0  0
run,run,0  1  0  0
run,run,0  1  0  0
run,run,0  1  0  0
run,run,0  1  0  0
run,run,0  1  0  0
run,run,0  1  0  0
run,run,0  1  0  0
run,run,0  1  0  0
run,run,0  1  0  0
run,run,0  1  0  0
run,run,0  1  0  0
run,run,0  1  0  0
run,run,0  1  0  0
run,run,0  1  0  0
run,run,0  1  0  0
run,run,0  1  0  0
run,run,0  1  0  0
run,run,0  1  0  0
run,run,0  1  0  0
run,run,0  1  0  0
run,run,0  1  0  0
run,run,0  1  0  0
run,run,0  1  0  0
run,run,0  1  0  0
run,run,0  1  0  0
run,run,0  1  0  0
run,run,0  1  0  0
run,run,0  1  0  0
run,run,0  1  0  0
run,run,0  1  0  0
run,run,0     0.93333    0.066667           0
run,run,0     0.93333    0.066667           0
run,run,0     0.93333    0.066667           0
run,run,0     0.93333    0.066667           0
run,run,0     0.93333    0.066667           0
run,run,0     0.93333    0.066667           0
run,run,0     0.93333    0.066667           0
run,run,0  1  0  0
run,run,0  1  0  0
run,run,0  1  0  0
run,run,0  1  0  0
run,run,0  1  0  0
run,run,0  1  0  0
run,run,0  1  0  0
run,run,0  1  0  0
run,run,0  1  0  0
run,run,0  1  0  0
run,run,0  1  0  0
run,run,0  1  0  0
run,run,0  1  0  0
run,run,0  1  0  0
run,run,0  1  0  0
run,run,0  1  0  0
run,run,0  1  0  0
run,run,0  1  0  0
run,run,0  1  0  0
run,run,0  1  0  0
run,run,0  1  0  0
run,run,0  1  0  0
run,run,0  1  0  0
run,run,0  1  0  0
run,run,0  1  0  0
run,run,0  1  0  0
run,run,0  1  0  0
run,run,0  1  0  0
run,run,0  1  0  0
run,run,0  1  0  0
run,run,0  1  0  0
run,run,0  1  0  0
run,run,0  1  0  0
run,run,0  1  0  0
run,run,0  1  0  0
run,run,0  1  0  0
run,run,0  1  0  0
run,run,0  1  0  0
run,run,0  1  0  0
run,run,0  1  0  0
run,run,0  1  0  0
run,run,0  1  0  0
run,run,0  1  0  0
run,run,0  1  0  0
run,run,0  1  0  0
run,run,0  1  0  0
run,run,0  1  0  0
run,run,0  1  0  0
run,run,0  1  0  0
run,run,0  1  0  0
run,run,0  1  0  0
run,run,0  1  0  0
run,run,0  1  0  0
run,run,0  1  0  0
run,run,0  1  0  0
run,run,0  1  0  0
run,run,0  1  0  0
run,run,0  1  0  0
run,run,0  1  0  0
run,run,0  1  0  0
run,run,0  1  0  0
run,run,0  1  0  0
run,run,0  1  0  0
run,run,0  1  0  0
run,run,0  1  0  0
run,run,0  1  0  0
run,run,0  1  0  0
run,run,0  1  0  0
run,run,0  1  0  0
run,run,0  1  0  0
run,run,0  1  0  0
run,run,0  1  0  0
run,run,0  1  0  0
run,run,0  1  0  0
run,run,0  1  0  0
run,run,0  1  0  0
run,run,0  1  0  0
run,run,0  1  0  0
run,run,0  1  0  0
run,run,0  1  0  0
run,run,0  1  0  0
run,run,0  1  0  0
run,run,0  1  0  0
run,run,0  1  0  0
run,run,0  1  0  0
run,run,0  1  0  0
run,run,0  1  0  0
run,run,0  1  0  0
run,run,0  1  0  0
run,run,0  1  0  0
run,run,0  1  0  0
run,run,0  1  0  0
run,run,0  1  0  0
run,run,0  1  0  0
run,run,0  1  0  0
run,run,0  1  0  0
run,run,0  1  0  0
run,run,0  1  0  0
run,run,0  1  0  0
run,run,0  1  0  0
run,run,0  1  0  0
run,run,0  1  0  0
run,run,0  1  0  0
run,run,0  1  0  0
run,run,0  1  0  0
run,run,0  1  0  0
run,run,0  1  0  0
run,run,0  1  0  0
run,run,0  1  0  0
run,run,0  1  0  0
run,run,0  1  0  0
run,run,0  1  0  0
run,run,0  1  0  0
run,run,0  1  0  0
run,run,0  1  0  0
run,run,0  1  0  0
run,run,0  1  0  0
run,run,0  1  0  0
run,run,0  1  0  0
run,run,0  1  0  0
run,run,0  1  0  0
run,run,0  1  0  0
run,run,0  1  0  0
run,run,0  1  0  0
run,run,0  1  0  0
run,run,0  1  0  0
run,run,0  1  0  0
run,run,0  1  0  0
run,run,0  1  0  0
run,run,0  1  0  0
run,run,0  1  0  0
run,run,0  1  0  0
run,run,0  1  0  0
run,run,0  1  0  0
run,run,0  1  0  0
run,run,0  1  0  0
run,run,0  1  0  0
run,run,0  1  0  0
run,run,0  1  0  0
run,run,0  1  0  0
run,run,0  1  0  0
run,run,0  1  0  0
run,run,0  1  0  0
run,run,0  1  0  0
run,run,0  1  0  0
run,run,0  1  0  0
run,run,0  1  0  0
run,run,0  1  0  0
run,run,0  1  0  0
run,run,0  1  0  0
run,run,0  1  0  0
run,run,0  1  0  0
run,run,0  1  0  0
run,run,0  1  0  0
run,run,0  1  0  0
run,run,0  1  0  0
run,run,0  1  0  0
run,run,0  1  0  0
run,run,0  1  0  0
run,run,0  1  0  0
run,run,0  1  0  0
run,run,0  1  0  0
run,run,0  1  0  0
run,run,0  1  0  0
run,run,0  1  0  0
run,run,0  1  0  0
run,run,0  1  0  0
run,run,0  1  0  0
run,run,0  1  0  0
run,run,0  1  0  0
run,run,0  1  0  0
run,run,0  1  0  0
run,run,0  1  0  0
run,run,0  1  0  0
run,run,0  1  0  0
run,run,0  1  0  0
run,run,0  1  0  0
run,run,0  1  0  0
run,run,0  1  0  0
run,run,0  1  0  0
run,run,0  1  0  0
run,run,0  1  0  0
run,run,0  1  0  0
run,run,0  1  0  0
run,run,0  1  0  0
run,run,0  1  0  0
run,run,0  1  0  0
run,run,0  1  0  0
run,run,0  1  0  0
run,run,0  1  0  0
run,run,0  1  0  0
run,run,0  1  0  0
run,run,0  1  0  0
run,run,0  1  0  0
run,run,0  1  0  0
run,run,0  1  0  0
run,run,0  1  0  0
run,run,0  1  0  0
run,run,0  1  0  0
run,run,0  1  0  0
run,run,0  1  0  0
run,run,0  1  0  0
run,run,0  1  0  0
run,run,0  1  0  0
run,run,0  1  0  0
run,run,0  1  0  0
run,run,0  1  0  0
run,run,0  1  0  0
run,run,0  1  0  0
run,run,0  1  0  0
run,run,0  1  0  0
run,run,0  1  0  0
run,run,0  1  0  0
run,run,0  1  0  0
run,run,0  1  0  0
run,run,0  1  0  0
run,run,0  1  0  0
run,run,0  1  0  0
run,run,0  1  0  0
run,run,0  1  0  0
run,run,0  1  0  0
run,run,0  1  0  0
run,run,0  1  0  0
run,run,0  1  0  0
run,run,0  1  0  0
run,run,0  1  0  0
run,run,0  1  0  0
run,run,0  1  0  0
run,run,0  1  0  0
run,run,0  1  0  0
run,run,0  1  0  0
run,run,0  1  0  0
run,run,0  1  0  0
run,run,0  1  0  0
run,run,0  1  0  0
run,run,0  1  0  0
run,run,0  1  0  0
run,run,0  1  0  0
run,run,0  1  0  0
run,run,0  1  0  0
run,run,0  1  0  0
run,run,0  1  0  0
run,run,0  1  0  0
run,run,0  1  0  0
run,run,0  1  0  0
run,run,0  1  0  0
run,run,0  1  0  0
run,run,0  1  0  0
run,run,0  1  0  0
run,run,0  1  0  0
run,run,0  1  0  0
run,run,0  1  0  0
run,run,0  1  0  0
run,run,0  1  0  0
run,run,0  1  0  0
run,run,0  1  0  0
run,run,0  1  0  0
run,run,0  1  0  0
run,run,0  1  0  0
run,run,0  1  0  0
run,run,0  1  0  0
run,run,0  1  0  0
run,run,0  1  0  0
run,run,0  1  0  0
run,run,0  1  0  0
run,run,0  1  0  0
run,run,0  1  0  0
run,run,0  1  0  0
run,run,0  1  0  0
run,run,0  1  0  0
run,run,0  1  0  0
run,run,0  1  0  0
run,run,0  1  0  0
run,run,0  1  0  0
run,run,0  1  0  0
run,run,0  1  0  0
run,run,0  1  0  0
run,run,0  1  0  0
run,run,0  1  0  0
run,run,0  1  0  0
run,run,0  1  0  0
run,run,0  1  0  0
run,run,0  1  0  0
run,run,0  1  0  0
run,run,0  1  0  0
run,run,0  1  0  0
run,run,0  1  0  0
run,run,0  1  0  0
run,run,0  1  0  0
run,run,0  1  0  0
run,run,0  1  0  0
run,run,0  1  0  0
run,run,0  1  0  0
run,run,0  1  0  0
run,run,0  1  0  0
run,run,0  1  0  0
run,run,0  1  0  0
run,run,0  1  0  0
run,run,0  1  0  0
run,run,0  1  0  0
run,run,0  1  0  0
run,run,0  1  0  0
run,run,0  1  0  0
run,run,0  1  0  0
run,run,0  1  0  0
run,run,0  1  0  0
run,run,0  1  0  0
run,run,0  1  0  0
run,run,0  1  0  0
run,run,0  1  0  0
run,run,0  1  0  0
run,run,0  1  0  0
run,run,0  1  0  0
run,run,0  1  0  0
run,run,0  1  0  0
run,run,0  1  0  0
run,run,0  1  0  0
run,run,0  1  0  0
run,run,0  1  0  0
run,run,0  1  0  0
run,run,0  1  0  0
run,run,0  1  0  0
run,run,0  1  0  0
run,run,0     0.93333    0.066667           0
run,run,0     0.93333    0.066667           0
run,run,0     0.93333    0.066667           0
run,run,0     0.93333    0.066667           0
run,run,0  1  0  0
run,run,0  1  0  0
run,run,0  1  0  0
run,run,0  1  0  0
run,run,0  1  0  0
run,run,0  1  0  0
run,run,0  1  0  0
run,run,0  1  0  0
run,run,0  1  0  0
run,run,0  1  0  0
run,run,0  1  0  0
run,run,0  1  0  0
run,run,0  1  0  0
run,run,0  1  0  0
run,run,0  1  0  0
run,run,0  1  0  0
run,run,0  1  0  0
run,run,0  1  0  0
run,run,0  1  0  0
run,run,0  1  0  0
run,run,0  1  0  0
run,run,0  1  0  0
run,run,0  1  0  0
run,run,0  1  0  0
run,run,0  1  0  0
run,run,0  1  0  0
run,run,0  1  0  0
run,run,0  1  0  0
run,run,0  1  0  0
run,run,0  1  0  0
run,run,0  1  0  0
run,run,0  1  0  0
run,run,0     0.93333    0.066667           0
run,run,0     0.93333    0.066667           0
run,run,0     0.93333    0.066667           0
run,run,0     0.93333    0.066667           0
run,run,0     0.93333    0.066667           0
run,run,0     0.93333    0.066667           0
run,run,0  1  0  0
run,run,0  1  0  0
run,run,0  1  0  0
run,run,0  1  0  0
run,run,0  1  0  0
run,run,0  1  0  0
run,run,0  1  0  0
run,run,0  1  0  0
run,run,0  1  0  0
run,run,0  1  0  0
run,run,0  1  0  0
run,run,0  1  0  0
run,run,0  1  0  0
run,run,0  1  0  0
run,run,0  1  0  0
run,run,0  1  0  0
run,run,0  1  0  0
run,run,0  1  0  0
run,run,0  1  0  0
run,run,0  1  0  0
run,run,0  1  0  0
run,run,0  1  0  0
run,run,0  1  0  0
run,run,0  1  0  0
run,run,0  1  0  0
run,run,0  1  0  0
run,run,0  1  0  0
run,run,0  1  0  0
run,run,0  1  0  0
run,run,0  1  0  0
run,run,0  1  0  0
run,run,0  1  0  0
run,run,0  1  0  0
run,run,0  1  0  0
run,run,0  1  0  0
run,run,0  1  0  0
run,run,0  1  0  0
run,run,0  1  0  0
run,run,0  1  0  0
run,run,0  1  0  0
run,run,0  1  0  0
run,run,0  1  0  0
run,run,0  1  0  0
run,run,0  1  0  0
run,run,0  1  0  0
run,run,0  1  0  0
run,run,0  1  0  0
run,run,0  1  0  0
run,run,0  1  0  0
run,run,0  1  0  0
run,run,0  1  0  0
run,run,0  1  0  0
run,run,0  1  0  0
run,run,0  1  0  0
run,run,0  1  0  0
run,run,0  1  0  0
run,run,0  1  0  0
run,run,0  1  0  0
run,run,0  1  0  0
run,run,0  1  0  0
run,run,0  1  0  0
run,run,0  1  0  0
run,run,0  1  0  0
run,run,0  1  0  0
run,run,0  1  0  0
run,run,0  1  0  0
run,run,0  1  0  0
run,run,0  1  0  0
run,run,0  1  0  0
run,run,0  1  0  0
run,run,0  1  0  0
run,run,0  1  0  0
run,run,0  1  0  0
run,run,0  1  0  0
run,run,0  1  0  0
run,run,0  1  0  0
run,run,0  1  0  0
run,run,0  1  0  0
run,run,0  1  0  0
run,run,0  1  0  0
run,run,0  1  0  0
run,run,0  1  0  0
run,run,0  1  0  0
run,run,0  1  0  0
run,run,0  1  0  0
run,run,0  1  0  0
run,run,0  1  0  0
run,run,0  1  0  0
run,run,0  1  0  0
run,run,0  1  0  0
run,run,0  1  0  0
run,run,0  1  0  0
run,run,0  1  0  0
run,run,0  1  0  0
run,run,0  1  0  0
run,run,0  1  0  0
run,run,0  1  0  0
run,run,0  1  0  0
run,run,0  1  0  0
run,run,0  1  0  0
run,run,0  1  0  0
run,run,0  1  0  0
run,run,0  1  0  0
run,run,0  1  0  0
run,run,0  1  0  0
run,run,0  1  0  0
run,run,0  1  0  0
run,run,0  1  0  0
run,run,0  1  0  0
run,run,0  1  0  0
run,run,0  1  0  0
run,run,0  1  0  0
run,run,0  1  0  0
run,run,0  1  0  0
run,run,0  1  0  0
run,run,0  1  0  0
run,run,0  1  0  0
run,run,0  1  0  0
run,run,0  1  0  0
run,run,0  1  0  0
run,run,0  1  0  0
run,run,0  1  0  0
run,run,0  1  0  0
run,run,0  1  0  0
run,run,0  1  0  0
run,run,0  1  0  0
run,run,0  1  0  0
run,run,0  1  0  0
run,run,0  1  0  0
run,run,0  1  0  0
run,run,0  1  0  0
run,run,0  1  0  0
run,run,0  1  0  0
run,run,0  1  0  0
run,run,0  1  0  0
run,run,0  1  0  0
run,run,0  1  0  0
run,run,0  1  0  0
run,run,0  1  0  0
run,run,0  1  0  0
run,run,0  1  0  0
run,run,0  1  0  0
run,run,0  1  0  0
run,run,0  1  0  0
run,run,0  1  0  0
run,run,0  1  0  0
run,run,0  1  0  0
run,run,0  1  0  0
run,run,0  1  0  0
run,run,0  1  0  0
run,run,0  1  0  0
run,run,0  1  0  0
run,run,0  1  0  0
run,run,0  1  0  0
run,run,0  1  0  0
run,run,0  1  0  0
run,run,0  1  0  0
run,run,0  1  0  0
run,run,0  1  0  0
run,run,0  1  0  0
run,run,0  1  0  0
run,run,0  1  0  0
run,run,0  1  0  0
run,run,0  1  0  0
run,run,0  1  0  0
run,run,0  1  0  0
run,run,0  1  0  0
run,run,0  1  0  0
run,run,0  1  0  0
run,run,0  1  0  0
run,run,0  1  0  0
run,run,0  1  0  0
run,run,0  1  0  0
run,run,0  1  0  0
run,run,0  1  0  0
run,run,0  1  0  0
run,run,0  1  0  0
run,run,0  1  0  0
run,run,0  1  0  0
run,run,0  1  0  0
run,run,0  1  0  0
run,run,0  1  0  0
run,run,0  1  0  0
run,run,0  1  0  0
run,run,0  1  0  0
run,run,0     0.96667    0.033333           0
run,run,0  1  0  0
run,run,0  1  0  0
run,run,0  1  0  0
run,run,0  1  0  0
run,run,0  1  0  0
run,run,0  1  0  0
run,run,0  1  0  0
run,run,0  1  0  0
run,run,0  1  0  0
run,run,0  1  0  0
run,run,0  1  0  0
run,run,0  1  0  0
run,run,0  1  0  0
run,run,0  1  0  0
run,run,0  1  0  0
run,run,0  1  0  0
run,run,0  1  0  0
run,run,0  1  0  0
run,run,0  1  0  0
run,run,0  1  0  0
run,run,0  1  0  0
run,run,0  1  0  0
run,run,0  1  0  0
run,run,0  1  0  0
run,run,0  1  0  0
run,run,0  1  0  0
run,run,0  1  0  0
run,run,0  1  0  0
run,run,0  1  0  0
run,run,0  1  0  0
run,run,0  1  0  0
run,run,0  1  0  0
run,run,0  1  0  0
run,run,0  1  0  0
run,run,0  1  0  0
run,run,0  1  0  0
run,run,0  1  0  0
run,run,0  1  0  0
run,run,0  1  0  0
run,run,0  1  0  0
run,run,0  1  0  0
run,run,0  1  0  0
run,run,0  1  0  0
run,run,0  1  0  0
run,run,0  1  0  0
run,run,0  1  0  0
run,run,0  1  0  0
run,run,0  1  0  0
run,run,0  1  0  0
run,run,0  1  0  0
run,run,0  1  0  0
run,run,0  1  0  0
run,run,0  1  0  0
run,run,0  1  0  0
run,run,0  1  0  0
run,run,0  1  0  0
run,run,0  1  0  0
run,run,0  1  0  0
run,run,0  1  0  0
run,run,0  1  0  0
run,run,0  1  0  0
run,run,0  1  0  0
run,run,0  1  0  0
run,run,0  1  0  0
run,run,0  1  0  0
run,run,0  1  0  0
run,run,0  1  0  0
run,run,0  1  0  0
run,run,0  1  0  0
run,run,0  1  0  0
run,run,0  1  0  0
run,run,0  1  0  0
run,run,0  1  0  0
run,run,0  1  0  0
run,run,0  1  0  0
run,run,0  1  0  0
run,run,0  1  0  0
run,run,0  1  0  0
run,run,0  1  0  0
run,run,0  1  0  0
run,run,0  1  0  0
run,run,0  1  0  0
run,run,0  1  0  0
run,run,0  1  0  0
run,run,0  1  0  0
run,run,0  1  0  0
run,run,0  1  0  0
run,run,0  1  0  0
run,run,0  1  0  0
run,run,0  1  0  0
run,run,0  1  0  0
run,run,0  1  0  0
run,run,0  1  0  0
run,run,0  1  0  0
run,run,0  1  0  0
run,run,0  1  0  0
run,run,0  1  0  0
run,run,0  1  0  0
run,run,0  1  0  0
run,run,0  1  0  0
run,run,0  1  0  0
run,run,0  1  0  0
run,run,0  1  0  0
run,run,0  1  0  0
run,run,0  1  0  0
run,run,0  1  0  0
run,run,0  1  0  0
run,run,0  1  0  0
run,run,0  1  0  0
run,run,0  1  0  0
run,run,0  1  0  0
run,run,0  1  0  0
run,run,0  1  0  0
run,run,0  1  0  0
run,run,0  1  0  0
run,run,0  1  0  0
run,run,0  1  0  0
run,run,0  1  0  0
run,run,0  1  0  0
run,run,0  1  0  0
run,run,0  1  0  0
run,run,0  1  0  0
run,run,0  1  0  0
run,run,0  1  0  0
run,run,0  1  0  0
run,run,0  1  0  0
run,run,0  1  0  0
run,run,0  1  0  0
run,run,0  1  0  0
run,run,0  1  0  0
run,run,0  1  0  0
run,run,0  1  0  0
run,run,0  1  0  0
run,run,0  1  0  0
run,run,0  1  0  0
run,run,0  1  0  0
run,run,0  1  0  0
run,run,0  1  0  0
run,run,0  1  0  0
run,run,0  1  0  0
run,run,0  1  0  0
run,run,0  1  0  0
run,run,0  1  0  0
run,run,0  1  0  0
run,run,0  1  0  0
run,run,0  1  0  0
run,run,0  1  0  0
run,run,0  1  0  0
run,run,0  1  0  0
run,run,0  1  0  0
run,run,0  1  0  0
run,run,0  1  0  0
run,run,0  1  0  0
run,run,0  1  0  0
run,run,0  1  0  0
run,run,0  1  0  0
run,run,0  1  0  0
run,run,0  1  0  0
run,run,0  1  0  0
run,run,0  1  0  0
run,run,0  1  0  0
run,run,0  1  0  0
run,run,0  1  0  0
run,run,0  1  0  0
run,run,0  1  0  0
run,run,0  1  0  0
run,run,0  1  0  0
run,run,0  1  0  0
run,run,0  1  0  0
run,run,0  1  0  0
run,run,0  1  0  0
run,run,0  1  0  0
run,run,0  1  0  0
run,run,0  1  0  0
run,run,0  1  0  0
run,run,0  1  0  0
run,run,0  1  0  0
run,run,0  1  0  0
run,run,0  1  0  0
run,run,0  1  0  0
run,run,0  1  0  0
run,run,0  1  0  0
run,run,0  1  0  0
run,run,0  1  0  0
run,run,0  1  0  0
run,run,0  1  0  0
run,run,0  1  0  0
run,run,0  1  0  0
run,run,0  1  0  0
run,run,0  1  0  0
run,run,0  1  0  0
run,run,0  1  0  0
run,run,0  1  0  0
run,run,0  1  0  0
run,run,0  1  0  0
run,run,0  1  0  0
run,run,0  1  0  0
run,run,0  1  0  0
run,run,0  1  0  0
run,run,0  1  0  0
run,run,0  1  0  0
run,run,0  1  0  0
run,run,0  1  0  0
run,run,0  1  0  0
run,run,0  1  0  0
run,run,0  1  0  0
run,run,0  1  0  0
run,run,0  1  0  0
run,run,0  1  0  0
run,run,0  1  0  0
run,run,0  1  0  0
run,run,0  1  0  0
run,run,0  1  0  0
run,run,0  1  0  0
run,run,0  1  0  0
run,run,0  1  0  0
run,run,0  1  0  0
run,run,0  1  0  0
run,run,0  1  0  0
run,run,0  1  0  0
run,run,0  1  0  0
run,run,0  1  0  0
run,run,0  1  0  0
run,run,0  1  0  0
run,run,0  1  0  0
run,run,0  1  0  0
run,run,0  1  0  0
run,run,0  1  0  0
run,run,0  1  0  0
run,run,0  1  0  0
run,run,0  1  0  0
run,run,0  1  0  0
run,run,0  1  0  0
run,run,0  1  0  0
run,run,0  1  0  0
run,run,0  1  0  0
run,run,0  1  0  0
run,run,0  1  0  0
run,run,0  1  0  0
run,run,0  1  0  0
run,run,0  1  0  0
run,run,0  1  0  0
run,run,0  1  0  0
run,run,0  1  0  0
run,run,0  1  0  0
run,run,0  1  0  0
run,run,0  1  0  0
run,run,0  1  0  0
run,run,0  1  0  0
run,run,0  1  0  0
run,run,0  1  0  0
run,run,0  1  0  0
run,run,0  1  0  0
run,run,0  1  0  0
run,run,0  1  0  0
run,run,0  1  0  0
run,run,0  1  0  0
run,run,0  1  0  0
run,run,0  1  0  0
run,run,0  1  0  0
run,run,0  1  0  0
run,run,0  1  0  0
run,run,0  1  0  0
run,run,0  1  0  0
run,run,0  1  0  0
run,run,0  1  0  0
run,run,0  1  0  0
run,run,0  1  0  0
run,run,0  1  0  0
run,run,0  1  0  0
run,run,0  1  0  0
run,run,0  1  0  0
run,run,0  1  0  0
run,run,0  1  0  0
run,run,0  1  0  0
run,run,0  1  0  0
run,run,0  1  0  0
run,run,0  1  0  0
run,run,0  1  0  0
run,run,0  1  0  0
run,run,0  1  0  0
run,run,0  1  0  0
run,run,0  1  0  0
run,run,0  1  0  0
run,run,0  1  0  0
run,run,0  1  0  0
run,run,0  1  0  0
run,run,0  1  0  0
run,run,0  1  0  0
run,run,0  1  0  0
run,run,0  1  0  0
run,run,0  1  0  0
run,run,0  1  0  0
run,run,0  1  0  0
run,run,0  1  0  0
run,run,0  1  0  0
run,run,0  1  0  0
run,run,0  1  0  0
run,run,0  1  0  0
run,run,0  1  0  0
run,run,0  1  0  0
run,run,0  1  0  0
run,run,0  1  0  0
run,run,0  1  0  0
run,run,0  1  0  0
run,run,0  1  0  0
run,run,0  1  0  0
run,run,0  1  0  0
run,run,0  1  0  0
run,run,0  1  0  0
run,run,0  1  0  0
run,run,0  1  0  0
run,run,0  1  0  0
run,run,0  1  0  0
run,run,0  1  0  0
run,run,0  1  0  0
run,run,0  1  0  0
run,run,0  1  0  0
run,run,0  1  0  0
run,run,0  1  0  0
run,run,0  1  0  0
run,run,0  1  0  0
run,run,0  1  0  0
run,run,0  1  0  0
run,run,0  1  0  0
run,run,0  1  0  0
run,run,0  1  0  0
run,run,0  1  0  0
run,run,0  1  0  0
run,run,0  1  0  0
run,run,0  1  0  0
run,run,0  1  0  0
run,run,0  1  0  0
run,run,0  1  0  0
run,run,0  1  0  0
run,run,0  1  0  0
run,run,0  1  0  0
run,run,0  1  0  0
run,run,0  1  0  0
run,run,0  1  0  0
run,run,0  1  0  0
run,run,0  1  0  0
run,run,0  1  0  0
run,run,0  1  0  0
run,run,0  1  0  0
run,run,0  1  0  0
run,run,0  1  0  0
run,run,0  1  0  0
run,run,0  1  0  0
run,run,0  1  0  0
run,run,0  1  0  0
run,run,0  1  0  0
run,run,0  1  0  0
run,run,0  1  0  0
run,run,0  1  0  0
run,run,0  1  0  0
run,run,0  1  0  0
run,run,0  1  0  0
run,run,0  1  0  0
run,run,0  1  0  0
run,run,0  1  0  0
run,run,0  1  0  0
run,run,0  1  0  0
run,run,0  1  0  0
run,run,0  1  0  0
run,run,0  1  0  0
run,run,0  1  0  0
run,run,0  1  0  0
run,run,0  1  0  0
run,run,0  1  0  0
run,run,0  1  0  0
run,run,0  1  0  0
run,run,0  1  0  0
run,run,0  1  0  0
run,run,0  1  0  0
run,run,0  1  0  0
run,run,0  1  0  0
run,run,0  1  0  0
run,run,0  1  0  0
run,run,0  1  0  0
run,run,0  1  0  0
run,run,0  1  0  0
run,run,0  1  0  0
run,run,0  1  0  0
run,run,0  1  0  0
run,run,0  1  0  0
run,run,0  1  0  0
run,run,0  1  0  0
run,run,0  1  0  0
run,run,0  1  0  0
run,run,0  1  0  0
run,run,0  1  0  0
run,run,0  1  0  0
run,run,0  1  0  0
run,run,0  1  0  0
run,run,0  1  0  0
run,run,0  1  0  0
run,run,0  1  0  0
run,run,0  1  0  0
run,run,0  1  0  0
run,run,0  1  0  0
run,run,0  1  0  0
run,run,0  1  0  0
run,run,0  1  0  0
run,run,0  1  0  0
run,run,0  1  0  0
run,run,0  1  0  0
run,run,0  1  0  0
run,run,0  1  0  0
run,run,0  1  0  0
run,run,0  1  0  0
run,run,0  1  0  0
run,run,0  1  0  0
run,run,0  1  0  0
run,run,0  1  0  0
run,run,0  1  0  0
run,run,0  1  0  0
run,run,0  1  0  0
run,run,0  1  0  0
run,run,0  1  0  0
run,run,0  1  0  0
run,run,0  1  0  0
run,run,0  1  0  0
run,run,0  1  0  0
run,run,0  1  0  0
run,run,0  1  0  0
run,run,0  1  0  0
run,run,0  1  0  0
run,run,0  1  0  0
run,run,0  1  0  0
run,run,0  1  0  0
run,run,0  1  0  0
run,run,0  1  0  0
run,run,0  1  0  0
run,run,0  1  0  0
run,run,0  1  0  0
run,run,0  1  0  0
run,run,0  1  0  0
run,run,0  1  0  0
run,run,0  1  0  0
run,run,0  1  0  0
run,run,0  1  0  0
run,run,0  1  0  0
run,run,0  1  0  0
run,run,0  1  0  0
run,run,0  1  0  0
run,run,0  1  0  0
run,run,0  1  0  0
run,run,0  1  0  0
run,run,0  1  0  0
run,run,0  1  0  0
run,run,0  1  0  0
run,run,0  1  0  0
run,run,0  1  0  0
run,run,0  1  0  0
run,run,0  1  0  0
run,run,0  1  0  0
run,run,0  1  0  0
run,run,0  1  0  0
run,run,0  1  0  0
run,run,0  1  0  0
run,run,0  1  0  0
run,run,0  1  0  0
run,run,0  1  0  0
run,run,0  1  0  0
run,run,0  1  0  0
run,run,0  1  0  0
run,run,0  1  0  0
run,run,0  1  0  0
run,run,0  1  0  0
run,run,0  1  0  0
run,run,0  1  0  0
run,run,0  1  0  0
run,run,0  1  0  0
run,run,0  1  0  0
run,run,0  1  0  0
run,run,0  1  0  0
run,run,0  1  0  0
run,run,0  1  0  0
run,run,0  1  0  0
run,run,0  1  0  0
run,run,0  1  0  0
run,run,0  1  0  0
run,run,0  1  0  0
run,run,0  1  0  0
run,run,0  1  0  0
run,run,0  1  0  0
run,run,0  1  0  0
run,run,0  1  0  0
run,run,0  1  0  0
run,run,0  1  0  0
run,run,0  1  0  0
run,run,0  1  0  0
run,run,0  1  0  0
run,run,0  1  0  0
run,run,0  1  0  0
run,run,0  1  0  0
run,run,0  1  0  0
run,run,0  1  0  0
run,run,0  1  0  0
run,run,0  1  0  0
run,run,0  1  0  0
run,run,0  1  0  0
run,run,0  1  0  0
run,run,0  1  0  0
run,run,0  1  0  0
run,run,0  1  0  0
run,run,0  1  0  0
run,run,0  1  0  0
run,run,0  1  0  0
run,run,0  1  0  0
run,run,0  1  0  0
run,run,0  1  0  0
run,run,0  1  0  0
run,run,0  1  0  0
run,run,0  1  0  0
run,run,0  1  0  0
run,run,0  1  0  0
run,run,0  1  0  0
run,run,0  1  0  0
run,run,0  1  0  0
run,run,0  1  0  0
run,run,0  1  0  0
run,run,0  1  0  0
run,run,0  1  0  0
run,run,0  1  0  0
run,run,0  1  0  0
run,run,0  1  0  0
run,run,0  1  0  0
run,run,0  1  0  0
run,run,0  1  0  0
run,run,0  1  0  0
run,run,0  1  0  0
run,run,0  1  0  0
run,run,0  1  0  0
run,run,0  1  0  0
run,run,0  1  0  0
run,run,0  1  0  0
run,run,0  1  0  0
run,run,0  1  0  0
run,run,0  1  0  0
run,run,0  1  0  0
run,run,0  1  0  0
run,run,0  1  0  0
run,run,0  1  0  0
run,run,0  1  0  0
run,run,0  1  0  0
run,run,0  1  0  0
run,run,0  1  0  0
run,run,0  1  0  0
run,run,0  1  0  0
run,run,0  1  0  0
run,run,0  1  0  0
run,run,0  1  0  0
run,run,0  1  0  0
run,run,0  1  0  0
run,run,0  1  0  0
run,run,0  1  0  0
run,run,0  1  0  0
run,run,0  1  0  0
run,run,0     0.93333    0.066667           0
run,run,0     0.93333    0.066667           0
run,run,0     0.93333    0.066667           0
run,run,0     0.93333    0.066667           0
run,run,0     0.93333    0.066667           0
run,run,0     0.93333    0.066667           0
run,run,0     0.93333    0.066667           0
run,run,0     0.93333    0.066667           0
run,run,0     0.93333    0.066667           0
run,run,0     0.93333    0.066667           0
run,run,0     0.93333    0.066667           0
run,run,0     0.93333    0.066667           0
run,run,0     0.93333    0.066667           0
run,run,0     0.93333    0.066667           0
run,run,0     0.93333    0.066667           0
run,run,0     0.93333    0.066667           0
run,run,0     0.93333    0.066667           0
run,run,0     0.93333    0.066667           0
run,run,0     0.93333    0.066667           0
run,run,0     0.93333    0.066667           0
run,run,0     0.93333    0.066667           0
run,run,0     0.93333    0.066667           0
run,run,0     0.93333    0.066667           0
run,run,0     0.93333    0.066667           0
run,run,0     0.93333    0.066667           0
run,run,0     0.93333    0.066667           0
run,run,0  1  0  0
run,run,0  1  0  0
run,run,0  1  0  0
run,run,0  1  0  0
run,run,0  1  0  0
run,run,0  1  0  0
run,run,0  1  0  0
run,run,0  1  0  0
run,run,0  1  0  0
run,run,0  1  0  0
run,run,0  1  0  0
run,run,0  1  0  0
run,run,0  1  0  0
run,run,0  1  0  0
run,run,0  1  0  0
run,run,0  1  0  0
run,run,0  1  0  0
run,run,0  1  0  0
run,run,0  1  0  0
run,run,0  1  0  0
run,run,0  1  0  0
run,run,0  1  0  0
run,run,0  1  0  0
run,run,0  1  0  0
run,run,0  1  0  0
run,run,0  1  0  0
run,run,0  1  0  0
run,run,0  1  0  0
run,run,0  1  0  0
run,run,0  1  0  0
run,run,0  1  0  0
run,run,0  1  0  0
run,run,0  1  0  0
run,run,0  1  0  0
run,run,0  1  0  0
run,run,0  1  0  0
run,run,0  1  0  0
run,run,0  1  0  0
run,run,0  1  0  0
run,run,0  1  0  0
run,run,0  1  0  0
run,run,0  1  0  0
run,run,0  1  0  0
run,run,0  1  0  0
run,run,0  1  0  0
run,run,0  1  0  0
run,run,0  1  0  0
run,run,0  1  0  0
run,run,0  1  0  0
run,run,0  1  0  0
run,run,0  1  0  0
run,run,0  1  0  0
run,run,0  1  0  0
run,run,0  1  0  0
run,run,0  1  0  0
run,run,0  1  0  0
run,run,0  1  0  0
run,run,0  1  0  0
run,run,0  1  0  0
run,run,0  1  0  0
run,run,0  1  0  0
run,run,0  1  0  0
run,run,0  1  0  0
run,run,0  1  0  0
run,run,0  1  0  0
run,run,0  1  0  0
run,run,0  1  0  0
run,run,0  1  0  0
run,run,0  1  0  0
run,run,0  1  0  0
run,run,0  1  0  0
run,run,0  1  0  0
run,run,0  1  0  0
run,run,0  1  0  0
run,run,0  1  0  0
run,run,0  1  0  0
run,run,0  1  0  0
run,run,0  1  0  0
run,run,0  1  0  0
run,run,0  1  0  0
run,run,0  1  0  0
run,run,0  1  0  0
run,run,0  1  0  0
run,run,0  1  0  0
run,run,0  1  0  0
run,run,0  1  0  0
run,run,0  1  0  0
run,run,0  1  0  0
run,run,0  1  0  0
run,run,0  1  0  0
run,run,0  1  0  0
run,run,0  1  0  0
run,run,0  1  0  0
run,run,0  1  0  0
run,run,0  1  0  0
run,run,0  1  0  0
run,run,0  1  0  0
run,run,0  1  0  0
run,run,0  1  0  0
run,run,0  1  0  0
run,run,0  1  0  0
run,run,0  1  0  0
run,run,0  1  0  0
run,run,0  1  0  0
run,run,0  1  0  0
run,run,0  1  0  0
run,run,0  1  0  0
run,run,0  1  0  0
run,run,0  1  0  0
run,run,0  1  0  0
run,run,0  1  0  0
run,run,0  1  0  0
run,run,0  1  0  0
run,run,0  1  0  0
run,run,0  1  0  0
run,run,0  1  0  0
run,run,0  1  0  0
run,run,0  1  0  0
run,run,0  1  0  0
run,run,0  1  0  0
run,run,0  1  0  0
run,run,0  1  0  0
run,run,0  1  0  0
run,run,0  1  0  0
run,run,0  1  0  0
run,run,0  1  0  0
run,run,0  1  0  0
run,run,0  1  0  0
run,run,0  1  0  0
run,run,0  1  0  0
run,run,0  1  0  0
run,run,0  1  0  0
run,run,0  1  0  0
run,run,0  1  0  0
run,run,0  1  0  0
run,run,0  1  0  0
run,run,0  1  0  0
run,run,0  1  0  0
run,run,0  1  0  0
run,run,0  1  0  0
run,run,0  1  0  0
run,run,0  1  0  0
run,run,0  1  0  0
run,run,0  1  0  0
run,run,0  1  0  0
run,run,0  1  0  0
run,run,0  1  0  0
run,run,0  1  0  0
run,run,0     0.93333    0.066667           0
run,run,0     0.93333    0.066667           0
run,run,0     0.93333    0.066667           0
run,run,0     0.93333    0.066667           0
run,run,0  1  0  0
run,run,0  1  0  0
run,run,0  1  0  0
run,run,0  1  0  0
run,run,0  1  0  0
run,run,0  1  0  0
run,run,0  1  0  0
run,run,0  1  0  0
run,run,0  1  0  0
run,run,0  1  0  0
run,run,0  1  0  0
run,run,0  1  0  0
run,run,0  1  0  0
run,run,0  1  0  0
run,run,0  1  0  0
run,run,0  1  0  0
run,run,0  1  0  0
run,run,0  1  0  0
run,run,0  1  0  0
run,run,0  1  0  0
run,run,0  1  0  0
run,run,0  1  0  0
run,run,0  1  0  0
run,run,0  1  0  0
run,run,0  1  0  0
run,run,0  1  0  0
run,run,0  1  0  0
run,run,0  1  0  0
run,run,0  1  0  0
run,run,0  1  0  0
run,run,0  1  0  0
run,run,0  1  0  0
run,run,0  1  0  0
run,run,0  1  0  0
run,run,0  1  0  0
run,run,0  1  0  0
run,run,0  1  0  0
run,run,0  1  0  0
run,run,0  1  0  0
run,run,0  1  0  0
run,run,0  1  0  0
run,run,0  1  0  0
run,run,0  1  0  0
run,run,0  1  0  0
run,run,0  1  0  0
run,run,0  1  0  0
run,run,0  1  0  0
run,run,0  1  0  0
run,run,0  1  0  0
run,run,0  1  0  0
run,run,0  1  0  0
run,run,0  1  0  0
run,run,0  1  0  0
run,run,0  1  0  0
run,run,0  1  0  0
run,run,0  1  0  0
run,run,0  1  0  0
run,run,0  1  0  0
run,run,0  1  0  0
run,run,0  1  0  0
run,run,0  1  0  0
run,run,0  1  0  0
run,run,0  1  0  0
run,run,0  1  0  0
run,run,0  1  0  0
run,run,0  1  0  0
run,run,0  1  0  0
run,run,0  1  0  0
run,run,0  1  0  0
run,run,0  1  0  0
run,run,0  1  0  0
run,run,0  1  0  0
run,run,0  1  0  0
run,run,0  1  0  0
run,run,0  1  0  0
run,run,0  1  0  0
run,run,0  1  0  0
run,run,0  1  0  0
run,run,0  1  0  0
run,run,0  1  0  0
run,run,0  1  0  0
run,run,0  1  0  0
run,run,0  1  0  0
run,run,0  1  0  0
run,run,0  1  0  0
run,run,0  1  0  0
run,run,0  1  0  0
run,run,0  1  0  0
run,run,0  1  0  0
run,run,0  1  0  0
run,run,0  1  0  0
run,run,0  1  0  0
run,run,0  1  0  0
run,run,0  1  0  0
run,run,0  1  0  0
run,run,0  1  0  0
run,run,0  1  0  0
run,run,0  1  0  0
run,run,0  1  0  0
run,run,0  1  0  0
run,run,0  1  0  0
run,run,0  1  0  0
run,run,0  1  0  0
run,run,0  1  0  0
run,run,0  1  0  0
run,run,0  1  0  0
run,run,0  1  0  0
run,run,0  1  0  0
run,run,0  1  0  0
run,run,0  1  0  0
run,run,0  1  0  0
run,run,0  1  0  0
run,run,0  1  0  0
run,run,0  1  0  0
run,run,0  1  0  0
run,run,0  1  0  0
run,run,0  1  0  0
run,run,0  1  0  0
run,run,0  1  0  0
run,run,0  1  0  0
run,run,0  1  0  0
run,run,0  1  0  0
run,run,0  1  0  0
run,run,0  1  0  0
run,run,0  1  0  0
run,run,0  1  0  0
run,run,0  1  0  0
run,run,0  1  0  0
run,run,0  1  0  0
run,run,0  1  0  0
run,run,0  1  0  0
run,run,0  1  0  0
run,run,0  1  0  0
run,run,0  1  0  0
run,run,0  1  0  0
run,run,0  1  0  0
run,run,0  1  0  0
run,run,0  1  0  0
run,run,0  1  0  0
run,run,0  1  0  0
run,run,0  1  0  0
run,run,0  1  0  0
run,run,0  1  0  0
run,run,0  1  0  0
run,run,0  1  0  0
run,run,0  1  0  0
run,run,0  1  0  0
run,run,0  1  0  0
run,run,0  1  0  0
run,run,0  1  0  0
run,run,0  1  0  0
run,run,0  1  0  0
run,run,0  1  0  0
run,run,0  1  0  0
run,run,0  1  0  0
run,run,0  1  0  0
run,run,0  1  0  0
run,run,0  1  0  0
run,run,0  1  0  0
run,run,0  1  0  0
run,run,0  1  0  0
run,run,0  1  0  0
run,run,0  1  0  0
run,run,0  1  0  0
run,run,0  1  0  0
run,run,0  1  0  0
run,run,0  1  0  0
run,run,0  1  0  0
run,run,0  1  0  0
run,run,0  1  0  0
run,run,0  1  0  0
run,run,0  1  0  0
run,run,0  1  0  0
run,run,0  1  0  0
run,run,0  1  0  0
run,run,0  1  0  0
run,run,0  1  0  0
run,run,0  1  0  0
run,run,0  1  0  0
run,run,0  1  0  0
run,run,0  1  0  0
run,run,0  1  0  0
run,run,0  1  0  0
run,run,0  1  0  0
run,run,0  1  0  0
run,run,0  1  0  0
run,run,0  1  0  0
run,run,0  1  0  0
run,run,0  1  0  0
run,run,0  1  0  0
run,run,0  1  0  0
run,run,0  1  0  0
run,run,0  1  0  0
run,run,0  1  0  0
run,run,0  1  0  0
run,run,0  1  0  0
run,run,0  1  0  0
run,run,0  1  0  0
run,run,0  1  0  0
run,run,0  1  0  0
run,run,0  1  0  0
run,run,0  1  0  0
run,run,0  1  0  0
run,run,0  1  0  0
run,run,0  1  0  0
run,run,0  1  0  0
run,run,0  1  0  0
run,run,0  1  0  0
run,run,0  1  0  0
run,run,0  1  0  0
run,run,0  1  0  0
run,run,0  1  0  0
run,run,0  1  0  0
run,run,0  1  0  0
run,run,0  1  0  0
run,run,0  1  0  0
run,run,0  1  0  0
run,run,0  1  0  0
run,run,0  1  0  0
run,run,0  1  0  0
run,run,0  1  0  0
run,run,0  1  0  0
run,run,0  1  0  0
run,run,0  1  0  0
run,run,0  1  0  0
run,run,0  1  0  0
run,run,0  1  0  0
run,run,0  1  0  0
run,run,0  1  0  0
run,run,0     0.86667         0.1    0.033333
run,run,0     0.86667         0.1    0.033333
run,run,0         0.9    0.066667    0.033333
run,run,0         0.9    0.066667    0.033333
run,run,0     0.83333     0.13333    0.033333
run,run,0     0.86667     0.13333           0
run,run,0     0.73333     0.23333    0.033333
run,run,0     0.83333         0.1    0.066667
swim,transition,0           0         0.6         0.4
run,run,0         0.8         0.1         0.1
transition,transition,0           0     0.23333     0.76667
swim,transition,0.033333           0     0.66667         0.3
swim,transition,0.033333           0     0.63333     0.33333
swim,transition,0.13333           0         0.6     0.26667
bike,transition,0.53864           0     0.10076     0.36061
bike,transition,0.58212           0     0.14305     0.27482
transition,transition,0.21339           0     0.31175     0.47486
swim,transition,0.033333           0     0.66667         0.3
swim,transition,0           0     0.66667     0.33333
swim,transition,0           0     0.66667     0.33333
swim,transition,0           0     0.73333     0.26667
transition,transition,0           0     0.43704     0.56296
swim,transition,0.066667           0     0.63039     0.30294
transition,transition,0           0    0.033333     0.96667
transition,transition,0           0    0.033333     0.96667
transition,transition,0           0    0.033333     0.96667
transition,transition,0  0  0  1
transition,transition,0  0  0  1
transition,transition,0  0  0  1
transition,transition,0  0  0  1
transition,transition,0           0    0.033333     0.96667
transition,transition,0           0    0.033333     0.96667
transition,transition,0           0    0.066667     0.93333
transition,transition,0.033333           0     0.33333     0.63333
transition,transition,0.13333           0         0.2     0.66667
bike,transition,0.76667           0    0.033333         0.2
transition,transition,0.066667           0     0.26667     0.66667
bike,transition,0.66667           0         0.1     0.23333
bike,transition,0.56189           0     0.11302     0.32509
transition,transition,0.1           0         0.3         0.6
transition,transition,0.16667     0.13333     0.23333     0.46667
transition,transition,0           0     0.23333     0.76667
transition,transition,0           0     0.26667     0.73333
swim,transition,0.033333           0         0.8     0.16667
swim,transition,0.033333           0         0.6     0.36667
swim,transition,0.066667           0     0.66667     0.26667
swim,transition,0.066667           0     0.76667     0.16667
swim,transition,0.1           0         0.7         0.2
swim,transition,0.2           0     0.66667     0.13333
bike,transition,0.89383           0    0.068579    0.037586
swim,transition,0.033333           0     0.63333     0.33333
transition,transition,0.1    0.033333    0.066667         0.8
swim,transition,0.033333           0     0.66667         0.3
swim,transition,0           0     0.59007     0.40993
transition,transition,0           0    0.066667     0.93333
transition,transition,0           0         0.2         0.8
transition,transition,0           0     0.16667     0.83333
transition,transition,0  0  0  1
transition,transition,0  0  0  1
transition,transition,0  0  0  1
transition,transition,0  0  0  1
transition,transition,0  0  0  1
transition,transition,0  0  0  1
transition,transition,0           0    0.033333     0.96667
transition,transition,0           0     0.16667     0.83333
transition,transition,0           0    0.033333     0.96667
transition,transition,0           0         0.4         0.6
swim,transition,0.033333           0     0.66667         0.3
swim,transition,0           0     0.66667     0.33333
swim,transition,0           0     0.83039     0.16961
bike,transition,0.96667           0    0.033333           0
bike,transition,1  0  0  0
bike,transition,1  0  0  0
bike,transition,1  0  0  0
bike,transition,0.96667           0           0    0.033333
bike,transition,0.96667           0           0    0.033333
bike,transition,1  0  0  0
bike,transition,1  0  0  0
bike,transition,1  0  0  0
bike,transition,1  0  0  0
bike,transition,1  0  0  0
bike,transition,1  0  0  0
bike,transition,1  0  0  0
bike,transition,1  0  0  0
bike,transition,1  0  0  0
bike,transition,0.96667           0           0    0.033333
bike,transition,0.86667           0    0.033333         0.1
bike,transition,0.86667           0    0.033333         0.1
bike,transition,0.96667           0           0    0.033333
bike,transition,0.76667           0    0.066667     0.16667
bike,transition,0.96667           0           0    0.033333
bike,transition,0.99383           0   0.0019127   0.0042529
bike,transition,0.90495           0   0.0074682    0.087586
transition,transition,0.1           0     0.13333     0.76667
transition,transition,0.1           0     0.26667     0.63333
transition,transition,0           0     0.13333     0.86667
transition,transition,0           0     0.16667     0.83333
transition,transition,0           0     0.23333     0.76667
transition,transition,0           0         0.2         0.8
transition,transition,0           0         0.1         0.9
transition,transition,0.13333           0     0.26667         0.6
transition,transition,0.23333           0     0.16667         0.6
transition,transition,0           0    0.033333     0.96667
swim,transition,0.1           0     0.63333     0.26667
transition,transition,0.066667           0         0.2     0.73333
transition,transition,0    0.033333     0.36667         0.6
transition,transition,0.2697           0   0.0060606     0.72424
bike,transition,0.76667           0     0.13333         0.1
bike,transition,0.76667           0     0.13333         0.1
bike,transition,0.73333           0     0.16667         0.1
bike,transition,0.66667           0         0.2     0.13333
bike,transition,0.7           0         0.2         0.1
