time,rmsAx,rmsAy,rmsAz,rmsGx,rmsGy,rmsGz,meanAx,meanAy,meanAz,meanGx,meanGy,meanGz,stddevAx,stddevAy,stddevAz,stddevGx,stddevGy,stddevGz,mediAx,mediAy,mediAz,mediGx,mediGy,mediGz,avgdisAx,stddisAx,avgampAx,stdampAx,avgdisAy,stddisAy,avgampAy,stdampAy,avgdisAz,stddisAz,avgampAz,stdampAz,avgdisGx,stddisGx,avgampGx,stdampGx,avgdisGy,stddisGy,avgampGy,stdampGy,avgdisGz,stddisGz,avgampGz,stdampGz,skewAx,skewAy,skewAz,skewGx,skewGy,skewGz,kurtAx,kurtAy,kurtAz,kurtGx,kurtGy,kurtGz
"['44012.34607', '44015.03009']",0.104470617,0.095431165,0.105016146,1.552361939,0.972428472,0.843390622,0.020744444,0.015577778,-0.020222222,-0.525131111,-0.189587778,0.305624444,0.102963941,0.094678618,0.103628048,1.469027965,0.959111391,0.790470842,0.00365,-0.00275,-0.00075,-0.01705,0.02155,0.01285,4,1.414213562,0.044845,0.100741318,5,1.732050808,0.034935294,0.103740264,5,1.732050808,-0.00843125,0.092873999,5,3.16227766,0.010182353,0.097706501,5,2.236067977,0.1242,0.222955987,6,3.16227766,0.241738462,0.777465575,0.447246609,2.920413647,-3.389160094,-3.341946977,-3.006362204,2.1754498,3.148971539,10.92783433,12.1878235,11.16249392,8.14904515,3.629550075
"['44013.2508', '44015.93484']",0.141933462,0.137658484,0.179879408,1.683264842,1.17002637,1.006804817,0.064048889,0.00482,0.03478,-0.58755,-0.07986,0.381864444,0.12736995,0.138344803,0.177473713,1.586229001,1.173837306,0.93679584,0.01235,-0.0067,0.00495,-0.0617,0.05265,0.028,4,2.236067977,0.092961111,0.13575958,5,1.732050808,0.060011765,0.208183987,5,1.732050808,0.047127778,0.166010151,5,3,0.019182353,0.801251371,7,6.403124237,0.533346154,0.516790037,7,3.872983346,0.403388889,0.925808762,0.038817483,2.364547181,0.131570446,-2.3071966,-1.898905297,1.204894886,0.756918308,8.298401416,2.567685684,7.460991923,3.253738093,0.774640383
"['44014.15552', '44016.83955']",0.237463348,0.298270335,0.306261958,2.563842509,1.577276899,1.911320086,0.114554444,0.083875556,-0.029372222,-0.736313333,-0.041382222,0.830752222,0.209170402,0.287837883,0.306558083,2.469594421,1.585567256,1.730978711,0.1186,0.0008,0.0105,-0.41405,0.3286,0.43615,5,2.236067977,0.203746667,0.262122991,5,1.414213562,0.211094118,0.402611176,5,1.732050808,0.04258125,0.311031182,6,3.464101615,0.623835714,1.711480671,6,6.633249581,1.136125,0.677629486,11,7.416198487,1.5798625,2.495623085,1.167630112,1.912765946,-0.216482413,-1.466929772,-0.978206247,0.457992241,3.625108555,5.247710786,-0.562796429,4.417909226,0.316592839,0.300989309
"['44015.06027', '44017.74428']",0.772499351,0.830850088,0.516695169,2.382276933,2.061660815,3.132757654,0.177535556,0.19338,0.008194444,-0.427087778,-0.026917778,-0.194888889,0.756033957,0.812559031,0.519524495,2.356810708,2.07303411,3.144206363,0.14335,-0.01495,0.04795,-0.35265,0.42515,0.09865,6,2.236067977,0.547684615,1.233404153,5,1,0.594594118,1.282703206,5,2.236067977,0.139866667,0.475366928,6,2.645751311,0.89275,1.661262389,6,6.92820323,1.128158333,2.148215001,10,8,1.730925,2.603820749,1.598491743,2.120528226,0.164892596,-1.686020035,-0.021093962,-1.005052833,10.22446778,6.207818026,0.172101433,5.95752643,-0.351804578,1.371547428
"['44015.96498', '44018.64901']",1.104556787,1.109354351,0.662306663,2.752884086,2.77043853,3.787767578,0.281544444,0.287628889,0.034487778,-0.572455556,0.192371111,-0.228566667,1.074055937,1.077420467,0.665113523,2.707791273,2.779234941,3.80204653,0.33765,0.04935,-0.05205,-0.40135,0.16625,0.6378,6,2,0.913373333,1.442012159,6,2.645751311,1.165142857,1.644911748,7,3.16227766,0.338641667,0.703464442,5,2.645751311,1.199526667,1.831859936,8,7,1.836509091,3.267451391,7,4.582575695,2.031690909,2.605505443,0.299397528,1.41841683,0.267167158,-1.631570488,0.185380811,-0.691709651,2.232684648,2.090079333,-0.557553864,4.937721364,-0.970525704,-0.219800875
"['44016.86971', '44019.55375']",1.715568359,1.703633343,1.263329031,4.210656785,4.666610639,4.681669591,0.581616667,0.232037778,0.265168889,-0.504703333,0.4752,-0.454743333,1.623011199,1.697212696,1.242106371,4.203718872,4.668360614,4.685636047,0.64645,0.04935,0.1958,-0.4563,-0.3175,-0.17295,6,2,2.13564,2.323168219,6,2.449489743,1.4939,2.131222839,7,3.16227766,1.525572727,1.094057203,4,1,1.937235294,3.237356218,6,2.449489743,4.442025,6.409747378,6,3,3.522733333,3.206705489,0.975720062,-0.358266559,-0.175928434,-0.566029169,0.529088183,-0.438308523,4.456976796,1.920863021,1.201137908,3.311475079,1.120666332,-0.451673374
"['44017.77443', '44020.45852']",1.820334197,1.854278304,1.285147469,4.716693574,4.840352839,4.62149445,0.612765556,0.32236,0.284254444,-0.318238889,0.698366667,-0.143266667,1.723701748,1.836272744,1.260338408,4.732309465,4.816540981,4.645151762,0.59415,0.3203,0.23855,-0.40135,0.5792,-0.0297,6,2.236067977,2.406553333,2.28876612,6,2.828427125,1.851446154,2.132376569,7,3.605551275,1.486958333,1.046321862,4,2.236067977,2.288288889,3.756169293,6,3.16227766,4.491515385,6.197591392,6,2,3.400885714,3.681205437,0.838123716,-0.344056727,-0.208484274,-0.563036245,0.372106733,-0.359164015,3.380243875,0.946898324,1.047896599,1.901344128,0.677154184,-0.47364281
"['44018.67916', '44021.36324']",1.923080688,1.924911431,1.333771855,5.004279603,5.053541124,4.707329403,0.67121,0.333305556,0.366456667,-0.562975556,0.747958889,-0.253914444,1.812238303,1.906456293,1.289626366,5.000369153,5.025882655,4.726809719,0.54965,0.25605,0.29675,-0.37675,1.03275,-0.2489,6,2.236067977,2.759106667,2.398172618,6,2.828427125,1.687953333,2.229336287,5,2.645751311,1.3937,0.985394759,5,2.236067977,2.682747059,3.719820466,5,3.16227766,4.747907143,5.729085577,6,2.236067977,3.057142857,4.213860472,0.915340587,-0.182501152,-0.339923039,-0.697588832,0.280700401,-0.323707514,2.914737235,0.725156354,0.815351609,2.064988367,0.269565734,-0.573811162
"['44019.5839', '44022.26797']",1.743087325,1.831573293,0.890977757,3.689081639,3.717926527,4.447955933,0.505596667,0.576532222,0.243666667,-1.000775556,0.511128889,-0.312767778,1.677495756,1.748207491,0.861812258,3.570634675,3.703255845,4.461802864,0.54965,-0.19655,0.23285,-0.6608,0.66645,-0.1403,5,1.732050808,2.162606667,2.281901031,6,3.31662479,2.186215385,2.299447384,5,2.828427125,0.872733333,0.66525198,5,1.732050808,1.5062625,2.902729566,5,3.464101615,3.1934,3.003918096,6,3.741657387,2.199671429,4.002516142,0.640673189,0.825256464,-0.156866053,-1.163811906,-0.097988054,-0.151850606,1.108324524,-0.495614558,-0.745817694,5.136285301,-1.052903772,-0.781931755
"['44020.48867', '44023.1727']",1.788708338,1.86889466,0.838054894,3.029775506,3.507660491,4.502841208,0.334085556,0.5716,0.309253333,-1.199682222,0.447205556,-0.504381111,1.767076531,1.789305502,0.783272122,2.797726197,3.498526236,4.499570614,0.7104,-0.3011,0.2925,-0.9494,1.2666,-0.0706,5,1.414213562,1.70990625,2.439103092,5,2.236067977,1.75924375,2.484986383,5,2,0.906706667,0.648128337,6,1.732050808,0.723073333,2.139658087,5,2.645751311,2.529835294,3.127009811,6,4.123105626,1.785923077,3.773113021,0.240215999,1.030920535,-0.22989345,-2.104701764,-0.206575408,-0.222093826,0.821210361,-0.389826144,-0.507249631,10.46831848,-0.955242078,-0.820649631
"['44021.39339', '44024.07741']",1.767228646,1.976654511,0.862885868,2.460140963,3.116434189,4.678172284,0.32482,0.533365556,0.350598889,-1.118484444,0.36342,-0.208332222,1.746852756,1.913998055,0.792866508,2.203459357,3.11251175,4.699713623,0.72595,-0.4386,0.36985,-0.86695,1.2829,-0.13045,5,1,1.64946875,2.313846122,5,2,2.072271429,2.687920043,7,1.732050808,0.903433333,0.73632358,6,2.645751311,0.788242857,1.929821717,5,1.732050808,2.023155556,3.165864119,7,5.656854249,2.304090909,4.213119421,0.145541848,1.036288053,-0.143294345,-0.281043287,-0.373991017,0.031420241,0.376053418,-0.389340091,-0.164929849,-0.698843303,-1.111471453,-0.737073956
"['44022.29812', '44024.98215']",1.931687025,2.003365123,0.958234872,2.8546487,3.450920407,4.449688721,0.309017778,0.508548889,0.419344444,-1.006162222,0.050054444,-0.533276667,1.917492071,1.948599284,0.866432617,2.686418422,3.469888382,4.442366403,0.7065,-0.46365,0.4581,-0.5427,1.02275,-0.93475,5,1,1.784670588,2.650767658,5,2,1.88245,2.734378355,6,2,0.983023077,0.929676701,5,2.645751311,0.867625,1.708679379,4,1,1.70135,4.006049859,7,5.291502622,1.695125,4.719644232,0.669348671,1.114889647,-0.053492176,-1.76440682,-0.062189819,0.248088309,1.507715668,-0.151842958,1.406113861,5.08281782,-0.86481776,-0.586239829
"['44023.20285', '44025.88691']",1.899055482,2.010750349,1.062287116,2.93885918,3.477872476,4.498857033,0.445368889,0.494031111,0.417752222,-1.007771111,0.254536667,-0.436372222,1.856435043,1.960034741,0.982168718,2.776134569,3.487977303,4.502728823,0.84195,-0.46365,0.49135,-0.3193,0.9575,-0.93555,5,1.414213562,2.16434375,2.585937511,6,2.449489743,2.368285714,2.781995642,5,2.236067977,1.037407143,0.929154461,5,2.236067977,1.303914286,1.104054854,4,1,1.992577778,3.939101068,7,5.099019514,1.621608333,5.425416586,0.980062495,1.201197315,-0.233807361,-1.735807876,-0.145702403,0.352908913,1.72667554,0.086805284,0.674919625,4.362570205,-0.812203641,-0.60799359
"['44024.10756', '44026.79164']",2.028736173,2.156211794,1.122738878,3.193180258,3.424894044,4.630982907,0.555711111,0.657315556,0.379311111,-1.17974,0.25026,-0.377537778,1.962072986,2.065083453,1.062644096,2.983880349,3.434874388,4.641425721,0.881,-0.24615,0.3649,-0.43345,0.64635,-0.75575,5,2.645751311,2.440553333,2.50645156,6,2.645751311,2.880864286,2.72766296,6,3.16227766,1.159753846,0.974102769,5,2,0.693358824,1.695246589,4,1.414213562,1.874483333,3.926529995,7,4.358898944,1.841416667,5.198424389,0.832356764,1.009349605,-0.058356874,-1.555313389,-0.06338713,0.193205166,0.996601708,-0.28490026,0.138937883,3.081611119,-0.739336298,-0.595380925
"['44025.01234', '44027.69637']",1.853765342,2.102252656,1.083301142,2.870134895,3.114788562,4.628766145,0.345285556,0.539748889,0.380162222,-1.174346667,0.276603333,-0.579412222,1.831528325,2.043164441,1.020088256,2.63356165,3.119863606,4.6180863,0.81955,-0.3566,0.3862,-0.62115,0.93945,-0.80305,5,2.645751311,2.388128571,2.088851097,6,2.449489743,2.846061538,2.955896622,9,2.828427125,1.26507,0.85314589,5,1.732050808,0.301470588,2.174349311,4,1.414213562,1.983670588,3.248696972,6,3,2.340272727,5.292196016,0.457912752,1.241580564,-0.070409429,-1.05208206,-0.249903418,0.222058802,-0.055975451,0.65028806,-0.243702352,0.923804909,-1.128705639,-0.484163603
"['44025.91706', '44028.60109']",1.81335471,2.16299428,1.06306418,2.758631983,2.992689465,4.505720034,0.420115556,0.52349,0.400584444,-1.12676,0.35931,-0.37443,1.773900167,2.11044812,0.990218338,2.532134173,2.987685945,4.515290337,0.79635,-0.36495,0.39445,-0.79615,0.93945,-0.41165,5,3,2.14884375,1.99552761,6,2.645751311,2.986946154,3.087181916,9,3.16227766,1.34939,0.81554786,4,1,0.178533333,2.215460335,5,2,2.116875,3.238648252,6,3.464101615,1.7821,5.125418351,0.301909187,1.280500913,0.016743986,-1.108537101,-0.188800795,0.178327263,-0.288573642,0.696189153,-0.430351711,1.376635148,-1.002165883,-0.447278191
"['44026.8218', '44029.50583']",1.608278929,2.034888445,1.029647827,2.708267202,2.973655387,4.205744072,0.212452222,0.519493333,0.24071,-0.962282222,-0.127827778,-0.56446,1.603115874,1.978481966,1.006724586,2.545728246,2.987550531,4.191041984,0.3586,-0.22735,0.3534,-0.88085,-0.20475,-0.2811,5,2,1.58218125,1.886715131,6,2,2.719692857,3.117076247,8,3.464101615,1.19183,0.695018499,4,1.414213562,0.484577778,2.733403429,5,2,1.967482353,3.108492785,5,2.828427125,0.73995625,4.732137283,0.202160875,1.497662452,-0.375881688,-0.489392103,0.09041248,0.056953009,-0.562693782,1.596066877,0.288517295,0.827165688,-1.088510299,-0.602055455
"['44027.72652', '44030.41055']",1.59159411,2.159471862,1.194988488,3.855633327,3.354361735,4.229400158,0.267022222,0.653655556,0.226541111,-0.880536667,0.18657,-0.827026667,1.577825217,2.069697862,1.179891897,3.774769459,3.367932192,4.170989608,0.3791,-0.0706,0.41415,-0.76415,-0.20475,-0.37875,5,1.732050808,1.507788235,1.949807043,5,1.732050808,2.604213333,3.065216007,9,3,1.538033333,0.743576282,4,1.414213562,1.613284211,2.985256049,5,2,2.743776471,3.776372031,4,2,0.901976471,4.097929204,0.200818855,1.412251264,-0.558898674,-1.688176899,0.687069161,-0.130653816,-0.543069324,1.216506302,0.539204002,7.291792314,-0.074661805,-0.597899392
"['44028.63124', '44031.31531']",1.58340533,2.078186228,1.301137349,4.175244176,3.796443522,4.19773325,0.323896667,0.564937778,0.331992222,-1.247773333,0.189815556,-0.390377778,1.558606786,2.011129979,1.265117842,4.006757365,3.812937486,4.202956779,0.69585,-0.21445,0.58795,-1.13395,0.00945,-0.3431,5,1.732050808,1.63949375,1.883654161,5,1.414213562,2.628125,3.13469449,9,2,1.46446,0.947959962,4,1,1.540016667,3.170903282,5,2,2.605207143,4.680645775,4,2,1.242473333,3.733279807,0.076485603,1.634185714,-0.576526045,-1.387650898,0.419328029,-0.213725063,-0.585532596,1.924241199,0.29255106,4.970350256,-0.56675518,-0.523173973
"['44029.53601', '44032.22002']",1.671173157,2.133646947,1.314604241,4.254952051,3.968362942,4.080416648,0.270833333,0.6144,0.40793,-1.181993333,0.120938889,-0.580167778,1.65831989,2.054719353,1.256712173,4.110381191,3.988741234,4.061588336,0.66165,-0.18115,0.60575,-0.36095,0.2912,-0.4052,5,1.414213562,1.634952941,2.12247757,5,1.732050808,2.565670588,3.220222743,9,2,1.56147,0.978956917,4,1,1.490127778,2.615851754,5,2,2.53588,4.811053397,5,3.464101615,2.0818375,3.173406731,0.317407478,1.700082869,-0.557647725,-1.561045205,0.344382016,-0.222022054,-0.303836225,2.101742098,0.397310394,4.618463166,-0.74766244,-0.29118528
"['44030.44073', '44033.12478']",1.657731518,2.07932469,1.143028085,3.427027588,3.475658959,4.19478702,0.346966667,0.596206667,0.418202222,-1.246625556,0.158018889,-0.48132,1.630095857,2.003176101,1.069735919,3.210131177,3.491516477,4.190426794,0.6926,-0.18115,0.47875,-0.64235,0.76185,-0.3484,5,1,1.586888235,2.11253401,6,2.449489743,3.273838462,3.194729941,8,2.645751311,1.213718182,1.02011593,4,1,0.909773684,2.273864801,5,1.732050808,1.388088235,4.042559565,6,4.795831523,3.291966667,3.482072694,0.322985411,1.702413327,-0.259451668,-1.097774882,-0.048730509,0.009555361,-0.28962487,2.25527531,0.172324445,0.996947343,-0.910026298,-0.49339712
"['44031.34546', '44034.02949']",1.730131916,2.129620989,1.057995366,3.631776066,3.14253812,4.542620093,0.35644,0.742622222,0.358202222,-1.396385556,0.067646667,-0.348536667,1.702501885,2.007127192,1.001089758,3.371378922,3.159411264,4.554603493,0.60525,-0.0496,0.33045,-0.786,0.3679,-0.06065,5,2.236067977,1.7099875,2.016985456,7,2.645751311,3.5934,2.883303948,7,2.645751311,1.081958333,1.03104926,4,1,1.033242105,2.054329767,4,1.414213562,1.349685,3.525623175,6,4.582575695,2.998023077,4.346255267,0.390369324,1.498558525,-0.135239886,-1.299571991,0.050919642,-0.056135839,-0.290795446,1.781640642,0.128227942,1.729883009,-0.970150676,-0.648954174
"['44032.25018', '44034.93424']",1.696621728,2.056258894,0.949005105,3.651800344,2.954712911,4.795478781,0.262297778,0.673732222,0.376314444,-1.450518889,0.171623333,-0.649941111,1.685614164,1.953635901,0.876085725,3.370139302,2.966249559,4.777848461,0.4825,-0.12825,0.29095,-0.7281,0.2989,-0.85365,6,3.31662479,1.882286667,2.031244866,8,2.645751311,3.84907,2.749405189,6,2.236067977,0.968269231,0.956963097,4,1.414213562,0.746468421,2.117748053,4,2,1.713655556,3.240777385,7,4,2.663154545,5.734878867,0.336924012,1.332198961,0.25181128,-1.258868262,0.048662681,0.170077996,-0.387818654,1.322851192,-0.473983367,1.636970963,-0.887093638,-0.778111845
"['44033.15493', '44035.83897']",1.660079539,2.020837634,1.003011953,3.611235735,3.024132321,4.722507598,0.35881,0.652794444,0.448078889,-1.327105556,0.131048889,-0.635992222,1.629919524,1.92321119,0.902389125,3.377359008,3.038217661,4.705702101,0.5605,-0.16705,0.43515,-0.46145,0.7101,-0.57515,6,3.464101615,2.053176923,1.949719916,7,2.449489743,3.334081818,2.734168944,6,2.449489743,0.986264286,0.859269716,5,1.732050808,0.856841176,2.010462993,4,2.236067977,1.647577778,3.270621523,6,2.449489743,1.610714286,5.16411695,0.196760262,1.191574222,0.176771126,-1.300914522,-0.154393777,0.035718671,-0.315098769,0.542908087,-0.449767242,1.625676769,-0.927192497,-0.684935594
"['44034.05967', '44036.74371']",1.646839594,2.165423337,0.979680233,3.375784812,2.926178508,4.636675195,0.306388889,0.660688889,0.403392222,-1.1827,-0.156393333,-0.569988889,1.627152282,2.073723671,0.897777072,3.179539474,2.938366054,4.627286265,0.5213,-0.1973,0.3981,-0.4182,0.18165,-0.7807,5,1.414213562,1.849386667,1.954671318,7,2.645751311,3.536618182,2.942794642,5,2.645751311,1.070293333,0.757368459,5,2,0.837575,2.011694529,4,2.449489743,1.247677778,3.305809395,6,3.464101615,1.504806667,5.278723644,0.265032668,1.271570775,-0.09561451,-1.255136214,-0.080505185,0.35532044,-0.406228041,0.814565968,0.463806611,1.684818857,-1.106967179,-0.193834219
"['44034.96439', '44037.64844']",1.58368093,2.32965017,0.940814187,3.158898321,2.804694881,4.515916948,0.333338889,0.658187778,0.427267778,-1.036721111,0.015924444,-0.661706667,1.556875806,2.247258727,0.84289244,3.000648459,2.820362119,4.492201126,0.585,-0.2726,0.39405,-0.5343,0.4067,-1.2101,5,1,1.66518125,2.00459019,8,2.645751311,3.762245455,2.992936759,5,1.732050808,0.93904375,0.738407545,5,2,0.873576471,1.87739866,4,1,1.12497619,3.131022896,4,2.645751311,1.098694444,4.838067915,0.33588963,1.261032379,-0.341416352,-1.319185529,-0.28881255,0.454812026,-0.276017526,0.709854432,1.242442786,2.377103985,-1.034772945,0.071381383
"['44035.86912', '44038.55321']",1.565575361,2.36552153,0.908767114,3.006586912,2.65781774,4.551716794,0.341732222,0.530775556,0.433103333,-1.061844444,0.065848889,-0.112758889,1.536383017,2.318119268,0.803399555,2.828595179,2.671887174,4.575812089,0.67225,-0.47815,0.39405,-0.8233,0.3075,-1.1277,5,1,1.6822125,1.96222356,7,2.645751311,3.4196,3.263037001,6,1.732050808,0.87934,0.709963357,4,1.414213562,0.82133125,1.878531916,4,1.414213562,1.1201,3.047127465,4,2.645751311,1.348976471,5.098648409,0.373608997,1.404220092,-0.726699468,-1.463149895,-0.242562015,0.544114665,-0.219498304,0.991608474,1.704041323,3.439604947,-1.157840948,-0.276211384
"['44036.77386', '44039.45792']",1.500068383,2.285646614,0.826461637,2.678050178,2.56556708,4.46085115,0.264226667,0.526794444,0.374703333,-0.779164444,-0.040887778,-0.17953,1.484886588,2.236570723,0.740765338,2.576551561,2.579612454,4.482207743,0.58735,-0.34445,0.3663,-0.5901,0.06915,-0.94055,5,1,1.5300375,1.832449088,7,3,3.766118182,2.985327015,6,2,0.830115385,0.710628322,4,1.414213562,0.732052632,1.769003617,4,1.414213562,1.041677778,2.702820452,5,3,1.536625,5.183565196,0.333226019,1.382256393,-0.576100893,-1.432054771,-0.220835591,0.556158265,-0.475661844,0.933328604,1.010011427,3.751341403,-1.217017771,-0.174184214
"['44037.67859', '44040.36265']",1.588536491,2.259471265,0.970768452,2.852362417,2.733130175,4.603174788,0.350312222,0.572523333,0.317587778,-0.904283333,-0.060341111,-0.314744444,1.558109117,2.197977795,0.922488361,2.720380572,2.74777204,4.618129717,0.7652,-0.41325,0.2987,-0.7918,-0.11595,-0.77095,5,1,1.63910625,1.839012222,8,3,3.937945455,3.141113499,7,2.449489743,0.853575,0.919507104,4,1,0.507810526,1.760550842,5,2,1.371,2.637087261,5,3.31662479,2.470553846,4.853728373,0.130727072,1.459307642,-0.940757438,-1.495537115,0.191310328,0.399331168,-0.605459939,1.120738087,2.900805083,3.412596837,-1.019849295,-0.392535462
"['44038.58336', '44041.26739']",1.568698931,2.240882623,0.997098658,3.049190843,2.842422558,4.557729274,0.353336667,0.644573333,0.285157778,-1.122737778,-0.084835556,-0.119368889,1.536950352,2.158201533,0.960805899,2.850846949,2.857073232,4.581690783,0.7652,-0.3091,0.31195,-0.92985,-0.16715,-0.33505,5,1,1.350382353,1.762182704,9,2.645751311,4.05411,2.860858107,8,3,1.001145455,0.905463087,4,1.732050808,0.870338889,1.469498144,6,2.449489743,1.53802,2.915825255,7,4,2.818638462,5.256086953,0.023151031,1.53319882,-0.847962745,-1.340609639,0.42542863,0.271448467,-0.88486073,1.6407109,2.216146229,2.362469539,-0.921356159,-0.537896751
"['44039.48808', '44042.17215']",1.529837586,2.203532513,1.031215998,2.959864248,2.852762608,4.261463696,0.257173333,0.522677778,0.363195556,-0.895373333,-0.160524444,-0.499373333,1.516515234,2.15263808,0.970547095,2.836993317,2.864199353,4.255812838,0.521,-0.43635,0.49,-0.5774,-0.43135,-0.36785,5,1,1.238027778,1.737688676,7,3,3.45435,3.524087743,7,3,1.1446,0.850937589,5,2.236067977,1.052117647,1.449334868,5,2.449489743,1.040282353,3.14832068,8,4.358898944,2.461990909,4.488468023,0.10394923,1.58875575,-0.945899183,-1.351021362,0.439233278,0.114850083,-0.924701449,1.880356737,2.367949706,2.429474122,-0.836923103,-0.62914743
"['44040.3928', '44043.07687']",1.420889874,2.192288177,0.927678975,2.779235102,2.734192771,4.089420722,0.299727778,0.504163333,0.433594444,-0.844795556,0.113216667,-0.200182222,1.39669842,2.145481823,0.824706774,2.662562211,2.747152332,4.107400833,0.75615,-0.43975,0.5397,-0.5764,0.3383,-0.15485,4,1,1.022763158,1.528983068,7,3,3.785163636,3.384950077,8,3.31662479,1.34956,0.524073937,5,2,1.2143125,1.273060229,5,2.236067977,1.262888235,3.16792871,7,2.828427125,2.281258333,4.540211661,-0.021143844,1.507391494,-0.593912767,-1.283726296,0.042860795,0.196964248,-1.302296761,1.517090887,0.507899168,2.068635403,-1.011848929,-0.529687104
"['44041.29757', '44043.9816']",1.501399092,2.038619931,0.978750488,2.474044234,2.830736625,4.168351416,0.261507778,0.517497778,0.352978889,-0.77697,-0.018136667,-0.076896667,1.486732192,1.982890452,0.917998911,2.362033794,2.84653679,4.190990389,0.31095,-0.28895,0.4521,-0.5764,0.2722,-0.1017,5,1.414213562,1.274329412,1.911921479,8,2.645751311,3.3346,2.974506877,8,3.16227766,1.35756,0.591488484,5,2,0.665438889,1.69455876,5,1.414213562,1.665235294,3.031162087,6,3.16227766,2.2643,4.31023675,0.319037923,1.345528932,-0.402626942,-1.071718309,0.017575448,0.154811742,-0.260374378,0.955123554,0.02896195,1.692395801,-1.169247256,-0.45897748
"['44042.2023', '44044.88635']",1.544757486,1.954392686,0.984982231,2.804434519,3.155613552,4.401897622,0.227986667,0.600578889,0.34492,-1.176421111,-0.006813333,-0.408848889,1.536400285,1.870246091,0.927784706,2.560020564,3.173284801,4.407423606,0.31095,-0.13085,0.4064,-0.9054,0.3904,-0.1504,5,1.732050808,1.45156875,2.095059779,7,3.31662479,3.224554545,2.576613575,8,3.16227766,1.32165,0.683073756,4,1.414213562,0.322804762,1.788731073,5,2,2.105541176,3.395062865,6,2.645751311,1.719906667,4.500009507,0.421099873,1.317840248,-0.332047165,-1.440278721,0.170783644,0.169833648,-0.083942133,0.80798242,0.221541616,3.580618061,-0.919653972,-0.633592728
"['44043.10703', '44045.79108']",1.596712021,1.815898723,1.050517419,2.738760444,3.149306985,4.487963997,0.323948889,0.523757778,0.366352222,-1.290423333,-0.033031111,-0.09355,1.572263721,1.748466219,0.990083192,2.4292355,3.166776103,4.512126272,0.5036,-0.16205,0.3341,-1.03285,-0.24175,0.17995,5,2,1.75311875,2.02781481,6,2.828427125,2.361684615,2.398581764,8,3.605551275,1.28371,0.879693611,4,1.414213562,0.020171429,1.74409873,5,2,1.74476875,3.79815192,5,1.732050808,1.32302,4.650982416,0.348459285,1.322968355,-0.25831069,-1.728685551,0.272488375,0.017122779,-0.270457831,0.865654757,0.144293624,5.427782368,-0.842393959,-0.756396858
"['44044.01178', '44046.69583']",1.553392854,2.012648829,0.898554597,3.427584577,2.962122107,4.328433994,0.224595556,0.656338889,0.371774444,-1.258863333,-0.325532222,-0.428808889,1.545681761,1.913282113,0.822619626,3.205900324,2.960674182,4.331270851,0.16975,-0.16205,0.2792,-0.63475,-0.3257,-0.18895,5,1.732050808,1.61400625,1.764511371,7,3.605551275,3.061033333,2.688056941,6,3.31662479,0.952423077,0.936178065,4,1.414213562,0.227547368,1.882727094,5,2.236067977,1.20755,3.641130727,6,2.449489743,1.313861538,4.815897443,0.272018388,1.323087999,0.074502416,-2.105802725,0.390459518,0.03828609,-0.907788313,0.812876663,0.858353718,6.870491485,-0.409910304,-0.728708453
"['44044.9165', '44047.60057']",1.499962169,2.038412461,0.821493475,3.224551443,2.614781524,4.44685366,0.255176667,0.688565556,0.353644444,-1.044904444,-0.084157778,-0.526067778,1.486377936,1.929342484,0.745630283,3.067648522,2.628068008,4.440364414,0.4341,-0.1521,0.2759,-0.46585,0.4252,-0.66425,5,1.414213562,1.181847059,1.804597696,9,3.16227766,3.72091,2.427278084,6,3.31662479,0.843369231,0.895350596,5,1.732050808,0.458229412,1.95304171,6,2,1.239421429,3.231549837,7,3,1.155666667,5.533177014,0.133822245,1.207413424,0.293661992,-2.197989058,-0.019096925,0.229185547,-1.1726315,0.608565419,0.968844768,7.892271679,-0.759498505,-0.748672429
"['44045.82123', '44048.50531']",1.521512602,2.123773778,0.763716767,3.331519399,2.67939368,4.463311577,0.297771111,0.74558,0.337976667,-1.107867778,-0.151064444,-0.33241,1.500449246,1.999739581,0.688698141,3.159520203,2.690118627,4.475851365,0.4305,-0.1521,0.2759,-0.59935,0.16155,-0.6648,5,1.732050808,1.097455556,1.828766931,11,0,4.791675,1.3003645,6,2.645751311,0.783478571,0.744812519,5,1,0.80044375,1.972877583,5,2.236067977,1.48498125,2.850034741,7,3.31662479,1.298916667,5.597846014,0.119879533,1.206246191,0.337664159,-1.864609574,0.026850467,0.201733526,-1.329929492,0.693759958,0.267662949,6.178889269,-0.859929601,-0.84604755
"['44046.72601', '44049.41004']",1.426771657,1.932848119,0.890230576,2.610308617,2.805710176,4.339265486,0.210162222,0.548147778,0.298878889,-0.876237778,-0.058137778,-0.444706667,1.41911441,1.863876677,0.843257261,2.472620089,2.820822781,4.340599405,-0.0617,-0.1954,0.3831,-0.64885,0.07615,-0.851,4,1.414213562,0.872988889,1.774631053,10,0,4.678425,1.351565928,7,3.464101615,0.9956,0.649895639,5,2,1.094433333,2.107526022,5,1.732050808,1.80870625,3.164255549,5,3,1.297053333,5.168440901,0.254615117,1.259892626,-0.9496218,-0.604663016,0.228839641,0.340205534,-1.374237195,1.014754918,2.881642565,1.026197288,-0.893373956,-0.626967667
"['44047.63072', '44050.3148']",1.442706533,1.988269672,0.966667106,2.796078153,2.853652052,4.246654325,0.335644444,0.550892222,0.28088,-1.13229,0.005962222,-0.502505556,1.410980396,1.921130473,0.930142279,2.570877338,2.86963276,4.240442659,0.3113,-0.1951,0.3757,-1.0067,-0.02725,-0.851,4,1,1.01026,1.686028334,11,0,4.9561375,1.244376713,7,3.464101615,0.968933333,0.791064573,5,1.732050808,0.8926875,2.152114784,5,2.449489743,1.6977375,3.063877117,5,2.828427125,1.80562,4.340795343,0.211925944,1.380733199,-0.673123208,-0.766050776,0.364822704,0.285258682,-1.353805514,1.223650869,1.509893353,1.580162013,-0.886986805,-0.621403197
"['44048.53546', '44051.21952']",1.389893095,1.938997687,0.997240796,2.995762382,2.947526927,4.246575277,0.274555556,0.583725556,0.260082222,-1.381924444,-0.210373333,-0.407376667,1.370138949,1.859406349,0.968122124,2.67287443,2.956480644,4.250670965,0.0236,-0.11445,0.40565,-1.24255,-0.2266,-0.60295,4,1,0.984305,1.670930059,9,2.449489743,3.932744444,2.245767813,7,3.31662479,1.080790909,0.823825306,5,1.732050808,0.650682353,2.226172905,6,2.645751311,1.34384,3.711076052,7,5.099019514,2.394561538,4.304861724,0.347196317,1.335251144,-0.691794619,-0.744018275,0.417777939,0.268533165,-1.158083369,1.012093671,1.137912211,1.658618261,-0.680541971,-0.603420066
"['44049.44023', '44052.12427']",1.376552545,2.004394436,0.8796564,2.996420478,2.945152338,4.348084645,0.255561111,0.512926667,0.351136667,-1.431081111,-0.295761111,-0.637154444,1.360199458,1.948509358,0.811053262,2.647340892,2.946680268,4.325244276,0.02635,-0.20715,0.3661,-1.2731,-0.3745,-1.00505,4,1.414213562,1.07995,1.638311293,8,3,3.46633,2.591543613,6,2.236067977,0.871014286,0.7810393,4,1.414213562,0.417677778,1.79170867,6,2,1.184428571,3.550572843,7,5,2.394023077,4.260631997,0.334325282,1.305333266,-0.233995996,-0.972559927,0.359535134,0.350904692,-1.13919655,0.78813843,0.386910165,1.41907841,-0.607253317,-0.740655738
"['44050.34495', '44053.029']",1.386430481,1.953307238,0.859902095,2.755832798,3.20306439,4.319842495,0.264925556,0.518365556,0.364794444,-1.280495556,0.017693333,-0.315115556,1.368507568,1.893820728,0.783051481,2.45394683,3.220959726,4.332470457,0.4629,-0.2005,0.29935,-1.1311,-0.0946,-0.45315,5,1.732050808,1.074894118,1.591754973,7,2.828427125,2.67265,2.583705538,6,2.236067977,0.9285,0.738126367,5,1.732050808,0.614894118,1.729566634,6,3,1.986342857,3.878782727,6,4.242640687,2.124723077,4.39753996,0.148017969,1.168775995,-0.120062382,-0.778466041,0.321563624,0.200478762,-1.210828228,0.330773827,0.367013462,1.170921535,-0.658544743,-0.8305552
"['44051.24967', '44053.93372']",1.40918079,1.96265987,0.815248095,2.609412372,3.018351077,4.296774414,0.216725556,0.537511111,0.330151111,-1.186043333,-0.120926667,-0.314277778,1.400216066,1.898196664,0.749581704,2.337313527,3.032823798,4.309272712,0.2487,-0.2168,0.2422,-1.0549,-0.20855,-0.90185,5,2.449489743,1.260826667,1.75708695,7,2.645751311,2.989309091,2.328968505,6,2,0.831684615,0.785016409,5,1.732050808,0.58928125,1.746067806,7,3.464101615,2.5703,3.410717046,6,2.828427125,1.879071429,4.679332628,0.332658369,1.062178588,0.269421583,-0.776324934,0.439594958,0.337659644,-0.897282376,-0.058518887,-0.157816295,1.265957662,-0.496343965,-0.778965646
"['44052.15443', '44054.83849']",1.461615863,1.982209115,0.87423526,2.673267866,2.993826918,4.302230141,0.275057778,0.61602,0.275696667,-1.083272222,0.011816667,-0.268385556,1.443543446,1.894612439,0.8342734,2.457639805,3.010575738,4.317906021,0.4227,-0.20155,0.21905,-0.9133,-0.2228,-0.74695,5,2,1.184952941,1.822139325,7,2.645751311,3.073654545,2.416474412,6,2.645751311,0.804376923,0.947204915,5,1.732050808,0.334952941,1.634328606,6,4,2.060333333,4.212127725,6,2.449489743,1.849615385,4.71225453,0.31760964,1.067877562,0.227011216,-1.149286919,0.475883295,0.319418877,-0.973770259,-0.048166994,0.162649682,2.875793495,-0.455604964,-0.665649554
"['44053.05915', '44055.74322']",1.478145118,1.898898754,0.914631281,3.183140715,2.509700734,4.02292917,0.354877778,0.533817778,0.179025556,-0.903651111,-0.419807778,-0.249926667,1.442951593,1.8325305,0.901964278,3.069278643,2.488202114,4.03765231,0.5889,-0.32075,0.0779,-0.77335,-0.56675,-0.57185,5,2,1.292076471,2.063278817,7,3.464101615,3.065545455,2.456941268,6,2.645751311,0.59355,1.004076195,4,1.414213562,0.800272222,2.11167677,6,3.741657387,0.508784615,3.507620701,6,2.645751311,1.325492857,4.881834591,0.47250145,1.208617643,0.178229269,-1.283959774,0.41974529,0.412493358,-0.595019554,0.323766406,-0.10658393,2.673548983,-0.268678914,-0.527176346
"['44053.9639', '44056.64799']",1.430859496,1.672884723,0.954952569,3.205795462,2.811687639,3.787426851,0.368777778,0.293978889,0.144371111,-0.899554444,-0.394816667,-0.254684444,1.390265379,1.656077584,0.949264797,3.094237797,2.799425395,3.800024274,0.6009,-0.48355,-0.00155,-0.49595,-0.44985,-0.57185,4,1.414213562,1.218494444,2.009760777,6,2.828427125,2.167458333,2.62560774,6,2.645751311,0.598135714,1.025125284,4,1.732050808,0.646542105,2.137486673,5,2.828427125,0.501813333,3.984934936,6,3,1.206272727,4.806036143,0.658790557,1.539972164,0.249957247,-1.539861034,0.289169321,0.328232844,0.288214589,1.509078216,-0.150705099,3.49620402,-0.448992469,-0.478139703
"['44054.86864', '44057.55271']",1.528894194,1.621956235,0.94842407,3.281718331,2.990631579,3.50323832,0.375145556,0.335546667,-0.020404444,-1.213125556,-0.578303333,0.070698889,1.490458395,1.595758217,0.953516665,3.066345303,2.950623291,3.522147001,0.5444,-0.4066,-0.20145,-0.71305,-0.5885,-0.0415,4,1,1.378211111,2.134790799,7,3.31662479,2.227118182,2.391715139,7,2.828427125,0.497745455,1.078559313,5,1.732050808,0.332933333,1.981163519,4,2.236067977,0.27095,3.620502522,6,4.472135955,2.063046154,4.136882819,0.805532428,1.444347954,0.340137794,-1.563833291,0.371344339,0.08210656,1.173037619,1.186944589,-0.158494599,3.40587578,-0.753205561,-0.637971709
"['44055.77341', '44058.45748']",1.422457223,1.553409163,0.827430516,3.004273798,3.264083255,3.630522847,0.092847778,0.284207778,-0.04669,-1.367042222,-0.602871111,-0.191052222,1.427375787,1.535744658,0.830740277,2.690217601,3.225897197,3.645803447,0.2454,-0.3661,-0.18045,-0.71305,-1.37295,-0.2432,5,1,1.051238889,2.129630173,9,3.16227766,2.66955,2.101982438,7,2.828427125,0.423141667,0.920864202,4,1,0.032410526,1.550930252,4,2.449489743,0.071727778,3.774019156,6,4.898979486,1.619157143,4.026611484,1.045731426,1.423843405,0.280868316,-2.134255349,0.391191164,0.054810678,2.024031491,1.429791299,0.39979271,5.248017366,-1.049431081,-0.855755374
"['44056.67814', '44059.36219']",1.362602715,1.599830574,0.775427656,2.760755039,3.01538671,3.548407707,0.039853333,0.350755556,-0.040607778,-1.053114444,-0.205241111,-0.542705556,1.369650199,1.569650919,0.778701853,2.566299858,3.025247652,3.526305821,0.2454,-0.28885,-0.13915,-0.65845,-0.5256,-0.4761,4,1,0.755494444,1.844655307,10,2.828427125,3.070811111,1.687512135,8,2.645751311,0.483036364,0.805432718,5,1.414213562,0.397944444,1.284105667,5,2.236067977,0.631783333,3.447665796,5,3.605551275,0.644373333,3.706239792,0.795748223,1.224377957,-0.153392981,-2.12429598,0.211767488,0.021605094,1.474946561,0.587695646,0.177411225,5.454442502,-1.22577792,-0.798256866
"['44057.5829', '44060.26695']",1.223956239,1.675052227,0.691972345,2.633655766,2.761206166,3.710562637,0.069705556,0.365978889,0.048775556,-1.047936667,0.071787778,-0.368143333,1.228815548,1.643739732,0.694118149,2.429725626,2.775736648,3.712939871,0.4028,-0.243,0.0058,-0.65845,0.4076,-0.45215,5,2.449489743,1.11205625,1.53160082,8,3.464101615,2.489309091,2.326932842,7,2.645751311,0.522991667,0.680325878,5,1.414213562,0.356623529,1.331732074,5,2.645751311,1.3698875,2.976895269,6,4.242640687,0.655342857,4.369205952,0.20900425,1.160876698,-0.164654565,-1.890371109,-0.036184515,0.159332448,-0.577682414,0.541487012,0.154411355,4.530839394,-1.234506535,-0.755185453
"['44058.48763', '44061.17168']",1.321703664,1.806014902,0.687943677,2.565508051,2.565455879,3.621958279,0.020978889,0.395833333,0.113876667,-0.927821111,0.152641111,-0.210416667,1.328940787,1.771974465,0.682253986,2.405256788,2.575257836,3.636098035,0.34,-0.3562,0.06995,-0.65845,0.265,-0.59895,5,2.645751311,0.975617647,1.721230034,7,3.464101615,2.55925,2.466743004,6,3,0.579884615,0.670603298,5,1.732050808,0.468033333,1.503777624,5,3.16227766,1.364813333,2.988202803,5,3.741657387,1.349107143,4.277685528,0.19872299,1.138059735,-0.219322913,-1.295402307,-0.0109784,0.297866894,-0.754547604,0.256854406,0.431761743,1.862341149,-1.141109751,-0.554576294
"['44059.39234', '44062.07645']",1.351308906,1.871380437,0.619208783,2.457073068,2.532376749,3.712098827,0.034641111,0.402211111,0.154074444,-0.859462222,0.153613333,-0.315385556,1.358432746,1.837885285,0.603093638,2.314749841,2.541874353,3.719397784,0.42825,-0.4051,0.1281,-0.6941,0.33425,-0.7487,5,2.645751311,1.052625,1.613037682,8,2.828427125,3.30415,2.332382155,6,2,0.503669231,0.687858909,5,1.414213562,0.89143125,1.722635341,6,3.16227766,1.527186667,2.690206723,6,3.741657387,1.954866667,4.342178368,-0.000379829,1.119704927,-0.045110285,-1.086459086,-0.09272319,0.341318359,-1.069509759,0.239103577,0.106594255,1.684543448,-1.064069784,-0.493780799
"['44060.2971', '44062.98118']",1.399799678,1.882053698,0.682044818,2.572839219,2.618194803,3.751093926,0.00684,0.427232222,0.152901111,-0.877153333,0.090978889,-0.405064444,1.407624949,1.843189369,0.668408932,2.432248996,2.631272641,3.750051024,0.2995,-0.4429,0.14795,-0.7782,0.51615,-0.6123,4,1.414213562,0.788238889,1.798056754,9,2.236067977,3.817566667,1.930581807,7,2,0.486061538,0.829868759,5,1.732050808,0.757923529,2.080635982,5,2.236067977,0.977847059,2.920928178,9,6.164414003,2.68841,4.206558399,0.041993846,1.128128694,0.043457403,-0.897319054,-0.043802276,0.155918296,-0.997208567,0.128014539,-0.194526049,1.10478686,-0.957068738,-0.486638823
"['44061.20184', '44063.88592']",1.358648004,1.801904976,0.741044836,2.353579462,2.640799534,3.671670962,0.051222222,0.392486667,0.106771111,-0.817285556,0.013896667,-0.462615556,1.365288221,1.768492719,0.737420832,2.21948535,2.655557276,3.662816355,0.3051,-0.4273,0.1314,-0.7197,0.3876,-0.6123,5,2.449489743,1.1015,1.693305538,9,2.828427125,3.10089,2.183320681,7,3,0.534775,0.858824567,4,1.414213562,0.546944444,1.99663053,4,1.414213562,0.866277778,2.946196424,8,6.782329983,2.75945,3.394807092,0.044952476,1.100277804,-0.125279043,-0.59666885,0.047070594,0.049293459,-0.891477518,0.058988659,-0.086498353,0.744539297,-0.988690261,-0.485620265
"['44062.1066', '44064.79065']",1.31068336,1.767979574,0.762073098,2.448760821,2.608781692,3.665289061,0.038962222,0.343433333,0.100535556,-0.878037778,-0.136608889,-0.269644444,1.3174437,1.744018602,0.759644512,2.298737146,2.619797559,3.675835485,0.3051,-0.4555,0.13,-0.75535,0.01145,-0.2685,5,2.449489743,0.986376471,1.699111865,9,2.645751311,3.403155556,1.660240808,8,3.605551275,0.630518182,0.824537312,4,1.414213562,0.757655556,1.926145866,4,1.414213562,0.532923529,2.901225478,7,6.244997998,2.81606,3.380022282,0.149663032,1.016041888,-0.223197106,-0.657131354,0.086480557,0.049425563,-0.795242864,-0.235245651,-0.271000735,0.637001281,-0.99737359,-0.573755343
"['44063.01132', '44065.6954']",1.248258288,1.764751254,0.726946546,2.451572717,2.418034855,3.62156541,0.02969,0.366298889,0.119888889,-0.757906667,-0.160098889,-0.392005556,1.254896267,1.735988823,0.721009078,2.344538872,2.426245727,3.620456998,0.31715,-0.33225,0.13,-0.52325,-0.4605,-0.38565,5,1.414213562,1.0502875,1.463723805,9,3,2.91828,2.098441306,9,3.31662479,0.74028,0.768135765,5,1.414213562,1.10558125,1.663839984,4,1.414213562,0.624583333,2.565421449,9,5.196152423,2.38867,3.909067198,0.11997235,0.991342045,-0.169919564,-0.850400833,0.066005407,0.222655864,-1.107571488,-0.274971598,-0.084937714,1.101236306,-1.048466147,-0.522242956
"['44063.91607', '44066.60014']",1.222908515,1.787086363,0.696784114,2.775243388,2.512531848,3.729424314,0.041941111,0.404762222,0.137466667,-0.79457,-0.20407,-0.419952222,1.229036144,1.750396646,0.686916179,2.673963296,2.518260178,3.726464912,0.35025,-0.2575,0.196,-0.5893,-0.1979,-0.4701,5,1.732050808,0.833875,1.499948923,9,2.449489743,3.325344444,1.761683055,7,3.464101615,0.6552,0.743816512,5,1.732050808,1.607666667,1.652122943,5,2,0.758029412,2.456822154,8,4.472135955,2.2828,4.496802041,0.039735863,0.911252111,-0.098284411,-0.817071463,0.028656456,0.338128533,-1.366119063,-0.42137665,-0.393765599,1.017652657,-1.036595876,-0.565433678
"['44064.82083', '44067.50491']",1.269687892,1.76512022,0.791828716,2.851739675,2.670331146,3.677508698,0.037687778,0.407523333,0.178405556,-0.847491111,0.031163333,-0.482092222,1.27623845,1.727053968,0.77579083,2.738153275,2.685108235,3.666197182,0.346,-0.29725,0.17605,-0.6561,0.08245,-0.69905,5,1.732050808,0.878625,1.620064575,8,2.828427125,2.9347,2.020306635,5,2,0.675128571,0.994451197,5,2,1.385413333,2.076387753,5,1.732050808,1.65898125,3.084309729,8,3.31662479,1.536322222,4.290378331,0.11330706,0.916243611,0.456796251,-0.704580066,0.206483549,0.291800267,-1.159885521,-0.420450211,0.421248426,0.924121972,-0.721855376,-0.684323951
"['44065.72555', '44068.40966']",1.304708694,1.736585421,0.819924395,2.699736541,2.792281015,3.675383434,0.031932222,0.381404444,0.145776667,-0.842194444,-0.169018889,-0.479702222,1.311625032,1.703675345,0.811381579,2.5793818,2.802775369,3.66435859,0.1618,-0.32635,0.196,-0.728,0.0358,-0.67965,5,2,1.00411875,1.751300807,9,2.449489743,3.202444444,1.46730529,5,2,0.56553125,0.964053919,6,2.236067977,1.423985714,1.981414104,5,2,1.8202875,3.03181984,8,4.472135955,2.03359,4.634625117,0.366657965,0.883012144,0.153795238,-0.513411291,0.232094361,0.339405507,-0.558467691,-0.507998284,0.623840588,0.767944986,-0.863184265,-0.701721791
"['44066.63033', '44069.31441']",1.350046812,1.842592953,0.802731123,2.59678558,2.597922357,3.686749513,0.047623333,0.403167778,0.1696,-0.835691111,0.029754444,-0.457816667,1.356765226,1.808017127,0.789005765,2.472415038,2.612305306,3.678707835,0.3228,-0.38345,0.196,-0.7376,0.6493,-0.68325,5,1.732050808,0.953882353,1.779492916,8,3.16227766,2.820972727,2.464244514,5,2.449489743,0.564633333,0.975030655,6,2.449489743,1.020553333,1.856588673,5,2.236067977,1.744805882,2.892726552,7,4.472135955,2.098818182,4.14263422,0.2959293,1.022575953,0.225226257,-0.797701824,0.075826195,0.280166136,-0.637698007,0.033685695,0.770603776,1.036764162,-0.811218729,-0.671077149
"['44067.53506', '44070.21915']",1.360665441,1.877964132,0.685207282,2.406137521,2.522528455,3.788629652,0.067472222,0.381751111,0.15653,-0.807815556,-0.082377778,-0.281341111,1.366604974,1.849054977,0.670825954,2.279177513,2.535307383,3.799335488,0.3762,-0.42175,0.1985,-0.86765,0.612,-0.37605,5,1.414213562,0.89760625,1.537498353,8,3.16227766,2.864918182,2.658272298,6,2.236067977,0.493269231,0.821584546,5,2,0.73391875,1.735029284,5,2.236067977,1.31340625,2.602651898,7,4.472135955,1.393363636,4.462617754,0.243075986,1.147366225,-0.160253926,-0.877442084,-0.230071362,0.331279446,-0.680277358,0.306508386,0.957944984,1.401780408,-1.228200305,-0.611760945
"['44068.43981', '44071.12391']",1.493238814,1.922647946,0.739552954,2.499278426,2.577197808,3.922534268,0.023013333,0.397545556,0.196571111,-0.835356667,0.098674444,-0.241317778,1.501426022,1.89163724,0.71694462,2.368737088,2.589735726,3.937037718,0.29805,-0.49835,0.2377,-0.86765,0.7393,-0.32885,5,1.414213562,1.101741176,1.817315474,7,3,2.760741667,2.87999977,6,2.645751311,0.583407143,0.783101565,4,2.236067977,0.504610526,1.879759477,5,2.236067977,1.351241176,2.705066502,7,5.099019514,2.2571,4.07954311,0.159956854,1.211720205,0.032405772,-0.91718895,-0.276543894,0.229837538,-0.714481041,0.440172725,0.196598434,1.728996294,-1.177758609,-0.585170251
"['44069.34456', '44072.02868']",1.531407005,1.911058512,0.862056359,2.64222754,2.698189482,3.979927257,0.120942222,0.427054444,0.22044,-0.805472222,0.244177778,-0.362312222,1.535176437,1.873167186,0.838064004,2.530559912,2.702172103,3.985605524,0.49945,-0.4793,0.27385,-0.81975,0.94705,-0.15875,5,1.414213562,1.34299375,1.902597025,7,2.645751311,3.151654545,2.711395356,7,3,0.816566667,0.820290976,4,2.236067977,0.691033333,2.289788603,5,3,2.06224,2.793331331,7,5.385164807,2.326381818,4.03515673,0.106713315,1.282967353,-0.16764882,-0.393330838,-0.293538277,0.079729429,-0.503099693,0.493199528,0.287943104,1.495806703,-1.111760558,-0.590302108
"['44070.2493', '44072.93347']",1.742594541,2.099658754,0.998073584,3.435339244,2.838806953,4.142218767,0.210075556,0.531051111,0.226193333,-0.855765556,0.282676667,-0.113486667,1.739576855,2.042771976,0.977550659,3.345682936,2.840522767,4.163861025,0.4781,-0.3586,0.2985,-0.6112,0.75415,-0.0352,5,1.414213562,1.5812625,2.179668092,6,2.449489743,2.641064286,3.027013442,6,3,1.077523077,0.879135154,4,2,1.239615,3.20385411,5,2.828427125,2.491776471,3.115145917,7,5.099019514,2.3057,4.142599014,0.485346298,1.046461574,-0.100763824,-0.342062611,0.125828995,0.213334325,0.164407107,-0.141239453,-0.373910399,2.404414374,-0.693098467,-0.262314532
"['44071.15406', '44073.84326']",1.664498448,2.049394615,0.943603728,3.471118458,2.845429609,4.051537571,0.124133333,0.418871111,0.255351111,-0.849754444,0.344675556,-0.446402222,1.669162273,2.017370842,0.913485377,3.384353067,2.840300186,4.049429641,0.4436,-0.3961,0.27135,-0.58045,0.78465,-0.8035,5,1.414213562,1.48943125,2.127601963,7,2.828427125,2.445130769,3.089785815,6,3,1.106008333,0.913962023,4,1,1.530883333,3.211575321,4,2.236067977,2.2298,3.437172479,7,4.472135955,2.328918182,4.454338705,0.59666627,1.107697006,-0.075626796,-0.367490563,0.096101948,0.35181819,0.30924168,-0.013819855,-0.090413786,2.214455262,-0.693717521,-0.10538332
"['44072.05883', '44074.74802']",1.624483632,2.053943449,0.895866623,3.288163666,2.858273959,4.046577338,0.1867,0.382557778,0.307716667,-0.867651111,0.34946,-0.194958889,1.622759878,2.029307712,0.846074022,3.189392824,2.852723312,4.064521927,0.5602,-0.373,0.3008,-0.7593,0.73845,-0.6266,5,1.414213562,1.305588889,2.021001509,6,3,2.250969231,3.014893892,6,3.31662479,1.076942857,0.872351931,5,2.236067977,1.665858824,3.099408329,4,2,1.8045,3.584926476,8,5.099019514,3.329133333,4.772675538,0.507823531,1.064203629,-0.034492877,-0.282930154,0.130115937,0.400149295,0.213138943,-0.177062925,-0.036249989,2.83703708,-0.753728367,-0.167006206
"['44072.96362', '44075.65279']",1.393155265,1.946520341,0.778699404,2.563923843,2.724480831,3.866393374,0.012373333,0.454551111,0.20921,-0.817016667,-0.1765,-0.29317,1.400904862,1.903306482,0.75427139,2.443880299,2.733988977,3.876860795,0.3337,-0.2407,0.3229,-0.8844,0.18915,-0.58705,5,1.732050808,1.1002625,1.549150553,7,2.828427125,2.518083333,2.719594849,6,3.31662479,0.731357143,0.82140552,5,2.236067977,0.9389,2.174343623,5,2.449489743,1.20915,3.149636971,8,6.164414003,3.413466667,4.329818192,-0.006934955,1.050659165,-0.083960313,-0.163546452,0.035104301,0.189293015,-1.421058991,-0.252424182,-0.112691246,0.544775665,-1.234399157,-0.347894859
"['44073.87341', '44076.55758']",1.302549812,2.001831014,0.75592129,2.337459387,2.529444729,3.840855523,0.049985556,0.463243333,0.235465556,-0.529877778,-0.104807778,-0.431987778,1.308882237,1.958404453,0.722336776,2.289362634,2.541430936,3.837866029,0.3312,-0.2407,0.39905,-0.73645,0.16855,-0.73615,4,1.414213562,0.611657895,1.56414201,8,3,2.857127273,2.577731487,6,3.741657387,0.831253846,0.683339166,4,2,1.259045,2.26792206,6,2.236067977,1.560973333,2.794330855,7,5.656854249,2.5041,4.492323912,-0.110116879,0.98944758,-0.276049481,0.175683006,-0.014921381,0.357582112,-1.419270531,-0.416603954,0.045593394,0.158080399,-1.099499561,-0.271140108
"['44074.7782', '44077.46242']",1.315254625,2.008860267,0.793772402,2.328679007,2.613543687,3.862244093,0.089544444,0.361201111,0.239007778,-0.762674444,-0.014168889,-0.039288889,1.319554261,1.987191569,0.76117511,2.212570382,2.628146881,3.883680525,0.3312,-0.352,0.38595,-0.70445,0.17365,-0.6673,4,1.414213562,0.687821053,1.634875327,8,3,3.064718182,2.626636026,8,3.605551275,0.885681818,0.78732059,4,1,0.73637619,2.221752335,7,2,1.716330769,2.968728247,6,3.741657387,2.514435714,4.40970332,0.022814491,1.199860774,-0.516889064,-0.19223004,-0.03464108,0.376807328,-1.031792169,0.335451027,1.034803175,0.364049963,-1.112479997,-0.277628128
"['44075.68297', '44078.36721']",1.423264168,2.119569749,0.833465368,2.221448018,2.589709017,3.941240783,0.062561111,0.405632222,0.211128889,-0.741178889,0.032823333,-0.238818889,1.429854357,2.092048773,0.810798053,2.105887049,2.604008121,3.956037911,0.0738,-0.4286,0.3564,-0.68415,0.4835,-0.73085,4,1,0.913405263,1.83400672,7,3.741657387,3.2754,2.761394436,10,1,1.190075,0.664834615,5,1.732050808,0.838372222,2.194194,6,2.645751311,2.254461538,2.572643426,7,4.69041576,2.309184615,4.745328538,0.308352011,1.228137152,-0.675072424,-0.199165795,-0.058790264,0.478126815,-0.581818448,0.329991592,1.448904267,-0.074319839,-1.062959949,-0.103628613
"['44076.58777', '44079.27197']",1.475766138,2.11159634,0.864861727,2.408884104,2.682260931,4.149293066,0.12732,0.490263333,0.180495556,-0.856348889,0.121384444,-0.319577778,1.478500523,2.065400598,0.850555962,2.264144129,2.694524319,4.160144322,0.442,-0.23615,0.29575,-0.8237,0.80875,-0.54685,4,1.414213562,0.997584211,1.971470131,7,3.741657387,2.923283333,2.945498071,7,3.741657387,0.862966667,0.836786608,5,2.449489743,0.9647375,2.181938829,5,2.449489743,1.953966667,2.966810745,6,4.69041576,2.717125,5.114964802,0.206638742,1.182149661,-0.508600666,-0.18655409,-0.105112415,0.392379019,-0.762229555,0.272875524,1.241379841,-0.431188978,-1.050863328,-0.234253827
"['44077.49257', '44080.17676']",1.453568548,2.123118676,0.849434364,2.87366973,2.68238704,4.02049831,0.094058889,0.565547778,0.184357778,-0.964863333,-0.05596,-0.277381111,1.458648368,2.057873278,0.833832261,2.722010744,2.696827482,4.033388703,0.58805,-0.29115,0.2774,-0.9151,0.62605,-0.40735,4,0,0.659385,1.786099745,7,3.31662479,3.068554545,2.562655953,5,2.645751311,0.706875,0.777382804,6,2.828427125,2.079384615,1.895221743,4,1.414213562,1.76076875,2.88190002,7,5.196152423,2.173533333,4.638466093,0.093441572,0.997087654,-0.227499883,-0.325831683,-0.118331995,0.217124363,-0.903675124,-0.354949492,0.536444895,0.00947778,-1.168278802,-0.309180064
"['44078.39736', '44081.08159']",1.374298517,1.886287205,0.804040316,3.043525149,2.800246307,3.772549008,-0.020845556,0.421846667,0.253507778,-0.847618889,0.010056667,-0.618312222,1.38183874,1.84881144,0.767304616,2.939488757,2.815915924,3.742383188,0.37165,-0.27745,0.26755,-0.69255,0.638,-0.54685,4,1,0.532042857,1.680305281,8,3.16227766,3.33944,2.205434056,4,1.414213562,0.57297,0.745053571,5,2.645751311,1.73311875,2.394021184,4,1.732050808,1.516958824,3.177884697,9,5.744562647,2.40291,4.174030194,-0.077830739,1.082961914,0.072482121,-0.397920285,-0.129559733,0.106112708,-1.361233255,-0.088642754,0.189575587,-0.009712782,-1.236558948,-0.45863187
"['44079.30213', '44081.98637']",1.310147442,1.826217931,0.778325821,2.941639232,2.87461589,3.469086787,0.04292,0.374116667,0.266666667,-0.8639,0.140861111,-0.522103333,1.31678011,1.797500695,0.735314635,2.827677481,2.887247668,3.448786486,0.47555,-0.2849,0.2838,-0.4404,1.05765,-0.2819,4,1.414213562,0.548275,1.560065178,8,3.16227766,3.32531,1.863796117,4,1.414213562,0.583944444,0.732553451,5,2.449489743,1.4893125,2.476981514,5,2.449489743,1.4726,3.13189487,7,4.123105626,1.671963636,3.537247399,-0.203975495,1.122890455,0.123572888,-0.415264881,-0.243848971,-0.106451549,-1.334986593,0.031677067,-0.184890634,0.220996824,-1.310937378,-0.537710741
"['44080.20695', '44082.89121']",1.287850119,1.818849367,0.767058559,2.555498897,2.811400669,3.492715395,0.020447778,0.388075556,0.199094444,-0.818452222,-0.072824444,-0.458512222,1.294901773,1.786921697,0.744920033,2.434452968,2.826202297,3.481886456,0.2488,-0.25135,0.20275,-0.5532,0.7714,-0.18975,5,1.414213562,0.802505556,1.492669417,8,3.31662479,3.25232,2.107478142,6,2.449489743,0.619066667,0.789727529,4,1.414213562,0.62979,2.49816148,5,3.31662479,1.938986667,2.762971369,8,3.464101615,1.797354545,3.915054252,-0.088882364,1.142807382,0.047072415,-0.059646145,-0.130201815,0.036930651,-1.285509369,0.106071009,-0.18589222,-0.110207578,-1.302292252,-0.502768105
"['44081.11174', '44083.79598']",1.245712373,1.879393175,0.777031966,2.49042286,2.812247594,3.379973655,0.02791,0.346678889,0.181847778,-0.876297778,0.009353333,-0.509024444,1.252376758,1.857489912,0.759685813,2.344220099,2.827986965,3.360143861,0.16125,-0.2652,0.22895,-0.64885,0.85355,-0.42975,5,1.732050808,0.867582353,1.489427186,7,3.605551275,2.756058333,2.571883215,7,2.828427125,0.808575,0.823437768,4,1.414213562,0.54069,2.270565655,5,2.828427125,2.02149375,2.774730683,7,4.472135955,1.895790909,3.542952311,-0.008226796,1.271542061,-0.172771135,-0.653553654,-0.181527877,0.099574706,-1.350669345,0.612480669,0.565633225,2.204675864,-1.26622596,-0.40251689
"['44082.01653', '44084.70082']",1.255635072,1.901902041,0.808502778,2.445432402,2.720208292,3.348192198,0.066838889,0.316538889,0.197578889,-0.832536667,-0.038944444,-0.3388,1.260879306,1.885882219,0.788381497,2.312234218,2.735167319,3.349667936,0.449,-0.2927,0.22895,-0.7496,0.654,-0.24605,5,1.732050808,0.938713333,1.467012096,7,3.872983346,3.103109091,2.615813587,6,3,0.668372727,0.805319696,4,1.414213562,0.49975,2.241404427,5,3,1.911288235,2.520353343,7,4.582575695,2.066681818,3.530599511,-0.065730117,1.325430336,-0.13188947,-0.834568358,-0.130845626,0.060478352,-1.359514767,0.729784039,0.373992651,2.755103361,-1.204155595,-0.381986411
"['44082.92136', '44085.60563']",1.260704363,1.809279773,0.782231788,2.405335794,2.710830458,3.319380916,0.044552222,0.354735556,0.144366667,-0.864415556,-0.02204,-0.430422222,1.266975311,1.784102829,0.773101409,2.257218987,2.725927203,3.309795427,0.2891,-0.27845,0.18735,-0.5204,0.27145,-0.17335,5,1.732050808,0.91883125,1.442811824,8,3.741657387,3.4026,2.288428146,7,3.16227766,0.785258333,0.719416807,4,1.732050808,0.424875,1.954579244,4,2.645751311,2.133041176,2.293243348,7,2.645751311,2.04102,3.869135211,-0.144677543,1.319514748,-0.164747747,-1.25770511,-0.170396295,-0.170353144,-1.365594792,0.978225984,0.393415235,3.870508325,-1.097360903,-0.554917149
"['44083.82614', '44086.51043']",1.315168812,1.816347051,0.721051809,2.375877865,2.675547456,3.414681955,0.012205556,0.394103333,0.151382222,-0.847155556,-0.018554444,-0.453774444,1.322479806,1.783009467,0.708931163,2.232147851,2.690471937,3.403357141,0.4839,-0.3635,0.13445,-0.49885,0.2758,-0.0334,5,1.732050808,0.7461,1.502129975,11,0,4.2875,0.761985886,6,3.31662479,0.662514286,0.667690456,4,1.414213562,0.482357143,2.058376592,5,2.645751311,1.41890625,2.881707649,6,2.828427125,1.671621429,3.376613215,-0.212871611,1.112129883,0.082523777,-0.574195787,-0.193284862,-0.244129693,-1.338228878,0.077500394,-0.191111724,1.140797863,-0.902114725,-0.553665678
"['44084.73097', '44087.41525']",1.311511651,1.712747261,0.716761124,2.367329981,2.730059051,3.340093937,0.02731,0.357273333,0.180094444,-0.854206667,0.005904444,-0.49698,1.318573147,1.684454051,0.697653571,2.220214583,2.745347199,3.321417484,0.4465,-0.3184,0.09485,-0.7279,0.2311,-0.0421,4,1.414213562,0.6578,1.564179551,9,2.645751311,3.415033333,1.409931883,5,2.828427125,0.704233333,0.610455142,4,1,0.59135,1.995368638,6,3.16227766,1.66418,3.120963247,6,3.31662479,1.431821429,3.412281487,-0.142404382,1.042718917,0.072600215,-0.425134246,-0.171437775,-0.239327312,-1.174902133,-0.073837415,-0.245017217,0.813538414,-0.913796235,-0.548811118
"['44085.63578', '44088.32007']",1.319994066,1.832618483,0.716143891,2.502359066,2.725232858,3.220448945,0.007785556,0.342495556,0.194355556,-0.788533333,0.002932222,-0.46204,1.327365959,1.810415735,0.693127735,2.388176511,2.740498802,3.20498723,0.41055,-0.4099,0.10735,-0.7954,0.4046,-0.34075,4,1,0.670838095,1.664451676,8,3.16227766,3.11653,2.034926699,5,2.236067977,0.65483125,0.713768499,3,1,0.681190909,2.138952712,5,2.449489743,1.5744,3.491230625,6,3.464101615,1.335392857,3.026467678,0.031218949,1.120134781,0.193532004,-0.465328433,0.072250426,-0.184949135,-1.029652585,0.055412792,0.1809165,0.40574548,-0.740031428,-0.541368896
"['44086.54061', '44089.22484']",1.312405553,1.807855459,0.757711798,2.47646321,2.705545253,3.385752262,0.053098889,0.38388,0.187743333,-0.747056667,0.010986667,-0.612358889,1.318677393,1.776526011,0.738196746,2.374323968,2.720680055,3.348570292,0.3531,-0.24585,0.12045,-0.67115,0.54175,-0.44845,4,2.449489743,1.022166667,1.670271517,8,3.16227766,2.63554,2.400163293,6,3,0.718257143,0.746157278,4,1,0.763725,2.035218536,6,3.605551275,2.139906667,3.02270622,6,2.645751311,0.723576923,3.982012906,0.147932446,1.106637165,0.118653335,-0.470607454,0.10314432,-0.176396449,-0.833749186,0.092425231,0.243808659,-0.114787753,-0.861179364,-0.66426754
"['44087.4454', '44090.12963']",1.399783602,1.928060243,0.821865355,2.682818252,2.843608657,3.660041448,0.071074444,0.393252222,0.241318889,-0.940824444,0.027644444,-0.464306667,1.405809895,1.898104345,0.790039872,2.526517082,2.859404232,3.650810353,0.50215,-0.34125,0.1986,-0.53205,0.67555,-0.44845,5,2.236067977,1.1778,1.775582223,8,3,2.894381818,2.720155319,6,2.828427125,0.818753846,0.859963735,4,1,0.363690476,2.191144942,6,4.472135955,2.446542857,2.877644199,6,2.449489743,0.789335714,3.956833414,0.058430617,1.229263186,0.186958714,-0.573010181,-0.058727969,-0.177369312,-0.903720097,0.387554519,0.162037121,0.145794834,-0.906946391,-0.655473043
"['44088.35022', '44091.03444']",1.467409487,1.918102089,0.792598614,2.875846005,2.968672022,3.878169477,0.065903333,0.410567778,0.240333333,-1.006574444,-0.182287778,-0.647251111,1.474141387,1.884142803,0.759514338,2.709029496,2.979670117,3.845198091,0.438,-0.27545,0.18745,-0.7153,0.6076,-0.6587,4,1,1.176488235,1.804101284,7,3,2.783058333,2.982841616,6,2.828427125,0.642233333,0.815297557,4,1,0.67807,2.276946386,5,3.31662479,1.986733333,3.010091287,6,3.16227766,1.073707143,4.457509385,0.050560074,1.382230679,0.224247305,-0.606937265,-0.210643792,0.131056422,-0.7375538,1.125651648,0.033046821,0.435995149,-1.228535615,-0.402099034
"['44089.25499', '44091.93925']",1.40591252,1.973735388,0.76419258,2.832191592,3.002471988,3.916786489,0.098916667,0.385066667,0.276105556,-1.070235556,0.003135556,-0.685963333,1.410285235,1.946653579,0.716562031,2.636884986,3.019291045,3.877854677,0.5687,-0.27965,0.3066,-1.1945,1.0482,-0.957,4,1,0.884673684,1.736295187,7,3,3.281618182,2.891660625,5,1.414213562,0.603858824,0.759382821,4,1.414213562,0.548355,2.258869957,6,3,2.202393333,3.010820737,6,3.16227766,1.174057143,4.198355486,0.006217223,1.30309555,0.149849943,-0.579401864,-0.258957259,0.329528607,-0.726437462,0.877737927,-0.107130464,0.598825882,-1.189933212,-0.521368027
"['44090.15981', '44092.84403']",1.386808893,1.855447186,0.70794716,2.879347458,2.830654875,3.905277506,0.12192,0.368928889,0.244481111,-1.171883333,-0.082852222,-0.404491111,1.389178472,1.828586414,0.668115202,2.644816451,2.845293428,3.90603414,0.46045,-0.2491,0.2423,-1.61125,0.66955,-0.7782,4,1,0.748268421,1.63887883,8,2.828427125,3.40517,2.455945489,5,1.732050808,0.51693125,0.707157734,4,1.732050808,0.53,2.255734684,5,1.414213562,1.43888125,3.103501883,6,2.828427125,1.669408333,4.314987367,-0.002015409,1.284526048,0.076816967,-0.534469379,-0.158569963,0.35962072,-0.837272196,0.951849385,-0.226802912,0.809869527,-1.22462331,-0.704775446
"['44091.06462', '44093.74881']",1.311316399,1.78439299,0.694513849,2.571834768,2.605272973,3.714528464,0.039185556,0.364891111,0.209941111,-0.904633333,-0.048263333,-0.457731111,1.318073872,1.756471674,0.665731662,2.420970032,2.619418866,3.706869351,0.19035,-0.21575,0.16835,-1.24375,0.61175,-0.5093,5,2.645751311,1.01555625,1.449927468,9,2.449489743,3.568044444,1.882726042,6,2.645751311,0.536985714,0.759757216,4,1.414213562,0.368605556,2.21259265,6,2.828427125,1.928185714,2.672704388,7,5.477225575,1.806825,3.731665289,-0.012857716,1.10156406,0.15667293,-0.408350906,0.000588259,0.162443887,-1.385102077,0.211357465,-0.355664818,0.677235716,-1.287904382,-0.843314101
"['44091.9694', '44094.65359']",1.273191567,1.676181738,0.697824505,2.644284319,2.549118813,3.562189982,0.097414444,0.419726667,0.16865,-0.856363333,-0.155128889,-0.415072222,1.276571282,1.631871218,0.680931777,2.515791309,2.558648602,3.557745352,0.5727,-0.1377,0.1331,-1.2767,0.21085,-0.18665,5,3.741657387,0.9563375,1.487778741,10,2.449489743,3.291911111,1.958949854,7,3.16227766,0.550433333,0.800855126,4,1.732050808,0.443194444,2.435932873,6,3,1.426238462,2.935783535,7,5.291502622,2.027108333,3.443928824,-0.130754437,1.186406747,0.204912252,-0.322544658,0.082579928,0.008723261,-1.313874576,0.59149388,-0.194522014,0.533514039,-1.163769793,-0.66799019
"['44092.87418', '44095.55838']",1.252073524,1.733584091,0.741637217,2.44971058,2.567782683,3.512311081,0.103518889,0.449768889,0.127368889,-0.869933333,-0.184684444,-0.426884444,1.254777278,1.683602202,0.734711313,2.302872688,2.57548067,3.505804003,0.5177,-0.16745,0.1493,-1.0745,-0.03085,-0.07405,5,3,1.21916,1.396310794,8,3.16227766,2.22918,2.28288235,7,3.464101615,0.6625,0.845141271,4,1.414213562,0.28599,2.221404349,5,2.236067977,1.425914286,3.022858635,7,4.582575695,2.051123077,3.266495113,-0.025460858,1.141955625,0.069647258,-0.21998164,0.264136437,-0.035723916,-0.965149711,0.377555169,-0.162904875,-0.016801276,-0.773841794,-0.690733245
"['44093.77896', '44096.46316']",1.209006123,1.626410406,0.746606551,2.453846266,2.592976235,3.426062331,0.058484444,0.339823333,0.167988889,-0.770294444,-0.133695556,-0.516932222,1.214355999,1.599423287,0.731537528,2.34286082,2.604034495,3.405813892,0.42065,-0.31285,0.1825,-0.5619,0.0403,-0.32675,4,1.414213562,1.02519375,1.475108239,6,3.31662479,1.909369231,2.315665483,7,2.828427125,0.6546,0.826608071,5,1.732050808,0.547111111,2.212942497,5,2,1.255886667,3.204759319,6,3.464101615,1.695476923,3.604398178,0.080396308,1.12389683,0.060869918,-0.326830256,0.238810736,0.080608635,-0.897661296,0.279021832,-0.010365294,0.011892026,-0.781203949,-0.566210394
"['44094.68377', '44097.36791']",1.234655919,1.643027693,0.761620943,2.311681856,2.560534541,3.564561168,0.062785556,0.362266667,0.170194444,-0.870441111,0.018565556,-0.482472222,1.239966423,1.611570724,0.746520227,2.153540265,2.574811701,3.551544242,0.3401,-0.30105,0.1666,-0.5619,0.2774,-0.46115,5,1.732050808,0.935570588,1.506496074,6,3.741657387,1.900046154,2.283169263,6,2.645751311,0.594121429,0.833604713,4,1.732050808,0.438961111,1.87509107,5,3.31662479,1.712464706,2.751879229,7,4.898979486,2.270454545,3.794759575,0.084838258,1.00265436,0.077942141,-0.421819132,0.004631013,0.141468306,-0.971971711,-0.012453436,-0.053186143,0.139586741,-0.751000312,-0.777025066
"['44095.58853', '44098.27271']",1.140507548,1.640360953,0.724044528,2.14803685,2.785407149,3.45192081,0.013214444,0.292335556,0.217521111,-0.694396667,0.099577778,-0.552957778,1.14682001,1.623144258,0.694466524,2.04408932,2.799221305,3.426433183,0.2911,-0.3118,0.19895,-0.36205,0.71105,-0.69045,4,1.732050808,0.5879,1.332374993,7,3.31662479,1.86975,2.519728377,6,2.449489743,0.520053333,0.742088553,4,1.414213562,0.593022222,1.803807549,5,3.31662479,1.469464706,3.243345244,8,4.795831523,1.7298,3.884770694,-0.012100827,1.148223099,0.001829419,-0.405293862,-0.217961666,0.134716446,-1.338316696,0.374393754,-0.149080074,0.334646904,-1.015520582,-0.620373054
"['44096.49332', '44099.17747']",1.037829368,1.492340688,0.745893404,2.220857278,2.681156944,3.295398778,0.119375556,0.329213333,0.111011111,-0.29064,-0.153054444,-0.604431111,1.03671659,1.463729798,0.741718436,2.214092224,2.691780917,3.257641755,0.4036,-0.1706,0.1348,-0.136,0.12345,-0.70055,4,2,0.692047059,1.298507854,7,3.16227766,1.847291667,2.252138818,6,3,0.601446154,0.620466211,4,1.732050808,1.252594737,2.265659327,5,3.605551275,1.5468,3.031968822,6,4.123105626,1.476472727,3.792358194,-0.029912574,1.186474868,-0.411855317,0.235836319,-0.031976279,0.065574141,-0.795332458,0.750177422,0.383409083,0.362399075,-0.87680898,-0.557213849
"['45753.25472', '45755.93866']",1.499218775,1.725782063,1.052005172,2.458143925,1.474578039,3.911801433,0.426984444,0.464303333,0.033762222,-0.222642222,0.120337778,-0.774071111,1.445180715,1.671462903,1.05735386,2.46175506,1.477893007,3.855931362,0.91285,-0.19865,0.3318,-0.02795,-0.00755,-0.2852,9,4.898979486,1.90947,1.144923581,13,0,3.355357143,0.609096776,7,3.741657387,0.691027273,0.783515694,6,3.31662479,1.763535714,1.698781617,8,3.31662479,1.72976,0.931139369,11,10.14889157,4.29175,2.232365326,-0.304661008,0.693110982,-0.782314829,-0.447971403,0.316969063,-0.019479343,-1.176231313,-0.817074425,0.10832254,-0.005861464,-1.179675045,-1.03559841
"['45754.15942', '45756.84335']",1.422367248,1.633951566,1.059153708,2.265363935,1.434843751,3.950890961,0.397406667,0.442684444,0.055307778,-0.287902222,0.169274444,-0.313118889,1.373373145,1.581652309,1.063634253,2.259583202,1.43280603,3.960528048,0.99735,-0.16835,0.40075,-0.03645,0.19385,0.0148,7,3.741657387,1.273261538,1.401748242,13,0,3.231233333,0.576320767,9,4,0.8286,0.813478775,5,2,1.33085625,1.82450377,8,3.16227766,1.663245455,0.833916292,10,10.19803903,4.6304,1.494454509,-0.363492961,0.68354863,-0.815329448,-0.497919275,0.05519773,-0.186475808,-1.36447914,-0.842089676,-0.04577947,0.503659236,-1.019491961,-1.244766219
"['45755.0641', '45757.74804']",1.334610964,1.609552843,1.030929255,2.394793116,1.510438032,3.810800694,0.275981111,0.462133333,0.037761111,-0.54968,0.115658889,0.195747778,1.313079735,1.550419959,1.036009145,2.343913315,1.514440403,3.827090933,0.901,-0.12355,0.38345,-0.11615,0.1707,1.3085,7,3.464101615,0.901466667,1.527365892,12,0,3.147228571,0.554762525,9,4.472135955,0.979244444,0.429012561,5,2.449489743,1.567086667,1.727010152,7,3.464101615,1.48115,1.247577368,13,11,4.846057143,1.46946287,-0.22416676,0.631357225,-0.864677747,-0.686555831,-0.083026858,-0.414553708,-1.515320675,-0.960832283,0.141915546,0.671535938,-0.884163271,-1.101176463
"['45755.96881', '45758.65274']",1.266885195,1.606927537,0.919426968,2.443110638,1.493615023,3.779816279,0.127141111,0.44783,0.000574444,-0.613632222,-0.123121111,0.363886667,1.267550904,1.551910009,0.924577679,2.378041064,1.496871016,3.78333689,0.51555,-0.0596,0.3323,-0.2723,0.11875,1.40555,5,1.732050808,0.534578571,1.464088484,12,0,3.120357143,0.46976768,10,4.358898944,0.9554,0.254063411,6,2.645751311,1.867361538,1.993252259,7,3,1.3136,1.126664969,15,11.3137085,5.400716667,1.329145723,-0.078419616,0.603831713,-0.964360346,-0.417469409,-0.110569394,-0.398983482,-1.623829922,-1.058708164,0.129116175,0.567266582,-1.128023413,-1.095644149
"['45756.87353', '45759.55744']",1.242695639,1.607471203,0.898379665,2.576535822,1.531535475,3.528718756,0.012055556,0.398551111,-0.034265556,-0.616868889,-0.070394444,-0.020468889,1.249598768,1.566004224,0.902755273,2.515616094,1.538487868,3.548427943,-0.35875,-0.11795,0.2948,-0.19815,-0.08135,0.6199,6,2.236067977,0.435223077,1.420620743,13,0,3.295983333,0.61264489,9,4,0.810355556,0.367315767,7,3,2.174166667,1.564556378,7,2.645751311,1.386636364,1.189052093,17,12.489996,5.560075,1.507221467,0.05627003,0.732224579,-0.928404776,-0.395610225,0.0391288,-0.206258079,-1.668477915,-0.807081453,0.158872173,-0.033059661,-1.153940333,-1.131899703
"['45757.77822', '45760.46214']",1.222494312,1.564899617,0.891407226,2.329420939,1.314230424,3.537950263,0.063786667,0.403072222,-0.057172222,-0.260077778,-0.005844444,-0.314085556,1.227668496,1.520570278,0.894555543,2.327825169,1.321580048,3.543723379,0.2652,-0.16795,0.2948,-0.08475,0.08,-0.3308,6,2.645751311,0.697492308,1.26127476,13,0,3.1764,0.540902406,9,3.741657387,0.764255556,0.388590173,6,3,2.489869231,1.683430748,8,2.449489743,1.4767,0.829268761,18,13.26649916,5.77725,1.339329719,-0.070659792,0.672882199,-0.825280858,-0.102459655,0.091252963,0.086833174,-1.718343849,-0.893544099,-0.192230125,-0.01819517,-0.898269015,-1.218585064
"['45758.68292', '45761.36685']",1.20991515,1.532176079,0.891185925,2.222930501,1.257839959,3.473871325,0.184417778,0.385791111,-0.020093333,-0.25323,0.173268889,-0.497537778,1.202476975,1.491118229,0.895950785,2.220832195,1.252828409,3.457318297,0.855,-0.22415,0.27845,-0.08475,0.18405,-0.8936,6,2.828427125,0.756828571,1.221453013,12,0,3.133428571,0.547616793,7,3.464101615,0.6884,0.431913947,6,2.828427125,2.02134,1.571023566,8,2.645751311,1.481518182,0.790475541,13,10.77032961,3.306816667,3.91172174,-0.246379897,0.684073022,-0.830412209,-0.218075013,-0.016670059,0.141285565,-1.657301113,-0.840591754,0.033115339,0.048432965,-0.932069544,-1.22207554
"['45759.58762', '45762.27159']",1.210306056,1.475243502,0.942716828,2.14307656,1.205264519,3.522059206,0.31202,0.381746667,-0.004404444,-0.167377778,0.083282222,-0.157513333,1.175946113,1.432978976,0.94798785,2.148499775,1.209119825,3.538247128,0.999,-0.20705,0.2644,-0.03595,0.0881,-0.23545,5,2.828427125,0.98921875,1.061868591,11,3.16227766,2.362414286,1.413825214,7,4.358898944,0.823172727,0.461457309,6,2.449489743,1.998230769,1.645959134,8,2.828427125,1.22533,0.748333333,9,6.92820323,2.3490125,4.114733192,-0.416039983,0.617543587,-0.754319162,-0.30465318,-0.173909555,0.023814666,-1.503409631,-1.007229219,-0.178896739,0.489250784,-0.968712375,-1.349416609
"['45760.49232', '45763.17628']",1.217197599,1.440063632,0.996439748,2.365023204,1.33539221,3.413014812,0.279726667,0.358052222,-0.039684444,-0.484703333,0.061121111,0.131207778,1.191255917,1.40265546,1.001227103,2.327789541,1.341466123,3.429598391,0.94775,-0.1443,0.2415,-0.22405,0.00965,0.5574,5,2.645751311,1.0877125,1.101026565,9,3.16227766,1.970611111,1.674294271,8,4.472135955,0.88674,0.460088212,6,2,1.789628571,1.45661344,6,3.16227766,0.859642857,1.393598951,9,3.605551275,1.7311,4.720221427,-0.299994548,0.551759189,-0.837415946,-0.27963049,0.056686807,-0.109111694,-1.549688755,-1.112976846,-0.020649274,-0.376739922,-1.212964825,-1.330620737
"['45761.39703', '45764.08097']",1.231145758,1.426553746,0.986020022,2.565850259,1.375727625,3.437168495,0.139094444,0.359737778,-0.086293333,-0.596047778,-0.078944444,0.313911111,1.230116169,1.388184445,0.987739474,2.509640544,1.38115521,3.441979502,0.4665,-0.0879,0.2499,-0.27855,-0.3474,1.2609,5,2.645751311,0.943086667,1.222249424,9,3.16227766,1.889866667,1.639494373,10,2.828427125,0.858625,0.412514927,6,1.732050808,2.040484615,1.597051248,6,2.828427125,0.857115385,1.499677053,9,4.123105626,1.96729,4.568750576,-0.09404812,0.515485359,-0.847335199,-0.310240468,0.287211397,-0.189615193,-1.662932219,-1.160897948,-0.113812851,-0.301468676,-1.226915268,-1.335359502
"['45762.30174', '45764.98568']",1.220474618,1.446201029,0.963980741,2.693081593,1.374458051,3.333838458,0.021101111,0.336862222,-0.086808889,-0.62534,-0.119142222,0.009093333,1.227128618,1.414300611,0.965442658,2.634147948,1.37695563,3.352503099,-0.29315,-0.19885,0.26895,-0.29095,-0.5535,0.19815,5,1.732050808,0.555986667,1.297600202,11,3,1.80455,1.835067195,8,3.16227766,0.75153,0.3044487,6,2,2.1708,2.176336497,6,2.449489743,0.593992308,1.608208618,8,4.358898944,1.495655556,4.477115075,0.055306144,0.559856681,-1.012230585,-0.042309839,0.515714254,-0.065326606,-1.686349543,-1.086169668,0.158704563,-0.525312311,-1.072193013,-1.308764663
"['45763.20643', '45765.89038']",1.224270412,1.511133699,0.917563527,2.598911597,1.340017308,3.434039424,0.026271111,0.367432222,-0.07071,-0.405811111,-0.057321111,-0.307304444,1.230845641,1.473994327,0.919960081,2.58141433,1.346291039,3.439423075,0.075,-0.28665,0.30215,-0.0949,-0.347,-0.43225,5,2.236067977,0.556693333,1.301208999,11,2.645751311,2.4061875,1.542538612,8,3.464101615,0.70702,0.278024071,5,2,1.8909125,2.546809149,7,2.449489743,1.000858333,1.425709269,8,4.358898944,1.804344444,4.182653245,-0.002131307,0.611265653,-0.956884059,-0.039860973,0.408374791,0.062673864,-1.703829714,-1.021119142,0.021644887,-0.1161132,-0.975345443,-1.324735229
"['45764.11112', '45766.79507']",1.228854874,1.514598415,0.939800321,2.557042062,1.310474674,3.511037267,0.168786667,0.395422222,-0.06009,-0.3816,0.060274444,-0.493365556,1.224027166,1.470261255,0.943131558,2.542572569,1.31642168,3.495675628,0.78215,-0.24655,0.28385,-0.0949,-0.0182,-0.88295,6,2.236067977,0.643157143,1.319711115,11,2.645751311,2.5256875,1.599141016,9,3.605551275,0.756311111,0.288689965,5,2,1.913693333,2.703817726,6,2.236067977,1.00365,1.340451064,9,6.8556546,2.4759625,3.705663589,-0.210972132,0.638693103,-0.988988966,0.200547858,0.257727324,0.119989565,-1.639339954,-0.884385698,0.252900037,-0.381596418,-1.007012147,-1.307054249
"['45765.01583', '45767.69978']",1.232526711,1.441192031,1.009966017,2.320832813,1.399258215,3.598119958,0.281925556,0.376758889,-0.04698,-0.387407778,0.148935556,-0.32554,1.206571923,1.398867314,1.014524747,2.301089665,1.399103877,3.603438097,0.9181,-0.15555,0.28385,-0.17115,0.1247,-0.22005,6,2.645751311,1.019592308,1.2366732,13,0,2.8869,0.709076239,11,3.605551275,0.9004125,0.322818549,6,2.828427125,1.820821429,2.350891653,7,2.828427125,1.3172,1.488961735,13,10.39230485,5.0205,1.685182205,-0.337456825,0.64223978,-0.873005038,0.148184488,0.126746203,0.061073623,-1.535610864,-0.819015014,-0.072987542,0.103590606,-0.978493119,-1.298644555
"['45765.92053', '45768.60447']",1.210104509,1.34561056,1.055797702,2.114046585,1.395993963,3.407265587,0.315716667,0.299355556,-0.058304444,-0.421204444,0.202527778,0.050466667,1.174737991,1.319239067,1.06009245,2.083267151,1.388962704,3.425978202,0.93695,-0.1118,0.30045,-0.25565,0.1919,0.37105,6,2.449489743,0.895993333,1.214705761,12,0,2.615228571,0.654973831,13,1.414213562,0.988171429,0.311291325,6,3,1.799592308,1.816664322,7,2.828427125,1.415566667,1.45162199,13,9.055385138,3.5964,3.519508324,-0.360092375,0.633500581,-0.861996729,0.012949798,0.081749578,-0.066691576,-1.523825709,-0.815044509,-0.243158778,-0.336057847,-1.048681983,-1.269198101
"['45766.82523', '45769.50917']",1.155143921,1.326385827,1.039925462,2.444165104,1.313565468,3.286042569,0.23054,0.340715556,-0.128943333,-0.414103333,0.199001111,0.298948889,1.138246191,1.289059863,1.037681472,2.422324851,1.305677971,3.290748829,0.63115,0.03005,0.17885,-0.23095,0.12825,0.7825,6,2.449489743,0.685842857,1.277835101,11,3.741657387,2.3476375,0.589092675,9,4.123105626,0.8077625,0.40234608,6,2.828427125,1.796592857,2.565669883,7,3.16227766,1.356108333,1.534707126,10,7.348469228,2.788644444,3.872862103,-0.207645899,0.472815884,-0.654872245,0.264901912,0.283156795,-0.107940922,-1.606314228,-1.122243667,-0.560324414,0.232931523,-0.609807609,-1.259564007
"['45767.72993', '45770.41385']",1.137006043,1.43122291,0.906239896,2.502345,1.229132462,3.192159688,0.141751111,0.34448,-0.105734444,-0.534892222,0.102103333,0.350373333,1.134455484,1.396930541,0.90509288,2.458203128,1.231746438,3.190648168,0.3678,-0.07905,0.15955,-0.20175,-0.0944,1.1377,6,1.732050808,0.618553846,1.335600722,11,3.741657387,2.5469,0.757623436,8,4,0.702144444,0.370861942,5,1.732050808,1.404858824,2.496040249,6,2.645751311,1.120838462,1.436117911,10,6.480740698,2.655133333,3.726039712,-0.085731463,0.544940375,-0.809477471,0.281056117,0.601585709,-0.224811013,-1.637330819,-1.025887885,-0.160976038,0.094437529,-0.335022791,-1.196532071
"['45768.63462', '45771.31857']",1.172819063,1.487708582,0.761758059,2.487171832,1.200181376,3.153934444,0.042531111,0.292712222,-0.005326667,-0.504314444,-0.010151111,0.137321111,1.17861378,1.466799903,0.766006916,2.449150643,1.206861964,3.168596055,-0.0293,-0.17835,0.19625,-0.09975,-0.12595,0.50645,6,2.236067977,0.707966667,1.344516499,9,4,2.339475,1.527732018,7,3.741657387,0.66995,0.306752123,5,2.236067977,1.480676471,2.332206361,7,4,0.862975,1.364693923,13,9.539392014,3.244514286,3.312533159,0.002246138,0.67328103,-0.914636858,0.158841692,0.695052662,-0.155591708,-1.640946332,-0.880755416,0.286251671,0.139204634,-0.050822615,-1.095052565
"['45769.53932', '45772.22326']",1.224642024,1.637063775,0.769819241,2.078341989,1.243428405,3.324154452,0.077098889,0.373785556,0.017245556,-0.326905556,-0.073171111,-0.16956,1.229059868,1.602749024,0.773937713,2.063969766,1.248227583,3.338425755,0.0391,-0.21675,0.22125,0.05085,-0.33835,0.21995,7,3.31662479,0.959716667,1.320188809,11,3.31662479,2.9201875,1.613285566,9,4.358898944,0.68065,0.324651051,5,2.645751311,1.75389375,1.202462036,9,3.872983346,0.78876,1.452833045,14,11.87434209,4.66656,2.028384108,-0.03476845,0.728736634,-1.18122936,-0.437209051,0.789241267,-0.041477896,-1.635844114,-0.833478496,1.331612221,-0.485423674,-0.254485815,-1.044596683
"['45770.444', '45773.12796']",1.269857512,1.576996563,0.858740083,2.332541329,1.297765964,3.367238483,0.178393333,0.413498889,-0.058251111,-0.323455556,-0.082678889,-0.356743333,1.264308013,1.530345906,0.86156195,2.32294684,1.302385292,3.367045562,0.85375,-0.0609,0.21985,0.02125,-0.26555,-0.5124,7,4.242640687,1.1891,1.097740005,13,0,3.308028571,0.579492012,8,4.69041576,0.6444,0.418723778,6,3,2.262530769,1.420241422,9,3.605551275,0.9781,1.295718221,10,8.831760866,2.3918375,4.143168151,-0.231332053,0.691335053,-0.959129803,-0.34746915,0.055284853,0.139448176,-1.57018444,-0.765196334,0.543429336,-0.17579532,-0.180036444,-1.106946804
"['45771.34872', '45774.03266']",1.266188984,1.544111469,0.955597352,2.515508567,1.494039479,3.334796024,0.297944444,0.361567778,-0.060134444,-0.339186667,0.078577778,-0.401824444,1.237529836,1.509592576,0.959046304,2.506499905,1.500330132,3.329045056,0.93265,-0.0609,0.182,0.02125,-0.2365,-0.6381,6,3.464101615,1.215630769,1.080441272,13,0,3.204085714,0.724234217,7,4,0.722,0.512097647,7,3,2.567707692,1.3816686,8,2.645751311,1.1692,1.470057425,8,6.244997998,1.608511111,4.245298987,-0.361814472,0.69419139,-0.751705876,-0.323405115,0.108963044,0.161575713,-1.448699119,-0.67456421,0.08810264,-0.44812059,-0.724096373,-1.105452451
"['45772.25341', '45774.93734']",1.283485205,1.452357717,1.001821391,2.905241242,1.622780708,3.354957959,0.354941111,0.288946667,-0.053971111,-0.398611111,0.201882222,-0.039964444,1.240340643,1.431298415,1.005970881,2.893887838,1.619194805,3.373514017,0.97975,-0.269,0.1402,-0.1727,0.0536,-0.0701,7,4.242640687,1.3804,0.896852882,11,3.16227766,2.364757143,1.537349059,7,3.741657387,0.755858333,0.490549079,6,2.645751311,2.709921429,2.199141385,7,2.828427125,1.379945455,1.414689057,8,5.656854249,2.00084,4.120936591,-0.505321796,0.707980421,-0.788618263,-0.155559296,-0.085039657,0.046211536,-1.317876607,-0.598494846,-0.056894564,-0.628940767,-1.024866939,-1.262137853
"['45773.15811', '45775.84204']",1.261374256,1.494724006,1.028087059,2.811912103,1.535862753,3.289677479,0.309067778,0.315505556,-0.064415556,-0.48401,0.255567778,0.181442222,1.229774762,1.469231431,1.031815393,2.785460968,1.522934614,3.303071599,0.8623,-0.21175,0.1561,0.10925,0.17375,1.03975,8,3,1.2337,1.234008474,9,2.828427125,2.042022222,1.74083153,8,3.464101615,0.87657,0.476170259,5,2,2.2243625,2.181365589,7,2.449489743,1.452308333,1.405923687,10,6.92820323,3.252933333,3.043898789,-0.330574006,0.699075789,-0.72567298,-0.122174795,0.109025278,-0.11031379,-1.432545653,-0.640343195,-0.147189542,-0.747092374,-1.337899507,-1.141800384
"['45774.06281', '45776.74674']",1.314618781,1.499517228,1.035714732,2.822871452,1.409357894,3.317782285,0.211583333,0.347998889,-0.108366667,-0.619346667,0.117831111,0.31535,1.304749116,1.466748993,1.035800458,2.769519418,1.412291529,3.321264532,0.769,-0.21175,0.1839,-0.3401,0.02475,1.2606,7,3.741657387,1.0945,1.39851259,8,2.828427125,1.81879,1.922502796,8,3.605551275,0.74219,0.445766916,5,1.732050808,2.188026667,2.2602065,8,2.449489743,1.60375,1.358233179,10,6.782329983,3.301477778,3.268241944,-0.146881041,0.766038413,-0.860664181,0.03778306,0.24788639,-0.186538416,-1.428234988,-0.556636657,0.113161472,-0.762433209,-1.054240385,-1.105459997
"['45774.96749', '45777.65144']",1.37732998,1.483647342,1.088885114,2.520821109,1.404319931,3.258464443,0.129283333,0.321027778,-0.08061,-0.543868889,-0.014974444,0.0044,1.378931081,1.456614338,1.091980747,2.475241703,1.412107044,3.276716301,0.2402,-0.17515,0.22325,-0.3401,-0.3432,0.9546,7,3,0.995233333,1.6673285,8,3.605551275,1.874777778,2.070749103,9,4,0.80888,0.51890235,6,2.449489743,1.924346667,2.010776577,8,2.236067977,1.291909091,1.579105082,9,5.196152423,2.042722222,4.271888206,0.107113223,0.802493297,-0.906111969,-0.021114439,0.407586245,-0.042364836,-1.27828082,-0.457174106,0.51590904,-1.049740343,-0.689553821,-0.984653312
"['45775.8722', '45778.55616']",1.40339069,1.542028158,1.117228145,2.598577635,1.400720927,3.461954116,0.158064444,0.388841111,-0.096183333,-0.364515556,-0.10577,-0.357788889,1.402273016,1.500557232,1.119315975,2.587298431,1.404546646,3.462706948,0.56765,-0.1048,0.25895,-0.312,-0.57945,0.0202,5,2,1.079057143,1.538652703,9,3.872983346,1.99116,2.002401229,9,4.123105626,0.82888,0.555859898,5,2.236067977,2.166346667,2.195710684,8,2.828427125,1.148754545,1.744153757,8,3.741657387,1.393911111,4.672156002,0.034679277,0.773170819,-0.822273104,-0.021240218,0.599865477,0.053451657,-1.353115676,-0.523254568,0.249144783,-0.746826326,-0.49967621,-1.138672621
"['45776.77689', '45779.46086']",1.397419035,1.517663388,1.186577178,2.509427226,1.486167042,3.59348085,0.285834444,0.411933333,-0.089477778,-0.267338889,-0.034535556,-0.584454444,1.375536981,1.468872448,1.189827301,2.509124792,1.494089402,3.565497248,0.7514,-0.086,0.3104,0.0159,-0.4234,-0.55775,6,2,1.097464286,1.480616066,11,3.16227766,2.6910875,1.532948444,9,4.123105626,1.025411111,0.534799781,5,1.414213562,1.86933125,2.453058357,6,2.828427125,1.108664286,1.545715283,9,6.92820323,2.1770125,4.576460464,-0.159112607,0.779914641,-0.757339028,-0.055078656,0.248049522,0.185541194,-1.370725596,-0.478727939,-0.039548636,-0.812573744,-1.028962396,-1.13323522
"['45777.68162', '45780.36558']",1.352878623,1.487689913,1.175567898,2.494498611,1.443583774,3.551017274,0.370352222,0.349288889,-0.058105556,-0.387243333,0.084788889,-0.3065,1.308489059,1.454206102,1.180708826,2.478063155,1.44916499,3.557584601,0.9995,-0.1299,0.2797,-0.25335,-0.20155,-0.00885,5,1.414213562,0.9251125,1.415988232,9,3.464101615,2.0948375,1.873070629,7,4,0.9918,0.579720814,6,2.236067977,1.871221429,2.305507573,6,2.828427125,1.133735714,1.434186877,11,10.14889157,4.545466667,1.84223007,-0.382678591,0.753136804,-0.704276764,0.024474085,0.026294206,0.029753509,-1.399534907,-0.593798632,-0.249674204,-0.675139336,-1.078742115,-1.269483629
"['45778.58634', '45781.27026']",1.372594062,1.447831746,1.226788677,2.572959353,1.571517466,3.451972838,0.396603333,0.324408889,-0.094634444,-0.438567778,0.197826667,0.046863333,1.321408947,1.418924294,1.229985522,2.549509828,1.567750332,3.470991872,1.02495,-0.1593,0.18545,-0.393,0.253,0.61865,5,1.732050808,0.9487125,1.480081182,11,3.16227766,2.5507,1.466516533,7,3.872983346,0.979609091,0.589710608,7,3.16227766,2.117338462,2.138714911,6,2.645751311,1.38346,1.438217112,13,9.486832981,4.559785714,1.856946156,-0.385451227,0.677218032,-0.754057325,-0.006366648,-0.069392461,-0.07335229,-1.32234156,-0.796125806,-0.192685889,-0.941557177,-1.063820562,-1.208358659
"['45779.49101', '45782.17499']",1.320845397,1.459546354,1.142014361,2.540234931,1.484743011,3.281886547,0.267651111,0.332941111,-0.069081111,-0.566085556,0.118468889,0.320621111,1.30068949,1.429026226,1.146309241,2.490229579,1.488300531,3.284485709,0.7211,-0.0688,0.2052,-0.63285,-0.29155,1.42585,5,1.732050808,0.86646,1.566563936,11,3.16227766,2.5241375,1.472308907,8,3.16227766,0.84634,0.584215092,6,3.31662479,1.728885714,2.167374085,6,2.645751311,1.128407143,1.591027361,13,9.110433579,4.365785714,1.833541046,-0.154589294,0.598083174,-0.742021972,0.081227303,0.333680672,-0.238286688,-1.379410816,-0.860570074,-0.048139456,-0.771145324,-0.76796226,-1.115515431
"['45780.39573', '45783.07968']",1.327268022,1.466993218,1.102939741,2.455001245,1.44909291,3.195545504,0.14116,0.330955556,-0.073222222,-0.596536667,0.010324444,0.173578889,1.327133783,1.437180358,1.106671861,2.394764328,1.457174154,3.20870363,0.38845,-0.13855,0.2523,-0.55665,-0.5439,0.8979,6,2,0.944221429,1.539575694,12,2.236067977,2.5497125,1.452054605,8,3.464101615,0.86016,0.503917262,5,1,1.24358,2.018173849,6,2.236067977,1.155723077,1.552315106,13,9.746794345,4.212771429,1.845677046,0.016888359,0.622677367,-0.808345082,-0.019539327,0.575701121,-0.220002859,-1.413147459,-0.89176979,0.043949443,-0.780787484,-0.78322377,-0.977023002
"['45781.30041', '45783.98437']",1.289334366,1.544436021,1.018958042,2.138826663,1.308009753,3.184348457,0.05594,0.332557778,0.001086667,-0.431427778,-0.064117778,-0.19141,1.295336684,1.51665627,1.024665953,2.106598677,1.313756336,3.196397828,-0.07625,-0.23465,0.3888,-0.2471,-0.5439,0.3911,5,3.16227766,0.887,1.465788722,10,3.31662479,2.114,1.963408124,9,4,0.85703,0.455410406,5,1.414213562,1.12545,1.810630153,7,2.449489743,1.041054545,1.418076351,14,8.660254038,2.8713,3.317861328,0.126994149,0.660116861,-0.839035984,-0.289888429,0.731633314,-0.086810062,-1.427538937,-0.887509597,0.034112912,-0.620011376,-0.658342503,-0.969756187
"['45782.20514', '45784.88907']",1.321148151,1.583768266,1.040416203,2.155606835,1.27154697,3.408495585,0.160368889,0.392676667,-0.01772,-0.355243333,-0.04033,-0.521976667,1.318725478,1.542912123,1.046093154,2.13804455,1.278027215,3.387160864,0.61555,-0.2235,0.3888,-0.007,-0.3475,-0.16875,5,2.645751311,0.75459375,1.398149168,9,3.31662479,2.200933333,1.855085951,9,4.123105626,0.878233333,0.456935523,5,1.732050808,1.6887375,1.462152565,8,2.449489743,1.191790909,1.184371679,9,5.656854249,2.246825,3.820238308,-0.112777014,0.631310176,-0.902439834,-0.418751831,0.430369597,0.099102291,-1.567461666,-1.038545487,0.097721541,-0.451767314,-1.12572357,-1.055451591
"['45783.10983', '45785.79376']",1.34823625,1.618570227,1.0507296,2.427345559,1.378665894,3.508750406,0.31619,0.414811111,-0.014958889,-0.382585556,0.019445556,-0.488707778,1.317977844,1.573277974,1.056509002,2.410434079,1.386251662,3.4940149,1.02555,-0.2235,0.3574,-0.01535,-0.22435,-0.0923,5,1.732050808,0.831725,1.419051348,8,3.16227766,1.90972,2.03944089,7,3.741657387,0.854016667,0.423820764,6,2.828427125,2.011333333,1.521988582,7,2.645751311,1.160325,1.293119554,8,4,2.3538375,3.855546769,-0.342021446,0.632623028,-0.944579491,-0.393810513,0.141681907,0.078764118,-1.449420326,-0.986378241,0.302882301,-0.004147497,-1.262194609,-1.179472722
"['45784.01452', '45786.69847']",1.393055045,1.593785091,1.094965482,2.768671771,1.492703628,3.584976826,0.413517778,0.405694444,-0.045108889,-0.49736,0.107736667,-0.031882222,1.337717688,1.549920853,1.100165021,2.738891509,1.497151317,3.604918321,1.0703,-0.2399,0.2903,-0.44525,-0.0104,0.22885,6,2,1.023171429,1.490148037,9,3.31662479,2.273488889,1.905269425,7,4.358898944,0.915063636,0.430481387,6,3,2.725278571,1.788825716,6,2.645751311,1.381692308,1.328475995,9,6.164414003,2.692488889,4.261384467,-0.500060737,0.727141292,-0.994615034,-0.08558535,0.078561601,-0.03722913,-1.233435066,-0.733269509,0.45238386,-0.205638512,-1.251054987,-1.229751247
"['45784.91922', '45787.60317']",1.380467537,1.58809363,1.089895985,2.917410348,1.444352741,3.462159324,0.32559,0.39704,-0.075751111,-0.592263333,0.088494444,0.240532222,1.349037774,1.546275174,1.093351473,2.872663986,1.44971567,3.47314291,1.0185,-0.3072,0.221,-0.50985,0.06545,1.23495,7,2.645751311,1.10435,1.505713338,10,3.872983346,2.365022222,1.982430847,9,4.358898944,0.85886,0.52044037,6,2.645751311,2.6126,2.334179465,7,3.16227766,1.313925,1.412374947,9,6,2.350955556,4.565071126,-0.355080676,0.798450774,-0.932029584,0.051261553,0.07971559,-0.212617752,-1.322892613,-0.518805305,0.333902301,-0.405932786,-1.159058552,-1.142793336
"['45785.82392', '45788.50786']",1.377691572,1.54547128,1.066392278,2.904518322,1.418549358,3.405635562,0.176355556,0.407343333,-0.091077778,-0.522657778,0.013523333,0.256133333,1.374012212,1.499174903,1.068448205,2.873112468,1.426431653,3.415015483,0.52565,-0.2899,0.20065,-0.3787,-0.3943,1.20255,7,3.605551275,1.316566667,1.299611334,11,3.605551275,2.7310625,1.576690589,10,3.16227766,0.868425,0.630696947,5,1.414213562,2.3111,2.84059332,7,3.31662479,1.192958333,1.327063968,9,5.567764363,2.38518,4.306343703,-0.157813819,0.824728665,-0.7961078,0.169512714,0.291530401,-0.202011607,-1.427115926,-0.437432022,0.143585608,-0.496829895,-1.099904032,-1.130085716
"['45786.72862', '45789.41255']",1.344363548,1.539393128,1.032598365,2.657883255,1.521744171,3.322833272,0.08811,0.410852222,-0.03315,-0.586441111,-0.087793333,-0.206773333,1.348988376,1.491865015,1.037848041,2.606902505,1.527720593,3.334972865,0.1188,-0.30085,0.24895,-0.31455,-0.4715,0.337,7,4.242640687,1.254563636,1.321666588,9,3.741657387,2.1716375,1.988061433,7,3.31662479,0.801741667,0.595116338,6,2.645751311,1.612093333,2.513410604,7,2.828427125,1.057266667,1.409912671,11,7.280109889,2.8272,3.624551019,-0.016719547,0.831342172,-0.710529777,0.043424676,0.231165638,-0.079426248,-1.429503599,-0.525825509,0.011636243,-0.438435985,-0.929761178,-1.260530288
"['45787.63332', '45790.31728']",1.355401269,1.613610846,0.991382336,2.605631737,1.633531962,3.295420928,0.205487778,0.436253333,-0.007257778,-0.452294444,-0.037304444,-0.486118889,1.347239639,1.562222809,0.996909626,2.580451976,1.642255076,3.277629104,0.52565,-0.1703,0.23795,-0.31455,-0.461,-0.47435,7,3.741657387,1.431391667,1.257816663,10,3.741657387,2.384955556,1.923988332,6,3.605551275,0.751553846,0.575951748,5,2,1.7765875,2.368076393,6,2.449489743,1.2043,1.52287558,9,5.830951895,2.1456125,3.860076888,-0.081968556,0.783513369,-0.732340156,-0.17443511,0.303827915,0.183412013,-1.387258162,-0.619495903,0.317480885,0.03752714,-1.014419695,-1.158036258
"['45788.53804', '45791.22199']",1.406451521,1.540099274,0.948452688,2.669496373,1.647792579,3.378482577,0.451091111,0.383247778,-0.012984444,-0.475722222,0.052912222,-0.215755556,1.339612732,1.500009072,0.953676808,2.641481821,1.656169471,3.390474869,0.9248,-0.1114,0.2449,-0.1545,-0.28365,-0.0315,7,3.31662479,1.551833333,1.350014841,9,4.472135955,2.241511111,1.884266808,5,3.464101615,0.776930769,0.488573163,5,2,1.666482353,2.157828546,7,3.16227766,1.451869231,1.489772633,9,3.31662479,2.2854875,4.274162933,-0.267653324,0.828985325,-0.777914715,-0.104477742,0.199401137,0.364854878,-1.164041963,-0.448694388,0.205137998,0.211226069,-1.003574315,-0.70999438
"['45789.44273', '45792.1267']",1.292681264,1.260094093,0.848644423,3.040013012,1.6459475,3.286574063,0.379942222,0.167226667,0.023325556,-0.958415556,-0.073256667,0.753691111,1.242506475,1.255945469,0.853076355,2.901144071,1.653528393,3.216908786,0.66725,-0.1114,0.0835,-1.4158,-0.52675,0.9387,7,3,1.442858333,1.112969426,10,4,1.5665375,1.654065053,6,4.123105626,0.576853846,0.583405977,5,2,1.43904,3.08915447,7,3,1.041166667,1.912298257,10,3.872983346,2.901975,3.822038105,-0.247794054,1.16713411,-0.477521972,0.566115385,0.393792299,0.174724933,-0.803916921,0.95034165,0.283374766,0.384841044,-0.931535671,-0.496903751
"['45790.34743', '45793.03139']",1.281574158,1.181057493,0.851975668,2.886924954,1.729821964,3.502994764,0.248423333,0.162255556,-0.04093,-1.132996667,-0.27591,0.865032222,1.264309712,1.176412822,0.855759434,2.670182593,1.717242999,3.413526039,0.5849,-0.1024,0.0097,-1.22825,-0.61145,1.2005,7,4,1.533472727,0.973409492,9,3.16227766,1.108255556,1.404083911,6,4,0.614992308,0.515660627,5,2,0.942764706,2.769239908,7,3.31662479,0.440823077,2.014549594,12,5,3.928371429,3.389929936,-0.196637603,0.756749367,-0.451040811,0.782086678,0.396780838,-0.112850438,-0.400839548,-0.255128545,0.001031421,0.998300655,-1.019045016,-0.317800475
"['45791.25214', '45793.9361']",1.23174796,1.41993273,0.898859659,2.688961678,1.671065881,3.690903365,0.106201111,0.283406667,-0.100313333,-1.00942,-0.313404444,0.292393333,1.234036004,1.399157313,0.898248814,2.506267997,1.650609336,3.699915944,0.4659,-0.0284,-0.02725,-1.163,-0.53775,1.00065,7,5.385164807,1.516663636,0.844824257,10,3.16227766,1.822477778,1.672758275,7,4.123105626,0.589345455,0.592837049,5,2.449489743,1.38849375,2.720901973,7,3,0.433841667,2.190933559,11,6.08276253,3.688214286,2.842664742,-0.204882488,0.713739217,-0.424858576,0.800850355,0.471151114,-0.308640605,-0.468961762,-0.177673646,0.08911306,0.938854655,-0.667379961,-0.643877866
"['45792.15685', '45794.84079']",1.352354732,1.594231231,0.94994305,2.307050997,1.64851361,3.759173836,0.205872222,0.365273333,-0.135022222,-0.603818889,-0.001204444,-0.614936667,1.344080637,1.560514806,0.945566068,2.239105546,1.65774861,3.729312487,0.6124,-0.0058,0.2102,-0.6966,-0.3105,-0.3703,8,5.385164807,1.7532,0.749745395,10,4.123105626,2.206666667,1.73295839,8,4.472135955,0.763144444,0.365200326,5,1.732050808,1.564776471,2.146242291,6,2.645751311,1.040892308,1.995934412,11,8.485281374,3.991066667,2.233003308,-0.263647313,0.504636067,-0.772694008,0.319257847,0.299014934,-0.012696511,-0.89350982,-0.82016757,-0.065873187,-0.088954992,-0.967221871,-1.056817194
"['45793.06154', '45795.74549']",1.392264623,1.636164145,0.969441008,2.218638707,1.575984105,3.68436684,0.283633333,0.240381111,-0.039273333,-0.461595556,0.244345556,-0.47926,1.370703756,1.627476515,0.9740718,2.182246685,1.565649175,3.673528441,0.6558,-0.20395,0.22505,-0.7253,-0.04535,-0.18405,9,5.656854249,1.93184,0.605977008,10,3.464101615,2.644842857,1.602828583,10,4.582575695,0.908555556,0.391588209,5,1.732050808,1.7660125,2.170619447,7,2.828427125,1.488875,1.621680119,12,8.94427191,3.934116667,1.982411166,-0.316901443,0.659050498,-0.93985912,0.395515963,0.273562922,-0.140457229,-1.096876394,-0.735476526,0.469908287,-0.036386557,-1.005053339,-1.085179638
"['45793.96625', '45796.65017']",1.364026129,1.567560313,1.008510635,2.330927988,1.599586429,3.534966167,0.273453333,0.245557778,-0.079238889,-0.587108889,0.253595556,-0.037475556,1.343821274,1.55688108,1.011025405,2.268414185,1.588204213,3.554570289,0.74115,-0.16955,0.20945,-0.7534,-0.12885,0.3765,10,5.477225575,1.817944444,0.590405969,9,3.464101615,2.012455556,1.708198146,8,3.872983346,0.827,0.420333352,5,1,1.482482353,2.221787099,6,2.449489743,1.174885714,1.485937515,13,9,4.216528571,1.78519269,-0.375790113,0.617517839,-0.93916804,0.147025413,0.214858639,-0.185161932,-1.141816452,-0.871759373,0.37127913,-0.187775987,-1.258039223,-1.166461755
"['45794.87094', '45797.55489']",1.369481339,1.594480389,1.006299692,2.41322658,1.519266024,3.502209359,0.203582222,0.316485556,-0.139922222,-0.653691111,0.118341111,0.17772,1.361851876,1.571510454,1.002107194,2.336018752,1.523135504,3.517292337,0.70155,-0.2302,0.0697,-0.80985,-0.3819,1.20735,11,4.898979486,1.8959125,0.540472963,9,3.741657387,2.054188889,1.683063126,8,3.464101615,0.7593,0.427388828,5,1.732050808,1.652513333,2.100358476,6,2.645751311,0.9395,1.401115907,11,7.549834435,3.0657,3.500178961,-0.295636827,0.553424518,-0.758812293,0.14367122,0.367102207,-0.354739533,-1.223126548,-0.940955287,0.006365014,-0.241101145,-1.113449405,-1.113964608
"['45795.77564', '45798.45962']",1.350541595,1.495801579,1.00009272,2.53746307,1.521370381,3.365820573,0.07114,0.31132,-0.191203333,-0.680285556,-0.03359,0.209244444,1.356222252,1.471241927,0.987144367,2.458266804,1.529520595,3.378129993,0.5132,-0.24605,0.09,-0.7464,-0.47365,1.3012,8,4.358898944,1.36108,1.128120337,8,3.464101615,1.71936,1.778116784,9,4.123105626,0.7155,0.463585735,5,1.414213562,1.79672,2.211406162,6,2.449489743,0.8952,1.440854914,10,7.141428429,3.005344444,3.286008719,-0.192106505,0.587228202,-0.806839604,0.204311696,0.535591096,-0.29445439,-1.423467969,-0.81173504,0.231034329,-0.548223485,-0.933914245,-1.16981515
"['45796.68036', '45799.36431']",1.376871544,1.464603877,0.974041406,2.316742214,1.480961359,3.270800724,-0.048388889,0.254606667,-0.146176667,-0.618551111,-0.081813333,-0.058655556,1.383729851,1.450383895,0.968405465,2.245149606,1.486983906,3.288595754,0.0594,-0.2844,0.13555,-0.62195,-0.5455,0.7349,8,4.69041576,1.438725,1.385502347,8,3.741657387,1.692377778,1.877499487,9,5,0.73672,0.43301604,6,2.828427125,1.535164286,2.13925097,7,2.236067977,0.772123077,1.49410544,11,6.708203932,2.7968125,3.505087202,0.033106256,0.633587272,-0.926268718,0.136352936,0.614407746,-0.149715849,-1.354929265,-0.716961079,0.692982203,-0.670628512,-0.87549303,-1.122592663
"['45797.58507', '45800.26901']",1.364897541,1.534242545,1.013952701,2.144935416,1.439859159,3.350736297,0.013642222,0.309202222,-0.175698889,-0.399238889,-0.157422222,-0.329506667,1.372475525,1.511181083,1.00420855,2.119259099,1.439245814,3.35317612,0.2959,-0.21695,0.1675,-0.3373,-0.60575,0.1581,8,5,1.20502,1.502111094,9,3.872983346,1.87011,1.86936161,8,4.358898944,0.75158,0.437481936,5,2.828427125,1.664993333,1.922167729,7,2.236067977,0.7029,1.384124986,11,8.717797887,4.26505,1.954223526,-0.044025851,0.618030322,-0.872819047,-0.032121354,0.528706325,0.027694761,-1.337901776,-0.81301158,0.552161468,-0.964609096,-0.957109331,-1.176293335
"['45798.48977', '45801.17371']",1.3734163,1.536976231,1.031449188,2.274554313,1.427035492,3.461614326,0.159272222,0.333863333,-0.163516667,-0.385065556,0.001706667,-0.523816667,1.371792161,1.508682024,1.02411088,2.254281733,1.435029125,3.440922084,0.8157,-0.1263,0.1675,-0.16035,-0.3099,-0.69485,9,4.472135955,1.542344444,1.143657823,11,3.464101615,2.4282375,1.463868886,11,3.872983346,0.767175,0.480918005,5,1,1.467025,2.341215146,7,2.645751311,0.84395,1.352336289,11,9.219544457,4.1213,1.780793382,-0.28613472,0.609585065,-0.685120134,0.114520634,0.254729782,0.104644027,-1.289981733,-0.766694956,-0.044801403,-0.756668978,-1.311062063,-1.277717895
"['45799.39446', '45802.0784']",1.338886284,1.532702942,1.040477401,2.286183386,1.436261946,3.412058775,0.261028889,0.242707778,-0.123586667,-0.44568,0.041057778,-0.3603,1.320551621,1.521842511,1.038899376,2.254883198,1.443718036,3.411990769,0.83305,-0.2296,0.11045,-0.4262,-0.09315,-5.00E-05,7,3.872983346,1.228283333,1.294075944,9,3.872983346,1.8908375,1.768230623,9,3.605551275,0.818966667,0.542819758,5,1.414213562,1.35779375,2.381009651,6,2.449489743,1.096823077,1.320099833,11,9.486832981,3.917633333,1.512818706,-0.486255156,0.675190745,-0.60795734,0.236566027,0.148606734,-0.051090253,-1.131995239,-0.671389733,-0.387027736,-0.643520603,-1.258059109,-1.364772917
"['45800.29916', '45802.98311']",1.44289669,1.457427624,1.137138311,2.354772667,1.608440302,3.373918701,0.31696,0.210464444,-0.14836,-0.456337778,0.27108,0.045464444,1.415539162,1.450230511,1.133734786,2.32307408,1.594314426,3.392512301,0.8082,-0.2678,0.11,-0.4268,0.3012,0.60315,7,4.123105626,1.620975,1.242862749,10,3.872983346,1.980055556,1.626794733,9,4,0.835088889,0.56662024,5,1.732050808,1.36696,2.668462843,6,2.828427125,1.669638462,1.477249816,13,8.774964387,4.256042857,1.484911719,-0.460510674,0.653441727,-0.693647104,0.361599353,0.033236423,-0.163979844,-0.826354924,-0.600286259,-0.288040648,-0.583477176,-0.871096482,-1.298776536
"['45801.20386', '45803.8878']",1.460566803,1.442445043,1.195199372,2.526322,1.69028789,3.21640925,0.230228889,0.23739,-0.211384444,-0.496497778,0.177684444,0.281004444,1.450387411,1.430747554,1.182948297,2.490930408,1.690339787,3.222060976,0.7182,-0.2678,0.02495,-0.4268,0.0798,1.44845,7,4.242640687,1.734890909,1.373120077,9,3.605551275,2.0839,1.689363056,8,4,0.724522222,0.621999401,6,2,1.168321429,2.934741545,7,3.464101615,1.840833333,1.621262118,10,6.633249581,3.081455556,3.172420137,-0.276469534,0.644326759,-0.623421965,0.272242141,0.149032059,-0.258502851,-0.862227026,-0.523290771,-0.405015104,-0.796044166,-0.535789963,-1.158646656
"['45802.10856', '45804.7925']",1.52928475,1.4313715,1.216423985,2.647543834,1.76544183,3.236079715,0.125627778,0.295781111,-0.254703333,-0.528785556,0.098757778,0.153935556,1.532654507,1.408323617,1.19612303,2.608733554,1.772552461,3.250525314,0.6911,-0.23695,0.11345,-0.44105,-0.1389,1.32195,8,4.582575695,2.06134,0.851621772,11,3.16227766,2.5164375,1.4381009,8,4.123105626,0.68545,0.613604522,5,2,1.381626667,3.019033268,6,3.464101615,1.725930769,1.860041345,10,6.633249581,3.116088889,3.172379801,-0.210448229,0.743294756,-0.681705426,0.306311355,0.176659571,-0.224361164,-1.034888765,-0.322325387,-0.248659663,-0.806884635,-0.599116353,-1.145831577
"['45803.01326', '45805.69721']",1.478938871,1.478022869,1.120056293,2.696913494,1.653335723,3.374316604,0.018302222,0.334696667,-0.18882,-0.534677778,-0.136706667,-0.132086667,1.487110422,1.447693543,1.110210931,2.658189775,1.656904949,3.390619759,0.20695,-0.24305,0.12985,-0.38505,-0.42905,0.7956,8,4.472135955,2.031377778,0.725553995,13,0,3.043216667,0.719436831,8,4.123105626,0.639618182,0.590894205,6,2.449489743,1.570206667,2.754047609,6,2.449489743,1.171114286,1.820778857,9,5.291502622,2.088888889,4.198209892,-0.079010428,0.723777072,-0.766411314,0.117713005,0.355775854,-0.121615622,-1.161050089,-0.554974034,0.099210569,-0.825282534,-0.510002741,-1.200321308
"['45803.91799', '45806.60192']",1.434127145,1.510895799,1.049175211,2.473349,1.554351868,3.507112306,0.090184444,0.368635556,-0.198397778,-0.36032,-0.177776667,-0.473535556,1.439307219,1.473443779,1.036017792,2.460670936,1.55280271,3.494464439,0.5547,-0.16995,0.13735,-0.31335,-0.36855,-0.07065,8,5.099019514,1.87969,0.66425717,11,3.605551275,2.5149375,1.398907495,7,3.741657387,0.619658333,0.503471069,5,2.236067977,1.974553333,2.276560193,5,2.236067977,0.984757143,1.67142202,8,3.16227766,1.216066667,4.893432438,-0.196056119,0.653124403,-0.795296405,0.062809144,0.289674463,-0.014111067,-1.183126061,-0.750134965,0.282960148,-0.604460105,-0.784553625,-1.271548834
"['45804.82268', '45807.50663']",1.361106794,1.50566435,1.000455198,2.507607162,1.515166041,3.532732424,0.212257778,0.37154,-0.17316,-0.405657778,-0.072423333,-0.530925556,1.351986681,1.467277861,0.990876127,2.488441122,1.521912861,3.512175418,0.6626,-0.1357,0.0816,-0.3938,-0.1684,-0.6359,8,5.567764363,1.812136364,0.613849547,10,3.872983346,2.068766667,1.616181852,7,3.464101615,0.690181818,0.475090473,5,1.414213562,1.92178,2.284137358,6,2.645751311,1.062007692,1.482321865,8,3.31662479,1.256155556,4.921947895,-0.266917978,0.54725212,-0.669194141,0.136107652,0.221364093,0.061570862,-1.131939183,-0.919807005,-0.037818221,-0.658889037,-1.04957507,-1.325062873
"['45805.72736', '45808.41134']",1.280939202,1.441738522,0.999271878,2.345893533,1.49703895,3.249105925,0.244013333,0.200776667,-0.126614444,-0.436781111,0.091213333,-0.355174444,1.264527472,1.435688312,0.996771057,2.317785377,1.502628847,3.247728054,0.7527,-0.241,0.14005,-0.5055,0.02105,-0.07065,7,4.69041576,1.419591667,0.968189607,9,4,1.9880375,1.775954963,7,3.464101615,0.720016667,0.469127585,5,1.414213562,1.416933333,2.430237606,6,3,1.285323077,1.33416306,9,6.164414003,1.8915125,3.818806691,-0.423893801,0.734352852,-0.671063677,0.335647345,0.079804,-0.107942414,-1.191008106,-0.410907146,-0.284878927,-0.591350597,-1.098812228,-1.338980414
"['45806.63207', '45809.31601']",1.315071767,1.448163163,1.063321395,2.406115409,1.551730897,3.191356522,0.253181111,0.184478889,-0.132302222,-0.478061111,0.180773333,0.020896667,1.29769968,1.444411811,1.060969273,2.371356234,1.549799117,3.209166612,0.8217,-0.25475,0.10695,-0.4992,0.14305,0.7721,7,3.741657387,1.1816,1.256892846,9,3.741657387,2.03705,1.872604554,6,3.16227766,0.770369231,0.445662739,5,2,1.50345,2.32724926,6,2.449489743,1.341857143,1.496611212,11,7.615773106,2.9737125,2.908616676,-0.384764984,0.73383411,-0.739529594,0.279659176,0.101960293,-0.200764354,-1.256421334,-0.449774319,-0.347457011,-0.626030874,-1.274523752,-1.258530465
"['45807.53678', '45810.22072']",1.281993842,1.436826122,1.064778619,2.338591663,1.562038841,3.142737522,0.197007778,0.228753333,-0.189318889,-0.524221111,0.140527778,0.168704444,1.273862802,1.426446475,1.053683042,2.291847514,1.564420256,3.155787291,0.7062,-0.11025,0.07315,-0.4992,0.13215,1.2651,7,3.741657387,1.2763,1.333430741,10,3.872983346,2.041755556,1.769605085,6,3.464101615,0.685254545,0.441706623,5,2,1.30036875,2.301012187,6,2.449489743,1.223164286,1.619011896,11,7.280109889,2.9483875,2.909088547,-0.268058762,0.669591416,-0.712518945,0.233171872,0.172052299,-0.305971016,-1.255631538,-0.51875717,-0.302309782,-0.648956359,-1.178581901,-1.149193829
"['45808.44149', '45811.12546']",1.326595066,1.416502717,1.028237292,2.456993292,1.540664566,3.243395978,0.153255556,0.287744444,-0.214118889,-0.664201111,0.060195556,0.170762222,1.325095072,1.394739222,1.011330488,2.378765525,1.548112812,3.257042837,0.6437,-0.0108,0.0207,-0.4928,0.0857,1.3864,8,4.582575695,1.55582,1.166296133,8,3.741657387,1.71568,1.792131584,8,4.242640687,0.702811111,0.439604775,5,2,1.53865,2.070782841,6,2.449489743,1.253928571,1.581151216,12,8.602325267,3.9117,1.559383316,-0.18084706,0.62213737,-0.751141884,0.189041539,0.230833359,-0.302596812,-1.306875868,-0.607298828,-0.160601082,-0.705884637,-1.136206767,-1.116961933
"['45809.34616', '45812.03015']",1.329487203,1.369221352,0.956167483,2.416152806,1.460707028,3.138162933,0.017588889,0.230922222,-0.154224444,-0.701274444,-0.028464444,-0.00056,1.336818363,1.357168995,0.948934333,2.325096997,1.468611404,3.155743765,0.3329,-0.10995,0.0933,-0.58735,-0.12115,0.55925,9,5,1.7977,0.548674168,10,4.242640687,1.869175,1.69225313,11,3.872983346,0.6644875,0.491699985,5,1.414213562,1.22964375,2.265565188,7,2,1.254383333,1.420771621,13,8.94427191,3.807357143,1.496437003,-0.103865986,0.746322657,-0.739470615,0.090365099,0.281850188,-0.272145822,-1.344069282,-0.371633089,-0.060151287,-0.915695222,-1.061284333,-1.082566347
"['45810.2509', '45812.93483']",1.378298531,1.39246349,0.976123161,2.317813761,1.388434055,3.202207908,-0.011203333,0.2488,-0.122994444,-0.550011111,-0.057482222,-0.105031111,1.385974363,1.377731329,0.973768258,2.264224342,1.395015375,3.218414984,0.1757,-0.17215,0.11395,-0.412,-0.50545,0.2857,10,4.898979486,1.9009,0.508186245,12,3.464101615,2.288857143,1.446724456,10,4.472135955,0.667311111,0.551204559,5,1,1.2072125,2.162450491,8,2.645751311,1.091936364,1.287748806,11,9.746794345,3.94125,1.553003767,-0.05047373,0.726016796,-0.60346257,-0.120216652,0.19488496,-0.194137666,-1.438040436,-0.411738379,-0.402350186,-0.969598736,-1.187324653,-1.133567382
"['45811.15561', '45813.83953']",1.338340578,1.460154631,1.004376984,2.133309095,1.476393428,3.236994845,0.049205556,0.327085556,-0.174355556,-0.328135556,-0.143217778,-0.402866667,1.344928419,1.431020665,0.994668902,2.119731083,1.477662746,3.229820788,0.3274,-0.0277,0.0834,-0.28895,-0.56195,0.03285,9,5,1.8508,0.581575088,13,0,2.770285714,0.570640244,10,4.582575695,0.673588889,0.549832421,5,1.414213562,1.241670588,2.248282454,8,2.645751311,1.093618182,1.571766054,12,10.04987562,3.7794,1.48922802,-0.085748796,0.589671871,-0.474821592,-0.000152169,0.214603099,-0.103546486,-1.370664422,-0.82109224,-0.594131385,-0.832494547,-1.168450934,-1.193999501
"['45812.0603', '45814.74424']",1.318119333,1.419508172,1.092015393,1.946291579,1.605420098,3.385655138,0.17036,0.381467778,-0.210148889,-0.293014444,-0.093532222,-0.525316667,1.314386447,1.374951361,1.077607398,1.934887884,1.611671919,3.363390612,0.6371,0.13345,0.05715,-0.10135,-0.5006,-0.3123,10,6.32455532,1.784677778,0.550996204,11,3.464101615,2.289425,1.245780634,9,5.385164807,0.492488889,1.047650733,5,1.414213562,0.990835294,1.994727631,7,3.31662479,0.806441667,1.984225306,11,9.949874371,3.94595,1.543174462,-0.214594835,0.493715515,-0.457931075,0.000537801,0.09796649,-0.011151823,-1.337976836,-0.888170009,-0.819567027,-0.859556914,-1.044597516,-1.334506805
"['45812.96499', '45815.64897']",1.292092758,1.375911903,1.154738254,1.951810915,1.753846899,3.292642751,0.239866667,0.31769,-0.153842222,-0.393742222,0.055953333,-0.518398889,1.276745735,1.346233182,1.150855912,1.922393061,1.762774675,3.269794171,0.84395,-0.04335,0.13985,-0.1699,-0.1191,-0.1651,8,6.164414003,1.665781818,0.533110031,11,3.872983346,2.154157143,1.273904856,10,5.656854249,0.5534,1.11514452,5,1.732050808,0.813529412,1.841372122,8,3.872983346,1.218654545,2.255325792,11,8.717797887,2.625385714,3.441170976,-0.320488095,0.620593149,-0.468759797,0.08006913,0.155622891,-0.064290986,-1.21617335,-0.782319822,-0.809032141,-0.742125974,-1.047490296,-1.355938766
"['45813.86968', '45816.55366']",1.34777105,1.330522863,1.163663312,2.018586732,1.755229113,3.253181151,0.266028889,0.236941111,-0.063402222,-0.506427778,0.197467778,-0.223951111,1.328657298,1.316590335,1.168444282,1.964974474,1.753856791,3.263645537,0.853,-0.17795,0.26145,-0.3505,0.16415,0.67645,8,5.744562647,1.713781818,0.546529111,11,3.872983346,2.253871429,1.355648838,9,5.099019514,0.74754,1.069881779,5,1.414213562,0.99818125,2.092876283,9,3.872983346,1.34113,2.223195293,10,7.071067812,2.657428571,3.425486005,-0.431337012,0.716017642,-0.534208731,0.275914881,0.015742533,-0.205909192,-1.050093723,-0.520360261,-0.809643154,-0.435849654,-1.055654816,-1.343582746
"['45814.77443', '45817.45838']",1.365569765,1.388472964,1.132920058,2.194503563,1.679556376,3.255217079,0.278174444,0.263911111,-0.064593333,-0.541935556,0.278702222,-0.010665556,1.344426608,1.370797884,1.137413784,2.138448604,1.665550225,3.273436161,0.81455,-0.1724,0.2655,-0.36905,0.23785,0.9562,9,5.291502622,1.74551,0.547175863,9,4.582575695,2.2141375,1.30191288,10,4.795831523,1.073044444,0.495559015,5,1,1.199317647,2.250523882,8,3.31662479,1.628854545,1.575643389,11,7.211102551,2.8516625,3.328057938,-0.465879746,0.675341233,-0.503422556,0.259316006,0.034888126,-0.242636747,-0.974419372,-0.670518195,-0.716356879,-0.27610915,-1.204786639,-1.223757606
"['45815.67913', '45818.36308']",1.366264088,1.431362381,1.129542212,2.457386724,1.582823371,3.250997918,0.245554444,0.340267778,-0.16613,-0.574027778,0.188767778,0.129076667,1.351546145,1.398118517,1.123517644,2.402788048,1.580330961,3.266633152,0.7408,-0.0146,0.23015,-0.45065,0.10765,1.2225,8,4.582575695,1.566509091,1.081215328,9,4.242640687,1.96548,1.565417131,9,3.605551275,0.901588889,0.517842808,5,2.449489743,1.864413333,2.161705671,9,4,1.6217,1.459723692,12,8.774964387,3.7778125,1.664739098,-0.385652997,0.578334459,-0.517235069,0.234388583,0.063227206,-0.279420627,-1.054657647,-0.817468448,-0.659713243,-0.482109051,-1.165731191,-1.167203244
"['45816.58381', '45819.26778']",1.33323783,1.405760005,1.104031808,2.472750103,1.550667243,3.250927001,0.160233333,0.350138889,-0.204196667,-0.661904444,0.065224444,0.129137778,1.330989136,1.369083822,1.091062238,2.395862074,1.557974486,3.266559338,0.6256,0.01085,0.19205,-0.40035,-0.0933,1.0249,8,4.898979486,1.489190909,1.040359891,8,3.741657387,1.6695,1.682682916,8,3.741657387,0.8241,0.498177418,5,2.449489743,1.50045625,2.214992798,8,3.741657387,1.54005,1.411790656,12,9.110433579,3.898525,1.576145649,-0.245579786,0.589339362,-0.549020621,0.10729462,0.211616577,-0.275548845,-1.296903813,-0.821267857,-0.596772202,-0.629406698,-1.200387691,-1.16453191
"['45817.48853', '45820.1725']",1.354221569,1.375089472,1.069310762,2.574617572,1.546766158,3.13396529,0.032285556,0.270011111,-0.171806667,-0.635023333,-0.032167778,0.052244444,1.361421238,1.355873013,1.061331143,2.509053474,1.555095178,3.151084718,0.2814,-0.222,0.2213,-0.61815,-0.3334,0.81945,6,4.898979486,1.438072727,1.081851445,10,3.872983346,1.9133125,1.788205141,9,4,0.71479,0.483366051,5,1.732050808,1.491642857,2.548538504,9,3.605551275,1.7380875,1.536162059,10,7.745966692,2.088744444,3.831561547,-0.1061779,0.671997459,-0.644167264,0.482264184,0.341605996,-0.245309651,-1.319382266,-0.725103889,-0.422536535,-0.051155789,-0.95256772,-1.149158277
"['45818.39326', '45821.0772']",1.380102388,1.368722478,1.049974648,2.383910901,1.659216568,3.193251601,0.009966667,0.267748889,-0.140146667,-0.443926667,-0.099024444,-0.177867778,1.387797925,1.349798394,1.046409112,2.355334435,1.665537805,3.206155764,0.2667,-0.269,0.169,-0.3738,-0.4742,0.31325,7,4.898979486,1.83326,0.774581886,12,3.464101615,2.270257143,1.444233101,8,4.242640687,0.756763636,0.48392585,6,1.732050808,1.31905,2.608026255,8,3.464101615,1.49473,1.647458455,6,2.645751311,0.92078,4.490950835,-0.012101359,0.678163023,-0.657022394,0.485453107,0.292722526,-0.034335815,-1.149507508,-0.725259611,-0.207467001,-0.034189531,-0.931712177,-1.15921199
"['45819.29793', '45821.98193']",1.402003934,1.440539217,1.078128292,2.427856439,1.667268251,3.278905638,0.10861,0.351996667,-0.188521111,-0.32141,-0.063168889,-0.421008889,1.405621543,1.404697746,1.067464898,2.419969415,1.675404966,3.269982017,0.68305,-0.2105,0.10815,-0.234,-0.42865,-0.2769,7,4.582575695,1.592633333,1.207800522,13,0,2.950471429,0.456577977,10,4.472135955,0.814711111,0.521386161,6,1.732050808,1.470057143,2.738036933,7,3.605551275,1.191225,1.890000532,8,5.830951895,0.90064,4.496849132,-0.121975049,0.630244662,-0.644234394,0.380476346,0.301432484,0.101007872,-1.126075168,-0.766881833,-0.184236324,-0.320970124,-0.871151195,-1.182134763
"['45820.20265', '45822.88662']",1.375994115,1.493380042,1.089506674,2.220277937,1.640623186,3.382202977,0.232123333,0.381558889,-0.16308,-0.391957778,0.009812222,-0.584148889,1.363872011,1.451901925,1.083267392,2.197650148,1.649784918,3.350039468,0.7208,-0.0123,0.153,-0.4085,-0.26915,-0.5555,8,4.582575695,1.626318182,1.229402045,13,0,3.083957143,0.527659448,8,5,0.886,0.530044965,5,1.414213562,1.322053333,2.229223145,6,3,1.192908333,1.843899018,10,7.937253933,2.135,4.066711292,-0.162855515,0.68724656,-0.653615346,0.005304728,0.208500594,0.18853522,-1.124764996,-0.642311702,-0.174533446,-1.03727175,-0.983414539,-1.144369488
"['45821.10735', '45823.7913']",1.337774506,1.523622122,1.066973356,2.145700634,1.53023335,3.351185777,0.28298,0.290227778,-0.097347778,-0.476651111,0.156365556,-0.445915556,1.314827564,1.504104118,1.068475758,2.103809129,1.530751276,3.339993421,0.7754,-0.21665,0.20045,-0.3986,0.0186,-0.52105,7,4.69041576,1.559733333,1.144125647,11,4,2.535528571,1.599922558,8,4.69041576,0.843727273,0.4914268,5,1.414213562,1.10514375,1.895407338,6,2.236067977,1.478946154,1.474805768,11,9.273618495,4.223016667,1.954877344,-0.248711996,0.763007917,-0.797799341,-0.090336931,0.259852798,0.097884168,-1.113742322,-0.595718577,0.078656741,-1.112465531,-1.045030729,-1.110378304
"['45822.01208', '45824.69602']",1.308517918,1.463923608,1.065176612,2.056247231,1.530309027,3.250715708,0.231267778,0.167894444,-0.033627778,-0.515838889,0.230886667,-0.111712222,1.295133901,1.462411203,1.070610111,2.001644443,1.521266237,3.2669963,0.69655,-0.4297,0.30155,-0.41345,0.18405,0.0814,8,4.795831523,1.60739,1.260711218,9,4,2.084275,1.87116589,8,4.69041576,0.878772727,0.473343554,5,1,1.102425,1.954629438,7,2.645751311,1.503208333,1.541126109,12,10.09950494,4.261533333,1.933268799,-0.170154208,0.858747665,-0.90931813,-0.005221624,0.178621695,-0.006600592,-1.014218737,-0.434050898,0.220060539,-1.033815642,-1.141375163,-1.103797573
"['45822.91677', '45825.60074']",1.364174305,1.44154133,1.127261262,2.019962648,1.553124428,3.3068756,0.266304444,0.231158889,-0.105226667,-0.424152222,0.224362222,0.162888889,1.345424259,1.430858263,1.128626873,1.985992971,1.545443238,3.321364973,0.68235,-0.2843,0.21855,-0.18565,0.06975,0.81875,10,5.196152423,1.7342375,1.477411837,10,4.123105626,1.9498125,1.772896102,7,4.69041576,0.894208333,0.453281876,5,1.414213562,1.09303125,2.073304227,7,2.645751311,1.594530769,1.5956897,13,9.899494937,4.561885714,1.801465148,-0.082679643,0.659763007,-0.876552722,-0.110873862,0.182276994,-0.112972189,-0.825769867,-0.794942692,0.107758006,-1.047370024,-0.925606441,-1.082253018
"['45823.82145', '45826.50543']",1.363566297,1.396731592,1.114900889,2.126838075,1.544763362,3.324371956,0.246825556,0.315328889,-0.16845,-0.538242222,0.171207778,0.210477778,1.348553604,1.368294332,1.108276185,2.069131597,1.543847364,3.336288931,0.65245,-0.1007,0.2072,-0.34965,0.0334,1.0049,10,4.242640687,1.777788889,1.389110785,12,3.31662479,2.31645,1.334246791,8,3.872983346,0.892144444,0.45392766,5,1.414213562,1.13258125,2.233701384,8,2.828427125,1.583536364,1.664952363,13,9.486832981,4.4322,1.566324221,-0.151260737,0.603186606,-0.727973305,0.053160883,0.140242896,-0.24170967,-0.869618242,-0.725909686,-0.27610353,-0.853452294,-1.103133215,-1.109910033
"['45824.7262', '45827.41013']",1.384208423,1.340348018,1.147503341,2.275585028,1.628317489,3.179590743,0.210333333,0.36141,-0.196583333,-0.545015556,0.105794444,0.040915556,1.375799487,1.297934426,1.136872815,2.221731468,1.63398006,3.197138975,0.6913,0.02425,0.18405,-0.30415,-0.3692,0.8924,11,4.123105626,2.14315,0.747418546,13,0,2.748142857,0.492316395,8,4.123105626,0.798866667,0.563501979,5,1.414213562,1.1926125,2.429524233,9,3.31662479,1.6948,1.769358451,15,9.949874371,3.89735,1.437088569,-0.108835923,0.611284368,-0.564617883,0.096701948,0.392663527,-0.18660232,-0.98329068,-0.63581194,-0.466141901,-0.867095807,-0.812888468,-1.011232759
"['45825.63089', '45828.31485']",1.329206782,1.321132038,1.099282206,2.23831807,1.675803885,2.948181816,0.082853333,0.282811111,-0.139968889,-0.65895,0.038292222,-0.029088889,1.334054139,1.297736562,1.096443213,2.151108262,1.684752217,2.964554056,0.6241,-0.17365,0.2188,-0.5232,-0.50295,0.50755,11,4.795831523,1.996957143,0.791757199,11,3.741657387,2.215,1.484836378,9,4.358898944,0.809088889,0.525206675,5,2,0.84309375,2.494827951,8,3,1.496222222,2.125483915,16,10.67707825,3.8826,1.810129371,-0.055409129,0.738655323,-0.585627571,0.187420821,0.487477196,-0.165138632,-1.048564498,-0.547783282,-0.490669989,-0.608942851,-0.779431424,-0.89771126
"['45826.53558', '45829.21957']",1.339942933,1.271582502,1.091649632,2.168603931,1.674880207,2.827682886,0.043344444,0.217526667,-0.097367778,-0.520576667,-0.005535556,-0.086602222,1.34674451,1.259857219,1.093390044,2.116988175,1.684254164,2.842190464,0.5298,-0.28655,0.21245,-0.3757,-0.53795,0.1969,13,3.16227766,2.217233333,0.753140613,11,3.872983346,2.182214286,1.437711495,9,4.582575695,0.76177,0.535220642,5,2.449489743,1.389307692,2.183489214,8,3.16227766,1.407522222,2.036221003,14,11.40175425,4.03838,1.86391818,0.040130573,0.76728073,-0.655218873,0.108009659,0.509779707,-0.050673532,-1.064880287,-0.567474883,-0.399770672,-0.546359111,-0.792542452,-0.900899981
"['45827.44031', '45830.12428']",1.342103026,1.306074199,1.077843386,1.961390009,1.634680958,2.966907902,0.063327778,0.244717778,-0.085577778,-0.468593333,-0.04094,-0.143676667,1.348118586,1.290130522,1.080460018,1.915262164,1.643323289,2.98002895,0.57755,-0.22785,0.21245,-0.3757,-0.53755,0.1473,11,4.582575695,2.133671429,0.870846415,12,3.464101615,1.8829125,1.693670162,8,4.123105626,0.864727273,0.459095585,5,2.828427125,0.87193125,2.006193241,9,3,1.43209,1.884849448,10,6.708203932,2.6422,3.77920774,0.072211859,0.725505295,-0.692487819,0.105771706,0.329793349,0.000898596,-0.987938111,-0.619445625,-0.426737114,-0.313272061,-0.918698062,-0.982052701
"['45828.345', '45831.02899']",1.288945898,1.345871487,1.09774322,1.957530007,1.624468315,3.064104334,0.107877778,0.325095556,-0.135731111,-0.33812,-0.05951,-0.268382222,1.291619279,1.313334655,1.095422303,1.938909323,1.632472544,3.069428033,0.57755,-0.0334,0.11755,-0.1798,-0.52565,0.0643,9,5.196152423,1.9175125,0.684110314,11,3.741657387,2.3014625,1.28586634,9,4.582575695,0.88325,0.447445121,5,2.449489743,1.21623125,1.805559839,9,2.828427125,1.22966,1.777099818,10,7.211102551,2.669728571,3.682505137,-0.033432966,0.637901349,-0.551185461,0.091155015,0.253662179,-0.01364307,-1.133608827,-0.752057791,-0.734258727,-0.346507331,-1.252191581,-1.184426508
"['45829.24972', '45831.9337']",1.2388768,1.347933078,1.095978829,1.874547328,1.588965482,3.223834036,0.162325556,0.389226667,-0.17478,-0.382342222,-0.050433333,-0.372867778,1.235077,1.297743749,1.088014061,1.845421878,1.597062262,3.220138172,0.66935,0.0984,0.0823,-0.2515,-0.3196,0.0643,8,4.69041576,1.709377778,0.652487749,12,4,2.257425,1.264669716,8,4.69041576,0.91901,0.378026902,5,2.236067977,1.017276471,1.839928476,9,2.828427125,1.457611111,1.793135522,12,9.643650761,2.778771429,3.715317843,-0.159941047,0.525878836,-0.534598442,0.121830537,0.216859518,-0.032760548,-1.148692101,-0.899067495,-0.759291858,-0.502691933,-1.185358613,-1.281104266
"['45830.15446', '45832.83839']",1.206422034,1.320374266,1.054943035,2.050979339,1.593624354,3.269531368,0.217364444,0.370584444,-0.161717778,-0.504091111,0.055137778,-0.474987778,1.193327018,1.274402189,1.048314297,1.999204212,1.601592805,3.252967493,0.7966,-0.0354,0.13085,-0.18015,-0.1939,-0.47735,8,4.358898944,1.360163636,1.017003742,13,1,2.486785714,0.499272936,8,5,0.849988889,0.412402557,5,2.236067977,0.953326667,1.819349471,8,3.16227766,1.50919,1.521791426,12,10.77032961,4.3211,1.573587705,-0.257608004,0.535853669,-0.649801064,-0.160796763,0.113311877,0.059940011,-1.164291888,-0.893990809,-0.408992467,-0.654050797,-1.198871955,-1.31506732
"['45831.05914', '45833.74313']",1.136463547,1.182438171,0.951890949,2.173775218,1.51222154,3.167399842,0.23257,0.269486667,-0.091035556,-0.549492222,0.091842222,-0.454133333,1.118644108,1.157769683,0.952836107,2.114960434,1.517886279,3.152235912,0.7267,-0.0698,0.1986,-0.3087,-0.05315,-0.5169,6,3.605551275,1.071446154,1.153097661,13,0,2.423333333,0.552177343,10,5.477225575,0.834275,0.42332684,6,2.449489743,1.121964286,2.546181633,7,3.31662479,1.497454545,1.327273607,12,10.04987562,4.308883333,1.535591506,-0.299648328,0.607295761,-0.804146758,0.406138152,0.044532775,0.086229087,-0.976898356,-0.664555647,0.061460944,0.310064413,-0.9501948,-1.267270076
"['47478.95814', '47481.64198']",1.192337852,1.047492938,0.785330477,3.67432137,2.036507694,2.05489416,0.070013333,0.312104444,0.229477778,0.150772222,0.39308,-0.55786,1.196948797,1.005517947,0.755262821,3.691793927,2.00940668,1.988801233,0.0632,0.20515,0.0905,-0.0454,-0.02515,-0.47845,9,3.16227766,1.958988889,0.953519108,6,2.449489743,1.092171429,0.870124271,5,2.236067977,0.571511765,0.874092121,6,3.464101615,2.157978571,3.56619645,7,3.16227766,1.678292308,2.516318629,4,1.732050808,0.18374375,1.983375744,0.404163284,0.118098028,0.942470332,-0.00429921,0.736003225,-0.603606573,-0.588580529,0.453223789,0.894690724,1.353466275,-0.137827472,0.712892765
"['47479.86282', '47482.54666']",1.424536337,0.799106127,0.718699577,2.26633821,2.174144377,1.015225276,-0.116458889,0.175693333,0.121094444,0.086342222,-0.038957778,0.073317778,1.427721919,0.783920004,0.712393257,2.277380349,2.185973533,1.018247104,-0.59075,0.19325,0.04495,-0.2483,-0.6378,0.09155,9,2.828427125,2.330866667,1.404452282,5,2.449489743,0.835486667,0.655125925,5,2.449489743,0.57918,0.907442045,5,2.236067977,1.4875,2.561970679,5,1.732050808,1.419346667,2.683549942,5,2.449489743,0.64875,1.031090829,0.818175237,0.222888247,0.366229292,0.983246364,0.84293052,0.169889468,0.045294377,-0.308357288,-0.666760734,1.681883504,-0.115765503,-0.492103151
"['47480.76747', '47483.45131']",1.572630746,1.288880497,0.719637245,2.227984894,2.225667212,2.337061675,-0.086842222,0.28521,0.143236667,-0.21165,-0.202256667,-0.358967778,1.579028041,1.263969746,0.709189219,2.230334501,2.228875391,2.322266295,-0.41085,0.09905,0.04715,-0.50635,-0.5278,0.16325,9,3,2.082733333,2.062850393,5,2.828427125,1.068613333,1.097360695,5,2,0.66953125,0.782668722,5,2,1.529176471,2.62750929,6,3.16227766,1.391858333,2.351263335,6,2.645751311,0.163213333,2.556893324,0.625700652,1.177965457,0.210593733,1.158949972,0.521889102,-0.875351772,-0.353282834,2.307317742,-0.471878722,2.425505152,-0.504020374,1.193443248
"['47481.67213', '47484.35599']",1.684419938,1.60445417,0.72797705,2.08994716,2.400541508,3.258609141,0.147641111,0.228327778,0.187523333,-0.707307778,-0.053502222,-0.595758889,1.687337297,1.597021683,0.707350672,1.977637722,2.413390394,3.221634102,0.1159,-0.1338,0.2437,-0.59025,-0.46805,-0.43115,7,2.828427125,1.908741667,2.161694503,6,3,1.825235714,1.724992523,5,2.449489743,0.7531125,0.670086667,5,2,0.9063,1.834841833,7,4,2.054558333,2.356928823,8,3,0.61421,3.935458447,0.385727683,0.815350002,0.029189858,-0.198990306,0.32877849,-0.0015883,-0.714179377,0.546571988,-0.551532656,-0.187645615,-0.980497617,-0.182424924
"['47482.57681', '47485.26067']",1.730516792,1.938686459,0.608439533,2.46134412,2.499826231,3.971376018,0.238617778,0.397885556,0.204576667,-0.969628889,0.129114444,-0.464936667,1.723588799,1.908047135,0.57622595,2.274981473,2.510475711,3.966162387,0.3549,-0.11615,0.24725,-0.92395,0.07125,-0.61795,7,2,1.952783333,2.306731022,6,3.464101615,2.600153846,2.023103685,4,2,0.668927778,0.475907433,5,2,0.8294875,2.001534921,8,3.872983346,3.06854,1.422037046,8,4.358898944,1.266654545,5.173768291,0.28676194,0.644613627,-0.096281751,-0.26235828,0.069465875,0.234086618,-0.784403988,-0.347133201,-0.114056725,-0.766652294,-1.014930059,-0.743075078
"['47483.48146', '47486.16533']",1.853465197,2.099637561,0.702393367,2.782735303,2.489954893,4.45983463,0.396273333,0.522885556,0.321826667,-0.960251111,0.364058889,-0.653277778,1.820751362,2.044878977,0.627824525,2.626438656,2.476995926,4.436444796,0.6446,0.21795,0.3135,-0.4492,0.1301,-0.62445,6,1.414213562,1.8756,2.634488847,6,2.828427125,2.929730769,2.227369209,5,2.449489743,0.8849,0.550051096,4,1.414213562,0.743594444,2.385488954,7,3.605551275,2.407225,2.280253322,8,5.291502622,3.0358,4.820174962,0.25088135,0.577254467,0.170177871,-0.230538197,0.142189922,0.221070552,-0.664180086,-0.301001605,-0.52614203,-0.874995855,-0.729751745,-0.814826337
"['47484.38614', '47487.07001']",1.99250644,2.254827208,0.741597583,2.994577051,2.485076035,4.693538398,0.459597778,0.579013333,0.352294444,-1.098886667,0.357964444,-0.2894,1.949637424,2.191426186,0.656232042,2.80127295,2.472936188,4.710852316,0.75215,0.27505,0.3255,-0.91895,0.0607,-0.11145,7,1.732050808,2.197775,3.050274002,6,3.31662479,3.427466667,2.264512316,5,2.449489743,0.9966,0.576961448,5,1.414213562,0.682661111,2.441433548,6,3.16227766,2.373869231,2.270701943,9,6.244997998,3.75447,4.676444871,0.304352046,0.588578803,0.248105403,-0.24971567,0.191472676,0.097508604,-0.404461445,-0.428549406,-0.505475547,-0.757825131,-0.516167576,-0.967123834
"['47485.29082', '47487.97467']",2.073742862,2.306427156,0.796186033,3.252778245,2.338570329,4.71207837,0.368052222,0.60765,0.368127778,-0.996197778,0.378715556,-0.551444444,2.052253439,2.23740694,0.709925399,3.113822152,2.320629791,4.705916959,0.72345,0.21915,0.3576,-0.57665,0.05355,-0.1985,6,2,2.124676923,3.066359518,8,3,3.889781818,2.198167612,5,2.645751311,1.095606667,0.555531775,5,1.414213562,1.10504375,2.613947993,7,3,2.547133333,1.996254116,10,7.810249676,4.8486875,3.628816033,0.301679343,0.598135652,0.164753821,-0.454992326,0.386659646,0.268050626,-0.502803919,-0.390808118,-0.808835168,-0.580758962,-0.366782229,-0.797628498
"['47486.19548', '47488.87937']",2.016802743,2.286934107,0.760708097,3.08602556,2.445265474,4.321725683,0.424988889,0.504365556,0.413874444,-0.780354444,0.49468,-0.402768889,1.982561608,2.243120493,0.641842745,3.002459783,2.408121428,4.327022627,0.75215,-0.02395,0.40055,-0.09245,0.26885,-0.141,6,2,2.0446,2.997613261,7,3,3.759690909,2.356321964,6,2.645751311,0.993053333,0.544992158,5,2.449489743,1.598493333,2.057870375,7,3.31662479,2.637875,1.45363562,9,7.615773106,3.513177778,4.775573109,0.290523636,0.725185869,0.066271184,-0.606768044,-0.053857669,0.376808079,-0.330319557,-0.340242639,-0.722369991,-0.346476025,-0.555593192,-0.675951347
"['47487.10019', '47489.78405']",1.949362199,2.274074722,0.707187672,2.966452218,2.368842053,4.06107489,0.366316667,0.567884444,0.37877,-0.81391,0.168588889,-0.323536667,1.925360779,2.214363426,0.600545559,2.868592096,2.376072534,4.07084564,0.5806,-0.02395,0.32755,-0.2559,0.24145,0.02155,7,2.645751311,2.239566667,2.721899562,7,2.828427125,3.326475,2.453609524,5,2,0.819088235,0.557935749,5,2.236067977,1.53570625,1.873394375,6,3.31662479,2.694983333,1.552441895,10,7.071067812,3.154833333,4.439363527,0.271639416,0.632586336,0.167517808,-0.53003285,-0.14409926,0.299717705,-0.488375813,-0.439557538,-0.810183714,-0.371132198,-0.674343306,-0.70961777
"['47488.00485', '47490.68872']",1.88601738,2.198798662,0.65717528,2.541026519,2.514450022,3.995437721,0.276146667,0.506286667,0.38332,-0.64031,0.199808889,-0.470454444,1.876143582,2.151704428,0.53679303,2.47280421,2.520540736,3.989871401,0.55725,-0.06345,0.29805,-0.15165,0.36135,0.03725,8,2.449489743,2.78922,2.533079331,7,2.828427125,3.20355,2.488384267,5,1.732050808,0.806682353,0.535028525,5,2.236067977,1.05175,1.98596589,6,3.464101615,2.875291667,1.783374217,8,6.244997998,2.857477778,4.018572719,0.357058357,0.674953469,0.274102134,-0.360827452,-0.213239381,0.075357279,-0.427545041,-0.334280008,-0.736100209,-0.636885094,-0.652733818,-1.050209224
"['47488.90952', '47491.59337']",1.903069299,2.152812951,0.677386557,2.580762677,2.541864867,4.144364451,0.37521,0.437843333,0.40307,-0.935307778,0.239286667,-0.204884444,1.87616666,2.11962662,0.547464442,2.418789237,2.544753802,4.162486449,0.65725,-0.0429,0.31355,-0.7383,0.40305,0.27745,8,2.645751311,2.89067,2.462288561,7,2.449489743,3.087625,2.320463477,5,2.449489743,0.85678125,0.530758957,5,1.414213562,0.463594118,2.075933855,7,4,3.063991667,1.837188092,10,7.810249676,4.0154125,2.790516872,0.191968899,0.577263599,0.227752926,-0.19723048,-0.215160251,-0.087884455,-0.629235362,-0.538451408,-0.933206959,-0.765644581,-0.617943512,-0.972442863
"['47489.8142', '47492.49803']",1.844746312,2.045265264,0.661906312,2.603162394,2.574842198,4.113585018,0.291086667,0.535464444,0.389875556,-0.937504444,0.133742222,-0.299621111,1.831841266,1.984985508,0.537895729,2.442090162,2.585771966,4.125643022,0.64675,0.1842,0.2953,-0.7914,0.32295,0.24535,8,2,2.217445455,2.600432751,7,2.449489743,2.948716667,2.185525876,5,2.236067977,0.8867375,0.494167764,5,2.236067977,0.391166667,2.347422115,6,3.872983346,2.997075,1.750435898,10,8.426149773,3.9644125,2.65804818,0.172162781,0.539609687,0.281922535,-0.109256855,-0.175101417,-0.123416639,-0.798057086,-0.515397998,-0.884260049,-0.803942745,-0.723297115,-0.92665707
"['47490.71887', '47493.40272']",1.854815047,2.115452302,0.664708755,2.59209866,2.38158255,4.417689511,0.382372222,0.66663,0.390637778,-0.83377,0.206587778,-0.541464444,1.825141923,2.018918555,0.540823207,2.468093643,2.385897527,4.408943564,0.76925,0.22585,0.3324,-0.7914,0.4185,0.17455,7,1.414213562,2.035281818,2.541311343,7,2,2.888508333,2.086979263,5,2.236067977,0.8158,0.471038666,5,2,0.44768,2.346216306,8,5,2.541390909,1.533596233,9,7.937253933,4.0106125,2.613046791,-0.014729502,0.470130122,0.188809706,-0.096100902,-0.267211407,-0.122338343,-0.988779849,-0.733599467,-0.89929506,-0.93391065,-0.581188528,-1.05238499
"['47491.62352', '47494.30738']",1.818330198,2.097667742,0.667612639,2.635112755,2.283727217,4.367233648,0.332691111,0.557198889,0.399608889,-0.856218889,0.229125556,-0.235215556,1.797650526,2.033639958,0.537803935,2.506090917,2.284933637,4.385325765,0.75525,0.151,0.34835,-0.68715,0.24075,0.5968,7,2.236067977,1.831927273,2.449304874,7,2.236067977,3.028666667,2.201749214,5,2.449489743,0.853635294,0.494042517,5,2,0.717466667,2.118425703,8,4.898979486,2.386627273,1.698191145,9,7.937253933,4.15745,2.421021023,-0.104051651,0.592540693,0.262878074,-0.294570736,-0.115303279,-0.227903003,-1.101709766,-0.518918776,-0.751232762,-0.561204393,-0.723169205,-0.969008573
"['47492.52818', '47495.21205']",1.919306916,2.151869255,0.683249441,2.569498843,2.32269652,4.306572377,0.26922,0.553903333,0.412735556,-0.810017778,0.19529,-0.382757778,1.91097765,2.091007808,0.547549438,2.452143285,2.327438396,4.313560524,0.7572,0.10935,0.37995,-0.71575,0.009,0.26205,7,2.828427125,2.047433333,2.545397046,7,2.645751311,3.4576,2.28920743,5,2.645751311,0.97853125,0.573763282,5,1.732050808,0.85072,1.988657951,7,4.472135955,2.507718182,2.282810835,10,7.810249676,4.1823375,2.630973674,0.152583999,0.663346775,0.622967053,-0.414492499,0.137486277,-0.14424367,-0.66382819,-0.283120762,0.594106246,-0.198612122,-0.485696749,-0.904789316
"['47493.43287', '47496.11676']",1.926745742,2.195031957,0.724411084,2.615699531,2.405602094,4.05815625,0.332065556,0.504104444,0.428097778,-0.713232222,0.344044444,-0.332667778,1.908547732,2.148330839,0.58765707,2.530680383,2.394211035,4.067156458,0.7778,0.04295,0.4047,-0.4807,0.40505,0.1489,6,1.414213562,1.804192857,2.644870278,7,2.828427125,3.557318182,2.31719536,6,2.828427125,1.056773333,0.597074583,6,2.236067977,1.021566667,1.879906497,7,3.605551275,2.6976,2.283660996,10,7.483314774,4.1366375,2.718954498,0.192767018,0.716010362,0.556931664,-0.428038984,0.051703451,0.004976595,-0.519430671,-0.239026305,0.265507267,-0.360993473,-0.628677211,-0.83937476
"['47494.33753', '47497.02141']",1.959853258,2.247284582,0.760012485,2.669055614,2.311675559,4.178884673,0.369627778,0.558665556,0.378417778,-0.851737778,0.207522222,-0.12033,1.935464433,2.188930967,0.662797159,2.543677017,2.315240317,4.200553471,0.73635,0.01725,0.284,-1.1177,0.0914,0.4225,6,2.236067977,2.223476923,2.593505796,7,2.828427125,3.411036364,2.30767706,5,2.236067977,0.89004375,0.789137199,5,2.449489743,0.901529412,2.324046842,6,4,3.239554545,1.808019442,11,7,4.1832,2.898533467,0.25346744,0.610022226,0.476721566,-0.215378311,0.115613942,0.065063823,-0.427223343,-0.417137257,0.184804211,-0.592935587,-0.54751361,-0.943439992
"['47495.24223', '47497.92607']",1.910815829,2.140943783,0.761324016,2.61034261,2.30265483,3.964678635,0.260386667,0.465183333,0.354147778,-0.747242222,0.293873333,-0.223314444,1.903596338,2.101503013,0.677714473,2.51511517,2.29661988,3.980560432,0.56025,-0.0634,0.21305,-0.87625,0.24225,0.2176,6,2.449489743,2.523183333,2.299802803,7,2.828427125,3.140416667,2.369405172,4,2,0.906029412,0.715877412,4,1.732050808,0.934211111,2.311419575,6,3.464101615,2.216776923,2.576225885,8,5.567764363,3.044566667,4.018566248,0.242967268,0.689416145,0.364630522,-0.151284368,0.263981446,0.13976642,-0.61353339,-0.331175648,-0.493778834,-0.755183237,-0.809993432,-0.832793965
"['47496.14691', '47498.83076']",1.863030477,2.088424657,0.752863393,2.57918717,2.471494854,3.758241828,0.302792222,0.39689,0.360727778,-0.784543333,0.39494,-0.132206667,1.848558346,2.061851542,0.66451882,2.470733957,2.453403572,3.776957448,0.5529,-0.0844,0.20855,-0.80785,0.3489,0.13305,7,2.828427125,2.635581818,2.338886641,7,2.449489743,3.0121,2.339707975,4,2,0.827561111,0.737142233,5,2.449489743,1.024294118,2.452931452,6,3.464101615,2.360761538,2.578431218,8,5.744562647,2.9297,3.980812481,0.218742019,0.675086176,0.370629651,-0.057181173,0.057376074,0.143653654,-0.493323512,-0.371941382,-0.48622724,-0.452287316,-0.899149297,-0.78720565
"['47497.05156', '47499.73541']",1.843671667,2.011812946,0.695734386,2.718977567,2.386795902,3.556880652,0.23992,0.488907778,0.347905556,-0.713083333,0.249343333,-0.177457778,1.838235368,1.962434988,0.605876888,2.638504013,2.387034341,3.572352927,0.4388,0.2397,0.2187,-0.6912,0.29335,0.17445,6,2.236067977,2.03255,2.490605238,7,2.645751311,2.90095,2.090777127,5,2.236067977,0.890488235,0.627265926,6,2.828427125,1.573978571,2.293075036,5,2.828427125,1.6022,2.537929407,10,6.32455532,2.821055556,3.749409466,0.328648955,0.529028434,0.500601261,-0.18606855,0.102109176,-0.011074144,-0.323318299,-0.521071519,-0.390466383,-0.508014445,-0.667557796,-0.899441979
"['47497.95623', '47500.64007']",1.877808733,2.121667145,0.716541176,2.866715019,2.492422089,4.023765072,0.235773333,0.59543,0.372726667,-0.692652222,0.442267778,-0.526916667,1.873385122,2.04781087,0.615397451,2.797362142,2.466610825,4.011463876,0.44925,0.27725,0.2962,-0.3338,0.46465,-0.142,6,1.732050808,2.039061538,2.544616229,7,2.645751311,2.934441667,2.015554748,5,2.236067977,0.881022222,0.611385311,6,2.828427125,1.746466667,2.122256595,5,2.645751311,1.916313333,2.222067083,9,7,3.88075,2.680033519,0.265380338,0.483889949,0.405161999,-0.241767388,-0.08869886,-0.044323201,-0.452182255,-0.604603093,-0.277691583,-0.662191327,-0.498249255,-0.968905571
"['47498.86091', '47501.54475']",1.945496271,2.131413733,0.832504075,2.976488815,2.583970407,4.175428447,0.349,0.449714444,0.492154444,-0.940842222,0.35406,-0.204286667,1.924659394,2.095102175,0.675213104,2.839700771,2.57393812,4.193791922,0.5714,0.16975,0.4204,-1.1136,0.2696,0.1703,7,2.449489743,2.311941667,2.735562983,6,2.449489743,3.068141667,2.085354046,5,2.645751311,1.1020375,0.645698377,6,2.449489743,1.226664286,2.258728116,6,3.605551275,1.771892857,2.518979236,9,6.633249581,3.8002375,2.688532638,0.229003553,0.513994757,0.38011258,-0.145227657,-0.001999884,-0.156786983,-0.382787505,-0.556832016,-0.36999876,-0.777181572,-0.521110243,-0.96321148
"['47499.76556', '47502.44941']",1.996119797,2.15687094,0.839935891,2.908144304,2.834658758,3.947494226,0.281132222,0.474115556,0.507197778,-0.995876667,0.247797778,-0.446407778,1.987294764,2.115904466,0.673260092,2.747619943,2.839626871,3.944144812,0.4309,0.01835,0.3877,-1.1136,0.31435,0.0381,8,2.236067977,2.697109091,2.830312022,7,2.449489743,2.923161538,2.373568306,5,2.236067977,1.24971875,0.563313944,5,1.732050808,0.894573333,2.235284032,7,3.605551275,2.733075,2.504981699,10,6.244997998,3.6512875,2.689749737,0.375023515,0.62498531,0.504848103,-0.066846204,0.047557925,-0.091899474,-0.374912422,-0.396285179,-0.520091831,-0.889697591,-0.920513199,-0.77285186
"['47500.67022', '47503.35413']",1.978030868,2.119890186,0.849068885,2.79115565,2.756329494,3.654278626,0.378738889,0.445177778,0.533491111,-0.749585556,0.38794,-0.461994444,1.952309687,2.084230797,0.664234531,2.703681266,2.744180635,3.645265063,0.4944,-0.0267,0.4024,-0.83825,0.6847,-0.15635,8,2.449489743,2.842872727,2.358349529,6,2.449489743,3.010533333,2.272087428,5,2.236067977,1.21448125,0.49413705,5,1.414213562,0.8641,2.248244392,7,3.872983346,3.317066667,1.847414692,8,5,2.603622222,3.578356806,0.33516631,0.589383519,0.432011509,-0.174175947,-0.182178299,0.081054982,-0.35022885,-0.492697136,-0.787877505,-0.803360563,-0.904934671,-0.828287508
"['47501.5749', '47504.2588']",1.905881406,2.107534344,0.750166536,2.804434674,2.61770674,3.623512851,0.342791111,0.491945556,0.447704444,-0.845135556,0.200076667,-0.234061111,1.885304007,2.060795506,0.605294529,2.689041381,2.624671647,3.636202906,0.5259,-0.02465,0.3445,-0.68825,0.59455,0.171,8,2.449489743,2.849672727,2.429624317,7,2.449489743,2.935569231,2.082333254,5,2.236067977,1.123529412,0.502896874,5,1.414213562,0.995470588,2.167385257,6,3.872983346,3.120391667,1.795795713,10,5.830951895,2.6252,3.550589823,0.27390808,0.512353121,0.36541539,-0.086095839,-0.191091279,0.001804566,-0.462947609,-0.695278329,-0.856151367,-0.660172219,-0.836414406,-0.907341175
"['47502.47959', '47505.16345']",1.832051841,1.997374238,0.732405313,2.707832522,2.510090208,3.637345292,0.163735556,0.426621111,0.403815556,-0.597303333,0.225347778,-0.424353333,1.834943024,1.96221282,0.614447304,2.655929792,2.513959701,3.632745042,0.46815,-0.01095,0.32015,-0.51345,0.6577,0.05625,8,2.236067977,2.143372727,2.643099717,7,2.449489743,2.720958333,2.033317729,5,2.236067977,1.04983125,0.498485688,5,1.414213562,0.85776875,2.372480261,7,4,2.893418182,1.638299289,10,6,2.678422222,3.511246469,0.24795594,0.532543634,0.300618781,-0.029881196,-0.398264277,0.063286605,-0.669165207,-0.637022267,-0.947609335,-0.522874653,-0.685933023,-0.969416844
"['47503.38428', '47506.06814']",1.815037393,2.116434375,0.785700915,2.751545419,2.474626981,3.823014402,0.337052222,0.372131111,0.451281111,-0.766477778,0.258236667,-0.323166667,1.793459053,2.095133904,0.646776065,2.657438703,2.474903985,3.830671924,0.6288,-0.0539,0.31505,-0.60845,0.57445,0.1376,7,2,2.084963636,2.593444138,6,2.236067977,2.780633333,2.12117112,5,2.236067977,1.044529412,0.566129552,5,1.414213562,1.06675625,2.376651098,7,3.464101615,2.088116667,2.025549148,10,6.164414003,3.626325,2.628151536,0.054322024,0.55836854,0.357862375,-0.016383351,-0.318209692,-0.054800069,-0.783128604,-0.701509994,-0.751253622,-0.47788092,-0.822454445,-0.920368304
"['47504.28895', '47506.97279']",1.813596574,2.078935472,0.80412188,2.871751066,2.562079329,3.777003992,0.28167,0.47611,0.449906667,-0.905293333,-0.014214444,-0.340005556,1.801626946,2.03502002,0.670214111,2.740593381,2.576393175,3.78274317,0.54045,0.04315,0.312,-0.931,0.16165,0.1981,9,2.236067977,2.39287,2.323592312,7,2.645751311,2.794283333,2.096911596,5,2.449489743,1.060105882,0.552044467,5,1.414213562,0.913970588,2.258032007,6,2.828427125,2.236118182,2.10146984,9,5,2.53228,3.505205497,0.13925841,0.501643672,0.379922751,-0.074794693,-0.057837175,-0.058325435,-0.801991807,-0.623419437,-0.691657226,-0.678557809,-1.058432981,-0.907299229
"['47505.1936', '47507.87746']",1.927169087,2.235239584,0.824860641,2.845346194,2.60939041,4.050459091,0.385705556,0.611418889,0.480034444,-0.759913333,0.196073333,-0.605227778,1.89875498,2.162036246,0.674550045,2.757354623,2.616590586,4.02742374,0.66065,0.083,0.3688,-0.62365,0.2098,0.06655,10,1,3.522425,0.982353231,7,2.645751311,3.045615385,2.12514771,5,2.236067977,1.078805882,0.575562254,5,1.414213562,0.98163125,2.069828467,7,4.69041576,2.708691667,2.522504876,8,4.69041576,2.644322222,3.719078268,0.201911789,0.426183859,0.311790699,-0.238508992,0.088936894,-6.36E-05,-0.530265602,-0.799623124,-0.72741119,-0.6850335,-0.937151479,-0.976351698
"['47506.09829', '47508.78213']",1.910527578,2.145572177,0.814628882,2.691090656,2.585315483,3.934065705,0.364996667,0.464137778,0.476541111,-0.777041111,0.099087778,-0.262628889,1.885844297,2.106504235,0.664404698,2.590899898,2.597888941,3.947280266,0.6109,0.0323,0.3688,-0.88345,0.05515,0.3804,9,2.449489743,3.326466667,2.173307165,7,2.449489743,2.9181,2.173170249,5,2.236067977,1.029964706,0.603170902,5,1.414213562,0.822288235,2.069884388,8,5.385164807,3.297627273,2.283497499,8,5.291502622,2.725644444,3.657142771,0.345063146,0.51623148,0.277017568,-0.226506749,0.16152999,-0.043169665,-0.114120574,-0.654237717,-0.946325914,-0.553703875,-0.6013833,-0.970553956
"['47507.00294', '47509.68682']",1.866345963,2.111481792,0.770176743,2.4893423,2.550118738,3.76507818,0.303625556,0.492833333,0.433384444,-0.577827778,0.1662,-0.418351111,1.851799276,2.064663533,0.640237952,2.43491599,2.55895318,3.762726187,0.5438,-0.0273,0.2891,-0.5477,0.08275,0.12555,9,2.449489743,3.1814,2.155667772,7,2.828427125,2.879225,2.231058253,4,1.732050808,0.951382353,0.603581316,4,1,0.941161111,1.984719474,6,3.872983346,3.223333333,2.241036926,10,6.8556546,3.6610875,2.406828882,0.376718064,0.555884942,0.387362273,-0.308595071,0.185177,-0.01738751,-0.051808159,-0.610021497,-0.989497849,-0.29593432,-0.60885051,-0.831750047
"['47507.90761', '47510.59151']",1.921045706,1.933181851,0.737940046,2.461797272,2.677859432,3.591751235,0.413552222,0.384436667,0.431221111,-0.561202222,0.186455556,-0.206057778,1.88651395,1.905185256,0.602190271,2.410405366,2.686325948,3.605924497,0.55065,-0.11645,0.2834,-0.5724,0.0318,0.1526,8,2.645751311,2.83706,2.751320727,7,2.828427125,2.489616667,2.083533539,4,2,0.889738889,0.626946439,4,1.732050808,1.190744444,1.929063984,7,4,3.820858333,3.024717064,8,5.477225575,2.60525,3.66369936,0.60557439,0.528970923,0.605481515,-0.265354443,0.817740198,0.12701075,0.962573797,-0.551299083,-0.5267689,-0.382095036,2.059392074,-0.772476939
"['47508.81231', '47511.49616']",2.026985721,1.829772589,0.809146403,3.304018485,2.668206054,3.268223637,0.388735556,0.284895556,0.307246667,-0.898267778,-0.399851111,0.046565556,2.000505611,1.81758329,0.752737064,3.197380921,2.652854806,3.286199549,0.3471,-0.0391,0.23615,-1.09725,-0.5863,0.17485,8,2,3.400863636,2.578274892,7,2.449489743,2.28,1.711199656,5,2.236067977,1.0362,0.625838862,5,2.236067977,2.246566667,2.66887818,6,3.31662479,3.137833333,3.323911501,7,4.123105626,2.086183333,3.302374654,0.959529659,0.181303612,-0.034380892,0.131942171,1.101238655,0.095281635,2.208256386,-0.323259429,-0.048329241,-0.070350976,2.869917298,-0.450943478
"['47509.71698', '47512.40085']",1.970472557,1.677615277,0.944599508,3.631166043,2.589358546,3.387272728,0.491175556,0.084262222,0.18997,-0.858975556,-0.582516667,-0.159796667,1.918964434,1.684884421,0.930483544,3.547870867,2.537119222,3.402456714,0.48785,0.0065,0.24595,-1.09725,-0.87795,0.027,7,2.828427125,3.340908333,2.315303174,7,3.741657387,2.170708333,1.272341695,6,3.464101615,1.149646667,0.713003879,6,2.645751311,2.513423077,3.377828278,6,2.449489743,2.3952,3.351011124,7,3.741657387,2.201936364,3.556161781,0.973687619,0.043257891,-0.166154075,0.201613823,1.336042261,0.207472525,2.835215519,-0.298137875,-0.062663275,-0.632564726,4.085182411,-0.628919687
"['47510.62166', '47513.30552']",1.901304057,1.794662991,0.965929138,3.9084212,2.418354035,3.606544105,0.514805556,0.133237778,0.110637778,-1.444818889,-0.830075556,0.226592222,1.840535804,1.799736764,0.964947774,3.651908719,2.284158864,3.61958386,0.57075,0.33175,0.14275,-2.22265,-1.06705,0.4423,6,2.449489743,2.696169231,2.522185114,7,3.741657387,2.329858333,1.205178392,6,3.16227766,0.94792,0.830041731,6,2.236067977,1.172507143,4.103843445,6,2.236067977,1.437007143,1.974708594,8,5.099019514,3.389654545,2.766051525,0.681494881,0.026082362,-0.044373618,0.462869735,0.42288733,-0.000351446,2.360521479,-0.392868563,-0.508080161,-0.615264378,-0.551135952,-0.70175984
"['47511.52631', '47514.21017']",1.866027453,1.924775299,0.838053546,3.346928321,2.554255893,4.102327602,0.326044444,0.476358889,0.10899,-1.049573333,-0.266581111,-0.550206667,1.847615569,1.875345045,0.835591315,3.195905474,2.554538132,4.088037899,0.45785,0.45715,0.1093,-1.12895,-0.8747,-0.06,6,2.645751311,1.737130769,2.776420582,6,3,2.541976923,1.631926195,5,3.16227766,0.750057143,0.762270303,5,1.732050808,0.49471875,3.422597537,7,2.828427125,2.131169231,2.053022905,9,5,2.890866667,4.047376321,0.137550006,0.254508592,-0.077404162,0.187096147,0.176151871,0.09380209,-0.078870566,-0.363613879,0.254501188,-1.106713936,-0.813414001,-0.97371395
"['47512.431', '47515.11484']",1.897087349,2.002152284,0.685122399,2.883061341,2.77256778,4.123294851,0.278012222,0.477193333,0.197076667,-1.049088889,0.237695556,-0.36723,1.887119156,1.955347109,0.659841775,2.700459736,2.777835554,4.129917199,0.45245,0.4057,0.10555,-1.24625,0.1128,0.29505,7,2.645751311,1.872163636,2.954172747,7,2.828427125,2.716658333,1.854422823,4,2,0.680194444,0.626485502,5,1.732050808,0.245046667,2.889164772,8,4.69041576,3.058827273,1.847039022,8,4.472135955,2.597033333,3.808782738,0.124688503,0.336122461,0.209701236,0.115039538,-0.117346111,-0.110006957,-0.297081739,-0.571240036,-0.843499215,-0.99529142,-0.853883014,-0.93834812
"['47513.33567', '47516.01953']",1.730424601,1.924873114,0.604315512,2.466843224,3.06418408,3.845593051,0.142703333,0.464594444,0.18373,-0.942277778,0.060728889,-0.529442222,1.734191698,1.878428597,0.578934,2.292558865,3.080745289,3.830312153,0.4202,0.02775,0.04435,-1.4276,0.08035,0.2777,9,2.449489743,2.360422222,1.915857227,7,2.828427125,2.561133333,2.053905664,4,2,0.671442105,0.533370785,5,2,0.465306667,2.534722157,7,5.196152423,3.47505,2.063075367,9,5.099019514,2.1286,3.414918262,0.012937888,0.504317721,0.458979982,0.38600142,0.043263452,-0.320673547,-0.700604377,-0.523057397,-0.70947031,-0.59838655,-1.049880427,-0.834134266
"['47514.24033', '47516.9242']",1.581452758,1.811941693,0.596344933,2.368034767,3.174323972,3.742175536,0.17903,0.405685556,0.198395556,-1.057663333,0.103,-0.565703333,1.580089237,1.775835532,0.565526338,2.130580772,3.19042657,3.719893639,0.481,-0.1869,0.04185,-1.4924,0.0978,0.19305,11,2,2.594875,0.297297238,7,2.449489743,2.409691667,1.983912447,4,1.414213562,0.61029,0.525694842,6,2.449489743,0.39588,2.289804852,12,8,3.721225,2.043337734,9,5.196152423,1.952633333,3.561666023,-0.171866391,0.516591869,0.493014252,0.444133833,0.028386731,-0.310958543,-1.238740481,-0.740353712,-0.70314524,-0.335579769,-1.08654018,-0.869721596
"['47515.14502', '47517.82887']",1.538559708,1.815613548,0.515818683,2.258173307,3.152529627,3.616603947,0.178323333,0.4251,0.169882222,-1.107763333,0.027446667,-0.367092222,1.536752043,1.775035462,0.489769551,1.978816572,3.170070846,3.618082034,0.63745,-0.1869,0.04975,-1.4924,0.1414,0.3302,9,2.645751311,2.11282,1.25713049,8,2.828427125,2.543,1.825913891,4,1.414213562,0.530752632,0.476934268,5,2,0.3991875,2.154631466,13,10,4.713533333,1.084651416,9,4.123105626,1.09889,3.957241492,-0.144937206,0.477003903,0.588514663,0.47247096,0.028035867,-0.364922539,-1.254603915,-0.945577333,-0.419052571,-0.060216071,-1.092907815,-0.902050538
"['47516.04968', '47518.73353']",1.469251537,1.699452772,0.520954902,2.123890614,2.97517371,3.444581762,0.076318889,0.31582,0.165637778,-0.881813333,0.074044444,-0.52941,1.475488095,1.679204502,0.496688271,1.94300385,2.990914787,3.422723423,0.4664,-0.3386,0.03425,-1.2787,0.43035,0.25775,8,3.16227766,1.561572727,1.558962332,9,2.449489743,3.049722222,1.257108296,4,1.414213562,0.467594444,0.486252311,6,2.236067977,0.5634,1.918285166,13,8.94427191,4.097016667,1.240676221,8,3,0.497572727,4.187419026,-0.103326332,0.553272889,0.648977142,0.272042649,-0.183900756,-0.26029627,-1.302876425,-0.828601912,-0.575473717,-0.675344672,-0.951011551,-1.032647951
"['47516.95435', '47519.63821']",1.380334414,1.62368,0.492121589,2.045125023,3.133797276,3.108466597,0.109123333,0.265491111,0.181896667,-0.834056667,0.150507778,-0.36841,1.383723065,1.610801354,0.459833305,1.877781757,3.147717115,3.103849511,0.5879,-0.3025,0.1012,-1.12435,0.5048,0.25775,8,3.464101615,1.386545455,1.444709839,11,0,3.10765,0.240496677,5,1.732050808,0.412211111,0.4569379,5,1.732050808,0.78091875,2.131915318,11,7.874007874,3.964557143,1.558283228,7,0,-0.013025,4.031566538,-0.213753932,0.491201188,0.443515802,0.45671319,-0.187795716,-0.272024309,-1.374562961,-0.996460528,-0.793864203,-0.265679684,-0.957862062,-0.982418857
"['47517.85902', '47520.54287']",1.373591441,1.620553583,0.499153396,2.318302366,3.348822512,3.042802725,0.081906667,0.326044444,0.188018889,-0.99012,-0.105762222,-0.483261111,1.378828793,1.59630896,0.464978807,2.107975604,3.365903707,3.021011886,0.48465,-0.1228,0.1588,-1.13905,0.4883,0.18205,7,2.828427125,1.291509091,1.451661677,11,0,3.1796875,0.346644991,4,1.414213562,0.478773684,0.447568063,5,1.732050808,0.9069375,2.235595914,9,7.071067812,3.703425,1.845111873,8,2.236067977,0.322090909,3.751048854,-0.250763931,0.423191696,0.382124493,0.334480251,-0.195875353,-0.347628853,-1.364438439,-0.921178212,-0.684632335,-0.33854895,-0.925423275,-0.977632414
"['47518.7637', '47521.44757']",1.546798872,1.747558497,0.511107995,2.493813842,3.470601717,3.424114728,0.04067,0.413088889,0.210668889,-0.876684444,0.128581111,-0.662265556,1.554926723,1.707546517,0.468280385,2.347716719,3.487648971,3.378279831,0.4669,-0.04415,0.2205,-1.13775,0.6953,0.05515,8,2.828427125,1.4634,1.813235626,10,2,2.949422222,1.12453433,4,1.414213562,0.5815,0.394535172,5,1.732050808,1.297182353,2.473823476,10,6.92820323,3.741866667,1.976114693,7,2.236067977,-0.122233333,4.198978586,-0.103942354,0.478202893,0.002685302,0.295754724,-0.298657522,-0.299908581,-1.098933481,-0.734318127,-0.608089814,-0.018093318,-0.888106345,-1.07838873
"['47519.66836', '47522.35225']",1.682093279,1.852571743,0.579016392,2.579030709,3.299149878,3.713164259,0.164666667,0.323391111,0.2375,-1.054662222,0.147531111,-0.319514444,1.683392248,1.834346538,0.531024407,2.366711628,3.314313873,3.720116798,0.5268,-0.06855,0.23985,-1.24345,0.7627,0.25855,8,2.449489743,1.85885,2.047356483,9,2.449489743,3.349388889,1.27218493,4,1,0.67399,0.40632423,4,1.732050808,0.862377778,2.347062337,9,6.480740698,3.33075,1.805776436,7,2.645751311,1.08802,4.138234813,-0.106450423,0.509830221,-0.123339276,0.215333487,-0.322700657,-0.378522785,-0.887352064,-0.712659032,-0.438052036,0.143118241,-0.800892182,-0.955299321
"['47520.57302', '47523.25693']",1.764054244,1.838694842,0.58665071,2.714129345,3.272496102,3.808812435,0.117785556,0.40902,0.249732222,-1.124574444,0.043265556,-0.464356667,1.769978273,1.802666946,0.53381559,2.484027035,3.290541936,3.801578995,0.467,0.02445,0.23985,-1.28995,0.6781,0.0576,9,2,2.458966667,1.760257181,9,2.236067977,3.3881,1.263519216,4,1,0.7128,0.377655531,4,1.732050808,0.737647368,2.344131418,6,4.795831523,3.293972727,1.712978146,7,3.605551275,0.496533333,4.451491723,-0.006786984,0.496985342,-0.143243037,0.103769024,-0.165195527,-0.34175757,-1.020395381,-0.667183132,-0.470439668,0.059296843,-0.996333836,-0.916428172
"['47521.47773', '47524.16159']",1.696028965,1.804424903,0.59355121,2.610015369,3.271080985,3.783451378,0.232254444,0.427746667,0.260943333,-1.052376667,0.181136667,-0.662485556,1.689463352,1.762813067,0.536101674,2.401828709,3.284359306,3.745867461,0.52775,0.033,0.2271,-1.17715,0.6096,-0.0502,9,2.236067977,2.44681,1.594704559,9,2.236067977,3.1848,1.317536335,4,1.414213562,0.64837,0.429724553,4,2,0.507633333,2.293087082,9,6.08276253,3.17323,2.11932131,8,5.099019514,1.673533333,3.744301815,-0.125080146,0.413821561,-0.085104913,0.151358521,-0.11217568,-0.291499,-0.926088936,-0.800595354,-0.524727496,-0.084226441,-1.01696408,-0.948468235
"['47522.3824', '47525.06625']",1.639024921,1.773125299,0.569968391,2.733944037,3.373079517,3.655677099,0.247317778,0.464712222,0.236997778,-1.247748889,0.07899,-0.541118889,1.62933534,1.720730929,0.521262963,2.446234308,3.391046275,3.635661209,0.56655,0.0822,0.15395,-1.611,0.31065,0.1527,8,2.236067977,1.924981818,1.984566259,8,2.449489743,2.842854545,1.541981659,4,2.449489743,0.655042105,0.409738984,4,1.732050808,0.193223529,2.448545053,8,5.830951895,2.813633333,3.563210131,9,5.477225575,1.796633333,3.731282369,-0.178711207,0.474293741,0.01617227,0.365252226,0.029307862,-0.388430577,-1.05361097,-0.873979611,-0.657381195,-0.350160367,-1.039298759,-0.915618731
"['47523.28708', '47525.97096']",1.622364571,1.730723608,0.616025816,2.590248327,3.448863717,3.788462904,0.097892222,0.417423333,0.212305556,-1.022052222,0.065788889,-0.830371111,1.628480895,1.689041272,0.581525252,2.393417022,3.467554182,3.717048711,0.4445,-0.1169,0.1189,-1.484,0.0268,-0.0123,8,2,1.388654545,2.169156662,8,2.645751311,2.80866,1.683779534,5,2.828427125,0.701664706,0.507360188,5,1,-0.22594375,2.546850265,8,4.582575695,2.532611111,3.781290019,10,5.916079783,2.9509625,2.13694616,-0.080407811,0.570678878,0.129761478,0.468081216,0.084168776,-0.287335132,-1.238052835,-0.74689262,-0.651784496,-0.572285421,-0.97704975,-0.982545961
"['47524.19174', '47526.87565']",1.600783545,1.700763424,0.68728269,3.146039072,3.73057904,3.784627768,0.243526667,0.366876667,0.300312222,-1.470227778,0.333711111,-0.554831111,1.591014957,1.670025891,0.621662376,2.796947154,3.736439328,3.764710891,0.78345,-0.081,0.18295,-1.9967,0.17755,-0.02715,7,1,1.007758333,2.178256697,8,2.828427125,2.351936364,1.971562415,5,3,0.8222125,0.559733576,5,2.236067977,0.106966667,2.762385048,9,5,2.4731,3.683177258,10,5.916079783,2.7452625,2.42282514,-0.276820025,0.570462078,0.192299953,0.257632032,-0.165681092,-0.349722425,-1.271603131,-0.803077517,-0.462042153,-0.378246357,-1.017984303,-0.897495734
"['47525.0964', '47527.78036']",1.678852772,1.743061726,0.720768746,3.411039472,4.086356423,3.911090287,0.145787778,0.51014,0.373863333,-1.569415556,-0.194497778,-0.521612222,1.681880735,1.67607729,0.61967771,3.045518458,4.104592041,3.897866477,0.68295,0.0389,0.31375,-1.89475,0.0816,0.09895,7,1,0.950733333,2.122391694,8,3,2.67929,1.932808259,5,3,0.93435,0.577731019,6,2.645751311,0.785353846,2.677323436,10,5.744562647,3.6799125,2.733471705,12,6.8556546,2.74,2.434193181,-0.2445866,0.520149485,0.139595123,-0.055386935,-0.221097424,-0.346932913,-1.375454218,-0.712068049,-0.548498597,-0.315629203,-1.052130338,-0.884204367
"['47526.00112', '47528.68509']",1.776413061,1.88624188,0.757333145,3.451190073,4.030177816,4.188884046,0.190343333,0.648725556,0.459021111,-1.501421111,0.224473333,-0.850006667,1.776080618,1.781098393,0.605747566,3.124891515,4.046464743,4.124715093,0.7867,0.16505,0.48315,-1.74535,0.97275,-0.05245,7,0,1.093025,2.291286881,7,2.645751311,2.669991667,1.923164308,5,3,1.039593333,0.495076963,7,2.828427125,1.044633333,2.535039462,11,6,4.02035,2.242045785,11,7.280109889,3.139,2.345914008,-0.243229898,0.416751751,0.029443161,-0.149882191,-0.462565311,-0.236633476,-1.317931502,-0.804688738,-0.512796715,-0.405361854,-0.845346321,-1.127649339
"['47526.9058', '47529.58976']",1.905169458,2.039838038,0.755960674,3.27996766,3.997280026,4.405103685,0.293406667,0.620306667,0.472833333,-1.612085556,0.130758889,-0.430215556,1.892986723,1.954120674,0.593139297,2.872463455,4.017522679,4.408605954,0.897,0.1514,0.51305,-1.67465,0.74355,0.40055,7,0,1.278091667,2.445255711,7,2.449489743,2.968245455,1.938551989,5,2.828427125,1.09838125,0.444996609,6,1.732050808,0.587485714,2.098807488,9,6.08276253,3.793933333,2.739529129,10,6.708203932,3.737485714,2.526659611,-0.251145617,0.480135031,-0.127777432,-0.255893357,-0.279412961,-0.327026947,-1.273849801,-0.685055585,-0.522205191,-0.076521122,-0.834768214,-1.000765671
"['47527.81051', '47530.49452']",1.961238247,2.049282542,0.80266015,3.203427652,3.648000417,4.48077778,0.167228889,0.637305556,0.358985556,-1.389732222,0.227145556,-0.900982222,1.965043089,1.958576791,0.721930479,2.902446424,3.661319334,4.413849564,0.7986,0.13075,0.3737,-1.51705,0.14,-0.0715,7,1.732050808,1.749590909,2.408404723,8,2.828427125,3.083090909,2.086770865,5,2.449489743,1.0615375,0.537741449,5,1.414213562,0.288673333,2.531641309,7,5.477225575,2.81716,3.772644295,9,6.32455532,3.31915,2.686133797,-0.103147055,0.559033591,-0.288909394,0.06195051,0.04345216,-0.188603885,-1.352131575,-0.552320682,-0.138757236,-0.171657609,-0.916840743,-0.989378726
"['47528.71524', '47531.39921']",1.984750173,2.140764826,0.883276538,3.327022091,3.678852643,4.550314017,0.433571111,0.587162222,0.418941111,-1.587538889,0.453415556,-0.660782222,1.94766481,2.070201399,0.781958942,2.940212604,3.671257016,4.527301955,0.9689,0.09745,0.41065,-1.85835,0.23745,-0.01265,7,1.732050808,1.839391667,2.244435278,7,2.828427125,3.208463636,2.150910107,5,2.645751311,1.123911765,0.581697487,5,1,0.240852941,2.678014243,8,6.244997998,3.201190909,3.746168243,9,6.164414003,3.4095,2.802442451,-0.334952782,0.587528616,-0.278992731,0.335559169,0.089776314,-0.278617823,-1.223020355,-0.636094059,-0.262498565,-0.118700615,-1.01586286,-0.937351972
"['47529.61992', '47532.30391']",1.997547416,2.140935657,0.866210203,3.354146786,3.507025383,4.51351057,0.280496667,0.765227778,0.357461111,-1.616713333,-0.114478889,-0.681403333,1.988835572,2.010709736,0.793433374,2.955262834,3.524793318,4.486774629,0.76665,0.13295,0.30905,-1.9054,-0.14295,0.0135,7,1,1.708918182,2.357133255,7,3.16227766,3.231545455,2.076016924,4,1.732050808,1.058264706,0.633019352,5,1.414213562,-0.033294118,3.071723832,9,6.32455532,3.004288889,3.741024731,10,6.480740698,3.4433,2.559049458,-0.210974155,0.482501287,-0.090814367,0.489829938,0.245001394,-0.287224903,-1.322716296,-0.789988546,-0.343857283,-0.026457999,-0.898257026,-0.928549506
"['47530.52467', '47533.20862']",2.068979106,2.277058759,0.904123128,3.331714,3.427545197,4.903585728,0.441225556,0.870623333,0.472185556,-1.340136667,0.35557,-1.082294444,2.032708686,2.11583395,0.775344424,3.067392243,3.428150555,4.809449098,1.0799,0.28965,0.34975,-1.40465,0.40075,-0.2946,7,1.732050808,1.797241667,2.312007566,7,3,3.402433333,1.988116188,4,2,1.066273684,0.622391808,5,1.732050808,0.305933333,3.083461104,10,6.708203932,3.857222222,2.23183412,9,6.557438524,4.04345,2.517622798,-0.331132169,0.425523324,0.023642654,0.27356779,-0.089717559,-0.15034023,-1.2662685,-0.901738788,-0.478007085,-0.42523682,-0.889741873,-1.128068774
"['47531.42936', '47534.11334']",2.100512093,2.29768934,0.861920071,3.569038122,3.321295586,5.05690289,0.449188889,0.930526667,0.475163333,-1.794717778,-0.046987778,-0.382116667,2.063416594,2.112601778,0.72314343,3.102249835,3.339568173,5.070694424,1.2095,0.54585,0.38605,-1.98435,0.17975,0.8667,7,1.732050808,1.814275,2.431706789,7,3.16227766,3.437158333,1.872408187,4,2,1.0618,0.606869987,5,1.732050808,-0.295361111,3.032151775,9,6.480740698,3.6925625,2.123079009,10,6.557438524,4.181688889,2.585909339,-0.337544299,0.365423557,0.030894575,0.294041551,-0.016715851,-0.298056845,-1.251043845,-0.930850673,-0.344667054,-0.397568812,-0.921484429,-1.030211081
"['47532.33406', '47535.01806']",2.202743525,2.405681646,0.939202533,3.552118292,3.236599557,5.526460357,0.419368889,1.03205,0.503664444,-1.470984444,0.293493333,-1.311514444,2.174569025,2.185231143,0.797172794,3.25133926,3.241322819,5.398660315,1.21575,0.60845,0.4371,-1.31805,0.4812,-0.92875,7,1.732050808,1.967366667,2.588061535,6,2.828427125,3.4236,2.024869976,5,2.645751311,1.213011111,0.638414934,5,1.732050808,0.208994118,2.995196718,8,6.164414003,3.272411111,2.342558704,9,6,4.6220625,2.929717467,-0.227747781,0.33529127,-0.08400908,0.013579888,-0.072829542,-0.027400939,-1.379915539,-0.844095129,-0.439470219,-0.748960512,-0.866690568,-1.140594743
"['47533.23878', '47535.92275']",2.177696846,2.362175231,0.961258592,3.766085013,3.487440082,5.421396444,0.591742222,0.914882222,0.569286667,-2.171895556,0.247854444,-0.449047778,2.107499777,2.190012085,0.778891242,3.093966477,3.498109578,5.433035234,1.3458,0.60845,0.51865,-2.32985,0.4812,0.81115,6,2.236067977,1.988469231,2.464923961,6,2.828427125,3.411515385,1.970328733,5,2.645751311,1.282705882,0.616635152,5,2,-0.51196875,2.931502628,12,6.782329983,3.973571429,2.928532422,10,5.567764363,4.7335,2.896839097,-0.382584724,0.339625026,-0.149794054,0.253287454,0.058072225,-0.324113151,-1.233019079,-0.849991897,-0.309881298,-0.713824079,-0.99990311,-1.022682134
"['47534.14349', '47536.8275']",2.207702246,2.376746303,0.980695844,3.60603559,3.601868835,5.570578035,0.289035556,1.039188889,0.543052222,-1.664541111,0.240621111,-1.360135556,2.200961712,2.149499157,0.821189025,3.216795113,3.613956176,5.432241847,1.0334,0.56345,0.5107,-1.8846,0.56585,-0.87645,6,2.236067977,1.500338462,2.644137051,7,2.828427125,3.481984615,2.055871828,5,2.449489743,1.37964375,0.633347797,5,2,0.008435294,3.319800274,11,7.416198487,4.26175,2.3437781,9,5.477225575,4.397875,2.93074014,-0.175508159,0.326928975,-0.105073867,0.104291088,-0.093527539,-0.142883662,-1.452818139,-0.731360392,-0.50013267,-0.831253604,-0.948064925,-1.10689975
"['47535.04821', '47537.73222']",2.22642516,2.31847945,1.017577488,3.765990362,3.80871367,5.395913932,0.610347778,0.898441111,0.696538889,-2.108737778,0.430981111,-0.469183333,2.153126841,2.149297109,0.745976299,3.137722202,3.805451381,5.405592064,1.42065,0.52365,0.681,-2.453,1.04175,0.67875,7,2,1.7856,2.438988115,7,2.645751311,3.70521,1.811468222,5,2.449489743,1.4017,0.5346425,5,2,-0.267676471,3.091186238,10,7.810249676,4.938171429,1.438977544,11,6.557438524,4.9554125,2.718605944,-0.500234226,0.306560604,-0.269832322,0.250165769,-0.217695189,-0.400008587,-1.205437143,-0.88911537,-0.268537282,-0.627751573,-1.086691374,-0.984739018
"['47535.95293', '47538.63694']",2.217165257,2.335624601,0.981886319,3.633617772,3.713166082,5.540575807,0.250354444,1.060403333,0.618281111,-1.736713333,0.123716667,-1.109161111,2.215327096,2.092688809,0.767050597,3.209589637,3.731895154,5.458831388,0.6206,0.6837,0.58105,-2.0157,0.71645,-0.1001,6,1,1.251483333,2.641739615,8,2.449489743,3.69188,1.854751838,4,2.236067977,1.369676471,0.598693817,5,2,0.242688235,3.186985043,9,7.483314774,4.6136,1.56662836,15,8,6.18654,2.120685507,-0.205580854,0.238569375,-0.07560797,0.117029,-0.214339631,-0.254315259,-1.491953878,-0.77499517,-0.485803427,-0.682795742,-1.032689359,-1.099726465
"['47536.85768', '47539.54168']",2.290417101,2.318608937,1.039220549,3.726342661,3.767949761,5.576247441,0.682798889,0.918233333,0.708132222,-2.055447778,0.567925556,-0.610201111,2.198522628,2.140963622,0.764871506,3.12558986,3.745771454,5.573812275,1.7122,0.6837,0.69355,-2.2534,1.0198,0.3865,7,2,1.798841667,2.526118426,9,2.449489743,4.058333333,1.604920373,4,2.236067977,1.373433333,0.572125984,5,2,-0.25650625,3.128393532,10,6.8556546,4.787477778,1.813716742,16,6.782329983,6.4084,1.727929104,-0.524649833,0.304677673,-0.308422437,0.20584245,-0.245631664,-0.379723685,-1.201096017,-0.850566258,-0.278759766,-0.521037962,-0.939478976,-1.028833297
"['47537.7624', '47540.4464']",2.303509195,2.345012023,1.00252428,3.783248398,3.749361223,5.501358436,0.342411111,1.085168889,0.611331111,-2.035206667,0.084012222,-0.742576667,2.290679286,2.090465483,0.799013637,3.207051927,3.769419586,5.481549449,0.8069,0.8948,0.6058,-2.2904,0.2968,0.17495,7,1.732050808,1.420825,2.67261812,9,2.449489743,4.215177778,1.678967564,5,1.732050808,1.363505882,0.590649044,5,1.732050808,-0.793305882,3.639537151,9,6.403124237,4.785575,1.799072196,13,8.366600265,5.805716667,2.196066049,-0.268055088,0.290765297,-0.287712424,0.241244988,-0.087520068,-0.360570075,-1.423887044,-0.690494562,-0.361222469,-0.567453958,-0.920330679,-1.001694033
"['47538.66713', '47541.35115']",2.407646864,2.421229424,1.02037179,3.753305851,3.722272495,5.687083029,0.705852222,1.098934444,0.679255556,-1.79815,0.640784444,-0.869827778,2.314750564,2.169561005,0.765692337,3.312992003,3.687244493,5.651655988,1.6731,0.8948,0.6764,-2.03045,0.7672,0.10175,7,1,1.728676923,2.826929165,10,0,4.86405,1.021134173,5,2,1.378366667,0.529663858,5,2.449489743,-0.11564375,3.674930277,10,7.071067812,5.093333333,1.798325431,11,7.745966692,5.2546,2.427295728,-0.47188027,0.349918799,-0.450879802,0.125682408,-0.155587676,-0.322661917,-1.11583443,-0.742078303,-0.141011935,-0.680934063,-0.803508108,-1.062034209
"['47539.57186', '47542.25586']",2.240990164,2.329338598,0.892477594,3.557137982,3.366172607,5.24683701,0.560792222,0.965124444,0.558268889,-1.625934444,0.32972,-0.446214444,2.181843901,2.131865722,0.700214167,3.181514554,3.368753057,5.257116327,0.97455,0.618,0.56245,-1.332,0.24255,0.50915,7,1.414213562,1.407527273,2.848870702,10,0,4.763325,0.993938249,5,2,1.152711111,0.604495895,6,2.449489743,0.63208,3.346429995,8,6.244997998,4.289177778,2.327729022,11,7,4.8323,2.588063863,-0.331469111,0.426917129,-0.114703568,-0.057748167,0.005031978,-0.389114464,-1.072030626,-0.682402217,-0.190086597,-0.494771524,-0.648122222,-0.921175609
"['47540.47659', '47543.16058']",2.129399406,2.185478224,0.762311247,3.209422185,2.970715157,4.797135367,0.635915556,0.699763333,0.444376667,-1.186441111,0.251028889,-0.440891111,2.043613761,2.082020872,0.622863119,2.998777546,2.976673307,4.803593047,0.8299,0.2656,0.41095,-0.9738,-0.0226,0.48155,8,2.449489743,2.60735,2.695739795,11,0,4.5174875,0.969773163,5,2.828427125,0.995529412,0.624117521,6,2.645751311,1.455392857,2.07733328,8,4.898979486,3.181636364,2.893576249,9,5.744562647,3.3543,3.908300204,0.016654238,0.632769458,0.336985261,-0.364171498,0.34742025,-0.346593444,-0.500991849,-0.455912789,-0.066395682,-0.26340734,-0.62575189,-0.672877628
"['47541.3813', '47544.0653']",1.873072249,1.921542276,0.560134137,3.050586677,2.616005412,3.714847644,0.44562,0.399265556,0.199314444,-0.907758889,-0.578108889,0.01515,1.829483939,1.89013422,0.526405665,2.928712488,2.565621239,3.735628212,0.59625,-0.1367,0.14685,-0.85315,-0.7463,0.27525,8,3.464101615,2.201063636,2.505822916,11,0,3.8713875,0.763159879,5,2.645751311,0.533347059,0.579225253,6,2,1.942178571,2.219602289,7,3.605551275,1.45635,2.993135783,8,4.472135955,2.580490909,4.34343856,0.296869074,0.610336345,0.476975608,-0.332941615,0.437981991,0.186181716,-0.14611356,-0.269227012,-0.364162161,0.130198171,-0.439925519,-0.547632391
"['47542.28601', '47544.96998']",1.66198198,1.67916034,0.499517768,3.160861494,2.498763347,2.95496812,0.335414444,0.241636667,-0.001557778,-0.042472222,-1.042781111,-0.33606,1.636903465,1.670992456,0.502313766,3.178282581,2.283498015,2.952243527,0.53655,-0.1624,-0.1089,0.15285,-0.97695,-0.2854,6,3.16227766,1.625261538,2.339858329,9,3.464101615,2.525444444,1.84842587,4,1,0.387405882,0.516415588,5,1.414213562,3.235021429,2.405817903,6,2.828427125,1.011930769,2.684133225,6,2.645751311,1.677130769,3.933198969,0.582671424,0.704933079,0.213626058,-0.190679618,0.36678753,0.574661899,0.981148591,0.252943912,0.181473747,-0.099141459,-0.509539912,0.854009457