swim,transition,0.13333           0     0.83333    0.033333
swim,transition,0.13333           0     0.83333    0.033333
swim,transition,0.13333           0     0.83333    0.033333
swim,transition,0.13333           0     0.83333    0.033333
swim,transition,0.13333           0     0.83333    0.033333
swim,transition,0.13333           0     0.83333    0.033333
swim,transition,0.13333           0     0.83333    0.033333
swim,transition,0.13333           0         0.8    0.066667
swim,transition,0.027978           0      2.4477     0.35206
transition,transition,0.23333           0     0.13333     0.63333
transition,transition,0.033333           0           0     0.96667
transition,transition,0  0  0  1
transition,transition,0  0  0  1
transition,transition,0  0  0  1
transition,transition,0  0  0  1
transition,transition,0  0  0  1
transition,transition,0  0  0  1
transition,transition,0  0  0  1
transition,transition,0  0  0  1
transition,transition,0  0  0  1
transition,transition,0.033333           0           0     0.96667
transition,transition,0           0    0.033333     0.96667
transition,transition,0  0  0  1
transition,transition,0  0  0  1
transition,transition,0.16667           0    0.066667     0.76667
transition,transition,0.23333           0    0.066667         0.7
transition,transition,0.3           0    0.066667     0.63333
transition,transition,0.16667           0    0.066667     0.76667
transition,transition,0.2           0    0.066667     0.73333
transition,transition,0.26667           0    0.066667     0.66667
transition,transition,1.0714           0    0.033603      1.7227
transition,transition,0.99274           0    0.028921      1.8061
transition,transition,0.82487           0    0.025586      1.9773
transition,transition,0.68811           0    0.028451      2.1112
transition,transition,0.97523           0    0.038322      1.8142
bike,transition,0.76667           0         0.1     0.13333
bike,transition,0.76667           0         0.1     0.13333
bike,transition,0.76667           0         0.1     0.13333
bike,transition,2.0537           0    0.015401     0.75864
bike,transition,2.0537           0    0.015401     0.75864
transition,transition,0.3           0         0.1         0.6
transition,transition,0.3           0         0.1         0.6
transition,transition,0.26667           0         0.1     0.63333
transition,transition,1.0094           0    0.058876      1.7595
transition,transition,1.0326           0    0.046339      1.7488
transition,transition,1.0714           0    0.033603      1.7227
transition,transition,0.78432           0    0.023732      2.0197
transition,transition,0.76237           0    0.023732      2.0417
transition,transition,0.36667           0           0     0.63333
transition,transition,0.2           0    0.033333     0.76667
transition,transition,0.33333           0           0     0.66667
transition,transition,0.98995           0     0.04614      1.7917
transition,transition,0.033333           0           0     0.96667
transition,transition,0  0  0  1
transition,transition,0  0  0  1
transition,transition,0  0  0  1
transition,transition,0.033333           0           0     0.96667
transition,transition,0  0  0  1
transition,transition,0  0  0  1
transition,transition,0  0  0  1
transition,transition,0  0  0  1
transition,transition,0  0  0  1
transition,transition,0.066667           0           0     0.93333
transition,transition,0.1           0           0         0.9
transition,transition,0  0  0  1
transition,transition,0  0  0  1
transition,transition,0  0  0  1
transition,transition,0.16667           0    0.033333         0.8
transition,transition,0.1           0    0.033333     0.86667
transition,transition,0.066667           0           0     0.93333
transition,transition,0  0  0  1
transition,transition,0  0  0  1
transition,transition,0  0  0  1
transition,transition,0  0  0  1
transition,transition,0  0  0  1
transition,transition,0           0    0.033333     0.96667
transition,transition,0.033333           0           0     0.96667
transition,transition,0  0  0  1
transition,transition,0  0  0  1
transition,transition,0  0  0  1
transition,transition,0  0  0  1
transition,transition,0  0  0  1
transition,transition,0  0  0  1
transition,transition,0.066667           0           0     0.93333
transition,transition,0.033333           0    0.033333     0.93333
transition,transition,0  0  0  1
transition,transition,0  0  0  1
transition,transition,0.3           0    0.033333     0.66667
transition,transition,0.3           0           0         0.7
transition,transition,0.23333           0           0     0.76667
transition,transition,0.36667           0    0.033333         0.6
swim,transition,0.0078265     0.83683      1.2203     0.76277
transition,transition,0.048487     0.79217     0.74861      1.2385
bike,transition,1.3077    0.021162     0.45267      1.0463
bike,transition,1.474           0    0.080346      1.2734
bike,transition,0.73333           0         0.1     0.16667
bike,transition,0.8           0    0.033333     0.16667
bike,transition,0.76667           0    0.066667     0.16667
bike,transition,0.73333           0         0.1     0.16667
bike,transition,0.73333           0         0.1     0.16667
bike,transition,0.73333           0         0.1     0.16667
bike,transition,0.73333           0         0.1     0.16667
bike,transition,0.76667           0         0.1     0.13333
bike,transition,0.76667           0         0.1     0.13333
bike,transition,0.76667           0     0.13333         0.1
transition,transition,1.1372           0    0.044053      1.6465
bike,transition,2.0537           0    0.015401     0.75864
bike,transition,0.63333           0    0.066667         0.3
transition,transition,0.97656           0    0.056788      1.7944
bike,transition,2.0537           0    0.015401     0.75864
transition,transition,1.1113           0    0.041388      1.6751
bike,transition,0.76667           0           0     0.23333
bike,transition,0.7           0           0         0.3
bike,transition,0.7           0           0         0.3
bike,transition,0.6           0           0         0.4
transition,transition,0.33333           0    0.033333     0.63333
transition,transition,0.33333           0           0     0.66667
transition,transition,0.36667           0           0     0.63333
transition,transition,0.33333           0           0     0.66667
transition,transition,0.26667           0           0     0.73333
bike,transition,2.0537           0    0.015401     0.75864
bike,transition,0.7           0    0.033333     0.26667
transition,transition,0.16667           0     0.23333         0.6
swim,transition,0    0.066667     0.73333         0.2
swim,transition,0    0.066667         0.7     0.23333
swim,transition,0.033333    0.066667     0.63333     0.26667
swim,transition,0.033333    0.033333     0.76667     0.16667
swim,transition,0    0.033333         0.9    0.066667
swim,transition,0.033333           0     0.93333    0.033333
swim,transition,0.033333           0     0.93333    0.033333
swim,transition,0     0.00254      2.8219   0.0032814
transition,transition,0.33333           0           0     0.66667
transition,transition,0.033333           0           0     0.96667
transition,transition,0.066667           0           0     0.93333
transition,transition,0  0  0  1
transition,transition,0  0  0  1
transition,transition,0  0  0  1
transition,transition,0  0  0  1
transition,transition,0  0  0  1
transition,transition,0.066667           0           0     0.93333
transition,transition,0.066667           0           0     0.93333
transition,transition,0.066667           0    0.033333         0.9
transition,transition,0.23333           0         0.1     0.66667
transition,transition,0.69567   0.0067114     0.33453      1.7909
swim,transition,0.2    0.033333     0.66667         0.1
transition,transition,0.57301   0.0017354        0.47       1.783
transition,transition,0.57301   0.0017354        0.47       1.783
transition,transition,0.26667           0     0.13333         0.6
transition,transition,0.33333           0    0.066667         0.6
transition,transition,0.26667           0           0     0.73333
transition,transition,0.13333           0           0     0.86667
transition,transition,0.13333           0           0     0.86667
transition,transition,0.13333           0           0     0.86667
transition,transition,0.13333           0           0     0.86667
transition,transition,0.13333           0           0     0.86667
transition,transition,0.13333           0           0     0.86667
transition,transition,0.13333           0    0.066667         0.8
transition,transition,0.1           0    0.033333     0.86667
transition,transition,0.16667           0    0.033333         0.8
transition,transition,0.13333           0    0.033333     0.83333
transition,transition,0.13333           0    0.066667         0.8
transition,transition,0.066667           0    0.066667     0.86667
transition,transition,0.1           0    0.066667     0.83333
transition,transition,0.033333           0    0.066667         0.9
transition,transition,0.2           0    0.033333     0.76667
transition,transition,0.23333           0           0     0.76667
bike,transition,0.66667           0         0.2     0.13333
bike,transition,0.63333    0.066667     0.23333    0.066667
swim,transition,0.16667     0.16667     0.63333    0.033333
swim,transition,0.1     0.23333     0.66667           0
swim,transition,0.16667    0.033333         0.8           0
swim,transition,0.16667    0.033333         0.8           0
run,transition,0.066667         0.7     0.23333           0
run,transition,0.066667         0.8     0.13333           0
run,transition,0.066667         0.8     0.13333           0
run,transition,0.066667         0.8     0.13333           0
run,transition,0.066667     0.76667     0.16667           0
run,transition,0.066667     0.76667     0.16667           0
run,transition,0.066667         0.8     0.13333           0
run,swim,0.066667     0.76667     0.16667           0
run,swim,0.066667     0.76667     0.16667           0
run,swim,0.066667     0.76667     0.16667           0
run,swim,0.066667     0.76667     0.16667           0
run,swim,0.1     0.63333     0.26667           0
swim,swim,0.16667           0     0.83333           0
swim,swim,0    0.033333     0.96667           0
swim,swim,0    0.033333     0.96667           0
swim,swim,0    0.033333     0.96667           0
swim,swim,0    0.033333     0.96667           0
swim,swim,0  0  1  0
swim,swim,0  0  1  0
swim,swim,0  0  1  0
swim,swim,0  0  1  0
swim,swim,0  0  1  0
swim,swim,0  0  1  0
swim,swim,0  0  1  0
swim,swim,0  0  1  0
swim,swim,0  0  1  0
swim,swim,0  0  1  0
swim,swim,0  0  1  0
swim,swim,0.16667           0     0.83333           0
swim,swim,0  0  1  0
swim,swim,0  0  1  0
swim,swim,0  0  1  0
swim,swim,0  0  1  0
swim,swim,0  0  1  0
swim,swim,0  0  1  0
swim,swim,0  0  1  0
swim,swim,0  0  1  0
swim,swim,0  0  1  0
swim,swim,0  0  1  0
swim,swim,0  0  1  0
swim,swim,0  0  1  0
swim,swim,0  0  1  0
swim,swim,0  0  1  0
swim,swim,0  0  1  0
swim,swim,0  0  1  0
swim,swim,0    0.033333         0.9    0.066667
swim,swim,0    0.033333         0.7     0.26667
swim,swim,0    0.033333     0.83333     0.13333
swim,swim,0    0.033333     0.76667         0.2
swim,swim,0           0     0.83333     0.16667
transition,swim,0.0084343   0.0032715      1.2425      1.5736
transition,swim,0.024821     0.24986     0.48309        2.07
transition,swim,0.013295   0.0095734      1.2595      1.5454
swim,swim,0           0     0.86667     0.13333
swim,swim,0           0         0.9         0.1
swim,swim,0           0     0.96667    0.033333
swim,swim,0           0     0.96667    0.033333
swim,swim,0  0  1  0
swim,swim,0  0  1  0
swim,swim,0  0  1  0
swim,swim,0  0  1  0
swim,swim,0  0  1  0
swim,swim,0  0  1  0
swim,swim,0  0  1  0
swim,swim,0  0  1  0
swim,swim,0  0  1  0
swim,swim,0  0  1  0
swim,swim,0  0  1  0
swim,swim,0  0  1  0
swim,swim,0  0  1  0
swim,swim,0  0  1  0
swim,swim,0  0  1  0
swim,swim,0  0  1  0
swim,swim,0  0  1  0
swim,swim,0  0  1  0
swim,swim,0  0  1  0
swim,swim,0  0  1  0
swim,swim,0  0  1  0
swim,swim,0  0  1  0
swim,swim,0  0  1  0
swim,swim,0  0  1  0
swim,swim,0    0.033333         0.9    0.066667
swim,swim,0  0  1  0
swim,swim,0  0  1  0
swim,swim,0    0.033333     0.96667           0
swim,swim,0    0.033333         0.9    0.066667
swim,swim,0    0.033333         0.9    0.066667
swim,swim,0    0.033333         0.8     0.16667
swim,swim,0           0     0.96667    0.033333
swim,swim,0  0  1  0
swim,swim,0  0  1  0
swim,swim,0  0  1  0
swim,swim,0  0  1  0
swim,swim,0  0  1  0
swim,swim,0  0  1  0
swim,swim,0  0  1  0
swim,swim,0  0  1  0
swim,swim,0  0  1  0
swim,swim,0  0  1  0
swim,swim,0  0  1  0
swim,swim,0  0  1  0
swim,swim,0  0  1  0
swim,swim,0  0  1  0
swim,swim,0  0  1  0
swim,swim,0  0  1  0
swim,swim,0  0  1  0
swim,swim,0  0  1  0
swim,swim,0    0.033333         0.9    0.066667
run,swim,0.033333         0.7     0.26667           0
swim,swim,0.16667    0.066667     0.76667           0
run,swim,0.066667     0.76667     0.16667           0
swim,swim,0.16667    0.066667     0.76667           0
swim,swim,0.16667    0.033333         0.8           0
swim,swim,0.16667         0.1     0.73333           0
swim,swim,0.16667         0.1     0.73333           0
swim,swim,0.16667           0     0.83333           0
swim,swim,0    0.033333     0.96667           0
swim,swim,0    0.033333     0.96667           0
swim,swim,0  0  1  0
swim,swim,0  0  1  0
swim,swim,0  0  1  0
swim,swim,0  0  1  0
swim,swim,0  0  1  0
swim,swim,0  0  1  0
swim,swim,0  0  1  0
swim,swim,0  0  1  0
swim,swim,0  0  1  0
swim,swim,0  0  1  0
swim,swim,0  0  1  0
swim,swim,0  0  1  0
swim,swim,0  0  1  0
swim,swim,0  0  1  0
swim,swim,0  0  1  0
swim,swim,0  0  1  0
swim,swim,0  0  1  0
swim,swim,0  0  1  0
swim,swim,0  0  1  0
swim,swim,0  0  1  0
swim,swim,0           0     0.96667    0.033333
swim,swim,0  0  1  0
swim,swim,0    0.033333     0.93333    0.033333
swim,swim,0    0.033333         0.9    0.066667
swim,swim,0    0.033333     0.96667           0
swim,swim,0    0.033333     0.86667         0.1
swim,swim,0    0.033333         0.9    0.066667
swim,swim,0  0  1  0
swim,swim,0  0  1  0
swim,swim,0  0  1  0
swim,swim,0  0  1  0
swim,swim,0  0  1  0
swim,swim,0  0  1  0
swim,swim,0  0  1  0
swim,swim,0  0  1  0
swim,swim,0           0     0.93333    0.066667
swim,swim,0  0  1  0
swim,swim,0           0         0.9         0.1
swim,swim,0           0     0.93333    0.066667
swim,swim,0           0         0.8         0.2
swim,swim,0           0     0.93333    0.066667
swim,swim,0  0  1  0
swim,swim,0  0  1  0
swim,swim,0  0  1  0
swim,swim,0    0.033333     0.96667           0
swim,swim,0  0  1  0
swim,swim,0  0  1  0
swim,swim,0  0  1  0
swim,swim,0  0  1  0
swim,swim,0  0  1  0
swim,swim,0  0  1  0
swim,swim,0  0  1  0
swim,swim,0  0  1  0
swim,swim,0  0  1  0
swim,swim,0  0  1  0
swim,swim,0  0  1  0
swim,swim,0  0  1  0
swim,swim,0  0  1  0
swim,swim,0  0  1  0
swim,swim,0  0  1  0
swim,swim,0  0  1  0
swim,swim,0  0  1  0
swim,swim,0  0  1  0
swim,swim,0  0  1  0
swim,swim,0  0  1  0
swim,swim,0  0  1  0
swim,swim,0  0  1  0
swim,swim,0  0  1  0
swim,swim,0  0  1  0
swim,swim,0  0  1  0
swim,swim,0  0  1  0
swim,swim,0  0  1  0
swim,swim,0  0  1  0
swim,swim,0  0  1  0
swim,swim,0  0  1  0
swim,swim,0  0  1  0
swim,swim,0  0  1  0
swim,swim,0  0  1  0
swim,swim,0  0  1  0
swim,swim,0  0  1  0
swim,swim,0  0  1  0
swim,swim,0  0  1  0
swim,swim,0  0  1  0
swim,swim,0  0  1  0
swim,swim,0  0  1  0
swim,swim,0  0  1  0
swim,swim,0  0  1  0
swim,swim,0  0  1  0
swim,swim,0  0  1  0
swim,swim,0  0  1  0
swim,swim,0  0  1  0
swim,swim,0  0  1  0
swim,swim,0  0  1  0
swim,swim,0  0  1  0
swim,swim,0  0  1  0
swim,swim,0  0  1  0
swim,swim,0  0  1  0
swim,swim,0  0  1  0
swim,swim,0  0  1  0
swim,swim,0  0  1  0
swim,swim,0  0  1  0
swim,swim,0  0  1  0
swim,swim,0  0  1  0
swim,swim,0  0  1  0
swim,swim,0  0  1  0
swim,swim,0  0  1  0
swim,swim,0  0  1  0
swim,swim,0           0     0.96667    0.033333
swim,swim,0    0.033333     0.76667         0.2
swim,swim,0    0.033333     0.76667         0.2
swim,swim,0     0.00254      2.8219   0.0032814
swim,swim,0     0.00254      2.8219   0.0032814
transition,swim,0.024821     0.10633     0.38461       2.312
transition,swim,0    0.033333     0.33333     0.63333
swim,swim,0           0     0.86667     0.13333
swim,swim,0           0     0.86667     0.13333
swim,swim,0  0  1  0
swim,swim,0           0     0.96667    0.033333
swim,swim,0  0  1  0
swim,swim,0  0  1  0
swim,swim,0  0  1  0
swim,swim,0  0  1  0
swim,swim,0  0  1  0
swim,swim,0  0  1  0
swim,swim,0  0  1  0
swim,swim,0  0  1  0
swim,swim,0  0  1  0
swim,swim,0  0  1  0
swim,swim,0  0  1  0
swim,swim,0  0  1  0
swim,swim,0  0  1  0
swim,swim,0  0  1  0
swim,swim,0  0  1  0
swim,swim,0  0  1  0
swim,swim,0  0  1  0
swim,swim,0  0  1  0
swim,swim,0  0  1  0
swim,swim,0  0  1  0
swim,swim,0  0  1  0
swim,swim,0  0  1  0
swim,swim,0  0  1  0
swim,swim,0           0     0.96667    0.033333
swim,swim,0           0     0.96667    0.033333
swim,swim,0  0  1  0
swim,swim,0           0     0.96667    0.033333
swim,swim,0           0     0.96667    0.033333
swim,swim,0           0     0.96667    0.033333
swim,swim,0           0     0.96667    0.033333
swim,swim,0           0     0.96667    0.033333
swim,swim,0           0     0.96667    0.033333
swim,swim,0  0  1  0
swim,swim,0  0  1  0
swim,swim,0           0     0.96667    0.033333
swim,swim,0           0     0.93333    0.066667
swim,swim,0           0     0.93333    0.066667
swim,swim,0           0         0.7         0.3
swim,swim,0         0.1         0.6         0.3
swim,swim,0           0     0.66667     0.33333
swim,swim,0           0     0.66667     0.33333
swim,swim,0           0     0.66667     0.33333
swim,swim,0           0         0.9         0.1
swim,swim,0           0     0.93333    0.066667
swim,swim,0  0  1  0
swim,swim,0  0  1  0
swim,swim,0  0  1  0
swim,swim,0    0.066667     0.93333           0
swim,swim,0    0.033333     0.96667           0
swim,swim,0    0.033333     0.96667           0
swim,swim,0    0.033333     0.96667           0
swim,swim,0    0.033333     0.96667           0
swim,swim,0  0  1  0
swim,swim,0  0  1  0
swim,swim,0  0  1  0
swim,swim,0  0  1  0
swim,swim,0  0  1  0
swim,swim,0  0  1  0
swim,swim,0  0  1  0
swim,swim,0  0  1  0
swim,swim,0  0  1  0
swim,swim,0  0  1  0
swim,swim,0  0  1  0
swim,swim,0  0  1  0
swim,swim,0  0  1  0
swim,swim,0           0     0.96667    0.033333
swim,swim,0           0     0.96667    0.033333
swim,swim,0  0  1  0
swim,swim,0  0  1  0
swim,swim,0           0     0.96667    0.033333
swim,swim,0  0  1  0
swim,swim,0  0  1  0
swim,swim,0  0  1  0
swim,swim,0  0  1  0
swim,swim,0           0     0.93333    0.066667
swim,swim,0           0     0.93333    0.066667
swim,swim,0           0     0.66667     0.33333
swim,swim,0           0         0.9         0.1
swim,swim,0  0  1  0
swim,swim,0  0  1  0
swim,swim,0  0  1  0
swim,swim,0  0  1  0
swim,swim,0  0  1  0
swim,swim,0  0  1  0
swim,swim,0  0  1  0
swim,swim,0  0  1  0
swim,swim,0  0  1  0
swim,swim,0  0  1  0
swim,swim,0  0  1  0
swim,swim,0  0  1  0
swim,swim,0           0     0.96667    0.033333
swim,swim,0           0     0.96667    0.033333
swim,swim,0           0     0.96667    0.033333
swim,swim,0           0     0.96667    0.033333
swim,swim,0  0  1  0
swim,swim,0  0  1  0
swim,swim,0  0  1  0
swim,swim,0  0  1  0
swim,swim,0  0  1  0
swim,swim,0  0  1  0
swim,swim,0  0  1  0
swim,swim,0  0  1  0
swim,swim,0  0  1  0
swim,swim,0  0  1  0
swim,swim,0  0  1  0
swim,swim,0           0     0.96667    0.033333
swim,swim,0           0     0.96667    0.033333
swim,swim,0           0     0.96667    0.033333
swim,swim,0           0     0.96667    0.033333
swim,swim,0  0  1  0
swim,swim,0  0  1  0
swim,swim,0  0  1  0
swim,swim,0  0  1  0
swim,swim,0    0.033333         0.9    0.066667
swim,swim,0           0     0.96667    0.033333
swim,swim,0           0     0.96667    0.033333
swim,swim,0.033333           0     0.93333    0.033333
swim,swim,0           0     0.93333    0.066667
swim,swim,0.1    0.033333     0.76667         0.1
swim,swim,0.066667           0     0.66667     0.26667
transition,swim,0.039281    0.040387      1.0271       1.721
swim,swim,0.033333           0         0.9    0.066667
swim,swim,0  0  1  0
swim,swim,0  0  1  0
swim,swim,0  0  1  0
swim,swim,0  0  1  0
swim,swim,0  0  1  0
swim,swim,0  0  1  0
swim,swim,0  0  1  0
swim,swim,0  0  1  0
swim,swim,0  0  1  0
swim,swim,0           0     0.96667    0.033333
swim,swim,0           0     0.96667    0.033333
swim,swim,0  0  1  0
swim,swim,0  0  1  0
swim,swim,0  0  1  0
swim,swim,0           0     0.96667    0.033333
swim,swim,0           0     0.96667    0.033333
swim,swim,0  0  1  0
swim,swim,0  0  1  0
swim,swim,0  0  1  0
swim,swim,0  0  1  0
swim,swim,0  0  1  0
swim,swim,0  0  1  0
swim,swim,0  0  1  0
swim,swim,0  0  1  0
swim,swim,0           0     0.96667    0.033333
swim,swim,0           0     0.96667    0.033333
swim,swim,0           0     0.96667    0.033333
swim,swim,0  0  1  0
swim,swim,0           0     0.96667    0.033333
swim,swim,0           0     0.96667    0.033333
swim,swim,0  0  1  0
swim,swim,0  0  1  0
swim,swim,0  0  1  0
swim,swim,0  0  1  0
swim,swim,0  0  1  0
swim,swim,0  0  1  0
swim,swim,0  0  1  0
swim,swim,0  0  1  0
swim,swim,0           0     0.96667    0.033333
swim,swim,0  0  1  0
swim,swim,0  0  1  0
swim,swim,0  0  1  0
swim,swim,0  0  1  0
swim,swim,0  0  1  0
swim,swim,0  0  1  0
swim,swim,0  0  1  0
swim,swim,0           0     0.96667    0.033333
swim,swim,0           0     0.93333    0.066667
swim,swim,0           0     0.96667    0.033333
swim,swim,0           0     0.93333    0.066667
swim,swim,0           0     0.93333    0.066667
swim,swim,0           0         0.9         0.1
swim,swim,0           0         0.9         0.1
swim,swim,0    0.033333         0.7     0.26667
swim,swim,0    0.033333     0.73333     0.23333
swim,swim,0    0.033333     0.73333     0.23333
swim,swim,0    0.033333     0.76667         0.2
swim,swim,0           0         0.9         0.1
swim,swim,0           0     0.93333    0.066667
swim,swim,0           0         0.9         0.1
swim,swim,0    0.033333     0.86667         0.1
swim,swim,0           0         0.9         0.1
swim,swim,0           0     0.93333    0.066667
swim,swim,0           0     0.93333    0.066667
swim,swim,0           0         0.9         0.1
swim,swim,0           0         0.9         0.1
swim,swim,0           0         0.9         0.1
swim,swim,0           0         0.8         0.2
swim,swim,0           0     0.76667     0.23333
swim,swim,0     0.00254      2.8219   0.0032814
swim,swim,0           0     0.63333     0.36667
transition,swim,0  0  0  1
transition,swim,0  0  0  1
transition,swim,0  0  0  1
transition,swim,0  0  0  1
transition,swim,0  0  0  1
transition,swim,0  0  0  1
transition,swim,0  0  0  1
transition,swim,0  0  0  1
transition,swim,0  0  0  1
transition,swim,0  0  0  1
transition,transition,0  0  0  1
transition,transition,0  0  0  1
transition,transition,0  0  0  1
transition,transition,0  0  0  1
transition,transition,0  0  0  1
transition,transition,0  0  0  1
transition,transition,0  0  0  1
transition,transition,0  0  0  1
transition,transition,0         0.2     0.16667     0.63333
run,transition,0  1  0  0
run,transition,0     0.96667           0    0.033333
run,transition,0     0.96667           0    0.033333
run,transition,0  1  0  0
run,transition,0     0.93333           0    0.066667
run,transition,0     0.73333           0     0.26667
run,transition,0     0.73333           0     0.26667
run,transition,0     0.73333           0     0.26667
run,transition,0     0.73333           0     0.26667
run,transition,0     0.73333           0     0.26667
run,transition,0     0.73333           0     0.26667
run,transition,0.033333     0.73333           0     0.23333
run,transition,0.033333     0.73333           0     0.23333
run,transition,0.033333     0.73333           0     0.23333
run,transition,0.033333     0.73333           0     0.23333
run,transition,0.033333     0.73333           0     0.23333
run,transition,0.033333         0.8           0     0.16667
run,transition,0.033333     0.96667           0           0
run,transition,0.033333     0.96667           0           0
run,transition,0     0.96667           0    0.033333
run,transition,0  1  0  0
run,transition,0  1  0  0
run,transition,0  1  0  0
run,transition,0  1  0  0
run,transition,0  1  0  0
run,transition,0  1  0  0
run,transition,0  1  0  0
run,transition,0  1  0  0
run,transition,0  1  0  0
run,transition,0  1  0  0
run,transition,0  1  0  0
run,transition,0  1  0  0
run,transition,0  1  0  0
run,transition,0  1  0  0
run,transition,0  1  0  0
run,transition,0  1  0  0
run,transition,0  1  0  0
run,transition,0  1  0  0
run,transition,0  1  0  0
run,transition,0  1  0  0
run,transition,0     0.96667           0    0.033333
run,transition,0.033333     0.96667           0           0
run,transition,0     0.93333           0    0.066667
run,transition,0.033333     0.76667           0         0.2
run,transition,0.033333     0.76667           0         0.2
run,transition,0.033333     0.76667           0         0.2
run,transition,0.033333     0.93333           0    0.033333
run,transition,0.033333     0.96667           0           0
run,transition,0.033333     0.96667           0           0
run,transition,0.033333     0.93333           0    0.033333
run,transition,0.033333     0.96667           0           0
run,transition,0     0.96667           0    0.033333
run,transition,0.033333     0.96667           0           0
run,transition,0.033333     0.96667           0           0
run,transition,0     0.93333           0    0.066667
run,transition,0         0.7           0         0.3
run,transition,0         0.7           0         0.3
run,transition,0     0.66667           0     0.33333
run,transition,0     0.66667           0     0.33333
run,transition,0     0.66667           0     0.33333
transition,transition,0    0.066667           0     0.93333
transition,transition,0  0  0  1
transition,transition,0  0  0  1
transition,transition,0.033333           0           0     0.96667
transition,transition,0.066667           0    0.033333         0.9
transition,transition,0.1           0           0         0.9
transition,transition,0.033333           0           0     0.96667
transition,transition,0.033333           0           0     0.96667
transition,transition,0  0  0  1
transition,transition,0  0  0  1
transition,transition,0  0  0  1
transition,transition,0  0  0  1
transition,transition,0  0  0  1
transition,transition,0  0  0  1
transition,transition,0  0  0  1
transition,transition,0    0.033333           0     0.96667
transition,transition,0    0.066667           0     0.93333
transition,transition,0.033333    0.033333    0.033333         0.9
transition,transition,0    0.033333     0.36667         0.6
transition,transition,0.029785    0.021319    0.077499      2.6992
transition,transition,0.029785    0.021319    0.077499      2.6992
swim,transition,0.033333    0.033333         0.7     0.23333
swim,transition,0.033333           0         0.8     0.16667
swim,transition,0.033333           0     0.86667         0.1
swim,transition,0           0     0.86667     0.13333
swim,transition,0           0     0.86667     0.13333
swim,transition,0           0         0.9         0.1
swim,transition,0    0.033333     0.83333     0.13333
swim,transition,0    0.066667         0.8     0.13333
swim,transition,0           0         0.8         0.2
swim,transition,0    0.033333     0.66667         0.3
swim,transition,0    0.033333     0.66667         0.3
swim,transition,0     0.00254      2.8219   0.0032814
transition,transition,0  0  0  1
transition,transition,0  0  0  1
transition,transition,0  0  0  1
transition,transition,0  0  0  1
transition,transition,0  0  0  1
transition,transition,0  0  0  1
transition,transition,0  0  0  1
transition,transition,0.029785    0.021319    0.077499      2.6992
swim,transition,0.033333     0.26667         0.6         0.1
swim,transition,0.033333     0.26667         0.6         0.1
swim,transition,0.033333     0.26667         0.6         0.1
swim,transition,0.033333     0.26667         0.6         0.1
swim,transition,0     0.26667         0.6     0.13333
swim,transition,0     0.26667         0.6     0.13333
swim,transition,0.033333     0.26667         0.6         0.1
swim,transition,0.033333     0.26667     0.56667     0.13333
bike,transition,1.99           0     0.83776           0
transition,transition,0.23333    0.033333    0.066667     0.66667
transition,transition,0  0  0  1
transition,transition,0  0  0  1
transition,transition,0.1           0    0.066667     0.83333
transition,transition,0           0     0.13333     0.86667
transition,transition,0  0  0  1
transition,transition,0  0  0  1
transition,transition,0  0  0  1
transition,transition,0  0  0  1
transition,transition,0  0  0  1
transition,transition,0  0  0  1
transition,transition,0  0  0  1
transition,transition,0  0  0  1
transition,transition,0  0  0  1
transition,transition,0  0  0  1
transition,transition,0  0  0  1
transition,transition,0    0.033333           0     0.96667
transition,transition,0    0.033333           0     0.96667
transition,transition,0    0.033333           0     0.96667
transition,transition,0.033333    0.066667    0.033333     0.86667
transition,transition,0     0.13333     0.16667         0.7
transition,transition,0    0.066667         0.1     0.83333
transition,transition,0    0.033333     0.13333     0.83333
transition,transition,0.033333     0.13333     0.13333         0.7
transition,transition,0    0.066667           0     0.93333
transition,transition,0    0.033333           0     0.96667
transition,transition,0  0  0  1
transition,transition,0  0  0  1
transition,transition,0  0  0  1
transition,transition,0  0  0  1
transition,transition,0  0  0  1
transition,transition,0  0  0  1
transition,transition,0    0.033333           0     0.96667
transition,transition,0    0.033333           0     0.96667
transition,transition,0  0  0  1
transition,transition,0    0.033333           0     0.96667
transition,transition,0    0.066667           0     0.93333
transition,transition,0    0.066667           0     0.93333
transition,transition,0    0.033333           0     0.96667
transition,transition,0    0.033333           0     0.96667
transition,transition,0  0  0  1
transition,transition,0  0  0  1
transition,transition,0  0  0  1
transition,transition,0  0  0  1
transition,transition,0  0  0  1
transition,transition,0  0  0  1
transition,transition,0  0  0  1
transition,transition,0    0.033333           0     0.96667
transition,transition,0    0.033333           0     0.96667
transition,transition,0  0  0  1
transition,transition,0  0  0  1
transition,transition,0  0  0  1
transition,transition,0    0.033333           0     0.96667
transition,transition,0  0  0  1
transition,transition,0  0  0  1
transition,transition,0  0  0  1
transition,transition,0  0  0  1
transition,transition,0  0  0  1
transition,transition,0  0  0  1
transition,transition,0  0  0  1
transition,transition,0  0  0  1
transition,transition,0  0  0  1
transition,transition,0  0  0  1
transition,transition,0  0  0  1
transition,transition,0  0  0  1
transition,transition,0  0  0  1
transition,transition,0  0  0  1
transition,transition,0.033333           0           0     0.96667
transition,transition,0  0  0  1
transition,transition,0  0  0  1
transition,transition,0  0  0  1
transition,transition,0.033333           0           0     0.96667
transition,transition,0.033333           0           0     0.96667
transition,transition,0.033333           0           0     0.96667
transition,transition,0.13333           0    0.066667         0.8
transition,transition,0.26667    0.033333    0.033333     0.66667
transition,transition,0.029785    0.021319    0.077499      2.6992
transition,transition,0.23333     0.16667     0.16667     0.43333
transition,transition,0.23333    0.033333    0.066667     0.66667
transition,transition,0.67325    0.010904    0.044305      2.0993
swim,transition,0           0      2.8278           0
bike,transition,0.6           0           0         0.4
bike,transition,0.6           0    0.066667     0.33333
bike,transition,1.99           0     0.83776           0
bike,transition,0.8           0           0         0.2
bike,transition,0.73333           0           0     0.26667
bike,transition,0.93333           0           0    0.066667
bike,transition,0.8           0           0         0.2
bike,transition,0.86667           0           0     0.13333
bike,transition,0.86667           0           0     0.13333
bike,transition,0.8           0           0         0.2
bike,transition,0.66667           0           0     0.33333
bike,transition,1.565           0    0.024706       1.238
bike,transition,0.7           0           0         0.3
bike,transition,0.73333           0           0     0.26667
bike,transition,0.76667           0           0     0.23333
bike,transition,0.76667           0           0     0.23333
bike,transition,0.66667           0           0     0.33333
bike,transition,0.7           0           0         0.3
bike,transition,0.73333           0           0     0.26667
bike,transition,1.8847           0   0.0067349     0.93631
bike,transition,1.7347           0   0.0085888      1.0844
transition,transition,0.33333           0           0     0.66667
transition,transition,0.36667           0           0     0.63333
bike,transition,1.6859           0    0.015883       1.126
bike,transition,0.63333           0           0     0.36667
bike,transition,0.96667           0           0    0.033333
bike,transition,0.96667           0           0    0.033333
bike,transition,0.96667           0           0    0.033333
bike,transition,0.93333           0           0    0.066667
bike,transition,0.8           0           0         0.2
bike,transition,0.6           0           0         0.4
bike,transition,2.4912   0.0011581   0.0085687     0.32684
bike,transition,2.6273           0           0     0.20041
bike,transition,2.4752   0.0011581   0.0085687     0.34287
bike,transition,2.6273           0           0     0.20041
bike,transition,1.6018   0.0078547     0.15942      1.0587
transition,transition,1.2938   0.0078547      0.1632      1.3629
transition,transition,1.2938   0.0078547      0.1632      1.3629
bike,transition,0.6           0           0         0.4
bike,transition,0.63333           0           0     0.36667
bike,transition,0.76667           0           0     0.23333
bike,transition,0.73333           0           0     0.26667
bike,transition,0.8           0           0         0.2
bike,transition,0.66667           0           0     0.33333
bike,transition,0.63333           0           0     0.36667
bike,transition,0.8           0           0         0.2
transition,transition,0.4           0           0         0.6
transition,transition,0.23333           0           0     0.76667
bike,transition,2.4547   0.0011581   0.0085687     0.36331
transition,transition,0.4           0           0         0.6
bike,transition,2.4752   0.0011581   0.0085687     0.34287
bike,transition,2.6273           0           0     0.20041
transition,transition,0.029785    0.021319    0.077499      2.6992
bike,transition,0.66667           0           0     0.33333
transition,transition,0.34217    0.038847     0.32542      2.1213
transition,transition,0.029785    0.021319    0.077499      2.6992
bike,transition,0.96667           0           0    0.033333
bike,transition,1  0  0  0
bike,transition,1  0  0  0
bike,transition,1  0  0  0
bike,transition,0.96667           0           0    0.033333
bike,transition,0.96667           0           0    0.033333
bike,transition,0.96667           0           0    0.033333
bike,bike,0.96667           0           0    0.033333
bike,bike,1  0  0  0
bike,bike,1  0  0  0
bike,bike,1  0  0  0
bike,bike,1  0  0  0
bike,bike,1  0  0  0
bike,bike,1  0  0  0
bike,bike,1  0  0  0
bike,bike,1  0  0  0
bike,bike,1  0  0  0
bike,bike,1  0  0  0
bike,bike,1  0  0  0
bike,bike,1  0  0  0
bike,bike,1  0  0  0
bike,bike,0.96667           0           0    0.033333
bike,bike,1  0  0  0
bike,bike,0.96667           0           0    0.033333
bike,bike,0.96667           0           0    0.033333
bike,bike,1  0  0  0
bike,bike,1  0  0  0
bike,bike,1  0  0  0
bike,bike,1  0  0  0
bike,bike,1  0  0  0
bike,bike,0.96667           0           0    0.033333
bike,bike,1  0  0  0
bike,bike,1  0  0  0
bike,bike,1  0  0  0
bike,bike,1  0  0  0
bike,bike,0.96667           0           0    0.033333
bike,bike,1  0  0  0
bike,bike,1  0  0  0
bike,bike,1  0  0  0
bike,bike,1  0  0  0
bike,bike,1  0  0  0
bike,bike,1  0  0  0
bike,bike,1  0  0  0
bike,bike,1  0  0  0
bike,bike,1  0  0  0
bike,bike,1  0  0  0
bike,bike,1  0  0  0
bike,bike,1  0  0  0
bike,bike,1  0  0  0
bike,bike,0.96667           0           0    0.033333
bike,bike,0.96667           0           0    0.033333
bike,bike,0.96667           0           0    0.033333
bike,bike,0.96667           0           0    0.033333
bike,bike,0.96667           0           0    0.033333
bike,bike,1  0  0  0
bike,bike,1  0  0  0
bike,bike,1  0  0  0
bike,bike,1  0  0  0
bike,bike,1  0  0  0
bike,bike,1  0  0  0
bike,bike,0.96667           0           0    0.033333
bike,bike,1  0  0  0
bike,bike,1  0  0  0
bike,bike,1  0  0  0
bike,bike,1  0  0  0
bike,bike,1  0  0  0
bike,bike,1  0  0  0
bike,bike,1  0  0  0
bike,bike,1  0  0  0
bike,bike,1  0  0  0
bike,bike,1  0  0  0
bike,bike,1  0  0  0
bike,bike,1  0  0  0
bike,bike,1  0  0  0
bike,bike,1  0  0  0
bike,bike,1  0  0  0
bike,bike,1  0  0  0
bike,bike,1  0  0  0
bike,bike,1  0  0  0
bike,bike,1  0  0  0
bike,bike,1  0  0  0
bike,bike,1  0  0  0
bike,bike,1  0  0  0
bike,bike,1  0  0  0
bike,bike,1  0  0  0
bike,bike,1  0  0  0
bike,bike,1  0  0  0
bike,bike,1  0  0  0
bike,bike,1  0  0  0
bike,bike,0.96667           0           0    0.033333
bike,bike,1  0  0  0
bike,bike,0.96667           0           0    0.033333
bike,bike,0.96667           0           0    0.033333
bike,bike,1  0  0  0
bike,bike,1  0  0  0
bike,bike,1  0  0  0
bike,bike,1  0  0  0
bike,bike,1  0  0  0
bike,bike,1  0  0  0
bike,bike,0.96667           0           0    0.033333
bike,bike,0.96667           0           0    0.033333
bike,bike,1  0  0  0
bike,bike,1  0  0  0
bike,bike,0.93333           0           0    0.066667
bike,bike,1  0  0  0
bike,bike,1  0  0  0
bike,bike,1  0  0  0
bike,bike,1  0  0  0
bike,bike,0.96667           0           0    0.033333
bike,bike,0.93333           0           0    0.066667
bike,bike,0.93333           0           0    0.066667
bike,bike,0.9           0           0         0.1
bike,bike,0.93333           0           0    0.066667
bike,bike,0.93333           0           0    0.066667
bike,bike,0.9           0           0         0.1
bike,bike,0.86667           0           0     0.13333
bike,bike,0.86667           0           0     0.13333
bike,bike,0.9           0           0         0.1
bike,bike,0.9           0           0         0.1
bike,bike,0.93333           0           0    0.066667
bike,bike,0.93333           0           0    0.066667
bike,bike,0.96667           0           0    0.033333
bike,bike,1  0  0  0
bike,bike,0.93333           0           0    0.066667
bike,bike,1  0  0  0
bike,bike,0.96667           0           0    0.033333
bike,bike,1  0  0  0
bike,bike,1  0  0  0
bike,bike,1  0  0  0
bike,bike,1  0  0  0
bike,bike,1  0  0  0
bike,bike,0.96667           0           0    0.033333
bike,bike,0.93333           0           0    0.066667
bike,bike,0.93333           0           0    0.066667
bike,bike,0.96667           0           0    0.033333
bike,bike,1  0  0  0
bike,bike,1  0  0  0
bike,bike,1  0  0  0
bike,bike,1  0  0  0
bike,bike,1  0  0  0
bike,bike,0.9           0           0         0.1
bike,bike,1  0  0  0
bike,bike,0.96667           0           0    0.033333
bike,bike,1  0  0  0
bike,bike,1  0  0  0
bike,bike,1  0  0  0
bike,bike,1  0  0  0
bike,bike,1  0  0  0
bike,bike,1  0  0  0
bike,bike,1  0  0  0
bike,bike,1  0  0  0
bike,bike,1  0  0  0
bike,bike,1  0  0  0
bike,bike,1  0  0  0
bike,bike,0.93333           0           0    0.066667
bike,bike,1  0  0  0
bike,bike,1  0  0  0
bike,bike,1  0  0  0
bike,bike,1  0  0  0
bike,bike,1  0  0  0
bike,bike,1  0  0  0
bike,bike,0.96667           0           0    0.033333
bike,bike,1  0  0  0
bike,bike,1  0  0  0
bike,bike,1  0  0  0
bike,bike,1  0  0  0
bike,bike,0.9           0           0         0.1
bike,bike,0.9           0           0         0.1
bike,bike,0.86667           0           0     0.13333
bike,bike,0.9           0           0         0.1
bike,bike,1  0  0  0
bike,bike,1  0  0  0
bike,bike,1  0  0  0
bike,bike,1  0  0  0
bike,bike,0.96667           0           0    0.033333
bike,bike,1  0  0  0
bike,bike,0.96667           0           0    0.033333
bike,bike,1  0  0  0
bike,bike,1  0  0  0
bike,bike,1  0  0  0
bike,bike,1  0  0  0
bike,bike,1  0  0  0
bike,bike,1  0  0  0
bike,bike,1  0  0  0
bike,bike,1  0  0  0
bike,bike,1  0  0  0
bike,bike,1  0  0  0
bike,bike,1  0  0  0
bike,bike,1  0  0  0
bike,bike,1  0  0  0
bike,bike,1  0  0  0
bike,bike,1  0  0  0
bike,bike,1  0  0  0
bike,bike,1  0  0  0
bike,bike,1  0  0  0
bike,bike,0.96667           0           0    0.033333
bike,bike,0.96667           0           0    0.033333
bike,bike,0.96667           0           0    0.033333
bike,bike,1  0  0  0
bike,bike,1  0  0  0
bike,bike,1  0  0  0
bike,bike,1  0  0  0
bike,bike,1  0  0  0
bike,bike,1  0  0  0
bike,bike,1  0  0  0
bike,bike,0.96667           0           0    0.033333
bike,bike,1  0  0  0
bike,bike,0.96667           0           0    0.033333
bike,bike,1  0  0  0
bike,bike,1  0  0  0
bike,bike,1  0  0  0
bike,bike,1  0  0  0
bike,bike,1  0  0  0
bike,bike,1  0  0  0
bike,bike,1  0  0  0
bike,bike,0.96667           0           0    0.033333
bike,bike,1  0  0  0
bike,bike,1  0  0  0
bike,bike,1  0  0  0
bike,bike,1  0  0  0
bike,bike,1  0  0  0
bike,bike,1  0  0  0
bike,bike,1  0  0  0
bike,bike,1  0  0  0
bike,bike,1  0  0  0
bike,bike,1  0  0  0
bike,bike,1  0  0  0
bike,bike,0.96667           0           0    0.033333
bike,bike,0.96667           0           0    0.033333
bike,bike,0.96667           0           0    0.033333
bike,bike,0.96667           0           0    0.033333
bike,bike,0.93333           0           0    0.066667
bike,bike,1  0  0  0
bike,bike,1  0  0  0
bike,bike,1  0  0  0
bike,bike,0.96667           0           0    0.033333
bike,bike,0.96667           0           0    0.033333
bike,bike,1  0  0  0
bike,bike,1  0  0  0
bike,bike,1  0  0  0
bike,bike,1  0  0  0
bike,bike,1  0  0  0
bike,bike,1  0  0  0
bike,bike,0.96667           0           0    0.033333
bike,bike,1  0  0  0
bike,bike,1  0  0  0
bike,bike,1  0  0  0
bike,bike,1  0  0  0
bike,bike,1  0  0  0
bike,bike,1  0  0  0
bike,bike,1  0  0  0
bike,bike,1  0  0  0
bike,bike,0.96667           0           0    0.033333
bike,bike,1  0  0  0
bike,bike,1  0  0  0
bike,bike,1  0  0  0
bike,bike,1  0  0  0
bike,bike,1  0  0  0
bike,bike,1  0  0  0
bike,bike,1  0  0  0
bike,bike,1  0  0  0
bike,bike,1  0  0  0
bike,bike,1  0  0  0
bike,bike,1  0  0  0
bike,bike,0.96667           0           0    0.033333
bike,bike,0.96667           0           0    0.033333
bike,bike,1  0  0  0
bike,bike,1  0  0  0
bike,bike,1  0  0  0
bike,bike,1  0  0  0
bike,bike,1  0  0  0
bike,bike,1  0  0  0
bike,bike,1  0  0  0
bike,bike,1  0  0  0
bike,bike,0.96667           0           0    0.033333
bike,bike,0.96667           0           0    0.033333
bike,bike,0.96667           0           0    0.033333
bike,bike,0.96667           0           0    0.033333
bike,bike,0.96667           0           0    0.033333
bike,bike,0.96667           0           0    0.033333
bike,bike,1  0  0  0
bike,bike,1  0  0  0
bike,bike,1  0  0  0
bike,bike,0.96667           0           0    0.033333
bike,bike,0.96667           0           0    0.033333
bike,bike,0.96667           0           0    0.033333
bike,bike,0.96667           0           0    0.033333
bike,bike,0.96667           0           0    0.033333
bike,bike,0.96667           0           0    0.033333
bike,bike,0.96667           0           0    0.033333
bike,bike,0.96667           0           0    0.033333
bike,bike,1  0  0  0
bike,bike,1  0  0  0
bike,bike,1  0  0  0
bike,bike,1  0  0  0
bike,bike,1  0  0  0
bike,bike,1  0  0  0
bike,bike,1  0  0  0
bike,bike,1  0  0  0
bike,bike,1  0  0  0
bike,bike,1  0  0  0
bike,bike,0.96667           0           0    0.033333
bike,bike,0.96667           0           0    0.033333
bike,bike,0.96667           0           0    0.033333
bike,bike,1  0  0  0
bike,bike,0.96667           0           0    0.033333
bike,bike,0.96667           0           0    0.033333
bike,bike,0.96667           0           0    0.033333
bike,bike,0.96667           0           0    0.033333
bike,bike,0.96667           0           0    0.033333
bike,bike,0.96667           0           0    0.033333
bike,bike,1  0  0  0
bike,bike,1  0  0  0
bike,bike,1  0  0  0
bike,bike,1  0  0  0
bike,bike,1  0  0  0
bike,bike,1  0  0  0
bike,bike,1  0  0  0
bike,bike,1  0  0  0
bike,bike,1  0  0  0
bike,bike,1  0  0  0
bike,bike,1  0  0  0
bike,bike,1  0  0  0
bike,bike,1  0  0  0
bike,bike,1  0  0  0
bike,bike,1  0  0  0
bike,bike,1  0  0  0
bike,bike,1  0  0  0
bike,bike,1  0  0  0
bike,bike,1  0  0  0
bike,bike,1  0  0  0
bike,bike,1  0  0  0
bike,bike,1  0  0  0
bike,bike,1  0  0  0
bike,bike,1  0  0  0
bike,bike,1  0  0  0
bike,bike,1  0  0  0
bike,bike,1  0  0  0
bike,bike,0.96667           0           0    0.033333
bike,bike,1  0  0  0
bike,bike,0.96667           0           0    0.033333
bike,bike,1  0  0  0
bike,bike,1  0  0  0
bike,bike,1  0  0  0
bike,bike,1  0  0  0
bike,bike,1  0  0  0
bike,bike,1  0  0  0
bike,bike,1  0  0  0
bike,bike,1  0  0  0
bike,bike,1  0  0  0
bike,bike,1  0  0  0
bike,bike,1  0  0  0
bike,bike,1  0  0  0
bike,bike,1  0  0  0
bike,bike,0.9           0           0         0.1
bike,bike,1  0  0  0
bike,bike,0.96667           0           0    0.033333
bike,bike,1  0  0  0
bike,bike,1  0  0  0
bike,bike,1  0  0  0
bike,bike,1  0  0  0
bike,bike,1  0  0  0
bike,bike,1  0  0  0
bike,bike,1  0  0  0
bike,bike,1  0  0  0
bike,bike,1  0  0  0
bike,bike,1  0  0  0
bike,bike,1  0  0  0
bike,bike,1  0  0  0
bike,bike,0.96667           0           0    0.033333
bike,bike,0.96667           0           0    0.033333
bike,bike,0.96667           0           0    0.033333
bike,bike,0.96667           0           0    0.033333
bike,bike,0.96667           0           0    0.033333
bike,bike,1  0  0  0
bike,bike,1  0  0  0
bike,bike,1  0  0  0
bike,bike,1  0  0  0
bike,bike,1  0  0  0
bike,bike,1  0  0  0
bike,bike,1  0  0  0
bike,bike,1  0  0  0
bike,bike,1  0  0  0
bike,bike,1  0  0  0
bike,bike,1  0  0  0
bike,bike,1  0  0  0
bike,bike,1  0  0  0
bike,bike,1  0  0  0
bike,bike,1  0  0  0
bike,bike,1  0  0  0
bike,bike,1  0  0  0
bike,bike,1  0  0  0
bike,bike,1  0  0  0
bike,bike,0.96667           0           0    0.033333
bike,bike,0.93333           0           0    0.066667
bike,bike,0.96667           0           0    0.033333
bike,bike,0.96667           0           0    0.033333
bike,bike,1  0  0  0
bike,bike,0.96667           0           0    0.033333
bike,bike,1  0  0  0
bike,bike,0.96667           0           0    0.033333
bike,bike,1  0  0  0
bike,bike,1  0  0  0
bike,bike,1  0  0  0
bike,bike,1  0  0  0
bike,bike,0.96667           0           0    0.033333
bike,bike,1  0  0  0
bike,bike,1  0  0  0
bike,bike,1  0  0  0
bike,bike,1  0  0  0
bike,bike,1  0  0  0
bike,bike,1  0  0  0
bike,bike,1  0  0  0
bike,bike,1  0  0  0
bike,bike,1  0  0  0
bike,bike,1  0  0  0
bike,bike,1  0  0  0
bike,bike,1  0  0  0
bike,bike,1  0  0  0
bike,bike,1  0  0  0
bike,bike,1  0  0  0
bike,bike,1  0  0  0
bike,bike,1  0  0  0
bike,bike,1  0  0  0
bike,bike,1  0  0  0
bike,bike,1  0  0  0
bike,bike,1  0  0  0
bike,bike,1  0  0  0
bike,bike,1  0  0  0
bike,bike,1  0  0  0
bike,bike,1  0  0  0
bike,bike,1  0  0  0
bike,bike,1  0  0  0
bike,bike,0.96667           0           0    0.033333
bike,bike,1  0  0  0
bike,bike,1  0  0  0
bike,bike,1  0  0  0
bike,bike,1  0  0  0
bike,bike,1  0  0  0
bike,bike,1  0  0  0
bike,bike,1  0  0  0
bike,bike,1  0  0  0
bike,bike,1  0  0  0
bike,bike,1  0  0  0
bike,bike,1  0  0  0
bike,bike,1  0  0  0
bike,bike,1  0  0  0
bike,bike,1  0  0  0
bike,bike,1  0  0  0
bike,bike,1  0  0  0
bike,bike,0.96667           0           0    0.033333
bike,bike,1  0  0  0
bike,bike,1  0  0  0
bike,bike,1  0  0  0
bike,bike,1  0  0  0
bike,bike,1  0  0  0
bike,bike,1  0  0  0
bike,bike,1  0  0  0
bike,bike,1  0  0  0
bike,bike,1  0  0  0
bike,bike,1  0  0  0
bike,bike,1  0  0  0
bike,bike,1  0  0  0
bike,bike,1  0  0  0
bike,bike,1  0  0  0
bike,bike,0.93333           0           0    0.066667
bike,bike,0.93333           0           0    0.066667
bike,bike,0.96667           0           0    0.033333
bike,bike,0.93333           0           0    0.066667
bike,bike,0.93333           0           0    0.066667
bike,bike,0.93333           0           0    0.066667
bike,bike,1  0  0  0
bike,bike,1  0  0  0
bike,bike,1  0  0  0
bike,bike,1  0  0  0
bike,bike,1  0  0  0
bike,bike,1  0  0  0
bike,bike,1  0  0  0
bike,bike,1  0  0  0
bike,bike,1  0  0  0
bike,bike,1  0  0  0
bike,bike,1  0  0  0
bike,bike,1  0  0  0
bike,bike,1  0  0  0
bike,bike,1  0  0  0
bike,bike,1  0  0  0
bike,bike,1  0  0  0
bike,bike,1  0  0  0
bike,bike,1  0  0  0
bike,bike,1  0  0  0
bike,bike,1  0  0  0
bike,bike,1  0  0  0
bike,bike,1  0  0  0
bike,bike,1  0  0  0
bike,bike,1  0  0  0
bike,bike,1  0  0  0
bike,bike,1  0  0  0
bike,bike,1  0  0  0
bike,bike,1  0  0  0
bike,bike,1  0  0  0
bike,bike,1  0  0  0
bike,bike,1  0  0  0
bike,bike,1  0  0  0
bike,bike,1  0  0  0
bike,bike,1  0  0  0
bike,bike,1  0  0  0
bike,bike,1  0  0  0
bike,bike,1  0  0  0
bike,bike,1  0  0  0
bike,bike,1  0  0  0
bike,bike,1  0  0  0
bike,bike,1  0  0  0
bike,bike,1  0  0  0
bike,bike,1  0  0  0
bike,bike,1  0  0  0
bike,bike,1  0  0  0
bike,bike,1  0  0  0
bike,bike,1  0  0  0
bike,bike,1  0  0  0
bike,bike,1  0  0  0
bike,bike,1  0  0  0
bike,bike,1  0  0  0
bike,bike,1  0  0  0
bike,bike,0.96667           0           0    0.033333
bike,bike,1  0  0  0
bike,bike,1  0  0  0
bike,bike,1  0  0  0
bike,bike,1  0  0  0
bike,bike,1  0  0  0
bike,bike,1  0  0  0
bike,bike,1  0  0  0
bike,bike,1  0  0  0
bike,bike,1  0  0  0
bike,bike,1  0  0  0
bike,bike,1  0  0  0
bike,bike,1  0  0  0
bike,bike,0.96667           0           0    0.033333
bike,bike,0.96667           0           0    0.033333
bike,bike,0.96667           0           0    0.033333
bike,bike,0.96667           0           0    0.033333
bike,bike,0.96667           0           0    0.033333
bike,bike,1  0  0  0
bike,bike,0.96667           0           0    0.033333
bike,bike,0.96667           0           0    0.033333
bike,bike,1  0  0  0
bike,bike,1  0  0  0
bike,bike,1  0  0  0
bike,bike,1  0  0  0
bike,bike,0.96667           0           0    0.033333
bike,bike,0.96667           0           0    0.033333
bike,bike,0.96667           0           0    0.033333
bike,bike,0.96667           0           0    0.033333
bike,bike,0.96667           0           0    0.033333
bike,bike,0.93333           0           0    0.066667
bike,bike,0.96667           0           0    0.033333
bike,bike,0.96667           0           0    0.033333
bike,bike,0.93333           0           0    0.066667
bike,bike,0.96667           0           0    0.033333
bike,bike,0.96667           0           0    0.033333
bike,bike,1  0  0  0
bike,bike,1  0  0  0
bike,bike,0.96667           0           0    0.033333
bike,bike,0.96667           0           0    0.033333
bike,bike,0.96667           0           0    0.033333
bike,bike,0.96667           0           0    0.033333
bike,bike,1  0  0  0
bike,bike,1  0  0  0
bike,bike,1  0  0  0
bike,bike,1  0  0  0
bike,bike,1  0  0  0
bike,bike,1  0  0  0
bike,bike,1  0  0  0
bike,bike,1  0  0  0
bike,bike,1  0  0  0
bike,bike,1  0  0  0
bike,bike,1  0  0  0
bike,bike,1  0  0  0
bike,bike,1  0  0  0
bike,bike,1  0  0  0
bike,bike,1  0  0  0
bike,bike,1  0  0  0
bike,bike,1  0  0  0
bike,bike,1  0  0  0
bike,bike,1  0  0  0
bike,bike,1  0  0  0
bike,bike,1  0  0  0
bike,bike,1  0  0  0
bike,bike,1  0  0  0
bike,bike,1  0  0  0
bike,bike,1  0  0  0
bike,bike,1  0  0  0
bike,bike,1  0  0  0
bike,bike,1  0  0  0
bike,bike,1  0  0  0
bike,bike,1  0  0  0
bike,bike,1  0  0  0
bike,bike,1  0  0  0
bike,bike,1  0  0  0
bike,bike,1  0  0  0
bike,bike,1  0  0  0
bike,bike,1  0  0  0
bike,bike,1  0  0  0
bike,bike,1  0  0  0
bike,bike,1  0  0  0
bike,bike,1  0  0  0
bike,bike,1  0  0  0
bike,bike,1  0  0  0
bike,bike,1  0  0  0
bike,bike,1  0  0  0
bike,bike,1  0  0  0
bike,bike,1  0  0  0
bike,bike,1  0  0  0
bike,bike,1  0  0  0
bike,bike,1  0  0  0
bike,bike,1  0  0  0
bike,bike,1  0  0  0
bike,bike,1  0  0  0
bike,bike,1  0  0  0
bike,bike,1  0  0  0
bike,bike,1  0  0  0
bike,bike,1  0  0  0
bike,bike,1  0  0  0
bike,bike,1  0  0  0
bike,bike,1  0  0  0
bike,bike,1  0  0  0
bike,bike,1  0  0  0
bike,bike,1  0  0  0
bike,bike,1  0  0  0
bike,bike,1  0  0  0
bike,bike,1  0  0  0
bike,bike,1  0  0  0
bike,bike,1  0  0  0
bike,bike,1  0  0  0
bike,bike,1  0  0  0
bike,bike,1  0  0  0
bike,bike,1  0  0  0
bike,bike,1  0  0  0
bike,bike,1  0  0  0
bike,bike,1  0  0  0
bike,bike,1  0  0  0
bike,bike,1  0  0  0
bike,bike,1  0  0  0
bike,bike,1  0  0  0
bike,bike,1  0  0  0
bike,bike,1  0  0  0
bike,bike,1  0  0  0
bike,bike,1  0  0  0
bike,bike,1  0  0  0
bike,bike,1  0  0  0
bike,bike,1  0  0  0
bike,bike,1  0  0  0
bike,bike,1  0  0  0
bike,bike,0.96667           0           0    0.033333
bike,bike,0.96667           0           0    0.033333
bike,bike,1  0  0  0
bike,bike,1  0  0  0
bike,bike,1  0  0  0
bike,bike,1  0  0  0
bike,bike,1  0  0  0
bike,bike,0.93333           0           0    0.066667
bike,bike,0.96667           0           0    0.033333
bike,bike,0.96667           0           0    0.033333
bike,bike,0.93333           0           0    0.066667
bike,bike,0.9           0           0         0.1
bike,bike,0.86667           0           0     0.13333
bike,bike,0.9           0           0         0.1
bike,bike,0.9           0           0         0.1
bike,bike,0.93333           0           0    0.066667
bike,bike,0.93333           0           0    0.066667
bike,bike,0.86667           0           0     0.13333
bike,bike,1  0  0  0
bike,bike,0.96667           0           0    0.033333
bike,bike,0.96667           0           0    0.033333
bike,bike,1  0  0  0
bike,bike,0.96667           0           0    0.033333
bike,bike,1  0  0  0
bike,bike,1  0  0  0
bike,bike,1  0  0  0
bike,bike,1  0  0  0
bike,bike,1  0  0  0
bike,bike,1  0  0  0
bike,bike,0.93333           0           0    0.066667
bike,bike,1  0  0  0
bike,bike,0.96667           0           0    0.033333
bike,bike,0.9           0           0         0.1
bike,bike,0.9           0           0         0.1
bike,bike,0.9           0           0         0.1
bike,bike,0.83333           0           0     0.16667
bike,bike,0.9           0           0         0.1
bike,bike,0.93333           0           0    0.066667
bike,bike,0.9           0           0         0.1
bike,bike,0.86667           0           0     0.13333
bike,bike,1  0  0  0
bike,bike,0.96667           0           0    0.033333
bike,bike,0.96667           0           0    0.033333
bike,bike,1  0  0  0
bike,bike,1  0  0  0
bike,bike,1  0  0  0
bike,bike,1  0  0  0
bike,bike,0.96667           0           0    0.033333
bike,bike,0.96667           0           0    0.033333
bike,bike,1  0  0  0
bike,bike,1  0  0  0
bike,bike,1  0  0  0
bike,bike,1  0  0  0
bike,bike,1  0  0  0
bike,bike,1  0  0  0
bike,bike,1  0  0  0
bike,bike,1  0  0  0
bike,bike,1  0  0  0
bike,bike,1  0  0  0
bike,bike,1  0  0  0
bike,bike,1  0  0  0
bike,bike,1  0  0  0
bike,bike,1  0  0  0
bike,bike,1  0  0  0
bike,bike,1  0  0  0
bike,bike,1  0  0  0
bike,bike,1  0  0  0
bike,bike,1  0  0  0
bike,bike,1  0  0  0
bike,bike,0.96667           0           0    0.033333
bike,bike,1  0  0  0
bike,bike,1  0  0  0
bike,bike,0.96667           0           0    0.033333
bike,bike,0.96667           0           0    0.033333
bike,bike,0.96667           0           0    0.033333
bike,bike,1  0  0  0
bike,bike,1  0  0  0
bike,bike,1  0  0  0
bike,bike,1  0  0  0
bike,bike,1  0  0  0
bike,bike,1  0  0  0
bike,bike,1  0  0  0
bike,bike,1  0  0  0
bike,bike,1  0  0  0
bike,bike,1  0  0  0
bike,bike,1  0  0  0
bike,bike,1  0  0  0
bike,bike,1  0  0  0
bike,bike,1  0  0  0
bike,bike,1  0  0  0
bike,bike,1  0  0  0
bike,bike,1  0  0  0
bike,bike,1  0  0  0
bike,bike,1  0  0  0
bike,bike,1  0  0  0
bike,bike,1  0  0  0
bike,bike,1  0  0  0
bike,bike,1  0  0  0
bike,bike,1  0  0  0
bike,bike,1  0  0  0
bike,bike,1  0  0  0
bike,bike,1  0  0  0
bike,bike,1  0  0  0
bike,bike,1  0  0  0
bike,bike,1  0  0  0
bike,bike,1  0  0  0
bike,bike,1  0  0  0
bike,bike,1  0  0  0
bike,bike,1  0  0  0
bike,bike,1  0  0  0
bike,bike,1  0  0  0
bike,bike,1  0  0  0
bike,bike,0.93333           0           0    0.066667
bike,bike,1  0  0  0
bike,bike,1  0  0  0
bike,bike,1  0  0  0
bike,bike,1  0  0  0
bike,bike,1  0  0  0
bike,bike,1  0  0  0
bike,bike,1  0  0  0
bike,bike,1  0  0  0
bike,bike,1  0  0  0
bike,bike,1  0  0  0
bike,bike,1  0  0  0
bike,bike,0.96667           0           0    0.033333
bike,bike,1  0  0  0
bike,bike,1  0  0  0
bike,bike,1  0  0  0
bike,bike,1  0  0  0
bike,bike,1  0  0  0
bike,bike,0.96667           0           0    0.033333
bike,bike,1  0  0  0
bike,bike,0.83333           0           0     0.16667
bike,bike,0.86667           0           0     0.13333
bike,bike,0.83333           0           0     0.16667
bike,bike,0.86667           0           0     0.13333
bike,bike,1  0  0  0
bike,bike,1  0  0  0
bike,bike,1  0  0  0
bike,bike,1  0  0  0
bike,bike,1  0  0  0
bike,bike,1  0  0  0
bike,bike,1  0  0  0
bike,bike,1  0  0  0
bike,bike,1  0  0  0
bike,bike,1  0  0  0
bike,bike,1  0  0  0
bike,bike,1  0  0  0
bike,bike,1  0  0  0
bike,bike,1  0  0  0
bike,bike,1  0  0  0
bike,bike,1  0  0  0
bike,bike,1  0  0  0
bike,bike,1  0  0  0
bike,bike,1  0  0  0
bike,bike,1  0  0  0
bike,bike,1  0  0  0
bike,bike,1  0  0  0
bike,bike,1  0  0  0
bike,bike,1  0  0  0
bike,bike,1  0  0  0
bike,bike,1  0  0  0
bike,bike,1  0  0  0
bike,bike,1  0  0  0
bike,bike,1  0  0  0
bike,bike,1  0  0  0
bike,bike,1  0  0  0
bike,bike,1  0  0  0
bike,bike,1  0  0  0
bike,bike,1  0  0  0
bike,bike,1  0  0  0
bike,bike,1  0  0  0
bike,bike,1  0  0  0
bike,bike,1  0  0  0
bike,bike,1  0  0  0
bike,bike,0.96667           0           0    0.033333
bike,bike,0.93333           0           0    0.066667
bike,bike,1  0  0  0
bike,bike,0.93333           0           0    0.066667
bike,bike,0.93333           0           0    0.066667
bike,bike,1  0  0  0
bike,bike,1  0  0  0
bike,bike,1  0  0  0
bike,bike,1  0  0  0
bike,bike,1  0  0  0
bike,bike,1  0  0  0
bike,bike,1  0  0  0
bike,bike,1  0  0  0
bike,bike,0.96667           0           0    0.033333
bike,bike,1  0  0  0
bike,bike,1  0  0  0
bike,bike,1  0  0  0
bike,bike,1  0  0  0
bike,bike,1  0  0  0
bike,bike,1  0  0  0
bike,bike,1  0  0  0
bike,bike,1  0  0  0
bike,bike,1  0  0  0
bike,bike,1  0  0  0
bike,bike,1  0  0  0
bike,bike,1  0  0  0
bike,bike,1  0  0  0
bike,bike,1  0  0  0
bike,bike,1  0  0  0
bike,bike,1  0  0  0
bike,bike,1  0  0  0
bike,bike,1  0  0  0
bike,bike,1  0  0  0
bike,bike,1  0  0  0
bike,bike,1  0  0  0
bike,bike,0.96667           0           0    0.033333
bike,bike,0.96667           0           0    0.033333
bike,bike,0.96667           0           0    0.033333
bike,bike,0.96667           0           0    0.033333
bike,bike,0.96667           0           0    0.033333
bike,bike,0.96667           0           0    0.033333
bike,bike,0.96667           0           0    0.033333
bike,bike,0.96667           0           0    0.033333
bike,bike,0.96667           0           0    0.033333
bike,bike,0.96667           0           0    0.033333
bike,bike,0.96667           0           0    0.033333
bike,bike,0.9           0           0         0.1
bike,bike,0.93333           0           0    0.066667
bike,bike,0.93333           0           0    0.066667
bike,bike,0.86667           0           0     0.13333
bike,bike,0.86667           0           0     0.13333
bike,bike,0.93333           0           0    0.066667
bike,bike,0.93333           0           0    0.066667
bike,bike,0.93333           0           0    0.066667
bike,bike,0.93333           0           0    0.066667
bike,bike,0.93333           0           0    0.066667
bike,bike,0.93333           0           0    0.066667
bike,bike,0.93333           0           0    0.066667
bike,bike,0.96667           0           0    0.033333
bike,bike,1  0  0  0
bike,bike,0.9           0           0         0.1
bike,bike,0.9           0           0         0.1
transition,bike,0.3           0           0         0.7
transition,bike,0.033333           0           0     0.96667
transition,bike,0.033333           0           0     0.96667
transition,bike,0  0  0  1
transition,bike,0  0  0  1
transition,bike,0  0  0  1
transition,bike,0  0  0  1
transition,bike,0  0  0  1
transition,bike,0  0  0  1
transition,bike,0  0  0  1
transition,bike,0           0    0.033333     0.96667
transition,bike,0           0    0.033333     0.96667
transition,bike,0  0  0  1
transition,bike,0  0  0  1
transition,bike,0  0  0  1
transition,bike,0           0    0.033333     0.96667
transition,bike,0           0    0.033333     0.96667
transition,bike,0           0    0.033333     0.96667
transition,bike,0.066667           0    0.033333         0.9
bike,bike,0.8           0           0         0.2
bike,bike,0.93333           0           0    0.066667
bike,bike,1  0  0  0
bike,bike,1  0  0  0
bike,bike,1  0  0  0
bike,bike,0.96667           0           0    0.033333
bike,bike,0.96667           0           0    0.033333
bike,bike,1  0  0  0
bike,bike,1  0  0  0
bike,bike,1  0  0  0
bike,bike,0.96667           0           0    0.033333
bike,bike,1  0  0  0
bike,bike,0.93333           0           0    0.066667
bike,bike,0.93333           0           0    0.066667
bike,bike,1  0  0  0
bike,bike,1  0  0  0
bike,bike,1  0  0  0
bike,bike,1  0  0  0
bike,bike,1  0  0  0
bike,bike,1  0  0  0
bike,bike,1  0  0  0
bike,bike,1  0  0  0
bike,bike,1  0  0  0
bike,bike,1  0  0  0
bike,bike,0.96667           0           0    0.033333
bike,bike,0.96667           0           0    0.033333
bike,bike,1  0  0  0
bike,bike,1  0  0  0
bike,bike,1  0  0  0
bike,bike,1  0  0  0
bike,bike,0.96667           0           0    0.033333
bike,bike,1  0  0  0
bike,bike,1  0  0  0
bike,bike,1  0  0  0
bike,bike,1  0  0  0
bike,bike,1  0  0  0
bike,bike,1  0  0  0
bike,bike,1  0  0  0
bike,bike,1  0  0  0
bike,bike,1  0  0  0
bike,bike,1  0  0  0
bike,bike,1  0  0  0
bike,bike,1  0  0  0
bike,bike,1  0  0  0
bike,bike,1  0  0  0
bike,bike,1  0  0  0
bike,bike,1  0  0  0
bike,bike,1  0  0  0
bike,bike,1  0  0  0
bike,bike,1  0  0  0
bike,bike,1  0  0  0
bike,bike,1  0  0  0
bike,bike,1  0  0  0
bike,bike,1  0  0  0
bike,bike,1  0  0  0
bike,bike,1  0  0  0
bike,bike,1  0  0  0
bike,bike,1  0  0  0
bike,bike,1  0  0  0
bike,bike,1  0  0  0
bike,bike,1  0  0  0
bike,bike,1  0  0  0
bike,bike,1  0  0  0
bike,bike,1  0  0  0
bike,bike,1  0  0  0
bike,bike,1  0  0  0
bike,bike,1  0  0  0
bike,bike,1  0  0  0
bike,bike,1  0  0  0
bike,bike,1  0  0  0
bike,bike,1  0  0  0
bike,bike,1  0  0  0
bike,bike,1  0  0  0
bike,bike,1  0  0  0
bike,bike,1  0  0  0
bike,bike,0.96667           0           0    0.033333
bike,bike,1  0  0  0
bike,bike,1  0  0  0
bike,bike,1  0  0  0
bike,bike,0.96667           0           0    0.033333
bike,bike,0.9           0           0         0.1
bike,bike,0.96667           0           0    0.033333
bike,bike,0.96667           0           0    0.033333
bike,bike,1  0  0  0
bike,bike,0.96667           0           0    0.033333
bike,bike,1  0  0  0
bike,bike,1  0  0  0
bike,bike,1  0  0  0
bike,bike,1  0  0  0
bike,bike,1  0  0  0
bike,bike,1  0  0  0
bike,bike,1  0  0  0
bike,bike,1  0  0  0
bike,bike,1  0  0  0
bike,bike,1  0  0  0
bike,bike,0.96667           0           0    0.033333
bike,bike,1  0  0  0
bike,bike,0.96667           0           0    0.033333
bike,bike,0.93333           0           0    0.066667
bike,bike,0.96667           0           0    0.033333
bike,bike,1  0  0  0
bike,bike,0.96667           0           0    0.033333
bike,bike,1  0  0  0
bike,bike,1  0  0  0
bike,bike,1  0  0  0
bike,bike,0.96667           0           0    0.033333
bike,bike,0.96667           0           0    0.033333
bike,bike,0.86667           0           0     0.13333
bike,bike,0.93333           0           0    0.066667
bike,bike,0.96667           0           0    0.033333
bike,bike,0.93333           0           0    0.066667
bike,bike,0.96667           0           0    0.033333
bike,bike,1  0  0  0
bike,bike,1  0  0  0
bike,bike,0.96667           0           0    0.033333
bike,bike,0.96667           0           0    0.033333
bike,bike,1  0  0  0
bike,bike,1  0  0  0
bike,bike,0.9           0           0         0.1
bike,bike,0.96667           0           0    0.033333
bike,bike,0.96667           0           0    0.033333
bike,bike,0.96667           0           0    0.033333
bike,bike,0.96667           0           0    0.033333
bike,bike,1  0  0  0
bike,bike,0.96667           0           0    0.033333
bike,bike,0.96667           0           0    0.033333
bike,bike,0.9           0           0         0.1
bike,bike,0.86667           0           0     0.13333
bike,bike,0.93333           0           0    0.066667
bike,bike,1  0  0  0
bike,bike,0.96667           0           0    0.033333
bike,bike,0.9           0           0         0.1
bike,bike,0.96667           0           0    0.033333
bike,bike,0.96667           0           0    0.033333
bike,bike,0.93333           0           0    0.066667
bike,bike,0.93333           0    0.033333    0.033333
bike,bike,0.93333           0    0.033333    0.033333
bike,bike,0.93333           0    0.033333    0.033333
bike,bike,0.93333           0    0.033333    0.033333
bike,bike,0.93333           0    0.033333    0.033333
bike,bike,0.93333           0           0    0.066667
bike,bike,0.93333           0           0    0.066667
bike,bike,0.93333           0    0.033333    0.033333
bike,bike,0.93333           0           0    0.066667
bike,bike,0.93333           0           0    0.066667
bike,bike,0.96667           0           0    0.033333
bike,bike,0.83333           0           0     0.16667
bike,bike,0.9           0           0         0.1
bike,bike,0.9           0           0         0.1
bike,bike,0.9           0           0         0.1
bike,bike,1  0  0  0
bike,bike,1  0  0  0
bike,bike,1  0  0  0
bike,bike,0.96667           0           0    0.033333
bike,bike,0.93333           0           0    0.066667
bike,bike,0.9           0           0         0.1
bike,bike,0.86667           0           0     0.13333
bike,bike,0.83333           0           0     0.16667
bike,bike,0.83333           0           0     0.16667
bike,bike,0.83333           0           0     0.16667
bike,bike,0.83333           0           0     0.16667
bike,bike,0.8           0           0         0.2
bike,bike,0.8           0           0         0.2
bike,bike,0.86667           0           0     0.13333
bike,bike,0.83333           0           0     0.16667
bike,bike,0.83333           0           0     0.16667
bike,bike,0.96667           0           0    0.033333
bike,bike,0.93333           0           0    0.066667
bike,bike,0.76667           0           0     0.23333
bike,bike,0.8           0           0         0.2
bike,bike,0.86667           0           0     0.13333
bike,bike,0.83333           0           0     0.16667
bike,bike,0.93333           0           0    0.066667
bike,bike,0.93333           0           0    0.066667
bike,bike,0.86667           0           0     0.13333
bike,bike,0.76667           0           0     0.23333
bike,bike,0.76667           0           0     0.23333
bike,bike,0.76667           0           0     0.23333
bike,bike,0.83333           0    0.033333     0.13333
bike,bike,0.86667           0    0.033333         0.1
bike,bike,0.83333           0    0.033333     0.13333
bike,bike,0.86667           0    0.033333         0.1
bike,bike,0.93333           0           0    0.066667
bike,bike,0.93333           0    0.033333    0.033333
bike,bike,0.96667           0           0    0.033333
bike,bike,0.96667           0           0    0.033333
bike,bike,0.93333           0           0    0.066667
bike,bike,0.9           0           0         0.1
bike,bike,0.96667           0           0    0.033333
bike,bike,0.96667           0           0    0.033333
bike,bike,1  0  0  0
bike,bike,1  0  0  0
bike,bike,1  0  0  0
bike,bike,1  0  0  0
bike,bike,1  0  0  0
bike,bike,0.9           0           0         0.1
bike,bike,0.96667           0           0    0.033333
bike,bike,0.9           0           0         0.1
bike,bike,0.86667           0           0     0.13333
bike,bike,0.93333           0           0    0.066667
bike,bike,0.96667           0           0    0.033333
bike,bike,0.96667           0           0    0.033333
bike,bike,1  0  0  0
bike,bike,0.93333           0           0    0.066667
bike,bike,0.93333           0           0    0.066667
bike,bike,0.96667           0           0    0.033333
bike,bike,0.93333           0           0    0.066667
bike,bike,1  0  0  0
bike,bike,1  0  0  0
bike,bike,0.9           0           0         0.1
bike,bike,0.83333           0           0     0.16667
bike,bike,1  0  0  0
bike,bike,1  0  0  0
bike,bike,0.83333           0           0     0.16667
bike,bike,0.9           0           0         0.1
bike,bike,0.93333           0           0    0.066667
bike,bike,0.93333           0           0    0.066667
bike,bike,0.96667           0           0    0.033333
bike,bike,0.96667           0           0    0.033333
bike,bike,0.96667           0           0    0.033333
bike,bike,1  0  0  0
bike,bike,0.93333           0           0    0.066667
bike,bike,0.83333           0           0     0.16667
bike,bike,0.8           0           0         0.2
bike,bike,0.83333           0           0     0.16667
bike,bike,0.8           0           0         0.2
bike,bike,0.73333           0           0     0.26667
bike,bike,0.83333           0           0     0.16667
bike,bike,0.86667           0           0     0.13333
bike,bike,0.96667           0           0    0.033333
bike,bike,0.96667           0           0    0.033333
bike,bike,0.86667           0           0     0.13333
bike,bike,0.9           0           0         0.1
bike,bike,0.96667           0           0    0.033333
bike,bike,1  0  0  0
bike,bike,0.96667           0           0    0.033333
bike,bike,0.96667           0           0    0.033333
bike,bike,1  0  0  0
bike,bike,0.96667           0           0    0.033333
bike,bike,1  0  0  0
bike,bike,1  0  0  0
bike,bike,1  0  0  0
bike,bike,1  0  0  0
bike,bike,1  0  0  0
bike,bike,1  0  0  0
bike,bike,1  0  0  0
bike,bike,1  0  0  0
bike,bike,0.96667           0           0    0.033333
bike,bike,1  0  0  0
bike,bike,1  0  0  0
bike,bike,1  0  0  0
bike,bike,1  0  0  0
bike,bike,1  0  0  0
bike,bike,0.96667           0           0    0.033333
bike,bike,0.96667           0           0    0.033333
bike,bike,0.96667           0           0    0.033333
bike,bike,0.96667           0           0    0.033333
bike,bike,0.96667           0           0    0.033333
bike,bike,0.96667           0           0    0.033333
bike,bike,0.96667           0           0    0.033333
bike,bike,0.96667           0           0    0.033333
bike,bike,0.96667           0           0    0.033333
bike,bike,0.93333           0           0    0.066667
bike,bike,0.96667           0           0    0.033333
bike,bike,0.96667           0           0    0.033333
bike,bike,0.93333           0           0    0.066667
bike,bike,0.93333           0           0    0.066667
bike,bike,0.93333           0           0    0.066667
bike,bike,0.93333           0           0    0.066667
bike,bike,0.96667           0           0    0.033333
bike,bike,0.96667           0           0    0.033333
bike,bike,0.96667           0           0    0.033333
bike,bike,0.96667           0           0    0.033333
bike,bike,0.96667           0           0    0.033333
bike,bike,0.96667           0           0    0.033333
bike,bike,1  0  0  0
bike,bike,1  0  0  0
bike,bike,1  0  0  0
bike,bike,1  0  0  0
bike,bike,1  0  0  0
bike,bike,1  0  0  0
bike,bike,1  0  0  0
bike,bike,1  0  0  0
bike,bike,1  0  0  0
bike,bike,0.93333           0           0    0.066667
bike,bike,0.96667           0           0    0.033333
bike,bike,1  0  0  0
bike,bike,1  0  0  0
bike,bike,1  0  0  0
bike,bike,0.9           0           0         0.1
bike,bike,1  0  0  0
bike,bike,1  0  0  0
bike,bike,1  0  0  0
bike,bike,1  0  0  0
bike,bike,0.93333           0           0    0.066667
bike,bike,0.96667           0           0    0.033333
bike,bike,0.96667           0           0    0.033333
bike,bike,0.96667           0           0    0.033333
bike,bike,0.93333           0           0    0.066667
bike,bike,0.93333           0           0    0.066667
bike,bike,0.93333           0           0    0.066667
bike,bike,0.93333           0           0    0.066667
bike,bike,0.9           0           0         0.1
bike,bike,0.93333           0           0    0.066667
bike,bike,0.9           0           0         0.1
bike,bike,0.93333           0           0    0.066667
bike,bike,0.93333           0           0    0.066667
bike,bike,0.93333           0           0    0.066667
bike,bike,0.93333           0           0    0.066667
bike,bike,0.93333           0           0    0.066667
bike,bike,0.93333           0           0    0.066667
bike,bike,0.96667           0           0    0.033333
bike,bike,0.96667           0           0    0.033333
bike,bike,1  0  0  0
bike,bike,0.96667           0           0    0.033333
bike,bike,0.96667           0           0    0.033333
bike,bike,0.96667           0           0    0.033333
bike,bike,0.96667           0           0    0.033333
bike,bike,1  0  0  0
bike,bike,1  0  0  0
bike,bike,1  0  0  0
bike,bike,1  0  0  0
bike,bike,1  0  0  0
bike,bike,0.96667           0           0    0.033333
bike,bike,1  0  0  0
bike,bike,1  0  0  0
bike,bike,0.8           0           0         0.2
bike,bike,0.76667           0           0     0.23333
bike,bike,0.86667           0           0     0.13333
bike,bike,0.93333           0           0    0.066667
bike,bike,0.96667           0           0    0.033333
bike,bike,0.96667           0           0    0.033333
bike,bike,0.96667           0           0    0.033333
bike,bike,0.96667           0           0    0.033333
bike,bike,0.96667           0           0    0.033333
bike,bike,0.96667           0           0    0.033333
bike,bike,0.96667           0           0    0.033333
bike,bike,0.93333           0           0    0.066667
bike,bike,0.93333           0           0    0.066667
bike,bike,0.9           0           0         0.1
bike,bike,0.9           0           0         0.1
bike,bike,0.86667           0           0     0.13333
bike,bike,0.73333           0           0     0.26667
bike,bike,0.76667           0           0     0.23333
bike,bike,0.86667           0           0     0.13333
bike,bike,0.86667           0           0     0.13333
bike,bike,0.93333           0           0    0.066667
bike,bike,0.93333           0           0    0.066667
bike,bike,0.96667           0           0    0.033333
bike,bike,0.93333           0           0    0.066667
bike,bike,0.96667           0           0    0.033333
bike,bike,0.96667           0           0    0.033333
bike,bike,0.96667           0           0    0.033333
bike,bike,0.93333           0           0    0.066667
bike,bike,0.93333           0           0    0.066667
bike,bike,0.93333           0           0    0.066667
bike,bike,0.93333           0           0    0.066667
bike,bike,0.93333           0           0    0.066667
bike,bike,0.9           0           0         0.1
bike,bike,0.9           0           0         0.1
bike,bike,0.9           0           0         0.1
bike,bike,0.96667           0           0    0.033333
bike,bike,0.93333           0           0    0.066667
bike,bike,0.96667           0           0    0.033333
bike,bike,1  0  0  0
bike,bike,1  0  0  0
bike,bike,0.93333           0           0    0.066667
bike,bike,0.93333           0           0    0.066667
bike,bike,0.93333           0           0    0.066667
bike,bike,0.93333           0           0    0.066667
bike,bike,0.93333           0           0    0.066667
bike,bike,0.93333           0           0    0.066667
bike,bike,0.93333           0           0    0.066667
bike,bike,0.93333           0           0    0.066667
bike,bike,0.93333           0           0    0.066667
bike,bike,0.93333           0           0    0.066667
bike,bike,0.93333           0           0    0.066667
bike,bike,0.96667           0           0    0.033333
bike,bike,0.96667           0           0    0.033333
bike,bike,0.96667           0           0    0.033333
bike,bike,0.96667           0           0    0.033333
bike,bike,0.96667           0           0    0.033333
bike,bike,1  0  0  0
bike,bike,1  0  0  0
bike,bike,1  0  0  0
bike,bike,1  0  0  0
bike,bike,1  0  0  0
bike,bike,1  0  0  0
bike,bike,1  0  0  0
bike,bike,1  0  0  0
bike,bike,0.96667           0           0    0.033333
bike,bike,0.96667           0           0    0.033333
bike,bike,0.8           0           0         0.2
bike,bike,0.73333           0           0     0.26667
bike,bike,0.9           0           0         0.1
bike,bike,0.9           0           0         0.1
bike,bike,1  0  0  0
bike,bike,1  0  0  0
bike,bike,1  0  0  0
bike,bike,1  0  0  0
bike,bike,1  0  0  0
bike,bike,1  0  0  0
bike,bike,1  0  0  0
bike,bike,1  0  0  0
bike,bike,1  0  0  0
bike,bike,1  0  0  0
bike,bike,1  0  0  0
bike,bike,0.96667           0           0    0.033333
bike,bike,0.96667           0           0    0.033333
bike,bike,0.96667           0           0    0.033333
bike,bike,1  0  0  0
bike,bike,1  0  0  0
bike,bike,1  0  0  0
bike,bike,1  0  0  0
bike,bike,1  0  0  0
bike,bike,1  0  0  0
bike,bike,1  0  0  0
bike,bike,1  0  0  0
bike,bike,1  0  0  0
bike,bike,1  0  0  0
bike,bike,1  0  0  0
bike,bike,1  0  0  0
bike,bike,1  0  0  0
bike,bike,1  0  0  0
bike,bike,1  0  0  0
bike,bike,1  0  0  0
bike,bike,1  0  0  0
bike,bike,1  0  0  0
bike,bike,1  0  0  0
bike,bike,1  0  0  0
bike,bike,0.96667           0           0    0.033333
bike,bike,1  0  0  0
bike,bike,1  0  0  0
bike,bike,0.96667           0           0    0.033333
bike,bike,1  0  0  0
bike,bike,1  0  0  0
bike,bike,1  0  0  0
bike,bike,1  0  0  0
bike,bike,0.96667           0           0    0.033333
bike,bike,0.83333           0           0     0.16667
bike,bike,0.83333           0           0     0.16667
bike,bike,0.8           0           0         0.2
bike,bike,0.83333           0           0     0.16667
bike,bike,1  0  0  0
bike,bike,1  0  0  0
bike,bike,1  0  0  0
bike,bike,1  0  0  0
bike,bike,1  0  0  0
bike,bike,1  0  0  0
bike,bike,1  0  0  0
bike,bike,1  0  0  0
bike,bike,0.96667           0           0    0.033333
bike,bike,1  0  0  0
bike,bike,0.96667           0           0    0.033333
bike,bike,1  0  0  0
bike,bike,0.96667           0           0    0.033333
bike,bike,0.93333           0           0    0.066667
bike,bike,0.96667           0           0    0.033333
bike,bike,0.93333           0           0    0.066667
bike,bike,0.93333           0           0    0.066667
bike,bike,0.93333           0           0    0.066667
bike,bike,0.96667           0           0    0.033333
bike,bike,0.96667           0           0    0.033333
bike,bike,0.96667           0           0    0.033333
bike,bike,1  0  0  0
bike,bike,1  0  0  0
bike,bike,1  0  0  0
bike,bike,0.96667           0           0    0.033333
bike,bike,1  0  0  0
bike,bike,1  0  0  0
bike,bike,1  0  0  0
bike,bike,1  0  0  0
bike,bike,0.96667           0           0    0.033333
bike,bike,1  0  0  0
bike,bike,0.96667           0           0    0.033333
bike,bike,1  0  0  0
bike,bike,1  0  0  0
bike,bike,1  0  0  0
bike,bike,1  0  0  0
bike,bike,1  0  0  0
bike,bike,1  0  0  0
bike,bike,1  0  0  0
bike,bike,0.96667           0           0    0.033333
bike,bike,0.96667           0           0    0.033333
bike,bike,1  0  0  0
bike,bike,1  0  0  0
bike,bike,0.96667           0           0    0.033333
bike,bike,1  0  0  0
bike,bike,1  0  0  0
bike,bike,0.96667           0           0    0.033333
bike,bike,0.96667           0           0    0.033333
bike,bike,0.96667           0           0    0.033333
bike,bike,0.96667           0           0    0.033333
bike,bike,0.96667           0           0    0.033333
bike,bike,0.96667           0           0    0.033333
bike,bike,1  0  0  0
bike,bike,1  0  0  0
bike,bike,1  0  0  0
bike,bike,0.93333           0           0    0.066667
bike,bike,0.96667           0           0    0.033333
bike,bike,1  0  0  0
bike,bike,0.93333           0           0    0.066667
bike,bike,0.93333           0           0    0.066667
bike,bike,1  0  0  0
bike,bike,0.96667           0           0    0.033333
bike,bike,0.96667           0           0    0.033333
bike,bike,0.96667           0           0    0.033333
bike,bike,1  0  0  0
bike,bike,0.9           0           0         0.1
bike,bike,0.73333           0           0     0.26667
bike,bike,0.96667           0           0    0.033333
bike,bike,0.96667           0           0    0.033333
bike,bike,0.86667           0           0     0.13333
bike,bike,1  0  0  0
bike,bike,1  0  0  0
bike,bike,1  0  0  0
bike,bike,1  0  0  0
bike,bike,0.96667           0           0    0.033333
bike,bike,0.96667           0           0    0.033333
bike,bike,0.96667           0           0    0.033333
bike,bike,0.9           0           0         0.1
bike,bike,0.93333           0           0    0.066667
bike,bike,0.9           0           0         0.1
bike,bike,0.96667           0           0    0.033333
bike,bike,1  0  0  0
bike,bike,1  0  0  0
bike,bike,1  0  0  0
bike,bike,0.93333           0           0    0.066667
bike,bike,0.93333           0           0    0.066667
bike,bike,0.86667           0           0     0.13333
bike,bike,0.83333           0           0     0.16667
bike,bike,0.86667           0           0     0.13333
bike,bike,0.93333           0    0.033333    0.033333
bike,bike,0.93333           0           0    0.066667
bike,bike,0.93333           0           0    0.066667
bike,bike,0.96667           0           0    0.033333
bike,bike,1  0  0  0
bike,bike,1  0  0  0
bike,bike,0.9           0           0         0.1
bike,bike,0.9           0           0         0.1
bike,bike,0.96667           0           0    0.033333
bike,bike,0.96667           0           0    0.033333
bike,bike,1  0  0  0
bike,bike,1  0  0  0
bike,bike,1  0  0  0
bike,bike,1  0  0  0
bike,bike,1  0  0  0
bike,bike,1  0  0  0
bike,bike,0.93333           0           0    0.066667
bike,bike,0.96667           0           0    0.033333
bike,bike,0.96667           0           0    0.033333
bike,bike,0.96667           0           0    0.033333
bike,bike,1  0  0  0
bike,bike,1  0  0  0
bike,bike,1  0  0  0
bike,bike,1  0  0  0
bike,bike,0.96667           0           0    0.033333
bike,bike,0.96667           0           0    0.033333
bike,bike,0.86667           0           0     0.13333
bike,bike,0.93333           0           0    0.066667
bike,bike,0.93333           0           0    0.066667
bike,bike,0.93333           0           0    0.066667
bike,bike,0.93333           0           0    0.066667
bike,bike,0.93333           0           0    0.066667
bike,bike,0.96667           0           0    0.033333
bike,bike,0.96667           0           0    0.033333
bike,bike,0.96667           0           0    0.033333
bike,bike,0.96667           0           0    0.033333
bike,bike,0.93333           0           0    0.066667
bike,bike,0.93333           0           0    0.066667
bike,bike,0.93333           0           0    0.066667
bike,bike,0.96667           0           0    0.033333
bike,bike,0.96667           0           0    0.033333
bike,bike,0.96667           0           0    0.033333
bike,bike,0.96667           0           0    0.033333
bike,bike,0.93333           0           0    0.066667
bike,bike,0.96667           0           0    0.033333
bike,bike,1  0  0  0
bike,bike,0.93333           0           0    0.066667
bike,bike,1  0  0  0
bike,bike,1  0  0  0
bike,bike,0.93333           0           0    0.066667
bike,bike,1  0  0  0
bike,bike,0.93333           0           0    0.066667
bike,bike,0.96667           0           0    0.033333
bike,bike,1  0  0  0
bike,bike,1  0  0  0
bike,bike,1  0  0  0
bike,bike,1  0  0  0
bike,bike,0.83333           0           0     0.16667
bike,bike,0.86667           0           0     0.13333
bike,bike,0.96667           0           0    0.033333
bike,bike,0.76667           0           0     0.23333
bike,bike,0.76667           0           0     0.23333
bike,bike,0.8           0           0         0.2
bike,bike,1  0  0  0
bike,bike,1  0  0  0
bike,bike,1  0  0  0
bike,bike,0.96667           0           0    0.033333
bike,bike,0.93333           0           0    0.066667
bike,bike,0.96667           0           0    0.033333
bike,bike,0.96667           0           0    0.033333
bike,bike,0.96667           0           0    0.033333
bike,bike,1  0  0  0
bike,bike,0.96667           0           0    0.033333
bike,bike,0.86667           0           0     0.13333
bike,bike,0.83333           0           0     0.16667
bike,bike,0.83333           0           0     0.16667
bike,bike,0.9           0           0         0.1
bike,bike,0.9           0           0         0.1
bike,bike,1  0  0  0
bike,bike,1  0  0  0
bike,bike,1  0  0  0
bike,bike,0.83333           0           0     0.16667
bike,bike,0.93333           0           0    0.066667
bike,bike,0.96667           0           0    0.033333
bike,bike,0.93333           0           0    0.066667
bike,bike,0.9           0           0         0.1
bike,bike,0.96667           0           0    0.033333
bike,bike,1  0  0  0
bike,bike,1  0  0  0
bike,bike,1  0  0  0
bike,bike,1  0  0  0
bike,bike,1  0  0  0
bike,bike,1  0  0  0
bike,bike,1  0  0  0
bike,bike,1  0  0  0
bike,bike,1  0  0  0
bike,bike,0.96667           0           0    0.033333
bike,bike,0.96667           0           0    0.033333
bike,bike,0.96667           0           0    0.033333
bike,bike,0.96667           0           0    0.033333
bike,bike,0.93333           0           0    0.066667
bike,bike,0.93333           0           0    0.066667
bike,bike,0.93333           0           0    0.066667
bike,bike,0.93333           0           0    0.066667
bike,bike,0.93333           0           0    0.066667
bike,bike,0.93333           0           0    0.066667
bike,bike,0.9           0           0         0.1
bike,bike,0.9           0           0         0.1
bike,bike,0.9           0           0         0.1
bike,bike,0.9           0           0         0.1
bike,bike,0.9           0           0         0.1
bike,bike,0.93333           0           0    0.066667
bike,bike,0.93333           0           0    0.066667
bike,bike,0.93333           0           0    0.066667
bike,bike,0.86667           0           0     0.13333
bike,bike,1  0  0  0
bike,bike,0.9           0           0         0.1
bike,bike,0.86667           0           0     0.13333
bike,bike,0.8           0           0         0.2
bike,bike,0.76667           0           0     0.23333
bike,bike,0.8           0           0         0.2
bike,bike,0.86667           0           0     0.13333
bike,bike,0.86667           0           0     0.13333
bike,bike,0.86667           0           0     0.13333
bike,bike,0.96667           0           0    0.033333
bike,bike,0.96667           0           0    0.033333
bike,bike,0.86667           0           0     0.13333
bike,bike,0.86667           0           0     0.13333
bike,bike,1  0  0  0
bike,bike,1  0  0  0
bike,bike,1  0  0  0
bike,bike,1  0  0  0
bike,bike,1  0  0  0
bike,bike,1  0  0  0
bike,bike,1  0  0  0
bike,bike,1  0  0  0
bike,bike,1  0  0  0
bike,bike,1  0  0  0
bike,bike,1  0  0  0
bike,bike,1  0  0  0
bike,bike,1  0  0  0
bike,bike,1  0  0  0
bike,bike,1  0  0  0
bike,bike,1  0  0  0
bike,bike,1  0  0  0
bike,bike,1  0  0  0
bike,bike,1  0  0  0
bike,bike,1  0  0  0
bike,bike,1  0  0  0
bike,bike,1  0  0  0
bike,bike,1  0  0  0
bike,bike,1  0  0  0
bike,bike,1  0  0  0
bike,bike,1  0  0  0
bike,bike,1  0  0  0
bike,bike,1  0  0  0
bike,bike,1  0  0  0
bike,bike,1  0  0  0
bike,bike,1  0  0  0
bike,bike,0.93333           0           0    0.066667
bike,bike,0.86667           0           0     0.13333
bike,bike,1  0  0  0
bike,bike,1  0  0  0
bike,bike,1  0  0  0
bike,bike,0.96667           0           0    0.033333
bike,bike,0.96667           0           0    0.033333
bike,bike,1  0  0  0
bike,bike,1  0  0  0
bike,bike,1  0  0  0
bike,bike,1  0  0  0
bike,bike,1  0  0  0
bike,bike,1  0  0  0
bike,bike,1  0  0  0
bike,bike,1  0  0  0
bike,bike,1  0  0  0
bike,bike,1  0  0  0
bike,bike,1  0  0  0
bike,bike,1  0  0  0
bike,bike,1  0  0  0
bike,bike,1  0  0  0
bike,bike,1  0  0  0
bike,bike,1  0  0  0
bike,bike,1  0  0  0
bike,bike,1  0  0  0
bike,bike,1  0  0  0
bike,bike,1  0  0  0
bike,bike,1  0  0  0
bike,bike,1  0  0  0
bike,bike,1  0  0  0
bike,bike,1  0  0  0
bike,bike,1  0  0  0
bike,bike,1  0  0  0
bike,bike,1  0  0  0
bike,bike,1  0  0  0
bike,bike,1  0  0  0
bike,bike,1  0  0  0
bike,bike,1  0  0  0
bike,bike,1  0  0  0
bike,bike,1  0  0  0
bike,bike,1  0  0  0
bike,bike,0.96667           0           0    0.033333
bike,bike,1  0  0  0
bike,bike,1  0  0  0
bike,bike,1  0  0  0
bike,bike,1  0  0  0
bike,bike,1  0  0  0
bike,bike,1  0  0  0
bike,bike,1  0  0  0
bike,bike,1  0  0  0
bike,bike,1  0  0  0
bike,bike,1  0  0  0
bike,bike,1  0  0  0
bike,bike,1  0  0  0
bike,bike,1  0  0  0
bike,bike,1  0  0  0
bike,bike,1  0  0  0
bike,bike,1  0  0  0
bike,bike,1  0  0  0
bike,bike,1  0  0  0
bike,bike,1  0  0  0
bike,bike,1  0  0  0
bike,bike,1  0  0  0
bike,bike,1  0  0  0
bike,bike,1  0  0  0
bike,bike,1  0  0  0
bike,bike,1  0  0  0
bike,bike,1  0  0  0
bike,bike,1  0  0  0
bike,bike,1  0  0  0
bike,bike,1  0  0  0
bike,bike,1  0  0  0
bike,bike,1  0  0  0
bike,bike,1  0  0  0
bike,bike,1  0  0  0
bike,bike,1  0  0  0
bike,bike,1  0  0  0
bike,bike,1  0  0  0
bike,bike,1  0  0  0
bike,bike,1  0  0  0
bike,bike,1  0  0  0
bike,bike,1  0  0  0
bike,bike,1  0  0  0
bike,bike,1  0  0  0
bike,bike,1  0  0  0
bike,bike,1  0  0  0
bike,bike,1  0  0  0
bike,bike,1  0  0  0
bike,bike,1  0  0  0
bike,bike,1  0  0  0
bike,bike,1  0  0  0
bike,bike,0.96667           0           0    0.033333
bike,bike,1  0  0  0
bike,bike,1  0  0  0
bike,bike,0.96667           0           0    0.033333
bike,bike,1  0  0  0
bike,bike,1  0  0  0
bike,bike,1  0  0  0
bike,bike,1  0  0  0
bike,bike,1  0  0  0
bike,bike,1  0  0  0
bike,bike,1  0  0  0
bike,bike,1  0  0  0
bike,bike,1  0  0  0
bike,bike,1  0  0  0
bike,bike,1  0  0  0
bike,bike,1  0  0  0
bike,bike,1  0  0  0
bike,bike,1  0  0  0
bike,bike,1  0  0  0
bike,bike,1  0  0  0
bike,bike,1  0  0  0
bike,bike,1  0  0  0
bike,bike,1  0  0  0
bike,bike,1  0  0  0
bike,bike,1  0  0  0
bike,bike,1  0  0  0
bike,bike,1  0  0  0
bike,bike,1  0  0  0
bike,bike,1  0  0  0
bike,bike,0.96667           0           0    0.033333
bike,bike,0.93333           0           0    0.066667
bike,bike,1  0  0  0
bike,bike,1  0  0  0
bike,bike,1  0  0  0
bike,bike,1  0  0  0
bike,bike,0.93333           0    0.033333    0.033333
bike,bike,0.93333           0           0    0.066667
bike,bike,0.96667           0           0    0.033333
bike,bike,1  0  0  0
bike,bike,1  0  0  0
bike,bike,1  0  0  0
bike,bike,1  0  0  0
bike,bike,1  0  0  0
bike,bike,1  0  0  0
bike,bike,1  0  0  0
bike,bike,1  0  0  0
bike,bike,1  0  0  0
bike,bike,0.96667           0           0    0.033333
bike,bike,0.96667           0           0    0.033333
bike,bike,0.93333           0           0    0.066667
bike,bike,0.93333           0    0.033333    0.033333
bike,bike,0.93333           0    0.033333    0.033333
bike,bike,0.93333           0    0.033333    0.033333
bike,bike,0.93333           0    0.033333    0.033333
bike,bike,0.93333           0    0.033333    0.033333
bike,bike,0.93333           0    0.033333    0.033333
bike,bike,1  0  0  0
bike,bike,0.96667           0           0    0.033333
bike,bike,1  0  0  0
bike,bike,1  0  0  0
bike,bike,1  0  0  0
bike,bike,1  0  0  0
bike,bike,1  0  0  0
bike,bike,1  0  0  0
bike,bike,1  0  0  0
bike,bike,1  0  0  0
bike,bike,1  0  0  0
bike,bike,1  0  0  0
bike,bike,1  0  0  0
bike,bike,1  0  0  0
bike,bike,1  0  0  0
bike,bike,1  0  0  0
bike,bike,1  0  0  0
bike,bike,1  0  0  0
bike,bike,1  0  0  0
bike,bike,1  0  0  0
bike,bike,1  0  0  0
bike,bike,1  0  0  0
bike,bike,1  0  0  0
bike,bike,1  0  0  0
bike,bike,1  0  0  0
bike,bike,1  0  0  0
bike,bike,1  0  0  0
bike,bike,1  0  0  0
bike,bike,1  0  0  0
bike,bike,1  0  0  0
bike,bike,1  0  0  0
bike,bike,1  0  0  0
bike,bike,1  0  0  0
bike,bike,1  0  0  0
bike,bike,1  0  0  0
bike,bike,1  0  0  0
bike,bike,1  0  0  0
bike,bike,1  0  0  0
bike,bike,1  0  0  0
bike,bike,1  0  0  0
bike,bike,1  0  0  0
bike,bike,1  0  0  0
bike,bike,1  0  0  0
bike,bike,1  0  0  0
bike,bike,1  0  0  0
bike,bike,1  0  0  0
bike,bike,1  0  0  0
bike,bike,1  0  0  0
bike,bike,1  0  0  0
bike,bike,1  0  0  0
bike,bike,1  0  0  0
bike,bike,1  0  0  0
bike,bike,1  0  0  0
bike,bike,1  0  0  0
bike,bike,1  0  0  0
bike,bike,1  0  0  0
bike,bike,1  0  0  0
bike,bike,1  0  0  0
bike,bike,1  0  0  0
bike,bike,1  0  0  0
bike,bike,1  0  0  0
bike,bike,1  0  0  0
bike,bike,1  0  0  0
bike,bike,1  0  0  0
bike,bike,1  0  0  0
bike,bike,0.96667           0           0    0.033333
bike,bike,0.96667           0           0    0.033333
bike,bike,1  0  0  0
bike,bike,1  0  0  0
bike,bike,1  0  0  0
bike,bike,1  0  0  0
bike,bike,1  0  0  0
bike,bike,1  0  0  0
bike,bike,1  0  0  0
bike,bike,0.96667           0           0    0.033333
bike,bike,0.96667           0           0    0.033333
bike,bike,1  0  0  0
bike,bike,1  0  0  0
bike,bike,1  0  0  0
bike,bike,1  0  0  0
bike,bike,1  0  0  0
bike,bike,1  0  0  0
bike,bike,1  0  0  0
bike,bike,1  0  0  0
bike,bike,1  0  0  0
bike,bike,1  0  0  0
bike,bike,1  0  0  0
bike,bike,1  0  0  0
bike,bike,1  0  0  0
bike,bike,1  0  0  0
bike,bike,1  0  0  0
bike,bike,1  0  0  0
bike,bike,1  0  0  0
bike,bike,1  0  0  0
bike,bike,1  0  0  0
bike,bike,1  0  0  0
bike,bike,1  0  0  0
bike,bike,1  0  0  0
bike,bike,1  0  0  0
bike,bike,0.96667           0           0    0.033333
bike,bike,0.96667           0           0    0.033333
bike,bike,0.96667           0           0    0.033333
bike,bike,0.96667           0           0    0.033333
bike,bike,0.96667           0           0    0.033333
bike,bike,0.96667           0           0    0.033333
bike,bike,0.96667           0           0    0.033333
bike,bike,1  0  0  0
bike,bike,1  0  0  0
bike,bike,1  0  0  0
bike,bike,1  0  0  0
bike,bike,1  0  0  0
bike,bike,1  0  0  0
bike,bike,1  0  0  0
bike,bike,0.96667           0           0    0.033333
bike,bike,0.96667           0           0    0.033333
bike,bike,0.96667           0           0    0.033333
bike,bike,0.96667           0           0    0.033333
bike,bike,1  0  0  0
bike,bike,1  0  0  0
bike,bike,1  0  0  0
bike,bike,1  0  0  0
bike,bike,1  0  0  0
bike,bike,1  0  0  0
bike,bike,1  0  0  0
bike,bike,1  0  0  0
bike,bike,1  0  0  0
bike,bike,1  0  0  0
bike,bike,1  0  0  0
bike,bike,1  0  0  0
bike,bike,1  0  0  0
bike,bike,1  0  0  0
bike,bike,1  0  0  0
bike,bike,1  0  0  0
bike,bike,1  0  0  0
bike,bike,1  0  0  0
bike,bike,1  0  0  0
bike,bike,1  0  0  0
bike,bike,1  0  0  0
bike,bike,1  0  0  0
bike,bike,1  0  0  0
bike,bike,1  0  0  0
bike,bike,1  0  0  0
bike,bike,1  0  0  0
bike,bike,1  0  0  0
bike,bike,1  0  0  0
bike,bike,0.96667           0           0    0.033333
bike,bike,1  0  0  0
bike,bike,0.96667           0           0    0.033333
bike,bike,0.96667           0           0    0.033333
bike,bike,0.96667           0           0    0.033333
bike,bike,0.96667           0           0    0.033333
bike,bike,0.96667           0           0    0.033333
bike,bike,1  0  0  0
bike,bike,1  0  0  0
bike,bike,1  0  0  0
bike,bike,0.96667           0           0    0.033333
bike,bike,0.96667           0           0    0.033333
bike,bike,1  0  0  0
bike,bike,1  0  0  0
bike,bike,1  0  0  0
bike,bike,1  0  0  0
bike,bike,1  0  0  0
bike,bike,0.96667           0           0    0.033333
bike,bike,0.96667           0           0    0.033333
bike,bike,0.96667           0           0    0.033333
bike,bike,0.96667           0           0    0.033333
bike,bike,1  0  0  0
bike,bike,1  0  0  0
bike,bike,1  0  0  0
bike,bike,0.96667           0           0    0.033333
bike,bike,0.96667           0           0    0.033333
bike,bike,1  0  0  0
bike,bike,1  0  0  0
bike,bike,1  0  0  0
bike,bike,1  0  0  0
bike,bike,0.96667           0           0    0.033333
bike,bike,0.96667           0           0    0.033333
bike,bike,0.96667           0           0    0.033333
bike,bike,0.96667           0           0    0.033333
bike,bike,0.96667           0           0    0.033333
bike,bike,1  0  0  0
bike,bike,1  0  0  0
bike,bike,1  0  0  0
bike,bike,1  0  0  0
bike,bike,1  0  0  0
bike,bike,1  0  0  0
bike,bike,1  0  0  0
bike,bike,1  0  0  0
bike,bike,1  0  0  0
bike,bike,1  0  0  0
bike,bike,1  0  0  0
bike,bike,1  0  0  0
bike,bike,1  0  0  0
bike,bike,1  0  0  0
bike,bike,1  0  0  0
bike,bike,1  0  0  0
bike,bike,1  0  0  0
bike,bike,1  0  0  0
bike,bike,1  0  0  0
bike,bike,1  0  0  0
bike,bike,1  0  0  0
bike,bike,1  0  0  0
bike,bike,1  0  0  0
bike,bike,1  0  0  0
bike,bike,1  0  0  0
bike,bike,1  0  0  0
bike,bike,1  0  0  0
bike,bike,0.96667           0           0    0.033333
bike,bike,1  0  0  0
bike,bike,1  0  0  0
bike,bike,1  0  0  0
bike,bike,1  0  0  0
bike,bike,1  0  0  0
bike,bike,1  0  0  0
bike,bike,1  0  0  0
bike,bike,1  0  0  0
bike,bike,1  0  0  0
bike,bike,1  0  0  0
bike,bike,1  0  0  0
bike,bike,1  0  0  0
bike,bike,0.63333           0           0     0.36667
bike,bike,0.93333           0           0    0.066667
bike,bike,0.86667           0           0     0.13333
bike,bike,0.83333           0           0     0.16667
bike,bike,0.76667           0           0     0.23333
bike,bike,0.9           0           0         0.1
bike,bike,0.9           0           0         0.1
bike,bike,0.76667           0           0     0.23333
bike,bike,0.86667           0           0     0.13333
bike,bike,0.86667           0           0     0.13333
bike,bike,0.96667           0           0    0.033333
bike,bike,1  0  0  0
bike,bike,1  0  0  0
bike,bike,1  0  0  0
bike,bike,1  0  0  0
bike,bike,1  0  0  0
bike,bike,0.96667           0           0    0.033333
bike,bike,1  0  0  0
bike,bike,1  0  0  0
bike,bike,1  0  0  0
bike,bike,1  0  0  0
bike,bike,0.83333           0           0     0.16667
bike,bike,0.93333           0           0    0.066667
bike,bike,0.9           0           0         0.1
bike,bike,0.9           0           0         0.1
bike,bike,0.9           0           0         0.1
bike,bike,0.96667           0           0    0.033333
bike,bike,0.93333           0           0    0.066667
bike,bike,1  0  0  0
bike,bike,1  0  0  0
bike,bike,1  0  0  0
bike,bike,1  0  0  0
bike,bike,1  0  0  0
bike,bike,1  0  0  0
bike,bike,1  0  0  0
bike,bike,1  0  0  0
bike,bike,1  0  0  0
bike,bike,1  0  0  0
bike,bike,0.96667           0           0    0.033333
bike,bike,0.9           0           0         0.1
bike,bike,0.83333           0           0     0.16667
bike,bike,0.86667           0           0     0.13333
bike,bike,0.96667           0           0    0.033333
bike,bike,1  0  0  0
bike,bike,0.93333           0           0    0.066667
bike,bike,1  0  0  0
bike,bike,1  0  0  0
bike,bike,1  0  0  0
bike,bike,1  0  0  0
bike,bike,1  0  0  0
bike,bike,1  0  0  0
bike,bike,0.96667           0           0    0.033333
bike,bike,0.96667           0           0    0.033333
bike,bike,1  0  0  0
bike,bike,1  0  0  0
bike,bike,1  0  0  0
bike,bike,1  0  0  0
bike,bike,1  0  0  0
bike,bike,1  0  0  0
bike,bike,1  0  0  0
bike,bike,1  0  0  0
bike,bike,1  0  0  0
bike,bike,1  0  0  0
bike,bike,1  0  0  0
bike,bike,1  0  0  0
bike,bike,0.9           0           0         0.1
bike,bike,1  0  0  0
bike,bike,1  0  0  0
bike,bike,0.96667           0           0    0.033333
bike,bike,1  0  0  0
bike,bike,0.96667           0           0    0.033333
bike,bike,0.96667           0           0    0.033333
bike,bike,0.96667           0           0    0.033333
bike,bike,0.96667           0           0    0.033333
bike,bike,0.96667           0           0    0.033333
bike,bike,0.76667           0           0     0.23333
bike,bike,0.86667           0           0     0.13333
bike,bike,0.83333           0           0     0.16667
bike,bike,0.8           0           0         0.2
bike,bike,0.83333           0           0     0.16667
bike,bike,0.76667           0           0     0.23333
bike,bike,0.86667           0           0     0.13333
bike,bike,0.86667           0           0     0.13333
bike,bike,0.86667           0           0     0.13333
bike,bike,0.93333           0           0    0.066667
bike,bike,1  0  0  0
bike,bike,1  0  0  0
bike,bike,1  0  0  0
bike,bike,1  0  0  0
bike,bike,0.96667           0           0    0.033333
bike,bike,0.96667           0           0    0.033333
bike,bike,1  0  0  0
bike,bike,1  0  0  0
bike,bike,1  0  0  0
bike,bike,1  0  0  0
bike,bike,1  0  0  0
bike,bike,1  0  0  0
bike,bike,1  0  0  0
bike,bike,1  0  0  0
bike,bike,1  0  0  0
bike,bike,1  0  0  0
bike,bike,1  0  0  0
bike,bike,1  0  0  0
bike,bike,1  0  0  0
bike,bike,1  0  0  0
bike,bike,1  0  0  0
bike,bike,1  0  0  0
bike,bike,1  0  0  0
bike,bike,1  0  0  0
bike,bike,1  0  0  0
bike,bike,1  0  0  0
bike,bike,1  0  0  0
bike,bike,1  0  0  0
bike,bike,1  0  0  0
bike,bike,1  0  0  0
bike,bike,1  0  0  0
bike,bike,1  0  0  0
bike,bike,1  0  0  0
bike,bike,1  0  0  0
bike,bike,1  0  0  0
bike,bike,1  0  0  0
bike,bike,1  0  0  0
bike,bike,1  0  0  0
bike,bike,1  0  0  0
bike,bike,1  0  0  0
bike,bike,1  0  0  0
bike,bike,1  0  0  0
bike,bike,1  0  0  0
bike,bike,1  0  0  0
bike,bike,1  0  0  0
bike,bike,1  0  0  0
bike,bike,1  0  0  0
bike,bike,1  0  0  0
bike,bike,1  0  0  0
bike,bike,1  0  0  0
bike,bike,0.93333           0           0    0.066667
bike,bike,0.9           0           0         0.1
bike,bike,1  0  0  0
bike,bike,1  0  0  0
bike,bike,1  0  0  0
bike,bike,0.96667           0           0    0.033333
bike,bike,0.96667           0           0    0.033333
bike,bike,1  0  0  0
bike,bike,1  0  0  0
bike,bike,0.96667           0           0    0.033333
bike,bike,1  0  0  0
bike,bike,1  0  0  0
bike,bike,1  0  0  0
bike,bike,1  0  0  0
bike,bike,1  0  0  0
bike,bike,1  0  0  0
bike,bike,1  0  0  0
bike,bike,1  0  0  0
bike,bike,1  0  0  0
bike,bike,1  0  0  0
bike,bike,1  0  0  0
bike,bike,1  0  0  0
bike,bike,1  0  0  0
bike,bike,1  0  0  0
bike,bike,1  0  0  0
bike,bike,1  0  0  0
bike,bike,1  0  0  0
bike,bike,1  0  0  0
bike,bike,1  0  0  0
bike,bike,0.96667           0           0    0.033333
bike,bike,1  0  0  0
bike,bike,1  0  0  0
bike,bike,0.9           0           0         0.1
bike,bike,0.96667           0           0    0.033333
bike,bike,0.93333           0           0    0.066667
bike,bike,0.96667           0           0    0.033333
bike,bike,1  0  0  0
bike,bike,1  0  0  0
bike,bike,1  0  0  0
bike,bike,1  0  0  0
bike,bike,1  0  0  0
bike,bike,1  0  0  0
bike,bike,1  0  0  0
bike,bike,1  0  0  0
bike,bike,1  0  0  0
bike,bike,1  0  0  0
bike,bike,1  0  0  0
bike,bike,1  0  0  0
bike,bike,1  0  0  0
bike,bike,1  0  0  0
bike,bike,1  0  0  0
bike,bike,1  0  0  0
bike,bike,1  0  0  0
bike,bike,1  0  0  0
bike,bike,1  0  0  0
bike,bike,1  0  0  0
bike,bike,1  0  0  0
bike,bike,1  0  0  0
bike,bike,1  0  0  0
bike,bike,1  0  0  0
bike,bike,1  0  0  0
bike,bike,1  0  0  0
bike,bike,1  0  0  0
bike,bike,0.96667           0           0    0.033333
bike,bike,0.96667           0           0    0.033333
bike,bike,1  0  0  0
bike,bike,1  0  0  0
bike,bike,1  0  0  0
bike,bike,1  0  0  0
bike,bike,1  0  0  0
bike,bike,0.83333           0           0     0.16667
bike,bike,0.93333           0           0    0.066667
bike,bike,0.96667           0           0    0.033333
bike,bike,0.93333           0           0    0.066667
bike,bike,0.93333           0           0    0.066667
bike,bike,0.93333           0           0    0.066667
bike,bike,0.93333           0           0    0.066667
bike,bike,0.93333           0           0    0.066667
bike,bike,0.93333           0           0    0.066667
bike,bike,0.96667           0           0    0.033333
bike,bike,0.93333           0           0    0.066667
bike,bike,0.93333           0           0    0.066667
bike,bike,0.9           0           0         0.1
bike,bike,1  0  0  0
bike,bike,1  0  0  0
bike,bike,1  0  0  0
bike,bike,1  0  0  0
bike,bike,1  0  0  0
bike,bike,1  0  0  0
bike,bike,1  0  0  0
bike,bike,1  0  0  0
bike,bike,1  0  0  0
bike,bike,1  0  0  0
bike,bike,1  0  0  0
bike,bike,1  0  0  0
bike,bike,1  0  0  0
bike,bike,0.96667           0           0    0.033333
bike,bike,0.96667           0           0    0.033333
bike,bike,1  0  0  0
bike,bike,1  0  0  0
bike,bike,1  0  0  0
bike,bike,1  0  0  0
bike,bike,1  0  0  0
bike,bike,1  0  0  0
bike,bike,1  0  0  0
bike,bike,1  0  0  0
bike,bike,1  0  0  0
bike,bike,1  0  0  0
bike,bike,1  0  0  0
bike,bike,1  0  0  0
bike,bike,1  0  0  0
bike,bike,1  0  0  0
bike,bike,1  0  0  0
bike,bike,1  0  0  0
bike,bike,0.96667           0           0    0.033333
bike,bike,1  0  0  0
bike,bike,1  0  0  0
bike,bike,0.96667           0           0    0.033333
bike,bike,0.96667           0           0    0.033333
bike,bike,0.96667           0           0    0.033333
bike,bike,1  0  0  0
bike,bike,1  0  0  0
bike,bike,0.96667           0           0    0.033333
bike,bike,1  0  0  0
bike,bike,0.96667           0           0    0.033333
bike,bike,0.9           0           0         0.1
bike,bike,0.96667           0           0    0.033333
bike,bike,1  0  0  0
bike,bike,0.96667           0           0    0.033333
bike,bike,1  0  0  0
bike,bike,0.96667           0           0    0.033333
bike,bike,1  0  0  0
bike,bike,0.96667           0           0    0.033333
bike,bike,0.96667           0           0    0.033333
bike,bike,1  0  0  0
bike,bike,1  0  0  0
bike,bike,1  0  0  0
bike,bike,1  0  0  0
bike,bike,1  0  0  0
bike,bike,0.96667           0           0    0.033333
bike,bike,0.93333           0           0    0.066667
bike,bike,0.96667           0           0    0.033333
bike,bike,0.96667           0           0    0.033333
bike,bike,1  0  0  0
bike,bike,1  0  0  0
bike,bike,0.93333           0           0    0.066667
bike,bike,0.96667           0           0    0.033333
bike,bike,0.96667           0           0    0.033333
bike,bike,0.96667           0           0    0.033333
bike,bike,0.96667           0           0    0.033333
bike,bike,0.96667           0           0    0.033333
bike,bike,1  0  0  0
bike,bike,1  0  0  0
bike,bike,1  0  0  0
bike,bike,1  0  0  0
bike,bike,1  0  0  0
bike,bike,1  0  0  0
bike,bike,1  0  0  0
bike,bike,1  0  0  0
bike,bike,1  0  0  0
bike,bike,1  0  0  0
bike,bike,1  0  0  0
bike,bike,1  0  0  0
bike,bike,1  0  0  0
bike,bike,1  0  0  0
bike,bike,1  0  0  0
bike,bike,1  0  0  0
bike,bike,1  0  0  0
bike,bike,1  0  0  0
bike,bike,1  0  0  0
bike,bike,1  0  0  0
bike,bike,1  0  0  0
bike,bike,1  0  0  0
bike,bike,1  0  0  0
bike,bike,1  0  0  0
bike,bike,1  0  0  0
bike,bike,1  0  0  0
bike,bike,1  0  0  0
bike,bike,1  0  0  0
bike,bike,1  0  0  0
bike,bike,1  0  0  0
bike,bike,1  0  0  0
bike,bike,1  0  0  0
bike,bike,1  0  0  0
bike,bike,1  0  0  0
bike,bike,1  0  0  0
bike,bike,0.93333           0           0    0.066667
bike,bike,1  0  0  0
bike,bike,1  0  0  0
bike,bike,1  0  0  0
bike,bike,1  0  0  0
bike,bike,1  0  0  0
bike,bike,1  0  0  0
bike,bike,1  0  0  0
bike,bike,1  0  0  0
bike,bike,1  0  0  0
bike,bike,1  0  0  0
bike,bike,1  0  0  0
bike,bike,1  0  0  0
bike,bike,1  0  0  0
bike,bike,1  0  0  0
bike,bike,1  0  0  0
bike,bike,1  0  0  0
bike,bike,0.96667           0           0    0.033333
bike,bike,1  0  0  0
bike,bike,1  0  0  0
bike,bike,0.93333           0           0    0.066667
bike,bike,1  0  0  0
bike,bike,0.93333           0           0    0.066667
bike,bike,0.96667           0           0    0.033333
bike,bike,0.96667           0           0    0.033333
bike,bike,0.96667           0           0    0.033333
bike,bike,0.96667           0           0    0.033333
bike,bike,0.96667           0           0    0.033333
bike,bike,0.86667           0           0     0.13333
bike,bike,0.9           0           0         0.1
bike,bike,0.9           0           0         0.1
bike,bike,0.9           0           0         0.1
bike,bike,0.9           0           0         0.1
bike,bike,0.93333           0           0    0.066667
bike,bike,0.9           0           0         0.1
bike,bike,0.93333           0           0    0.066667
bike,bike,0.9           0           0         0.1
bike,bike,0.96667           0           0    0.033333
bike,bike,0.96667           0           0    0.033333
bike,bike,0.96667           0           0    0.033333
bike,bike,0.93333           0           0    0.066667
bike,bike,0.93333           0           0    0.066667
bike,bike,0.93333           0           0    0.066667
bike,bike,0.96667           0           0    0.033333
bike,bike,1  0  0  0
bike,bike,1  0  0  0
bike,bike,1  0  0  0
bike,bike,1  0  0  0
bike,bike,0.93333           0           0    0.066667
bike,bike,1  0  0  0
bike,bike,1  0  0  0
bike,bike,1  0  0  0
bike,bike,1  0  0  0
bike,bike,1  0  0  0
bike,bike,1  0  0  0
bike,bike,1  0  0  0
bike,bike,1  0  0  0
bike,bike,1  0  0  0
bike,bike,1  0  0  0
bike,bike,1  0  0  0
bike,bike,1  0  0  0
bike,bike,1  0  0  0
bike,bike,1  0  0  0
bike,bike,1  0  0  0
bike,bike,1  0  0  0
bike,bike,1  0  0  0
bike,bike,1  0  0  0
bike,bike,1  0  0  0
bike,bike,1  0  0  0
bike,bike,1  0  0  0
bike,bike,1  0  0  0
bike,bike,1  0  0  0
bike,bike,1  0  0  0
bike,bike,1  0  0  0
bike,bike,1  0  0  0
bike,bike,1  0  0  0
bike,bike,1  0  0  0
bike,bike,1  0  0  0
bike,bike,1  0  0  0
bike,bike,0.93333           0    0.033333    0.033333
bike,bike,1  0  0  0
bike,bike,1  0  0  0
bike,bike,1  0  0  0
bike,bike,1  0  0  0
bike,bike,1  0  0  0
bike,bike,1  0  0  0
bike,bike,1  0  0  0
bike,bike,1  0  0  0
bike,bike,1  0  0  0
bike,bike,1  0  0  0
bike,bike,1  0  0  0
bike,bike,1  0  0  0
bike,bike,1  0  0  0
bike,bike,1  0  0  0
bike,bike,1  0  0  0
bike,bike,0.93333           0    0.033333    0.033333
bike,bike,1  0  0  0
bike,bike,1  0  0  0
bike,bike,1  0  0  0
bike,bike,1  0  0  0
bike,bike,1  0  0  0
bike,bike,1  0  0  0
bike,bike,1  0  0  0
bike,bike,1  0  0  0
bike,bike,1  0  0  0
bike,bike,1  0  0  0
bike,bike,1  0  0  0
bike,bike,1  0  0  0
bike,bike,1  0  0  0
bike,bike,1  0  0  0
bike,bike,1  0  0  0
bike,bike,1  0  0  0
bike,bike,1  0  0  0
bike,bike,0.96667           0           0    0.033333
bike,bike,0.96667           0           0    0.033333
bike,bike,1  0  0  0
bike,bike,1  0  0  0
bike,bike,1  0  0  0
bike,bike,1  0  0  0
bike,bike,1  0  0  0
bike,bike,1  0  0  0
bike,bike,1  0  0  0
bike,bike,1  0  0  0
bike,bike,1  0  0  0
bike,bike,1  0  0  0
bike,bike,1  0  0  0
bike,bike,1  0  0  0
bike,bike,1  0  0  0
bike,bike,1  0  0  0
bike,bike,1  0  0  0
bike,bike,1  0  0  0
bike,bike,0.96667           0           0    0.033333
bike,bike,1  0  0  0
bike,bike,1  0  0  0
bike,bike,1  0  0  0
bike,bike,1  0  0  0
bike,bike,0.96667           0           0    0.033333
bike,bike,1  0  0  0
bike,bike,1  0  0  0
bike,bike,1  0  0  0
bike,bike,1  0  0  0
bike,bike,1  0  0  0
bike,bike,1  0  0  0
bike,bike,1  0  0  0
bike,bike,1  0  0  0
bike,bike,1  0  0  0
bike,bike,1  0  0  0
bike,bike,1  0  0  0
bike,bike,1  0  0  0
bike,bike,1  0  0  0
bike,bike,1  0  0  0
bike,bike,1  0  0  0
bike,bike,1  0  0  0
bike,bike,1  0  0  0
bike,bike,1  0  0  0
bike,bike,1  0  0  0
bike,bike,1  0  0  0
bike,bike,1  0  0  0
bike,bike,1  0  0  0
bike,bike,1  0  0  0
bike,bike,0.93333           0           0    0.066667
bike,bike,1  0  0  0
bike,bike,1  0  0  0
bike,bike,1  0  0  0
bike,bike,1  0  0  0
bike,bike,1  0  0  0
bike,bike,1  0  0  0
bike,bike,1  0  0  0
bike,bike,1  0  0  0
bike,bike,1  0  0  0
bike,bike,1  0  0  0
bike,bike,1  0  0  0
bike,bike,1  0  0  0
bike,bike,1  0  0  0
bike,bike,1  0  0  0
bike,bike,1  0  0  0
bike,bike,1  0  0  0
bike,bike,1  0  0  0
bike,bike,1  0  0  0
bike,bike,1  0  0  0
bike,bike,1  0  0  0
bike,bike,1  0  0  0
bike,bike,1  0  0  0
bike,bike,1  0  0  0
bike,bike,1  0  0  0
bike,bike,1  0  0  0
bike,bike,1  0  0  0
bike,bike,1  0  0  0
bike,bike,1  0  0  0
bike,bike,1  0  0  0
bike,bike,1  0  0  0
bike,bike,1  0  0  0
bike,bike,1  0  0  0
bike,bike,1  0  0  0
bike,bike,1  0  0  0
bike,bike,0.93333           0           0    0.066667
bike,bike,0.96667           0           0    0.033333
bike,bike,1  0  0  0
bike,bike,1  0  0  0
bike,bike,1  0  0  0
bike,bike,1  0  0  0
bike,bike,1  0  0  0
bike,bike,1  0  0  0
bike,bike,1  0  0  0
bike,bike,1  0  0  0
bike,bike,1  0  0  0
bike,bike,1  0  0  0
bike,bike,1  0  0  0
bike,bike,0.93333           0           0    0.066667
bike,bike,0.93333           0           0    0.066667
bike,bike,1  0  0  0
bike,bike,0.96667           0           0    0.033333
bike,transition,1  0  0  0
bike,transition,1  0  0  0
bike,transition,1  0  0  0
bike,transition,1  0  0  0
bike,transition,1  0  0  0
bike,transition,0.83333           0    0.033333     0.13333
bike,transition,0.86667           0           0     0.13333
bike,transition,0.76667           0           0     0.23333
bike,transition,0.76667           0           0     0.23333
bike,transition,0.73333           0           0     0.26667
bike,transition,0.73333           0           0     0.26667
bike,transition,0.7           0           0         0.3
bike,transition,0.63333           0           0     0.36667
bike,transition,0.6           0           0         0.4
bike,transition,0.6           0           0         0.4
bike,transition,0.73333           0           0     0.26667
bike,transition,0.83333           0           0     0.16667
bike,transition,0.8           0           0         0.2
bike,transition,0.86667           0    0.033333         0.1
bike,transition,0.9           0    0.033333    0.066667
bike,transition,0.86667           0    0.033333         0.1
bike,transition,0.9           0    0.033333    0.066667
bike,transition,0.9           0    0.033333    0.066667
bike,transition,0.9           0    0.033333    0.066667
bike,transition,0.9           0    0.033333    0.066667
bike,transition,0.9           0    0.033333    0.066667
bike,transition,0.93333           0    0.033333    0.033333
bike,transition,0.86667           0    0.033333         0.1
bike,transition,0.86667           0           0     0.13333
bike,transition,0.9           0           0         0.1
bike,transition,0.9           0           0         0.1
bike,transition,0.8           0    0.033333     0.16667
bike,transition,0.9           0           0         0.1
bike,transition,0.83333           0           0     0.16667
bike,transition,0.93333           0           0    0.066667
bike,transition,1  0  0  0
bike,transition,1  0  0  0
bike,transition,0.93333           0           0    0.066667
bike,transition,1  0  0  0
bike,transition,0.96667           0           0    0.033333
bike,transition,1  0  0  0
bike,transition,0.86667           0           0     0.13333
bike,transition,0.86667           0           0     0.13333
bike,transition,0.93333           0           0    0.066667
bike,transition,0.8           0           0         0.2
bike,transition,0.83333           0    0.033333     0.13333
bike,transition,0.83333           0           0     0.16667
bike,transition,0.8           0    0.033333     0.16667
bike,transition,0.83333           0           0     0.16667
bike,transition,0.8           0           0         0.2
bike,transition,0.86667           0           0     0.13333
bike,transition,1  0  0  0
bike,transition,1  0  0  0
bike,transition,1  0  0  0
bike,transition,0.93333           0           0    0.066667
bike,transition,0.6           0           0         0.4
bike,transition,0.6           0           0         0.4
bike,transition,1.4245           0     0.03074      1.3725
transition,transition,1.0714           0    0.033603      1.7227
transition,transition,1.0714           0    0.033603      1.7227
transition,transition,1.2963           0    0.033603      1.4979
bike,transition,0.6           0           0         0.4
bike,transition,0.76667           0           0     0.23333
bike,transition,0.66667           0           0     0.33333
bike,transition,0.8           0           0         0.2
transition,transition,0.36667           0           0     0.63333
bike,transition,1.5575           0    0.028652      1.2416
bike,transition,2.1272           0   0.0053856     0.69516
transition,transition,0.3           0         0.1         0.6
transition,transition,0.26667           0         0.1     0.63333
bike,transition,2.171           0   0.0053856     0.65139
transition,transition,0.16667           0    0.033333         0.8
transition,transition,0.066667           0    0.033333         0.9
transition,transition,0.2           0    0.033333     0.76667
transition,transition,0.066667           0    0.033333         0.9
transition,transition,0.1           0    0.033333     0.86667
transition,transition,0.066667           0    0.033333         0.9
transition,transition,0.066667           0    0.033333         0.9
transition,transition,0  0  0  1
transition,transition,0  0  0  1
transition,transition,0  0  0  1
transition,transition,0  0  0  1
transition,transition,0  0  0  1
transition,transition,0  0  0  1
transition,transition,0.033333           0           0     0.96667
transition,transition,0.033333           0           0     0.96667
transition,transition,0.066667           0           0     0.93333
transition,transition,0.066667           0    0.033333         0.9
transition,transition,0.1           0           0         0.9
transition,transition,0.033333           0           0     0.96667
transition,transition,0.066667           0           0     0.93333
transition,transition,0.033333           0           0     0.96667
transition,transition,0.2           0    0.033333     0.76667
transition,transition,0.066667    0.033333         0.3         0.6
swim,transition,0    0.033333         0.8     0.16667
swim,transition,0.033333           0         0.9    0.066667
swim,transition,0.033333           0         0.9    0.066667
swim,transition,0    0.033333     0.83333     0.13333
swim,transition,0    0.033333     0.83333     0.13333
run,transition,0     0.86667     0.13333           0
run,transition,0  1  0  0
run,transition,0  1  0  0
run,transition,0  1  0  0
run,transition,0  1  0  0
run,transition,0     0.76667    0.033333         0.2
run,transition,0     0.76667    0.033333         0.2
run,transition,0     0.73333           0     0.26667
run,transition,0.033333     0.73333           0     0.23333
run,transition,0.033333     0.73333           0     0.23333
run,transition,0.033333     0.73333           0     0.23333
run,transition,0.033333     0.73333           0     0.23333
run,transition,0.033333     0.73333           0     0.23333
run,transition,0.033333     0.73333           0     0.23333
run,transition,0.033333     0.73333           0     0.23333
run,transition,0.033333     0.83333           0     0.13333
run,transition,0.033333     0.93333           0    0.033333
run,transition,0.033333     0.96667           0           0
run,transition,0  1  0  0
run,transition,0     0.96667           0    0.033333
run,transition,0  1  0  0
run,transition,0  1  0  0
run,transition,0  1  0  0
run,transition,0  1  0  0
run,run,0  1  0  0
run,run,0  1  0  0
run,run,0  1  0  0
run,run,0  1  0  0
run,run,0  1  0  0
run,run,0  1  0  0
run,run,0  1  0  0
run,run,0  1  0  0
run,run,0  1  0  0
run,run,0  1  0  0
run,run,0  1  0  0
run,run,0  1  0  0
run,run,0  1  0  0
run,run,0  1  0  0
run,run,0  1  0  0
run,run,0  1  0  0
run,run,0  1  0  0
run,run,0  1  0  0
run,run,0  1  0  0
run,run,0  1  0  0
run,run,0  1  0  0
run,run,0  1  0  0
run,run,0  1  0  0
run,run,0  1  0  0
run,run,0  1  0  0
run,run,0  1  0  0
run,run,0  1  0  0
run,run,0  1  0  0
run,run,0  1  0  0
run,run,0  1  0  0
run,run,0  1  0  0
run,run,0  1  0  0
run,run,0  1  0  0
run,run,0  1  0  0
run,run,0  1  0  0
run,run,0  1  0  0
run,run,0  1  0  0
run,run,0  1  0  0
run,run,0  1  0  0
run,run,0  1  0  0
run,run,0  1  0  0
run,run,0  1  0  0
run,run,0  1  0  0
run,run,0  1  0  0
run,run,0  1  0  0
run,run,0  1  0  0
run,run,0  1  0  0
run,run,0  1  0  0
run,run,0  1  0  0
run,run,0  1  0  0
run,run,0  1  0  0
run,run,0  1  0  0
run,run,0  1  0  0
run,run,0  1  0  0
run,run,0  1  0  0
run,run,0  1  0  0
run,run,0  1  0  0
run,run,0  1  0  0
run,run,0  1  0  0
run,run,0  1  0  0
run,run,0  1  0  0
run,run,0  1  0  0
run,run,0  1  0  0
run,run,0  1  0  0
run,run,0  1  0  0
run,run,0  1  0  0
run,run,0  1  0  0
run,run,0  1  0  0
run,run,0  1  0  0
run,run,0  1  0  0
run,run,0  1  0  0
run,run,0  1  0  0
run,run,0  1  0  0
run,run,0  1  0  0
run,run,0  1  0  0
run,run,0  1  0  0
run,run,0  1  0  0
run,run,0  1  0  0
run,run,0  1  0  0
run,run,0  1  0  0
run,run,0  1  0  0
run,run,0  1  0  0
run,run,0  1  0  0
run,run,0  1  0  0
run,run,0  1  0  0
run,run,0  1  0  0
run,run,0  1  0  0
run,run,0  1  0  0
run,run,0  1  0  0
run,run,0  1  0  0
run,run,0  1  0  0
run,run,0  1  0  0
run,run,0  1  0  0
run,run,0  1  0  0
run,run,0  1  0  0
run,run,0  1  0  0
run,run,0  1  0  0
run,run,0  1  0  0
run,run,0  1  0  0
run,run,0  1  0  0
run,run,0  1  0  0
run,run,0  1  0  0
run,run,0  1  0  0
run,run,0  1  0  0
run,run,0  1  0  0
run,run,0  1  0  0
run,run,0  1  0  0
run,run,0  1  0  0
run,run,0  1  0  0
run,run,0  1  0  0
run,run,0  1  0  0
run,run,0  1  0  0
run,run,0  1  0  0
run,run,0  1  0  0
run,run,0  1  0  0
run,run,0  1  0  0
run,run,0  1  0  0
run,run,0  1  0  0
run,run,0  1  0  0
run,run,0  1  0  0
run,run,0  1  0  0
run,run,0  1  0  0
run,run,0  1  0  0
run,run,0  1  0  0
run,run,0  1  0  0
run,run,0  1  0  0
run,run,0  1  0  0
run,run,0  1  0  0
run,run,0  1  0  0
run,run,0  1  0  0
run,run,0  1  0  0
run,run,0  1  0  0
run,run,0  1  0  0
run,run,0  1  0  0
run,run,0  1  0  0
run,run,0  1  0  0
run,run,0  1  0  0
run,run,0  1  0  0
run,run,0  1  0  0
run,run,0  1  0  0
run,run,0  1  0  0
run,run,0  1  0  0
run,run,0  1  0  0
run,run,0  1  0  0
run,run,0  1  0  0
run,run,0  1  0  0
run,run,0  1  0  0
run,run,0  1  0  0
run,run,0  1  0  0
run,run,0  1  0  0
run,run,0  1  0  0
run,run,0  1  0  0
run,run,0  1  0  0
run,run,0  1  0  0
run,run,0  1  0  0
run,run,0  1  0  0
run,run,0  1  0  0
run,run,0  1  0  0
run,run,0  1  0  0
run,run,0  1  0  0
run,run,0  1  0  0
run,run,0  1  0  0
run,run,0  1  0  0
run,run,0  1  0  0
run,run,0  1  0  0
run,run,0  1  0  0
run,run,0  1  0  0
run,run,0  1  0  0
run,run,0  1  0  0
run,run,0  1  0  0
run,run,0  1  0  0
run,run,0  1  0  0
run,run,0  1  0  0
run,run,0  1  0  0
run,run,0  1  0  0
run,run,0  1  0  0
run,run,0  1  0  0
run,run,0  1  0  0
run,run,0  1  0  0
run,run,0  1  0  0
run,run,0  1  0  0
run,run,0  1  0  0
run,run,0  1  0  0
run,run,0  1  0  0
run,run,0  1  0  0
run,run,0  1  0  0
run,run,0  1  0  0
run,run,0  1  0  0
run,run,0  1  0  0
run,run,0  1  0  0
run,run,0  1  0  0
run,run,0  1  0  0
run,run,0  1  0  0
run,run,0  1  0  0
run,run,0  1  0  0
run,run,0  1  0  0
run,run,0  1  0  0
run,run,0  1  0  0
run,run,0     0.93333           0    0.066667
run,run,0     0.76667           0     0.23333
run,run,0     0.66667           0     0.33333
transition,run,0  0  0  1
transition,run,0  0  0  1
transition,run,0  0  0  1
transition,run,0  0  0  1
transition,run,0  0  0  1
transition,run,0  0  0  1
transition,run,0  0  0  1
transition,run,0  0  0  1
transition,run,0  0  0  1
transition,run,0  0  0  1
transition,run,0  0  0  1
transition,run,0         0.1           0         0.9
run,run,0  1  0  0
run,run,0  1  0  0
run,run,0  1  0  0
run,run,0  1  0  0
run,run,0  1  0  0
run,run,0  1  0  0
run,run,0  1  0  0
run,run,0  1  0  0
run,run,0  1  0  0
run,run,0  1  0  0
run,run,0  1  0  0
run,run,0  1  0  0
run,run,0  1  0  0
run,run,0  1  0  0
run,run,0  1  0  0
run,run,0  1  0  0
run,run,0  1  0  0
run,run,0  1  0  0
run,run,0  1  0  0
run,run,0  1  0  0
run,run,0  1  0  0
run,run,0  1  0  0
run,run,0  1  0  0
run,run,0  1  0  0
run,run,0  1  0  0
run,run,0  1  0  0
run,run,0  1  0  0
run,run,0  1  0  0
run,run,0  1  0  0
run,run,0  1  0  0
run,run,0  1  0  0
run,run,0  1  0  0
run,run,0  1  0  0
run,run,0  1  0  0
run,run,0  1  0  0
run,run,0  1  0  0
run,run,0  1  0  0
run,run,0  1  0  0
run,run,0  1  0  0
run,run,0  1  0  0
run,run,0  1  0  0
run,run,0  1  0  0
run,run,0  1  0  0
run,run,0  1  0  0
run,run,0  1  0  0
run,run,0  1  0  0
run,run,0  1  0  0
run,run,0  1  0  0
run,run,0  1  0  0
run,run,0  1  0  0
run,run,0  1  0  0
run,run,0  1  0  0
run,run,0  1  0  0
run,run,0  1  0  0
run,run,0  1  0  0
run,run,0  1  0  0
run,run,0  1  0  0
run,run,0  1  0  0
run,run,0  1  0  0
run,run,0  1  0  0
run,run,0  1  0  0
run,run,0  1  0  0
run,run,0  1  0  0
run,run,0  1  0  0
run,run,0  1  0  0
run,run,0  1  0  0
run,run,0  1  0  0
run,run,0  1  0  0
run,run,0  1  0  0
run,run,0  1  0  0
run,run,0  1  0  0
run,run,0  1  0  0
run,run,0  1  0  0
run,run,0  1  0  0
run,run,0  1  0  0
run,run,0  1  0  0
run,run,0  1  0  0
run,run,0  1  0  0
run,run,0  1  0  0
run,run,0  1  0  0
run,run,0  1  0  0
run,run,0  1  0  0
run,run,0  1  0  0
run,run,0  1  0  0
run,run,0  1  0  0
run,run,0  1  0  0
run,run,0  1  0  0
run,run,0  1  0  0
run,run,0  1  0  0
run,run,0  1  0  0
run,run,0  1  0  0
run,run,0  1  0  0
run,run,0  1  0  0
run,run,0  1  0  0
run,run,0  1  0  0
run,run,0  1  0  0
run,run,0  1  0  0
run,run,0  1  0  0
run,run,0  1  0  0
run,run,0  1  0  0
run,run,0  1  0  0
run,run,0  1  0  0
run,run,0  1  0  0
run,run,0  1  0  0
run,run,0  1  0  0
run,run,0  1  0  0
run,run,0  1  0  0
run,run,0  1  0  0
run,run,0  1  0  0
run,run,0  1  0  0
run,run,0  1  0  0
run,run,0  1  0  0
run,run,0  1  0  0
run,run,0  1  0  0
run,run,0  1  0  0
run,run,0  1  0  0
run,run,0  1  0  0
run,run,0  1  0  0
run,run,0  1  0  0
run,run,0  1  0  0
run,run,0  1  0  0
run,run,0  1  0  0
run,run,0  1  0  0
run,run,0  1  0  0
run,run,0  1  0  0
run,run,0  1  0  0
run,run,0  1  0  0
run,run,0  1  0  0
run,run,0  1  0  0
run,run,0  1  0  0
run,run,0  1  0  0
run,run,0  1  0  0
run,run,0  1  0  0
run,run,0  1  0  0
run,run,0  1  0  0
run,run,0  1  0  0
run,run,0  1  0  0
run,run,0  1  0  0
run,run,0  1  0  0
run,run,0  1  0  0
run,run,0  1  0  0
run,run,0  1  0  0
run,run,0  1  0  0
run,run,0  1  0  0
run,run,0  1  0  0
run,run,0  1  0  0
run,run,0  1  0  0
run,run,0  1  0  0
run,run,0  1  0  0
run,run,0  1  0  0
run,run,0  1  0  0
run,run,0  1  0  0
run,run,0  1  0  0
run,run,0  1  0  0
run,run,0  1  0  0
run,run,0  1  0  0
run,run,0  1  0  0
run,run,0  1  0  0
run,run,0  1  0  0
run,run,0  1  0  0
run,run,0  1  0  0
run,run,0  1  0  0
run,run,0  1  0  0
run,run,0  1  0  0
run,run,0  1  0  0
run,run,0  1  0  0
run,run,0  1  0  0
run,run,0  1  0  0
run,run,0  1  0  0
run,run,0  1  0  0
run,run,0  1  0  0
run,run,0  1  0  0
run,run,0  1  0  0
run,run,0  1  0  0
run,run,0  1  0  0
run,run,0  1  0  0
run,run,0  1  0  0
run,run,0  1  0  0
run,run,0  1  0  0
run,run,0  1  0  0
run,run,0  1  0  0
run,run,0  1  0  0
run,run,0  1  0  0
run,run,0  1  0  0
run,run,0  1  0  0
run,run,0  1  0  0
run,run,0  1  0  0
run,run,0  1  0  0
run,run,0  1  0  0
run,run,0  1  0  0
run,run,0  1  0  0
run,run,0  1  0  0
run,run,0  1  0  0
run,run,0  1  0  0
run,run,0  1  0  0
run,run,0  1  0  0
run,run,0  1  0  0
run,run,0  1  0  0
run,run,0  1  0  0
run,run,0  1  0  0
run,run,0  1  0  0
run,run,0  1  0  0
run,run,0  1  0  0
run,run,0  1  0  0
run,run,0  1  0  0
run,run,0  1  0  0
run,run,0  1  0  0
run,run,0  1  0  0
run,run,0  1  0  0
run,run,0  1  0  0
run,run,0  1  0  0
run,run,0  1  0  0
run,run,0  1  0  0
run,run,0  1  0  0
run,run,0  1  0  0
run,run,0  1  0  0
run,run,0  1  0  0
run,run,0  1  0  0
run,run,0  1  0  0
run,run,0  1  0  0
run,run,0  1  0  0
run,run,0  1  0  0
run,run,0  1  0  0
run,run,0  1  0  0
run,run,0  1  0  0
run,run,0  1  0  0
run,run,0  1  0  0
run,run,0  1  0  0
run,run,0  1  0  0
run,run,0  1  0  0
run,run,0  1  0  0
run,run,0  1  0  0
run,run,0  1  0  0
run,run,0  1  0  0
run,run,0  1  0  0
run,run,0  1  0  0
run,run,0  1  0  0
run,run,0  1  0  0
run,run,0  1  0  0
run,run,0  1  0  0
run,run,0  1  0  0
run,run,0  1  0  0
run,run,0  1  0  0
run,run,0  1  0  0
run,run,0  1  0  0
run,run,0  1  0  0
run,run,0  1  0  0
run,run,0  1  0  0
run,run,0  1  0  0
run,run,0  1  0  0
run,run,0  1  0  0
run,run,0  1  0  0
run,run,0  1  0  0
run,run,0  1  0  0
run,run,0  1  0  0
run,run,0  1  0  0
run,run,0  1  0  0
run,run,0  1  0  0
run,run,0  1  0  0
run,run,0  1  0  0
run,run,0  1  0  0
run,run,0  1  0  0
run,run,0  1  0  0
run,run,0  1  0  0
run,run,0  1  0  0
run,run,0  1  0  0
run,run,0  1  0  0
run,run,0  1  0  0
run,run,0  1  0  0
run,run,0  1  0  0
run,run,0  1  0  0
run,run,0  1  0  0
run,run,0  1  0  0
run,run,0  1  0  0
run,run,0  1  0  0
run,run,0  1  0  0
run,run,0  1  0  0
run,run,0  1  0  0
run,run,0  1  0  0
run,run,0  1  0  0
run,run,0  1  0  0
run,run,0  1  0  0
run,run,0  1  0  0
run,run,0  1  0  0
run,run,0  1  0  0
run,run,0  1  0  0
run,run,0  1  0  0
run,run,0  1  0  0
run,run,0  1  0  0
run,run,0  1  0  0
run,run,0  1  0  0
run,run,0  1  0  0
run,run,0  1  0  0
run,run,0  1  0  0
run,run,0  1  0  0
run,run,0  1  0  0
run,run,0  1  0  0
run,run,0  1  0  0
run,run,0  1  0  0
run,run,0  1  0  0
run,run,0  1  0  0
run,run,0  1  0  0
run,run,0  1  0  0
run,run,0  1  0  0
run,run,0  1  0  0
run,run,0  1  0  0
run,run,0  1  0  0
run,run,0  1  0  0
run,run,0  1  0  0
run,run,0  1  0  0
run,run,0  1  0  0
run,run,0  1  0  0
run,run,0  1  0  0
run,run,0  1  0  0
run,run,0  1  0  0
run,run,0  1  0  0
run,run,0  1  0  0
run,run,0  1  0  0
run,run,0  1  0  0
run,run,0  1  0  0
run,run,0  1  0  0
run,run,0  1  0  0
run,run,0  1  0  0
run,run,0  1  0  0
run,run,0  1  0  0
run,run,0  1  0  0
run,run,0  1  0  0
run,run,0  1  0  0
run,run,0  1  0  0
run,run,0  1  0  0
run,run,0  1  0  0
run,run,0  1  0  0
run,run,0  1  0  0
run,run,0  1  0  0
run,run,0  1  0  0
run,run,0  1  0  0
run,run,0  1  0  0
run,run,0  1  0  0
run,run,0  1  0  0
run,run,0  1  0  0
run,run,0  1  0  0
run,run,0  1  0  0
run,run,0  1  0  0
run,run,0  1  0  0
run,run,0  1  0  0
run,run,0  1  0  0
run,run,0  1  0  0
run,run,0  1  0  0
run,run,0  1  0  0
run,run,0  1  0  0
run,run,0  1  0  0
run,run,0  1  0  0
run,run,0  1  0  0
run,run,0  1  0  0
run,run,0  1  0  0
run,run,0  1  0  0
run,run,0  1  0  0
run,run,0  1  0  0
run,run,0  1  0  0
run,run,0  1  0  0
run,run,0  1  0  0
run,run,0  1  0  0
run,run,0  1  0  0
run,run,0  1  0  0
run,run,0  1  0  0
run,run,0  1  0  0
run,run,0  1  0  0
run,run,0  1  0  0
run,run,0  1  0  0
run,run,0  1  0  0
run,run,0  1  0  0
run,run,0  1  0  0
run,run,0  1  0  0
run,run,0  1  0  0
run,run,0  1  0  0
run,run,0  1  0  0
run,run,0  1  0  0
run,run,0  1  0  0
run,run,0  1  0  0
run,run,0  1  0  0
run,run,0  1  0  0
run,run,0  1  0  0
run,run,0  1  0  0
run,run,0  1  0  0
run,run,0  1  0  0
run,run,0  1  0  0
run,run,0  1  0  0
run,run,0  1  0  0
run,run,0  1  0  0
run,run,0  1  0  0
run,run,0  1  0  0
run,run,0  1  0  0
run,run,0  1  0  0
run,run,0  1  0  0
run,run,0  1  0  0
run,run,0  1  0  0
run,run,0  1  0  0
run,run,0  1  0  0
run,run,0  1  0  0
run,run,0  1  0  0
run,run,0  1  0  0
run,run,0  1  0  0
run,run,0  1  0  0
run,run,0  1  0  0
run,run,0  1  0  0
run,run,0  1  0  0
run,run,0  1  0  0
run,run,0  1  0  0
run,run,0  1  0  0
run,run,0  1  0  0
run,run,0  1  0  0
run,run,0  1  0  0
run,run,0  1  0  0
run,run,0  1  0  0
run,run,0  1  0  0
run,run,0  1  0  0
run,run,0  1  0  0
run,run,0  1  0  0
run,run,0  1  0  0
run,run,0  1  0  0
run,run,0  1  0  0
run,run,0  1  0  0
run,run,0  1  0  0
run,run,0  1  0  0
run,run,0  1  0  0
run,run,0  1  0  0
run,run,0  1  0  0
run,run,0  1  0  0
run,run,0  1  0  0
run,run,0  1  0  0
run,run,0  1  0  0
run,run,0  1  0  0
run,run,0  1  0  0
run,run,0  1  0  0
run,run,0  1  0  0
run,run,0  1  0  0
run,run,0  1  0  0
run,run,0  1  0  0
run,run,0  1  0  0
run,run,0  1  0  0
run,run,0  1  0  0
run,run,0  1  0  0
run,run,0  1  0  0
run,run,0  1  0  0
run,run,0  1  0  0
run,run,0  1  0  0
run,run,0  1  0  0
run,run,0  1  0  0
run,run,0  1  0  0
run,run,0  1  0  0
run,run,0  1  0  0
run,run,0  1  0  0
run,run,0  1  0  0
run,run,0  1  0  0
run,run,0  1  0  0
run,run,0  1  0  0
run,run,0  1  0  0
run,run,0  1  0  0
run,run,0  1  0  0
run,run,0  1  0  0
run,run,0  1  0  0
run,run,0  1  0  0
run,run,0  1  0  0
run,run,0  1  0  0
run,run,0  1  0  0
run,run,0  1  0  0
run,run,0  1  0  0
run,run,0  1  0  0
run,run,0  1  0  0
run,run,0  1  0  0
run,run,0  1  0  0
run,run,0  1  0  0
run,run,0  1  0  0
run,run,0  1  0  0
run,run,0  1  0  0
run,run,0  1  0  0
run,run,0  1  0  0
run,run,0  1  0  0
run,run,0  1  0  0
run,run,0  1  0  0
run,run,0  1  0  0
run,run,0  1  0  0
run,run,0  1  0  0
run,run,0  1  0  0
run,run,0  1  0  0
run,run,0  1  0  0
run,run,0  1  0  0
run,run,0  1  0  0
run,run,0  1  0  0
run,run,0  1  0  0
run,run,0  1  0  0
run,run,0  1  0  0
run,run,0  1  0  0
run,run,0  1  0  0
run,run,0  1  0  0
run,run,0  1  0  0
run,run,0  1  0  0
run,run,0  1  0  0
run,run,0  1  0  0
run,run,0  1  0  0
run,run,0  1  0  0
run,run,0  1  0  0
run,run,0  1  0  0
run,run,0  1  0  0
run,run,0  1  0  0
run,run,0  1  0  0
run,run,0  1  0  0
run,run,0  1  0  0
run,run,0  1  0  0
run,run,0  1  0  0
run,run,0  1  0  0
run,run,0  1  0  0
run,run,0  1  0  0
run,run,0  1  0  0
run,run,0  1  0  0
run,run,0  1  0  0
run,run,0  1  0  0
run,run,0  1  0  0
run,run,0  1  0  0
run,run,0  1  0  0
run,run,0  1  0  0
run,run,0  1  0  0
run,run,0  1  0  0
run,run,0  1  0  0
run,run,0  1  0  0
run,run,0  1  0  0
run,run,0  1  0  0
run,run,0  1  0  0
run,run,0  1  0  0
run,run,0  1  0  0
run,run,0  1  0  0
run,run,0  1  0  0
run,run,0  1  0  0
run,run,0  1  0  0
run,run,0  1  0  0
run,run,0  1  0  0
run,run,0  1  0  0
run,run,0  1  0  0
run,run,0  1  0  0
run,run,0  1  0  0
run,run,0  1  0  0
run,run,0  1  0  0
run,run,0  1  0  0
run,run,0  1  0  0
run,run,0  1  0  0
run,run,0  1  0  0
run,run,0  1  0  0
run,run,0  1  0  0
run,run,0  1  0  0
run,run,0  1  0  0
run,run,0  1  0  0
run,run,0  1  0  0
run,run,0  1  0  0
run,run,0  1  0  0
run,run,0  1  0  0
run,run,0  1  0  0
run,run,0  1  0  0
run,run,0  1  0  0
run,run,0  1  0  0
run,run,0  1  0  0
run,run,0  1  0  0
run,run,0  1  0  0
run,run,0  1  0  0
run,run,0  1  0  0
run,run,0  1  0  0
run,run,0  1  0  0
run,run,0  1  0  0
run,run,0  1  0  0
run,run,0  1  0  0
run,run,0  1  0  0
run,run,0  1  0  0
run,run,0  1  0  0
run,run,0  1  0  0
run,run,0  1  0  0
run,run,0  1  0  0
run,run,0  1  0  0
run,run,0  1  0  0
run,run,0  1  0  0
run,run,0  1  0  0
run,run,0  1  0  0
run,run,0  1  0  0
run,run,0  1  0  0
run,run,0  1  0  0
run,run,0  1  0  0
run,run,0  1  0  0
run,run,0  1  0  0
run,run,0  1  0  0
run,run,0  1  0  0
run,run,0  1  0  0
run,run,0  1  0  0
run,run,0  1  0  0
run,run,0  1  0  0
run,run,0  1  0  0
run,run,0  1  0  0
run,run,0  1  0  0
run,run,0  1  0  0
run,run,0  1  0  0
run,run,0  1  0  0
run,run,0  1  0  0
run,run,0  1  0  0
run,run,0  1  0  0
run,run,0  1  0  0
run,run,0  1  0  0
run,run,0  1  0  0
run,run,0  1  0  0
run,run,0  1  0  0
run,run,0  1  0  0
run,run,0  1  0  0
run,run,0  1  0  0
run,run,0  1  0  0
run,run,0  1  0  0
run,run,0  1  0  0
run,run,0  1  0  0
run,run,0  1  0  0
run,run,0  1  0  0
run,run,0  1  0  0
run,run,0  1  0  0
run,run,0  1  0  0
run,run,0  1  0  0
run,run,0  1  0  0
run,run,0  1  0  0
run,run,0  1  0  0
run,run,0  1  0  0
run,run,0  1  0  0
run,run,0  1  0  0
run,run,0  1  0  0
run,run,0  1  0  0
run,run,0  1  0  0
run,run,0  1  0  0
run,run,0  1  0  0
run,run,0  1  0  0
run,run,0  1  0  0
run,run,0  1  0  0
run,run,0  1  0  0
run,run,0  1  0  0
run,run,0  1  0  0
run,run,0  1  0  0
run,run,0  1  0  0
run,run,0  1  0  0
run,run,0  1  0  0
run,run,0  1  0  0
run,run,0  1  0  0
run,run,0  1  0  0
run,run,0  1  0  0
run,run,0  1  0  0
run,run,0  1  0  0
run,run,0  1  0  0
run,run,0  1  0  0
run,run,0  1  0  0
run,run,0  1  0  0
run,run,0  1  0  0
run,run,0  1  0  0
run,run,0  1  0  0
run,run,0  1  0  0
run,run,0  1  0  0
run,run,0  1  0  0
run,run,0  1  0  0
run,run,0  1  0  0
run,run,0  1  0  0
run,run,0  1  0  0
run,run,0  1  0  0
run,run,0  1  0  0
run,run,0  1  0  0
run,run,0  1  0  0
run,run,0  1  0  0
run,run,0  1  0  0
run,run,0  1  0  0
run,run,0  1  0  0
run,run,0  1  0  0
run,run,0  1  0  0
run,run,0  1  0  0
run,run,0  1  0  0
run,run,0  1  0  0
run,run,0  1  0  0
run,run,0  1  0  0
run,run,0  1  0  0
run,run,0  1  0  0
run,run,0  1  0  0
run,run,0  1  0  0
run,run,0  1  0  0
run,run,0  1  0  0
run,run,0  1  0  0
run,run,0  1  0  0
run,run,0  1  0  0
run,run,0  1  0  0
run,run,0  1  0  0
run,run,0  1  0  0
run,run,0  1  0  0
run,run,0  1  0  0
run,run,0  1  0  0
run,run,0  1  0  0
run,run,0  1  0  0
run,run,0  1  0  0
run,run,0  1  0  0
run,run,0  1  0  0
run,run,0  1  0  0
run,run,0  1  0  0
run,run,0  1  0  0
run,run,0  1  0  0
run,run,0  1  0  0
run,run,0  1  0  0
run,run,0  1  0  0
run,run,0  1  0  0
run,run,0  1  0  0
run,run,0  1  0  0
run,run,0  1  0  0
run,run,0  1  0  0
run,run,0  1  0  0
run,run,0  1  0  0
run,run,0  1  0  0
run,run,0  1  0  0
run,run,0  1  0  0
run,run,0  1  0  0
run,run,0  1  0  0
run,run,0  1  0  0
run,run,0  1  0  0
run,run,0  1  0  0
run,run,0  1  0  0
run,run,0  1  0  0
run,run,0  1  0  0
run,run,0  1  0  0
run,run,0  1  0  0
run,run,0  1  0  0
run,run,0  1  0  0
run,run,0  1  0  0
run,run,0  1  0  0
run,run,0  1  0  0
run,run,0  1  0  0
run,run,0  1  0  0
run,run,0  1  0  0
run,run,0  1  0  0
run,run,0  1  0  0
run,run,0  1  0  0
run,run,0  1  0  0
run,run,0  1  0  0
run,run,0  1  0  0
run,run,0  1  0  0
run,run,0  1  0  0
run,run,0  1  0  0
run,run,0  1  0  0
run,run,0  1  0  0
run,run,0  1  0  0
run,run,0  1  0  0
run,run,0  1  0  0
run,run,0  1  0  0
run,run,0  1  0  0
run,run,0  1  0  0
run,run,0  1  0  0
run,run,0  1  0  0
run,run,0  1  0  0
run,run,0  1  0  0
run,run,0  1  0  0
run,run,0  1  0  0
run,run,0  1  0  0
run,run,0  1  0  0
run,run,0  1  0  0
run,run,0  1  0  0
run,run,0  1  0  0
run,run,0  1  0  0
run,run,0  1  0  0
run,run,0  1  0  0
run,run,0  1  0  0
run,run,0  1  0  0
run,run,0  1  0  0
run,run,0  1  0  0
run,run,0  1  0  0
run,run,0  1  0  0
run,run,0  1  0  0
run,run,0  1  0  0
run,run,0  1  0  0
run,run,0  1  0  0
run,run,0  1  0  0
run,run,0  1  0  0
run,run,0  1  0  0
run,run,0  1  0  0
run,run,0  1  0  0
run,run,0  1  0  0
run,run,0  1  0  0
run,run,0  1  0  0
run,run,0  1  0  0
run,run,0  1  0  0
run,run,0  1  0  0
run,run,0  1  0  0
run,run,0  1  0  0
run,run,0  1  0  0
run,run,0  1  0  0
run,run,0  1  0  0
run,run,0  1  0  0
run,run,0  1  0  0
run,run,0  1  0  0
run,run,0  1  0  0
run,run,0  1  0  0
run,run,0  1  0  0
run,run,0  1  0  0
run,run,0  1  0  0
run,run,0  1  0  0
run,run,0  1  0  0
run,run,0  1  0  0
run,run,0  1  0  0
run,run,0  1  0  0
run,run,0  1  0  0
run,run,0  1  0  0
run,run,0  1  0  0
run,run,0  1  0  0
run,run,0  1  0  0
run,run,0  1  0  0
run,run,0  1  0  0
run,run,0  1  0  0
run,run,0  1  0  0
run,run,0  1  0  0
run,run,0  1  0  0
run,run,0  1  0  0
run,run,0  1  0  0
run,run,0  1  0  0
run,run,0  1  0  0
run,run,0  1  0  0
run,run,0  1  0  0
run,run,0  1  0  0
run,run,0  1  0  0
run,run,0  1  0  0
run,run,0  1  0  0
run,run,0  1  0  0
run,run,0  1  0  0
run,run,0  1  0  0
run,run,0  1  0  0
run,run,0  1  0  0
run,run,0  1  0  0
run,run,0  1  0  0
run,run,0  1  0  0
run,run,0  1  0  0
run,run,0  1  0  0
run,run,0  1  0  0
run,run,0  1  0  0
run,run,0  1  0  0
run,run,0  1  0  0
run,run,0  1  0  0
run,run,0  1  0  0
run,run,0  1  0  0
run,run,0  1  0  0
run,run,0  1  0  0
run,run,0  1  0  0
run,run,0  1  0  0
run,run,0  1  0  0
run,run,0  1  0  0
run,run,0  1  0  0
run,run,0  1  0  0
run,run,0  1  0  0
run,run,0  1  0  0
run,run,0  1  0  0
run,run,0  1  0  0
run,run,0  1  0  0
run,run,0  1  0  0
run,run,0  1  0  0
run,run,0  1  0  0
run,run,0  1  0  0
run,run,0  1  0  0
run,run,0  1  0  0
run,run,0  1  0  0
run,run,0  1  0  0
run,run,0  1  0  0
run,run,0  1  0  0
run,run,0  1  0  0
run,run,0  1  0  0
run,run,0  1  0  0
run,run,0  1  0  0
run,run,0  1  0  0
run,run,0  1  0  0
run,run,0  1  0  0
run,run,0  1  0  0
run,run,0  1  0  0
run,run,0  1  0  0
run,run,0  1  0  0
run,run,0  1  0  0
run,run,0  1  0  0
run,run,0  1  0  0
run,run,0  1  0  0
run,run,0  1  0  0
run,run,0  1  0  0
run,run,0  1  0  0
run,run,0  1  0  0
run,run,0  1  0  0
run,run,0  1  0  0
run,run,0  1  0  0
run,run,0  1  0  0
run,run,0  1  0  0
run,run,0  1  0  0
run,run,0  1  0  0
run,run,0  1  0  0
run,run,0  1  0  0
run,run,0  1  0  0
run,run,0  1  0  0
run,run,0  1  0  0
run,run,0  1  0  0
run,run,0  1  0  0
run,run,0  1  0  0
run,run,0  1  0  0
run,run,0  1  0  0
run,run,0  1  0  0
run,run,0  1  0  0
run,run,0  1  0  0
run,run,0  1  0  0
run,run,0  1  0  0
run,run,0  1  0  0
run,run,0  1  0  0
run,run,0  1  0  0
run,run,0  1  0  0
run,run,0  1  0  0
run,run,0  1  0  0
run,run,0  1  0  0
run,run,0  1  0  0
run,run,0  1  0  0
run,run,0  1  0  0
run,run,0  1  0  0
run,run,0  1  0  0
run,run,0  1  0  0
run,run,0  1  0  0
run,run,0  1  0  0
run,run,0  1  0  0
run,run,0  1  0  0
run,run,0  1  0  0
run,run,0  1  0  0
run,run,0  1  0  0
run,run,0  1  0  0
run,run,0  1  0  0
run,run,0  1  0  0
run,run,0  1  0  0
run,run,0  1  0  0
run,run,0  1  0  0
run,run,0  1  0  0
run,run,0  1  0  0
run,run,0  1  0  0
run,run,0  1  0  0
run,run,0  1  0  0
run,run,0  1  0  0
run,run,0  1  0  0
run,run,0  1  0  0
run,run,0  1  0  0
run,run,0  1  0  0
run,run,0  1  0  0
run,run,0  1  0  0
run,run,0  1  0  0
run,run,0  1  0  0
run,run,0  1  0  0
run,run,0  1  0  0
run,run,0  1  0  0
run,run,0  1  0  0
run,run,0  1  0  0
run,run,0  1  0  0
run,run,0  1  0  0
run,run,0  1  0  0
run,run,0  1  0  0
run,run,0  1  0  0
run,run,0  1  0  0
run,run,0  1  0  0
run,run,0  1  0  0
run,run,0  1  0  0
run,run,0  1  0  0
run,run,0  1  0  0
run,run,0  1  0  0
run,run,0  1  0  0
run,run,0  1  0  0
run,run,0  1  0  0
run,run,0  1  0  0
run,run,0  1  0  0
run,run,0  1  0  0
run,run,0  1  0  0
run,run,0  1  0  0
run,run,0  1  0  0
run,run,0  1  0  0
run,run,0  1  0  0
run,run,0  1  0  0
run,run,0  1  0  0
run,run,0  1  0  0
run,run,0  1  0  0
run,run,0  1  0  0
run,run,0  1  0  0
run,run,0  1  0  0
run,run,0  1  0  0
run,run,0  1  0  0
run,run,0  1  0  0
run,run,0  1  0  0
run,run,0  1  0  0
run,run,0  1  0  0
run,run,0  1  0  0
run,run,0  1  0  0
run,run,0  1  0  0
run,run,0  1  0  0
run,run,0  1  0  0
run,run,0  1  0  0
run,run,0  1  0  0
run,run,0  1  0  0
run,run,0  1  0  0
run,run,0  1  0  0
run,run,0  1  0  0
run,run,0  1  0  0
run,run,0  1  0  0
run,run,0  1  0  0
run,run,0  1  0  0
run,run,0  1  0  0
run,run,0  1  0  0
run,run,0  1  0  0
run,run,0  1  0  0
run,run,0  1  0  0
run,run,0  1  0  0
run,run,0  1  0  0
run,run,0  1  0  0
run,run,0  1  0  0
run,run,0  1  0  0
run,run,0  1  0  0
run,run,0  1  0  0
run,run,0  1  0  0
run,run,0  1  0  0
run,run,0  1  0  0
run,run,0  1  0  0
run,run,0  1  0  0
run,run,0  1  0  0
run,run,0  1  0  0
run,run,0  1  0  0
run,run,0  1  0  0
run,run,0  1  0  0
run,run,0  1  0  0
run,run,0  1  0  0
run,run,0  1  0  0
run,run,0  1  0  0
run,run,0  1  0  0
run,run,0  1  0  0
run,run,0  1  0  0
run,run,0  1  0  0
run,run,0  1  0  0
run,run,0  1  0  0
run,run,0  1  0  0
run,run,0  1  0  0
run,run,0  1  0  0
run,run,0  1  0  0
run,run,0  1  0  0
run,run,0  1  0  0
run,run,0  1  0  0
run,run,0  1  0  0
run,run,0  1  0  0
run,run,0  1  0  0
run,run,0  1  0  0
run,run,0  1  0  0
run,run,0  1  0  0
run,run,0  1  0  0
run,run,0  1  0  0
run,run,0  1  0  0
run,run,0  1  0  0
run,run,0  1  0  0
run,run,0  1  0  0
run,run,0  1  0  0
run,run,0  1  0  0
run,run,0  1  0  0
run,run,0  1  0  0
run,run,0  1  0  0
run,run,0  1  0  0
run,run,0  1  0  0
run,run,0  1  0  0
run,run,0  1  0  0
run,run,0  1  0  0
run,run,0  1  0  0
run,run,0  1  0  0
run,run,0  1  0  0
run,run,0  1  0  0
run,run,0  1  0  0
run,run,0  1  0  0
run,run,0  1  0  0
run,run,0  1  0  0
run,run,0  1  0  0
run,run,0  1  0  0
run,run,0  1  0  0
run,run,0  1  0  0
run,run,0  1  0  0
run,run,0  1  0  0
run,run,0  1  0  0
run,run,0  1  0  0
run,run,0  1  0  0
run,run,0  1  0  0
run,run,0  1  0  0
run,run,0  1  0  0
run,run,0  1  0  0
run,run,0  1  0  0
run,run,0  1  0  0
run,run,0  1  0  0
run,run,0  1  0  0
run,run,0  1  0  0
run,run,0  1  0  0
run,run,0  1  0  0
run,run,0  1  0  0
run,run,0  1  0  0
run,run,0  1  0  0
run,run,0  1  0  0
run,run,0  1  0  0
run,run,0  1  0  0
run,run,0  1  0  0
run,run,0  1  0  0
run,run,0  1  0  0
run,run,0  1  0  0
run,run,0  1  0  0
run,run,0  1  0  0
run,run,0  1  0  0
run,run,0  1  0  0
run,run,0  1  0  0
run,run,0  1  0  0
run,run,0  1  0  0
run,run,0  1  0  0
run,run,0  1  0  0
run,run,0  1  0  0
run,run,0  1  0  0
run,run,0  1  0  0
run,run,0  1  0  0
run,run,0  1  0  0
run,run,0  1  0  0
run,run,0  1  0  0
run,run,0  1  0  0
run,run,0  1  0  0
run,run,0  1  0  0
run,run,0  1  0  0
run,run,0  1  0  0
run,run,0  1  0  0
run,run,0  1  0  0
run,run,0  1  0  0
run,run,0  1  0  0
run,run,0  1  0  0
run,run,0  1  0  0
run,run,0  1  0  0
run,run,0  1  0  0
run,run,0  1  0  0
run,run,0  1  0  0
run,run,0  1  0  0
run,run,0  1  0  0
run,run,0  1  0  0
run,run,0  1  0  0
run,run,0  1  0  0
run,run,0  1  0  0
run,run,0  1  0  0
run,run,0  1  0  0
run,run,0  1  0  0
run,run,0  1  0  0
run,run,0  1  0  0
run,run,0  1  0  0
run,run,0  1  0  0
run,run,0  1  0  0
run,run,0  1  0  0
run,run,0  1  0  0
run,run,0  1  0  0
run,run,0  1  0  0
run,run,0  1  0  0
run,run,0  1  0  0
run,run,0  1  0  0
run,run,0  1  0  0
run,run,0  1  0  0
run,run,0  1  0  0
run,run,0  1  0  0
run,run,0  1  0  0
run,run,0  1  0  0
run,run,0  1  0  0
run,run,0  1  0  0
run,run,0  1  0  0
run,run,0  1  0  0
run,run,0  1  0  0
run,run,0  1  0  0
run,run,0  1  0  0
run,run,0  1  0  0
run,run,0  1  0  0
run,run,0  1  0  0
run,run,0  1  0  0
run,run,0  1  0  0
run,run,0  1  0  0
run,run,0  1  0  0
run,run,0  1  0  0
run,run,0  1  0  0
run,run,0  1  0  0
run,run,0  1  0  0
run,run,0  1  0  0
run,run,0  1  0  0
run,run,0  1  0  0
run,run,0  1  0  0
run,run,0  1  0  0
run,run,0  1  0  0
run,run,0  1  0  0
run,run,0  1  0  0
run,run,0  1  0  0
run,run,0  1  0  0
run,run,0  1  0  0
run,run,0  1  0  0
run,run,0  1  0  0
run,run,0  1  0  0
run,run,0  1  0  0
run,run,0  1  0  0
run,run,0  1  0  0
run,run,0  1  0  0
run,run,0  1  0  0
run,run,0  1  0  0
run,run,0  1  0  0
run,run,0  1  0  0
run,run,0  1  0  0
run,run,0  1  0  0
run,run,0  1  0  0
run,run,0  1  0  0
run,run,0  1  0  0
run,run,0  1  0  0
run,run,0  1  0  0
run,run,0  1  0  0
run,run,0  1  0  0
run,run,0  1  0  0
run,run,0  1  0  0
run,run,0  1  0  0
run,run,0  1  0  0
run,run,0  1  0  0
run,run,0  1  0  0
run,run,0  1  0  0
run,run,0  1  0  0
run,run,0  1  0  0
run,run,0  1  0  0
run,run,0  1  0  0
run,run,0  1  0  0
run,run,0  1  0  0
run,run,0  1  0  0
run,run,0  1  0  0
run,run,0  1  0  0
run,run,0  1  0  0
run,run,0  1  0  0
run,run,0  1  0  0
run,run,0  1  0  0
run,run,0  1  0  0
run,run,0  1  0  0
run,run,0  1  0  0
run,run,0  1  0  0
run,run,0  1  0  0
run,run,0  1  0  0
run,run,0  1  0  0
run,run,0  1  0  0
run,run,0  1  0  0
run,run,0  1  0  0
run,run,0  1  0  0
run,run,0  1  0  0
run,run,0  1  0  0
run,run,0  1  0  0
run,run,0  1  0  0
run,run,0  1  0  0
run,run,0  1  0  0
run,run,0  1  0  0
run,run,0  1  0  0
run,run,0  1  0  0
run,run,0  1  0  0
run,run,0  1  0  0
run,run,0  1  0  0
run,run,0  1  0  0
run,run,0  1  0  0
run,run,0  1  0  0
run,run,0  1  0  0
run,run,0  1  0  0
run,run,0  1  0  0
run,run,0  1  0  0
run,run,0  1  0  0
run,run,0  1  0  0
run,run,0  1  0  0
run,run,0  1  0  0
run,run,0  1  0  0
run,run,0  1  0  0
run,run,0  1  0  0
run,run,0  1  0  0
run,run,0  1  0  0
run,run,0  1  0  0
run,run,0  1  0  0
run,run,0  1  0  0
run,run,0  1  0  0
run,run,0  1  0  0
run,run,0  1  0  0
run,run,0  1  0  0
run,run,0  1  0  0
run,run,0  1  0  0
run,run,0  1  0  0
run,run,0  1  0  0
run,run,0  1  0  0
run,run,0  1  0  0
run,run,0  1  0  0
run,run,0  1  0  0
run,run,0  1  0  0
run,run,0  1  0  0
run,run,0  1  0  0
run,run,0  1  0  0
run,run,0  1  0  0
run,run,0  1  0  0
run,run,0  1  0  0
run,run,0  1  0  0
run,run,0  1  0  0
run,run,0  1  0  0
run,run,0  1  0  0
run,run,0  1  0  0
run,run,0  1  0  0
run,run,0  1  0  0
run,run,0  1  0  0
run,run,0  1  0  0
run,run,0  1  0  0
run,run,0  1  0  0
run,run,0  1  0  0
run,run,0  1  0  0
run,run,0  1  0  0
run,run,0  1  0  0
run,run,0  1  0  0
run,run,0  1  0  0
run,run,0  1  0  0
run,run,0  1  0  0
run,run,0  1  0  0
run,run,0  1  0  0
run,run,0  1  0  0
run,run,0  1  0  0
run,run,0  1  0  0
run,run,0  1  0  0
run,run,0  1  0  0
run,run,0  1  0  0
run,run,0  1  0  0
run,run,0  1  0  0
run,run,0  1  0  0
run,run,0  1  0  0
run,run,0     0.93333           0    0.066667
run,run,0     0.93333           0    0.066667
run,run,0  1  0  0
run,run,0  1  0  0
run,run,0  1  0  0
run,run,0  1  0  0
run,run,0  1  0  0
run,run,0  1  0  0
run,run,0  1  0  0
run,run,0  1  0  0
run,run,0  1  0  0
run,run,0  1  0  0
run,run,0  1  0  0
run,run,0  1  0  0
run,run,0  1  0  0
run,run,0  1  0  0
run,run,0  1  0  0
run,run,0  1  0  0
run,run,0  1  0  0
run,run,0  1  0  0
run,run,0  1  0  0
run,run,0  1  0  0
run,run,0  1  0  0
run,run,0  1  0  0
run,run,0  1  0  0
run,run,0  1  0  0
run,run,0  1  0  0
run,run,0  1  0  0
run,run,0  1  0  0
run,run,0  1  0  0
run,run,0  1  0  0
run,run,0  1  0  0
run,run,0  1  0  0
run,run,0  1  0  0
run,run,0  1  0  0
run,run,0  1  0  0
run,run,0  1  0  0
run,run,0  1  0  0
run,run,0  1  0  0
run,run,0  1  0  0
run,run,0  1  0  0
run,run,0  1  0  0
run,run,0  1  0  0
run,run,0  1  0  0
run,run,0  1  0  0
run,run,0  1  0  0
run,run,0  1  0  0
run,run,0  1  0  0
run,run,0  1  0  0
run,run,0  1  0  0
run,run,0  1  0  0
run,run,0  1  0  0
run,run,0  1  0  0
run,run,0  1  0  0
run,run,0  1  0  0
run,run,0  1  0  0
run,run,0  1  0  0
run,run,0  1  0  0
run,run,0  1  0  0
run,run,0  1  0  0
run,run,0  1  0  0
run,run,0  1  0  0
run,run,0  1  0  0
run,run,0  1  0  0
run,run,0  1  0  0
run,run,0  1  0  0
run,run,0  1  0  0
run,run,0  1  0  0
run,run,0  1  0  0
run,run,0  1  0  0
run,run,0  1  0  0
run,run,0  1  0  0
run,run,0  1  0  0
run,run,0  1  0  0
run,run,0  1  0  0
run,run,0  1  0  0
run,run,0  1  0  0
run,run,0  1  0  0
run,run,0  1  0  0
run,run,0  1  0  0
run,run,0  1  0  0
run,run,0  1  0  0
run,run,0  1  0  0
run,run,0  1  0  0
run,run,0  1  0  0
run,run,0  1  0  0
run,run,0  1  0  0
run,run,0  1  0  0
run,run,0  1  0  0
run,run,0  1  0  0
run,run,0  1  0  0
run,run,0  1  0  0
run,run,0  1  0  0
run,run,0  1  0  0
run,run,0  1  0  0
run,run,0  1  0  0
run,run,0  1  0  0
run,run,0  1  0  0
run,run,0  1  0  0
run,run,0  1  0  0
run,run,0  1  0  0
run,run,0  1  0  0
run,run,0  1  0  0
run,run,0  1  0  0
run,run,0  1  0  0
run,run,0  1  0  0
run,run,0  1  0  0
run,run,0  1  0  0
run,run,0  1  0  0
run,run,0  1  0  0
run,run,0  1  0  0
run,run,0  1  0  0
run,run,0  1  0  0
run,run,0  1  0  0
run,run,0  1  0  0
run,run,0  1  0  0
run,run,0  1  0  0
run,run,0  1  0  0
run,run,0  1  0  0
run,run,0  1  0  0
run,run,0  1  0  0
run,run,0  1  0  0
run,run,0  1  0  0
run,run,0  1  0  0
run,run,0  1  0  0
run,run,0  1  0  0
run,run,0  1  0  0
run,run,0  1  0  0
run,run,0  1  0  0
run,run,0  1  0  0
run,run,0  1  0  0
run,run,0  1  0  0
run,run,0  1  0  0
run,run,0  1  0  0
run,run,0  1  0  0
run,run,0  1  0  0
run,run,0  1  0  0
run,run,0  1  0  0
run,run,0  1  0  0
run,run,0  1  0  0
run,run,0  1  0  0
run,run,0  1  0  0
run,run,0  1  0  0
run,run,0  1  0  0
run,run,0  1  0  0
run,run,0  1  0  0
run,run,0  1  0  0
run,run,0  1  0  0
run,run,0  1  0  0
run,run,0  1  0  0
run,run,0  1  0  0
run,run,0  1  0  0
run,run,0  1  0  0
run,run,0  1  0  0
run,run,0  1  0  0
run,run,0  1  0  0
run,run,0  1  0  0
run,run,0  1  0  0
run,run,0  1  0  0
run,run,0  1  0  0
run,run,0  1  0  0
run,run,0  1  0  0
run,run,0  1  0  0
run,run,0  1  0  0
run,run,0  1  0  0
run,run,0  1  0  0
run,run,0  1  0  0
run,run,0  1  0  0
run,run,0  1  0  0
run,run,0  1  0  0
run,run,0  1  0  0
run,run,0  1  0  0
run,run,0  1  0  0
run,run,0  1  0  0
run,run,0  1  0  0
run,run,0  1  0  0
run,run,0  1  0  0
run,run,0  1  0  0
run,run,0  1  0  0
run,run,0  1  0  0
run,run,0  1  0  0
run,run,0  1  0  0
run,run,0  1  0  0
run,run,0  1  0  0
run,run,0  1  0  0
run,run,0  1  0  0
run,run,0  1  0  0
run,run,0  1  0  0
run,run,0  1  0  0
run,run,0  1  0  0
run,run,0  1  0  0
run,run,0  1  0  0
run,run,0  1  0  0
run,run,0  1  0  0
run,run,0  1  0  0
run,run,0  1  0  0
run,run,0  1  0  0
run,run,0  1  0  0
run,run,0  1  0  0
run,run,0  1  0  0
run,run,0  1  0  0
run,run,0  1  0  0
run,run,0  1  0  0
run,run,0  1  0  0
run,run,0  1  0  0
run,run,0  1  0  0
run,run,0  1  0  0
run,run,0  1  0  0
run,run,0  1  0  0
run,run,0  1  0  0
run,run,0  1  0  0
run,run,0  1  0  0
run,run,0  1  0  0
run,run,0  1  0  0
run,run,0  1  0  0
run,run,0  1  0  0
run,run,0  1  0  0
run,run,0  1  0  0
run,run,0  1  0  0
run,run,0  1  0  0
run,run,0  1  0  0
run,run,0  1  0  0
run,run,0  1  0  0
run,run,0  1  0  0
run,run,0  1  0  0
run,run,0  1  0  0
run,run,0  1  0  0
run,run,0  1  0  0
run,run,0  1  0  0
run,run,0  1  0  0
run,run,0  1  0  0
run,run,0  1  0  0
run,run,0  1  0  0
run,run,0  1  0  0
run,run,0  1  0  0
run,run,0  1  0  0
run,run,0  1  0  0
run,run,0  1  0  0
run,run,0  1  0  0
run,run,0  1  0  0
run,run,0  1  0  0
run,run,0  1  0  0
run,run,0  1  0  0
run,run,0  1  0  0
run,run,0  1  0  0
run,run,0  1  0  0
run,run,0  1  0  0
run,run,0  1  0  0
run,run,0  1  0  0
run,run,0  1  0  0
run,run,0  1  0  0
run,run,0  1  0  0
run,run,0  1  0  0
run,run,0  1  0  0
run,run,0  1  0  0
run,run,0  1  0  0
run,run,0  1  0  0
run,run,0  1  0  0
run,run,0  1  0  0
run,run,0  1  0  0
run,run,0  1  0  0
run,run,0  1  0  0
run,run,0  1  0  0
run,run,0  1  0  0
run,run,0  1  0  0
run,run,0  1  0  0
run,run,0  1  0  0
run,run,0  1  0  0
run,run,0  1  0  0
run,run,0  1  0  0
run,run,0  1  0  0
run,run,0  1  0  0
run,run,0  1  0  0
run,run,0  1  0  0
run,run,0  1  0  0
run,run,0  1  0  0
run,run,0  1  0  0
run,run,0  1  0  0
run,run,0  1  0  0
run,run,0  1  0  0
run,run,0  1  0  0
run,run,0  1  0  0
run,run,0  1  0  0
run,run,0  1  0  0
run,run,0  1  0  0
run,run,0  1  0  0
run,run,0  1  0  0
run,run,0  1  0  0
run,run,0  1  0  0
run,run,0  1  0  0
run,run,0  1  0  0
run,run,0  1  0  0
run,run,0  1  0  0
run,run,0  1  0  0
run,run,0  1  0  0
run,run,0  1  0  0
run,run,0  1  0  0
run,run,0  1  0  0
run,run,0  1  0  0
run,run,0  1  0  0
run,run,0  1  0  0
run,run,0  1  0  0
run,run,0  1  0  0
run,run,0  1  0  0
run,run,0  1  0  0
run,run,0  1  0  0
run,run,0  1  0  0
run,run,0  1  0  0
run,run,0  1  0  0
run,run,0  1  0  0
run,run,0  1  0  0
run,run,0  1  0  0
run,run,0  1  0  0
run,run,0  1  0  0
run,run,0  1  0  0
run,run,0  1  0  0
run,run,0  1  0  0
run,run,0  1  0  0
run,run,0  1  0  0
run,run,0  1  0  0
run,run,0  1  0  0
run,run,0  1  0  0
run,run,0  1  0  0
run,run,0  1  0  0
run,run,0  1  0  0
run,run,0  1  0  0
run,run,0  1  0  0
run,run,0  1  0  0
run,run,0  1  0  0
run,run,0  1  0  0
run,run,0  1  0  0
run,run,0  1  0  0
run,run,0  1  0  0
run,run,0  1  0  0
run,run,0  1  0  0
run,run,0  1  0  0
run,run,0  1  0  0
run,run,0  1  0  0
run,run,0  1  0  0
run,run,0  1  0  0
run,run,0  1  0  0
run,run,0  1  0  0
run,run,0  1  0  0
run,run,0  1  0  0
run,run,0  1  0  0
run,run,0  1  0  0
run,run,0  1  0  0
run,run,0  1  0  0
run,run,0  1  0  0
run,run,0  1  0  0
run,run,0  1  0  0
run,run,0  1  0  0
run,run,0  1  0  0
run,run,0  1  0  0
run,run,0  1  0  0
run,run,0  1  0  0
run,run,0  1  0  0
run,run,0  1  0  0
run,run,0  1  0  0
run,run,0  1  0  0
run,run,0  1  0  0
run,run,0  1  0  0
run,run,0  1  0  0
run,run,0  1  0  0
run,run,0  1  0  0
run,run,0  1  0  0
run,run,0  1  0  0
run,run,0  1  0  0
run,run,0  1  0  0
run,run,0  1  0  0
run,run,0  1  0  0
run,run,0  1  0  0
run,run,0  1  0  0
run,run,0  1  0  0
run,run,0  1  0  0
run,run,0  1  0  0
run,run,0  1  0  0
run,run,0  1  0  0
run,run,0  1  0  0
run,run,0  1  0  0
run,run,0  1  0  0
run,run,0  1  0  0
run,run,0  1  0  0
run,run,0  1  0  0
run,run,0  1  0  0
run,run,0  1  0  0
run,run,0  1  0  0
run,run,0     0.86667    0.066667    0.066667
run,run,0     0.86667    0.066667    0.066667
run,run,0     0.83333    0.066667         0.1
run,transition,0         0.8    0.066667     0.13333
run,transition,0     0.66667           0     0.33333
transition,transition,0         0.1           0         0.9
transition,transition,0  0  0  1
transition,transition,0  0  0  1
transition,transition,0.033333           0    0.033333     0.93333
transition,transition,0.033333           0           0     0.96667
transition,transition,0.033333           0           0     0.96667
transition,transition,0.033333           0           0     0.96667
transition,transition,0           0    0.033333     0.96667
transition,transition,0           0    0.033333     0.96667
transition,transition,0.033333           0    0.033333     0.93333
transition,transition,0.033333           0           0     0.96667
transition,transition,0.033333           0           0     0.96667
transition,transition,0.033333           0           0     0.96667
transition,transition,0.033333           0           0     0.96667
transition,transition,0.033333           0           0     0.96667
transition,transition,0.033333           0           0     0.96667
transition,transition,0  0  0  1
transition,transition,0  0  0  1
transition,transition,0  0  0  1
transition,transition,0  0  0  1
transition,transition,0  0  0  1
transition,transition,0  0  0  1
transition,transition,0  0  0  1
transition,transition,0  0  0  1
transition,transition,0  0  0  1
transition,transition,0  0  0  1
transition,transition,0.1           0           0         0.9
transition,transition,0.16667           0    0.033333         0.8
transition,transition,0.16667           0           0     0.83333
transition,transition,0.1           0           0         0.9
transition,transition,0.1           0           0         0.9
transition,transition,0.1           0           0         0.9
transition,transition,0.1           0           0         0.9
transition,transition,0.1           0           0         0.9
transition,transition,0.033333           0           0     0.96667
transition,transition,0.033333           0           0     0.96667
transition,transition,0  0  0  1
transition,transition,0.033333           0           0     0.96667
transition,transition,0  0  0  1
transition,transition,0.066667           0           0     0.93333
transition,transition,0.033333           0           0     0.96667
transition,transition,0.066667           0           0     0.93333
transition,transition,0.066667           0           0     0.93333
transition,transition,0.066667           0           0     0.93333
transition,transition,0.033333           0           0     0.96667
transition,transition,0.033333           0           0     0.96667
transition,transition,0.033333           0           0     0.96667
transition,transition,0  0  0  1
transition,transition,0  0  0  1
transition,transition,0  0  0  1
transition,transition,0  0  0  1
transition,transition,0  0  0  1
transition,transition,0  0  0  1
transition,transition,0  0  0  1
transition,transition,0  0  0  1
transition,transition,0  0  0  1
transition,transition,0  0  0  1
transition,transition,0  0  0  1
transition,transition,0  0  0  1
transition,transition,0  0  0  1
transition,transition,0  0  0  1
transition,transition,0  0  0  1
transition,transition,0.033333           0           0     0.96667
transition,transition,0.36667           0           0     0.63333
transition,transition,0.35977    0.026071     0.50238      1.9395
transition,transition,0.2           0           0         0.8
transition,transition,0.26667           0           0     0.73333
transition,transition,0.16667           0           0     0.83333
transition,transition,0.16667           0           0     0.83333
transition,transition,0.16667           0           0     0.83333
transition,transition,0.89229           0    0.019552      1.9159
transition,transition,0.36667           0           0     0.63333
transition,transition,0.33333           0           0     0.66667
transition,transition,1.0833           0    0.009066      1.7354
bike,transition,1.4126           0    0.014254      1.4009
bike,transition,1.4788           0     0.02397       1.325
bike,transition,0.63333           0           0     0.36667
transition,transition,1.0403           0    0.039139      1.7483
bike,transition,0.7           0           0         0.3
transition,transition,0.3           0           0         0.7
transition,transition,0.23333           0           0     0.76667
transition,transition,0.16667           0    0.033333         0.8
transition,transition,0.16667           0           0     0.83333
transition,transition,0.13333           0    0.033333     0.83333
transition,transition,0.2           0           0         0.8
transition,transition,0.2           0           0         0.8
transition,transition,0.16667           0           0     0.83333
transition,transition,0.033333           0           0     0.96667
transition,transition,0  0  0  1
transition,transition,0  0  0  1
transition,transition,0  0  0  1
transition,transition,0  0  0  1
transition,transition,0  0  0  1
transition,transition,0.1           0           0         0.9
transition,transition,0.13333           0           0     0.86667
transition,transition,0.13333           0           0     0.86667
transition,transition,0.1           0           0         0.9
transition,transition,0.16667           0           0     0.83333
transition,transition,0.3           0           0         0.7
bike,transition,0.6           0           0         0.4
bike,transition,0.83333           0    0.033333     0.13333
bike,transition,0.83333           0    0.033333     0.13333
bike,transition,0.73333           0         0.1     0.16667
bike,transition,2.6815           0    0.015401     0.13082
bike,transition,0.66667           0     0.16667     0.16667
transition,transition,0.2           0    0.066667     0.73333
transition,transition,1.2305           0   0.0043485      1.5929
bike,transition,1.6748           0    0.014219      1.1387
bike,transition,1.4245           0     0.03074      1.3725
transition,transition,1.1501           0    0.028652       1.649
transition,transition,1.1501           0    0.028652       1.649
transition,transition,1.0482           0     0.04614      1.7334
transition,transition,1.0348           0    0.056788      1.7362
transition,transition,1.0348           0    0.056788      1.7362
bike,transition,2.0537           0     0.56102     0.21302
transition,transition,0.4           0           0         0.6
bike,transition,1.9165           0     0.66936     0.24188
bike,transition,0.63333           0           0     0.36667
bike,transition,0.7           0           0         0.3
bike,transition,0.8           0           0         0.2
bike,transition,0.8           0           0         0.2
bike,transition,0.86667           0           0     0.13333
bike,transition,0.96667           0           0    0.033333
bike,transition,0.93333           0           0    0.066667
bike,transition,0.9           0           0         0.1
bike,bike,0.66667           0           0     0.33333
bike,bike,0.86667           0           0     0.13333
bike,bike,0.86667           0           0     0.13333
bike,bike,0.73333           0           0     0.26667
transition,bike,0.1           0           0         0.9
transition,bike,0.1           0           0         0.9
transition,bike,0.066667           0           0     0.93333
transition,bike,0.033333           0           0     0.96667
transition,bike,0.066667           0           0     0.93333
transition,bike,0.066667           0           0     0.93333
transition,bike,0.066667           0           0     0.93333
transition,bike,0.066667           0           0     0.93333
transition,bike,0.066667           0           0     0.93333
transition,bike,0.13333           0           0     0.86667
transition,bike,0.3           0    0.033333     0.66667
transition,bike,0.13333           0           0     0.86667
transition,bike,0.066667           0           0     0.93333
transition,bike,0.066667           0           0     0.93333
transition,bike,0.1           0           0         0.9
transition,bike,0.1    0.033333           0     0.86667
transition,bike,0.1           0           0         0.9
transition,bike,0.1           0           0         0.9
transition,bike,0.1           0           0         0.9
transition,bike,0.066667           0           0     0.93333
transition,bike,0.033333           0           0     0.96667
transition,bike,0.1    0.033333           0     0.86667
transition,bike,0.1    0.033333           0     0.86667
transition,bike,0.1           0           0         0.9
transition,bike,0.1           0           0         0.9
transition,bike,0.1           0           0         0.9
transition,bike,0.1           0           0         0.9
transition,bike,0.1           0           0         0.9
transition,bike,0.13333           0           0     0.86667
bike,bike,1  0  0  0
bike,bike,1  0  0  0
bike,bike,1  0  0  0
bike,bike,1  0  0  0
bike,bike,1  0  0  0
bike,bike,0.96667           0           0    0.033333
bike,bike,0.93333           0           0    0.066667
bike,bike,0.93333           0           0    0.066667
bike,bike,0.96667           0           0    0.033333
bike,bike,0.96667           0           0    0.033333
bike,bike,0.96667           0           0    0.033333
bike,bike,0.96667           0           0    0.033333
bike,bike,0.96667           0           0    0.033333
bike,bike,0.96667           0           0    0.033333
bike,bike,0.96667           0           0    0.033333
bike,bike,0.96667           0           0    0.033333
bike,bike,0.96667           0           0    0.033333
bike,bike,0.93333           0           0    0.066667
bike,bike,0.93333           0           0    0.066667
bike,bike,0.96667           0           0    0.033333
bike,bike,0.96667           0           0    0.033333
bike,bike,0.96667           0           0    0.033333
bike,bike,0.93333           0           0    0.066667
bike,bike,0.93333           0           0    0.066667
bike,bike,0.9           0           0         0.1
bike,bike,0.93333           0           0    0.066667
bike,bike,0.96667           0           0    0.033333
bike,bike,0.93333           0           0    0.066667
bike,bike,1  0  0  0
bike,bike,1  0  0  0
bike,bike,1  0  0  0
bike,bike,1  0  0  0
bike,bike,1  0  0  0
bike,bike,0.96667           0           0    0.033333
bike,bike,0.9           0           0         0.1
bike,bike,0.83333           0           0     0.16667
bike,bike,2.4827   0.0017354   0.0065076     0.33684
transition,bike,0.1           0           0         0.9
transition,bike,0.066667           0           0     0.93333
transition,bike,0.066667           0           0     0.93333
transition,bike,0.066667           0           0     0.93333
transition,bike,0.066667           0           0     0.93333
transition,bike,0.16667           0           0     0.83333
transition,bike,0.16667           0           0     0.83333
transition,bike,0.13333           0    0.033333     0.83333
transition,bike,0.13333           0    0.033333     0.83333
bike,bike,0.83333           0    0.033333     0.13333
bike,bike,1  0  0  0
bike,bike,1  0  0  0
bike,bike,1  0  0  0
bike,bike,0.96667           0           0    0.033333
bike,bike,0.96667           0           0    0.033333
bike,bike,0.9           0           0         0.1
bike,bike,0.96667           0           0    0.033333
bike,bike,1  0  0  0
bike,bike,0.96667           0           0    0.033333
bike,bike,0.96667           0           0    0.033333
bike,bike,0.96667           0           0    0.033333
bike,bike,0.9           0           0         0.1
bike,bike,0.86667           0           0     0.13333
bike,bike,0.93333           0           0    0.066667
bike,bike,0.96667           0           0    0.033333
bike,bike,0.93333           0           0    0.066667
bike,bike,0.96667           0           0    0.033333
bike,bike,0.96667           0           0    0.033333
bike,bike,0.96667           0           0    0.033333
bike,bike,0.96667           0           0    0.033333
bike,bike,1  0  0  0
bike,bike,1  0  0  0
bike,bike,0.76667           0           0     0.23333
bike,bike,0.76667           0           0     0.23333
bike,bike,0.76667           0           0     0.23333
bike,bike,0.76667           0           0     0.23333
bike,bike,0.7           0           0         0.3
bike,bike,1  0  0  0
bike,bike,1  0  0  0
bike,bike,0.76667           0    0.033333         0.2
transition,bike,0.3           0    0.033333     0.66667
transition,bike,0.16667           0           0     0.83333
transition,bike,0.1           0           0         0.9
transition,bike,0.033333           0           0     0.96667
transition,bike,0.033333           0           0     0.96667
transition,bike,0.033333           0           0     0.96667
transition,bike,0.1    0.033333           0     0.86667
transition,bike,0.1    0.033333           0     0.86667
transition,bike,0.1    0.033333           0     0.86667
transition,bike,0.1    0.033333           0     0.86667
transition,bike,0.1    0.033333           0     0.86667
transition,bike,0.1    0.033333           0     0.86667
transition,bike,0.1    0.033333           0     0.86667
transition,bike,0.1    0.066667           0     0.83333
transition,bike,0.1         0.1           0         0.8
transition,bike,0.16667    0.066667           0     0.76667
transition,bike,0.16667    0.033333           0         0.8
transition,bike,0.16667    0.066667           0     0.76667
transition,bike,0.16667         0.1           0     0.73333
transition,bike,0.1    0.033333           0     0.86667
transition,bike,0.1    0.033333           0     0.86667
transition,bike,0.1    0.033333           0     0.86667
transition,bike,0.1    0.033333           0     0.86667
transition,bike,0.1           0           0         0.9
transition,bike,0.1           0           0         0.9
transition,bike,0.1           0    0.033333     0.86667
transition,bike,0.1           0    0.033333     0.86667
transition,bike,0.23333           0    0.033333     0.73333
bike,bike,1.6379   0.0096049     0.11424       1.066
bike,bike,0.93333           0           0    0.066667
bike,bike,0.96667           0           0    0.033333
bike,bike,0.96667           0           0    0.033333
bike,bike,0.96667           0           0    0.033333
bike,bike,1  0  0  0
bike,bike,1  0  0  0
bike,bike,1  0  0  0
bike,bike,1  0  0  0
bike,bike,1  0  0  0
bike,bike,0.93333           0           0    0.066667
bike,bike,0.9           0           0         0.1
bike,bike,0.93333           0           0    0.066667
bike,bike,0.96667           0           0    0.033333
bike,bike,0.96667           0           0    0.033333
bike,bike,0.96667           0           0    0.033333
bike,bike,1  0  0  0
bike,bike,1  0  0  0
bike,bike,1  0  0  0
bike,bike,0.96667           0           0    0.033333
bike,bike,0.93333           0           0    0.066667
bike,bike,0.96667           0           0    0.033333
bike,bike,0.96667           0           0    0.033333
bike,bike,1  0  0  0
bike,bike,1  0  0  0
bike,bike,1  0  0  0
bike,bike,0.96667           0           0    0.033333
bike,bike,0.96667           0           0    0.033333
bike,bike,0.96667           0           0    0.033333
bike,bike,0.96667           0           0    0.033333
bike,bike,1  0  0  0
bike,bike,1  0  0  0
bike,bike,0.96667           0           0    0.033333
bike,bike,1  0  0  0
bike,bike,0.93333           0           0    0.066667
bike,bike,1  0  0  0
bike,bike,0.93333           0           0    0.066667
bike,bike,0.9           0           0         0.1
bike,bike,0.9           0           0         0.1
bike,bike,0.96667           0           0    0.033333
bike,bike,0.96667           0    0.033333           0
bike,bike,1  0  0  0
bike,bike,1  0  0  0
bike,bike,1  0  0  0
bike,bike,0.93333           0           0    0.066667
bike,bike,0.93333           0           0    0.066667
bike,bike,1  0  0  0
bike,bike,0.96667           0           0    0.033333
bike,bike,1  0  0  0
bike,bike,1  0  0  0
bike,bike,1  0  0  0
bike,bike,1  0  0  0
bike,bike,1  0  0  0
bike,bike,0.96667           0           0    0.033333
bike,bike,0.83333           0           0     0.16667
bike,bike,0.83333           0           0     0.16667
bike,bike,0.8           0           0         0.2
bike,bike,0.8           0           0         0.2
bike,bike,2.6273           0           0     0.20041
bike,bike,0.76667           0           0     0.23333
bike,bike,0.76667           0           0     0.23333
bike,bike,0.76667           0           0     0.23333
bike,bike,0.8           0           0         0.2
bike,bike,0.76667           0           0     0.23333
bike,bike,0.93333           0           0    0.066667
bike,bike,0.93333           0           0    0.066667
bike,bike,0.96667           0           0    0.033333
bike,bike,1  0  0  0
bike,bike,1  0  0  0
bike,bike,1  0  0  0
bike,bike,0.96667           0           0    0.033333
bike,bike,0.96667           0           0    0.033333
bike,bike,0.93333           0           0    0.066667
bike,bike,0.93333           0           0    0.066667
bike,bike,0.93333           0           0    0.066667
bike,bike,0.93333           0           0    0.066667
bike,bike,0.93333           0           0    0.066667
bike,bike,0.93333           0           0    0.066667
bike,bike,0.93333           0           0    0.066667
bike,bike,0.96667           0           0    0.033333
bike,bike,0.96667           0           0    0.033333
bike,bike,1  0  0  0
bike,bike,1  0  0  0
bike,bike,0.93333           0           0    0.066667
bike,bike,0.93333           0           0    0.066667
bike,bike,1  0  0  0
bike,bike,1  0  0  0
bike,bike,0.93333           0           0    0.066667
bike,bike,0.93333           0           0    0.066667
bike,bike,1  0  0  0
bike,bike,0.96667           0           0    0.033333
bike,bike,1  0  0  0
bike,bike,1  0  0  0
bike,bike,1  0  0  0
bike,bike,1  0  0  0
bike,bike,1  0  0  0
bike,bike,1  0  0  0
bike,bike,1  0  0  0
bike,bike,1  0  0  0
bike,bike,0.96667           0           0    0.033333
bike,bike,0.96667           0           0    0.033333
bike,bike,0.96667           0           0    0.033333
bike,bike,0.93333           0           0    0.066667
bike,bike,0.93333           0           0    0.066667
bike,bike,0.86667           0           0     0.13333
bike,bike,0.9           0           0         0.1
bike,bike,0.9           0           0         0.1
bike,bike,1  0  0  0
bike,bike,0.96667           0           0    0.033333
bike,bike,1  0  0  0
bike,bike,0.96667           0           0    0.033333
bike,bike,0.96667           0           0    0.033333
bike,bike,0.96667           0           0    0.033333
bike,bike,0.96667           0           0    0.033333
bike,bike,1  0  0  0
bike,bike,1  0  0  0
bike,bike,0.93333           0           0    0.066667
bike,bike,0.96667           0           0    0.033333
bike,bike,0.93333           0           0    0.066667
bike,bike,0.96667           0           0    0.033333
bike,bike,0.96667           0           0    0.033333
bike,bike,0.96667           0           0    0.033333
bike,bike,1  0  0  0
bike,bike,1  0  0  0
bike,bike,1  0  0  0
bike,bike,1  0  0  0
bike,bike,0.96667           0           0    0.033333
bike,bike,0.93333           0           0    0.066667
bike,bike,0.83333           0           0     0.16667
bike,bike,0.76667           0           0     0.23333
bike,bike,2.6273           0           0     0.20041
bike,bike,2.3305   0.0028934    0.015076      0.4793
transition,bike,0.16667           0           0     0.83333
transition,bike,0.26667           0           0     0.73333
transition,bike,0.033333           0           0     0.96667
transition,bike,0.066667           0           0     0.93333
transition,bike,0.033333           0           0     0.96667
transition,bike,0.1           0           0         0.9
bike,bike,2.4912   0.0011581   0.0085687     0.32684
transition,bike,0.16667           0           0     0.83333
transition,bike,0.1           0           0         0.9
transition,bike,0.066667           0           0     0.93333
transition,bike,0.1           0           0         0.9
transition,bike,0.1           0           0         0.9
transition,bike,0.033333           0           0     0.96667
transition,bike,0.066667           0           0     0.93333
transition,bike,0.1           0           0         0.9
transition,bike,0.1           0           0         0.9
transition,bike,0.1           0           0         0.9
transition,bike,0.1           0           0         0.9
bike,bike,0.93333           0           0    0.066667
bike,bike,1  0  0  0
bike,bike,0.96667           0           0    0.033333
bike,bike,1  0  0  0
bike,bike,1  0  0  0
bike,bike,1  0  0  0
bike,bike,1  0  0  0
bike,bike,1  0  0  0
bike,bike,0.96667           0           0    0.033333
bike,bike,0.96667           0           0    0.033333
bike,bike,0.93333           0           0    0.066667
bike,bike,0.96667           0           0    0.033333
bike,bike,1  0  0  0
bike,bike,0.93333           0           0    0.066667
bike,bike,1  0  0  0
bike,bike,1  0  0  0
bike,bike,0.9           0           0         0.1
bike,bike,0.93333           0           0    0.066667
bike,bike,0.93333           0           0    0.066667
bike,bike,0.96667           0           0    0.033333
bike,bike,0.93333           0           0    0.066667
bike,bike,0.96667           0           0    0.033333
bike,bike,1  0  0  0
bike,bike,0.96667           0           0    0.033333
bike,bike,0.96667           0           0    0.033333
bike,bike,0.96667           0           0    0.033333
bike,bike,1  0  0  0
bike,bike,1  0  0  0
bike,bike,1  0  0  0
bike,bike,1  0  0  0
bike,bike,1  0  0  0
bike,bike,0.7           0           0         0.3
bike,bike,2.6135           0           0     0.21421
bike,bike,2.6135           0           0     0.21421
transition,bike,0.16667           0           0     0.83333
transition,bike,0.13333           0           0     0.86667
transition,bike,0.2           0           0         0.8
transition,bike,0.066667           0           0     0.93333
transition,bike,0.033333           0           0     0.96667
transition,bike,0.066667           0           0     0.93333
bike,bike,0.63333           0    0.033333     0.33333
bike,bike,0.96667           0           0    0.033333
bike,bike,0.73333           0           0     0.26667
bike,bike,0.73333           0           0     0.26667
bike,bike,0.86667           0           0     0.13333
bike,bike,0.86667           0           0     0.13333
bike,bike,0.86667           0           0     0.13333
bike,bike,1  0  0  0
bike,bike,0.96667           0           0    0.033333
bike,bike,1  0  0  0
bike,bike,1  0  0  0
bike,bike,1  0  0  0
bike,bike,1  0  0  0
bike,bike,1  0  0  0
bike,bike,1  0  0  0
bike,bike,1  0  0  0
bike,bike,1  0  0  0
bike,bike,0.73333           0    0.033333     0.23333
bike,bike,2.6135           0           0     0.21421
transition,bike,0.1           0           0         0.9
transition,bike,0.13333           0           0     0.86667
transition,bike,0.13333           0           0     0.86667
transition,bike,0.13333           0           0     0.86667
transition,bike,0.13333           0           0     0.86667
transition,bike,0.13333           0           0     0.86667
transition,bike,0.13333           0           0     0.86667
transition,bike,0.13333           0           0     0.86667
transition,bike,0.36667           0           0     0.63333
bike,bike,2.2465   0.0048393    0.018732     0.55768
transition,bike,0.1           0           0         0.9
transition,bike,0.066667           0           0     0.93333
transition,bike,0.066667           0           0     0.93333
transition,bike,0.033333           0           0     0.96667
transition,bike,0.066667           0           0     0.93333
transition,bike,0.033333           0           0     0.96667
transition,bike,0.033333           0           0     0.96667
transition,bike,0.033333           0           0     0.96667
transition,bike,0.066667           0           0     0.93333
transition,bike,0.066667           0           0     0.93333
transition,bike,0.3           0           0         0.7
bike,bike,0.86667           0           0     0.13333
bike,bike,0.9           0           0         0.1
bike,bike,0.9           0           0         0.1
bike,bike,0.9           0           0         0.1
bike,bike,0.9           0           0         0.1
bike,bike,0.73333           0           0     0.26667
transition,bike,0.16667           0           0     0.83333
transition,bike,0.13333           0           0     0.86667
transition,bike,0.1           0           0         0.9
transition,bike,0.13333           0           0     0.86667
transition,bike,0.066667           0           0     0.93333
transition,bike,0.033333    0.066667           0         0.9
transition,bike,0.033333    0.033333           0     0.93333
transition,bike,0.033333    0.033333           0     0.93333
transition,bike,0.033333           0           0     0.96667
transition,bike,0.066667           0           0     0.93333
run,bike,0      2.8278           0           0
bike,bike,0.9           0           0         0.1
bike,bike,0.9           0           0         0.1
bike,bike,0.9           0           0         0.1
bike,bike,0.9           0           0         0.1
bike,bike,0.86667           0           0     0.13333
bike,bike,0.86667           0           0     0.13333
bike,bike,0.8           0           0         0.2
bike,bike,0.9           0           0         0.1
bike,bike,0.93333           0           0    0.066667
bike,bike,0.93333           0           0    0.066667
bike,bike,0.93333           0           0    0.066667
bike,bike,0.96667           0           0    0.033333
bike,bike,0.93333           0           0    0.066667
bike,bike,0.9           0           0         0.1
bike,bike,0.96667           0           0    0.033333
bike,bike,0.96667           0           0    0.033333
bike,bike,0.96667           0           0    0.033333
bike,bike,0.96667           0           0    0.033333
bike,bike,0.96667           0           0    0.033333
bike,bike,0.96667           0           0    0.033333
bike,bike,0.93333           0           0    0.066667
bike,bike,0.93333           0           0    0.066667
bike,bike,0.93333           0           0    0.066667
bike,bike,0.93333           0           0    0.066667
bike,bike,0.9           0           0         0.1
bike,bike,0.96667           0           0    0.033333
bike,bike,0.96667           0           0    0.033333
bike,bike,0.96667           0           0    0.033333
bike,bike,0.96667           0           0    0.033333
bike,bike,1  0  0  0
bike,bike,1  0  0  0
bike,bike,0.96667           0           0    0.033333
bike,bike,1  0  0  0
bike,bike,1  0  0  0
bike,bike,1  0  0  0
bike,bike,0.96667           0           0    0.033333
bike,bike,0.96667           0           0    0.033333
bike,bike,1  0  0  0
bike,bike,1  0  0  0
bike,bike,1  0  0  0
bike,bike,1  0  0  0
bike,bike,1  0  0  0
bike,bike,1  0  0  0
bike,bike,1  0  0  0
bike,bike,1  0  0  0
bike,bike,1  0  0  0
bike,bike,1  0  0  0
bike,bike,1  0  0  0
bike,bike,1  0  0  0
bike,bike,0.93333           0           0    0.066667
bike,bike,1  0  0  0
bike,bike,1  0  0  0
bike,bike,0.96667           0           0    0.033333
bike,bike,0.96667           0           0    0.033333
bike,bike,0.96667           0           0    0.033333
bike,bike,1  0  0  0
bike,bike,0.96667           0           0    0.033333
bike,bike,1  0  0  0
bike,bike,1  0  0  0
bike,bike,1  0  0  0
bike,bike,0.96667           0           0    0.033333
bike,bike,1  0  0  0
bike,bike,1  0  0  0
bike,bike,1  0  0  0
bike,bike,1  0  0  0
bike,bike,1  0  0  0
bike,bike,1  0  0  0
bike,bike,1  0  0  0
bike,bike,1  0  0  0
bike,bike,1  0  0  0
bike,bike,1  0  0  0
bike,bike,1  0  0  0
bike,bike,1  0  0  0
bike,bike,1  0  0  0
bike,bike,1  0  0  0
bike,bike,1  0  0  0
bike,bike,1  0  0  0
bike,bike,0.96667           0           0    0.033333
bike,bike,0.96667           0           0    0.033333
bike,bike,0.93333           0           0    0.066667
bike,bike,0.9           0           0         0.1
bike,bike,0.9           0           0         0.1
bike,bike,0.9           0           0         0.1
bike,bike,0.9           0           0         0.1
bike,bike,0.9           0           0         0.1
bike,bike,0.9           0           0         0.1
bike,bike,0.9           0           0         0.1
bike,bike,0.86667           0           0     0.13333
bike,bike,0.83333           0           0     0.16667
bike,bike,0.63333           0    0.033333     0.33333
transition,bike,0.33333           0    0.033333     0.63333
bike,bike,0.83333           0           0     0.16667
bike,bike,0.83333           0           0     0.16667
bike,bike,0.86667           0           0     0.13333
bike,bike,0.86667           0           0     0.13333
bike,bike,0.86667           0           0     0.13333
bike,bike,1  0  0  0
bike,bike,0.93333           0           0    0.066667
bike,bike,0.96667           0           0    0.033333
bike,bike,0.9           0           0         0.1
bike,bike,0.9           0           0         0.1
bike,bike,0.9           0           0         0.1
bike,bike,0.96667           0           0    0.033333
bike,bike,1  0  0  0
bike,bike,0.96667           0           0    0.033333
bike,bike,0.93333           0           0    0.066667
bike,bike,0.93333           0           0    0.066667
bike,bike,0.93333           0           0    0.066667
bike,bike,1  0  0  0
bike,bike,1  0  0  0
bike,bike,1  0  0  0
bike,bike,1  0  0  0
bike,bike,1  0  0  0
bike,bike,1  0  0  0
bike,bike,0.96667           0           0    0.033333
bike,bike,1  0  0  0
bike,bike,1  0  0  0
bike,transition,1  0  0  0
bike,transition,0.9           0           0         0.1
bike,transition,0.9           0           0         0.1
transition,bike,0.60392    0.034113     0.31712      1.8726
transition,transition,0.2           0           0         0.8
transition,transition,0.2           0           0         0.8
transition,transition,0.26667           0           0     0.73333
transition,transition,0.23333           0           0     0.76667
transition,transition,0.23333           0           0     0.76667
transition,transition,0.26667           0           0     0.73333
transition,transition,0.36667           0           0     0.63333
transition,transition,0.36667           0           0     0.63333
transition,transition,0.36667           0           0     0.63333
transition,transition,0.16667           0     0.13333         0.7
transition,transition,0.33333           0    0.066667         0.6
transition,transition,1.1113           0    0.041388      1.6751
transition,transition,1.0348           0    0.056788      1.7362
transition,transition,1.0199           0    0.030506      1.7774
transition,transition,1.173           0    0.018782       1.636
transition,transition,1.2813           0    0.018782      1.5277
bike,transition,0.66667           0    0.033333         0.3
transition,transition,0.33333           0    0.033333     0.63333
transition,transition,1.3713           0     0.02397      1.4325
transition,transition,0.3           0    0.033333     0.66667
transition,transition,0.3           0           0         0.7
transition,transition,0.3           0    0.033333     0.66667
transition,transition,0.33333           0           0     0.66667
transition,transition,0.2           0           0         0.8
transition,transition,0.2           0           0         0.8
transition,transition,0.16667           0           0     0.83333
transition,transition,0.13333           0    0.033333     0.83333
transition,transition,0.13333           0           0     0.86667
transition,transition,0  0  0  1
transition,transition,0  0  0  1
transition,transition,0  0  0  1
transition,transition,0  0  0  1
transition,transition,0  0  0  1
transition,transition,0  0  0  1
transition,transition,0  0  0  1
transition,transition,0  0  0  1
transition,transition,0  0  0  1
transition,transition,0  0  0  1
transition,transition,0.033333           0           0     0.96667
transition,transition,0  0  0  1
transition,transition,0  0  0  1
transition,transition,0  0  0  1
transition,transition,0  0  0  1
transition,transition,0  0  0  1
transition,transition,0  0  0  1
transition,transition,0  0  0  1
transition,transition,0.066667           0    0.066667     0.86667
transition,transition,0.033333           0           0     0.96667
transition,transition,0.1           0    0.033333     0.86667
transition,transition,0.066667           0           0     0.93333
transition,transition,0.033333           0           0     0.96667
transition,transition,0.033333           0           0     0.96667
transition,transition,0  0  0  1
transition,transition,0  0  0  1
transition,transition,0.033333           0           0     0.96667
transition,transition,0  0  0  1
transition,transition,0  0  0  1
transition,transition,0  0  0  1
transition,transition,0  0  0  1
transition,transition,0.033333           0           0     0.96667
transition,transition,0.033333           0           0     0.96667
transition,transition,0.033333           0           0     0.96667
transition,transition,0.033333           0    0.033333     0.93333
transition,transition,0.066667           0    0.033333         0.9
transition,transition,0.033333           0    0.066667         0.9
transition,transition,0.16667           0    0.066667     0.76667
transition,transition,0.033333           0           0     0.96667
transition,transition,0.033333           0           0     0.96667
transition,transition,0.033333           0           0     0.96667
transition,transition,0.033333           0           0     0.96667
transition,transition,0.1           0           0         0.9
transition,transition,0.1           0           0         0.9
transition,transition,0.1           0    0.033333     0.86667
transition,transition,0.066667           0    0.033333         0.9
transition,transition,0.1           0    0.033333     0.86667
transition,transition,0.1           0    0.033333     0.86667
transition,transition,0.16667           0           0     0.83333
transition,transition,0.13333           0           0     0.86667
transition,transition,0.1           0    0.066667     0.83333
transition,transition,0.1           0    0.033333     0.86667
transition,transition,0.13333           0    0.033333     0.83333
transition,transition,0.1           0           0         0.9
transition,transition,0.033333           0           0     0.96667
transition,transition,0.1           0    0.033333     0.86667
transition,transition,0.066667           0    0.033333         0.9
transition,transition,0.1           0    0.033333     0.86667
transition,transition,0.2           0           0         0.8
transition,transition,0.1           0           0         0.9
transition,transition,0.1           0           0         0.9
transition,transition,0.033333           0           0     0.96667
transition,transition,0.033333           0           0     0.96667
transition,transition,0  0  0  1
transition,transition,0  0  0  1
transition,transition,0  0  0  1
transition,transition,0  0  0  1
transition,transition,0  0  0  1
transition,transition,0.033333           0           0     0.96667
transition,transition,0.033333           0           0     0.96667
transition,transition,0  0  0  1
transition,transition,0  0  0  1
transition,transition,0  0  0  1
transition,transition,0           0    0.033333     0.96667
transition,transition,0.033333           0    0.066667         0.9
transition,transition,0           0    0.066667     0.93333
transition,transition,0.066667           0    0.033333         0.9
transition,transition,0.2           0    0.066667     0.73333
transition,transition,0.23333           0    0.066667         0.7
transition,transition,0.2           0    0.066667     0.73333
transition,transition,0.23333           0    0.066667         0.7
transition,transition,0.2           0    0.066667     0.73333
transition,transition,0.2           0    0.066667     0.73333
transition,transition,0  0  0  1
transition,transition,0  0  0  1
transition,transition,0  0  0  1
transition,transition,0  0  0  1
transition,transition,0  0  0  1
transition,transition,0  0  0  1
transition,transition,0  0  0  1
transition,transition,0  0  0  1
transition,transition,0  0  0  1
transition,transition,0  0  0  1
transition,transition,0.033333           0           0     0.96667
transition,transition,0.033333           0     0.13333     0.83333
transition,transition,0.033333           0     0.36667         0.6
swim,transition,0.018856    0.089164      1.4239      1.2958
run,transition,0     0.96667    0.033333           0
run,transition,0     0.96667    0.033333           0
run,transition,0  1  0  0
run,transition,0  1  0  0
run,transition,0  1  0  0
run,run,0  1  0  0
run,run,0  1  0  0
run,run,0  1  0  0
run,run,0  1  0  0
run,run,0  1  0  0
run,run,0  1  0  0
run,run,0  1  0  0
run,run,0  1  0  0
run,run,0  1  0  0
run,run,0  1  0  0
run,run,0  1  0  0
run,run,0  1  0  0
run,run,0  1  0  0
run,run,0  1  0  0
run,run,0  1  0  0
run,run,0  1  0  0
run,run,0  1  0  0
run,run,0  1  0  0
run,run,0  1  0  0
run,run,0  1  0  0
run,run,0  1  0  0
run,run,0  1  0  0
run,run,0  1  0  0
run,run,0  1  0  0
run,run,0  1  0  0
run,run,0  1  0  0
run,run,0  1  0  0
run,run,0  1  0  0
run,run,0  1  0  0
run,run,0  1  0  0
run,run,0  1  0  0
run,run,0  1  0  0
run,run,0  1  0  0
run,run,0  1  0  0
run,run,0  1  0  0
run,run,0  1  0  0
run,run,0  1  0  0
run,run,0  1  0  0
run,run,0  1  0  0
run,run,0  1  0  0
run,run,0  1  0  0
run,run,0  1  0  0
run,run,0  1  0  0
run,run,0  1  0  0
run,run,0  1  0  0
run,run,0  1  0  0
run,run,0  1  0  0
run,run,0  1  0  0
run,run,0  1  0  0
run,run,0  1  0  0
run,run,0  1  0  0
run,run,0  1  0  0
run,run,0  1  0  0
run,run,0  1  0  0
run,run,0  1  0  0
run,run,0  1  0  0
run,run,0  1  0  0
run,run,0  1  0  0
run,run,0  1  0  0
run,run,0  1  0  0
run,run,0  1  0  0
run,run,0  1  0  0
run,run,0     0.96667    0.033333           0
run,run,0  1  0  0
run,run,0  1  0  0
run,run,0  1  0  0
run,run,0  1  0  0
run,run,0  1  0  0
run,run,0  1  0  0
run,run,0  1  0  0
run,run,0  1  0  0
run,run,0  1  0  0
run,run,0  1  0  0
run,run,0  1  0  0
run,run,0  1  0  0
run,run,0  1  0  0
run,run,0  1  0  0
run,run,0  1  0  0
run,run,0  1  0  0
run,run,0  1  0  0
run,run,0  1  0  0
run,run,0  1  0  0
run,run,0  1  0  0
run,run,0  1  0  0
run,run,0  1  0  0
run,run,0  1  0  0
run,run,0  1  0  0
run,run,0  1  0  0
run,run,0  1  0  0
run,run,0  1  0  0
run,run,0  1  0  0
run,run,0  1  0  0
run,run,0  1  0  0
run,run,0  1  0  0
run,run,0  1  0  0
run,run,0  1  0  0
run,run,0  1  0  0
run,run,0  1  0  0
run,run,0  1  0  0
run,run,0  1  0  0
run,run,0  1  0  0
run,run,0  1  0  0
run,run,0  1  0  0
run,run,0  1  0  0
run,run,0  1  0  0
run,run,0  1  0  0
run,run,0  1  0  0
run,run,0  1  0  0
run,run,0  1  0  0
run,run,0  1  0  0
run,run,0  1  0  0
run,run,0  1  0  0
run,run,0  1  0  0
run,run,0  1  0  0
run,run,0  1  0  0
run,run,0  1  0  0
run,run,0  1  0  0
run,run,0  1  0  0
run,run,0  1  0  0
run,run,0  1  0  0
run,run,0  1  0  0
run,run,0  1  0  0
run,run,0  1  0  0
run,run,0  1  0  0
run,run,0  1  0  0
run,run,0  1  0  0
run,run,0  1  0  0
run,run,0  1  0  0
run,run,0  1  0  0
run,run,0  1  0  0
run,run,0  1  0  0
run,run,0  1  0  0
run,run,0  1  0  0
run,run,0  1  0  0
run,run,0  1  0  0
run,run,0  1  0  0
run,run,0  1  0  0
run,run,0     0.96667           0    0.033333
run,run,0  1  0  0
run,run,0  1  0  0
run,run,0  1  0  0
run,run,0  1  0  0
run,run,0  1  0  0
run,run,0  1  0  0
run,run,0  1  0  0
run,run,0  1  0  0
run,run,0  1  0  0
run,run,0  1  0  0
run,run,0  1  0  0
run,run,0  1  0  0
run,run,0  1  0  0
run,run,0  1  0  0
run,run,0  1  0  0
run,run,0  1  0  0
run,run,0  1  0  0
run,run,0  1  0  0
run,run,0  1  0  0
run,run,0  1  0  0
run,run,0  1  0  0
run,run,0  1  0  0
run,run,0  1  0  0
run,run,0  1  0  0
run,run,0  1  0  0
run,run,0  1  0  0
run,run,0  1  0  0
run,run,0  1  0  0
run,run,0  1  0  0
run,run,0  1  0  0
run,run,0  1  0  0
run,run,0  1  0  0
run,run,0  1  0  0
run,run,0  1  0  0
run,run,0  1  0  0
run,run,0  1  0  0
run,run,0  1  0  0
run,run,0  1  0  0
run,run,0  1  0  0
run,run,0  1  0  0
run,run,0  1  0  0
run,run,0  1  0  0
run,run,0  1  0  0
run,run,0  1  0  0
run,run,0  1  0  0
run,run,0  1  0  0
run,run,0  1  0  0
run,run,0  1  0  0
run,run,0  1  0  0
run,run,0  1  0  0
run,run,0  1  0  0
run,run,0  1  0  0
run,run,0  1  0  0
run,run,0  1  0  0
run,run,0  1  0  0
run,run,0  1  0  0
run,run,0  1  0  0
run,run,0  1  0  0
run,run,0  1  0  0
run,run,0  1  0  0
run,run,0  1  0  0
run,run,0  1  0  0
run,run,0  1  0  0
run,run,0  1  0  0
run,run,0  1  0  0
run,run,0  1  0  0
run,run,0  1  0  0
run,run,0  1  0  0
run,run,0  1  0  0
run,run,0  1  0  0
run,run,0  1  0  0
run,run,0  1  0  0
run,run,0  1  0  0
run,run,0  1  0  0
run,run,0  1  0  0
run,run,0  1  0  0
run,run,0  1  0  0
run,run,0  1  0  0
run,run,0  1  0  0
run,run,0  1  0  0
run,run,0  1  0  0
run,run,0  1  0  0
run,run,0  1  0  0
run,run,0  1  0  0
run,run,0  1  0  0
run,run,0  1  0  0
run,run,0  1  0  0
run,run,0  1  0  0
run,run,0  1  0  0
run,run,0  1  0  0
run,run,0  1  0  0
run,run,0  1  0  0
run,run,0  1  0  0
run,run,0  1  0  0
run,run,0  1  0  0
run,run,0  1  0  0
run,run,0  1  0  0
run,run,0  1  0  0
run,run,0  1  0  0
run,run,0  1  0  0
run,run,0  1  0  0
run,run,0  1  0  0
run,run,0  1  0  0
run,run,0  1  0  0
run,run,0  1  0  0
run,run,0  1  0  0
run,run,0  1  0  0
run,run,0     0.96667           0    0.033333
run,run,0     0.93333           0    0.066667
run,run,0         0.9           0         0.1
run,run,0.033333     0.93333           0    0.033333
run,run,0.033333     0.86667           0         0.1
run,run,0     0.93333           0    0.066667
run,run,0     0.93333           0    0.066667
run,run,0     0.96667           0    0.033333
run,run,0  1  0  0
run,run,0  1  0  0
run,run,0  1  0  0
run,run,0  1  0  0
run,run,0  1  0  0
run,run,0  1  0  0
run,run,0  1  0  0
run,run,0     0.96667           0    0.033333
run,run,0  1  0  0
run,run,0  1  0  0
run,run,0  1  0  0
run,run,0  1  0  0
run,run,0  1  0  0
run,run,0  1  0  0
run,run,0  1  0  0
run,run,0  1  0  0
run,run,0  1  0  0
run,run,0  1  0  0
run,run,0  1  0  0
run,run,0  1  0  0
run,run,0  1  0  0
run,run,0  1  0  0
run,run,0  1  0  0
run,run,0  1  0  0
run,run,0  1  0  0
run,run,0  1  0  0
run,run,0  1  0  0
run,run,0  1  0  0
run,run,0  1  0  0
run,run,0  1  0  0
run,run,0  1  0  0
run,run,0  1  0  0
run,run,0  1  0  0
run,run,0  1  0  0
run,run,0  1  0  0
run,run,0  1  0  0
run,run,0  1  0  0
run,run,0  1  0  0
run,run,0  1  0  0
run,run,0  1  0  0
run,run,0  1  0  0
run,run,0  1  0  0
run,run,0  1  0  0
run,run,0  1  0  0
run,run,0  1  0  0
run,run,0  1  0  0
run,run,0  1  0  0
run,run,0  1  0  0
run,run,0  1  0  0
run,run,0  1  0  0
run,run,0  1  0  0
run,run,0  1  0  0
run,run,0  1  0  0
run,run,0  1  0  0
run,run,0  1  0  0
run,run,0  1  0  0
run,run,0  1  0  0
run,run,0  1  0  0
run,run,0  1  0  0
run,run,0  1  0  0
run,run,0  1  0  0
run,run,0  1  0  0
run,run,0  1  0  0
run,run,0  1  0  0
run,run,0  1  0  0
run,run,0  1  0  0
run,run,0  1  0  0
run,run,0  1  0  0
run,run,0  1  0  0
run,run,0  1  0  0
run,run,0  1  0  0
run,run,0  1  0  0
run,run,0  1  0  0
run,run,0  1  0  0
run,run,0  1  0  0
run,run,0  1  0  0
run,run,0  1  0  0
run,run,0  1  0  0
run,run,0  1  0  0
run,run,0  1  0  0
run,run,0      2.8278           0           0
transition,run,0         0.2         0.2         0.6
transition,run,0         0.2         0.2         0.6
transition,run,0         0.2         0.2         0.6
transition,run,0         0.2         0.2         0.6
transition,run,0     0.16667     0.23333         0.6
transition,run,0     0.16667     0.23333         0.6
transition,run,0     0.13333         0.2     0.66667
transition,run,0.016241     0.26058      0.8669       1.684
run,run,0  1  0  0
run,run,0  1  0  0
run,run,0  1  0  0
run,run,0  1  0  0
run,run,0  1  0  0
run,run,0  1  0  0
run,run,0  1  0  0
run,run,0  1  0  0
run,run,0  1  0  0
run,run,0  1  0  0
run,run,0  1  0  0
run,run,0  1  0  0
run,run,0  1  0  0
run,run,0  1  0  0
run,run,0  1  0  0
run,run,0  1  0  0
run,run,0  1  0  0
run,run,0  1  0  0
run,run,0  1  0  0
run,run,0  1  0  0
run,run,0  1  0  0
run,run,0  1  0  0
run,run,0  1  0  0
run,run,0  1  0  0
run,run,0  1  0  0
run,run,0  1  0  0
run,run,0  1  0  0
run,run,0  1  0  0
run,run,0  1  0  0
run,run,0  1  0  0
run,run,0  1  0  0
run,run,0  1  0  0
run,run,0  1  0  0
run,run,0  1  0  0
run,run,0  1  0  0
run,run,0  1  0  0
run,run,0  1  0  0
run,run,0  1  0  0
run,run,0  1  0  0
run,run,0  1  0  0
run,run,0  1  0  0
run,run,0  1  0  0
run,run,0  1  0  0
run,run,0  1  0  0
run,run,0  1  0  0
run,run,0  1  0  0
run,run,0  1  0  0
run,run,0  1  0  0
run,run,0  1  0  0
run,run,0  1  0  0
run,run,0  1  0  0
run,run,0  1  0  0
run,run,0  1  0  0
run,run,0  1  0  0
run,run,0  1  0  0
run,run,0  1  0  0
run,run,0  1  0  0
run,run,0  1  0  0
run,run,0  1  0  0
run,run,0  1  0  0
run,run,0  1  0  0
run,run,0  1  0  0
run,run,0  1  0  0
run,run,0  1  0  0
run,run,0  1  0  0
run,run,0  1  0  0
run,run,0  1  0  0
run,run,0  1  0  0
run,run,0  1  0  0
run,run,0  1  0  0
run,run,0  1  0  0
run,run,0  1  0  0
run,run,0  1  0  0
run,run,0  1  0  0
run,run,0  1  0  0
run,run,0  1  0  0
run,run,0  1  0  0
run,run,0  1  0  0
run,run,0  1  0  0
run,run,0  1  0  0
run,run,0  1  0  0
run,run,0  1  0  0
run,run,0  1  0  0
run,run,0  1  0  0
run,run,0  1  0  0
run,run,0  1  0  0
run,run,0  1  0  0
run,run,0  1  0  0
run,run,0  1  0  0
run,run,0  1  0  0
run,run,0  1  0  0
run,run,0  1  0  0
run,run,0  1  0  0
run,run,0  1  0  0
run,run,0  1  0  0
run,run,0  1  0  0
run,run,0  1  0  0
run,run,0  1  0  0
run,run,0  1  0  0
run,run,0  1  0  0
run,run,0  1  0  0
run,run,0  1  0  0
run,run,0  1  0  0
run,run,0  1  0  0
run,run,0  1  0  0
run,run,0  1  0  0
run,run,0  1  0  0
run,run,0  1  0  0
run,run,0  1  0  0
run,run,0  1  0  0
run,run,0  1  0  0
run,run,0  1  0  0
run,run,0  1  0  0
run,run,0  1  0  0
run,run,0  1  0  0
run,run,0  1  0  0
run,run,0  1  0  0
run,run,0  1  0  0
run,run,0  1  0  0
run,run,0  1  0  0
run,run,0  1  0  0
run,run,0  1  0  0
run,run,0  1  0  0
run,run,0  1  0  0
run,run,0  1  0  0
run,run,0  1  0  0
run,run,0  1  0  0
run,run,0  1  0  0
run,run,0  1  0  0
run,run,0  1  0  0
run,run,0  1  0  0
run,run,0  1  0  0
run,run,0  1  0  0
run,run,0  1  0  0
run,run,0  1  0  0
run,run,0  1  0  0
run,run,0  1  0  0
run,run,0  1  0  0
run,run,0  1  0  0
run,run,0  1  0  0
run,run,0  1  0  0
run,run,0  1  0  0
run,run,0  1  0  0
run,run,0  1  0  0
run,run,0  1  0  0
run,run,0  1  0  0
run,run,0  1  0  0
run,run,0  1  0  0
run,run,0  1  0  0
run,run,0  1  0  0
run,run,0  1  0  0
run,run,0  1  0  0
run,run,0  1  0  0
run,run,0     0.96667           0    0.033333
run,run,0.033333     0.93333           0    0.033333
run,run,0.033333     0.93333           0    0.033333
run,run,0.033333     0.93333           0    0.033333
run,run,0.033333     0.93333           0    0.033333
run,run,0.033333     0.93333           0    0.033333
run,run,0.033333     0.93333           0    0.033333
run,run,0     0.96667           0    0.033333
run,run,0     0.96667           0    0.033333
run,run,0.033333     0.93333           0    0.033333
run,run,0     0.96667           0    0.033333
run,run,0     0.96667           0    0.033333
run,run,0     0.96667           0    0.033333
run,run,0     0.96667           0    0.033333
run,run,0     0.96667           0    0.033333
run,run,0     0.96667           0    0.033333
run,run,0     0.96667           0    0.033333
run,run,0     0.96667           0    0.033333
run,run,0  1  0  0
run,run,0  1  0  0
run,run,0  1  0  0
run,run,0  1  0  0
run,run,0  1  0  0
run,run,0  1  0  0
run,run,0  1  0  0
run,run,0  1  0  0
run,run,0  1  0  0
run,run,0  1  0  0
run,run,0     0.96667           0    0.033333
run,run,0     0.96667           0    0.033333
run,run,0     0.96667           0    0.033333
run,run,0     0.96667           0    0.033333
run,run,0  1  0  0
run,run,0     0.96667           0    0.033333
run,run,0  1  0  0
run,run,0     0.96667    0.033333           0
run,run,0  1  0  0
run,run,0  1  0  0
run,run,0  1  0  0
run,run,0  1  0  0
run,run,0  1  0  0
run,run,0  1  0  0
run,run,0  1  0  0
run,run,0  1  0  0
run,run,0  1  0  0
run,run,0     0.93333    0.033333    0.033333
run,run,0     0.86667         0.1    0.033333
run,run,0  1  0  0
run,run,0  1  0  0
run,run,0  1  0  0
run,run,0  1  0  0
run,run,0  1  0  0
run,run,0  1  0  0
run,run,0  1  0  0
run,run,0  1  0  0
run,run,0  1  0  0
run,transition,0  1  0  0
run,transition,0  1  0  0
run,transition,0  1  0  0
run,run,0      2.8278           0           0
swim,transition,0     0.13333     0.63333     0.23333
swim,transition,0           0         0.8         0.2
swim,transition,0           0     0.73333     0.26667
transition,transition,0.085778    0.021319    0.074699       2.646
transition,transition,0.02513    0.080126      0.6265       2.096
swim,transition,0.30109     0.38796      2.0426    0.096101
transition,transition,0.3           0    0.033333     0.66667
bike,transition,1.3945     0.03482     0.17955      1.2189
transition,transition,0.23333           0    0.066667         0.7
bike,transition,1.6631     0.03482     0.17675     0.95308
transition,transition,0  0  0  1
transition,transition,0           0    0.033333     0.96667
transition,transition,0           0     0.23333     0.76667
transition,transition,0.033333           0     0.23333     0.73333
transition,transition,0.033333           0         0.1     0.86667
transition,transition,0.066667           0     0.13333         0.8
swim,transition,0     0.00254      2.8219   0.0032814
transition,transition,0    0.085016      1.1218       1.621
transition,transition,0.02513    0.050936     0.73748      2.0142
transition,transition,0.059495    0.036324      1.1805      1.5514
transition,transition,0.10678    0.043824     0.83865      1.8385
transition,transition,0.10244    0.043824     0.79003      1.8915
bike,transition,1.6598           0   0.0083009      1.1596
bike,transition,1.8564           0    0.055304     0.91608
transition,transition,1.0572    0.025287     0.51117      1.2341
swim,transition,0           0     0.76667     0.23333
swim,transition,0  0  1  0
swim,transition,0           0         0.9         0.1
swim,transition,0           0     0.83333     0.16667
swim,transition,0.033333           0     0.86667         0.1
swim,transition,0.033333           0     0.83333     0.13333
swim,transition,0.3904     0.32507      2.0278    0.084518
swim,transition,0     0.00254      2.8219   0.0032814
swim,transition,0     0.00254      2.8219   0.0032814
transition,transition,0.16667           0    0.066667     0.76667
transition,transition,0.23333           0    0.066667         0.7
transition,transition,0.033333           0           0     0.96667
transition,transition,0  0  0  1
transition,transition,0  0  0  1
transition,transition,0  0  0  1
transition,transition,0  0  0  1
transition,transition,0  0  0  1
transition,transition,0  0  0  1
transition,transition,0  0  0  1
transition,transition,0  0  0  1
transition,transition,0.066667    0.066667         0.1     0.76667
swim,transition,0.066667         0.1         0.6     0.23333
transition,transition,0.1    0.033333     0.23333     0.63333
transition,transition,0.26667    0.066667     0.13333     0.53333
swim,transition,0.033333           0     0.93333    0.033333
swim,transition,0    0.033333     0.93333    0.033333
swim,transition,0.033333    0.033333     0.86667    0.066667
swim,transition,0.033333    0.066667     0.83333    0.066667
swim,transition,0.033333    0.066667     0.83333    0.066667
swim,transition,0.066667    0.066667     0.76667         0.1
transition,transition,0.26667    0.033333    0.066667     0.63333
transition,transition,0.16667           0     0.13333         0.7
swim,transition,0.05018     0.12854      2.6458   0.0032814
transition,transition,0  0  0  1
transition,transition,0  0  0  1
transition,transition,0  0  0  1
transition,transition,0  0  0  1
transition,transition,0  0  0  1
transition,transition,0  0  0  1
transition,transition,0  0  0  1
transition,transition,0  0  0  1
transition,transition,0  0  0  1
transition,transition,0  0  0  1
transition,transition,0  0  0  1
transition,transition,0  0  0  1
transition,transition,0.033333           0           0     0.96667
transition,transition,0.1           0           0         0.9
transition,transition,0.1           0           0         0.9
transition,transition,0  0  0  1
transition,transition,0.033333           0           0     0.96667
transition,transition,0.066667           0           0     0.93333
transition,transition,0  0  0  1
transition,transition,0.033333           0           0     0.96667
transition,transition,0  0  0  1
transition,transition,0.033333           0           0     0.96667
transition,transition,0.033333           0           0     0.96667
transition,transition,0.13333           0           0     0.86667
transition,transition,0.33333           0    0.066667         0.6
transition,transition,1.1247           0     0.03074      1.6723
transition,transition,1.1501           0    0.028652       1.649
transition,transition,1.1247           0     0.03074      1.6723
transition,transition,0.2           0     0.16667     0.63333
transition,transition,0.26667           0           0     0.73333
transition,transition,0.4           0           0         0.6
transition,transition,1.1501           0    0.028652       1.649
transition,transition,0.36667           0    0.033333         0.6
transition,transition,0.97906   0.0067114     0.13063      1.7114
bike,transition,0.6           0    0.033333     0.36667
bike,transition,0.66667           0    0.033333         0.3
bike,transition,0.76667           0    0.033333         0.2
transition,transition,1.2628   0.0067114    0.077934      1.4803
bike,transition,0.7           0           0         0.3
bike,transition,1.789           0    0.014219      1.0246
bike,transition,0.93333           0           0    0.066667
bike,bike,0.96667           0    0.033333           0
bike,bike,0.96667           0    0.033333           0
bike,bike,1  0  0  0
bike,bike,0.9           0           0         0.1
bike,bike,0.93333           0           0    0.066667
bike,bike,1  0  0  0
bike,bike,1  0  0  0
bike,bike,1  0  0  0
bike,bike,1  0  0  0
bike,bike,1  0  0  0
bike,bike,1  0  0  0
bike,bike,1  0  0  0
bike,bike,0.9           0           0         0.1
bike,bike,1  0  0  0
bike,bike,1  0  0  0
bike,bike,1  0  0  0
bike,bike,0.93333           0           0    0.066667
bike,bike,0.93333           0           0    0.066667
bike,bike,0.93333           0           0    0.066667
bike,bike,0.93333           0           0    0.066667
bike,bike,0.96667           0           0    0.033333
bike,bike,0.96667           0           0    0.033333
bike,bike,0.96667           0           0    0.033333
bike,bike,1  0  0  0
bike,bike,1  0  0  0
bike,bike,0.96667           0           0    0.033333
bike,bike,0.96667           0           0    0.033333
bike,bike,1  0  0  0
bike,bike,0.96667           0           0    0.033333
bike,bike,0.93333           0           0    0.066667
bike,bike,0.8           0           0         0.2
bike,bike,0.76667           0           0     0.23333
bike,bike,0.73333           0           0     0.26667
bike,bike,1  0  0  0
bike,bike,1  0  0  0
bike,bike,0.9           0           0         0.1
bike,bike,1  0  0  0
bike,bike,0.96667           0           0    0.033333
bike,bike,0.93333           0           0    0.066667
bike,bike,1  0  0  0
bike,bike,0.8           0           0         0.2
bike,bike,1  0  0  0
bike,bike,0.96667           0           0    0.033333
bike,bike,0.93333           0           0    0.066667
bike,bike,0.93333           0           0    0.066667
bike,bike,0.9           0           0         0.1
bike,bike,0.93333           0           0    0.066667
bike,bike,0.83333           0           0     0.16667
bike,bike,0.86667           0           0     0.13333
bike,bike,0.76667           0           0     0.23333
bike,bike,0.9           0           0         0.1
bike,bike,0.96667           0           0    0.033333
bike,bike,0.96667           0           0    0.033333
bike,bike,0.96667           0           0    0.033333
bike,bike,0.96667           0           0    0.033333
bike,bike,0.9           0           0         0.1
bike,bike,0.96667           0           0    0.033333
bike,bike,0.96667           0           0    0.033333
bike,bike,1  0  0  0
bike,bike,1  0  0  0
bike,bike,0.86667           0           0     0.13333
bike,bike,0.86667           0           0     0.13333
bike,bike,0.93333           0           0    0.066667
bike,bike,1  0  0  0
bike,bike,1  0  0  0
bike,bike,1  0  0  0
bike,bike,1  0  0  0
bike,bike,0.96667           0           0    0.033333
bike,bike,1  0  0  0
bike,bike,1  0  0  0
bike,bike,0.96667           0           0    0.033333
bike,bike,0.96667           0           0    0.033333
bike,bike,0.9           0           0         0.1
bike,bike,0.93333           0           0    0.066667
bike,bike,0.96667           0           0    0.033333
bike,bike,1  0  0  0
bike,bike,1  0  0  0
bike,bike,1  0  0  0
bike,bike,1  0  0  0
bike,bike,1  0  0  0
bike,bike,1  0  0  0
bike,bike,1  0  0  0
bike,bike,1  0  0  0
bike,bike,2.8045           0           0    0.023269
transition,bike,0.23333           0         0.1     0.66667
transition,bike,0.26667           0    0.066667     0.66667
transition,bike,0.16667           0    0.066667     0.76667
transition,bike,0.2           0    0.033333     0.76667
transition,bike,0.2           0           0         0.8
transition,bike,0  0  0  1
transition,bike,0.033333           0           0     0.96667
transition,bike,0.033333           0           0     0.96667
transition,bike,0.033333           0           0     0.96667
transition,bike,0  0  0  1
transition,bike,0  0  0  1
transition,bike,0.033333           0           0     0.96667
transition,bike,0.066667           0           0     0.93333
transition,bike,0.1           0           0         0.9
transition,bike,0.13333           0           0     0.86667
bike,bike,0.73333           0           0     0.26667
bike,bike,0.93333           0           0    0.066667
bike,bike,0.93333           0           0    0.066667
bike,bike,0.93333           0           0    0.066667
bike,bike,0.93333           0           0    0.066667
bike,bike,0.96667           0           0    0.033333
bike,bike,1  0  0  0
bike,bike,1  0  0  0
bike,bike,1  0  0  0
bike,bike,0.96667           0           0    0.033333
bike,bike,0.96667           0           0    0.033333
bike,bike,0.93333           0           0    0.066667
bike,bike,0.93333           0           0    0.066667
bike,bike,0.96667           0           0    0.033333
bike,bike,0.96667           0           0    0.033333
bike,bike,0.96667           0           0    0.033333
bike,bike,0.96667           0           0    0.033333
bike,bike,0.63333           0    0.066667         0.3
transition,bike,0.26667           0           0     0.73333
transition,bike,0.23333           0           0     0.76667
transition,bike,0.23333           0           0     0.76667
transition,bike,0.33333           0    0.033333     0.63333
transition,bike,0.45152    0.028664     0.50183      1.8457
bike,bike,0.83333           0    0.033333     0.13333
bike,bike,0.86667           0           0     0.13333
bike,bike,0.9           0           0         0.1
bike,bike,0.83333           0    0.033333     0.13333
bike,bike,0.93333           0           0    0.066667
bike,bike,1  0  0  0
bike,bike,1  0  0  0
bike,bike,1  0  0  0
bike,bike,0.93333           0           0    0.066667
bike,bike,0.93333           0           0    0.066667
bike,bike,0.93333           0           0    0.066667
bike,bike,1  0  0  0
bike,bike,1  0  0  0
bike,bike,1  0  0  0
bike,bike,1  0  0  0
bike,bike,0.96667           0           0    0.033333
bike,bike,0.9           0           0         0.1
bike,bike,0.86667           0           0     0.13333
bike,bike,0.86667           0           0     0.13333
bike,bike,0.86667           0           0     0.13333
bike,bike,0.86667           0           0     0.13333
bike,bike,0.9           0           0         0.1
bike,bike,0.9           0           0         0.1
bike,bike,0.93333           0           0    0.066667
bike,bike,0.93333           0           0    0.066667
bike,bike,0.9           0           0         0.1
bike,bike,0.93333           0           0    0.066667
bike,bike,0.9           0           0         0.1
bike,bike,0.9           0           0         0.1
bike,bike,0.86667           0           0     0.13333
bike,bike,0.86667           0           0     0.13333
bike,bike,0.86667           0           0     0.13333
bike,bike,0.9           0           0         0.1
bike,bike,0.9           0           0         0.1
bike,bike,0.86667           0           0     0.13333
bike,bike,0.7           0           0         0.3
bike,bike,2.6273           0           0     0.20041
bike,bike,2.6273           0           0     0.20041
bike,bike,2.6273           0           0     0.20041
transition,bike,0.33333           0    0.033333     0.63333
transition,bike,0.26667           0           0     0.73333
transition,bike,0.36667           0           0     0.63333
run,bike,0.71513      1.5219    0.047202     0.54354
transition,bike,0.36667           0    0.033333         0.6
bike,bike,0.6           0    0.033333     0.36667
bike,bike,0.96667           0           0    0.033333
bike,bike,1  0  0  0
bike,bike,1  0  0  0
bike,bike,1  0  0  0
bike,bike,1  0  0  0
bike,bike,0.96667           0           0    0.033333
bike,bike,0.9           0           0         0.1
bike,bike,0.9           0           0         0.1
bike,bike,0.96667           0           0    0.033333
bike,bike,1  0  0  0
bike,bike,1  0  0  0
bike,bike,1  0  0  0
bike,bike,1  0  0  0
bike,bike,1  0  0  0
bike,bike,0.96667           0           0    0.033333
bike,bike,0.9           0           0         0.1
bike,bike,0.96667           0           0    0.033333
bike,bike,1  0  0  0
bike,bike,0.96667           0           0    0.033333
bike,bike,1  0  0  0
bike,bike,0.96667           0           0    0.033333
bike,bike,0.96667           0           0    0.033333
bike,bike,0.96667           0           0    0.033333
bike,bike,0.96667           0           0    0.033333
bike,bike,1  0  0  0
bike,bike,1  0  0  0
bike,bike,0.96667           0           0    0.033333
bike,bike,0.96667           0           0    0.033333
bike,bike,0.93333           0           0    0.066667
bike,bike,0.9           0           0         0.1
bike,bike,0.9           0           0         0.1
bike,bike,0.9           0           0         0.1
bike,bike,0.9           0           0         0.1
bike,bike,0.9           0           0         0.1
bike,bike,0.9           0           0         0.1
bike,bike,0.9           0           0         0.1
bike,bike,0.9           0           0         0.1
bike,bike,0.86667           0           0     0.13333
bike,bike,0.6           0           0         0.4
bike,bike,0.66667           0           0     0.33333
bike,bike,2.6273           0           0     0.20041
bike,bike,2.6273           0           0     0.20041
bike,bike,0.6           0           0         0.4
bike,bike,2.0457   0.0061696    0.024071     0.75184
transition,bike,0.4           0           0         0.6
transition,bike,0.2           0           0         0.8
transition,bike,0.16667           0           0     0.83333
transition,bike,0.16667           0           0     0.83333
bike,bike,2.4827   0.0017354   0.0065076     0.33684
bike,bike,0.7           0           0         0.3
bike,bike,0.73333           0           0     0.26667
bike,bike,0.76667           0           0     0.23333
bike,bike,0.86667           0           0     0.13333
bike,bike,0.96667           0           0    0.033333
bike,bike,1  0  0  0
bike,bike,0.93333           0           0    0.066667
bike,bike,1  0  0  0
bike,bike,0.96667           0           0    0.033333
bike,bike,1  0  0  0
bike,bike,1  0  0  0
bike,bike,1  0  0  0
bike,bike,1  0  0  0
bike,bike,1  0  0  0
bike,bike,1  0  0  0
bike,bike,0.93333           0           0    0.066667
bike,bike,1  0  0  0
bike,bike,0.93333           0           0    0.066667
bike,bike,1  0  0  0
bike,bike,0.96667           0           0    0.033333
bike,bike,1  0  0  0
bike,bike,1  0  0  0
bike,bike,1  0  0  0
bike,bike,1  0  0  0
bike,bike,1  0  0  0
bike,bike,1  0  0  0
bike,bike,1  0  0  0
bike,bike,1  0  0  0
bike,bike,1  0  0  0
bike,bike,1  0  0  0
bike,bike,1  0  0  0
bike,bike,1  0  0  0
bike,bike,1  0  0  0
bike,bike,1  0  0  0
bike,bike,1  0  0  0
bike,bike,1  0  0  0
bike,bike,1  0  0  0
bike,bike,1  0  0  0
bike,bike,0.96667           0           0    0.033333
bike,bike,1  0  0  0
bike,bike,0.93333           0           0    0.066667
bike,bike,1  0  0  0
bike,bike,1  0  0  0
bike,bike,1  0  0  0
bike,bike,1  0  0  0
bike,bike,1  0  0  0
bike,bike,1  0  0  0
bike,bike,0.96667           0           0    0.033333
bike,bike,0.96667           0           0    0.033333
bike,bike,1  0  0  0
bike,bike,1  0  0  0
bike,bike,0.96667           0           0    0.033333
bike,bike,1  0  0  0
bike,bike,1  0  0  0
bike,bike,1  0  0  0
bike,bike,0.86667           0           0     0.13333
bike,bike,0.83333           0           0     0.16667
bike,bike,0.9           0           0         0.1
bike,bike,0.63333           0    0.033333     0.33333
bike,bike,2.8045           0           0    0.023269
bike,bike,2.8045           0           0    0.023269
bike,bike,2.6709           0           0     0.15688
transition,bike,0.16667           0    0.033333         0.8
transition,bike,0.13333           0    0.033333     0.83333
transition,bike,0.13333           0    0.033333     0.83333
transition,bike,0.13333           0           0     0.86667
transition,bike,0.1           0           0         0.9
transition,bike,0.1           0    0.033333     0.86667
bike,bike,1  0  0  0
bike,bike,1  0  0  0
bike,bike,0.83333           0           0     0.16667
bike,bike,0.9           0           0         0.1
transition,bike,0.066667           0           0     0.93333
transition,bike,0.033333    0.033333           0     0.93333
run,bike,0     0.63333           0     0.36667
run,bike,0     0.63333           0     0.36667
transition,bike,0    0.033333           0     0.96667
transition,bike,0.033333    0.033333           0     0.93333
transition,bike,0.066667    0.033333           0         0.9
transition,bike,0.066667    0.033333           0         0.9
transition,bike,0.1           0           0         0.9
transition,bike,0.066667           0           0     0.93333
bike,bike,0.66667           0           0     0.33333
bike,bike,0.96667           0           0    0.033333
bike,bike,0.96667           0           0    0.033333
bike,bike,0.96667           0           0    0.033333
bike,bike,0.96667           0           0    0.033333
bike,bike,1  0  0  0
bike,bike,1  0  0  0
bike,bike,0.96667           0           0    0.033333
bike,bike,0.96667           0    0.033333           0
bike,bike,0.93333           0    0.033333    0.033333
bike,bike,0.66667           0           0     0.33333
bike,bike,0.9           0           0         0.1
bike,bike,0.76667           0           0     0.23333
bike,bike,0.9           0           0         0.1
bike,bike,0.86667           0           0     0.13333
bike,bike,0.9           0           0         0.1
bike,bike,0.96667           0           0    0.033333
bike,bike,0.96667           0           0    0.033333
bike,bike,0.96667           0           0    0.033333
bike,bike,1  0  0  0
bike,bike,0.96667           0           0    0.033333
bike,bike,1  0  0  0
bike,bike,0.96667           0           0    0.033333
bike,bike,1  0  0  0
bike,bike,0.96667           0           0    0.033333
bike,bike,1  0  0  0
bike,bike,1  0  0  0
bike,bike,1  0  0  0
bike,bike,1  0  0  0
bike,bike,0.96667           0           0    0.033333
bike,bike,0.9           0           0         0.1
bike,bike,0.76667           0           0     0.23333
bike,bike,0.86667           0           0     0.13333
bike,bike,0.9           0           0         0.1
bike,bike,0.9           0           0         0.1
bike,bike,0.83333           0           0     0.16667
bike,bike,0.8           0           0         0.2
bike,bike,0.83333           0           0     0.16667
run,bike,0.71513      1.5219    0.047202     0.54354
bike,bike,0.9           0           0         0.1
bike,bike,0.96667           0           0    0.033333
bike,bike,1  0  0  0
bike,bike,0.96667           0           0    0.033333
bike,bike,0.93333           0           0    0.066667
bike,bike,0.96667           0           0    0.033333
bike,bike,0.93333           0           0    0.066667
bike,bike,1  0  0  0
bike,bike,1  0  0  0
bike,bike,1  0  0  0
bike,bike,0.93333           0           0    0.066667
bike,bike,0.96667           0           0    0.033333
bike,bike,1  0  0  0
bike,bike,0.96667           0           0    0.033333
bike,bike,0.96667           0           0    0.033333
bike,bike,1  0  0  0
bike,bike,0.96667           0           0    0.033333
bike,bike,1  0  0  0
bike,bike,1  0  0  0
bike,bike,1  0  0  0
bike,bike,1  0  0  0
bike,bike,0.96667           0           0    0.033333
bike,bike,0.93333           0           0    0.066667
bike,bike,0.93333           0           0    0.066667
bike,bike,0.93333           0           0    0.066667
bike,bike,0.93333           0           0    0.066667
bike,bike,0.9           0           0         0.1
bike,bike,0.9           0           0         0.1
bike,bike,0.9           0           0         0.1
bike,bike,0.86667           0           0     0.13333
bike,bike,0.73333           0           0     0.26667
bike,bike,0.9           0           0         0.1
transition,bike,0.1           0           0         0.9
transition,bike,0.1           0           0         0.9
transition,bike,0.1    0.033333           0     0.86667
transition,bike,0.1    0.066667           0     0.83333
transition,bike,0.1    0.066667           0     0.83333
transition,bike,0.1         0.1           0         0.8
run,bike,0.066667         0.7           0     0.23333
run,bike,0.066667         0.7           0     0.23333
run,bike,0.066667         0.7           0     0.23333
transition,bike,0.1    0.066667           0     0.83333
transition,bike,0.1    0.033333           0     0.86667
transition,bike,0.1    0.066667           0     0.83333
transition,bike,0.1    0.066667           0     0.83333
transition,bike,0.1    0.066667           0     0.83333
transition,bike,0.1    0.066667           0     0.83333
transition,bike,0.1    0.033333           0     0.86667
transition,bike,0.1         0.1           0         0.8
transition,bike,0.1           0           0         0.9
transition,bike,0.1           0           0         0.9
transition,bike,0.1           0           0         0.9
transition,bike,0.1    0.066667           0     0.83333
transition,bike,0.1         0.1           0         0.8
transition,bike,0.1         0.1           0         0.8
transition,bike,0.1         0.1           0         0.8
transition,bike,0.1    0.066667           0     0.83333
transition,bike,0.1    0.066667           0     0.83333
transition,bike,0.14024    0.021319    0.074699      2.5915
bike,bike,0.93333           0           0    0.066667
bike,bike,0.96667           0           0    0.033333
bike,bike,0.96667           0           0    0.033333
bike,bike,1  0  0  0
bike,bike,1  0  0  0
bike,bike,1  0  0  0
bike,bike,1  0  0  0
bike,bike,1  0  0  0
bike,bike,1  0  0  0
bike,bike,1  0  0  0
bike,bike,1  0  0  0
bike,bike,1  0  0  0
bike,bike,1  0  0  0
bike,bike,1  0  0  0
bike,bike,1  0  0  0
bike,bike,1  0  0  0
bike,bike,1  0  0  0
bike,bike,1  0  0  0
bike,bike,1  0  0  0
bike,bike,1  0  0  0
bike,bike,1  0  0  0
bike,bike,1  0  0  0
bike,bike,1  0  0  0
bike,bike,0.96667           0           0    0.033333
bike,bike,1  0  0  0
bike,bike,1  0  0  0
bike,bike,1  0  0  0
bike,bike,1  0  0  0
bike,bike,1  0  0  0
bike,bike,1  0  0  0
bike,bike,1  0  0  0
bike,bike,1  0  0  0
bike,bike,1  0  0  0
bike,bike,1  0  0  0
bike,bike,1  0  0  0
bike,bike,1  0  0  0
bike,bike,1  0  0  0
bike,bike,1  0  0  0
bike,bike,1  0  0  0
bike,bike,0.96667           0    0.033333           0
bike,bike,0.96667           0    0.033333           0
bike,bike,0.96667           0    0.033333           0
bike,bike,0.93333           0    0.066667           0
bike,bike,0.96667           0    0.033333           0
bike,bike,0.96667           0    0.033333           0
bike,bike,0.96667           0    0.033333           0
bike,bike,0.96667           0    0.033333           0
bike,bike,0.96667           0    0.033333           0
bike,bike,0.96667           0    0.033333           0
bike,bike,0.96667           0    0.033333           0
bike,bike,0.96667           0    0.033333           0
bike,bike,0.96667           0    0.033333           0
bike,bike,1  0  0  0
bike,bike,1  0  0  0
bike,bike,1  0  0  0
bike,bike,1  0  0  0
bike,bike,1  0  0  0
bike,bike,1  0  0  0
bike,bike,1  0  0  0
bike,bike,1  0  0  0
bike,bike,1  0  0  0
bike,bike,1  0  0  0
bike,bike,0.93333           0           0    0.066667
bike,bike,1  0  0  0
bike,bike,1  0  0  0
bike,bike,0.96667           0           0    0.033333
bike,bike,1  0  0  0
bike,bike,1  0  0  0
bike,bike,1  0  0  0
bike,bike,0.96667           0           0    0.033333
bike,bike,1  0  0  0
bike,bike,0.96667           0    0.033333           0
bike,bike,0.96667           0    0.033333           0
bike,bike,0.96667           0    0.033333           0
bike,bike,0.96667           0    0.033333           0
bike,bike,0.96667           0    0.033333           0
bike,bike,0.96667           0    0.033333           0
bike,bike,1  0  0  0
bike,bike,1  0  0  0
bike,bike,1  0  0  0
bike,bike,1  0  0  0
bike,bike,1  0  0  0
bike,bike,1  0  0  0
bike,bike,1  0  0  0
bike,bike,0.93333           0           0    0.066667
bike,bike,0.9           0           0         0.1
bike,bike,0.86667           0           0     0.13333
bike,bike,0.83333           0           0     0.16667
bike,bike,0.83333           0           0     0.16667
bike,bike,0.86667           0           0     0.13333
bike,bike,0.9           0           0         0.1
bike,bike,0.86667           0           0     0.13333
bike,bike,0.9           0           0         0.1
bike,bike,0.9           0           0         0.1
bike,bike,0.9           0           0         0.1
bike,bike,0.96667           0           0    0.033333
bike,bike,0.93333           0           0    0.066667
bike,bike,0.93333           0           0    0.066667
bike,bike,0.93333           0           0    0.066667
bike,bike,0.93333           0           0    0.066667
bike,bike,0.93333           0           0    0.066667
bike,bike,0.86667           0           0     0.13333
bike,bike,0.86667           0           0     0.13333
bike,bike,0.86667           0           0     0.13333
bike,bike,0.93333           0           0    0.066667
bike,bike,0.93333           0           0    0.066667
bike,bike,0.93333           0           0    0.066667
bike,bike,0.93333           0           0    0.066667
bike,bike,0.93333           0           0    0.066667
bike,bike,0.93333           0           0    0.066667
bike,bike,0.93333           0           0    0.066667
bike,bike,0.93333           0           0    0.066667
bike,bike,0.93333           0           0    0.066667
bike,bike,0.93333           0           0    0.066667
bike,bike,0.93333           0           0    0.066667
bike,bike,0.9           0           0         0.1
transition,bike,0.3    0.066667    0.033333         0.6
transition,bike,0.26667    0.066667    0.033333     0.63333
transition,bike,0.2    0.066667    0.033333         0.7
transition,bike,0.23333    0.066667    0.033333     0.66667
bike,bike,1.8712   0.0084468    0.080585     0.86752
transition,bike,0.43815    0.021319    0.066048      2.3022
transition,bike,0.050506    0.064873     0.46509      2.2473
transition,bike,0.085778    0.021319     0.13663       2.584
bike,bike,0.73333           0           0     0.26667
bike,bike,0.93333           0    0.033333    0.033333
bike,bike,1  0  0  0
bike,transition,1  0  0  0
bike,transition,1  0  0  0
bike,transition,0.93333           0           0    0.066667
bike,transition,0.93333           0           0    0.066667
bike,transition,0.8           0           0         0.2
transition,transition,0.16667           0    0.033333         0.8
transition,transition,0  0  0  1
transition,transition,0  0  0  1
transition,transition,0  0  0  1
transition,transition,0.033333           0           0     0.96667
transition,transition,0.033333           0           0     0.96667
transition,transition,0.033333           0           0     0.96667
transition,transition,0.033333           0    0.033333     0.93333
transition,transition,0.033333           0    0.033333     0.93333
transition,transition,0.033333           0    0.033333     0.93333
transition,transition,0.033333           0           0     0.96667
transition,transition,0.16667           0    0.033333         0.8
transition,transition,0.13333           0           0     0.86667
transition,transition,0.13333           0           0     0.86667
transition,transition,0.13333           0    0.066667         0.8
