44656.27569,0.0066,-0.1662,0.0245,-1.0003,-0.3683,-0.2923
44458.25907,0.7222,0.3708,-0.0433,0.0068,-0.1827,0.0292
44976.56893,0.5045,0.4758,0.3996,0.2707,-1.2391,-0.1987
45277.93784,-1.7004,-0.8007,0.6145,-1.7552,-1.6284,0.7145
44864.44688,0.1116,-0.2083,0.0428,0.2783,0.1407,0.1463
45143.95113,0.3183,1.6856,-0.7172,-2.5117,-0.4741,1.1575
45362.45178,1.3977,0.6507,-0.2631,-1.738,-0.4283,-5.0223
44863.02953,0.2477,-0.2428,0.153,0.4948,-0.0766,0.0616
45300.33925,-0.3522,2.9144,-0.9273,1.0589,-0.8928,-4.4499
44462.05909,0.0513,-0.3372,-0.3365,-0.4691,-0.1997,0.1932
45119.54886,-0.8309,0.8299,-0.57,-9.5471,-1.3024,3.598
44512.84624,0.3378,-0.1229,-0.0233,0.3365,-0.0969,-0.1163
44681.99961,0.0627,0.5344,-0.3358,-0.7532,0.4463,-1.7619
44831.81778,0.2307,-0.1882,0.0707,0.1029,0.0323,0.0191
45263.82454,1.5314,0.2017,0.508,-3.486,1.5025,-3.8678
45314.09068,2.0963,1.0894,-0.0772,-1.5387,-0.4109,-5.393
45555.4223,0.9883,0.5312,0.3991,3.3867,0.6889,5.4146
45064.12395,-1.5551,-0.8013,0.228,1.6655,-0.5499,-1.4314
45492.09425,1.7539,1.7785,-1.1186,1.3943,1.4726,5.5933
44950.30246,-0.1783,-0.0599,0.0607,-0.874,-0.0868,-0.1692
44647.9523,-0.2166,0.0958,0.1578,1.4977,0.8129,0.0267
45599.51047,-0.6344,3.3523,-0.4817,2.7073,-1.247,-5.228
44596.44357,-1.7056,0.4101,1.0509,-1.5232,-1.4427,0.2509
44362.13884,-0.7088,0.1016,-0.0265,-1.0252,0.3793,-0.0717
44757.02977,0.7451,0.1513,-0.9411,0.3499,-0.6638,0.6292
44827.08324,0.0236,-0.0637,0.0776,0.0673,0.1496,0.083
44557.23882,-0.0603,0.1897,0.0028,-0.1064,0.3042,-0.2208
45217.55395,-0.3191,3.3267,-1.0878,3.8581,-0.866,-4.3691
44753.1697,-0.0993,0.3567,-0.4774,-0.8211,-0.28,-0.2229
45134.63258,-2.1902,-0.6199,0.2855,-2.1038,-2.062,0.9772
45259.75337,1.7851,1.7582,-0.6473,0.8471,-1.8322,-5.0283
44527.71423,-0.2363,-0.0303,0.5491,2.8956,0.5432,0.4298
44958.65579,-0.3177,-0.0532,0.1803,0.3879,0.4978,0.0155
44483.89405,0.3435,-0.1378,0.0959,-0.3336,-0.1835,-0.4376
45327.89235,0.6003,-0.9636,0.0204,1.84,0.0829,4.808
45188.16115,1.5982,0.9741,-0.1604,-0.5705,-0.1074,-5.3018
44451.44312,0.4181,-0.0541,-0.024,-0.0189,0.0289,-0.4666
44647.25871,0.0108,0.1946,0.9046,0.6545,-0.1006,1.3654
45304.31991,-0.9605,-0.4764,0.673,1.3101,-0.9051,-1.8955
45303.98818,2.297,2.5886,-0.765,2.8844,3.3711,6.4083
44723.31459,0.4132,-0.5193,-0.239,-0.3926,-0.2706,-0.172
44975.63403,0.2366,0.0751,-0.1102,-0.754,0.4055,0.0871
44605.27971,-0.002,-0.4506,0.3817,0.1786,-0.096,-0.1582
44922.70955,-0.2178,0.1703,-0.1065,0.5859,0.1793,0.2219
45050.52321,1.6368,-2.0878,1.2122,1.059,2.6171,-1.8428
44590.59305,0.3222,0.1147,-0.2487,-1.37,-0.0094,-1.0227
45189.91023,0.9321,-1.4487,1.2959,0.1666,1.9837,1.2958
45175.58577,1.2339,-1.6134,1.1181,-0.0237,2.1984,0.2661
45082.0975,0.7023,4.2852,-1.3939,2.3663,-1.8975,-4.4579
44452.70979,0.1651,-0.1427,0.1009,0.0129,-0.076,-0.1283
45533.7702,0.5786,-1.4977,0.9132,0.9276,0.8773,1.71
45228.75218,1.6708,0.7785,0.0177,-1.4072,1.2516,-4.7547
44662.97056,-0.0481,-0.3109,-0.0998,0.2704,-0.6005,0.82
44860.31545,0.1438,0.0723,0.1553,-0.1021,-0.4159,-0.0573
44557.51024,-0.0023,-0.065,0.1169,0.3499,0.1798,0.0131
45346.58944,1.2012,-0.1588,0.0829,-2.805,1.2715,-4.4997
45466.12974,0.2799,3.4713,-1.2314,2.6119,-2.4337,-5.1375
45555.93493,1.7075,1.3907,-0.652,-0.1111,-1.3229,-5.4686
44814.74928,-0.0152,-0.0678,0.1997,-0.2358,0.0076,-0.1997
45297.98699,1.1522,3.6879,-1.6043,4.6125,-2.2504,-5.5432
45337.27106,1.1124,-1.9366,0.8182,-0.32,2.1004,0.2768
45471.9499,0.9198,-1.2479,0.629,0.708,2.1671,-2.206
44420.46903,0.3117,-0.1167,0.1965,1.9156,0.6095,0.1745
44414.76874,0.3234,0.2109,0.1129,0.0324,0.055,0.0995
44718.82122,0.0368,0.0978,-0.8876,-2.51,-0.3324,-0.7838
44707.72352,0.379,0.0642,0.0586,0.3105,0.0701,-0.1836
44854.37468,-0.1783,0.0669,-0.4086,-0.2356,-0.1537,0.1392
45088.58127,1.1901,-1.5377,1.1489,0.7743,2.3873,-0.4448
45536.21283,0.6917,-1.3317,1.1025,0.0511,1.8823,2.1848
44926.05687,0.2398,-0.3771,-0.4189,2.043,-0.9422,0.809
44788.3021,-0.6827,0.1559,0.5692,-1.9526,-0.6434,-0.1683
45291.6541,1.3164,1.5232,-0.39,-0.7926,0.4721,-5.0614
45128.51069,1.4872,2.4861,-1.1614,2.3939,-0.9973,-5.603
44453.46379,-0.0157,-0.078,0.0155,0.198,-0.1727,0.1579
44541.1346,-0.3037,-0.1908,0.2339,-0.0746,0.0174,-0.162
44915.59265,-0.5596,1.0264,0.474,-1.519,-0.2535,-1.0002
45399.15234,1.0076,-0.363,0.1572,-2.5271,1.4538,-3.3236
45607.92407,1.5998,1.4914,-0.892,-0.2807,1.2818,4.6142
45254.50607,1.2233,2.2714,-1.1695,-4.7538,-0.3806,2.8634
45593.69036,-1.8444,-0.8855,0.3378,-2.2184,-2.225,0.1522
45504.57896,1.4534,2.3234,-0.7429,3.1925,-1.2217,-5.1983
44930.36919,0.4289,-0.1128,0.0698,0.5191,-0.0752,0.3194
45261.17074,-1.4386,-0.8348,0.3772,-0.1128,-1.1135,-0.67
44747.40978,-0.4078,-0.4358,-0.0407,1.223,0.31,0.6911
44484.70837,-0.5297,0.0305,0.3989,-0.5646,-0.4028,-0.216
45438.41603,0.7732,-0.562,0.595,0.7821,1.8561,5.2114
44718.36889,0.1394,-0.739,-0.2526,0.8429,0.0539,0.1068
44368.01997,-0.2078,0.4472,-1.0305,-2.3281,-0.4872,0.9288
45254.14421,1.8827,1.9899,-0.1511,2.0328,-0.3517,-6.095
45328.22408,-1.9945,-0.692,0.1464,2.331,-0.6151,-1.5883
44793.54932,0.2683,0.4721,0.4016,-0.6337,-0.0803,-0.3506
44851.17814,0.6669,-0.1746,-0.3353,2.1288,-0.1202,0.8152
44939.47641,-0.0649,0.6381,-0.0501,-3.8958,0.1021,-1.0658
45010.82679,0.029,-0.0126,0.3638,-3.6411,-1.9268,-1.4689
44967.00923,-0.0974,-0.1207,0.023,0.7343,1.1397,-0.0766
45454.30842,1.146,-1.6398,0.83,-0.213,2.3485,-0.179
44584.86314,0.4836,0.2198,0.4284,-1.1171,0.0368,-0.7472
45211.65325,0.9055,1.5687,-0.7681,-4.8556,-0.3758,1.6964
44522.76828,0.2381,-0.0824,-0.1002,-0.3865,-0.1303,-0.202
45261.38181,1.7804,1.0015,-0.041,-1.3628,0.6626,-4.8724
44743.61004,0.7233,-0.2441,0.9194,0.4221,0.3723,-0.0977
44940.47154,0.0168,0.1683,-0.0499,2.0152,0.2389,0.5236
45175.55559,1.5146,-1.2082,1.0873,-0.666,2.579,-1.4613
44513.14781,-0.3031,0.4019,0.1867,-0.2026,0.1445,-0.3879
45069.06969,1.2207,-1.8886,1.093,0.331,1.5722,-0.598
44695.63058,-3.4085,1.3876,0.7655,-2.0507,-0.0225,0.0159
45428.22316,-1.2535,-0.1813,-0.3671,-2.2723,-0.9064,1.7524
44895.14659,-1.2742,0.1082,-0.2897,0.0624,-0.1797,0.4806
45497.07007,-1.182,-0.1148,-0.0324,-2.2522,-1.7442,1.9729
45051.03587,-1.3715,-0.0803,0.4136,0.9753,0.9231,-1.1144
45514.44002,0.8066,-1.6625,0.721,0.3121,1.7878,1.5769
45260.80886,0.8721,-0.7159,0.7823,-0.4839,0.8673,4.2975
44710.85985,-0.0323,0.1318,-0.3263,-1.0685,-0.9772,-0.8916
44379.75201,-0.1293,-0.0056,-0.439,0.4262,-0.1107,-0.0157
45193.55917,-0.9558,0.54,0.3871,0.8726,-0.0419,-3.1079
45354.39998,1.2549,3.1812,-1.5882,6.5547,-1.2592,-5.6713
44624.76129,-1.8559,0.2899,1.2933,-4.6219,-1.3211,-0.4334
44366.63263,-0.3008,0.2275,0.2051,-0.0385,0.1167,0.6699
44415.19098,-0.2552,-0.1526,-0.2734,-0.9272,0.0285,-0.3907
44712.54863,0.046,-0.4468,-0.1442,1.0342,0.4013,0.5899
45469.8691,-0.3042,1.2812,-1.1228,-0.9959,-0.0266,2.012
45092.38123,1.9057,0.7032,-0.1651,0.4598,-0.1746,-5.0442
45423.06643,1.1204,-0.8949,0.343,-4.0642,3.0713,-2.2771
44656.2455,0.5696,0.1567,-0.607,-0.6015,-0.4401,-0.5565
44843.09624,0.5937,-0.2101,0.4364,-1.6346,-0.2341,0.3849
44858.44577,0.167,-0.4397,0.1303,-0.0251,0.237,0.1713
45013.75201,-0.0345,0.9222,0.9638,-4.914,-1.9509,-2.5991
44682.42182,-0.3505,0.1439,-0.487,0.5163,-0.0428,0.6148
45299.13298,2.0599,2.6488,-0.761,5.094,3.3359,5.6098
44446.13503,0.0042,-0.154,-0.4933,0.3565,-0.0995,0.4485
44428.12964,-0.2966,-0.5941,0.3747,-0.5192,0.6618,0.1429
44663.99588,-0.211,-0.4999,-0.1219,-0.4159,0.0856,0.1087
45399.27295,0.775,-1.616,0.8918,0.8325,2.149,1.007
44394.01784,0.3306,-0.324,0.1452,-0.7406,-0.4467,-0.1887
45303.05335,1.0999,-1.4133,1.5638,-0.4211,2.4986,1.7161
44489.23214,1.179,-0.3239,0.0375,0.4427,-0.2017,0.1644
44889.62788,0.0841,0.1428,0.0417,-0.4891,-0.1919,-0.0379
45574.33013,-0.8149,3.2271,-0.7014,1.0982,-1.2117,-3.8982
44506.66378,-0.4889,0.2568,-0.1941,0.739,0.1742,0.1109
44856.06345,-0.2358,0.4582,0.281,-0.1417,0.2221,-0.2386
44699.70176,0.2645,0.7587,0.2117,1.6064,1.4354,-0.3589
45529.45785,-1.1451,2.3956,0.323,0.824,1.2862,-2.4895
44608.89856,-0.4244,0.6955,-0.2193,-1.2175,-0.2239,-0.1674
44566.61785,-0.0465,0.1649,0.0503,-0.772,0.2228,0.7884
44506.8749,-0.7022,0.125,0.4635,-0.4649,-0.0168,0.1378
44510.31294,1.2293,0.128,-0.2528,0.1232,-0.9246,0.3628
44556.39442,-0.0308,0.1201,-0.003,-1.4198,-0.682,0.3017
45614.287,-1.9452,-0.5069,0.4067,-1.5609,-1.164,-0.8851
45604.12436,-1.3778,-0.2555,0.47,-3.5224,-1.5238,1.3505
44408.34451,-0.6464,-0.0378,0.4757,-0.6816,0.0352,0.3915
44618.51875,-1.2927,-1.7313,0.6803,-2.3897,2.6222,-3.2344
44942.82374,-0.2633,0.1621,0.236,0.6227,0.4463,0.0367
45511.66567,-2.1412,-0.694,0.298,-1.393,-1.3108,-0.779
45198.50492,1.8971,0.5659,0.1354,-0.4567,0.38,-4.6081
45056.25299,-0.9878,-0.401,-0.0781,-1.778,-2.3284,1.2932
45299.10283,0.9425,-0.2734,0.8344,1.0531,0.8857,5.1104
44478.40517,0.1176,-0.2243,0.1479,0.5122,-0.0241,0.5519
44961.15881,-0.0845,0.0632,-0.016,-0.2097,-0.4295,-0.004
45328.34472,-0.5846,3.5029,-1.5681,2.7198,-1.5279,-5.8889
45600.20407,-1.7225,-0.8568,0.3437,-0.6262,-0.8934,-1.1493
44477.80199,-0.4026,0.2708,-0.0581,-0.0635,0.1448,-0.868
44705.88395,0.9381,-0.0752,0.2369,-0.3355,-0.1922,-0.6024
45366.85464,-0.6885,0.8647,-1.05,-1.7547,-0.5271,2.5175
45372.55423,-2.4934,-0.4638,0.0111,-1.1734,-1.7827,0.6884
45269.94632,-1.3203,-0.759,0.5931,-2.6264,-1.8384,0.3054
45467.54707,-1.4953,-0.5053,0.1051,-4.358,-2.0206,1.4965
45524.21069,1.1457,1.382,0.0728,3.5679,0.9651,6.0116
44543.18533,-0.2719,0.4267,0.058,-0.66,0.0127,-0.3285
45541.09815,0.8382,-0.8622,0.5286,0.8896,0.2158,4.9362
44505.09555,0.1703,0.6417,-0.2119,-0.5195,-0.128,-1.123
44426.04861,-0.2797,0.0316,-0.0894,-0.63,0.2985,-0.091
44450.02563,0.1568,0.3308,0.1119,0.3724,0.033,-0.0682
45366.6737,0.726,-1.1539,0.3982,-0.5195,0.7708,4.2123
45372.4336,-0.8719,0.4897,-0.8649,-2.1578,-0.2943,2.4748
44755.46162,0.1363,0.1217,0.5334,0.453,0.2714,-0.0396
45441.25075,-1.5269,2.13,-0.2496,-1.9512,-0.1717,-3.7585
45168.0767,-1.119,-0.815,0.5247,1.3395,-0.8147,-1.7002
44870.32738,-0.1269,-0.0139,-0.0317,0.1564,0.2981,0.3517
45121.93636,-1.4241,-0.2267,-0.1888,-1.6818,-1.0104,0.9064
45226.97292,-1.1194,-0.6911,0.5549,1.1461,-0.6416,-1.5676
44951.44843,-0.473,0.145,-0.4403,-0.297,-0.0284,0.1283
44621.0821,-0.3096,0.3745,0.5343,-1.7083,0.0832,-0.8866
44680.28066,0.2813,0.0423,-0.1346,0.4333,0.4259,-0.4599
45235.62797,-0.8265,-0.6954,0.5674,-3.1562,-1.9323,1.8356
44726.30011,0.857,0.0435,0.1905,-0.2118,-0.1548,-0.3774
45273.47466,1.5326,-0.2803,0.7354,-4.5026,2.8202,-3.7523
45296.84107,0.1247,1.3769,-0.9582,-3.7215,0.4776,2.854
45202.48558,1.5816,2.9325,-1.0842,3.2369,-1.4655,-5.0204
45231.64724,-1.6043,-0.9496,0.5682,-3.4476,-1.8577,0.4229
45445.14089,-2.2449,-0.8047,0.235,-0.041,-1.1267,-0.178
45521.25537,-1.8229,-0.5367,0.1839,-1.5909,-1.7208,0.175
44991.25516,0.2956,0.1563,-0.1426,0.4302,0.1103,0.1132
45455.00203,1.0689,-0.018,0.1468,-1.4328,1.2353,-3.7003
44774.85231,0.2525,0.0686,0.0281,0.193,-0.3208,0.2316
44974.21671,-0.2059,-0.2707,0.0731,-0.8249,0.4488,0.7227
44444.29531,0.2002,0.409,0.1261,-0.6365,-0.1262,0.1914
44881.93785,0.3848,-0.5033,-0.2039,0.4239,-0.2469,-0.128
45207.64241,3.3084,3.2958,-2.4162,-2.4469,0.6172,3.123
45005.48908,0.2727,-0.1091,0.227,-4.1648,0.5383,3.87
44484.13532,0.4361,-0.1017,-0.0484,-0.3569,-0.1332,-0.2768
44664.68953,-1.3618,1.5461,-1.6741,-3.4796,-1.0624,-1.9628
44515.89223,0.2047,0.0977,-0.0267,-0.1197,0.1073,0.0141
45307.96891,2.1507,2.7271,0.0318,4.6047,1.2576,5.9402
45184.02966,-1.1272,-0.623,0.617,2.1681,-0.9936,-2.0598
45516.91284,0.6757,-0.885,0.7819,0.0143,1.8524,4.0328
45549.69263,0.9714,-1.3075,0.6805,0.3838,2.749,-1.2844
45423.88065,0.9569,-1.4205,0.1993,-0.5088,3.9089,-0.7934
45036.28916,-0.3138,0.1458,-0.1291,-0.6546,0.7669,-0.1989
44627.59609,0.5761,-0.0504,-0.4522,-0.7993,-0.5702,-0.9353
44789.96071,-0.3115,0.2107,-0.1097,0.1093,-0.1134,-0.0718
45207.76301,-0.7484,-0.0474,0.2183,-2.454,-1.3049,2.4134
44830.18934,0.1203,0.3764,0.0878,1.0068,0.1014,0.2304
44660.95003,0.3166,0.0891,0.092,-1.3838,-0.6787,0.2472
44878.62059,-0.4026,-0.0854,0.318,-0.2696,-0.0648,0.4661
45101.33837,0.791,1.4241,-0.8683,-6.0606,-0.8291,1.7001
45320.77541,0.5937,0.1121,0.5661,2.5376,0.1082,-1.4457
44800.03296,0.2824,0.0133,0.1338,-0.5894,-0.1191,-0.338
45301.0027,-1.3406,-0.7556,0.4485,-1.4571,-1.4413,-0.0324
45423.9108,0.7826,-1.803,0.4581,1.3589,3.5764,-0.1282
44647.28886,0.8081,1.0609,-0.2671,-0.1918,-0.0248,-0.3336
44801.75188,0.1684,-0.0781,-0.1186,1.2692,0.0985,0.6618
45448.00574,0.5966,-1.0862,0.5498,-0.2066,1.1049,4.1724
45387.60233,-1.5241,-0.2211,-0.282,-3.598,-1.6263,1.4074
45457.83675,-1.3637,-0.3913,0.0516,-2.9346,-1.5961,1.5411
45467.99943,0.6047,-1.7452,1.2026,0.8563,2.1392,0.8433
45486.24398,1.0775,-0.1629,0.161,-1.4108,2.9,-3.6568
45584.82447,-0.8014,2.0364,-0.6516,1.058,-0.7038,-3.7907
45598.09314,1.0166,-1.4567,0.7099,1.0334,1.8614,-0.9276
45249.40961,1.4279,1.0989,0.0109,-2.3068,1.027,-4.0442
44934.34982,-0.2048,0.4209,-0.096,0.0638,-0.0721,-0.1539
44579.3745,-0.3805,-0.5823,0.0056,-0.7697,0.356,0.6761
44834.13983,0.0726,-0.1377,0.0386,-0.1586,-0.2174,-0.1564
44838.93465,-0.5907,0.318,-0.2113,-0.2234,0.1617,-0.2595
44805.21987,-0.0227,-0.0186,0.0135,-0.2364,0.0986,-0.4065
45449.0914,-1.7996,-0.8094,0.1879,-2.0147,-2.0127,0.0524
44887.54704,0.0157,-0.0236,0.0445,-0.4229,-0.4697,-0.2399
44434.55369,0.0124,0.261,0.0877,-0.2821,0.0701,0.2981
44682.54245,-1.7015,0.02,0.6627,0.3909,-0.1075,0.6281
44932.96265,0.3804,-0.0842,0.4975,0.292,0.187,-0.095
44881.09347,0.838,-0.1649,0.214,-0.4453,-0.0434,0.4114
44989.11403,-0.1976,-0.1093,0.1158,-1.101,-0.3899,-0.3621
44631.63718,-0.4421,0.0283,0.821,-2.1396,-0.0824,0.0967
45174.77151,1.3027,-1.4589,1.0903,0.7153,2.2764,-0.773
44386.38714,-0.1655,-0.6068,0.3158,4.0906,1.185,1.4148
45165.63399,-1.5762,-0.8353,0.4405,-1.6447,-1.591,0.8058
45322.8562,0.7986,0.9474,-0.6379,0.2145,0.6669,-5.0383
45349.54478,-1.8187,-0.5765,-0.0312,2.5364,-0.0187,-1.9665
45375.29847,0.9129,-1.5897,0.5816,1.0535,2.4379,-0.8869
44899.42883,0.0333,-0.0776,-0.0491,-0.0179,0.0866,0.3145
45221.62509,1.7988,0.6825,0.4006,-2.9794,1.307,-4.5681
45412.72274,1.0868,-2.0689,0.8213,0.6669,2.4035,-0.416
45420.14124,2.0058,1.4202,-1.9339,0.7094,1.3705,4.721
45563.41365,1.0582,-0.0771,1.1022,-0.4033,0.642,5.7056
45591.15724,-0.8071,0.3805,0.0735,-2.5933,-1.2198,1.5529
45235.98984,1.7334,-0.556,0.7574,-1.7354,2.0861,-3.0729
44934.0181,0.0779,0.0675,0.0184,-0.1515,0.0113,0.4892
45499.81428,1.3131,0.6849,0.0486,-1.3269,0.9983,-4.2923
45433.01803,-1.0461,0.4114,-0.2832,-2.4242,-1.2778,2.6436
44547.64869,-0.2133,0.3523,-0.0236,-0.2983,0.2714,-0.4705
44978.49894,0.465,0.1025,0.1296,0.2361,-0.3669,-0.1078
44934.0784,0.2022,-0.381,0.9594,0.3992,-0.2421,0.1212
45224.7413,0.8925,1.9191,-0.4742,-2.1582,-0.3739,-5.3604
45347.16241,-2.3577,-0.4465,0.2184,1.33,-0.5902,-1.5648
45455.6353,-1.6934,0.813,-0.095,2.4424,0.3796,-3.214
45573.27468,-1.0754,0.0447,-0.0355,-4.6513,-0.6765,2.4602
45276.58083,1.8918,1.5908,-0.2207,2.3842,-1.4821,-4.4686
44740.59437,-0.5132,0.0627,-0.727,-1.1865,-0.2948,-0.7989
45201.76184,1.6136,0.1767,0.4784,-2.396,1.4298,-4.4883
45003.8003,0.0198,-0.023,-0.0955,1.681,0.6451,0.0685
45388.89908,1.1178,-1.7423,1.035,0.6404,1.9022,1.8263
44779.64717,0.0176,-0.111,0.025,0.3574,0.3348,0.1265
44964.59669,-0.0822,-0.0307,0.0275,0.6533,0.4294,-0.0093
44520.47629,0.1226,-0.0424,0.2026,0.0884,-0.1683,0.192
44459.52575,-0.4961,0.2785,-0.4066,-0.6272,-0.3131,-0.1555
45084.6005,1.2424,-0.6775,0.5576,-1.9997,2.23,-3.0005
45006.06205,0.1436,-0.146,-0.0495,1.1478,-0.2489,-3.1679
44588.21063,0.0231,0.9244,0.0775,-1.0684,-0.2969,0.1114
45485.82177,-0.9025,0.8549,-0.6379,-0.7116,-0.6871,2.1999
45181.55681,-2.058,-0.9176,0.3589,-2.6018,-1.8177,0.558
44859.89327,-0.4654,-0.0329,-0.3739,0.6041,0.247,0.3176
45486.66617,-1.0226,-0.1056,0.1306,-1.6242,-1.9103,2.4164
44593.33737,0.6657,0.4794,0.9321,-0.4522,0.4013,0.1998
44410.60659,0.2754,0.002,0.5907,-0.0961,-0.2747,0.1429
44789.53854,-0.0368,0.4079,-0.6707,-0.7532,-0.2962,-0.5684
44895.44814,-0.0862,0.117,-0.3007,-0.2848,-0.3929,-0.0006
44969.57257,0.1718,-0.2044,0.0032,-1.6759,-0.5849,-0.498
45128.54084,1.6818,1.3605,-0.42,0.8942,-0.4801,-5.8749
45587.02588,-1.1553,-0.2773,0.053,-2.217,-1.8879,1.8703
45594.98705,0.605,-1.2,0.699,-0.4214,0.6986,3.5776
44671.68595,0.3901,-0.5445,0.0638,1.1588,-0.0275,0.5815
44755.03944,-0.2341,0.0182,0.0679,0.5494,0.2841,-0.2619
45183.81857,-0.3453,0.9616,-0.5064,-2.4634,-0.1748,2.7235
44520.26517,0.274,0.4872,0.2999,0.3649,0.1566,0.1252
45458.25893,0.9325,-1.3928,0.7975,0.3593,2.5137,-1.0487
44600.87672,0.1672,-0.4296,-0.1925,-0.5548,-0.7027,0.0631
45499.3016,2.0428,1.8844,-0.4825,0.4946,1.0523,6.6832
45507.14224,0.9869,-1.3933,0.4664,-2.4425,2.6367,-1.4996
45343.90551,-1.5401,-0.749,-0.2495,-1.3497,-2.5768,2.2257
45249.31913,0.1172,3.3982,-0.4914,0.9959,-1.43,-4.0743
45402.37906,0.8072,-0.5158,0.0998,-4.5421,3.5435,-3.5865
45160.62794,2.09,2.4081,-1.3485,3.0614,2.4287,5.1769
44992.19,0.2887,-0.7287,-0.0831,-0.2771,-0.7627,-0.1317
45465.13457,-1.5411,-0.4287,-0.0232,-3.1551,-2.0299,2.2285
45558.10617,-1.9812,-0.6058,0.2397,-2.5507,-1.6385,-0.1155
45403.58535,-1.5195,0.0246,-0.3693,-1.8787,-2.9021,0.3957
45502.61881,-0.2208,1.1021,-0.9149,-1.363,-0.0007,2.0673
44672.98268,-0.308,-0.0544,-1.1158,-0.2019,-0.0578,-0.6782
45428.52474,1.1071,1.4887,-0.995,1.267,-1.6319,-4.7707
45270.60978,0.3779,1.5716,-0.8911,-2.169,0.6684,1.9269
44442.27461,-0.1861,-0.0435,-0.2262,-0.3987,-0.3723,-0.7417
45035.21857,0.0313,0.6742,-0.5956,-2.2996,2.2423,1.5952
44672.47001,-0.646,0.3439,-0.1826,-1.1329,-0.0709,-0.6025
44649.06813,0.1202,0.0525,0.214,1.1187,-0.0204,0.342
44818.57917,0.106,-0.3379,-0.1667,0.8443,0.2173,-0.0588
45543.93283,-0.6741,2.8733,-1.054,1.3701,-0.3557,-3.5107
45379.88225,0.3558,3.1522,-1.1868,4.1562,-1.6079,-5.1508
45432.38474,-1.9187,-0.6126,0.1867,-1.8654,-0.8487,-2.0276
45618.49893,-0.1783,0.5049,-0.0608,2.1805,0.6727,0.5613
44446.49695,0.288,-0.2179,-0.162,-0.6506,0.0387,0.1327
44593.8199,-0.0865,0.5032,-0.1367,0.0305,0.0955,0.3885
44877.02225,-0.3127,0.013,0.3513,-0.9396,0.3565,-0.1146
44986.15868,-0.0185,-0.01,0.2189,-0.1269,-0.4357,0.5619
44705.73317,0.2346,0.1106,0.2275,-0.0012,0.3206,-0.0409
45063.64148,1.1801,-2.1091,0.8341,-1.4859,1.6656,0.5031
44797.86169,0.0369,-0.5136,-0.0177,0.3407,-0.0064,0.2245
45374.15251,-2.2233,-1.0248,-0.2033,-3.0225,-1.5117,-0.2179
44686.52316,-0.1951,-0.3603,0.5371,-0.5766,-0.0621,-0.2328
44820.479,0.2577,0.1157,-0.9175,-0.6568,0.0725,0.4762
44467.69883,0.0032,-0.022,-0.1546,-0.2848,-0.125,-0.0938
45207.2202,-0.3514,2.7616,-0.4668,1.55,-0.2465,-3.6679
45570.16862,-1.8219,-0.8451,0.3328,1.0042,-1.1192,-1.1103
44379.35995,0.1371,0.6193,-0.1189,-4.1335,0.7756,3.0248
45191.87042,-1.9383,-0.76,0.3414,-1.4689,-2.1999,0.5202
45533.74005,0.8409,-1.8105,0.8586,0.6586,1.23,0.2031
44438.38402,-0.0145,0.0694,0.3744,0.3972,0.1651,0.135
44869.39253,0.2581,0.5665,-0.2526,3.0929,-0.0921,-1.2583
44737.94062,0.1396,-0.4396,0.1682,-2.0556,0.2218,-0.4465
45404.82173,1.054,-2.0585,0.8038,-1.3474,1.9149,2.4635
45197.53989,-0.9437,-0.3149,0.6181,0.9534,-0.7484,-2.4136
44557.54042,0.0096,-0.0054,0.0026,0.1005,0.0914,-0.005
44862.03435,0.1847,-0.0492,0.0618,0.9275,0.3765,-0.3035
44801.17891,-0.3346,0.4961,0.3222,-2.4152,0.1587,-1.3319
45090.3606,3.0502,2.806,-2.6008,-2.7488,0.5454,2.9029
45409.7071,1.1128,0.7229,-0.149,3.3084,0.2305,5.026
44665.95611,-0.6327,-0.2454,0.6822,0.1601,-0.3987,-0.7434
44820.62976,0.724,0.2828,-0.3145,0.577,0.099,-0.2365
45616.16177,-0.3179,0.4215,-0.2336,-3.0707,0.0881,3.3161
44451.65421,-0.1879,-0.1089,0.218,-0.4644,-0.2159,0.3813
44802.11376,-0.3308,-0.0469,-0.1273,0.6619,0.3084,-0.1396
45157.64239,-1.0245,-0.4546,0.2645,-2.8666,-1.793,1.5611
45339.20111,-1.4898,-0.3587,-0.4452,-2.347,-2.2903,1.7677
44585.70758,0.6677,-0.5289,-0.73,0.2535,0.007,-0.7788
45393.99554,-1.5413,-0.6089,0.066,-3.4308,-2.0751,1.8139
44362.44044,-0.2832,-0.4671,-0.0064,0.141,-0.8998,-0.8199
44599.45932,-0.2212,1.2083,0.5177,-1.1554,-0.3816,-0.4305
44505.21619,-0.1691,0.1359,-0.0478,-0.7572,-0.3827,-0.2086
45548.12451,1.2677,-0.9024,0.5563,-1.6028,3.0835,-1.5101
44560.40537,0.03,-0.3792,0.2745,0.3091,-0.0538,-0.1748
44863.63265,0.2647,0.1478,-0.1,-0.0014,0.1094,-0.2543
44909.86293,-0.0104,0.3413,-0.5062,-0.2783,-0.4185,-0.1752
44960.73663,0.1058,0.316,-0.2408,-1.2267,-1.0932,0.6507
44850.90672,-0.0691,-0.2232,-0.2871,0.6294,-0.2686,-0.0852
44593.54849,-0.9013,-0.0128,-0.3113,0.2115,-0.3291,0.6776
45109.23989,-0.4468,1.1212,-0.5752,-4.7709,-0.1446,2.5743
45284.99452,-0.6304,0.3145,0.1137,-1.8728,-0.9587,1.6221
44356.64985,-0.0058,0.0494,-0.005,0.1981,0.0724,-0.0916
44928.71061,-0.2527,0.4067,0.1473,-0.7266,-0.0762,-0.094
45436.12416,0.1255,1.5668,-1.4203,-2.9935,-0.1975,1.9868
44665.80533,-1.431,-0.7596,1.2916,1.5894,2.5619,2.1737
44667.55443,-0.1309,-0.1123,0.0103,-0.1973,-0.0366,0.0054
44962.6365,0.1729,0.0938,0.2145,-0.0535,-0.2399,0.4479
44728.86341,0.0625,0.1368,-0.0622,1.2089,0.2613,0.4747
45236.74375,1.6118,0.2441,0.2349,-3.8367,2.1399,-4.0774
45140.87512,-0.751,-0.1138,0.1776,-3.7759,-1.392,2.148
45156.52662,1.0209,-1.4687,1.3735,0.0618,2.6227,1.6492
44691.64984,-0.4446,-0.4679,-0.0813,-1.2852,-0.1622,0.08
44383.34098,-0.1152,-0.2073,0.2667,0.0752,-0.4036,-0.0536
45252.30466,-1.2818,-0.8554,0.5033,-0.717,-2.6425,0.5339
45271.997,0.9492,-1.0804,1.2615,-0.7138,2.1841,1.6706
44746.59558,0.0833,-0.7122,0.2853,1.2817,0.3905,0.7602
44689.50867,0.7803,-0.6247,-0.3996,0.3008,-0.3042,0.2243
44845.56906,1.2061,0.0589,0.2506,0.2551,-0.2026,-0.4338
45364.47226,-1.0259,0.2589,-0.7343,-1.296,-1.1868,1.9548
45411.87839,0.946,-0.9566,0.4403,-0.758,2.8353,-1.5644
44886.73282,-0.2428,0.1988,-0.4611,0.2103,0.2371,-0.5044
45329.46049,0.6983,-1.1828,0.1481,0.4439,1.6176,4.3557
45425.02657,-0.9314,0.2555,-0.3042,-2.9388,-1.1459,2.4482
44442.84765,-0.1708,0.3301,-0.2363,-0.5405,0.1239,0.2522
45459.73658,1.3424,1.0194,-0.2865,0.6923,-0.535,-4.8467
44574.36833,0.1742,-0.2339,0.5419,0.2213,0.1317,0.281
44668.21789,-1.4827,-0.6546,-0.2858,-1.7395,-0.2739,0.3524
45325.12799,-1.6879,-0.0501,0.1011,-0.7242,-0.4901,-2.6587
45358.38065,0.9322,1.7163,-1.3394,0.9787,-1.7103,-5.6433
45310.38141,1.932,2.3185,-1.2089,4.2419,2.3693,5.7427
45467.51692,-1.2893,-0.3069,0.0361,-5.0708,-2.1581,2.3117
45431.69114,-0.4078,3.6813,-1.4651,2.2915,-1.8687,-5.5722
44511.48914,0.084,-0.5225,0.1657,0.3366,0.1229,-0.2558
44969.99475,-0.1296,0.0208,0.2668,-1.2106,-1.7245,1.1327
45324.67065,0.3932,-1.7635,0.438,-0.4982,1.6763,3.4019
45220.38868,0.3868,1.336,-0.765,-3.628,0.2056,1.5675
44792.97635,0.1206,-0.0759,-0.5125,0.2558,-0.0703,0.2506
44575.84609,0.9839,-0.397,0.1031,-0.3118,0.3923,-0.8237
44478.76708,0.0011,0.0025,0.3079,0.3905,0.1522,0.137
44832.9034,0.0223,-0.069,0.3813,0.6536,0.0956,0.3989
44444.17467,0.0316,0.0016,0.0556,-1.051,0.2112,-0.4826
44966.37597,0.0251,0.1575,0.2615,-0.124,0.8344,0.2034
45117.0659,3.615,1.9362,-1.3186,-5.0285,0.0101,4.9452
44508.23204,-0.2862,0.5099,0.1983,-0.197,0.0771,-0.3692
44683.26621,0.3558,-0.1393,0.2108,0.1108,-0.2093,0.0612
44966.85845,0.0155,0.2231,0.0857,0.2898,0.5585,-0.2227
44987.75701,0.2624,0.2961,-0.1032,-0.1795,-0.8325,0.0176
45008.173,0.3431,0.4078,0.6513,-2.298,-0.4938,-2.4169
45171.42412,1.5421,2.0984,-0.6631,1.9534,-1.5166,-5.4278
45175.01275,0.6305,1.5838,-0.7706,-3.5044,-0.4796,1.2407
44627.35485,0.0769,-0.565,0.1929,-1.4229,-0.2201,-0.1067
45208.4265,1.9779,1.8548,-1.7125,3.6255,2.8489,5.354
45223.86676,-0.6799,3.1971,-0.2708,-0.1626,-0.0015,-3.7934
45151.03803,0.8366,-0.7632,0.903,-0.2539,1.3834,4.2568
44431.44721,-0.5374,-0.0575,0.068,-0.7199,-0.2981,-0.2421
44467.72898,0.1787,0.006,-0.0207,-0.407,-0.2468,-0.1633
44864.38655,0.375,-0.3402,-0.052,-0.0849,-0.0701,-0.0311
44564.14493,-0.4955,0.3082,-1.2584,-0.6958,-0.3725,0.3028
44939.89859,-1.3763,1.012,-0.2717,-2.184,-0.2716,-0.0214
45322.97683,1.0719,-1.3178,0.1639,0.2523,3.083,0.1961
44454.45902,-0.0564,-0.1385,0.0996,0.7045,0.4021,-0.2426
44366.60245,-0.168,-0.01,0.4968,0.0996,0.0216,0.5817
45376.23331,0.6528,-0.9522,0.1911,0.83,0.0355,5.6118
45424.09174,2.2354,1.6476,-1.6978,1.4204,0.5992,4.2167
44582.63151,0.5819,0.2453,0.0299,0.5872,0.1486,0.3725
45436.96853,-0.8271,0.6959,-0.8058,-3.1585,-0.1802,2.9097
45446.1964,1.4038,0.3352,-0.0489,-2.6781,0.4085,-4.7595
44919.5733,1.1205,0.2554,0.3807,-0.2905,-0.3594,-0.2218
45151.64116,1.4079,0.0502,0.4183,-4.0178,1.2545,-4.2757
45368.30216,0.9948,0.416,-0.0776,3.6942,0.9534,4.9217
45498.42708,0.6125,-1.2949,0.6403,-1.1609,0.8758,4.4603
44418.38798,-0.661,-0.4853,0.5754,0.3372,0.2199,0.4733
45576.56169,-1.8069,-0.6544,0.3582,-2.4512,-1.8994,1.0046
44507.29711,0.3348,0.3538,-0.0482,0.3118,-0.0473,-0.3427
45587.87023,-1.1686,-0.3964,0.2355,-1.4866,-2.7448,2.3793
44573.25253,0.0816,0.0025,0.0855,-0.5981,0.1599,-0.5113
45398.06668,-2.4259,-0.7204,0.1577,-1.0372,-1.3692,-0.5875
45587.90038,-1.6802,-0.5312,0.388,-0.5071,-2.5658,1.5519
45609.22077,1.006,3.4932,-0.529,4.1575,-1.8286,-5.5417
44977.92596,-0.5927,-1.0247,-0.0422,-1.4467,0.1334,1.0532
44513.75101,-0.2291,0.0432,0.0931,0.4104,-0.1144,0.3907
44922.52861,0.043,0.0622,0.4783,-0.0955,-0.3703,0.1656
44571.26211,0.3945,-0.3572,0.0528,-0.7179,-0.0311,0.3823
45090.42093,-0.296,0.9016,-0.8186,-1.8101,0.1395,1.8892
45325.40446,0.9881,-1.938,0.8198,0.5633,2.4998,-0.5181
45539.01734,-2.076,-0.6896,0.1987,0.822,-0.7862,-0.7808
45589.6796,-1.0275,0.7981,0.7103,0.2608,-0.089,-3.646
44590.1407,0.4988,0.1194,-0.3048,0.5847,0.02,0.1031
45624.8319,0.1905,-0.0262,0.0515,1.1695,-0.2613,-0.4384
44529.13166,-0.0655,0.2827,-0.2657,-1.8014,-0.1388,-0.8381
44826.9626,0.0731,0.3007,-0.1487,-0.3495,-0.1656,-0.0931
45494.53692,0.9076,2.2967,-1.3281,-4.1354,-0.3259,1.2132
45365.73884,1.0338,-1.4657,0.3585,-0.416,2.8949,-1.4448
45058.96714,1.3971,-1.6281,0.8357,0.7432,2.8573,-1.5911
44629.79757,0.157,0.1444,0.1278,0.8368,-0.4112,-0.9555
45395.50337,-0.3938,1.0588,-1.3369,-1.8222,0.1585,1.7481
45409.76741,2.0782,2.1566,-2.5065,-2.0424,0.2312,2.8821
45390.79895,-1.3265,-0.2817,-0.4899,-2.9263,-1.8047,2.2401
45118.60391,-0.3363,-3.2742,0.2946,-7.7607,-8.773,1.4086
45480.57459,1.1084,2.8322,-0.9366,1.6935,-0.7938,-5.5254
45441.88401,-1.7279,-0.9616,0.1686,-1.8863,-2.0713,1.0875
45276.88238,2.0308,3.122,-1.1032,6.4558,2.7415,5.6799
45579.12497,-1.3122,-0.1157,0.5971,-1.8411,-0.3131,-3.1166
45177.84752,1.6797,0.1915,0.3013,-2.3465,1.9455,-4.6652
44485.0401,0.1266,0.1523,0.0088,0.2034,-0.1731,0.1974
44682.09009,-0.3196,0.0201,0.2838,-1.0896,-0.1426,-0.126
45488.11364,2.4559,2.5119,-2.9553,-4.5125,-0.9482,3.2552
45596.82659,-1.0839,0.1544,0.1601,-2.6613,-1.4508,1.4976
45496.4066,-1.9626,-0.4748,0.1966,0.257,-0.946,-1.2533
44393.98769,-0.5026,0.164,0.2787,-0.2347,-0.1564,0.3062
44933.14356,0.8896,-0.3043,0.684,2.1163,0.0195,0.0301
44691.74032,-0.68,0.3843,0.2327,0.446,0.5632,0.2727
44368.2914,-0.015,0.3628,0.0945,0.8488,0.2056,0.3038
44633.38632,-0.1927,0.9201,-0.2506,-2.7116,-0.1282,-1.3173
44365.12464,-0.0766,-0.2109,-0.3351,0.5758,0.1541,1.0379
44429.96936,0.1594,-0.1906,0.0196,0.7733,0.2452,0.1917
44746.11306,-0.1928,-0.4875,0.6097,2.3461,0.5428,0.5381
44783.44692,-0.123,0.1556,0.1285,-0.0483,-0.1654,-0.1794
44936.15922,0.0311,0.4102,-0.1143,0.677,0.1767,0.069
45071.3918,1.4932,-1.6791,0.7942,-0.5554,2.052,-0.8148
45108.1542,1.1749,-1.3306,0.9752,0.7925,2.9104,-2.0559
45132.61209,1.3443,-1.3566,1.0967,-0.2601,2.164,-1.4971
45306.61183,-1.0402,-0.6694,0.406,-2.109,-1.9846,1.0601
44818.09666,-0.1338,0.0466,-0.8267,-0.424,-0.0952,-0.021
45398.69998,-0.5287,0.9453,-1.1,-0.935,0.2203,1.7818
45317.84015,-0.078,0.6751,0.0145,-0.233,-0.044,0.8374
45446.317,0.9446,-1.8288,1.0297,-0.4338,2.2855,-0.0172
45484.46477,-1.5092,-0.4981,0.158,2.2499,-0.0221,-2.2289
45544.68672,-1.4443,-0.0329,0.341,1.0533,0.5298,-2.1312
45254.26485,1.4185,-1.1406,1.0902,-1.2861,2.2491,-1.5288
44551.47872,-0.0682,-0.1154,0.1194,0.2667,0.1957,-0.0736
44569.33204,-0.1531,0.1358,0.0231,-0.389,-0.1373,0.367
45208.96932,1.463,-0.1719,0.557,-3.9569,1.4576,-4.0174
45089.96854,1.1043,3.9346,-1.4364,4.3566,-1.5778,-4.9684
44655.4313,0.5774,0.4694,0.3306,0.3619,0.2478,-0.4442
44925.03156,-0.2409,0.4048,0.2424,0.318,0.231,0.1877
45493.51161,1.2038,-1.6888,0.4943,0.2041,2.6017,-0.0033
45013.60122,-0.3081,-2.6487,-0.4192,5.5107,1.2811,1.4814
44512.24311,0.3997,-0.1907,0.0261,0.4718,0.4721,0.3181
44618.45841,-0.2251,-0.2667,0.3137,-1.9779,-0.1736,-0.2846
45257.52179,0.8207,-1.198,1.2014,0.0617,1.3729,0.8537
45342.57863,0.4282,3.1093,-1.8021,1.8696,-1.7821,-5.6074
44356.40857,-0.004,0.0163,0.0034,-0.0111,0.0087,0.0103
45344.78006,-1.7664,-0.8387,0.2765,1.6249,-0.8749,-1.1933
44530.66972,-0.4108,-0.1591,0.2523,0.6368,0.1626,0.4893
45278.78225,-1.5817,-1.062,0.506,0.5718,-0.6781,-1.7782
44728.35075,0.4909,-0.388,0.5311,0.8241,0.3458,0.4096
44620.17738,-0.2082,1.2855,-0.5801,-1.6169,-0.5534,-2.0988
44977.86566,0.6078,0.3891,-0.0941,-0.0462,0.4987,0.1935
45574.36029,0.3561,3.9685,-1.2306,4.1505,-1.5611,-4.7825
45199.40961,1.276,-1.0675,1.1483,1.116,2.2662,-1.6325
45544.89781,0.8674,-0.3763,0.4782,-3.094,1.9529,-3.2917
45415.73839,-0.1247,3.0315,-1.0868,2.1606,-1.4213,-5.2814
45162.61828,0.0508,3.8064,-0.4615,3.4336,0.0946,-3.6213
45622.93202,0.246,-0.3763,-0.2188,1.0994,0.8273,-0.9192
44365.66752,-0.4468,0.1356,0.034,0.0216,0.3356,-0.3509
44638.12107,0.8887,-0.2944,0.3384,-0.2394,-0.2168,0.5024
45068.55703,-0.4424,0.9675,-0.2807,-1.315,-1.7611,1.9259
45295.03166,0.9139,-1.0983,1.1542,-0.7539,1.2942,3.2169
44617.52353,-0.3403,-0.0286,0.3085,-1.6038,0.0257,-0.3232
44621.71542,0.09,0.7846,0.1627,-1.1194,0.2035,-0.7662
45350.38914,-1.6228,2.4704,-0.4815,0.5336,-0.1265,-3.8127
45503.28223,0.7011,-0.7305,0.6163,1.0975,1.2608,5.8726
45513.17348,-1.2155,-0.6321,0.2019,-3.2182,-1.8245,1.3828
44647.22853,-0.1647,-0.089,-0.124,-0.3985,0.4013,0.9785
44633.14508,-0.5508,0.1437,-0.3256,-0.786,0.2294,-0.2287
44721.44486,0.036,-0.3519,0.0074,-0.5,0.0396,-0.3282
45204.38548,0.8841,-0.4878,0.759,1.046,0.0361,5.534
44596.53406,-0.9513,-0.0026,-0.0788,0.8771,1.0788,-0.5047
44857.72202,-0.5113,0.709,-1.4625,-0.6723,-0.2308,-0.8331
45281.1948,-0.9951,-0.7684,0.7535,0.608,-1.0791,-1.5576
45530.42284,1.0149,-0.6597,0.2653,-4.1086,2.5306,-2.6962
44929.76606,0.0463,-0.1956,0.0961,0.1052,-0.1684,-0.1535
44904.22372,-0.6721,-0.1382,-0.2008,-0.5942,-0.3173,-0.4015
45344.29754,0.86,-1.6099,0.7574,0.9324,1.296,-2.27
45405.03282,0.3326,1.7516,-1.3284,-2.8335,-0.5809,1.8793
45241.11649,-0.6383,-0.0666,0.3527,-2.8464,-1.2091,2.2511
45036.37964,-0.4354,-0.079,0.1502,-0.1456,0.4527,-0.7118
44666.77035,-0.1061,0.3224,-0.4084,-1.4381,-0.5625,-0.4986
44673.97788,0.0668,-0.3941,0.2139,-0.487,-0.1384,-0.8792
44668.57976,0.1128,0.3699,-0.1148,-0.9113,-0.3438,-0.5219
45535.48909,0.9529,0.6801,0.2423,3.035,0.7237,4.5962
45159.81369,1.1376,0.1487,0.5479,1.8562,0.342,4.8624
44697.34951,0.6664,0.3305,-0.1555,1.158,0.3223,-0.325
44857.75217,0.0818,-0.2178,0.3574,-0.5105,0.1804,-0.464
45094.94471,0.7772,-0.9822,0.6925,-0.9231,0.5681,4.0156
44490.77024,-0.1883,0.0467,-0.9286,0.9222,0.1166,0.2968
44671.83671,0.0423,0.2565,-0.0635,-0.4428,-0.0705,-0.3471
44607.57163,0.6088,-0.0299,0.1959,0.3182,-0.0421,-0.0111
44978.83066,-0.2485,0.1819,0.0012,-0.1922,0.3001,0.6143
45119.51871,0.5581,1.1646,-1.0717,-10.2333,-0.98,4.2883
44994.33114,0.035,0.1581,0.3109,-0.9161,0.6686,0.6482
45248.14301,3.4243,3.3973,-2.3636,-4.3268,-0.0721,3.5679
44621.41383,0.2173,0.0656,0.1943,0.2715,0.3686,0.1063
44587.63763,-0.6793,-0.3405,0.6861,-1.0929,0.0351,-0.5076
44872.70978,0.2895,0.1208,-0.4715,0.526,0.3131,1.2261
44987.39513,-0.0023,0.0047,0.4078,-0.4586,-0.532,0.4976
45041.55656,2.1869,1.0459,-1.5974,0.2715,4.6586,8.4201
45344.93084,0.3055,2.847,-1.7316,-0.4889,-1.9579,-4.2588
44504.70349,0.244,0.1384,0.0213,-1.4716,-0.0089,-0.518
45046.93452,1.6339,2.1025,-1.4371,-3.38,0.1709,0.6403
45076.8502,1.4882,-1.642,0.927,0.673,2.6264,-0.686
44779.0742,-0.1614,0.3402,0.1477,-0.9563,0.0928,-0.6321
45022.61808,-0.0773,0.1463,-0.3667,3.6585,1.3428,0.7233
45395.3526,0.5207,-1.147,0.5223,-0.5165,0.9871,4.6246
45486.72648,-1.7581,-0.7285,0.3312,-3.3779,-2.2246,1.2813
45518.36037,1.0436,-0.7758,0.2991,-3.5575,3.2503,-2.0847
44448.72874,-1.2958,0.8509,-0.77,2.3908,-0.0907,0.9036
44974.18653,0.3257,0.1323,0.154,-0.2445,0.4059,0.4888
45283.39624,-0.4586,0.4263,0.0176,-1.6147,-0.9329,2.2301
44453.94634,0.2301,0.4139,-0.2231,0.2699,0.0274,-0.1176
45356.63155,-2.1871,-0.839,0.1083,1.2612,-1.2326,-1.2595
44541.61711,-0.0154,-0.4458,0.0867,0.5086,-0.0781,0.6403
45550.95919,-1.9895,-0.694,0.162,-0.3928,-1.2232,-0.5182
45573.93811,2.8493,3.0924,-2.3478,-2.3237,0.0081,3.0705
44805.5516,0.153,0.7742,0.1635,2.3809,-0.4206,0.8358
44714.29773,0.916,0.1785,0.1166,-0.2351,-0.0705,-1.0003
44426.10894,0.5173,-0.7192,0.0715,0.5394,0.2464,0.0096
44757.39165,1.8993,-1.0726,1.3392,0.954,1.5835,-2.3063
44845.8103,0.4565,-0.023,0.0445,-0.2536,-0.2591,-0.0787
44905.79184,0.0221,-0.3724,0.8884,-0.7272,0.5791,-0.1886
45241.20697,-1.4049,-0.8286,0.3597,-1.277,-1.6359,0.3728
45353.61592,0.4349,2.5698,-1.2214,3.2935,-2.1333,-5.6788
45557.86493,2.654,2.0605,-2.364,1.3077,2.2282,5.2469
45617.61936,0.3155,-0.1307,-0.0607,0.8391,-0.8077,-3.8912
44510.67484,-0.014,-0.0744,-0.0425,0.0816,-0.0153,-0.1673
45183.27575,-1.0712,0.6199,0.4308,0.9891,-0.1661,-3.144
44519.3001,0.8183,0.3095,0.3938,3.9877,-0.2555,1.2445
44762.78967,0.0737,-0.1717,0.3477,0.7972,0.5072,0.0695
45395.47319,0.3357,1.562,-1.6094,-3.4468,0.1619,1.4252
44820.41867,0.7542,-0.0297,0.243,-0.7353,0.0666,-0.7048
45048.80426,0.209,4.7189,-1.0293,4.0474,-0.4981,-3.2623
44492.67026,0.1172,-0.1234,0.1334,0.3,0.0792,0.4251
44571.98588,0.4917,-0.1645,0.129,-0.3479,0.32,-0.1847
44710.43765,-0.0183,0.0121,0.2843,-0.6452,-0.0149,0.1151
45223.77124,-1.6441,-0.8259,0.5031,0.8542,-1.1558,-0.6231
44980.82099,-0.1806,-0.7836,0.1951,-0.248,0.3757,0.5325
44774.18883,-0.1516,0.2425,-0.0062,-1.0475,-0.3151,-0.5668
44982.96211,-0.2011,0.2315,0.0315,0.0952,0.376,1.2206
44407.43966,0.1963,-0.2354,0.3624,0.312,0.054,-0.1001
45035.37443,-1.7762,-0.1552,-0.1,3.1365,0.4836,-2.7781
44409.73191,-0.3136,0.1664,-0.1268,0.7073,0.1122,0.0174
44354.2069,0.0085,-0.0284,-0.0125,-0.045,0.0117,0.068
44557.11818,-0.0852,0.2303,-0.015,-0.4542,0.0868,-0.2122
45045.2759,0.8267,-2.1708,1.5916,0.1639,2.5404,1.5909
45436.87807,2.7153,3.1126,-3.0631,-2.708,1.0766,3.616
44431.74881,-0.1905,-0.3588,-0.392,0.8842,0.1,0.4346
45432.5054,0.2464,3.2034,-1.1031,2.6148,-1.398,-5.2656
44830.7623,-0.0504,-0.2759,-0.6484,0.2954,0.1889,0.9361
44833.597,-0.0001,0.0845,0.3792,3.862,-2.5288,-2.0809
45314.75412,-0.7633,0.5161,0.3171,-0.6162,-0.4904,-2.8575
44469.23692,0.0773,-0.0884,0.0885,-0.4982,0.4593,-0.1153
45533.31785,-1.6048,-0.5865,0.2965,-0.7935,-1.5372,0.9357
44916.82904,-0.0349,0.3631,0.2799,0.0058,0.6565,0.1883
44620.78053,-0.0459,0.0844,0.303,0.7459,0.357,0.8855
45369.53859,-0.1517,3.9304,-1.2525,3.7388,-1.3445,-5.436
44948.97559,-0.3001,-0.1236,-0.2456,-0.6379,-0.0476,-0.1258
45332.11431,-2.1596,-0.5311,0.0657,-2.0192,-2.1029,0.6197
44649.21892,-0.7275,0.4029,-0.6393,-3.0335,-0.7989,-1.0917
44383.43147,-0.0786,0.2254,-0.0653,0.0002,0.2407,0.288
44817.73475,0.0036,-0.1281,-0.1033,0.0428,0.0577,-0.2193
45342.12628,1.5922,1.5159,-1.0545,2.4774,2.7957,5.6687
45539.71097,-1.3656,-0.1859,-0.2357,-3.1011,-1.769,1.4658
44493.30359,-0.0604,-0.307,-0.2193,-0.3282,0.0452,-0.2936
44381.22982,0.2892,-0.2587,0.2191,-0.1122,0.1415,0.1887
44775.72685,0.1904,0.2236,-0.0885,0.8617,-0.0165,0.5812
44934.59106,-0.016,0.2591,-0.4848,-1.4656,-0.3615,-1.187
45207.73286,-0.3973,0.5559,-0.2163,-1.8851,-0.4644,2.1637
45493.81316,-0.9455,0.1107,-0.0626,-2.0962,-1.2636,2.8549
45461.87769,-1.5988,-0.7539,-0.022,-3.3526,-1.8967,1.2527
44792.52398,-0.2661,0.5838,0.7165,-1.0539,-0.1167,-0.3621
44943.66809,-0.5085,0.6275,0.0102,-0.4923,-0.4561,-0.3233
45414.68293,-1.3568,-0.4137,-0.2597,-2.4484,-1.4865,1.2495
44876.63021,-0.1614,-0.1315,1.4767,0.7567,0.6841,0.6612
45444.62823,1.0054,-0.5134,0.2875,-2.917,1.208,-3.3452
45070.03473,2.7361,2.4904,-2.2125,-2.0975,1.0779,3.3087
44660.85954,0.1078,-0.1226,-0.1143,-1.4579,-0.5323,0.4653
44627.23421,-0.5193,0.4836,-0.6105,0.0768,-0.0746,-0.0962
44881.39502,0.7756,-0.0843,-0.0143,0.4869,0.287,-0.493
44990.32031,0.3318,-0.1955,0.0138,-0.569,0.275,-0.1725
45213.49281,-1.1853,-0.7188,0.4381,-1.8152,-0.9759,-1.2049
45283.03435,1.4269,-0.406,0.4893,-0.9158,2.5797,-2.5537
45009.53007,0.1669,-0.7914,0.1029,1.0301,1.6934,0.6242
44390.18738,-0.2571,0.117,0.1905,-0.4217,0.0744,-0.4154
44740.26267,-0.1117,1.1036,-0.8362,-2.1863,-1.0633,-1.6221
45067.16981,-2.0657,-0.975,0.3021,-0.0714,-1.0575,-0.6
45536.90644,1.0095,-0.7659,0.6972,-2.6393,1.7509,-2.2851
45030.80063,0.0239,-0.0636,0.1572,0.6174,-0.2352,-0.9384
45491.46099,-1.3026,-0.2785,0.1168,-1.5744,-1.7875,1.2291
45578.94404,-1.2456,-0.21,0.2893,-3.899,-1.7192,1.295
45487.23914,0.8251,-0.9017,0.5095,0.3132,1.0556,5.3064
45088.97333,-1.2624,-0.7883,0.1441,-1.7403,-1.7016,0.6488
44880.43002,0.0432,0.1422,-0.6443,-1.9535,-0.579,-0.0566
44715.08178,-0.7211,-0.3893,-0.0027,-0.2335,0.0043,0.8153
45261.5326,0.881,-1.2624,1.193,-0.2978,1.8259,1.2663
45194.40359,-0.2058,3.8721,-0.5316,1.485,-0.036,-3.8066
44636.34179,-0.82,-0.1042,-0.3584,0.8275,0.1659,0.8136
44807.96409,0.053,0.008,0.2567,0.0665,0.1775,-0.2697
44633.68791,0.0071,0.6548,-0.6533,0.5813,0.0587,-0.0881
45616.73975,0.1037,-0.376,0.455,0.6777,0.5792,3.899
44875.45408,-0.1965,0.1019,-0.1294,-0.4231,-0.1712,0.1774
45015.01859,0.2036,-0.0099,0.1975,7.3357,3.818,-1.8921
45519.1143,1.294,0.4422,0.158,-3.407,0.7521,-4.8327
45543.45029,0.5603,-1.2539,0.8972,-0.91,0.9741,3.6164
44410.18431,0.479,-0.2649,0.5079,-0.1968,-0.4658,0.0504
44709.02026,0.2304,-0.6416,-0.2142,-1.0759,-0.1621,0.5691
45483.22833,0.3432,-1.4168,0.3561,-0.6782,0.4787,3.7382
45025.9052,-0.714,-0.3377,0.0229,-1.2913,-1.0609,0.6477
44945.65839,0.2072,-0.0844,0.4493,0.1433,0.1223,0.2786
44784.50236,-0.1672,0.5261,0.1893,-0.9027,-0.0331,-0.6886
45219.96648,1.3674,3.4975,-1.1063,3.1457,-1.1712,-5.3734
44459.91781,0.2636,-0.1791,-0.2135,0.0633,-0.0429,-0.1622
44643.45887,-0.1778,-0.4259,0.0049,0.2837,-0.03,0.7836
45160.53745,0.9255,-1.0438,0.7855,-1.7513,1.44,3.5483
44748.9478,2.1739,0.5217,0.1481,0.5459,-0.1951,-0.8024
44593.72945,-0.8983,0.4752,1.2293,-0.3376,0.6119,-0.7429
45269.07179,-0.6547,-0.1109,0.2127,-2.9047,-0.9938,2.2002
44889.98977,0.0356,-0.1041,-0.2193,0.9079,0.1982,0.5412
44534.83155,0.5167,-0.1401,-0.2881,2.1886,0.4755,-0.1481
45285.56751,0.7276,-0.5583,1.1149,-1.2119,0.9447,3.2629
45492.72755,0.7824,-1.7089,0.5086,1.4965,2.4666,-0.7097
45254.80765,-1.0698,-0.2266,0.4396,1.9355,-0.1351,-1.8558
44812.57804,0.1622,0.3815,-0.6127,0.0767,0.0296,0.4629
45532.05128,1.152,-1.1601,0.3192,-2.9574,3.238,-1.6177
44509.58915,1.2807,0.1987,0.0035,1.2168,-0.3878,0.1169
44899.00665,-0.1786,-0.2636,-0.2483,1.7336,0.3363,0.0555
44947.37732,0.1324,0.0067,-0.0096,-0.2338,0.0462,0.2605
44862.84856,0.2444,-0.108,0.0939,-0.005,-0.1746,0.0559
45267.95598,1.2184,-1.1072,1.6,0.8002,1.5733,-0.4552
45488.35488,-2.5128,-0.6166,0.2364,-0.6904,-1.2146,-0.6458
45164.00552,-0.9037,-0.4904,0.4421,-3.6584,-2.1282,1.7779
44467.15593,-0.0018,0.0328,-0.2711,-0.0144,-0.011,-0.2541
44536.33946,-0.049,-0.033,-0.2252,0.567,-0.1952,0.3806
45135.65793,1.6685,1.3427,-0.4026,-4.0198,-1.3353,-5.4544
44584.26,-0.3825,0.2148,0.0707,0.8773,0.2044,-0.0588
44624.67084,-0.5196,-0.1757,0.2914,0.7492,0.6471,0.4577
44677.9586,0.3216,-0.1117,-0.2952,-0.4143,0.0525,-0.2274
44827.95778,0.1419,-0.1115,-0.2305,-0.2593,-0.2804,-0.4137
45022.82917,-0.0417,-0.0442,0.0971,0.0217,-0.6631,0.6021
44416.06561,0.933,-0.0493,0.2996,-0.775,-0.0849,-0.6278
44659.38183,-0.1824,0.2257,-0.0337,-0.6917,-0.2201,0.013
45073.08059,1.0514,-0.1326,0.184,1.9402,0.0351,4.6987
45063.6113,1.4427,-1.8863,0.9571,-1.2375,2.2586,-1.0431
45029.19229,-0.0574,0.2582,0.6296,1.0856,2.4047,-1.0593
45053.08654,-0.4675,0.4642,-0.3938,-0.3122,0.57,3.2356
45103.99234,-1.2917,0.1648,0.3369,-0.0224,-0.454,-1.942
45183.3059,-0.5959,2.96,-0.5987,2.485,-0.7971,-4.2666
45196.99706,1.4176,-1.1025,1.2894,-0.4082,2.5964,-1.2042
45308.51171,1.5319,0.4777,0.3198,-4.4762,2.9541,-3.6604
45337.87419,1.3899,2.4152,-1.1493,4.5722,-0.8617,-5.2281
45438.95887,1.3088,0.9807,-0.5931,0.5698,-0.6757,-4.9666
44478.52581,0.2324,-0.1232,0.0419,-0.2794,-0.2163,-0.0313
45020.32617,-0.5739,0.7462,-0.4762,3.501,0.413,-0.5534
45116.34211,1.2448,2.1851,-1.0196,-3.5327,-0.7199,1.2784
44659.71358,-0.0131,-0.3084,-0.605,-0.6936,-0.4504,0.6166
45212.76906,-1.2339,0.1794,0.3395,1.5934,0.3554,-2.1457
45171.786,2.1685,1.9023,-2.0911,-3.9883,0.4273,2.8972
44496.50038,0.4081,0.3388,0.1702,0.8571,0.38,-0.0832
44579.46495,-0.0103,-0.4653,-0.1553,1.0233,-0.0142,0.774
45316.71431,0.7367,0.6422,0.31,6.9021,1.4749,-1.447
44864.62782,0.2942,-0.1683,0.1241,-0.1299,-0.111,0.053
45602.37532,0.5752,1.9313,-0.8041,-4.8916,-0.6413,1.8259
44843.30733,-0.0027,-0.2217,0.0616,3.4297,0.008,0.6831
44586.64246,0.3647,0.5701,0.2426,-0.1697,-0.4943,-0.5745
44971.02008,-0.0954,-0.1076,-0.1084,-0.1347,-0.9509,0.465
44660.82939,0.154,-0.217,-0.2729,-1.0266,-0.5409,0.146
45617.49872,0.6234,0.3545,-0.0144,1.3121,-0.5547,-3.57
45133.42632,1.3605,-1.5875,1.3099,-1.1039,1.8529,-0.6716
44521.4715,-0.2253,-0.1676,-0.2443,-0.1105,-0.041,-0.5175
44648.61575,0.272,-0.7295,0.1938,-0.0547,0.0836,0.4728
45217.46347,-1.6549,-0.8805,0.553,1.5675,-0.6196,-1.154
45490.31505,0.7752,-2.0366,0.8854,-0.0565,2.0852,0.4545
44540.26002,-0.0172,-0.812,-0.0212,-0.11,-0.1624,0.4174
45303.26444,0.7544,1.7111,-0.8315,-4.8378,-0.4366,1.8371
45367.39745,0.6395,-1.9592,0.8859,-0.0903,2.0159,0.7866
44733.206,0.4938,0.3996,-1.1383,-0.0757,-0.5985,-0.4008
44423.24374,0.3092,-0.0874,0.3347,-0.5133,0.0023,-0.1134
44557.20867,-0.13,0.1907,-0.0198,-0.2069,0.2166,-0.3157
44753.98396,0.1552,0.204,0.1221,0.6338,0.487,0.0061
45131.28515,0.9609,1.5917,-0.7679,-3.2482,-0.5859,0.8124
45044.79338,-0.5675,0.7179,-0.27,-2.0911,-0.7918,4.2307
44460.12893,0.1355,0.2458,-0.1509,0.4842,-0.1777,0.0502
45443.09026,1.127,-1.4317,0.863,0.2343,2.2084,-1.3047
44928.77091,0.0775,0.5187,0.1911,-0.0742,-0.0025,-0.2402
45304.28976,-1.4102,-0.7034,0.688,0.1229,-1.1724,-1.3183
44949.09623,0.0511,-0.4133,0.9044,-0.2643,0.327,-0.0188
44552.74533,0.0832,-0.3493,0.0989,0.9076,0.3972,0.0015
45579.75824,-1.0569,-0.0468,0.2197,-3.1531,-1.115,2.2867
45241.53869,1.6135,-0.5298,0.5612,-2.2885,1.9918,-2.1309
44789.71945,-0.5721,0.012,-0.0719,0.4535,0.0492,0.6229
44843.12639,-0.2055,0.0526,-0.3613,-1.5913,-0.7365,-0.4081
44688.90555,-0.7656,0.2485,0.7841,0.3565,0.6128,0.0954
44935.58623,-0.2432,0.1126,-0.1391,0.7423,0.0058,0.1812
44422.27861,-0.3731,0.1346,0.1395,-0.2523,-0.0811,0.204
45203.39028,1.3972,-0.5062,0.4972,-3.6629,4.0119,-3
44407.62063,0.0392,-0.3307,0.6637,-0.2521,-0.5536,-1.2049
45202.757,0.7449,-0.901,0.8468,-0.3952,0.6482,3.9227
44672.71128,-0.1407,-0.0682,0.1984,-0.0099,-0.0219,0.2346
45390.61801,1.6459,1.7128,-2.0767,0.6223,2.881,5.2274
44964.62687,-0.2248,0.3815,-0.0128,1.1301,0.7347,-0.0075
44804.73734,0.3265,-0.3629,-0.1145,-0.8861,-0.0026,-0.9483
44854.13344,-0.083,0.0011,-0.1138,-0.5364,-0.1835,-0.162
45584.4023,0.7329,0.0533,0.7529,0.5259,1.1616,5.1053
44675.12384,0.8096,-0.3262,-0.8276,-0.2479,-0.0736,-0.3479
45030.49906,-0.2905,-0.1308,-0.3476,0.794,-0.7721,-0.2866
44901.47947,0.2325,-0.5174,-0.1127,0.2462,0.3353,0.3071
44418.0562,-2.453,1.9139,1.5078,-2.8237,1.9641,0.954
44968.2758,0.3739,0.0883,0.1538,2.8894,0.6693,0.0659
44499.60671,0.2479,0.1732,0.0287,-0.373,-0.2654,-0.1334
44543.99961,0.3484,0.1456,0.1811,-1.1641,-0.0021,-0.97
44548.58358,-0.2457,-0.2601,0.2551,-0.5172,-0.1141,-0.1496
44762.88015,0.3062,-0.3747,-0.1111,-0.6942,0.109,-0.3493
45330.93818,0.7008,-1.8475,0.7187,0.5199,2.1108,0.371
44394.89251,-0.2582,-0.0632,-0.3092,-1.2313,-0.512,-0.4593
44388.10627,0.477,-0.1201,0.2998,-0.4845,-0.2572,0.535
44475.26868,-0.1406,0.2487,0.1065,-0.0832,-0.1356,-0.5984
45153.78232,-1.8267,-0.7229,0.4061,-0.1229,-1.2087,-1.1274
44359.90705,-0.1014,-0.185,-0.2047,0.2244,-0.5711,-0.6772
45413.29571,-0.6394,3.5822,-0.688,0.1173,-0.8064,-4.074
44490.86072,-0.4283,-0.2588,0.1626,-1.3112,0.0747,-0.6658
44637.21634,0.3751,0.3189,0.3392,0.5456,-0.4964,0.5516
45063.30976,-1.8455,-0.9678,0.0504,0.5999,-0.7216,-1.1785
44421.28336,0.4034,0.1636,-0.1973,-0.0893,-0.0535,-0.2224
45591.63972,0.7951,-1.098,0.6595,-0.9724,2.368,-1.1564
45417.06526,-1.0355,0.2255,-0.3703,-3.4633,-0.6857,2.1975
44595.84042,0.1535,-0.4896,1.0211,0.5766,0.5264,0.9176
44499.66701,-0.1986,-0.0683,0.4616,0.7547,0.0948,-0.002
44440.16342,-0.5797,-0.26,-0.0472,-0.0478,-0.1992,0.3103
45297.26325,2.1396,1.0623,-0.1942,-3.1432,0.9653,-5.1249
44567.67336,0.2848,0.7506,-0.4075,0.8267,0.369,0.1391
44675.99839,0.0816,0.6219,0.3089,-0.0542,0.5929,-0.6657
44751.75236,-0.1744,-0.4303,0.7518,0.3298,0.3294,0.1713
44360.51025,-0.0209,0.0437,-0.4172,-0.7701,-0.3364,-1.3944
44507.11617,0.0969,-0.3839,0.2783,-0.2465,0.2404,-0.1616
45404.94237,1.1638,1.3322,-0.4128,4.136,0.8896,5.7208
45566.97209,-1.6817,-0.6647,0.3536,-0.0205,-1.2295,-0.9713
44481.90361,-0.105,-0.1748,0.3795,0.3308,0.0189,0.3113
44916.73859,-0.1516,0.1374,0.2089,0.478,0.1267,0.0203
45137.588,3.2588,2.4131,-2.6837,0.8414,2.0459,4.0738
44619.36316,-0.3414,0.4292,-0.4264,-0.4158,0.2364,-0.0945
44378.54565,-0.1175,-0.0127,-0.0061,-0.1194,-0.089,-0.1628
44488.08612,-0.16,-0.3964,0.0138,-0.5912,0.181,-0.1325
44812.1257,0.2846,-0.194,0.01,-0.111,0.1567,-0.0583
45053.20714,-1.507,-0.7863,0.4449,-1.4511,-1.3929,1.2482
45181.52666,-1.1962,-0.7112,0.3118,-2.926,-1.7177,1.6792
45210.65808,0.9625,-1.4069,1.348,-0.2097,1.952,0.693
45416.00981,0.76,-1.4187,0.5825,0.0959,1.3005,3.1046
44745.57024,0.632,0.1432,0.1756,-0.5792,-0.3766,-0.1602
44966.34578,-0.0088,0.1,0.2309,0.3945,1.1577,0.1979
45374.75565,0.1169,1.6222,-1.3797,-4.551,0.4181,2.2493
45052.90561,1.0413,-0.9868,0.4485,0.8092,0.2218,4.412
44551.96125,0.2058,-0.2008,0.036,-0.8632,-0.0756,0.1026
45223.10776,0.1089,4.3338,-0.7583,-0.1685,-1.5493,-4.266
44725.42556,-0.0026,0.4635,-0.7642,-0.7101,-0.2492,-0.6001
44934.16888,-0.0959,-0.0623,0.0333,0.164,-0.2096,0.0591
45250.76665,-1.6037,-0.8432,0.3882,-0.4415,-1.4316,-0.615
44931.36436,-0.0632,0.3621,0.9258,1.3239,-0.4621,1.9176
44895.71956,-0.4528,0.3683,-0.7742,-0.4309,-0.1159,-0.4394
45255.6219,-1.0332,0.7216,0.3738,-1.3507,0.1058,-2.6701
45546.16437,-1.6869,-0.5729,0.024,-2.0136,-1.7706,0.7516
44937.57654,0.0291,0.0602,-0.1575,0.1714,0.1411,0.3312
44681.36635,0.601,-0.2215,-0.2409,0.4527,-0.2272,0.4348
44590.32164,-0.2033,0.4933,0.2704,-0.3088,0.1714,-0.0339
44989.71718,0.3674,-0.1142,0.1611,-0.5249,-0.3855,0.1852
45608.64779,-0.1623,-0.9318,0.4162,-0.1225,0.4195,1.2645
44610.61751,-0.1831,0.048,-0.0488,0.4098,0.4285,-0.1872
45063.73194,0.8089,-1.1188,0.5351,-0.1924,-0.3249,4.7938
45169.43375,-0.3211,1.2595,-0.761,-3.6484,0.4178,2.3039
44808.98942,0.0781,-0.3327,0.2384,0.6705,0.1572,0.439
44830.702,0.7421,0.4069,0.1412,0.2201,0.0461,0.6055
44827.02294,-0.1886,-0.3414,0.1396,0.3757,-0.0021,-0.1445
44845.20718,0.14,-0.4048,-0.0005,0.0346,0.0035,0.0723
45266.96084,1.635,2.8578,-1.2769,2.6981,-2.4085,-4.964
45065.33023,1.4067,1.168,0.0443,3.0246,0.8847,5.3183
44916.2561,-0.061,0.3426,-0.5617,0.7851,0.14,-0.2776
45374.12236,-1.8017,-0.9599,-0.1405,-4.1615,-1.7236,0.5171
45136.35154,-1.3219,1.3448,0.804,3.9907,0.6659,-4.5062
44368.50252,-0.2035,0.1,-0.0272,-0.0287,-0.1205,-0.6378
44725.8779,-0.0463,0.1744,-0.4517,-0.644,-0.6001,-0.224
44401.22643,0.2526,0.2119,0.2184,1.0553,0.4652,-0.1389
45292.76989,2.6016,3.2163,-2.2237,-2.7572,-0.0851,3.4329
45019.66271,0.1208,0.7266,0.2319,-3.732,2.1779,0.7051
44573.91597,-1.163,0.7796,0.3785,-0.9973,-1.1148,-0.4647
44584.53143,0.8149,-0.9693,1.1683,-0.8108,1.0221,-1.0603
45303.6263,1.0652,3.7523,-0.9466,3.6953,-1.4762,-6.175
45134.51195,-0.3576,0.5754,-0.3069,-2.3505,-0.2059,2.1672
45327.25908,-0.8127,0.8186,-0.7905,-0.9818,-0.8399,1.5974
44556.24364,0.1073,-0.1064,0.2325,-0.0207,0.0114,0.0627
44601.66081,-0.9189,-0.0649,-0.0473,1.3144,0.4886,-0.0604
44697.37966,0.4964,-0.8654,-0.4077,-0.8752,-0.4302,-0.561
45308.08952,-0.1367,0.9152,0.0466,-0.6239,-0.4878,2.2144
44414.97986,0.0872,0.1542,0.6909,0.2411,0.244,0.6189
45226.55074,0.8432,-0.8882,0.7505,-0.7947,0.7649,2.8589
45404.55034,-1.3497,2.2364,0.0743,2.256,-0.4951,-4.7235
44783.50723,0.3403,0.1011,-0.0477,-0.356,-0.0765,-0.1577
44858.08389,0.163,-0.3146,0.0109,-0.7417,0.0688,-0.3785
44977.95611,0.4025,-0.3131,0.0193,0.1286,0.1002,0.4175
45095.39707,-0.7398,2.6075,-0.4973,2.7934,-0.6127,-2.9289
45325.83165,-2.5029,-0.2633,-0.0674,0.2803,-1.3806,-0.6212
44839.62825,0.5489,0.2941,0.402,1.5079,-0.1712,0.7371
45359.10441,-1.2885,2.579,-0.7876,1.7384,-1.069,-4.1295
45313.3971,1.4394,-1.0663,1.1934,-0.0147,2.0581,-0.6654
45466.31067,1.1257,-1.1432,0.6907,-1.1439,1.6369,-1.6113
45536.27316,0.9062,-0.6595,0.776,-0.2231,1.3876,4.5616
44884.86307,-0.1331,-0.1076,-0.0421,-0.1314,0.1902,0.0703
44516.31447,-0.3935,-0.1224,-0.1749,0.2235,0.1437,-0.0772
45004.25268,-0.0118,-0.1125,0.0762,1.783,0.3912,0.2806
45362.15019,-1.7201,-0.6962,0.151,-3.3578,-1.9267,0.4589
45495.29084,2.2756,1.7243,-1.5018,0.4213,1.5327,4.9432
44387.20144,0.2829,0.0422,0.2786,5.2834,0.2901,-0.1455
44553.34848,0.4066,-0.171,0.1084,0.5437,0.1966,-0.086
44695.32901,-0.4568,-0.3091,-0.1095,-1.6778,-0.6116,-0.327
44710.34719,0.1059,0.2496,-0.9094,-0.987,-0.3344,0.7177
44744.78618,-0.2051,-0.269,-0.1086,0.308,-0.1449,0.1924
45446.76935,-2.1406,-0.6354,0.158,0.0709,-0.9368,-0.877
45291.11131,0.955,0.8665,-0.2076,-3.1589,-1.7873,3.3587
44437.84114,0.4396,0.089,-0.1165,-0.1774,-0.0944,-0.272
45189.27693,2.4633,2.456,-2.2513,1.0183,1.5399,4.0692
44391.87639,0.2468,-0.7419,-0.3374,1.1568,0.1715,0.4248
45092.74314,0.0339,1.0453,-0.9443,-3.5326,0.0743,1.8523
45451.41344,-0.9291,0.6547,-0.4054,-1.0231,-0.5621,1.5994
45565.46425,0.0973,3.6904,-1.0195,4.9389,-1.8006,-5.486
45541.49018,-1.4535,-0.4209,0.4241,1.0193,-0.4461,-1.6561
44627.02312,0.5864,2.2974,0.6108,2.1206,-0.2326,-1.6017
45589.52882,-1.1251,-0.6109,0.5068,-0.83,-1.7318,0.3202
45275.31424,2.4394,1.9722,-1.4522,2.9316,2.6889,6.1573
45301.72645,-0.6812,0.0994,0.1741,-3.1716,-2.3911,2.1039
45461.30471,0.9719,2.8944,-1.3652,5.0508,-1.6467,-5.4141
44822.34868,0.6151,-0.1216,0.055,0.4093,0.0439,0.1597
44381.5616,0.0356,0.2511,-0.1734,0.928,-0.1571,-1.1374
44418.87053,-0.366,-0.2736,0.2061,-1.037,-0.5734,-0.3804
44679.2855,-0.7766,0.1053,0.4018,0.6589,1.2428,0.8899
44395.37511,-0.032,0.4479,-0.2711,0.8978,-0.1029,-0.2107
44744.51475,-0.1312,0.2942,-0.6186,-1.202,-0.1718,-0.1488
44858.98862,0.1199,-0.0629,-0.0117,-0.0621,0.2005,-0.2719
44813.63349,-0.6142,-0.086,-0.0254,-0.0529,-0.0528,0.2536
44360.48009,0.5361,0.3895,-0.3711,-0.966,-0.753,-1.7347
45056.67521,1.2732,-1.6961,1.0736,-1.1728,2.0256,-0.8982
44770.29866,2.7113,-1.6975,0.7463,7.621,-3.1425,6.4984
45156.34568,1.6058,1.7931,-0.6618,1.6619,-0.8929,-6.0278
45213.94514,0.7912,0.7197,-0.2948,3.5403,1.746,-0.4332
45220.69025,-0.289,2.6871,-0.5884,1.5733,-1.5107,-4.0795
44444.44612,0.3744,-0.31,0.314,-0.4909,0.5125,0.2402
45448.03589,1.004,0.2926,0.0116,3.1189,1.0108,4.4005
45549.72278,1.1045,-1.8136,1.0465,0.1747,2.6764,-0.4659
44907.9631,0.126,-0.0529,0.0931,0.5726,0.2571,0.1016
45159.45181,-0.3498,3.1269,-0.81,4.0952,-0.3231,-4.599
44484.55759,0.1559,-0.0029,0.158,0.0071,0.0323,0.3025
45089.36539,1.2257,-1.7074,1.2565,0.2049,1.8992,-1.0139
45496.10506,1.8672,1.4144,-1.6214,1.6593,1.8377,5.1065
44491.85596,0.8625,0.3529,0.1003,0.0906,-0.8583,0.2168
45407.32472,0.9978,0.3378,-0.2581,5.6995,-0.3496,5.1082
44653.68219,0.0187,-0.2558,0.4281,-0.6799,-0.0966,-0.1037
44603.34963,0.2026,-0.2127,0.5128,0.4121,0.1818,0.472
44675.81745,0.7501,0.3031,-0.4438,0.1044,-0.3113,-0.1781
44581.54583,-0.1078,-0.1225,0.408,-1.766,0.0292,-0.0892
45174.40963,-1.8314,-0.6679,0.3784,-0.6334,-2.1969,0.6005
44880.36968,-0.0452,-0.0828,-0.4173,-0.6189,-0.0535,0.1309
45330.5763,-2.2093,-0.8271,0.057,1.2936,-0.8325,-0.3976
44892.46261,-0.5724,-0.0038,0.0765,-0.93,-0.0904,0.2736
45484.31399,-1.425,-0.3206,0.1646,-4.2774,-1.9622,1.4874
45531.65928,-1.3809,-0.2963,0.0751,0.0074,-1.7752,0.8087
44621.29319,0.104,0.3922,0.9703,-0.373,0.2992,-0.9175
44853.1383,-0.0412,-0.0253,-0.1408,-0.9648,0.2176,-0.4397
45049.49786,-1.409,-0.8484,0.4037,1.9274,0.2586,-2.2722
44847.8006,-0.301,-0.1978,0.0377,0.8373,-0.0782,0.2246
44969.05991,0.2676,-0.3185,0.3113,0.5124,-0.2385,0.8155
45091.47647,-1.0308,3.0243,-0.4217,1.5535,0.1761,-2.6091
45536.60486,-2.1507,-0.7528,0.298,0.7059,-1.0705,-0.6547
44869.81471,0.095,-0.0743,0.1561,0.3257,-0.2417,-0.5303
44435.18705,1.1187,-0.4775,0.5336,-0.7958,-0.4091,-0.535
44872.73996,0.0696,0.198,0.1112,-0.5434,-0.1424,0.7667
45095.63834,1.1085,-1.3624,1.2572,0.8146,1.4292,-0.4423
45262.61824,-0.6858,0.2105,0.2829,-2.6287,-0.9218,2.2535
45268.28771,-0.834,-0.0746,0.2488,-3.1762,-1.5415,2.3658
45096.0907,-1.6331,-0.9404,0.305,0.7685,-1.0764,-1.4097
45465.82816,-0.5309,0.6359,-0.8228,-1.8529,0.0967,1.7412
44658.2962,-0.2211,-0.4781,-0.4734,0.2977,0.031,0.5937
45591.6699,0.6868,-1.2987,0.7876,-0.4409,1.9495,-0.2561
44590.8343,0.2425,-0.0206,0.2403,0.4084,0.079,0.6841
45221.20292,-0.1972,1.2568,-0.7617,-3.9637,-0.1517,2.2297
44728.44123,-0.6323,-0.2783,0.2092,0.1522,0.3045,1.0084
44450.35736,0.2902,0.2222,-0.1425,-0.3468,0.1638,0.057
45462.63161,-1.2377,0.1822,-0.3182,-3.3862,-1.7714,2.2162
45234.02963,-1.2229,-0.8049,0.4647,-3.1591,-2.462,1.0113
44733.74881,-0.2489,-0.0073,0.1728,0.2404,0.2102,-0.0051
44411.96378,-0.0221,0.0585,0.2569,-0.4891,-0.3104,0.0084
44361.02297,0.0427,0.6257,0.1219,0.604,-0.3721,-0.6827
45123.50456,-1.0136,-0.1931,0.258,-4.3052,-2.4916,2.138
44758.5979,0.3568,-0.0427,0.3061,1.0521,0.4924,0.1927
44993.36613,-0.0058,-1.2761,0.3159,-0.7261,1.1511,1.5441
44380.83776,-0.1354,0.1461,-0.0263,-0.1926,0.133,-0.2532
45141.02591,-1.4616,-0.7301,0.5384,1.4174,-1.0671,-1.365
45505.63441,0.5288,-1.3259,0.476,-1.0833,0.3009,4.9535
44492.03693,-0.6825,0.2674,-0.1743,-0.2248,0.3264,0.2477
44896.1116,0.4486,0.0535,-0.3439,-0.1453,-0.2523,-0.1973
45158.15505,0.9321,-0.9368,0.9289,-1.0208,1.378,4.0033
45571.85736,-1.2362,1.2393,0.1719,-1.7736,-0.3953,-3.6648
44689.56901,-0.502,0.483,0.2427,-0.0075,0.5339,-0.1516
44744.63538,0.8773,0.4605,-0.2644,-0.4936,-0.5727,-0.2846
44488.90039,-0.2097,0.314,0.1624,-1.0047,0.1679,-0.4422
44581.4252,-0.6021,0.9161,0.2661,-1.0988,-0.0372,-0.7188
44848.67516,0.126,-0.197,-0.2014,-0.8191,-0.0048,0.3257
45410.21977,0.9997,1.0374,-0.5657,0.484,-0.4288,-4.7606
45492.78786,0.904,-1.3671,0.8318,-0.6172,0.3374,2.4227
44494.17816,0.1958,-0.1551,-0.333,-1.1726,-0.1704,0.293
44457.71622,0.1183,0.3864,-0.7197,-0.4221,-0.0755,-0.5567
44892.91497,0.2366,-0.0349,-0.1564,-0.6873,0.1004,-0.8306
44581.8474,0.1353,1.6884,0.4217,-3.7458,-0.5324,-2.3078
45451.2928,2.4407,1.5824,-1.8041,-2.7569,1.4437,4.8519
45080.01669,0.7688,-1.275,0.8128,-1.024,1.3636,3.0909
44673.88743,0.4549,0.1693,-0.255,0.4576,0.0276,-0.3195
45232.61225,-0.1823,3.3608,-1.0073,1.2391,-1.0517,-4.4412
45315.53818,-0.7869,-0.4344,0.8246,1.9061,-0.5336,-2.4781
45444.2362,-1.0891,-0.1021,-0.1975,-2.8495,-1.2653,2.5138
44996.77379,0.1419,0.1985,-0.0978,0.2886,0.6817,0.8777
44917.67343,0.4387,-0.0508,0.3035,-0.6908,-0.0634,-0.2811
44744.18302,-0.0342,-0.5727,0.0426,0.1154,0.0265,0.5806
44621.17256,0.0372,-0.6774,-0.1295,0.6385,0.6134,-0.0325
45412.63229,1.1968,-0.2253,0.2525,-3.8728,1.4068,-3.8305
45387.39125,1.422,0.967,-0.3658,1.9243,2.2455,5.1067
44433.43776,-0.265,0.1192,-0.1063,1.3363,-0.1122,0.3908
44453.34315,0.429,0.3192,-0.3387,-0.3403,-0.1979,-0.1735
44555.58015,0.1033,-0.2258,0.1466,0.0405,-0.0916,-0.0771
44764.99111,0.0795,-0.2993,0.1916,0.1486,0.428,0.4018
44535.64583,-0.0609,-0.1307,0.3508,1.0112,0.4138,0.3451
44683.83919,-0.8532,-0.6075,-0.3867,2.4377,1.3333,0.4447
45579.63761,0.5571,1.5022,-1.0356,-4.5851,0.1717,1.8869
44406.17292,-2.8226,0.5093,0.4779,3.1106,2.9227,1.9913
44892.13089,1.5665,0.1745,-0.5319,2.3447,-0.8116,0.0627
45068.19515,1.9519,-0.015,0.1739,-2.5279,1.6031,-5.1033
44731.4569,0.2691,0.1733,-0.4825,0.5094,-0.0606,-0.1041
44563.21005,0.0384,0.2811,-0.3273,-0.0311,-0.1214,0.9547
44673.61598,-0.4024,-0.7369,0.2607,0.562,-0.9323,0.7173
45103.66059,2.3037,2.0345,-2.4234,1.1301,1.8509,3.8086
44572.04621,0.5841,0.2068,-0.9263,0.4728,-0.2665,-0.434
44795.29841,0.1716,0.3269,-0.7577,-0.888,-0.0863,-0.2366
45106.01294,1.931,1.7361,-1.5992,1.1007,3.0094,4.7113
45114.05009,-0.5582,0.908,-0.4887,-2.2587,-0.5034,2.3694
45175.64607,0.8047,-1.0098,0.8266,-0.8292,0.8198,3.4732
45105.92248,0.7857,-0.9145,0.8448,-1.7132,1.4625,3.3581
45413.83852,-1.0648,0.0524,-0.269,-2.9548,-0.6682,2.5769
44706.60771,0.085,0.0679,-0.4063,-0.0796,0.6827,0.3328
44839.83934,0.0639,-0.3183,-0.0166,0.5628,-0.1302,0.2131
44878.43965,-0.278,0.6492,-0.6727,-0.1073,-0.1913,0.076
45068.76815,-1.4406,-0.8947,0.3543,1.8489,0.2146,-0.7025
45600.83736,-0.4239,0.9788,-0.0889,0.9148,-1.0768,1.3135
44846.50392,0.5702,0.0077,-0.1027,-0.0022,-0.1268,-0.2432
44683.50745,-0.8024,0.5541,0.0197,0.3643,-0.2214,-0.2285
44972.70884,-0.0368,-0.0186,-0.0237,-0.4031,-0.1361,0.0129
44828.01809,0.4338,-0.0582,-0.1309,-0.2356,0.0236,-0.205
45296.23795,-1.3929,-0.7491,0.9207,0.6552,-0.8477,-0.7205
44785.22614,-0.0882,-0.0476,0.2449,-0.1964,-0.1173,0.5952
45130.8328,0.5474,4.0033,-1.2639,3.0545,-1.7432,-4.3799
44457.53525,0.4635,-0.2579,-0.3212,0.1626,-0.5193,0.4237
45560.15679,0.3676,-1.342,0.6715,-0.7858,0.6109,4.1936
44972.19617,-0.046,-0.1043,0.001,0.492,0.1438,-0.6502
44987.57607,0.3952,-0.2573,0.0906,-0.2501,0.242,0.3956
44651.45054,0.4712,-0.5113,0.3989,0.7917,-0.0127,-0.6178
44910.79779,-0.2328,0.2735,0.1951,2.642,-2.8128,-2.0268
44999.24666,0.1219,0.0033,-0.5553,1.5816,0.7854,0.0737
45301.27409,1.9815,0.7378,-0.1375,-4.3558,-0.9811,-4.3345
45353.13341,0.598,-0.9348,0.3759,0.5261,0.883,4.9236
45564.58972,-1.1691,-0.5068,0.5947,2.5343,-0.4911,-2.4118
44356.34824,0.014,-0.0192,-0.0069,-0.0526,0.0154,-0.0047
45570.71142,1.3443,1.8632,-2.0991,-1.7111,0.7433,2.2339
44529.07136,-0.6186,-0.6988,0.1572,1.5924,0.481,0.9196
44385.57279,-0.0298,0.0926,-0.0582,0.3777,0.3454,0.0208
44424.35966,-0.5567,0.5839,0.0092,0.1122,0.2737,0.2274
45055.95142,0.4094,-1.5458,0.95,-0.2969,1.0836,0.7634
44899.67007,0.2602,-0.1358,0.0575,0.9532,-0.04,0.0079
45585.03556,0.942,-1.0757,0.8242,-0.082,2.4549,-1.5343
45569.59565,1.161,0.2811,0.3908,-2.2058,2.0553,-4.0931
45547.55154,2.1451,2.6187,-1.9934,-0.1179,0.8356,4.9523
44803.28986,0.129,-0.0685,0.0008,-0.534,-0.2453,-0.1827
45244.04171,0.9428,-1.1825,1.0146,-1.3311,0.289,3.5049
45452.98156,-0.2665,1.487,-1.1758,-0.8301,-0.0716,1.7541
44496.16865,0.884,-0.3483,0.3526,-0.4012,-0.0342,0.1453
44806.48644,0.1131,0.0844,0.334,-0.1154,0.075,0.1956
44736.43276,-0.1816,-0.1602,0.0999,0.1118,0.3023,0.7196
45041.18965,-0.9051,-0.258,-1.5479,-5.6078,-2.1695,1.6628
44813.69382,-0.4664,-0.1768,0.461,-0.4987,0.2636,-0.1169
45157.31066,1.0492,-1.635,1.4133,-0.0923,2.7334,1.6584
44928.49952,0.2747,-0.3445,0.3178,-0.6,-0.081,-0.7699
44543.33612,-0.293,0.1244,-0.1462,-0.7325,-0.0197,0.1161
45300.55034,1.4998,-0.7189,1.0473,-0.3226,2.2435,-1.3714
45373.67,1.0499,-0.8358,0.2476,-1.3441,2.237,-2.2584
45384.13434,0.6311,-1.1385,0.6788,2.0206,1.3623,4.037
44584.10921,0.2318,-0.0236,-0.0185,0.3859,-0.2209,-0.1471
45075.70422,-1.6911,-1.3063,0.4041,-0.1639,-1.6346,0.0159
44446.34615,-0.442,0.3551,0.1252,-0.9816,-0.2813,0.1513
44993.57722,-0.6419,-0.2709,0.1073,-0.6796,-0.2671,0.325
45233.5773,1.481,-0.4104,0.818,-1.7078,1.727,-2.7247
45330.516,-2.0359,-0.8683,-0.0722,-1.9768,-1.5123,1.2552
45508.37864,-1.2317,-0.8732,0.2641,-4.2179,-1.6336,0.8439
45524.66301,0.2941,3.3519,-0.7283,3.3314,-2.0656,-5.1167
44479.82264,-0.1,-0.2996,0.2376,-0.0281,-0.0517,0.2676
45260.35653,-1.5563,-0.8473,0.5471,-2.1081,-1.1861,-0.3715
44624.00736,0.1006,0.0945,0.0504,0.5757,0.113,-0.3925
44923.49361,0.3028,-0.0868,0.9647,-0.6498,-0.2104,-0.2147
44984.59057,0.127,-0.2104,0.0409,-1.6648,0.1187,0.8528
45526.29144,1.1987,1.6754,-0.6589,-0.0578,-1.0318,-4.9284
44745.54008,-0.5006,-0.2546,0.882,-0.7755,-0.34,0.273
44865.74358,0.1691,0.1051,0.2365,0.2806,-0.3098,0.2777
44582.14898,-1.278,1.2884,1.5666,-0.7289,0.4372,-0.5212
45452.19749,-0.5544,0.9593,-0.9157,-1.8379,-0.1116,1.9055
45038.9178,-0.2065,0.6804,-0.9256,2.9774,-0.7909,-2.2904
45619.856,0.0993,0.085,0.1338,-0.502,-0.5782,0.4106
45621.84634,0.1374,-0.2105,-0.2757,0.5037,0.4276,-0.4438
45472.73395,0.807,-0.9623,0.3394,-0.5128,2.8271,-1.7952
44499.15432,-0.324,-0.2154,0.1132,-1.0199,0.2322,-0.7926
44483.65281,0.3637,-0.0223,-0.0293,-0.0675,-0.0265,0.1907
44636.67352,-0.5694,0.2235,0.2188,-0.3394,0.1588,-1.1934
44786.10067,0.4861,0.1318,-0.0903,0.9054,-0.2678,-0.0709
45299.49486,-1.0246,-0.1067,0.7457,1.162,-0.2331,-2.4832
44463.11465,0.0885,-0.0166,0.3559,1.4333,0.4949,0.7163
44474.18296,0.1646,-0.1011,0.13,0.5654,-0.124,-0.0499
44554.22307,0.1175,-0.6333,-0.0337,-0.2387,-0.2137,0.3559
45475.96069,1.3407,-1.9802,0.5658,0.8412,2.8382,-0.8682
45198.47477,1.5422,1.5649,-0.3465,1.6408,-0.7825,-5.4227
45589.16694,0.5208,-1.1143,0.8555,-0.523,0.2406,1.6349
45215.10117,-0.1784,0.5469,-0.2198,0.7706,-0.1574,0.641
45207.06942,-1.9727,-0.785,0.4938,-1.5522,-2.2144,0.5157
45471.34676,1.6066,1.7736,-0.4965,0.3,2.4488,5.0793
45159.63275,1.2773,-1.0535,0.8615,0.6277,3.5762,-2.187
44850.06233,-0.1515,-0.1732,-0.4961,-0.8949,0.1622,-0.3438
45185.14543,1.2838,-1.1628,1.1809,-0.4611,2.8753,-0.8524
44574.7604,-0.0257,-0.4689,-0.7067,2.3094,-0.0801,0.7784
44590.95493,0.703,-0.0559,-0.4479,0.0451,-0.109,-0.2002
44767.19253,-0.1283,0.5732,0.4787,-1.186,0.104,-0.8634
45131.76766,1.882,-0.09,0.4605,-3.78,1.8598,-4.2291
45249.56037,1.0025,-1.4171,1.3328,-0.2391,1.9678,1.0717
45378.46491,1.2219,-1.4392,0.4648,-0.0337,1.9503,-1.1572
44489.44326,-0.2787,-0.0928,0.023,-0.9941,-0.4356,-0.4403
44699.15896,0.3977,-0.7859,-0.1473,0.0378,-0.4324,0.4273
45277.81723,-0.4368,0.4773,0.0611,-0.879,-1.4777,2.8655
45289.05059,0.1834,0.7001,-0.2574,0.4592,0.6168,-0.1108
45389.53236,1.2947,0.5682,-0.1422,0.2883,-0.1041,-4.291
45044.40135,-0.2092,0.8222,-0.4109,-4.657,0.5351,-1.8946
44500.39083,0.0031,-0.2586,0.1509,0.2509,0.1585,0.4192
44518.96837,0.713,0.2546,-0.2701,0.2482,-0.327,-0.4861
44752.98876,-0.5821,0.0828,-0.271,-0.1586,-0.1897,0.3615
45537.99206,0.4975,2.1304,-0.9929,-3.2441,-0.6396,1.3392
44791.83041,-0.3922,-0.0944,0.365,0.0436,0.1085,-0.1558
45320.61961,1.3595,0.2019,0.0144,1.1001,3.122,-4.822
44568.09557,0.631,-0.3977,0.267,-0.1926,-0.6189,0.3818
44654.04406,0.1938,0.1339,-0.1467,-0.0702,0.1406,-0.237
45452.31812,-1.8019,-0.7614,0.0758,-3.239,-2.0468,0.7629
45379.70132,-2.0718,-0.7311,-0.2043,-0.1379,-1.4098,1.2391
44941.2556,-0.8729,-0.1976,0.3508,-1.5475,-0.5364,0.1614
45325.74119,-1.286,-0.1829,-0.3404,-3.1934,-2.0921,2.459
44624.52006,0.5711,1.9374,-1.037,-1.9687,-0.2967,0.0739
44571.71448,0.6614,-0.5647,-0.6511,0.5107,-0.0597,-0.0666
45074.73922,0.497,1.9027,-0.4696,-6.3791,-1.7714,1.4466
45140.96558,-2.2826,-0.7499,0.3603,-1.7528,-2.2882,0.6818
45367.5784,2.2009,2.5139,-2.5951,-4.1098,0.1934,2.4909
45460.03813,1.3602,1.147,-0.1506,5.192,1.4402,5.6749
45543.05826,-1.696,-0.6244,0.3267,2.4114,-0.3724,-1.6901
44969.39163,-0.0373,-0.0872,0.0774,-1.4365,-0.3837,0.5809
44584.89329,0.7045,-0.2181,-0.5035,0.8506,-0.0113,-0.2081
44612.3968,0.239,0.4111,0.0692,0.4259,-0.6757,0.4453
44828.50057,0.0938,0.0448,-0.2703,-0.1023,0.027,0.1653
44526.6587,-0.6853,0.7981,-0.3376,-0.3834,0.3758,-0.1843
45618.1672,0.1933,0.4544,-0.2371,-0.3916,0.8267,2.4202
45170.91144,1.1615,-0.4516,0.5511,0.4001,0.0254,4.5255
45272.5398,0.549,3.9417,-1.181,1.6048,-2.4585,-4.8588
45319.22735,2.5096,1.6276,-1.0724,-0.4947,1.6333,5.2637
45386.30559,1.0339,1.082,-0.7365,0.9801,-0.5028,-5.2525
45183.72808,2.4498,2.0767,-2.1444,1.6435,1.2,5.2921
45089.18446,1.1137,3.7899,-1.4707,2.3816,-1.1271,-5.004
45366.58321,0.9806,-2.044,0.9163,-0.2631,2.0948,0.4373
44697.5606,-0.0018,-0.5075,0.0246,-1.0567,-0.3069,-0.1667
44927.86626,0.0102,0.2189,-0.5407,-0.6564,-0.2899,0.0253
44827.41497,0.138,-0.1819,-0.0274,-0.2278,-0.0482,0.1646
45202.39513,-1.1392,0.4984,0.4618,1.6486,0.2163,-2.6461
45124.22835,-0.329,0.9231,-0.4211,-4.1098,-0.6575,2.121
45275.67613,-1.2585,1.0791,0.3199,-1.4846,0.3446,-2.8385
44650.45533,0.2431,-0.3666,0.1658,1.0759,0.5695,0.6544
44754.25535,-1.0181,-1.086,0.6804,0.8182,0.3438,1.5401
44836.46186,-0.1322,0.2705,-0.0495,-0.1264,0.5017,0.1121
44916.94967,-0.4054,0.5623,-0.2638,0.302,0.2955,-0.3616
45219.15226,0.7288,3.863,-1.1767,3.1729,-1.8613,-4.8715
44650.87757,0.1051,-0.2825,0.5465,0.9589,0.3275,0.0021
44856.93796,-0.1767,0.043,-0.0055,0.3976,0.1773,0.0045
45423.15689,0.6123,-1.8631,0.7672,1.069,2.2871,1.4458
44764.44828,-0.1491,0.4464,-0.0787,0.4693,-0.1171,-0.0917
45263.43251,-0.7216,-0.049,0.3525,-2.734,-1.5088,2.2672
44590.80414,-0.6373,1.2331,0.3084,0.059,0.2249,-0.4758
44849.21799,0.0348,-0.626,0.4093,-0.7023,-0.2019,-0.3324
45364.71351,-1.0557,2.7627,-0.9744,2.1445,-0.4458,-4.1746
44608.62716,1.2293,0.3353,-0.3354,2.7111,-0.835,-0.215
45032.0672,-0.571,-0.0502,-0.3243,0.662,0.4214,0.4035
45407.95801,1.076,-1.3529,0.6141,-0.554,2.3623,-0.9066
45553.28119,-1.5863,-0.9284,0.2661,-1.1993,-2.1479,1.0236
44659.68343,0.0103,-0.04,-0.308,-1.3497,-0.6898,0.2889
44405.53952,-0.2332,0.1901,-0.1024,-0.8123,-0.3911,-0.1466
44950.24216,-0.1982,0.201,-0.5392,-1.5975,-0.4784,-0.0286
44547.04552,-0.39,0.5861,-0.0907,-0.6319,0.2405,-0.7193
45054.35313,0.9837,-1.9759,1.0963,0.1339,2.3554,-0.0031
45183.2456,-1.1868,-0.5552,0.4853,1.9617,-0.4596,-2.0721
45418.90481,-0.937,2.3558,-1.073,1.4284,-0.4902,-4.0528
44772.8318,-0.0074,0.148,0.1114,-0.587,-0.0121,-0.0303
45128.571,2.1893,0.4429,0.2819,-1.9751,0.6826,-5.5298
45619.58458,-0.0581,-0.1644,-0.058,0.4634,-0.1793,-0.3703
45396.83028,0.9181,-1.703,0.7677,0.0926,2.2027,-0.3134
44688.75477,0.3306,0.0717,-0.0277,0.7666,0.1058,-0.5881
44475.11786,0.0453,0.5222,0.129,-0.2079,-0.0626,-0.5638
44922.58891,-0.0963,0.0634,0.231,-1.1469,-0.2865,-0.1336
45371.5289,2.643,2.0792,-2.8326,-1.3147,1.0196,2.8259
45514.6813,-0.6836,0.8188,-0.6254,-1.7013,-0.4138,2.4521
45559.041,-0.7655,3.6037,-0.4147,1.9108,0.1212,-4.4894
44794.63498,0.8202,-0.4965,0.3933,0.1915,-0.6099,1.1728
44732.06004,0.307,0.4417,-0.992,-3.766,-0.4077,-1.7657
44810.82896,1.0823,-0.1813,-0.1464,-0.9355,0.0479,0.3548
45395.77476,-1.6854,1.1437,-0.2536,0.3794,0.3765,-3.3632
45420.38249,-2.0074,-0.7802,-0.0255,-0.6509,-1.6856,0.1529
44485.85438,0.0856,0.1058,0.1834,2.696,-1.2325,-2.9668
44936.67185,0.0324,0.0298,0.1653,0.5188,0.2365,-0.3094
45038.16389,-0.2866,0.1104,0.2226,-2.0083,-0.4785,2.6223
44459.73684,0.1194,-0.062,0.1353,0.997,0.2801,0.0767
44967.03938,-0.0456,-0.0284,0.018,1.0862,0.8952,-0.0192
44773.19368,0.021,-0.063,-0.1556,-0.5172,-0.212,-0.0616
44651.17914,-0.7476,-0.7595,0.1959,-0.5044,0.1442,0.5283
44725.72713,-0.7154,0.1709,-0.5361,-0.227,-0.3917,0.1032
44891.769,0.1913,0.2089,0.1179,-0.5734,-0.2624,-0.1412
45450.87062,-1.0298,2.8336,-0.9899,2.5624,-0.362,-4.3937
44378.72659,0.0626,-0.019,0.0168,-0.07,-0.1011,0.0265
44364.03892,-0.5782,-0.4832,0.2292,-1.0391,0.5833,0.7673
44604.76704,0.5642,-0.8392,0.382,1.8202,0.0399,0.5861
44486.97026,0.3684,-0.1431,0.6288,-1.6491,0.2764,1.4145
44797.43952,-0.0349,0.0711,0.4635,-0.3905,-0.0712,-0.6144
44955.30842,0.0609,0.3172,0.3523,0.5009,0.0247,-0.0842
45214.67392,0.664,0.7358,-0.076,-0.301,-0.2596,1.0475
45392.36707,-1.1399,-0.2583,-0.4175,-2.3621,-1.5907,2.9323
44870.99085,0.0096,0.0012,-0.0685,0.0164,-0.1244,-0.118
44469.93056,0.554,-0.405,-0.3006,0.7015,-0.2423,0.296
44722.95271,0.8605,-0.2394,0.7493,-0.272,0.0165,-0.5537
45122.02685,-2.0745,-0.6273,0.5037,0.5685,-0.6479,-0.6581
45588.14162,1.6834,0.8674,-0.3934,-1.5287,0.0863,-5.492
44776.05857,-0.1422,-0.1932,0.0011,-0.2549,0.0899,0.1421
45158.72807,1.8093,1.2705,-0.389,1.8079,-0.8047,-5.0708
45623.77641,0.0648,0.1011,0.014,1.396,0.3521,0.3387
45164.03567,-1.1033,-0.7636,0.5313,-3.603,-2.1933,1.0684
45212.98015,1.4457,-0.452,0.7516,-0.7309,2.0223,-2.5352
44549.45815,-0.029,0.2286,0.1505,1.2876,0.7213,-0.3421
45174.19853,1.6167,2.4757,-1.8381,-2.9072,0.2645,2.1775
45154.74733,1.8863,2.1469,-0.6688,3.1321,-1.2035,-5.4902
44892.19122,-0.2965,0.654,0.0849,0.4488,-0.0156,0.0855
45190.90538,0.5906,1.3622,-0.7332,-2.1033,0.0937,1.7312
45331.14927,0.0622,1.0605,-1.4281,-3.3875,0.0025,1.9214
44980.6099,0.2982,0.0358,0.2381,0.345,-0.5773,-0.5221
45611.24125,0.6851,-1.0194,0.8703,0.6435,2.3406,3.0596
44372.12162,-0.2506,-0.0931,0.2895,0.3233,1.2583,0.7602
44748.88749,0.6378,0.2333,-0.1953,0.4126,0.4325,-0.6396
44549.72959,-0.345,-0.0951,0.0914,0.2896,0.2132,0.3373
44454.97172,-0.3035,-0.2615,0.0652,0.0424,0.2378,0.211
44480.57659,0.1588,-0.1177,0.4751,-0.1594,0.002,-0.0081
45316.99077,-0.1789,0.5054,-0.0069,0.6107,0.4076,-0.2395
45318.32266,1.1732,0.4039,0.6372,0.7168,0.9803,2.9565
44963.90308,0.0556,0.0501,-0.1142,0.6074,-0.1048,0.3835
45383.65186,-2.0305,-0.5869,0.002,-1.7425,-2.0073,0.8347
44439.86182,-1.143,1.0132,0.002,-0.2335,0.1561,0.1726
45527.52786,-0.44,0.9531,-0.5771,-4.5786,-0.7705,2.2521
44664.23715,0.4571,-0.4755,0.4234,-0.6696,0.0149,0.3282
44378.81707,-0.1108,0.0749,0.0428,0.0116,0.0319,0.0351
44367.71837,0.5855,0.1169,0.6724,-3.2374,-0.6404,0.3575
44785.0452,0.104,-0.493,0.111,2.6969,0.4276,0.7431
44847.68,-0.1467,-0.4046,0.0713,0.4964,-0.1685,0.2267
45036.19364,-0.0197,0.2273,-0.1949,-0.2905,1.2246,-0.0698
45147.26842,-1.1596,-0.621,0.3843,-3.6931,-1.6022,0.9005
45215.98072,-1.6356,-0.7001,0.2464,-3.4026,-4.6165,0.5617
44868.12596,0.1402,0.7655,-0.6936,-0.7953,-0.2172,-0.7059
45437.57164,0.7488,-1.1849,0.8019,-0.5627,1.3132,3.6077
45071.18071,-0.5118,3.1769,-0.4987,4.1065,-0.0995,-3.01
45539.22843,1.2079,0.9512,-0.2908,-0.03,-1.1592,-4.4148
44710.58843,-0.4738,0.0824,-0.3703,0.8705,-0.0368,0.4153
45144.34315,1.2488,1.7997,-0.4986,0.4936,-1.2173,-5.0509
44981.60506,-0.235,-0.2542,0.1217,-0.7848,-1.2761,-0.3084
45509.16268,-1.3177,-0.48,0.0191,-3.1701,-2.0036,1.4607
45586.48305,1.0236,3.3978,-1.0352,2.6035,-0.9729,-6.0882
45358.26001,-1.6537,-0.1002,0.1791,0.2624,-0.886,-2.1128
45468.75333,0.6835,-1.3321,0.784,0.4192,2.8534,-1.6002
45117.5484,2.3503,1.1775,-0.6331,-4.3789,0.8912,-7.4341
45393.27178,-2.2085,-0.618,0.1228,-0.6234,-0.8717,-0.6913
45296.38871,1.0194,3.5523,-1.4573,3.6676,-1.891,-5.2722
44721.5655,0.4931,-0.2436,-0.0732,0.215,-0.1406,0.0928
45392.94008,0.8303,-0.622,0.3762,1.2445,0.7847,5.0724
45023.04026,-0.1532,-0.16,0.2245,-0.4837,-0.1451,-0.1851
44780.40108,-0.3356,-0.0679,-0.2917,-0.6895,0.0316,0.3892
44894.33235,-0.142,-0.0661,0.112,0.3456,0.104,-0.3287
45333.44119,0.9774,-0.0148,-0.2292,2.5814,1.6929,5.1825
45392.54802,-1.5573,1.1335,-0.1604,1.4752,-0.2173,-3.1822
44381.44096,0.086,0.1686,-0.1088,0.0563,-0.026,0.5406
44726.63184,-0.307,-0.1591,0.829,0.5713,0.7197,-0.4201
45148.11281,-1.494,-0.9414,0.5163,-3.6634,-2.0525,-0.0184
45555.21118,0.927,-0.2129,0.4493,-2.8291,1.7684,-3.3655
45112.36124,3.8112,3.192,-2.5955,-5.7172,0.7054,3.465
45322.22292,0.9015,-1.552,0.5215,1.2984,4.0686,2.2723
45539.43952,0.6206,-1.2491,1.0635,-1.154,1.0651,2.928
44709.11075,-0.4239,0.6144,-0.7247,-1.2868,-0.262,0.3157
44763.72451,0.0545,-0.2263,-0.0281,0.1448,-0.4166,-0.1265
44846.35313,-0.0836,-0.1307,0.3192,-0.1065,-0.0925,-0.0174
44789.77979,-0.8055,0.4025,-1.0459,-0.387,-0.5173,0.8187
45220.53947,-1.9289,-0.7353,0.3728,-2.1335,-2.0896,1.1256
45373.36847,-2.4898,-0.4964,-0.008,-1.328,-0.7917,-0.1632
45078.05647,-1.5508,-1.2996,0.3982,1.4857,-1.4944,0.2544
45209.27088,0.7707,1.865,-0.8805,-3.1992,-0.022,1.5996
45056.28315,-1.1832,-0.7773,-0.0116,-1.3303,-2.2971,0.5924
45234.15027,-1.0131,-0.6492,0.5739,1.4173,-0.0725,-1.9095
45519.53648,-0.968,0.5151,-0.2736,-2.7818,-1.0697,1.9495
45526.62316,1.1592,1.4412,-1.6421,-2.8189,-0.9525,3.5055
45298.95204,1.3381,-0.7948,1.2945,-0.4391,2.6271,-1.3099
44560.01334,-0.2857,0.1493,-0.0984,-0.4045,-0.4769,-0.4463
45231.88848,1.2021,1.8617,-0.5309,1.773,-1.2718,-5.1609
44916.28625,0.0564,-0.3031,0.1568,0.2071,0.1703,-0.2503
44995.29614,-0.0023,0.0508,0.0959,-1.0024,0.5059,0.9368
45467.96925,0.9052,-1.903,1.1129,0.8053,2.0995,-0.9047
45453.88624,-1.3256,-0.469,0.0055,-4.0357,-2.5743,1.8244
44392.99234,0.0396,-0.0393,-0.0319,-0.2354,-0.2558,0.4776
44424.29932,-0.1298,-0.3384,0.1784,0.5427,0.0963,0.5957
44607.99386,0.0512,0.0943,-0.1892,-1.5292,-0.6308,-0.1056
44426.47083,-0.333,0.268,-0.1,-0.6897,-0.3309,0.0144
44498.61147,0.0157,-0.3149,-0.0972,-0.6161,0.1206,-0.0282
44838.21092,0.104,-0.5897,-0.5173,1.1401,0.0206,0.5776
45306.49119,0.0619,1.6642,-0.5049,-0.4224,0.3303,2.0721
44557.72136,-0.022,0.0078,0.0207,-0.1733,-0.0694,0.2801
45118.36267,0.007,1.5967,1.2149,7.4361,-1.8299,6.4898
45393.96538,-1.3169,-0.3954,-0.1923,-3.0246,-1.8563,2.3669
45209.18041,1.0991,-0.1491,0.6813,1.0847,0.4601,4.6762
45529.63879,1.1504,-1.5468,0.3289,-1.6053,4.0485,-0.4387
44948.28203,0.1135,0.1675,-0.3535,-1.0668,0.0423,-0.0112
44867.94503,0.7254,-0.0809,0.4787,-0.0728,0.6028,0.1301
45525.47722,1.0373,1.9107,-0.5294,1.7749,-0.7107,-5.7311
45183.51699,1.1568,-1.1335,1.0703,0.2372,2.7073,-1.9897
44474.09248,0.4348,-0.0747,0.4219,0.723,0.1602,-0.1812
45138.82443,1.6418,1.7011,-0.7212,1.7606,-0.4324,-5.9643
45332.71742,0.6697,1.6332,-1.7111,-2.6003,0.0141,1.5214
44671.05265,-0.5665,-0.6306,0.8154,-0.8062,-0.166,-0.3397
44825.78651,0.0151,-0.1095,-0.0408,0.1265,-0.1115,-0.0558
45062.31455,1.1079,2.0162,-1.2017,-4.7746,-0.718,1.7132
44786.52285,0.5984,0.2446,0.1265,-0.5371,0.0588,-1.2928
45535.18751,1.1402,1.4646,-0.9909,-0.1952,-2.3313,-4.5564
44822.52962,-0.4306,-0.2358,0.0951,0.5956,0.1747,-0.0584
45220.05696,1.832,0.0789,0.5026,-4.1872,1.7746,-4.3095
44813.0907,-0.6498,0.1111,-0.3687,0.4184,0.2442,0.2307
45355.90778,-1.651,1.3392,-0.1146,1.0827,-0.2648,-3.4772
45068.28564,1.2563,-2.0356,1.0111,0.4672,2.3968,-0.5371
44452.95106,0.4224,0.0997,-0.1652,-0.0235,-0.0558,-0.249
44606.99863,-0.3796,0.4612,0.0344,0.3481,0.156,-0.1101
45051.7898,-1.4397,0.3929,0.6298,-2.5008,-0.1504,-3.5013
45081.70544,3.3732,2.7514,-2.8966,-1.0537,0.6757,3.7969
44684.74388,0.7351,-0.0516,-0.2021,-0.2449,0.3188,-0.9087
45365.52775,-1.4103,3.4307,-1.0256,1.7639,0.3495,-4.6547
44602.71633,-1.4583,0.0309,0.4894,2.2563,0.4683,0.4038
45449.6945,2.2051,2.217,-2.3998,-3.1679,0.5447,3.1322
44690.17213,0.1056,-0.2032,-0.0549,0.7827,0.0443,-0.0131
44703.50156,-0.8088,0.0532,0.4022,0.5803,0.3115,-0.0541
44608.1748,0.1257,-0.02,-0.1075,0.107,-0.679,-0.2985
45318.35281,0.737,0.8254,-0.0655,4.6261,1.6436,3.2082
45167.17198,-1.0549,-0.415,0.287,-3.0213,-1.6823,2.0591
45355.51575,1.2458,0.3083,-0.1115,2.3934,2.1651,6.465
45396.22713,2.4136,2.826,-2.8641,-2.7898,0.7029,3.1628
44384.51722,-0.0275,-0.1452,-0.0329,-0.1765,0.1458,0.0657
45193.13699,0.5656,-0.8478,0.8073,-0.5917,0.2251,4.0979
45199.83179,-1.2703,-0.7648,0.5099,-3.5997,-1.8354,1.0561
44883.98853,-0.1276,-0.1783,0.0347,-0.5521,-0.0446,0.345
44637.24649,0.4268,-0.4784,0.5744,-0.8694,0.4398,0.1632
44856.81735,0.4294,-0.0774,-0.1364,0.6413,0.237,0.3379
45613.98546,1.4839,1.4704,-1.0879,4.4276,3.8233,5.8575
44363.52619,-0.3027,0.3337,0.0654,-0.0106,0.0743,-0.3882
45290.29203,0.2071,0.4646,-0.2781,2.1822,0.6354,1.2007
44781.57721,0.254,0.1784,-0.0386,-0.4104,-0.1923,-0.7052
45353.58577,-0.2131,3.2379,-1.0804,3.5568,-1.9059,-6.1859
44723.88757,0.2118,0.1978,-0.0136,-0.6733,-0.463,-0.2701
45003.92093,-0.0447,-0.1156,-0.0062,2.2267,0.4897,0.0777
45394.659,0.2674,1.2204,-1.5635,-5.0427,0.023,1.6061
44675.00321,0.4882,-0.4354,-0.8111,0.066,-0.2542,-0.7286
44841.01545,-0.4139,-0.1278,-0.5082,-0.6553,0.0662,0.2975
45452.68002,1.1935,-1.2585,0.53,0.2428,3.1272,-1.5278
45585.91008,0.9667,-1.4259,1.5274,1.0887,1.8781,0.9133
45013.02826,-0.3136,0.7964,-0.1632,3.2064,2.2606,1.0055
44706.69819,-0.1619,0.3467,-0.4347,-0.3443,-0.1748,0.187
44364.70243,-0.0338,-0.1247,0.5652,0.5872,0.3749,0.7518
44723.25429,-0.1973,-0.3145,-0.2872,-0.6742,0.0898,-0.3622
44948.46297,-0.1079,0.0162,-0.0522,0.0435,-0.0216,0.3063
45305.28495,1.4872,1.3712,-0.2633,-4.7676,-0.3723,-4.861
45607.89391,1.1195,1.3272,0.2871,2.9643,0.0503,4.7322
45509.5849,0.8949,-1.4321,0.6357,-0.7218,3.0818,-0.2352
44521.16993,0.5583,-0.3787,0.0535,-0.0958,-0.0439,-0.2405
44823.76605,0.1584,-0.1256,0.1372,0.1104,-0.3238,-0.2413
44924.57921,-0.0869,0.0426,0.4157,1.063,-0.7296,0.374
45264.36736,-1.6254,-0.64,0.7723,1.1593,-0.9336,-0.3547
45558.07602,-1.628,-0.6226,0.3094,-3.9426,-1.8671,0.5805
45499.00005,1.012,0.6835,-0.0392,-1.6612,0.8603,-4.3473
45605.39093,0.728,-1.6936,1.3275,0.4542,2.0041,1.2236
45420.62375,1.0648,0.6925,-0.3766,-2.3629,-0.643,-4.4065
45266.56882,0.6791,1.6076,-0.9894,-5.3091,-0.326,2.262
44522.10482,-0.1141,0.0006,-0.1868,-0.0927,-0.0392,0.029
44834.56201,-0.0239,-0.0017,0.02,0.2304,0.0313,-0.0856
44412.23524,0.9026,-0.0633,-0.2409,0.3946,0.8486,-0.3401
44528.01581,0.3239,-0.4366,0.2905,-0.2862,0.1712,0.0068
45280.86307,1.796,2.2965,-1.0739,-0.3833,2.2528,5.6813
44420.65,0.255,0.304,-0.0993,-0.4351,-0.1962,-0.1993
45165.51336,-0.2465,0.6862,-0.0006,1.6631,-0.9255,1.5007
45106.34469,-1.3866,-0.2414,0.1499,0.3905,-0.2634,-1.5047
45121.99669,-2.4776,-0.5359,0.3661,0.2399,-1.4031,-0.2342
45146.06212,1.2098,-1.3289,0.5935,-1.8544,2.623,-2.1086
45272.17794,1.0986,1.8862,-0.7465,-5.3129,-0.7795,1.8661
44928.74076,0.3403,-0.091,0.2823,0.0869,-0.1121,0.2298
44759.74386,-3.4839,-0.7865,-0.0789,-2.1448,-3.5886,2.3818
45244.55437,0.2746,4.2675,-1.1174,0.4764,-1.6047,-4.5875
44779.22499,0.0892,0.1592,0.0746,-0.0973,-0.0631,0.3978
45170.97174,2.1954,2.9404,-2.2324,0.2241,1.3258,4.3928
45241.87042,-0.3411,0.6583,-0.1296,-2.1432,-0.4985,2.8284
44506.69393,0.3716,-0.0435,0.0345,-0.2102,0.1755,0.1075
45305.73728,-0.3154,0.5121,0.3238,-1.5715,-1.3538,2.7137
44736.49306,-0.2538,-0.013,-0.3237,-0.5721,0.0755,0.6122
45326.40968,0.4822,1.8833,-1.5092,-4.5099,-0.6075,2.0973
45410.55149,1.1101,2.0024,-1.7522,-4.2243,-0.3046,1.625
45026.41784,0.7464,0.6391,0.6384,-2.9772,-1.8848,-2.5127
45113.71833,1.7514,-1.1418,0.7247,0.9486,1.9005,-2.5799
44550.39304,-0.5064,0.1053,0.2159,-0.4495,0.0508,0.0667
44879.9475,-0.0885,0.2505,0.2325,0.3485,-0.0508,0.4841
44762.66905,0.1315,-0.2594,0.5684,-0.8814,0.1115,-0.6051
45064.63662,0.5394,1.7933,-0.9747,-4.7915,-0.3324,2.546
45233.60745,1.153,-1.0572,1.096,1.3256,2.1253,-2.4686
44380.86791,0.1814,0.1115,-0.0962,-0.0258,0.0914,-0.218
45256.64724,1.5069,-0.8248,0.9697,-0.7177,2.671,-2.2768
44861.31064,-0.173,0.0272,0.2126,-0.2953,-0.069,0.128
44890.56274,0.1041,-0.0338,-0.4111,0.1967,0.2652,-0.2154
44368.89457,-0.1868,-0.275,0.1289,-0.6818,-0.3078,0.0584
45440.58729,1.1505,0.6719,-0.3353,-0.3797,0.4162,-4.6484
44728.38093,-0.3202,0.8145,-1.0119,-1.0421,-0.0358,-0.6535
44669.81619,0.0863,-0.0538,-0.0027,-0.739,-0.1348,-0.4346
44769.15271,-0.4973,-0.0352,-0.1651,-0.3528,0.0756,-0.0657
45618.98143,0.4141,-0.4182,-0.1411,-1.0794,0.5587,-3.538
45286.8944,1.3418,2.1634,-0.6957,0.4993,-0.9566,-5.8961
44721.71628,0.3862,0.6878,-0.7773,-0.8685,0.1025,-0.202
44632.1197,0.3062,0.6109,0.0946,-0.702,0.1659,-0.3681
44847.43876,0.5478,-0.4003,-0.3743,-0.6244,0.1887,0.4824
44520.3255,0.0876,-0.4197,-0.1679,0.914,-0.2313,0.7477
45268.04647,1.1194,-0.4579,0.9532,0.0336,1.5017,4.0922
45099.37804,1.3087,3.0792,-0.9761,2.4844,-0.8153,-5.055
45327.10829,0.9905,-0.0249,-0.0958,2.5843,0.6594,4.7962
45459.13346,0.895,-1.5914,1.0413,-0.278,2.0459,2.5685
44630.15948,0.0812,-0.0373,0.0025,-0.2771,-0.1106,0.2892
44423.12311,0.1562,-0.1041,-0.0566,0.1167,0.3126,-0.1702
44665.17205,4.6953,5.0805,-5.1687,3.2672,-0.438,-0.0809
45339.29156,-2.3072,-0.5555,0.1986,0.9225,-1.3263,-0.5729
45531.26723,0.9572,-1.5641,0.2998,-2.2192,2.8118,-1.3226
44823.70572,0.2991,-0.2189,0.066,0.6047,0.3475,0.1323
44527.05076,-0.1138,0.7794,-0.2173,1.0981,0.3387,-0.4918
45216.76482,-0.3877,2.5989,-0.7243,1.3337,-0.999,-3.4171
45337.15043,1.5213,0.4163,-0.3379,-1.0711,0.4448,-4.7635
44559.31971,-0.3092,0.0705,-0.2082,-0.9101,-0.083,0.1228
44943.96967,-0.5418,0.2343,-0.0826,-0.4549,0.0222,0.1734
44663.66416,-0.2639,0.2188,0.1627,0.8281,-0.0602,-0.3978
44846.44358,-0.145,0.0376,0.0971,0.2154,0.3405,0.0055
44743.06723,0.4809,0.2617,0.2345,0.4859,-0.4318,-0.3336
45468.72315,0.6959,-0.862,0.3142,-0.3284,3.2027,-2.2125
45003.16703,0.0118,-0.011,0.0923,0.6921,0.2627,-0.5207
44428.52169,0.1979,-0.077,-0.0762,-0.6464,-0.3116,0.1322
44732.60285,-0.8391,0.2651,0.0562,-1.0985,-0.7128,-0.6362
44861.34079,0.0112,-0.2921,0.1828,-0.1018,-0.4221,-0.2488
45626.97303,0.019,0.011,-0.026,-0.0106,-0.0062,-0.037
44660.22624,0.147,0.0485,0.1451,-0.6552,-0.8454,-0.7617
45043.64237,0.2047,-0.0961,-0.199,-0.1623,-0.1011,-0.778
45238.13097,-1.1607,0.391,0.2619,1.7798,0.1365,-2.6177
44790.44319,-0.1964,-0.3907,-0.0247,0.1882,0.1217,0.3418
44457.5051,0.0274,0.0076,0.1277,0.893,-0.1299,0.1216
44622.25824,0.1463,0.1166,-0.7127,0.935,0.3385,0.1476
45007.96191,0.4537,0.4337,0.3745,-6.9427,-4.4063,1.6957
44951.53888,0.1968,-0.0192,0.3085,-0.1793,-0.1275,0.009
45344.32772,0.9417,-1.7043,0.9774,0.8342,1.1516,-0.516
45442.24589,1.033,-0.8597,0.5913,-3.0905,1.2033,-2.3315
45620.88136,-0.0993,0.0717,0.0761,0.0467,0.0323,0.0832
44695.66073,1.1668,0.5527,-0.3475,0.428,-0.195,0.2574
45139.57838,1.347,3.0708,-0.9621,2.6169,-1.3397,-5.1828
44477.40991,0.0103,-0.2918,0.1084,0.401,0.1943,0.5555
44614.02527,-0.2736,0.2438,-0.3368,1.1826,-0.0888,-0.0339
44840.65356,-3.4784,-2.3993,1.2183,-1.1182,0.1249,3.1232
45065.11914,1.3913,-0.8072,0.3172,-3.2733,2.4136,-3.5462
44525.99524,-0.1352,-0.3257,-0.1146,0.328,-0.2351,0.1105
44993.0344,0.0519,0.0567,-0.1884,-0.5486,-0.444,0.0029
45624.80175,0.1669,-0.0373,0.0236,1.3354,-0.2001,-0.441
44504.82413,0.0319,-0.3122,-0.1162,1.0396,-0.1714,0.4755
45210.47714,1.7584,1.8921,-0.5695,2.3134,-1.2149,-5.2796
44669.63525,0.2287,0.3412,-0.1284,0.8782,-0.125,0.1751
45246.9669,1.5552,2.9737,-0.7485,2.7536,-1.7048,-5.3159
44725.21447,0.3685,0.274,-0.0506,-0.0491,0.177,-0.7704
45027.29241,-0.1389,-0.2426,0.4215,7.9351,1.7904,-2.1033
45299.85674,0.9838,-0.7575,1.0809,-0.3285,1.64,3.9388
45604.18469,-1.877,-0.6294,0.4585,-1.4211,-0.9898,-0.1905
44431.62818,-0.8821,0.2327,-0.4016,-0.0023,-0.0136,0.4893
44841.64875,0.23,-0.3975,-0.0781,0.4012,0.1546,0.2097
45019.78334,0.1962,1.7444,0.5135,-4.1294,2.6004,-0.5854
44424.75173,-0.3275,0.5486,-0.2664,-0.4937,0.126,-0.4312
45376.95707,0.6215,-1.7119,0.7005,-1.0972,1.4716,3.1194
44447.34143,-0.4952,0.6082,0.5171,0.4152,0.6458,-0.3844
45066.71749,1.4568,-1.9959,0.8203,-0.134,2.3937,-1.6086
45360.64239,-1.8083,-0.6115,0.0631,1.7787,-0.6059,-0.7857
44869.15126,-0.1184,-0.0476,-0.0759,-0.8205,-0.3973,-0.5703
45201.85232,1.2089,-1.1867,1.2234,-0.6777,2.4038,-0.4605
45042.85331,1.8956,-0.0748,-0.1518,1.7877,0.2391,-5.4416
45262.10557,1.1965,3.486,-1.0506,3.6991,-1.3778,-5.7144
44671.50501,0.2806,-0.6696,0.4471,1.4472,-0.0174,1.1136
44705.52207,0.6193,0.1819,-0.1889,-0.5058,-0.1686,-0.3265
45198.9271,-0.4322,0.6285,-0.2893,-2.347,-0.0948,2.4975
45585.63868,-0.7774,2.4026,-0.3969,-1.049,-0.2822,-3.6951
44582.51085,0.2615,-0.5921,0.2961,-0.7337,0.2992,-0.4827
45310.62265,-1.3557,-1.0874,0.5891,-2.4989,-2.1241,0.2916
44791.34789,-0.1307,-0.1834,-0.2625,-1.0362,-0.1215,-0.452
44361.08327,-0.222,-0.5483,-0.0585,0.2384,0.0291,0.6429
44363.3754,-0.192,0.1052,-0.0157,0.3061,-0.4351,-0.9574
44891.58806,0.0516,-0.4789,-0.042,0.8482,0.3923,0.1351
45496.91928,2.5376,2.2687,-1.6451,-0.7602,0.9427,5.2143
45146.27322,1.7865,1.7355,-1.7229,6.3144,3.2958,5.2966
45577.58701,0.8887,3.0212,-1.0461,3.7488,-1.236,-5.387
44464.35118,0.2087,-0.3311,0.22,-0.1583,-0.0924,-0.9394
44668.42898,0.7409,-0.3086,0.5602,-0.2063,-0.0453,0.2128
44841.43763,-0.1354,-0.1089,-0.0535,-0.2607,-0.0321,-0.4824
44911.61199,-0.0005,-0.0031,-0.0284,-0.0938,0.176,0.237
44864.32625,-0.5057,-0.1597,0.4644,0.2324,0.3919,0.1417
44968.51707,-0.265,-0.0226,-0.1726,3.2292,0.4276,-0.9633
44971.17087,0.0923,-0.0676,0.1486,-0.4741,-0.891,0.6917
45153.14901,1.4193,3.2177,-1.1222,4.3134,-1.7389,-5.144
45242.08151,-1.0212,-0.7645,0.3877,1.7618,0.0958,-2.095
45547.76263,-1.9522,-0.8689,0.1881,-3.1547,-2.0837,0.2964
45056.61487,1.4938,-0.6414,0.2316,0.0633,2.7259,-3.4081
44887.90893,0.0756,0.0746,0.145,-0.4182,-0.0906,0.0924
44357.70541,-0.0053,0.0205,-0.0067,-0.0195,0.0151,0.021
44355.98632,0.0041,-0.0075,-0.0173,0.0316,0.0171,-0.0014
44481.57185,0.2874,-0.4416,0.3066,1.0489,0.1655,0.077
44851.60032,-0.1728,-0.0687,0.1212,0.2885,0.2217,0.0047
45144.46379,1.1892,-1.1831,0.569,-0.7815,3.2407,-2.1293
44831.8781,0.5138,0.2265,-0.2703,-0.6777,-0.4214,-0.4367
44865.47219,-0.0157,0.2172,-0.1206,-1.0988,-0.3759,-0.0614
44707.15054,0.1619,-0.0473,0.0767,0.7496,0.3908,-0.0555
44372.1518,0.3496,-0.0025,0.4028,0.666,0.771,0.5516
44738.6342,-0.962,0.189,-0.4694,-1.2658,-0.473,0.0553
44858.95846,0.0939,0.2084,-0.1784,-0.2637,0.1078,-0.3156
44940.562,0.0024,-0.1004,0.1158,0.875,0.2297,0.8034
45066.86827,1.3131,0.4321,0.3345,2.1533,0.1985,5.6992
45224.0477,1.5735,-0.6258,0.5989,-2.9746,3.3183,-2.9434
45456.2686,-1.5174,-0.5297,-0.1656,-2.2486,-1.4055,1.46
45530.93551,-2.0165,-0.6537,0.1074,-1.8405,-0.9852,0.2347
44968.87895,0.0099,-0.0354,0.0895,2.0268,0.3552,0.3844
45220.90134,1.2198,-0.8442,0.9864,-0.121,2.6581,-2.535
44560.8879,0.3509,-0.008,0.4791,1.0705,0.654,-0.0156
45568.57034,-1.6409,-0.7472,0.4797,1.2728,-0.9216,-1.8059
44777.8378,0.3275,0.2442,-0.2954,0.1121,0.1471,0.1034
45240.18162,2.699,2.9765,-2.4974,2.9771,1.4533,4.624
45538.8364,-0.5363,1.0259,-0.7475,-1.309,-0.2269,2.501
44361.38487,0.0256,0.3306,0.042,0.2255,-0.132,-0.3755
45495.04959,0.8439,-0.8214,0.502,-3.7638,1.7806,-2.2489
44501.68766,-0.1765,-0.2007,0.4203,-0.0749,-0.0836,0.1047
44666.8005,-0.1952,-0.6906,-0.2069,0.6366,0.202,-0.0003
44397.69755,0.5718,-0.1217,0.1955,-0.7575,0.0009,-0.5244
45057.06723,-1.5158,-0.8897,0.0792,-1.1851,-2.0489,0.7431
45167.77512,2.0993,2.4228,-1.7551,2.1137,1.898,5.0305
44850.48451,-0.2184,-0.0787,-0.1123,-2.2421,-0.4915,-0.329
45399.87605,0.7748,2.6584,-1.4739,4.2512,-1.3972,-5.5855
45561.24238,-1.2549,-0.3564,0.1644,-4.6687,-1.7853,2.3343
44928.22812,-0.3119,-0.2695,0.2549,0.3062,0.3131,-0.1187
44990.65204,0.3732,-0.0469,0.1638,-0.071,-0.9301,0.0031
44633.62761,-0.0653,-0.0943,-0.3532,0.9923,-0.0381,0.5342
45149.13815,1.5478,1.8148,-0.7473,0.9991,-1.5389,-6.226
45130.65183,-1.8058,-0.6741,0.4775,-2.8082,-2.5389,1.0797
44790.68447,0.1734,-0.0193,0.2555,0.2233,0.0307,0.3519
44764.8705,0.2754,-0.264,0.1386,0.4307,0.3328,0.0538
44503.13527,0.4935,-0.5531,0.5159,0.3644,0.0473,0.6795
44451.05101,-0.153,-0.3008,0.456,0.4314,0.0714,0.5493
44899.70022,0.3826,-0.219,0.2929,0.9449,0.3714,-0.1773
45200.79682,-1.0193,2.2316,-0.0323,0.3467,-0.1093,-3.3636
45574.05874,-0.9846,0.1417,-0.0613,-1.6024,-1.5345,2.4299
45043.58206,-0.1759,-0.3627,-0.7473,1.1983,0.0178,-0.8374
44776.36011,0.0419,-0.1846,-0.2822,-0.2481,0.092,-1.0195
45569.80675,0.6174,-1.0033,0.6594,-0.5855,0.4259,4.57
45466.19004,1.3713,1.5528,-0.9961,0.0522,-1.6037,-5.9368
44556.06267,0.1465,-0.3915,0.2121,0.3037,0.1348,0.0661
45321.83089,-0.9833,-0.8129,0.3712,-0.2661,2.5968,-1.7046
44543.36627,0.467,-0.0964,0.2643,1.3245,0.1099,0.8673
44556.72615,-0.2235,0.0599,-0.1368,0.1666,0.0449,0.1904
44804.37546,-0.0692,0.3655,0.1876,-0.4817,0.0631,-0.3472
44484.19565,0.3761,-0.1134,0.0323,0.0067,-0.0272,-0.2488
44747.16853,-2.9572,-0.5341,-1.6572,-0.0817,2.6104,0.1953
44461.87815,0.2863,0.2944,0.3842,1.219,-0.1435,0.4974
44462.51147,0.0802,0.5416,0.1605,0.0023,-0.2471,-0.0954
44411.75266,0.1445,0.108,-0.1117,0.1876,0.2183,-0.3184
44488.11627,-0.3213,0.2829,-0.1525,-0.2273,0.3303,-0.1876
44831.42576,0.2522,-0.1261,0.4437,-0.6222,0.2125,-0.219
44986.61105,-0.0839,-0.5664,0.093,-2.1137,0.3755,0.1076
45098.71454,1.152,-0.2636,0.4542,-4.3522,1.8699,-3.7035
45105.74151,1.5564,-0.1207,0.4057,-5.6961,0.2617,-3.913
45065.90322,1.4761,-0.7893,0.2611,-3.0822,2.1556,-3.4164
45440.49683,-0.4894,3.3993,-0.9791,2.3066,-1.0541,-5.3704
45549.24029,-0.76,0.2572,0.0366,-2.5494,-0.7581,2.1361
44551.75013,0.3999,0.0502,0.0174,-0.335,-0.1194,-0.1205
45605.72266,-1.1934,-0.0913,0.5189,-5.1086,-2.1734,1.5575
45241.96087,-0.9773,-0.6183,0.4241,-3.3239,-2.2163,2.106
45422.34268,0.867,-2.1679,0.4768,0.9167,2.5262,0.5864
44955.39888,-0.0291,0.0309,-0.0966,0.02,-0.1286,0.3558
44612.00477,-0.7543,-0.3913,0.664,-0.3471,0.2691,0.2567
44715.65475,0.7936,-0.608,0.0048,-0.9109,-0.5745,-0.1878
44996.29131,0.22,0.369,0.1908,0.4749,0.3897,0.9795
44595.11667,-1.9506,1.3199,0.5931,-1.9399,-0.6221,0.3335
45254.41562,1.0509,-0.3626,0.7234,1.4975,0.0385,4.4918
45498.48738,1.3114,1.2692,-0.0025,4.9437,0.6157,5.5176
45346.98147,-0.8423,0.6609,-0.4475,-1.1458,-1.8732,2.6141
45367.24667,1.1459,0.5719,-0.4608,-2.8823,-0.2054,-4.2969
44762.94045,-0.3202,-0.3822,-0.5523,-0.1001,0.3995,0.044
44546.32176,0.6145,-0.3028,-0.3343,1.6948,-0.3556,0.5606
45544.2947,0.8535,-0.7225,0.6362,1.0157,1.4182,5.0351
45569.02268,0.8742,-0.3973,0.5762,1.3306,0.5028,4.4939
44810.43692,0.1037,0.6128,-0.267,-0.5803,0.6213,0.2814
45043.03425,0.3783,-0.9227,0.5517,3.9779,-0.2828,0.3405
44731.36641,-0.0657,-0.2956,0.3777,1.2347,-0.1369,0.7584
44415.55289,0.1878,0.2132,-0.1837,-0.51,-0.0383,0.0585
44773.94759,0.6609,-0.7668,-0.4594,0.2599,-0.2495,0.5477
45044.16008,0.1547,0.5766,1.1618,-4.1336,-2.68,2.2427
45378.76649,-0.8175,0.7467,-1.0387,0.4588,-1.1125,2.7202
44362.41029,0.0512,0.7459,-0.0019,0.8715,-1.0715,-1.5636
45453.94654,-2.6091,-0.5293,0.1604,-0.7549,-1.7518,-0.0927
44506.90505,0.5297,-0.0549,0.2067,0.1034,-0.3514,0.5906
44725.99854,0.0542,-0.4571,0.3794,0.6675,0.1779,0.7226
45297.38387,1.1561,-1.2678,1.31,-0.7233,2.5692,0.253
44760.88983,-0.2498,-0.284,0.0334,-0.2155,0.1016,0.1155
45388.20548,1.2316,1.1266,-0.3616,2.6513,2.2467,5.5386
44477.47026,0.146,-0.1476,-0.3494,-0.0067,-0.0499,0.3083
45202.33479,-1.6462,-0.7952,0.4584,1.0129,-0.7634,-1.1312
45320.67992,1.5214,0.0824,1.0024,2.6207,2.4918,-4.2675
45511.90692,0.9099,0.3005,-0.0743,-2.7238,2.3332,-4.5719
45479.51911,-1.497,-0.2471,-0.0188,-2.9434,-2.4256,2.3124
45510.27847,0.3035,1.1525,-0.21,-2.1668,2.7409,-2.9434
45239.63881,-1.5425,-0.9315,0.3574,0.1654,-1.136,-0.5318
45555.66354,-1.4385,-0.3625,0.102,-2.9632,-1.7747,2.2584
44583.08387,-0.9457,0.2418,0.7428,-1.5842,-0.5744,-0.5245
44745.90197,0.1591,-0.2998,-0.7266,-0.5318,-0.2924,-0.3243
44924.21734,-0.6727,-0.8695,-0.1561,-0.5421,-0.2142,0.4614
45357.74735,1.165,-1.8324,0.6686,-0.0689,2.2377,-0.9818
45274.5603,1.8485,2.4384,-1.6388,-3.8006,0.1399,2.7658
44489.98612,0.1925,-0.1094,-0.0277,0.5998,0.0154,0.4881
44366.8739,0.0825,-0.0107,0.1443,0.0287,-0.0886,0.4888
44885.64715,0.1237,0.7165,-0.1445,0.8257,-0.2996,-0.2124
44680.4616,-0.5811,-0.014,0.0443,-0.417,0.1741,-0.2137
44693.39892,0.6548,0.2869,0.3926,-1.4675,-0.0374,0.2326
45322.67526,-1.7371,-0.7788,0.0935,2.5291,-1.2449,-2.7661
45596.133,-1.9729,-0.8003,0.3932,-0.2504,-1.1881,0.2256
45342.24689,-0.7207,0.378,-0.7876,-1.7188,-1.6749,1.6009
44465.40673,-0.1086,0.2305,0.0338,0.7367,0.3315,0.0778
45405.90738,-1.0032,-0.2198,-0.2928,-1.8604,-1.8275,2.1889
44776.78232,0.143,0.167,0.0725,0.6176,-0.0832,0.1676
45563.74536,-1.4604,-0.7113,0.2059,0.4455,-1.0565,-1.8197
44510.82563,0.8958,0.5274,-0.1812,0.9248,0.1021,-0.4478
44543.54721,-0.668,0.276,0.1508,-0.2848,-0.1648,0.0899
45010.04273,-0.0625,0.075,-0.6353,-2.3593,-0.8063,-0.123
44475.41947,0.0871,-0.0958,-0.0241,0.4699,0.4234,-0.0652
44446.0144,-0.4377,0.0328,-0.4721,-0.5344,-0.2469,-0.0436
45621.0623,0.0239,0.0428,-0.1456,0.4341,0.3533,0.0241
44421.46428,-0.3776,0.0776,0.2498,0.008,0.057,0.1262
45066.29527,-1.1358,-0.4176,-0.007,-2.3956,-1.7135,1.6372
45305.10401,-1.0312,-0.7152,0.7215,1.3911,-1.2747,-1.7827
45238.22145,1.5401,3.0804,-0.7934,5.1761,-1.7296,-5.2381
44619.15207,-0.4922,-1.5523,0.9405,0.9533,0.2749,2.0339
44644.7858,0.1705,0.2622,-0.1909,0.1654,-0.2212,-0.4415
44801.20906,0.7364,-0.7229,-0.7359,1.7946,0.1229,-0.023
44867.61327,-0.1178,-0.3517,0.0904,0.5837,0.1016,-0.1477
44664.08637,-0.0871,-0.3496,-0.0415,0.0827,0.655,0.5468
44899.91131,0.4099,0.0684,-0.0251,0.049,0.0395,-0.2205
45225.76664,0.6858,-0.7855,0.7741,-1.0937,-0.0327,4.0301
45284.33106,-1.7483,-0.797,0.6834,-1.7551,-1.7109,-0.2412
45277.18395,-1.4025,-0.8578,0.5577,0.8395,-1.0369,-0.9891
44503.31621,-0.142,0.1645,-0.1485,-0.6635,-0.3677,0.0376
45580.05982,1.3815,1.8026,-0.8561,1.3261,-1.9654,-4.9464
45370.92577,-1.627,-0.4434,-0.1642,-2.0875,-1.8799,1.3614
44688.36274,-0.3439,-0.4462,0.1116,-0.5524,-0.0779,0.3768
45117.94046,-0.0139,-0.3799,0.0467,0.873,-2.9042,-0.9398
44366.05961,0.0438,0.2891,-0.1003,0.4139,0.1251,0.5208
44363.10395,0.7058,0.341,-0.2353,0.9012,0.8753,0.1024
44893.00542,-0.1624,0.2124,-0.1857,-0.0969,-0.2172,-0.2183
45078.84056,-1.0672,-1.1311,-0.4813,4.4252,-1.5392,-0.7647
45532.92582,0.7221,-1.8818,0.5613,0.4407,1.8774,0.1723
44430.60271,0.4737,0.6393,-0.2396,0.2826,-0.5715,-0.4889
44734.20115,0.7836,-0.3924,0.1079,1.2835,0.0407,0.6667
44754.2252,0.31,0.0945,0.1156,0.8991,0.4899,0.0235
45047.99003,-1.5392,-0.1853,0.5107,1.217,-0.0407,-2.3791
44435.63944,0.1853,0.3698,-0.1272,-0.233,-0.237,0.1857
44490.13691,-0.0663,0.1375,-0.0369,0.3654,0.0442,0.3479
44692.49423,0.8222,0.4227,0.0897,0.5967,-0.0246,-0.2812
44732.09022,-1.4637,-0.6485,-0.2272,2.4694,1.1837,1.2629
44738.69453,-0.683,-0.2309,0.4039,-1.204,-0.5488,0.0045
44872.49869,-0.0101,-0.0395,-0.1903,0.0597,0.1182,-0.176
45095.90976,-0.4643,0.4828,-0.6936,-2.8122,0.5819,1.9405
45145.91134,1.8191,3.8267,-1.3877,4.993,-1.2512,-5.0807
45412.11963,2.4331,2.3321,-2.6632,-2.2864,0.6062,3.044
45621.45432,-0.0533,-0.1177,0.17,-0.093,0.1286,0.3201
44910.52639,0.3539,-0.1895,-0.2277,0.1691,0.0843,0.1886
44544.54243,-0.132,0.3432,0.2467,0.2292,-0.1301,-0.536
45225.22381,-0.758,-0.2244,0.0756,-3.4517,-0.2529,2.4799
44772.0779,-0.4698,1.3011,0.0977,-0.894,0.051,-0.3222
44998.5229,0.0964,-0.1565,0.1831,-1.067,-0.8323,-0.0263
44899.27804,0.1292,0.0103,-0.2069,-4.433,-0.508,-0.7929
44800.33453,0.8203,0.7991,0.9917,-1.5881,-1.544,-1.5682
44693.73066,0.5063,-0.2307,-0.1727,-0.2352,-0.2606,-0.0028
45278.29972,1.5421,-1.0954,1.2517,-0.1443,1.5473,-1.1946
44562.33548,0.248,-0.628,-0.001,-0.6058,0.0005,-0.2997
45441.49199,1.1647,-1.3123,1.0639,-0.4743,1.797,-0.7546
44369.22633,-0.1054,0.2773,-0.0217,-0.4338,-0.2209,-0.3417
44741.9213,0.6608,0.5936,-0.0939,-0.1512,-0.5502,-0.222
44650.81724,-0.3263,0.1796,-0.0891,0.7571,-0.5304,0.1954
45234.81371,-0.8252,-0.3664,0.4664,-2.9674,-2.238,2.0689
44634.41169,0.1425,-0.9227,-0.2943,2.4092,-0.4995,0.9839
45025.12111,0.0931,-0.3359,-0.0782,-2.6219,-0.6932,-0.0711
45396.98106,1.356,1.4079,-0.4482,3.3833,1.384,5.3
45341.70407,-1.573,0.3314,-0.0426,-0.8461,-0.2937,-2.8767
44952.59437,0.6562,0.0052,-0.0644,0.4651,0.0447,-0.3472
44842.25187,0.225,-0.4587,0.3172,0.114,0.326,0.0213
45608.34625,0.4928,3.1241,-0.5597,4.5087,0.0495,-3.0673
45415.22574,0.4996,-1.3193,0.4685,-0.7349,0.5443,4.0456
44641.49866,-0.0994,-0.0355,0.3786,0.1434,0.1804,0.7294
45010.52525,0.2707,0.518,-0.3076,8.6861,3.2851,1.2406
44609.71279,-0.1294,0.0706,0.2379,0.3198,0.6031,-0.6887
45461.18408,-1.6285,-0.718,0.2264,2.2681,-0.4483,-1.5668
45028.64944,0.4404,0.4405,0.3841,-5.4669,-1.8375,3.0677
44656.75822,-0.1688,0.0102,0.101,-0.2451,0.0675,0.2959
44942.61265,-0.5381,-0.2912,-0.1337,0.8293,-0.0124,0.7876
44643.54935,0.2137,-0.1676,0.3728,1.2953,0.4284,0.8418
45174.37948,-1.3357,-0.706,0.2927,-2.218,-2.5703,1.5412
45414.29088,1.0862,-1.2834,0.4794,0.1973,3.1214,-1.7493
45050.88509,-1.3089,-0.8092,0.0595,-3.8467,-2.4434,1.4448
44648.31417,0.3896,-0.5046,0.8177,1.6991,0.7724,0.5294
45480.42382,-2.0598,-0.5714,0.3817,-0.0771,-1.3011,-0.1045
45532.14177,0.5812,-1.9901,0.9213,-0.5772,1.933,1.7394
44875.09221,-0.079,-0.0482,-0.1748,0.0734,0.0278,0.096
45437.36056,1.0009,0.4908,-0.3688,-3.4212,-1.0444,-4.3156
45546.10407,-1.0561,0.4035,-0.2001,-3.0598,-1.2164,2.2037
44862.0042,0.0399,0.3923,-0.1167,0.1275,-0.0085,-0.1309
45001.8401,0.0976,0.045,0.0398,-0.4548,0.0352,0.1489
44738.27232,-0.2994,-0.0833,0.722,1.1021,0.4355,0.7058
45494.44643,0.688,-0.3394,0.5401,2.215,0.9597,6.0312
45558.70931,0.3479,1.9422,-0.749,-5.9622,-0.9318,2.2673
45565.13255,-0.2288,0.9485,-0.7669,-3.6571,-0.2404,2.5054
45495.65273,-1.4766,1.3177,0.0192,2.9074,0.4517,-3.3048
44631.33562,0.6848,-0.2703,0.925,1.5764,0.7437,-0.0592
44480.24488,0.2263,-0.4831,0.5305,0.2256,0.4429,0.063
45011.85213,0.2757,0.1564,0.0437,-0.3229,0.0519,-3.1868
44838.48231,0.119,0.1958,0.3923,0.0589,0.3291,0.4106
45273.535,1.329,-1.2623,1.1438,0.1576,3.2429,-0.6799
44439.62054,-0.5929,-0.0426,-0.2214,-0.1768,0.2769,0.1169
44976.68954,-0.0645,-0.6823,-0.3802,-0.2992,0.3803,-0.1478
44443.81276,0.5198,0.0598,0.2586,0.0144,0.2507,-0.266
45014.9281,0.508,0.1029,0.7314,1.5578,2.7016,-3.0577
45229.23466,-0.9458,-0.5752,0.4422,-2.7465,-1.8665,1.1083
45607.0495,0.2683,-0.9422,0.608,0.0464,0.5002,4.6837
44450.93037,-0.5425,-0.3527,0.2688,1.2316,0.2829,0.123
44897.86066,0.18,-0.1197,0.0798,0.3953,0.1933,-0.1419
44840.89485,1.2801,-0.4244,1.0863,-0.0512,-2.0683,1.2621
45086.1687,1.6724,-1.2251,0.9358,-0.5992,2.7675,-2.5882
45257.22021,-0.9675,0.2374,0.7227,3.096,-0.3849,-3.0552
44801.48046,0.0948,0.0111,-0.0142,1.4773,0.0397,0.0188
45295.48401,-0.9765,-0.7788,0.8412,1.5569,-0.1783,-1.8395
45313.24631,2.0938,2.535,-1.0548,1.4796,-1.8719,-5.2984
45107.27962,1.5091,1.3606,-0.3037,1.7092,-1.0535,-5.6535
45332.26506,-0.8982,3.804,-1.445,5.3596,-0.5414,-4.4685
45032.18783,-0.4624,0.2182,0.009,-0.4431,0.3482,-1.3462
45036.53043,-0.2141,0.7604,-0.5106,2.7886,1.0651,-1.6147
44587.96936,-0.9262,-0.531,0.4498,-1.5716,-0.5324,-0.4215
44593.45801,0.7116,-0.0277,-0.0139,0.1035,0.0689,0.3338
45255.07907,1.4851,-1.2282,1.1852,0.613,1.8759,-0.8671
44753.83317,0.0213,0.1771,-0.2668,-0.9731,0.1133,0.3424
44885.88842,-0.4641,-0.1984,0.164,0.5233,0.1126,0.5219
44923.73485,-0.4314,-0.1093,-0.5236,-0.7719,-0.2774,-0.4935
45080.80075,0.7313,-1.2043,0.7558,-1.697,0.7212,3.3323
45214.88504,-0.0961,-0.4369,-0.2208,-0.1407,1.0602,-1.1822
44653.86312,-0.6617,0.5049,-0.0236,0.4491,0.4428,0.0558
44614.44748,-0.2709,-0.82,-0.0676,0.6045,0.2662,0.6665
45443.18075,0.6634,-1.1716,0.814,-1.0573,1.7278,3.2785
45598.72642,0.243,3.8561,-0.9635,3.6548,-1.119,-5.9018
44700.21442,0.4437,0.6585,0.2865,0.1724,0.0765,-0.4158
45620.76072,-0.0943,0.325,0.009,0.3153,0.4951,-0.0157
45539.28876,0.9757,-0.4074,0.4332,-3.6532,1.3224,-3.157
45554.06527,-1.0917,-0.4382,0.2473,-3.4362,-1.9609,2.3292
44610.55721,-0.1047,-0.0752,0.0086,-0.6568,-0.1079,0.4695
44402.97581,-0.237,0.0518,0.1991,0.2256,0.2914,0.2556
44886.12967,0.3719,0.0425,0.0842,-0.3481,-0.1146,-0.542
44478.34487,-0.1975,0.2971,0.1002,0.7751,0.1788,0.3677
44957.1781,-0.4541,-0.0894,-0.6523,-2.3253,0.3701,-0.3826
44567.221,-0.166,1.052,0.4373,-6.459,1.1418,1.4212
44970.86929,-0.2217,-0.1149,-0.4409,-0.4539,-0.6469,0.0967
44555.30874,-0.1715,0.1793,-0.1113,0.4438,0.064,0.176
44700.72711,0.3959,-0.118,0.6592,-0.469,0.5379,1.0468
45087.13372,0.9266,-0.2717,0.2123,1.6688,-0.0045,4.2553
45353.43498,-2.2657,-0.8545,-0.0784,-1.4614,-1.645,-0.2425
44843.27718,0.0388,-1.1197,0.4493,2.9452,0.0033,0.7787
44847.77045,-0.6364,0.3737,-0.3912,-0.4135,-0.2122,0.0562
45225.37461,-1.265,-0.4917,0.6403,1.1492,-1.188,-1.4679
45058.21323,1.5452,-1.5152,1.0878,0.0966,2.9763,-1.6927
45160.65809,2.7819,2.7119,-2.0333,-5.5651,-0.5998,3.4993
45447.73435,1.2698,1.9653,-1.2681,3.8057,-1.629,-4.7631
44711.49312,1.1199,-0.3007,-0.0235,1.1335,1.1393,-0.4783
44976.93081,-0.2857,-0.4129,-0.1351,-0.9686,-0.2802,1.2486
44710.1964,0.3234,-0.3017,0.0492,-0.2584,-0.2031,-0.1275
44811.73362,-0.0453,0.1038,-0.0397,-0.7561,-0.1304,-0.1191
45341.52313,-1.5208,-0.2076,-0.2608,-2.0115,-1.7167,1.5125
45172.78116,-1.4668,-0.6801,0.3069,-2.6323,-1.7187,0.9609
44455.24314,-0.3319,-0.182,0.1958,-0.0011,-0.0953,0.2213
44688.27225,0.4129,-0.1979,-0.3024,0.5148,0.0324,-0.1183
45362.75335,1.7056,1.6148,-2.3875,2.0731,1.9716,5.0684
45627.57615,0.0059,0.0055,0.019,0.0459,-0.0087,-0.0241
45458.34939,0.5967,-1.4651,0.7618,-0.856,0.7849,2.9338
44724.73195,-0.3816,-0.6564,0.6787,3.0086,1.3551,1.9515
45190.81493,1.5979,1.0504,0.2833,2.5785,1.2685,4.9173
45323.94181,0.2827,-1.0587,0.3153,0.0552,1.0496,4.6087
45217.09654,0.6965,-0.6361,1.1019,-0.3673,1.1176,4.1616
45396.10649,0.7743,-1.4594,0.7478,-1.0926,1.8577,3.3693
45115.01514,-2.031,-0.7098,0.3168,1.9392,-0.8477,-0.9841
45242.62434,0.4729,1.6358,-0.6789,-5.2374,-0.3413,1.771
45530.39269,1.2992,0.1686,0.1265,-3.2103,1.2013,-3.7531
45274.89203,-0.8563,2.3138,-0.0713,0.988,0.0058,-3.7973
44740.6547,0.4584,0.3449,0.337,-0.2459,0.2694,-0.3721
45019.51192,0.7145,0.5628,0.3842,0.0681,5.0845,3.6345
44404.42355,0.1286,0.1482,-0.0923,-0.7988,-0.2107,0.0227
45404.00753,1.1406,-2.1279,0.6885,0.7295,2.8397,0.1361
45074.5281,1.1385,-2.1139,0.6611,-2.2359,2.5227,0.8005
45035.76646,0.0262,0.4208,0.2307,0.5341,0.8462,-3.4386
45001.29729,0.0384,-0.1353,0.0994,-0.0636,-0.0549,-0.077
45071.27116,1.0682,1.2681,-0.3079,-0.848,-0.2375,-5.2796
45277.39502,2.1484,1.2504,0.1662,-1.2789,1.0176,-5.3296
45602.64672,-1.5542,-0.8864,0.3606,1.7043,-0.2444,-1.135
44587.30591,0.0903,-0.2948,0.4145,-0.1868,0.5751,0.2207
45295.96652,3.3973,3.112,-2.4006,-2.4275,0.0745,3.2923
44452.34788,-0.0885,-0.3406,0.4481,0.5842,0.2417,0.3711
44966.22518,-0.0032,0.0291,0.1797,0.3201,0.6177,-0.3142
45464.833,0.6333,-1.1003,0.7961,-0.8987,1.506,3.106
45272.81123,0.8909,-1.0561,1.2142,-0.4504,1.9962,2.4588
44466.49245,0.058,-0.022,0.2001,-1.7949,-0.2723,-0.3225
44538.23942,0.3559,0.0084,-0.0949,0.4045,-0.1397,0.3284
45046.87419,2.5184,1.6662,-0.4441,2.0943,3.2285,6.4148
45257.34086,2.0181,1.8015,-0.3804,0.2627,-0.641,-6.4652
45605.20999,1.4083,1.7077,-0.4948,-0.0728,-0.9593,-5.2295
45420.41264,-2.1257,-0.9245,0.0882,0.5066,-1.2151,-0.7769
44635.34655,-0.8506,0.3309,0.2884,-0.3593,-0.0355,0.2918
45334.37603,-0.6222,1.0149,-1.2844,-0.8536,-0.1162,1.8981
44959.16845,-0.0668,-0.119,0.1011,-1.1206,-0.1523,-0.4149
45298.86155,2.1618,0.9247,0.0363,-3.5247,0.1918,-5.1376
44582.23943,-0.7387,-0.1404,-0.2268,0.5497,-0.0262,0.3359
44645.17786,0.2696,0.1457,0.3311,2.9455,-1.129,-1.6705
44659.59295,0.0117,-0.0744,-0.3347,-0.4486,-0.3028,0.4009
44847.49906,0.1422,-0.1404,-0.6052,-0.1637,0.1207,0.2504
45080.28808,-0.9075,-0.2503,0.1451,-3.8845,-1.4695,1.8168
45430.09287,-0.0026,2.9667,-1.2737,3.2031,-1.6872,-5.405
44364.46116,-0.2636,0.1584,-0.0949,0.9859,-0.5383,-0.8674
44447.61285,0.7667,0.1489,-0.4447,-0.0129,-0.0634,-0.5689
44763.06109,0.1141,0.2418,0.0873,-2.1588,-0.1843,0.1739
44688.54368,-0.3696,0.5484,-0.2564,0.9933,0.2567,0.361
45035.00747,0.7809,-0.9464,1.4033,0.8465,1.4052,2.5492
45154.56639,-1.8457,-0.8307,0.3529,0.1606,-0.9486,-1.0994
45184.12014,-0.1336,3.9108,-0.574,0.3053,-1.343,-4.466
45191.1165,-2.0195,-0.7372,0.5581,-1.8917,-1.2902,-0.2853
45165.45305,1.0984,2.3607,-0.4901,-8.1264,-1.25,1.7039
44667.94646,-0.3276,0.2733,-0.2422,1.0763,-0.6736,-0.0341
45237.34691,-0.7063,1.4635,0.1665,1.2708,0.2031,-3.4542
45082.42923,1.5447,1.0239,-0.1163,4.304,0.3164,4.2226
45281.70746,1.3384,2.5049,-0.7387,-7.1024,-0.9091,2.0831
45551.50197,1.8588,3.0426,-2.163,-6.1645,-0.6858,2.3598
45138.58319,-2.0725,-0.6486,0.56,-2.9765,-2.4034,1.2248
44589.29629,-0.199,0.0836,0.0207,-0.2105,-0.1648,-0.3004
45059.99246,0.7644,1.8742,-0.9853,-4.6811,-0.7518,2.081
45136.68326,0.7831,-0.9972,0.7633,-0.3925,0.1795,4.561
44622.13763,-0.1835,0.5037,-0.4075,-0.4184,-0.3431,0.0049
45496.85898,0.5075,-0.918,0.2674,0.1835,0.6997,4.7731
44425.41525,-0.0666,-0.3524,0.2727,0.5909,0.1273,0.2237
44802.92798,0.416,-0.2002,-0.1142,0.6142,-0.0402,-0.0439
44992.94391,-0.4098,-0.3422,0.4522,0.1148,0.156,0.8768
45159.02961,1.2413,0.2812,0.4119,2.3027,0.3965,5.0377
45009.16819,0.1164,0.0867,-0.5732,-4.3674,-2.0046,0.1853
44909.35029,-0.0547,0.0984,-0.0267,-1.1184,-0.0736,-0.041
44949.00575,0.4991,-0.0371,0.0333,0.517,0.0508,0.1588
45048.47254,0.7089,1.6384,-1.0149,-3.8253,-0.7383,0.8533
44395.67671,-0.3584,0.1019,-0.066,-0.1376,-0.1627,0.3704
44776.93309,-0.3939,0.0268,-0.1454,-0.2776,-0.2556,0.0689
45023.6434,-0.1575,-0.1765,-0.2305,-1.0638,-0.0952,-0.2112
44732.75363,-0.0143,-0.4212,0.2013,-0.084,0.6905,-0.0351
45571.28439,1.3606,-0.8018,0.7746,-1.7079,2.6648,-1.7541
45293.70475,-0.6021,-0.111,0.1613,-1.9897,-1.5872,2.121
45390.52753,0.8031,-1.2911,0.7829,-0.7098,1.5604,2.9804
44800.99797,0.2845,-0.0952,0.4888,-0.5518,-0.695,-0.3284
45369.59889,1.258,1.3615,-0.6268,-0.2813,-0.4253,-5.2311
45398.27777,1.2312,1.2253,-0.7015,2.2634,-0.2289,-5.4413
45619.79569,0.0449,-0.0629,0.0483,-0.2707,-0.5545,0.3747
44754.46647,-0.3599,0.0467,0.4322,-0.7602,0.2354,0.1414
44672.92237,-0.0248,-0.0381,-0.5762,0.7596,-0.0141,0.2945
45031.25299,-0.0291,-0.0354,-0.0147,-0.105,-0.021,-0.1623
44985.46509,0.0208,0.4455,-0.148,-0.634,-0.5111,0.5371
44714.47867,0.3039,0.5396,0.2325,-0.2169,0.2974,0.2314
45467.36613,2.1739,2.6556,-2.5444,-2.5233,0.4479,2.2628
45601.56111,1.2308,2.3722,-1.8931,-2.4909,0.4139,2.2048
44440.94758,0.0892,0.1962,-0.3183,-0.0044,-0.1727,-0.1782
44505.0654,-0.1436,0.098,0.3049,-0.2591,-0.1279,-0.0114
44510.97641,-1.2251,-0.3818,-0.281,-2.3223,-0.7921,-0.3313
44696.89715,-0.5821,-0.1862,-0.1791,0.6827,0.1017,0.7766
44867.43233,-0.1718,0.7607,-0.248,0.3654,-0.7695,-0.3748
44914.68794,0.1581,-0.3838,-0.1634,1.2355,0.2009,0.7031
44657.78354,-1.1227,-0.4248,-0.2785,-2.6768,0.9108,-0.8282
44673.04301,0.2659,-0.2167,0.1455,0.1573,0.2195,-0.0447
44713.27238,-0.1458,-0.2969,-0.1244,0.9006,-0.3423,0.0601
44983.59539,0.3958,-0.1518,-0.2815,-0.1989,0.0368,0.868
45098.89548,0.8973,-0.745,0.5428,0.2183,0.9605,4.6008
44754.70771,0.5546,-0.0092,-0.1154,0.4097,0.1779,0.4185
45566.64034,1.0723,0.3259,0.4212,2.3419,0.6244,5.1004
44486.54805,0.1784,-0.1456,0.0385,0.1414,-0.158,-0.2667
44575.15243,-0.264,-0.3679,0.1921,0.5288,-0.0181,0.4279
44963.14917,0.1783,-0.3408,0.6392,0.2162,0.0926,-0.1279
45363.44694,0.4597,-1.3781,0.5133,-0.7115,0.6493,2.9993
45045.42669,3.5345,2.3752,-2.5793,-2.3448,1.3326,3.9093
44885.28527,-0.2461,0.0205,-0.1571,-0.5024,-0.0803,-0.2766
45180.83305,-1.5525,-0.8694,0.7133,0.7903,-1.0013,-1.8327
45596.76628,-0.4065,1.2394,-0.7536,-4.0189,-0.4881,2.2539
44823.22323,-0.3083,-0.3659,1.0043,1.3179,0.2949,0.1488
45518.84287,-2.2078,-0.5682,0.1383,-2.2763,-2.0265,0.882
44911.64217,0.0271,0.013,-0.044,0.171,0.1516,0.1955
45307.60704,0.186,3.3189,0.1395,0.9709,-0.2789,-5.3343
44442.66671,0.3447,-0.0527,-0.0233,-0.1729,-0.0117,-0.1826
44558.50548,-0.3816,0.0451,0.2039,-0.1853,0.1097,-0.1529
45108.54626,-1.2189,-0.6291,0.2652,-3.0773,-1.8646,1.2352
45174.3493,-0.9976,-0.4892,0.1374,-3.5067,-2.1966,2.1776
44494.08771,2.5732,-0.563,0.3032,-0.951,0.5885,-0.9428
44548.31214,0.23,-0.1816,0.0055,0.6455,-0.0625,0.4298
44636.40209,-0.4003,0.3901,0.2056,-2.0727,-0.0385,-0.7907
45015.71221,0.2757,0.6606,0.2379,-9.1652,-3.2173,1.9713
45292.61911,1.1836,-1.1311,1.382,0.1368,2.3696,2.0923
45246.03204,-1.3253,-0.8504,0.291,1.1752,-0.0782,-1.3355
44362.04839,-0.0812,0.8139,-0.0451,-0.3719,0.0247,-1.2126
45139.18635,0.8819,1.4074,-0.9183,-4.5206,-0.2447,1.67
45318.65438,-1.9225,-0.2775,0.8378,-2.9377,-1.7692,1.8853
45342.30722,-1.2283,-0.5375,-0.1033,-4.428,-2.7292,2.2954
45348.42899,1.5887,1.1265,-2.4885,-1.0935,2.4362,5.4176
44635.22591,-0.0145,-0.7333,-0.4199,-0.5728,-0.3391,-0.0059
44816.58882,0.3181,-0.2252,-0.3941,0.1859,0.1504,-0.1275
44912.51669,0.0541,-0.5528,0.3831,1.2025,-0.12,0.3146
45476.47332,-1.3835,-0.2988,0.285,1.3076,-0.2977,-1.6942
44582.42037,-0.4336,0.353,0.4546,1.3194,-0.0136,-0.5241
45531.50847,2.0759,3.006,-1.5505,-5.9964,-0.7003,2.3417
45331.17942,-0.5027,0.6167,-1.2257,-2.8608,0.0496,2.5086
44624.64069,-0.5404,-0.8299,0.6511,3.7309,2.2694,1.0908
44746.294,0.1489,0.0546,-0.1956,0.0617,0.0561,0.0096
45215.67414,0.0327,-0.4412,-0.3076,-0.2223,1.2382,-1.0686
45216.67433,-1.5617,-0.7837,0.9846,0.6095,-0.8333,-0.7621
45396.76997,0.9535,-0.8871,0.3308,-1.9937,2.2331,-2.1662
45205.32032,-0.1875,1.3927,-0.6103,-2.9984,-0.083,2.6336
45019.81349,0.8659,-0.2944,-1.947,-10.5346,1.8255,0.5718
45235.59781,-0.669,-0.3228,0.4688,-3.1702,-1.9142,2.3545
45406.32959,1.0853,-0.978,0.109,-1.9553,3.5057,-1.7898
44590.68351,-0.0456,-0.2784,-0.2279,-0.663,-0.0964,-0.7989
45322.37371,2.5889,1.6806,-2.3915,-1.8973,1.7637,3.2949
45506.78036,-2.0518,-0.6436,-0.0545,-2.1171,-1.4129,-0.6352
44645.44928,0.0759,-0.0012,0.0519,0.1852,-0.1196,-0.3135
45244.9464,2.7921,2.4448,-1.8723,0.6538,1.6276,5.3026
44702.86826,0.8037,0.1867,0.3724,-0.5717,-0.7195,-0.4708
44531.36335,-0.3866,0.3711,-0.0612,0.9881,0.3639,0.3169
45133.12475,-1.532,-0.5895,0.4208,1.3201,-0.6738,-1.9943
45345.8657,1.3739,-1.292,0.5137,-0.7247,3.2125,-1.6086
45398.76028,-1.1885,-0.1118,-0.1825,-3.2186,-1.2637,2.0405
45421.3475,0.3475,3.5104,-1.4008,3.2127,-1.8657,-4.386
45463.02364,1.3642,0.0735,0.2079,-2.1836,1.4466,-3.7863
45061.34952,1.3602,-1.8607,1.0387,0.7829,2.4164,-0.174
44588.05984,-0.7046,0.67,-0.8023,0.1409,0.1831,-0.3551
45001.38777,-0.0209,0.163,0.0549,-0.3346,-0.0692,-0.1416
45062.10346,1.4872,-1.8195,1.0578,0.3666,2.8725,-1.1872
44685.34703,-0.2067,-0.1527,0.435,-0.7289,-0.2224,0.3873
45219.30305,1.3598,-0.6342,0.65,-0.9993,2.7105,-1.8929
44382.94892,-0.0117,0.0459,-0.0234,0.1315,0.166,0.0191
45295.45386,-1.1951,-0.7873,0.6293,2.4919,-0.5798,-1.3803
45494.02425,-1.5008,0.4606,0.2897,1.5575,0.5277,-3.0097
44611.25081,-0.2444,0.6421,0.2392,-7.2469,1.2322,1.5513
44546.86459,0.1984,0.2637,0.571,-0.2094,-0.0432,-0.4332
44576.81109,0.1605,0.6217,-0.2415,-0.5733,-0.2058,-0.9633
45378.4046,0.9857,-0.4472,-0.0496,-3.3719,1.7942,-2.9916
45487.3899,-0.5517,0.9464,-0.8475,-0.4433,-0.5372,1.6142
44810.73847,-0.2432,0.1112,0.0108,0.7599,0.3059,0.1706
45391.43222,2.283,2.5605,-2.9107,-3.0021,0.8185,2.9527
45564.19769,0.7203,-0.3121,0.3514,0.9241,-0.0745,4.549
45476.08129,0.5544,-1.0103,0.3246,0.5728,0.3156,5.0905
44444.02388,0.6161,0.2886,0.0194,0.3537,0.1318,-0.9627
44578.43961,0.4043,0.7778,-0.3887,0.4484,-0.2141,-0.5919
44524.24605,-0.2869,-0.067,0.2019,-0.3262,0.1354,0.2739
44964.89826,0.0454,-0.1615,0.0204,-0.1038,-0.2172,-0.3691
45588.26226,1.0546,-1.2465,0.9053,0.8127,1.637,-1.4034
44798.55529,0.0905,-0.0628,0.7551,-0.0958,0.3818,0.4632
45582.62306,1.2174,-1.2808,0.9046,-0.4623,2.5454,-1.5437
45242.71482,-0.6282,-0.0213,0.3032,-2.1132,-1.1946,2.2735
44955.64012,-0.0339,0.1414,0.0222,0.7817,0.2126,-0.2825
44759.08041,-0.0137,0.1306,-0.1396,-0.5596,0.1635,-0.784
44508.71458,0.0907,0.184,-0.0083,-0.6954,-0.222,-0.1613
45019.9341,-0.1158,-0.0458,0.2563,1.7146,0.9307,-0.8428
44432.4425,-0.4593,-0.2658,-0.2342,-0.4883,-0.1227,-0.126
44776.84264,-0.2534,-0.1236,-0.1505,-0.1502,0.0184,-0.1214
45259.66291,-0.6904,2.9362,-0.3841,2.0948,-0.0814,-3.8286
44741.34832,0.3121,0.0165,-0.0273,-0.1957,-0.1441,-0.7131
45542.66626,0.6523,-1.0509,0.7149,-1.1171,1.125,4.2045
44739.38814,-0.3384,0.2105,-0.1548,0.8872,-0.0146,-0.0701
44919.48281,-0.1668,-0.0939,0.1723,0.1116,0.1514,-0.072
45376.26346,1.4599,2.0615,-0.8311,3.0916,2.1289,5.764
45445.20123,-1.6031,-0.5296,0.2053,1.9186,-0.1452,-1.765
44604.04325,0.3286,0.122,-0.1837,-0.3979,-0.346,-0.2175
44376.01223,0.0429,-0.0472,0.0562,0.1062,0.2872,0.3002
45012.21402,0.113,1.2084,-0.4598,0.1356,0.9828,0.1803
45537.32862,-1.293,-0.3756,-0.1149,-1.9409,-1.9443,1.8018
45175.85716,-0.5041,0.9197,-0.3232,-0.5617,-0.2577,2.4248
45591.79053,0.2489,-0.8472,0.4436,0.5451,-0.449,3.7745
44511.8209,-0.0016,0.2904,-0.2424,0.8114,0.0087,0.0541
45276.06816,1.0823,-0.4043,0.7832,0.6869,1.6536,5.2194
45455.60515,-1.691,-0.6516,0.3521,2.0608,-0.618,-2.101
45176.5206,1.4724,1.7156,0.2124,3.5401,0.5398,6.2522
45275.55549,-1.2944,-0.8112,0.6551,-2.0482,-2.3203,0.3988
45095.03516,3.062,2.7341,-2.3912,-2.2599,1.1919,3.3319
44688.63413,-0.9388,0.4324,0.6978,-1.7058,-1.3308,-0.9154
44365.30561,-0.9763,0.1822,0.5287,-2.0335,-0.3685,-0.6283
45583.79918,-1.1379,-0.356,0.511,-3.4668,-1.9518,1.4265
44651.93305,0.259,0.1391,0.096,0.3757,0.0357,0.3083
44791.43837,-0.1185,0.0857,0.06,-1.0468,-0.0876,-0.5822
45435.58134,-1.9488,0.2451,0.0721,1.0378,-0.2654,-2.5297
45251.85229,1.3727,-0.5375,-0.1172,-0.0116,4.2226,-1.7573
45606.80826,1.4886,1.2225,0.1506,-1.862,0.5402,-4.9104
44737.45811,-0.2351,0.0282,-0.1803,-0.1574,-0.0442,0.4867
44520.5366,-0.179,-0.0491,-0.1225,0.1799,0.0835,-0.1526
44905.42996,0.1898,0.0635,-0.4795,-0.1737,-0.0866,-0.3843
44360.7817,-0.0179,0.1869,-0.1182,0.5404,0.927,0.9676
44652.35526,0.086,0.3069,-0.2692,0.0237,0.1224,-0.4552
44828.98309,-0.0552,-0.0161,-0.0902,0.858,0.2932,-0.0732
45227.45542,2.9647,2.9552,-2.1346,-0.6129,0.6818,4.0157
44752.74753,0.0616,-0.2367,-0.4109,-0.5758,-0.034,0.2145
44928.55982,0.3142,-0.099,-0.0336,-0.2597,-0.0867,-0.2999
45057.64021,2.3509,2.3197,-2.0651,-2.61,0.399,1.9628
45278.42037,1.076,-0.6115,0.9116,-0.757,0.5187,4.2347
45582.14057,-0.7591,0.5295,-0.0079,-2.0053,-0.9353,2.7162
44748.13357,-1.031,-0.1409,0.1219,1.7313,0.476,0.754
44671.23359,-0.146,-0.0625,-0.516,1.1003,0.2715,-0.1971
45357.68705,1.0767,-0.6549,0.1316,-4.5225,1.7921,-3.6349
44552.53424,0.1593,-0.0417,-0.0756,0.8779,0.2064,-0.1968
44587.517,-0.4195,0.0333,0.3498,-0.1925,0.1192,0.8569
44758.80902,-0.1343,-0.0419,-0.0195,0.2931,-0.0715,-0.4061
45292.92068,-0.6064,-0.0519,0.4201,-3.9972,-2.0794,1.9083
44614.93,0.0817,0.3721,0.1172,-0.504,-0.1908,-0.0325
45120.66977,-0.7419,0.2846,-0.01,-3.7501,3.1369,1.9134
45539.07767,-1.3841,-0.4204,0.5274,1.462,0.0049,-2.1934
44723.64631,0.0188,0.2913,-0.3353,1.4837,0.1473,0.5629
44926.93138,0.2336,-0.1387,0.3446,0.1138,0.4905,-0.6534
45442.57763,-0.5471,0.8165,-1.1289,-3.4574,0.1017,2.3103
45554.5176,0.8583,-1.7439,0.8873,0.69,1.3624,0.5143
45422.88549,-1.4681,3.0915,-0.5648,1.5823,-0.0253,-4.3754
44431.86945,-0.5091,-0.0992,0.4334,-0.4933,-0.2349,0.3844
44529.9158,-0.4619,0.213,-0.1113,-0.8302,-0.1119,-0.4163
45483.31882,1.6315,2.268,-1.2819,3.4667,3.2332,5.8294
45616.86038,0.9997,-0.0082,0.0268,-2.879,2.831,7.7756
44747.83199,-0.1437,-0.5296,0.3867,-2.2371,0.4992,-1.5901
45272.96198,1.5605,2.4129,-1.1103,-5.5638,-0.8054,2.0987
44731.21565,-0.1474,-0.2013,-0.3052,0.7107,0.1918,1.1751
44469.05595,-0.1803,0.101,0.0426,0.3388,0.5611,-0.2975
44950.93573,0.1312,-0.1016,0.0909,-0.3496,0.0999,0.1484
45006.9969,0.0622,-0.8365,0.3115,5.3986,3.6689,1.113
44707.87428,0.1754,-0.4041,0.2342,0.4384,0.1087,-0.305
44791.46853,0.0424,-0.5425,0.0474,0.972,0.0342,0.2459
45138.64349,-1.8404,-0.5153,0.4435,-0.0254,-0.8314,-0.7544
44713.99615,0.3039,0.1412,0.2277,0.5133,-0.0785,-0.1502
45490.85787,-1.2096,2.6722,-0.1814,2.1098,0.1076,-4.5063
44696.3845,-0.432,0.3025,-0.4129,-0.294,0.1299,0.0953
44711.28203,0.2338,0.7236,-0.0303,0.041,0.1184,-0.36
45420.32218,-1.4053,-0.4903,-0.0763,-3.538,-1.8881,1.5477
44379.51074,-0.0319,0.0397,-0.0898,-0.4418,1.0389,0.2249
44591.49778,0.6293,-0.4754,-0.4011,0.616,0.1166,0.829
44468.60359,-0.0368,-0.0363,0.2065,0.627,0.3627,0.2886
44467.3369,-0.2136,-0.0051,-0.048,-0.212,-0.0298,0.3188
44659.11044,0.096,0.2143,-0.3655,-1.0467,-0.2519,-0.2626
44438.65544,0.0426,-0.117,0.0708,0.0088,-0.0126,-0.3385
45265.39267,1.6895,1.0927,-0.2467,-1.6932,-1.4341,-4.4489
45063.21927,-1.224,-0.7229,0.2811,-2.526,-2.8502,0.9525
45291.74456,1.6482,-0.4585,0.8388,0.1219,2.978,-1.4713
45352.77153,-1.3605,2.4154,-1.398,1.2236,-0.6354,-4.236
44850.39406,0.088,-0.3004,0.1342,-0.3886,-0.029,-0.2077
44562.63705,-0.027,0.8183,0.0548,-1.3156,-0.0196,-0.6398
44543.24564,0.0875,-0.1051,-0.0301,-0.305,0.0029,0.1114
45300.52019,1.6826,-0.0419,0.7576,-3.1883,1.4453,-2.8442
44593.69929,-0.0763,0.6301,-0.9478,-0.662,-0.3166,-1.6006
44949.75965,0.627,-0.3195,0.5788,0.8389,0.1617,0.4552
45021.35147,-0.3286,-0.8183,-0.4392,-1.6369,0.1557,3.0329
44374.86615,0.4425,1.6388,-0.314,6.8042,-2.2429,-1.9968
44486.94011,0.193,-0.062,0.299,-0.9241,0.1904,0.6458
44669.48446,-0.0353,-0.0579,-0.01,0.2692,-0.0505,0.6679
45368.84496,0.8781,0.2512,-0.0375,-3.1334,2.1578,-3.7362
44359.51499,-0.1024,0.0826,0.1699,0.1862,0.1178,0.0017
44877.92698,0.4783,-0.4218,-0.134,0.6024,0.0501,-0.116
44892.37216,0.3123,-0.2774,-0.0362,0.2307,0.008,0.0661
45104.62567,-1.1377,-0.4371,0.0614,-3.9164,-1.2707,1.6878
44959.31921,0.1554,0.0743,0.1337,0.7774,0.4463,0.0904
44654.61706,-0.1533,0.0466,-0.0255,-0.742,-0.0266,-0.1386
45205.50125,-1.9327,-0.7922,0.6977,-0.2177,-1.1972,-0.2012
44699.91285,0.0879,1.0485,-0.0572,-1.8204,-0.5664,-1.1023
45175.91749,-0.9136,-0.1884,0.2305,-1.0482,-1.9177,2.001
45111.6676,1.155,-1.1662,0.5262,-11.515,5.7825,2.3136
44480.8782,-0.2361,-0.0819,0.7163,-0.9735,0.0196,0.1792
44590.47243,-0.4245,0.9488,0.6103,0.8638,0.62,-0.2258
44693.791,0.1602,-0.0773,0.1284,-0.3719,0.3004,-0.2736
45207.67256,1.0903,2.1296,-0.8165,-4.066,-0.39,1.5026
45239.39753,1.3893,2.2085,-1.1592,-3.2957,-0.5186,1.9979
44456.14793,0.211,0.0765,-0.9113,-0.245,-0.1119,-0.6669
45064.57632,1.744,2.1868,-0.8135,3.4003,1.759,6.4301
45055.04674,1.4764,-0.8197,-0.0109,-3.5069,3.3396,-3.8723
45197.1177,0.5416,-0.7806,0.7832,-0.7429,0.379,3.8582
44449.30177,0.0862,0.0848,-0.1338,-1.4867,0.0357,-0.1155
45586.99573,-0.9922,0.1843,-0.0105,-1.6069,-1.2735,2.034
45164.06583,-1.4527,-0.8454,0.4605,-2.8752,-1.8622,0.199
44693.06719,0.5112,-0.1398,-0.0009,0.1521,-0.0579,0.4014
44426.74225,0.2013,-0.0709,0.2763,0.7164,0.3864,-0.4662
44640.71457,0.0342,-0.1554,1.1109,-0.0674,0.1614,0.5226
44702.65716,-0.5052,0.3711,0.4725,-1.0166,-0.9371,0.4682
44421.64525,0.2662,0.1512,0.1291,0.2963,0.0158,-0.1529
44879.19355,-0.2874,-0.1592,-0.0375,-0.8561,-0.1365,-0.4144
44433.01556,0.503,0.1726,-0.0106,0.979,0.0327,-0.2888
44365.06434,-0.1245,-0.1698,0.0211,0.5897,0.568,1.1137
45234.51213,1.0384,-0.8787,1.3217,-1.1669,2.278,2.5071
45368.66402,-1.7425,-0.3869,0.0624,-0.9197,-0.993,-2.2082
45489.50082,1.161,-1.8372,0.8886,-0.5689,2.6043,-0.5027
44633.74824,0.1936,-0.4071,0.3011,-0.229,0.0751,0.5998
44555.09765,0.3837,-0.5297,0.1732,-0.234,-0.2357,-0.0496
44701.66198,-0.1736,-0.3274,0.604,-0.0055,-0.1339,-0.2764
44448.397,-0.0653,0.1577,-0.2965,-1.1111,-0.1832,-1.0546
44808.56723,-0.1179,-0.0756,0.2885,1.5484,0.1539,0.8026
45442.60778,-0.9998,0.4433,-0.5559,-2.7511,-0.6981,2.4272
44717.73559,0.1654,-0.3811,0.2396,0.289,0.2437,-0.2668
44416.00531,0.4949,-0.0242,0.2774,0.9398,0.3766,0.0731
45153.20932,1.7727,0.5154,0.0346,-4.3171,-0.4814,-4.4997
45577.22516,-0.3474,1.3187,-0.9492,-1.8867,-0.0801,2.1762
44513.05736,-0.2661,-0.215,-0.3369,-0.6803,-0.0318,-0.1866
45325.21847,-0.2095,2.9147,-1.2372,3.5697,-1.3312,-5.7153
45543.38998,0.9013,-1.7649,1.1511,0.8118,2.2079,0.3293
45247.3288,2.3265,2.753,-2.0117,1.0508,1.0929,4.6253
44549.82004,-0.1472,-0.2994,0.0164,0.278,0.4835,0.334
44414.73856,-0.6295,-0.1034,0.0718,-0.1008,0.1578,0.3172
45044.12993,0.2222,0.5079,0.8536,-3.2731,-2.023,1.9172
44807.45144,0.2449,0.3634,0.1734,0.595,0.0258,0.01
45303.0232,1.4465,-1.3764,1.4251,0.6466,2.8233,-0.0695
45347.49415,0.5764,-1.9032,0.8865,-1.1567,1.5499,0.632
45415.97966,0.8361,-1.7714,0.9308,0.782,1.7591,1.3891
45100.28277,1.176,-0.8919,0.411,-2.1435,3.0101,-2.4311
45515.34472,0.8824,0.1989,0.2265,2.5966,-0.2126,5.025
44994.93426,-0.3452,-0.1075,-0.2972,-0.9599,0.2371,-0.3112
45462.66176,-1.472,-0.283,0.0206,-3.8031,-2.1008,1.7619
44909.89308,-0.0406,-0.108,-0.2472,-0.2835,-0.2982,0.3862
45315.68897,2.0044,1.6402,-0.4117,0.2114,-1.0006,-5.1631
45494.32583,0.7974,-1.7346,0.8507,0.0771,2.1033,0.5265
44483.80359,0.2541,0,-0.0553,0.2283,-0.1324,-0.1573
44516.46526,-0.7365,0.3932,-0.0638,0.6633,0.1321,0.5618
45187.31676,1.4001,3.2182,-1.1058,2.1407,-0.7098,-5.6215
44451.29228,0.7726,0.1127,-0.0682,-0.2138,-0.2627,-0.3289
44939.32562,0.0648,0.2628,-0.0305,-5.2228,1.3624,2.049
44947.85983,0.0399,0.4282,-0.1114,-4.9771,1.6206,2.5721
44979.01158,-0.0993,-0.6179,0.1315,0.3299,-0.1704,-0.1704
45424.96627,-0.1744,1.2564,-1.3536,-3.7206,0.0581,1.8219
45523.45678,1.6883,1.9043,-2.3576,-1.5894,-0.1997,2.6292
45081.79593,-0.5923,0.6136,-0.3005,-3.9038,-0.9541,2.7393
45363.14538,-0.8636,2.8731,-1.3037,1.0254,-0.1676,-4.0959
44690.86576,0.531,-0.5443,-0.4519,0.0685,-0.006,0.0423
45091.23522,-0.653,0.2481,-0.0962,-2.8309,-1.2178,2.1131
44575.24292,-0.6826,0.2976,0.7424,0.1321,0.07,-0.3635
44762.33733,-0.1173,-0.4193,-0.2271,1.9073,0.0135,1.2844
45018.99926,0.7471,-0.9164,0.1522,0.9197,0.6382,-0.1197
45063.37006,-1.2583,-0.557,0.3829,1.4612,0.2151,-1.6431
45156.85834,-0.8825,-0.5565,0.3972,-3.669,-2.2432,1.8979
44922.31752,-0.0599,-0.0213,-0.2485,-0.6346,-0.5231,0.3969
45429.4294,1.0333,-0.6379,0.4659,-1.7677,1.834,-2.5572
44614.89985,0.4944,-0.3661,-0.3467,0.8779,-0.4508,0.6818
44689.96104,0.0609,-0.551,-0.1167,0.0255,-0.0147,0.9214
45598.84705,1.425,-0.1096,0.4899,-2.8899,1.0317,-2.8641
44943.18561,-0.6817,0.8281,0.3504,-1.8134,0.0893,-0.7744
44451.56376,0.4376,0.0726,0.1211,0.2661,0.147,-0.1135
44696.71621,-0.4192,0.8376,0.1457,-1.5447,-0.0558,-0.8308
44553.31833,-0.2583,-0.3304,0.3437,-0.1287,0.1651,-0.0048
45502.31723,0.6734,-1.5542,0.6356,2.7558,3.5107,-1.388
44557.3293,-0.0507,0.0294,0.0184,0.0903,0.3346,-0.4514
45028.16696,0.6921,-0.0998,0.8488,4.001,0.905,-5.8285
45600.05328,-0.9968,0.3876,0.05,-0.7447,-1.3573,1.49
45280.13931,0.5779,2.016,-0.8514,-3.247,-0.0998,2.2749
45405.15346,-1.5794,-0.4132,-0.03,-3.4362,-1.5241,1.0083
45217.00606,1.0166,-1.5369,1.3281,0.3495,3.1577,0.6257
45125.91714,-1.9936,-0.7991,0.6076,-4.7118,-1.7183,0.6138
45514.13848,-1.4466,0.3816,0.2927,-0.3295,0.245,-2.9939
45271.60498,-1.4583,-0.7391,0.764,-1.3022,-1.7737,-0.5994
44641.16693,0.5802,-0.012,0.5199,-0.7272,0.1564,-0.8709
44900.21291,-0.1468,-0.4037,0.1664,0.3339,0.0043,0.3882
45007.72067,0.342,-1.0638,-0.3667,5.5719,1.7843,-0.9127
44748.34466,1.2848,-0.0863,0.1971,-1.9345,-0.2864,-0.5645
45445.89482,-1.6937,-0.8784,-0.089,-2.4176,-1.6869,1.3314
45153.5109,2.7764,2.3265,-2.3929,0.7011,1.1937,4.156
44558.47529,0.3176,0.2116,-0.0874,0.1184,0.439,-0.0901
44503.10509,0.1228,0.5037,0.2098,0.5001,0.1289,-0.1443
44603.92261,0.6486,0.326,-0.4869,-0.0307,-0.0984,-0.3018
44748.5859,0.3897,0.4694,0.1563,-1.265,-0.4976,0.0604
44713.30253,-0.3516,-0.0011,0.1116,-0.2675,-0.329,-0.1531
45058.60526,-1.4705,-0.7914,-0.029,-1.5748,-2.2872,0.7248
45124.34898,-2.4256,-0.571,0.5291,-2.1372,-2.7226,0.7572
45419.20639,0.5365,-1.4793,0.5121,0.0699,1.8131,2.6325
44829.82745,-0.0545,0.1129,-0.1411,-0.2604,-0.3032,-0.0202
44497.58609,-0.0799,0.018,-0.1569,-1.0408,-0.3173,0.1284
45195.09719,-1.2099,-0.854,0.5555,2.1053,-0.5672,-2.0439
45431.93241,0.7418,-1.7488,1.0378,0.0599,2.3253,1.8876
45620.39884,0.1147,-0.2321,0.2124,-0.6612,-0.3565,-0.2297
45244.28295,-0.4133,0.0616,0.3531,-1.3895,-1.8263,2.8195
44450.44783,0.4797,-0.0888,-0.0754,1.4832,1.0897,0.0385
44467.48771,0.2214,0.0585,-0.1038,-0.3806,-0.013,-0.1722
44730.94423,0.8086,0.1691,-0.5706,0.4172,-0.3546,-0.1545
44599.09744,-0.1315,0.2553,0.2107,0.117,0.3671,-0.541
44818.51884,-0.2727,0.4798,-0.3125,-0.2674,0.0814,-0.0334
44724.82241,0.3784,0.6133,-0.7111,-0.6727,-0.0689,-0.9217
44420.61984,0.1994,-0.4331,-0.0195,0.0361,-0.1915,-0.1152
44564.02429,-0.1919,0.3827,-0.2253,0.1403,0.2754,-0.5865
44496.13847,-0.9634,0.6519,0.3235,1.2077,0.8392,0.1646
44393.14313,-0.1367,-0.1339,0.2347,-0.3752,-0.6401,0.2222
44708.68852,0.2418,0.6383,0.3788,-1.4061,-0.2966,-1.1821
44916.31641,-0.0274,-0.0332,0.3819,0.6638,0.5061,-0.3264
45187.85958,-0.7816,-0.4252,0.3736,-2.788,-1.9671,2.1535
45617.22733,-0.1508,1.1073,0.3058,-1.8835,-0.0079,0.6056
44705.43158,0.1961,0.0752,0.225,0.1389,0.3768,-0.0767
44956.45435,-0.2552,0.5213,-0.0179,2.2063,0.0332,-0.1686
45627.39521,0.0109,0.0049,-0.0018,-0.0069,0.0255,0.0061
45513.80675,2.1855,3.0359,-2.1302,-3.7437,-0.1682,2.1336
44358.42922,0.0367,-0.0098,0.0501,-0.4853,0.1591,0.3852
44724.159,0.2039,0.1223,-0.1462,-0.1157,0.4019,-0.4865
45147.96202,-0.4656,0.7742,-0.5514,-2.1458,0.2767,1.7187
44648.43481,0.2952,-0.1815,0.8271,1.402,0.7812,0.544
45094.73359,1.7131,0.4523,-0.0588,-1.6275,0.2351,-4.7636
45461.21423,-1.5028,0.3174,0.1796,0.4398,0.3288,-2.6362
44836.9745,-0.1798,-0.097,0.1718,-0.9069,-0.1142,-0.0411
44934.71167,0.2684,-0.1023,-0.2004,-0.7951,0.1165,-0.6125
45346.71008,0.8312,-1.9236,0.9345,0.291,2.265,0.8114
44573.10175,-0.1458,-0.6799,0.348,1.2366,0.6327,1.0091
44636.58303,-0.4474,0.602,0.2274,0.3437,0.3437,-0.2232
44636.70367,0.3086,0.2158,0.6992,0.1546,0.3357,-0.677
44806.06423,-0.2036,-0.2317,0.4418,-0.3727,0.0323,-0.1238
44387.98563,0.3386,0.266,0.2991,-0.6751,-0.5491,0.0577
44553.86119,0.2084,-0.0288,-0.2224,-0.1614,-0.209,-0.0975
44830.61152,0.0432,0.2601,0.1,0.6596,0.3944,0.4364
44957.38919,0.4483,0.6676,-0.5373,2.027,-0.884,0.2586
45015.59158,0.5954,-0.4919,-0.3371,-2.0887,1.0949,3.6415
45133.87865,-1.9755,-0.6839,0.4401,0.2666,-1.3609,-0.6692
44542.58219,0.2672,0.0383,0.0619,1.0067,-0.1858,0.9107
44704.43642,0.5132,0.3065,0.2312,-0.7776,-0.4385,-0.0155
45201.91263,0.7292,-1.0858,1.0728,0.1625,1.5345,2.0487
45366.76415,2.1078,2.1596,-2.7543,-1.119,1.4522,3.9962
44852.98751,0.1387,-0.0394,0.0663,0.6841,0.0568,-0.2335
45438.38588,0.8569,-1.0402,0.5444,-0.5674,1.3579,3.639
45483.37912,0.5002,1.9073,-1.0761,-4.2213,-0.2135,1.5733
45592.72536,0.3922,1.4271,-0.8396,-4.5605,-0.4673,1.757
44924.91094,0.6972,0.0724,2.7906,1.898,0.9524,-0.544
45286.83406,0.1655,3.5815,-0.8749,0.7361,-1.1695,-3.7058
44420.19758,0.7776,0.2574,0.3884,-1.1927,-0.2383,-0.3963
44942.85389,-0.6131,0.161,0.3461,-0.9239,-0.4746,0.045
44721.59565,-0.8596,0.168,-0.8741,-0.5635,-0.3103,0.4788
45085.05286,-1.5203,-0.622,0.1001,-2.7183,-1.9829,0.7438
44967.37111,-0.1218,-0.1148,0.001,-0.381,-0.4232,1.2996
45089.21461,1.2086,1.6398,-0.7074,0.7691,-1.4817,-5.4697
45157.61224,-0.8307,-0.093,0.2232,-2.4348,-1.4684,1.748
45616.61913,0.0806,-0.503,0.5423,-1.4177,-0.9449,0.319
45414.98447,0.9182,1.1685,-0.5955,-0.0538,-0.0661,-5.1265
44708.41713,0.2471,-0.1874,0.4656,0.3795,0.1777,-0.0308
45116.19132,0.7609,-1.3519,0.9531,-0.9112,1.2477,3.7758
45512.78146,1.076,-1.3405,0.6205,-0.6495,1.9718,-0.9108
45515.19393,1.3891,-1.3294,0.5978,-0.4232,2.8845,-0.9914
45207.09957,-1.8747,-0.7959,0.5358,0.4732,-1.2951,-0.5978
45178.29984,-0.8747,-0.1521,0.4117,-3.0837,-1.7046,2.5808
45208.75822,-1.0869,-0.5047,0.7398,0.7022,-0.3905,-2.0861
45625.76674,0.0795,0.0358,0.003,0.5754,-0.3358,-0.3745
45100.13199,0.6911,3.9199,-1.19,3.4665,-1.8118,-3.6215
44491.9766,0.3087,0.3298,-0.2127,0.1505,-0.3082,-0.1694
44794.00168,-0.584,-0.0146,-0.354,-1.2928,0.0472,-0.097
44768.09723,-0.1468,-0.5092,0.0714,-0.2468,0.1727,-0.2905
45223.65063,-0.6173,-0.2665,0.3753,-1.7426,-1.6551,2.3647
45261.23108,-1.1076,0.1442,0.5,1.1489,-0.1327,-2.3039
45125.10292,-1.5559,-0.7133,0.2678,-3.4642,-2.7606,1.336
44376.67573,-0.0024,-0.0233,-0.0713,-0.0839,-0.251,-0.411
44444.80802,-0.2908,-0.4935,0.5099,0.6419,0.5488,-0.0864
45267.0513,1.3944,0.1928,0.3381,-4.4329,1.7147,-4.2856
44488.1766,0.4275,0.2593,-0.4061,-0.2049,-0.0927,-0.5277
45613.05063,0.4228,-0.6173,0.5414,-0.4759,1.7764,5.2509
44460.9432,-0.3187,-0.1142,0.017,-0.0629,0.2862,0.3984
44703.86346,0.1256,0.5601,-0.2232,-0.9032,-0.4512,-0.2639
44506.75427,-0.1604,0.0764,0.0077,-0.1341,0.1031,0.1884
44361.35472,0.0208,-0.2307,-0.094,-0.0981,0.3623,0.0684
44612.69838,0.9229,-0.2696,0.1946,1.4973,0.0043,0.3737
45127.84722,1.5613,-1.4201,1.0735,0.0562,2.7999,-2.9529
45246.3336,1.3246,-0.9716,1.0245,1.6163,3.0172,-1.6958
45427.68035,-0.1859,3.5998,-1.0004,1.9734,-0.8525,-5.4089
44690.80545,0.4855,0.32,-0.2503,-1.083,0.0145,-0.6371
44639.74954,-0.0922,-0.7278,0.4226,0.9508,-0.1573,0.9846
45027.74475,-0.0842,0.1412,-0.0177,1.3162,0.4396,-1.5732
44630.7928,0.0283,0.1902,0.3379,-0.5165,0.362,0.224
45451.26265,1.061,0.2876,0.3417,2.4954,1.5953,5.9753
45548.87841,1.1155,-0.5578,0.6042,-2.5176,2.9447,-2.5006
45585.66884,-0.0309,3.7809,-0.6895,1.0171,-0.2244,-5.3958
45134.75322,-0.909,1.7842,0.1595,1.7872,-0.0893,-3.7071
45458.92234,0.8841,1.6676,-0.7533,2.5852,-2.0719,-4.9199
45379.7918,-1.7432,-0.3172,0.0914,0.9668,0.4267,-2.1342
45473.42755,1.0687,0.9489,-0.411,-2.9016,-0.9283,-4.4895
45583.37699,1.1204,-0.4317,0.6173,-4.1517,2.4286,-3.0874
44866.55781,0.3383,0.3222,-0.0948,0.3017,0.1275,-0.4773
45606.41623,-0.2384,1.2236,-0.7117,-0.8897,0.2897,0.7449
44659.56277,0.0315,-0.1469,-0.0665,-1.3184,-0.4946,0.3053
44954.22278,-0.0903,-0.0771,0.2427,-0.1154,-0.0434,-0.0042
44709.95516,-0.055,-0.1218,-0.003,0.3201,-0.321,-0.3255
44964.56654,0.0674,0.0894,-0.0104,0.5175,0.1572,0.227
45495.26068,1.2436,0.2936,0.4438,3.0618,0.7497,5.5119
44524.36669,0.0229,-0.1898,0.2549,-0.3229,0.1976,-0.2497
45115.61831,-0.5641,0.9295,-0.3396,-2.8331,-1.14,2.1425
45258.66773,-0.8497,-0.431,0.4418,-3.9605,-2.0083,1.7966
45346.37836,-1.9638,-0.4812,-0.2434,1.2623,-0.1528,-2.0996
45159.15025,-0.0133,1.0428,-0.654,-3.4741,0.0769,1.8705
45358.10923,-1.5371,-0.2933,-0.4255,-1.7684,-1.8618,1.8026
45450.20716,1.1756,-0.1125,0.1887,-1.8943,0.4309,-3.663
44709.77422,-0.187,-0.1175,0.0595,0.1918,-0.1343,-0.1949
44379.99328,0.1315,-0.4457,-0.1587,0.6302,0.2085,0.8554
44643.48905,0.3423,0.4645,0.0656,-1.1576,0.1016,-0.6697
44929.91685,0.0307,0.0314,-0.1631,-0.7754,-0.3677,-0.569
45031.9466,-0.0635,-0.0388,0.2694,-0.9558,-0.3545,2.1529
45068.04435,-0.965,3.1404,-0.1518,2.5969,-0.4689,-3.2351
45088.67175,0.5737,-1.071,0.6087,-0.9235,0.6924,3.4475
45126.91234,1.8906,3.7628,-1.2736,2.5714,-1.178,-5.3785
44618.21717,-0.1584,0.2306,0.4876,-0.3783,0.4911,-0.023
44493.4242,-1.088,0.2198,0.6266,0.2209,0.2948,0.4994
44849.67032,0.2675,-0.2131,0.08,0.0625,0.039,0.3389
45082.91174,1.6062,2.6366,-1.2122,3.5963,-1.7,-5.0185
45192.20215,1.1621,-0.9014,0.9261,-0.6321,3.5233,-2.1666
45310.92423,1.8938,0.585,0.413,-3.9016,1.8081,-4.4105
45334.55698,-2.0729,-0.4207,-0.1101,2.022,-0.8489,-1.3765
45402.28861,0.726,1.8779,-1.0047,1.9952,-1.4987,-5.0896
44419.47373,-0.1698,0.1391,-0.3271,-0.1186,-0.3533,0.0888
45088.49082,1.4351,-0.099,0.3052,-3.8733,1.7796,-4.1432
44392.93201,-0.0049,-0.1673,-0.119,0.0166,-0.0237,0.407
44405.81098,0.1257,-0.5306,0.093,0.3278,-0.1637,0.017
44519.57153,0.0636,0.027,0.2253,-1.2423,-0.1342,-0.2972
44856.1539,-0.3654,0.1418,-0.2287,-0.4194,-0.2976,-0.1081
44826.93245,-0.0706,-0.5173,0.2271,0.2141,0.2929,0.433
45057.15772,-1.504,-0.9162,0.2613,1.7763,-0.6459,-1.6876
44996.41191,-0.0109,-0.0966,0.2815,-0.5361,-0.0688,0.4389
45332.86821,-1.4833,-0.4155,-0.4741,-2.4657,-1.7398,1.7866
44785.58802,-0.0154,0.0926,0.7211,1.1203,0.0883,-2.4381
45240.21177,1.341,2.0998,-1.2985,-4.0614,-0.3413,2.0688
44854.28422,0.0346,0.1809,-0.4118,-0.2908,-0.142,-0.4747
45479.881,1.1117,-0.6157,0.2139,-2.1929,2.7409,-2.7574
44425.80734,-0.6172,-0.195,0.1569,-0.9052,-0.1199,0.0809
45257.12972,-1.9583,-0.7123,0.5852,-1.1874,-1.4321,-0.3336
45575.56655,0.7317,2.1406,-1.3139,-2.9662,-0.0553,2.6146
45339.23126,-1.8261,-0.6158,-0.3443,-1.2623,-2.6826,1.0249
45603.03874,0.8194,-1.1622,0.838,-1.1805,0.9765,4.2696
44997.13568,-0.1605,0.0252,0.1944,-0.4437,0.0135,0.0396
45189.06584,1.6959,-1.2325,0.9825,-0.8946,2.5299,-1.1358
45316.20163,-0.7168,-0.2598,0.2809,-2.8315,-1.7166,1.9243
44853.65093,0.2569,0.0314,0.0228,-0.0776,0.1143,0.1949
44956.54481,0.042,0.4589,0.3633,-0.0066,-0.5689,-0.239
44975.81497,0.6595,0.3358,0.518,-0.0434,-0.2618,0.0263
45036.43995,-0.5823,-0.1781,0.1694,-0.0969,0.305,-1.5289
45129.62651,2.5551,2.2753,-1.4761,4.6651,3.4566,5.5984
45308.05937,0.2091,1.6825,-0.4046,-1.6182,-0.0484,2.0538
45584.64354,-1.1848,-0.3498,0.2256,-2.0229,-1.784,2.1783
44494.20832,0.4438,0.2431,0.4775,0.3797,0.2248,0.1482
44537.72675,0.56,0.091,-0.0502,0.8406,0.1771,-0.4238
45495.68288,-0.9256,2.2092,-1.059,1.6423,-0.6781,-4.0604
44437.99193,-0.7277,0.2388,0.0213,0.3031,0.5354,0.2585
44607.66214,0.1442,0.2033,-0.609,0.89,-0.0845,1.3445
44834.62231,-0.0473,-0.0037,0.0402,-0.0817,0.0196,-0.0283
44824.48982,0.8054,0.2045,0.158,-0.8458,-0.0814,-0.368
44895.02596,1.3285,0.0506,0.0347,1.7531,-0.3403,0.1136
45491.2499,1.2543,1.7365,-0.1818,3.6834,0.7599,5.6166
45084.20847,-0.9855,-0.2048,-0.008,-3.2334,-1.9209,1.9522
45366.94509,-1.5569,-0.3822,-0.1204,-3.8124,-1.96,1.3169
44519.78265,0.3753,-0.2104,0.2168,0.507,0.4827,-0.0273
44365.18498,-0.0654,-0.2608,-0.3646,0.7405,0.371,1.4001
44360.02768,0.0446,0.2606,-0.1821,0.1824,-0.3365,-0.4241
44595.20712,1.8937,-0.6463,-1.016,2.5724,-0.4076,1.0201
44748.31451,-1.647,1.1938,-1.5829,-2.7015,-0.3582,-0.2816
45065.99368,0.9285,-1.8333,1.3233,-0.5545,2.1504,1.6459
45144.58442,0.7011,-1.079,0.7017,-0.7235,0.2228,3.5512
45200.85712,0.7987,4.0061,-1.0109,2.2806,-1.249,-5.0874
45521.55691,1.2922,-0.0696,0.0234,-3.1243,2.4666,-3.7607
44972.85963,0.1284,0.3315,-0.0623,0.1631,0.214,0.1318
45264.81972,0.9183,-0.3294,1.0262,-0.3078,1.8416,3.966
44478.19408,0.0097,-0.2317,0.8752,0.2654,0.4244,0.2576
45309.53703,1.4868,0.8082,0.3962,4.2795,-0.447,4.1965
44469.3877,0.1095,-0.1093,-0.1012,-0.5116,-0.2197,-0.3226
44657.7232,-0.5298,0.0541,0.5867,-0.861,0.3897,0.9714
44875.48423,-0.153,-0.1335,-0.0488,0.0218,-0.0916,0.4256
44494.50992,0.6211,-0.4103,0.3011,0.7401,0.0266,0.6446
44508.59395,0.8713,-0.1186,0.0319,0.8064,-0.1147,0.6372
45118.66425,0.7852,1.3117,0.0018,15.0335,3.5455,12.8278
45197.84146,1.0949,-1.5654,1.3007,-0.2698,1.6334,0.4541
44411.05898,0.3218,0.1553,0.1938,-0.5558,-0.0873,-0.0809
45573.8778,0.6835,-0.7749,0.7583,0.9854,0.9877,5.2351
45594.14269,0.5345,-1.4583,0.7448,0.3588,1.5746,2.3123
44529.28245,-0.5896,0.3849,0.0703,-0.8598,-0.2304,-0.2408
44449.75418,-0.1161,0.1684,0.1312,-0.2733,0.2775,0.2558
44784.59284,1.4292,0.7925,-0.3562,0.5851,-0.9912,-0.7698
45500.56818,1.289,1.7953,-0.8366,1.7588,-1.2669,-5.5909
45500.80944,0.3677,-1.2919,0.6938,0.421,1.051,3.1353
45612.53795,-1.7293,-0.4833,0.1002,0.6975,-0.1058,-1.0187
45348.06711,0.3862,2.6149,-1.3659,4.3506,-2.5759,-4.9021
45262.3167,1.1529,-1.2479,1.2805,-0.1454,2.1141,0.521
45285.26594,0.8972,4.1966,-1.8083,3.7207,-3.1768,-4.6721
44481.96391,-0.0841,0.0147,-0.2373,0.1849,0.0852,-0.2456
44786.82445,1.4914,-1.7354,-0.3449,2.181,-0.4116,1.2527
45482.56491,0.7611,1.9846,-1.2536,-5.521,-1.1326,2.122
44696.14326,-0.0993,0.0307,-0.2893,0.8094,0.0091,0.1343
44376.97734,-0.0263,-0.0102,0.0225,-0.0522,-0.1443,-0.2508
44472.82581,-0.0391,-0.2194,-0.0572,-0.1394,-0.174,0.2697
45466.0091,-2.2074,-0.5192,0.2435,-0.118,-0.9913,-0.7461
45489.92303,-2.3014,-0.6884,0.4682,-2.7568,-0.9498,-0.6026
44589.17566,-0.2875,-0.115,0.1089,-0.8054,-0.0515,-0.5367
45603.40062,-2.1853,-0.7241,0.4009,0.1424,-1.1139,-0.4664
45141.14651,1.3331,3.5501,-1.0357,2.0647,-1.0449,-5.1139
45445.74403,-0.0865,1.3186,-1.4679,-4.3144,0.2854,2.1159
45087.46544,-1.5595,-0.9413,0.262,1.2481,-0.2689,-1.4587
45460.61111,1.1475,-0.4342,0.4002,-2.4842,1.9962,-3.3345
45295.69513,1.5806,0.0058,0.4977,-4.8132,2.3552,-3.7915
45543.81219,-2.1791,-0.6586,0.123,-1.1756,-1.1247,-0.4875
44765.08159,-0.1599,0.1946,-0.0676,0.3716,0.1347,-0.3082
45600.14374,-1.4195,-0.97,0.4767,-2.695,-1.8691,-0.034
45601.98329,0.9985,2.2102,-0.6067,2.1005,-1.531,-5.6331
45100.61453,-0.5852,0.4505,-0.1317,-0.6797,-0.4314,1.1698
44390.73027,-0.2667,-0.3343,0.3859,-0.2734,0.0885,0.2673
44455.90666,0.3745,-0.3867,-0.5015,0.897,-0.412,-0.5104
45267.20208,0.7736,-0.6905,1.1593,-0.4165,1.4332,2.2803
44554.10243,-0.2084,-0.1362,0.1888,0.3191,0.1885,0.0163
44771.92712,-0.2293,0.3361,-0.3241,-0.4065,0.1206,-0.3659
45292.10644,-0.5462,0.1147,0.2395,-2.0711,-2.2618,2.2849
44965.13953,0.1705,0.0579,0.1715,-1.2266,0.0269,0.3585
45371.77015,-2.436,-0.6143,0.0154,-1.6543,-1.4554,-0.021
44364.06907,0.0587,0.2243,0.0687,-0.1341,1.0816,0.3422
45419.9,1.0127,-0.6937,0.1446,-2.7509,2.2844,-2.6043
44416.1561,-0.0776,0.1136,0.1595,-0.9444,-0.1585,-0.3611
44427.01371,0.6218,0.5827,-0.1707,0.934,-0.2274,-0.3357
44642.34305,0.662,-0.2269,0.2773,1.6323,-0.355,1.0033
45166.74977,1.4177,-0.5016,0.6082,-3.4185,2.5378,-3.1466
45477.61926,0.6247,-1.7431,0.6063,-0.3743,1.2663,2.462
45563.08193,1.1026,2.6467,-0.6248,5.4096,-1.8397,-4.7423
44847.07688,-0.2013,0.2107,0.0618,-0.3371,-0.1527,0.0556
44552.59454,-0.3769,0.4842,-0.0327,0.7865,0.0761,0.0332
44697.65109,-0.3784,0.2036,0.005,0.3253,0.1951,-0.3591
45388.74832,1.0386,0.3002,-0.4385,-1.4114,-0.1604,-3.9182
44648.76656,-0.2433,0.771,-0.5268,-1.0082,-0.2185,-0.6634
45133.09457,-1.8039,-0.7467,0.2352,-0.0211,-1.0474,-1.2159
44751.17936,0.1909,0.01,0.3383,0.0617,0.0013,-0.0956
45532.68458,-0.5553,3.048,-0.7149,1.5793,-1.2373,-4.2486
45023.28152,0.0458,0.1769,-0.0677,0.3683,0.6166,-1.8373
44853.62078,-0.0578,-0.0124,-0.0401,0.1754,0.0976,0.1191
44859.04892,0.1608,-0.0907,0.0614,0.0069,0.251,-0.204
45094.03996,1.3751,-1.4566,1.0679,0.2866,2.7866,-2.2029
45283.63751,-0.7289,2.536,-0.2296,-0.413,0.1303,-3.3553
45302.63117,-1.0463,-0.8316,0.4889,-2.093,-2.1689,0.4812
45350.2082,-1.5015,-0.6423,-0.3309,-1.802,-1.9459,1.6201
45427.86129,0.872,-1.1804,0.7152,-0.9811,2.2503,-1.107
45444.83935,1.4331,0.9974,-0.2523,2.8867,1.7985,4.9783
45317.81,0.0232,0.4659,-0.1736,-0.1131,0.3299,0.5761
44849.30844,-0.1812,0.0747,0.0477,-0.3288,0.218,0.191
45045.30605,1.008,-1.8042,1.2468,-1.0531,2.3603,3.7507
44782.27078,-0.0529,-0.274,-0.0531,-1.085,0.0666,-0.7747
45366.40226,0.9514,2.7501,-1.7041,3.2438,-1.9542,-5.9289
44970.0249,0.028,0.0596,0.3676,-1.0684,-1.9168,1.3785
44635.6783,0.302,0.1568,-0.0103,0.6971,-0.2577,0.3568
44426.13909,-0.002,0.4205,-0.0145,-0.944,0.4881,-0.1007
45085.35446,1.5516,-0.0158,0.4567,-3.9553,0.5791,-4.4208
45426.20267,1.1771,-0.0618,0.1399,-4.1433,1.1834,-4.2603
45376.02222,0.961,-0.341,0.0872,-4.8016,1.4318,-3.8754
45336.90918,-2.2413,-0.8033,0.0288,-0.443,-1.7845,-0.0529
45577.34577,-1.3807,-0.6519,0.3323,-3.0887,-1.8668,1.3891
45022.94977,-0.3569,0.2121,-0.0457,-0.1007,-0.3789,1.1741
44764.14673,-0.1171,0.0032,-0.0204,-0.1832,0.0909,-0.398
45039.94816,0.4253,0.2724,0.5223,1.1118,-0.1498,0.0362
44518.18427,-0.1947,-0.0199,0.0719,0.2746,-0.1764,0.159
45319.49876,-1.4859,-0.8834,0.5641,-0.9012,-1.8118,-0.6227
44756.72821,-0.2688,-0.0088,-0.0647,-0.7671,0.5507,-0.5568
45294.09681,1.3793,0.056,0.5739,-4.1982,2.3406,-3.3052
45495.98442,0.6014,-1.4365,0.8042,0.0533,1.5152,2.3094
45440.52699,0.6451,2.9034,-1.255,3.3196,-0.8989,-5.3359
45570.25908,-1.4045,3.2006,-0.2818,1.5153,0.1488,-4.3293
44899.18759,-0.0905,-0.0128,0.0924,-0.5067,-0.3727,-0.1537
45495.95427,0.6157,-1.7964,0.9648,0.5534,2.2313,0.7046
44449.18113,-0.1358,-0.283,0.1466,-0.1949,0.2854,-0.5366
44595.23727,-0.7958,-1.1302,0.366,-0.4215,-0.0044,1.6482
44563.84336,-0.2657,0.0801,-0.1823,0.244,0.1187,-0.2079
45221.68539,1.2619,-0.6544,0.7366,-1.5943,3.2908,-1.6765
44605.00828,0.3802,0.3363,-0.1652,-1.2071,-0.6376,-0.2828
44366.30088,-0.4594,-0.0549,-2.3031,-0.179,-0.4402,1.5052
44466.76387,0.1767,0.1168,0.1406,-0.369,0.1865,0.0133
44943.21576,0.3878,-0.524,0.6502,0.1915,0.3,0.3421
44596.56421,0.7471,-0.6583,0.2557,2.1779,0.3694,0.5602
44980.5496,-0.09,-0.3218,-0.0031,-1.0774,-0.0539,0.3474
45389.47206,0.4522,2.348,-1.0344,1.8062,-1.5165,-5.1627
44425.89782,-0.1138,-0.6721,0.1059,-0.886,0.2183,-0.5433
45456.41936,-1.4872,-0.414,0.1535,0.7325,0.1308,-1.9613
44577.02218,-0.2067,0.4026,0.1166,-1.0345,0.1019,-0.799
45431.17851,0.9559,-1.2152,0.7913,-0.767,1.8976,4.0578
44572.58905,-0.8605,0.408,-0.0132,-0.1758,0.054,0.358
44675.87776,0.103,0.0417,1.2292,0.5083,1.6494,0.2146
44634.47203,0.1132,-0.074,-0.2988,-0.0128,-0.1703,-0.0841
45506.17723,1.1219,2.5569,-0.7602,2.1955,-0.353,-5.1846
44621.14241,-0.1955,1.3856,-1.2186,-1.8381,-0.1861,-1.1038
45126.9425,1.7577,1.7307,-0.5042,0.0285,-1.2062,-5.9199
45082.73077,-1.8714,-0.9257,0.3214,-1.3538,-1.3013,0.3752
45191.50854,0.9196,-1.2736,1.2903,-0.2256,0.7473,1.6851
45505.96614,-1.8284,-0.7988,-0.04,-2.9524,-1.3551,-0.5492
45219.42366,0.74,-1.0598,1.0134,-0.7469,1.5056,3.5554
44654.19485,-0.0972,0.1131,0.0301,0.1643,0.2368,0.0742
44718.51968,0.4623,0.9175,-0.9755,-0.0592,-0.0167,-0.1986
45112.69296,-1.2863,1.1678,0.3765,-0.239,0.0763,-3.6999
45551.7734,-1.5621,-0.8684,0.5544,0.4512,-0.9543,-1.1055
44823.13275,0.3574,0.2659,-0.82,-1.4619,-0.2823,-0.3832
45602.82765,1.1489,1.327,0.2456,-0.1055,0.2332,-4.8045
44682.39166,0.6039,-0.0626,0.18,-0.2572,-0.2612,0.4336
44638.60358,2.0083,-0.3593,0.0946,1.1606,-0.7868,1.7278
44789.629,-0.2096,0.7536,-0.7232,-0.8189,-0.1456,-0.6883
44837.33638,0.4325,0.1229,-0.3569,0.3996,-0.5409,-0.2394
45328.88754,-1.2875,-0.1447,-0.3472,-2.3782,-1.5269,2.66
45372.58438,-2.4552,-0.4841,0.0834,0.6942,-1.0089,-0.2564
45456.84158,0.8023,-0.2709,0.274,2.1495,1.0123,5.0496
45472.25148,-0.4103,0.9494,-1.1275,-1.0391,0.1421,1.2249
45551.56231,-0.4291,1.3013,-0.5633,-1.0959,-0.7035,1.7191
44830.46076,-0.2731,-0.3584,0.0958,0.4805,0.2124,0.1322
45595.77113,0.5335,-1.3614,0.8611,-0.2724,0.9444,2.6052
44835.79839,0.0892,-0.1188,-0.1651,0.1685,0.2488,0.0165
44641.52881,0.2426,-0.4635,0.9066,2.7027,-0.1603,1.4842
44992.55188,-0.3655,-0.1155,0.3488,-0.604,-0.7121,0.372
45305.01353,-1.1745,-0.5859,0.2654,-2.0176,-2.0655,1.2885
45616.95087,1.731,0.7705,-0.6265,2.1526,1.8707,6.5845
44540.56161,-0.6639,0.4168,0.0344,0.5217,0.1356,-0.048
45085.71634,-0.5607,0.3736,-0.2769,-3.4793,-0.9924,1.7438
44489.775,-0.0388,-0.1749,0.1188,1.3411,0.5523,0.6653
44618.72985,-0.143,-2.1529,-1.0105,2.3286,-0.389,1.9622
44913.51187,0.2453,0.2899,0.3725,-0.4617,-0.1761,0.466
44921.29217,0.0389,-0.2046,0.1763,0.0978,-0.0515,-0.234
44876.90164,-0.5895,0.409,0.393,-0.743,0.0597,-0.7775
45017.4613,0.1834,0.3141,0.418,-6.5022,-1.7502,0.2369
44708.29649,-0.1309,0.4282,-0.2083,-0.2136,-0.0215,-0.1667
44902.02229,0.4518,0.1282,0.1022,-0.4618,-0.2847,-0.4215
45182.64243,1.4887,0.3416,0.2595,-4.3987,2.3562,-4.7364
45466.03925,-1.9082,-0.5075,0.2847,1.0336,-0.471,-1.4456
44825.6659,0.3429,-0.2378,0.1492,-0.0005,0.0912,0.0782
44869.99565,0.171,-0.0705,-0.0419,0.3822,0.0023,-0.1615
45372.01139,0.9791,0.7528,-0.5779,0.1336,-0.8499,-4.4604
44663.93558,-0.1468,-0.0535,0.5997,0.8661,0.6184,-0.1488
45462.4205,0.6282,-1.0111,0.5519,-0.4051,0.9796,4.5434
44837.42686,0.0427,-0.1117,-0.1783,-0.3584,-0.0804,0.1193
45528.04051,1.0783,-1.4331,0.6556,-2.3029,2.6492,-0.8939
44505.69873,0.0344,-0.09,-0.4032,-0.5596,-0.193,-0.4508
45093.34629,0.8362,-1.3956,0.9704,-1.37,0.8349,2.5496
44423.84693,-0.4688,-0.4215,0.2517,-0.0417,-0.0759,0.7337
45086.40994,3.1311,2.751,-2.6129,-3.0554,0.2844,3.0075
45513.53536,0.9724,-0.0876,0.472,-3.8877,1.9613,-3.3494
45581.41682,-1.5163,-0.5165,0.2407,-2.8465,-1.6935,1.1693
45615.43297,0.8417,0.2917,-0.1122,0.3512,0.1003,-5.0595
44434.13145,0.3178,0.3069,0.215,-1.0294,-0.7807,-0.2129
45226.46026,1.494,-0.9686,1.0171,0.2807,3.1382,-0.7565
45159.30103,-1.8103,-0.7691,0.3849,-2.2563,-1.9756,0.2749
44431.68848,-0.7368,0.5916,0.3477,-1.3355,0.445,-0.0833
44966.79815,-0.0733,0.2163,0.1012,0.2319,0.7283,-0.013
45025.24175,-0.2275,-0.1625,0.151,-1.0122,0.0296,-0.2209
44833.32558,0.2788,0.1193,-0.4931,0.1451,0.4637,0.5058
45391.58301,-1.4121,-0.3185,-0.2412,-2.903,-1.9186,2.0061
45006.0319,0.0483,-0.0402,-0.0572,1.1509,-0.1194,-3.0482
44397.7277,0.0583,0.1053,0.0483,0.3082,0.522,-0.1245
45603.43077,-1.6534,-0.7407,0.4504,1.1892,-0.6713,-1.3068
44761.1914,0.4447,-0.0111,0.216,1.3006,0.4633,1.0453
44918.33688,0.0598,0.1113,0.0948,-0.2099,-0.1082,0.0123
44706.15535,0.3342,-0.5013,-0.5624,-0.5009,-0.0536,0.3899
45212.10561,1.4753,0.7356,0.0132,-2.1689,-0.6473,-4.0394
45294.3682,3.6877,3.048,-2.6356,-4.0434,-0.6692,4.2077
44726.39057,-0.3016,0.2708,0.0769,0.3675,0.0786,-0.3802
45591.06678,0.2418,1.5926,-0.9976,-3.4915,0.176,1.4124
44955.21794,0.1275,0.3064,-0.116,-0.1698,-0.1384,-0.2949
45177.69674,-0.6176,3.024,-0.3372,-0.4487,-0.1577,-3.7073
45358.13938,-1.8754,-0.5098,-0.13,-0.9212,-2.0495,0.6386
44462.57178,0.3631,-0.0823,0.3004,-0.2551,0.2694,-0.325
45060.68607,0.7533,-0.7749,0.3436,0.2385,0.0892,4.3579
45413.59728,0.6305,-1.3646,0.5526,-0.2621,1.1755,3.545
44596.0817,0.7748,-0.8887,0.4083,1.3995,-0.0927,2.0766
44748.07324,-0.2559,0.675,-0.3323,-0.4174,-0.2479,-0.3559
45131.01374,1.4352,-1.3012,1.0818,0.3434,3.7481,-2.138
44930.0978,0.0722,0.2093,0.181,0.2621,0.0142,0.2277
44638.03058,-0.1752,0.5098,1.2096,0.2986,0.0531,-0.511
45121.30306,-1.3698,-0.0127,0.4749,-1.0251,0.08,-3.365
45298.25842,0.8572,-0.6625,1.1774,-0.3736,1.9466,4.2961
44775.78714,-0.492,0.3277,0.2615,0.1281,0.1239,0.207
44673.58583,0.6136,-0.4451,-0.0908,1.7963,-0.4894,0.8495
44459.13368,0.1093,0.2554,0.6007,0.2469,0.4287,0.1057
44632.57206,0.2318,1.3222,0.0395,-0.6589,0.1284,-0.7181
44480.12425,0.1877,1.0607,-1.1731,-1.044,-0.8035,-0.3265
44936.34015,0.133,0.0524,-0.2013,5.9561,-1.788,-1.4106
45624.74141,0.2291,-0.1298,-0.0409,1.1706,-0.1903,-0.6871
44469.77977,-0.2415,-0.0689,-0.1605,-0.5233,-0.087,-0.1932
44743.51959,0.5039,-0.0309,0.0292,0.5277,-0.3896,0.5459
44837.69825,0.0146,-0.4347,-0.0487,1.1152,0.3207,0.5948
44896.65441,-1.4675,0.6347,-0.3068,-0.1251,0.5135,0.4385
44679.79814,-0.1436,-1.0065,0.0775,0.3369,-0.0071,0.6694
44503.55747,0.4308,-0.0816,0.0954,0.5719,0.0916,-0.2012
44652.26478,-0.2354,0.0036,0.3399,-0.3665,-0.4829,0.112
44734.38208,0.6111,-0.6497,0.5445,-0.084,0.7212,0.1588
44911.73263,-0.1469,0.0342,0.1229,-0.2306,0.0254,0.3502
45085.44491,1.0235,-1.9228,1.2016,1.1317,2.0819,-0.3953
45125.82666,-0.7728,0.4264,-0.0778,-1.5301,-1.7929,2.0602
45150.31428,2.5893,1.5592,-2.5094,2.2611,2.6609,4.215
45219.39351,0.8049,-1.4272,1.2935,0.192,2.2197,1.9469
45274.53015,3.1416,2.2041,-2.4183,-0.6794,2.0568,5.1479
45367.3673,1.0617,-1.699,0.8085,0.7378,2.3416,-0.6324
45415.34635,0.884,1.3953,-1.4542,-4.1649,-0.3636,1.7894
45117.18652,-0.6628,0.4927,0.0665,0.385,-1.3941,1.4185
45355.2745,1.186,-0.0066,-0.2242,-3.9179,0.4746,-4.3113
45186.35171,-1.8894,-0.7964,0.6497,-2.1085,-1.518,-0.2338
44604.34483,0.4248,0.3443,-0.3165,-1.2913,-0.1574,-0.8269
45556.05557,1.0739,-1.3656,0.7659,0.562,2.6171,-1.6681
44455.75587,0.0786,-0.1048,-0.3739,0.8076,-0.1422,0.1172
44483.35122,0.3231,0.1885,-0.0263,-0.0537,0.1465,-0.1428
44963.93323,0.0593,-0.115,0.4018,0.709,-0.0951,0.1377
45075.40268,0.6409,-0.8004,0.1954,-0.1664,-1.5423,3.4147
45038.61622,-0.5956,-0.0183,0.1997,-2.5245,-2.3974,1.9453
44364.34053,0.1572,0.1512,-0.2187,-0.0408,-0.0521,-2.2908
44414.61792,0.0266,0.2103,0.3725,0.9098,0.2237,0.2848
44455.09235,0.0137,-0.0866,0.2148,1.6819,0.5718,0.544
44631.09437,0.2085,0.995,0.0794,-2.578,1.4537,1.2146
45147.75093,0.9103,-1.2266,1.0126,-0.0159,0.8871,3.0362
45176.21903,1.2772,1.5786,-0.4483,0.1076,-0.7811,-5.5017
44876.08739,0.3993,1.4166,0.166,-3.0614,-0.5782,-1.6677
45593.63002,-1.0904,-0.2734,0.22,-1.8021,-2.1879,1.8675
45319.6797,2.0368,2.5502,-1.0102,0.1638,-2.3768,-4.7017
44420.7103,-0.0015,-0.2218,0.1118,0.1495,0.1312,0.1152
45406.4502,0.3788,-1.5364,0.4608,-1.4477,0.9849,3.3228
45509.85629,-0.2809,1.4156,-0.681,2.0808,-1.9939,1.0686
45374.63502,0.7641,-1.1375,0.3851,-0.0465,1.0852,5.2987
44976.35781,0.1534,0.0153,0.2379,-0.5281,0.1854,0.6056
45256.37582,-1.2197,-0.8213,0.8741,0.573,-1.1601,-1.2278
44863.4819,0.9581,-0.1229,0.1371,0.3978,0.0739,-0.5118
44367.98979,-0.0924,-0.0334,0.328,1.0288,0.1297,1.5185
45185.23594,0.6915,-0.7954,0.7679,-0.6826,0.2732,3.496
44701.9937,-0.1489,-0.3656,-0.1369,1.405,0.1396,0.6516
45301.75661,-0.9829,-0.5011,0.5128,-2.8183,-2.895,1.9743
44973.94526,-0.1508,-0.062,0.1916,0.0099,0.0949,-0.0052
45396.04619,1.0562,-1.9374,1.0557,0.832,2.3095,-0.6999
45481.14756,-1.9463,-0.7943,0.3193,-3.1019,-1.9219,0.5031
44564.17508,4.5811,1.0167,0.8003,5.182,1.2658,-2.1802
44456.99239,0.1802,-0.3718,-0.2257,-1.0377,-0.3883,-0.2849
44733.50757,-0.3439,0.2114,-0.2345,-1.2058,-0.3131,-1.0868
44820.44882,-0.7652,-0.6137,0.9857,1.3939,0.3726,-0.0323
44823.01214,0.5687,0.2973,-0.3692,-1.9373,-0.284,-0.4319
45025.06081,0.0853,-0.2076,-0.8169,-1.0064,-0.864,0.0484
45221.26321,-0.787,0.0578,0.2765,-1.9773,-1.5952,2.6814
44868.5783,-0.5481,-0.4242,-0.2165,-0.596,-0.1326,0.6117
45390.46723,0.8851,-1.7679,1.1698,0.3728,1.9111,0.1404
45508.10724,0.8771,-0.854,0.1383,0.7616,0.5705,4.8381
45569.38456,-1.6868,-0.7917,0.4978,1.3931,-0.4168,-0.85
44848.64501,-0.1249,-0.3638,-0.4027,-1.2297,-0.2526,0.4655
44486.5179,0.1751,-0.1379,0.0469,0.1114,-0.2386,-0.3358
45588.59395,-0.3105,0.4343,0.3036,0.6871,-1.5964,2.3875
44579.76653,0.6944,-0.4127,0.0403,0.2014,-0.1342,0.1239
45238.61349,1.3176,2.0569,-0.9327,-4.6848,-0.5647,1.5519
44975.33249,0.2484,-0.2167,0.2209,-0.5282,-0.2965,0.4683
44357.19269,-0.0026,0.0277,0.0152,-0.0894,0.0431,0.0383
44597.31818,-0.3314,-0.2167,0.0393,0.6814,0.4219,-0.5184
45251.06822,1.6326,-0.7246,0.5645,-2.4516,2.1944,-2.9425
44410.15416,-0.1705,0.0148,0.0551,-0.9632,-0.1951,-0.1229
44468.36231,0.3634,-0.1091,0.1483,0.6222,0.0656,-0.0174
45252.21417,-0.7102,-0.0564,0.2011,-1.7609,-1.9977,2.0049
45227.60621,-0.9161,-0.1159,0.1963,-1.8644,-1.5521,1.5588
45252.39515,-1.0849,-0.701,0.6948,0.5928,-0.8343,-1.9248
44689.17695,-0.7363,0.069,0.0589,-0.0485,-0.1648,0.0656
44770.35899,-0.5034,-0.3544,-0.9153,3.0605,1.4624,0.4967
44917.10046,0.414,0.3505,0.1762,-0.236,0.5524,-0.0566
45334.94901,0.619,-1.5491,0.6348,-0.6791,1.6909,2.7568
45035.64582,0.364,0.3429,0.5585,-0.9688,-1.1242,-4.0018
45299.34407,-0.8389,-0.5875,0.4959,-3.789,-2.0672,2.0221
45382.95823,-1.5838,0.0357,0.0558,1.8626,0.325,-3.0911
45401.56485,1.1442,0.0203,-0.0061,-3.4404,0.9405,-4.3789
45445.05044,-1.3504,-0.5251,-0.1637,-2.8883,-1.9718,1.8025
44918.48767,1.9151,-0.3095,0.422,-0.577,0.3745,-1.0263
45539.56016,2.984,3.6622,-2.3857,-3.4488,0.6524,3.1862
44979.49409,-0.2029,-0.54,0.0377,0.0989,0.1513,-0.0378
44549.03594,0.2022,-0.4806,0.3487,-0.0009,-0.0215,0.025
44832.87325,-0.1001,-0.0222,-0.1453,0.0418,0.2263,0.459
45382.20433,-0.7783,2.4683,-0.9557,3.6123,-0.8163,-4.1177
45403.94722,1.1035,-0.9861,0.0055,1.4686,3.7794,-1.8689
45443.39184,-0.9536,0.6537,-0.8167,-2.0891,-0.5334,2.5715
45465.64722,0.6501,-1.0815,0.8313,-0.6519,1.0008,4.247
45391.97504,1.2681,-0.7108,0.5191,-0.6797,1.5827,-2.8068
44479.30992,-0.8443,-0.0251,-0.0391,-0.4935,-0.2929,0.2577
45159.08995,2.866,2.3655,-2.4649,-2.3318,0.381,3.0594
44737.24702,-0.0784,-0.8005,0.2035,0.1113,0.2136,0.89
44418.90068,0.9819,0.0621,-0.2164,-0.0899,-0.0207,-1.1633
45271.12245,1.3969,-0.7351,1.0632,-0.2942,2.2603,-2.1702
45624.43983,0.1119,-0.1631,0.0589,1.3519,-0.3841,-0.5685
44940.83342,0.1099,0.1339,-0.0625,-0.3117,-0.1656,0.3711
44381.98384,0.2037,-0.1237,0.2233,0.9572,-0.4135,-1.3072
44576.02702,0.2027,-0.1276,0.0001,-0.7412,0.1754,-0.6547
44673.76679,0.6266,-0.2033,-0.4167,1.262,-0.2435,0.3822
45427.10738,0.9915,-1.8713,1.0625,0.8376,1.859,0.4294
44692.64502,-0.8462,-0.5671,0.5198,-0.0612,-0.2599,1.0841
44399.71832,-0.0238,-0.8589,0.5804,-0.5696,-0.6173,0.3002
45574.51107,1.2645,-0.7924,0.7142,-1.965,2.8465,-1.5894
45518.99366,-0.123,3.0572,-0.9529,3.0831,-2.0203,-4.6643
44499.39559,-0.0361,0.0965,-0.0183,0.3185,0.063,0.2721
44829.52591,-0.0157,0.3704,-0.2825,-0.4405,0.0582,-0.1151
44711.61376,0.322,-0.3219,-0.2027,-0.1671,-0.044,0.4749
45300.94237,-0.8632,-0.3505,0.5124,-3.3441,-1.5495,1.5676
45531.32753,0.6484,-2.153,0.6608,-0.2793,1.8468,1.3167
44618.5489,-0.1084,1.8922,1.5898,-1.4271,0.2003,-1.0266
45305.97855,-0.9982,2.9578,0.2726,-0.4417,0.0676,-4.7067
45198.05255,0.7493,1.7577,-0.8418,-4.0538,0.4776,1.6097
45327.19875,0.5643,1.7833,-1.4092,-3.5295,-0.7837,1.879
45158.27571,3.6534,2.8165,-2.9907,-0.4417,1.5304,3.6308
44730.52207,0.0376,-0.279,0.3398,-0.1224,0.0039,-0.3675
44961.85241,0.0547,-0.1566,-0.2942,-0.1389,-0.1624,0.4259
45365.8293,0.6948,-1.6047,0.5598,-0.5866,1.7347,2.5294
44640.80506,0.1224,0.326,-0.1185,-0.3879,0.0704,-0.7064
45334.70777,0.8073,2.4299,-1.5352,5.3213,-1.8833,-5.2037
45578.73295,1.8088,2.0518,-0.3765,5.0849,1.4461,5.1646
44534.95218,0.2732,-0.2006,0.1509,-1.0271,0.029,-0.2529
45285.23576,-0.4932,3.3765,-1.7013,1.2669,-2.3018,-3.5745
45036.07303,0.1401,-0.1028,0.2135,0.0108,0.8774,0.2135
44962.93807,-0.3038,0.1542,-0.045,0.0533,-0.0931,-0.3541
44596.38327,-0.0154,-0.1654,-0.1399,1.1736,0.0964,0.4156
44810.94956,-0.1231,0.1525,0.0835,-0.0213,0.502,-0.3423
44608.44619,0.4542,-0.2126,-0.4065,0.3206,-0.0152,-0.0387
44831.60666,0.395,-0.4495,0.3642,0.0925,0.3122,-0.3115
44955.76075,-0.0872,0.3583,0.0841,0.7471,0.3661,-0.3691
44893.63872,0.1007,-0.0014,-0.2753,-0.3707,0.105,-0.1307
44932.35951,0.1782,0.0626,0.4019,-0.3232,0.6203,-0.9065
45286.17066,1.6773,0.5324,-0.0776,-2.7216,1.1612,-4.6673
44529.85546,-0.1935,-0.0125,-0.1375,0.2761,-0.0601,0.1812
45321.92135,-1.3617,0.0801,0.1149,-1.0925,0.7576,-2.4199
45335.37122,-2.1921,-0.6004,0.0818,0.6433,-0.2241,-1.5127
44590.35179,0.3099,-0.1189,-0.1296,0.1586,-0.0307,-0.3364
44729.04435,0.5444,0.0975,0.1547,0.8568,0.2836,-0.4059
45348.91148,0.9304,0.705,-0.4579,-3.0531,-0.2588,-4.5157
45363.38662,0.7705,-1.969,0.9915,0.4389,1.6795,-0.2602
45019.57222,0.5914,0.3459,0.2599,0.9993,4.7442,1.7336
45441.58244,0.5718,-1.3288,0.7665,-0.223,1.4858,2.9216
45612.35701,-0.7087,0.2962,-0.1732,-4.057,-1.4119,1.6191
44842.34233,-0.4111,0.0394,0.0183,-0.3899,0.0085,-0.3978
44394.74173,0.1371,-0.0653,-0.1816,1.3206,0.0421,0.1717
45230.86315,-1.6018,-0.7403,0.4452,-1.7654,-2.3784,0.7624
45542.75671,2.1741,2.0887,-2.1865,-0.9756,0.7324,3.7023
45129.56621,0.6727,-0.8784,0.8788,-0.0621,1.2719,5.0134
45473.63866,0.5108,-1.5071,0.697,-0.6054,1.2926,3.0256
44393.35428,-0.3103,-0.3046,0.1981,1.3783,-0.0866,0.7045
45534.85582,-1.0028,0.0594,0.0736,-2.4165,-1.1864,2.0518
44618.88064,0.3291,0.147,0.1009,1.0186,-0.1503,0.1922
45392.45757,-2.5987,-0.586,0.2195,-1.3664,-1.3586,0.6539
44768.70035,0.1305,0.145,-0.4002,0.2302,-0.335,-0.0787
45560.12664,0.5562,-1.7096,0.9052,-0.2546,1.68,2.9765
45497.25101,-1.3803,-0.3651,0.3204,0.0975,-0.0994,-2.7382
44638.27185,-0.2256,0.1782,0.5477,1.087,-0.2028,0.1577
45475.62896,-1.9841,-0.6378,0.1934,-0.0331,-0.764,-0.1186
44800.24408,-1.1164,-0.1237,0.4697,-1.0289,-0.7488,-0.4171
45207.79317,-0.9358,-0.4454,0.3034,-3.3208,-1.721,2.1515
44739.35796,0.2457,-0.0443,-0.1669,-0.2672,-0.2572,-0.0167
44357.25303,0.0175,-0.0453,0.0199,-0.1613,0.0115,0.0112
45150.19364,0.6728,-0.9157,0.9929,-0.7182,1.6383,3.673
44758.20588,-0.411,-0.342,-0.0334,-0.6771,-0.867,-0.2175
44478.04326,-0.2152,-0.2306,0.0337,-0.8521,0.0705,-0.0203
44485.37186,0.0876,-0.1879,-0.0089,0.1301,0.1643,-0.0633
44737.97078,0.42,-0.3155,0.1944,1.4405,0.6974,0.2515
45523.96945,1.0252,-0.0923,0.0931,-5.1528,1.4855,-3.331
44697.92253,0.2135,-0.4056,0.2596,-1.2184,-0.3089,-0.7381
45150.25397,0.7305,-0.4879,0.7248,0.0849,1.223,4.8689
45279.14413,0.9763,-1.1775,1.059,-0.0083,1.8973,1.2447
45550.8687,-1.3317,-0.3903,0.206,-2.5518,-1.9877,1.1985
44379.29962,0.0561,0.0596,0.1863,-4.5935,1.7928,3.1313
44485.16074,-0.6089,-0.1671,-0.3707,-0.8675,-0.2133,-0.0674
44570.74942,-0.5654,0.8301,-0.0326,-1.4569,-0.6769,-0.6299
45602.58641,-1.7632,-0.9308,0.094,0.165,-1.3226,-0.5846
45617.64951,0.0972,-0.1948,0.0677,0.3879,-0.9193,-3.6498
45173.02243,1.6947,1.9824,-0.8585,2.4455,-2.2539,-5.2412
44709.26153,-0.2316,0.5172,-0.3027,0.4318,0.2081,0.5214
44826.9023,0.463,-0.0553,0.0779,-0.3901,-0.2198,0.0668
44476.71628,0.0505,0.0025,0.2148,-0.5293,-0.1283,-0.2438
45475.05597,1.3008,0.6461,-0.1945,-2.4456,-0.086,-5.0837
44834.7731,0.2937,-0.125,0.5127,-1.5946,0.6366,0.8108
44617.3426,0.3795,0.0644,0.2005,0.2872,0.3462,-0.2361
44483.59247,0.2404,-0.0423,-0.2272,-0.0138,-0.0001,0.2049
44824.00731,0.5426,0.4351,0.2529,-1.3614,-0.5542,-0.5262
44403.94097,0.1102,0.2581,0.1378,-0.4887,0.1381,-0.3016
44573.37314,-1.6725,-0.9411,-0.1012,-0.4109,-0.7602,0.926
45221.80603,0.6958,-1.0468,0.9086,-0.8579,1.7378,3.5794
45345.98633,0.4992,-1.1969,0.2965,-0.8478,0.4509,5.0405
45480.18258,0.506,1.9532,-1.1247,-4.3609,-0.6771,2.0135
44837.09513,-0.1805,0.1018,-0.0507,0.8071,0.3433,0.4705
45077.24223,-1.4576,-0.9833,0.0927,0.2708,-1.8022,0.0206
44913.02939,1.5752,-1.0477,1.6848,5.9529,1.1635,1.3303
44948.64391,0.0655,0.0855,-0.2395,-0.0503,-0.023,0.6014
44644.63502,0.0137,-0.1814,-0.0498,-0.2671,0.0427,-0.1492
44736.7645,-1.2921,0.3506,-0.2685,-0.3621,-0.1032,0.348
45533.348,-1.9912,-0.6557,0.3038,-0.0047,-0.9715,0.2403
44401.10579,0.1356,0.2588,0.1148,1.3389,0.4393,-0.3141
44654.52658,-0.1361,-0.0493,-0.3116,0.5014,0.3098,0.2656
45281.2551,-0.6916,3.2844,-0.1756,1.5607,-0.3586,-3.8538
44476.95755,0.6098,0.2001,0.4281,-0.1581,-0.0425,-0.3957
44902.68571,0.6375,-0.2842,0.4448,-0.8806,-0.7017,-0.2058
44749.52077,0.3284,-0.0179,-0.4117,-1.4205,-0.7543,-0.2615
44749.85251,-0.3011,0.4883,-0.5082,0.4055,0.0421,0.6078
44909.92326,-0.0917,-0.0388,0.1561,0.5848,0.0382,0.4134
44508.29235,-0.4833,0.4227,0.4976,-0.9464,-0.0816,-0.5499
45151.73161,1.2196,-1.3943,1.4192,0.5142,1.9735,-0.8451
45485.24882,-1.4797,-0.4404,0.5095,1.6335,0.4817,-2.3832
45261.65324,1.8512,1.3445,0.2299,4.7909,1.104,6.4399
44810.52738,-0.6745,0.2718,0.5955,-0.0327,-0.3881,-0.7661
44416.57836,-0.3253,0.0128,0.1726,1.1478,-0.0006,0.9412
45316.50322,1.1843,2.2493,-0.4141,3.1085,0.1758,-5.8821
45467.24553,0.7631,-1.0556,0.8319,-0.2373,1.5744,2.7811
45238.55319,2.0308,2.5733,-0.4426,5.8933,1.6731,5.8316
45164.88006,-2.0407,-0.763,0.495,-1.9406,-1.493,-0.7661
44816.01585,0.4192,-0.0996,-0.088,0.2705,0.4416,0.1892
45608.19546,-1.9645,-0.4574,0.598,-0.108,-1.2863,1.4347
45116.46275,-1.0039,-0.4035,0.2352,-3.9951,-2.6114,1.9418
45597.49001,2.9166,2.7034,-2.3644,-3.5595,0.0483,3.5398
45017.40097,0.0245,0.2226,-0.0044,-5.4169,-1.0766,2.1343
44733.35678,-0.3099,0.2276,0.0361,-0.0616,0.1273,-0.1708
45029.01135,-0.033,-0.1667,0.0514,-2.8652,-0.5091,1.0359
45145.03679,-1.1687,0.1361,0.4347,1.8397,0.161,-2.642
44399.17546,0.7575,-0.0038,0.2969,-0.3961,-0.5029,0.159
45005.15735,-0.0497,-0.1282,-0.0332,-0.5001,0.1452,0.8566
44805.6722,0.6293,0.1851,0.2717,-1.2801,0.114,-0.3596
45355.30465,1.0282,-0.6578,0.0894,-2.4633,1.4615,-3.0699
45605.66232,-0.6942,0.556,-0.2965,-1.7331,-1.1415,2.3642
45491.37053,-0.3737,1.0698,-0.5032,-0.2201,-0.3091,2.182
45460.21906,-1.2222,-0.0923,-0.1651,-3.1411,-1.2515,1.906
45123.74583,0.8848,3.9796,-1.0539,2.9324,-1.6055,-5.7587
44765.23238,0.6229,0.0487,0.0454,0.1995,-0.0026,-0.9212
45426.17252,1.2323,0.6147,-0.3948,-2.7222,-0.1283,-5.1186
44891.61821,-0.7319,0.9169,-0.7798,-0.3496,-0.4445,-0.3872
44654.07421,-0.3803,-0.0629,0.1187,0.0274,0.0096,-0.1919
45384.07404,0.7666,-1.7937,0.8461,1.8363,1.2937,1.3966
45298.56001,-1.4284,-0.8222,0.6635,-2.6096,-1.7658,-0.0417
45110.51153,-0.2605,-1.0167,0.3283,-0.1052,6.0741,3.1989
44883.53618,0.5105,-0.2254,0.0512,0.0363,-0.16,-0.0787
45588.86539,-1.0389,1.9492,-0.012,2.2324,-0.0703,-2.5256
44578.46976,0.4507,-0.2749,-0.2194,-0.821,-0.2952,-0.1599
44410.51611,0.1232,-0.0396,0.0889,-0.8731,-0.1672,-0.0498
44826.35949,0.512,-0.036,-0.1562,0.2269,-0.0928,-0.3699
44523.28098,0.3376,0.2084,-0.2492,1.3366,-0.0215,-0.1294
44517.70176,-0.4037,-0.2743,-0.2338,0.45,-0.0231,0.7668
45622.66058,0.2903,0.2682,0.3799,-0.1229,0.6613,0.539
45522.0696,-1.8085,-0.6381,-0.0804,-1.4301,-1.2855,0.1388
45066.627,1.6007,0.4745,-0.0386,-2.3152,-0.2221,-5.107
45050.91524,-1.8906,-0.7915,-0.0131,-1.3895,-2.0053,0.925
44651.99338,-0.371,0.1848,0.4534,-0.9127,-0.0757,-0.0215
45058.18308,1.4669,-1.0794,0.7585,-1.8857,3.075,-3.2753
44421.19287,0.3088,0.3409,-0.1184,-0.0586,-0.1145,-0.0538
45245.15749,-1.4361,-0.8051,0.2925,-1.9535,-1.6809,0.5588
45110.75281,0.8564,0.397,-0.9021,2.4367,-2.1924,-4.6418
44882.90288,-0.2186,-0.1916,0.2915,0.3611,0.3242,0.6184
44401.76932,-0.0046,0.1895,-0.0561,0.2886,0.1068,0.019
44566.4369,0.2173,-0.0578,-0.1038,0.0291,0.0457,0.1753
45186.86438,1.4458,1.2199,0.0081,4.3463,-0.7895,5.0861
45265.00066,-0.2996,0.7891,-0.0654,-2.3476,-0.5207,3.274
45627.66663,0.0024,0.0158,0.0138,0.034,-0.0227,-0.0007
45603.82281,0.5125,-1.203,0.8226,-0.6669,1.2277,4.0187
45143.6194,1.6457,-0.1362,0.2983,-3.1843,1.8859,-4.5833
45028.4685,0.454,-0.4642,-0.1608,0.5572,-2.2988,3.1019
45169.01156,1.8759,1.8602,-0.8134,2.0705,-1.6651,-6.494
44566.73849,0.232,-0.09,0.0579,0.5094,0.6768,-0.3264
44797.92199,0.4493,0.0782,0.0125,-0.7451,-0.0927,-0.1776
44913.81344,-0.0745,-0.0056,0.1054,-0.8289,0.3022,-0.2411
44543.84882,0.447,0.2619,-0.0346,-0.9711,0.4467,-1.3183
45134.42149,3.3391,2.7012,-2.6015,-2.2576,0.8276,3.8211
44362.19917,0.0782,-0.0825,-0.2647,-0.3738,0.2657,1.1573
44384.03468,-0.0837,-0.0541,-0.0054,-0.0909,0.0362,-0.3875
45012.96793,0.1552,-0.2983,0.417,3.9707,1.8839,3.2017
45161.17075,1.7034,0.0318,0.165,-2.9357,2.4809,-4.7828
44536.64105,-0.147,-0.0578,-0.1051,0.1554,0.1065,0.4262
45213.40233,-1.0495,-0.5855,0.346,-3.055,-2.1584,1.7164
45144.28285,0.4397,3.774,-0.8582,2.1412,-1.3665,-3.6648
45379.55053,-0.7019,0.9814,-0.8474,-0.8381,-0.6002,3.5567
45559.31243,0.8844,-1.7696,1.1493,0.1927,2.1038,0.6978
45174.86196,0.7017,-0.9215,0.9095,-0.725,0.8318,3.6958
44995.56756,0.5402,0.0195,-0.1536,-1.2513,-1.0735,-0.4027
45079.68496,-1.2115,0.758,0.3418,0.8157,-0.056,-2.5241
45563.86596,-0.1968,3.0523,-0.3862,2.9924,-1.4284,-6.2922
44816.10634,0.1891,0.0042,0.1615,-0.288,-0.3777,0.2915
45312.88444,0.1898,1.3348,-0.3601,0.4345,-0.0921,1.5149
44788.09101,0.8923,-0.3258,-0.0071,0.7741,-0.1243,-0.0368
45201.1587,0.7613,-0.7352,0.7772,-0.6067,0.521,3.9301
44742.73551,0.0242,-0.1612,0.3447,1.4786,0.2868,0.1361
45599.17878,-0.4228,1.6219,-1.0478,-3.4166,0.3264,2.542
44543.27582,-0.5743,0.4665,0.012,-0.1129,0.1392,0.0314
45005.45889,0.158,-0.1035,0.2557,-3.9717,1.1018,3.1193
44630.18963,-0.0137,-0.0175,0.0603,-0.5396,-0.0636,0.3117
44839.02513,0.3125,-0.0364,0.2288,0.067,0.0844,-0.0843
45086.31948,0.8088,-0.8809,0.7965,-0.5773,1.1551,3.9626
44902.32386,0.215,-0.2454,0.3168,-0.1869,0.0734,0.1634
44988.5109,-0.3316,0.0309,0.2616,-0.8015,0.5418,0.6859
45122.87125,-1.7032,-0.7754,0.689,0.6025,-1.4488,-1.5293
45451.2325,0.4765,-1.0216,0.5762,-0.1264,1.0022,4.6327
45620.54963,-0.1692,-0.2918,0.1503,-0.377,0.5225,1.2115
45293.55399,2.1298,1.9507,-1.7188,-1.4946,0.6797,3.8274
44937.3353,0.1388,0.1483,-0.0278,-0.3363,0.3955,0.5036
45358.65205,0.5219,-1.2576,0.5905,-1.1715,1.167,3.6988
44938.96374,-0.073,-0.001,0.1277,-0.424,-0.0602,0.1792
45556.93009,0.6401,-1.5134,1.0174,0.0048,2.221,2.367
45587.93053,-2.0967,-0.5267,0.6491,-0.3093,-1.7653,0.6715
44798.6759,0.5718,-0.0629,0.6269,1.4714,-0.1188,1.0797
44908.23452,0.0805,-0.0816,-0.0197,0.998,-0.0381,0.3459
45559.8854,0.2497,4.0709,-1.089,3.6344,-1.1011,-6.3381
44376.28368,-0.1313,0.0951,-0.0203,0.1662,0.3113,-0.0129
44744.24335,0.2778,0.0412,-0.0588,-0.2342,-0.3101,-0.4459
44945.62824,-0.1668,-0.0545,-0.1178,0.8335,0.1531,0.4648
44400.83434,0.1866,-0.3094,0.4301,-0.3733,-0.0383,-0.1808
44798.01248,-0.2912,-0.5763,-0.3466,-0.701,0.0904,0.549
45016.85815,0.1771,0.0133,0.3565,0.639,1.8933,-2.4231
44386.26646,-0.0366,0.0348,-0.1787,-7.9432,-0.4942,1.0274
45050.34227,0.8411,3.9864,-0.9837,3.7959,-1.7566,-4.6796
45397.52387,1.1593,0.5212,-0.3581,-1.2543,0.3241,-4.2973
44611.34127,0.1637,0.3529,0.1558,3.3275,1.196,0.7133
44509.83043,0.5672,0.11,-0.1335,-0.9604,-0.3572,-0.8707
44438.29353,-0.3013,-0.0627,0.2811,0.1034,0.0041,0.4842
44831.33527,-0.1483,-0.0042,-0.4906,-0.7399,-0.1078,-0.4793
45197.87162,0.9109,-1.3071,1.1363,-0.9639,0.8683,2.1856
45246.42409,0.8827,-0.9438,1.0266,-1.2625,0.9023,3.2604
45369.26714,-1.1641,0.2379,-0.2635,-3.6193,-1.7159,2.3939
45460.94284,-0.1317,1.2844,-1.5111,-3.2821,0.3483,2.2012
44572.52872,-0.3598,1.4738,-0.1385,-1.6971,0.0687,-1.952
45470.44207,0.587,-1.5577,0.8413,-0.3302,1.9059,1.7888
45348.76072,-1.4788,-0.5728,0.1283,0.6207,-0.6651,-2.1759
45026.99081,-0.4772,0.4227,-0.5614,2.0828,-0.8454,1.8505
45526.23113,-0.0664,3.1679,-0.8665,1.3022,-2.089,-4.6372
44615.35218,-0.4844,0.3357,-0.7107,0.4341,-0.3062,-0.3809
45451.68485,-0.6598,3.2191,-1.1192,3.223,-0.7105,-4.342
44727.23495,-0.7789,0.6892,-0.3732,0.0047,0.502,-0.8514
44631.96891,-0.3892,0.5319,-0.2042,-0.3791,-0.0231,-0.2814
44798.40451,-0.5124,0.4859,0.0234,-0.0879,0.245,0.137
44944.78388,0.2618,-0.4567,-0.1071,-0.4339,-0.1723,-0.1436
45504.63926,1.1938,0.0974,0.2501,-3.6129,1.1985,-4.0157
45499.84443,1.2055,-0.1619,0.3426,-2.948,2.0223,-3.2258
45591.76038,0.2806,-1.1005,0.4624,0.3144,-0.2531,2.551
44993.81846,0.1943,0.4335,-0.017,0.2127,0.8186,1.2369
45430.24365,1.0261,-0.9263,0.5185,-2.0276,2.2504,-1.8506
44530.63956,0.7529,-0.3126,0.1015,-0.1698,-0.152,0.3394
44862.93908,0.3869,0.102,-0.0463,0.4744,0.1429,-0.1775
44601.20844,-0.3912,-0.5309,0.7088,-0.3316,-0.8583,-0.4919
45099.7701,2.0011,2.1383,-1.7387,-4.5067,-0.9748,2.1213
45616.37786,-0.3941,0.9164,-0.5551,1.582,0.3713,-2.1124
45173.26365,0.8902,-0.8958,1.0849,-0.9784,1.0867,3.4332
44815.7746,0.2582,0.1647,-0.3273,1.1703,0.298,0.2652
45234.66292,1.2972,2.1654,-1.3341,-3.4577,0.0892,2.2739
45156.88849,-1.2815,-0.7643,0.3013,-2.8478,-2.2229,1.1301
44608.41604,-0.7989,0.5565,-0.0045,-0.5672,-0.1163,0.2204
45362.66287,0.6685,-1.2377,0.5188,-0.7674,1.343,3.7734
44956.4845,-0.4716,0.4306,-0.3396,-0.6402,-0.7474,-0.7535
45005.54938,0.4196,0.1543,0.2163,-3.0978,-0.6172,4.5451
44934.13873,0.198,-0.0932,0.2891,0.5066,-0.0473,-0.0141
45004.28283,-0.0136,-0.2031,0.0053,0.7508,0.2908,0.3684
44620.50911,0.865,-0.896,0.8391,1.8253,0.6022,0.9946
45627.69678,0.0029,0.0057,0.0142,0.0234,-0.0162,-0.007
45203.36013,1.5609,0.2624,0.2122,-4.5301,2.9545,-4.5107
45573.69686,1.1185,-0.7517,0.7095,-1.0632,2.9163,-2.3139
44650.33472,0.2575,-0.4865,0.6813,0.392,0.3384,0.5587
45479.42865,-0.3472,1.0918,-0.8352,-1.9824,0.4646,2.0946
44619.00128,-0.1535,-0.723,-0.4402,0.7215,-0.3879,0.8115
45496.16536,0.3122,1.5292,-1.0218,-2.072,0.246,1.6083
44805.58175,0.652,-0.1451,-0.2863,-0.249,0.4302,0.028
45112.48187,-0.8732,0.0392,0.1822,-2.1224,-1.8282,1.8527
45541.21876,0.089,1.5554,-1.0908,-3.5383,0.1074,2.645
44426.62162,-0.1269,0.6324,-0.0342,0.2973,0.0357,0.074
44963.51105,0.1967,0.1338,0.0241,-0.3685,-0.1699,0.2609
44359.0324,0.4248,-0.4041,-0.3715,-3.085,-0.3058,2.0137
44509.28758,-0.2538,-0.1798,0.019,-0.8951,0.0615,-0.0889
44540.62191,-0.2772,-0.5681,0.3652,-0.0678,-0.0018,0.3331
44998.40226,0.0908,-0.2111,0.1539,-0.0709,0.0534,0.203
44693.5497,-0.2111,-0.5769,-0.1002,-0.3225,-0.2516,0.6464
44505.42731,-0.3206,-0.2338,-0.3174,-0.7629,0.0254,-0.5521
45356.5411,-1.58,-0.563,-0.074,-3.2882,-1.9474,0.6278
45395.26212,1.1436,-1.8933,1.0142,0.2448,2.2584,0.698
45214.58347,0.3724,0.4803,-0.2117,0.4132,-0.2612,-0.7282
45279.83773,1.5791,-0.3403,0.6163,-2.6383,2.2164,-3.7437
44797.25858,-0.4411,0.1808,0.3223,-0.8481,-0.1586,-0.4734
44811.46223,0.1242,-0.0552,-0.0257,-1.2814,-0.512,-0.0071
44676.29997,0.0316,0.0243,0.5836,-1.0107,0.4045,0.1092
45539.53,1.7336,1.8559,-0.5906,1.4877,2.6056,6.05
44846.89594,0.3807,-0.1578,0.0146,0.1283,-0.0408,0.2432
45142.29248,2.0243,2.2385,-1.2521,3.1995,2.4925,5.4503
45582.59291,1.1522,-0.9123,0.6837,-1.3414,2.7515,-2.3872
44612.18571,-0.2617,-0.057,-0.2492,-0.6471,-0.1146,0.5208
44753.56176,-0.7452,-0.0757,-0.0328,0.8998,-0.0032,-0.1823
44901.96199,0.0585,-0.113,0.0379,0.0973,-0.0338,0.1844
44599.21808,0.2682,-0.5332,0.2466,0.3015,0.1797,-0.1057
44815.44288,0.0962,-0.1999,0.0835,-0.6531,-0.0283,0.0348
44383.64259,-0.2754,-0.1931,-0.0933,0.0388,0.1982,-0.0941
44467.60834,0.0856,-0.0888,0.0844,-0.2259,-0.0625,0.1004
45296.66013,1.0456,-0.4513,1.132,0.6268,1.6545,3.4695
45160.41685,1.8613,-0.6996,0.4445,-0.5654,4.4042,-3.3461
45291.9255,1.2142,0.5425,0.6575,3.6014,0.6717,5.9559
45308.30061,-0.9238,-0.6945,0.52,0.6511,-0.5863,-1.9956
44520.11438,-0.0398,-0.0324,0.2771,0.4414,-0.0108,0.692
44668.79085,-0.0084,-0.1827,0.399,-1.8505,-0.3639,0.3046
45194.19247,-0.8986,-0.4772,0.4393,-2.3724,-2.1052,1.7412
45617.5289,0.7017,0.1836,0.0063,2.0204,-0.5174,-4.0769
45392.7893,0.9459,-1.4484,0.7165,0.0455,2.6653,-2.1229
44901.78104,0.4579,-0.0189,0.0617,0.0889,-0.1413,-0.0325
45049.40738,-2.0092,-0.8875,0.0566,-1.6837,-1.363,-0.5776
44548.43278,-0.1,-0.0807,0.2399,-1.13,-0.1194,0.1287
44673.91758,-0.298,-0.6958,-0.3123,0.3329,-0.3516,0.4294
44746.86696,-1.092,-0.2857,0.4054,0.6333,0.5429,0.6226
44819.48383,0.4446,0.1585,0.208,-0.2591,-0.0266,-0.6749
44892.79434,0.3402,-0.0489,0.3223,-0.5228,0.138,-0.5007
44982.69069,-0.3364,-0.2007,-0.0064,-0.6708,-0.6731,-0.6439
44988.42045,0.4168,-0.1748,0.0058,0.1654,-0.0251,1.0905
45570.01784,-1.1364,0.0542,0.0088,-1.5721,-1.8622,1.8788
44828.68151,-0.4826,-0.2711,0.4211,-0.2361,-0.4069,0.3095
44574.82071,-0.4777,0.9124,0.2556,-1.2458,-0.2225,-0.3535
45387.24046,1.2298,-1.7441,0.9075,0.14,1.7358,-0.9832
44875.12236,-0.2686,0.5672,-0.6989,-0.0394,0.2493,-0.3816
44874.0367,0.2126,-0.1392,0.1937,1.2971,0.578,1.1606
44809.17036,0.298,0.0766,-0.2083,0.4393,0.0062,0.0204
44849.39893,-0.0389,0.3355,0.1976,1.2758,0.8614,0.4332
45226.33965,1.3235,1.2791,0.0292,-1.27,0.8679,-4.966
45416.94465,2.3395,2.539,-2.6656,0.8223,1.0708,3.5788
45207.03927,-1.0577,-0.6534,0.5554,-3.2668,-2.5729,1.7216
45469.23581,-2.1115,-0.6982,0.125,0.2917,-1.2584,-0.5272
44872.61932,0.2053,-0.1578,-0.1019,0.2378,0.2158,0.4592
44600.63548,-0.5256,-0.4674,0.248,1.3641,0.2285,0.8201
45308.18,-0.7928,-0.4588,0.3319,-2.0039,-2.4268,1.6537
44405.08709,-0.1818,0.4504,-0.7528,-0.9784,-0.3488,-0.2973
44817.88557,-0.1629,0.3357,0.1416,-0.0779,0.1203,-0.5613
44911.2803,0.0482,-0.0484,0.0805,-0.0111,-0.0612,0.0289
45139.09586,0.9534,-0.3749,0.3924,1.3094,0.2105,4.6329
44986.27932,0.2576,-0.2631,0.0452,-0.4058,-0.3944,0.4816
44438.95704,-0.1546,-0.0425,-0.1811,-0.5523,-0.6602,-0.3762
45019.72301,0.2902,0.8846,0.2697,-8.4129,1.2136,0.8117
44903.37933,0.0563,-0.0755,0.0267,0.0033,-0.1063,-0.2709
45385.94371,-1.0159,0.4662,-0.6566,-3.0701,-0.8785,2.3217
45429.64054,1.2965,1.5201,-0.5835,3.5877,2.4184,5.2245
44977.80533,-0.1264,0.1573,-0.3284,0.0852,-0.0658,0.5061
45459.31439,0.0749,1.6408,-1.4723,-4.2122,-0.1871,2.6024
45105.86215,1.1051,-1.4376,1.4536,0.2203,2.6818,0.684
45218.7602,3.9159,3.5211,-2.8215,-2.1949,0.5405,3.895
44553.10724,0.7098,-0.152,0.2282,0.6719,0.1646,0.1481
44497.31465,0.3437,0.3643,-0.7931,-0.5924,0.2491,-1.0818
44785.85943,-0.1221,0.3467,-0.2159,-0.3699,-0.3009,0.0395
44500.30035,-0.6537,0.1972,0.1038,-0.1853,-0.006,0.2527
44458.92259,-0.6291,0.3806,0.6626,-0.6359,-0.3741,-0.6276
44585.40599,-0.5072,1.6697,-0.1647,0.0312,-0.2796,-0.2304
44585.43614,2.486,0.286,0.1366,-0.4566,-0.2436,-0.9773
44876.53976,1.112,-0.5891,-0.2003,3.2348,-0.8267,1.2478
45449.33264,1.1929,1.5741,-0.7686,3.3186,-0.7861,-5.1072
44700.00333,0.1836,-0.8918,0.4418,-1.677,-1.0944,-1.8088
45345.50382,-1.8652,-0.6722,0.0042,-1.7702,-2.6291,1.8696
44398.99449,-0.4426,-0.1152,0.002,-0.8902,-0.216,0.0888
44553.74055,-0.1334,0.2717,0.0957,-0.3228,-0.0011,-0.0918
45226.94277,-1.504,-0.8552,0.4698,1.3844,-0.8422,-0.9366
45472.10069,0.7424,-0.9983,0.6945,-0.4655,1.1403,4.3349
45432.86727,2.329,1.3581,-1.636,-0.7364,1.7679,5.7564
44815.41273,-0.0846,0.2245,-0.1783,-0.2609,0.1392,0.105
44375.95193,0.0579,-0.0207,-0.0447,0.4162,0.3941,0.218
44475.84167,-0.5318,-0.1913,-0.0763,-0.1084,0.3416,-0.0408
44610.22549,0.0266,0.1353,-0.1204,0.1916,0.335,0.2279
44959.62078,-0.1019,0.247,0.073,-0.029,0.1062,0.1029
44883.38539,-0.0432,-0.0475,0.1247,0.0351,0.0737,0.2899
45434.43538,1.7287,1.8361,-0.8855,3.7068,3.8479,6.2279
45566.06738,-1.2537,-0.4492,0.0421,-1.9746,-1.9219,1.8351
45211.56279,0.9951,-0.1872,0.6552,0.9072,0.1534,4.6747
44387.0205,0.6963,0.4637,-0.0914,0.0694,-0.6139,-0.3782
44689.90074,-0.1713,-0.4675,0.3,-1.2286,-0.0411,0.3078
45227.93793,1.483,1.0042,0.0197,-0.8372,0.185,-4.5694
44992.67251,0.1155,0.1348,-0.2073,-0.4053,-0.1492,-0.9316
44774.67134,0.2402,1.2332,-0.0696,-0.0922,-0.0804,-0.5767
44784.14048,0.4515,0.3567,0.4157,-1.144,0.0526,-0.2219
45219.63478,-0.2669,0.8186,-0.2235,-1.4398,-0.5102,1.9886
44895.32753,0.6552,0.2533,0.2467,0.0238,0.155,-0.547
44898.64476,-0.1764,0.0308,0.1448,0.1615,0.1669,0.1432
45326.86705,1.2118,0.3809,-0.3682,-3.3307,0.5819,-4.6585
45472.04039,0.7717,-1.3917,1.0771,-0.3754,1.333,1.8871
44925.09189,0.1596,-0.0651,0.2034,0.1001,0.094,-0.1003
45085.32431,1.7103,0.5936,0.0345,-1.166,-0.4594,-4.9191
45142.89563,1.3774,-1.4533,1.0352,-0.0423,2.5891,-1.9899
44577.74598,0.4304,-0.0441,0.3036,-0.0408,0.2139,-0.3455
45491.09911,1.0563,-1.7401,0.8531,-0.0914,2.5459,0.0921
44460.27972,0.6864,0.3669,0.3527,0.2303,-0.6566,0.1447
44411.33044,-0.9156,-0.134,0.1613,-0.2746,-0.0469,0.7251
45625.34456,0.0473,0.0829,-0.0202,0.9337,0.1327,-0.7481
45158.0646,1.6737,-1.4302,1.4335,1.248,2.3557,-1.3611
45161.20091,1.4504,-0.7804,0.7303,-3.0725,3.8104,-3.4896
45453.82593,-1.0917,-0.112,-0.1882,-2.6805,-1.7101,2.4572
45515.49551,-0.6647,0.4769,-0.3705,-3.777,-0.462,2.8394
44915.74344,0.3304,0.1738,0.4829,1.052,-0.0365,0.5599
45443.81402,1.11,-0.3672,0.4398,-3.4612,0.5892,-3.5452
45472.97519,3.1123,2.6907,-2.7549,-2.7025,0.6411,3.079
44809.4116,0.1502,-0.1461,-0.2675,-0.0361,-0.254,-0.0346
44479.43056,0.5191,0.0833,-0.3658,0.226,-0.4124,-0.1316
45603.00859,0.7133,-1.4923,1.0866,0.1399,1.6457,2.8762
45460.2794,-1.7202,-0.6464,-0.0313,-3.3185,-1.9681,0.8832
44575.09213,0.5205,-0.273,-0.4698,1.4048,0.0372,-0.0145
44661.3119,-0.1625,-0.0114,-0.1324,-1.4226,-0.764,-0.2316
45280.95352,0.109,1.4769,-0.4944,-1.1069,0.0753,2.1934
45204.98863,1.6505,-0.2612,0.5418,-4.1013,2.2164,-3.8279
44802.20422,-0.4358,0.0639,-0.3604,-0.5196,-0.1425,-0.7349
45257.82334,-0.7089,0.1958,0.162,-3.2338,-1.0274,2.0102
44467.66865,-0.3165,0.0646,-0.1477,-0.5742,-0.0763,-0.1483
44607.39069,0.1116,-0.077,-0.4462,-0.3393,-0.0066,0.0995
45356.78234,0.435,3.2395,-1.5369,3.2171,-1.2003,-5.5554
45049.31692,-0.9864,0.0324,0.0296,-2.3704,-1.3932,0.9754
44551.78031,0.061,-0.1851,0.0825,0.105,0.0164,0.0308
44999.18636,0.1736,-0.1789,0.446,0.6718,0.2325,0.5336
44981.24318,0.3244,-0.2399,-0.1208,-0.684,0.1187,-0.1973
44400.11044,0.2674,0.1637,0.0576,1.1111,0.3481,0.4176
44361.98805,0.1392,0.0513,-0.0849,0.6511,-0.3323,-0.7594
44946.41232,-0.0696,0.1334,-0.1922,1.8245,-0.3607,-0.7453
44366.39133,-1.3223,-0.2807,-0.0596,2.0633,0.1384,-0.0941
44713.75488,0.3396,0.0451,-0.5721,0.2172,-0.0498,-0.5621
45287.16579,0.6245,0.9529,-0.3568,8.2665,2.099,-0.3411
44387.05065,0.4524,0.4026,-0.1197,-0.1594,-0.7556,-0.4266
45016.64706,-0.0497,0.2213,-0.2407,-7.2596,-1.42,1.2705
45599.9025,1.902,2.1462,-0.976,1.257,1.784,5.4328
45571.16379,0.9907,1.389,-0.3802,-0.5983,0.2597,-5.3986
45542.9075,-1.034,0.0346,0.0714,-2.5837,-1.6588,2.2234
44606.45583,-0.0443,-0.366,0.0293,0.0744,-0.0323,-0.0263
44792.43352,-0.0128,-0.5468,0.6799,-1.4232,0.2383,0.3449
44985.49527,0.4834,0.1713,-0.3188,-0.6211,-0.3164,0.4808
44947.22653,0.0798,0.0099,-0.0301,-0.1013,-0.285,0.0239
44823.49463,-0.1908,-0.6183,0.4244,1.9894,0.4607,0.2696
45175.16353,-1.1843,-0.6521,0.3371,-2.486,-2.1197,1.5902
44421.70558,0.3466,0.0862,0.2247,-0.1146,-0.078,-0.3691
44988.02842,-0.6825,-0.4346,-0.0174,-0.4342,0.3918,1.157
45260.41684,-0.9783,-0.4297,0.5356,2.3231,0.0594,-1.9961
44617.88541,-1.1017,-0.0365,0.2125,1.2075,0.0584,1.1374
44833.71761,0.2693,0.0998,0.4349,1.5603,-0.9498,-0.7992
45182.22025,-0.3375,1.0057,-0.4492,-3.09,-0.1548,3.2362
44772.56042,0.0185,-0.0266,0.037,-0.0465,-0.0189,-0.5323
44753.1094,-0.2531,0.2431,0.3951,-0.0644,-0.337,-0.2203
45345.53397,-2.6053,-0.6918,0.1559,-1.4605,-1.8887,0.6167
44768.57974,-0.07,-0.0773,-0.091,-0.0266,-0.1727,-0.0596
44546.53286,-0.0693,-0.3636,-0.0665,0.5439,0.033,-0.0477
45106.13357,-0.5216,0.2734,-0.0536,-2.1016,-0.4776,2.0768
45114.50244,1.6658,-0.9964,0.5769,0.6095,2.9567,-2.4836
45344.0563,-1.7518,0.0866,0.2297,-0.076,0.7469,-2.0091
45128.78212,0.7953,-0.7237,0.9387,-0.6249,1.582,4.7177
45353.28419,-0.6823,1.0311,-1.2837,-1.692,0.2229,1.9242
45522.25054,0.8562,3.4306,-2.1405,4.2685,-2.7811,-3.831
45533.13691,0.5873,2.1695,-0.938,-4.9938,-0.2805,1.7622
45614.89015,1.9163,1.5916,-1.6683,-0.3811,0.8468,3.5862
44482.71789,0.009,-0.0117,0.1864,0.1754,-0.0025,0.1024
44705.76332,-0.4514,-0.1414,-0.2156,-0.1712,-0.0519,0.2085
45378.82679,-1.4131,-0.1809,0.0375,-2.0429,-2.297,1.9199
45304.65165,0.9052,-1.4279,1.4188,0.0611,2.3084,1.0318
45384.64699,-0.0975,3.1993,-1.206,4.4168,-0.9074,-5.6458
44993.39628,0.286,0.1682,0.5196,0.1163,0.8541,1.2702
45038.25434,-0.165,0.2309,-0.1255,-1.9299,-0.2703,1.0838
44622.04715,0.6081,-0.1552,-0.2455,0.2478,0.0121,-0.5787
44747.28917,0.0033,-0.5134,1.5666,1.171,0.7348,0.7819
45013.72186,0.4267,1.1709,0.5832,-4.8904,-3.2927,-0.7362
44622.74077,0.263,0.1475,-0.3214,-0.3908,-0.1186,-0.5378
44417.99589,-2.4395,1.1801,-2.3107,1.8692,1.3835,1.5792
44550.57399,-0.0327,0.3131,-0.0263,0.0541,0.1827,-0.2151
44958.23358,0.2864,0.1698,0.3815,1.4539,0.6282,0.3729
44931.63578,0.1087,0.9809,-1.0976,-1.3492,-1.4195,-0.3444
44418.41814,0.1438,0.0964,-0.1991,-0.1369,-0.3869,0.5035
45267.41317,0.2111,1.0224,-0.4771,-1.5549,0.2548,2.0198
45149.77144,-1.8462,-0.7702,0.4624,1.0752,-1.2761,-0.6739
45224.65084,-0.6501,3.0635,-0.5255,5.5761,0.2359,-4.0966
45517.87785,-0.3946,1.1637,-1.0636,-3.4754,0.3873,1.9338
44851.02736,0.0863,-0.2337,0.2286,0.4799,0.2248,0.2028
45140.5434,1.2587,-1.5853,1.3899,0.3972,2.1027,-1.2614
44583.77749,-1.2973,1.2899,0.2222,-0.6692,-0.1285,0.034
45149.40956,0.4452,-0.9314,0.7448,-0.6932,0.6162,4.1371
45263.22139,1.198,0.0129,0.5878,1.0118,1.3353,4.4858
45539.04752,-1.6691,-0.717,0.3444,1.8891,-0.448,-1.5085
44985.43494,0.3941,0.0455,0.237,-1.5628,0.0943,-0.4136
44490.49882,-0.3556,0.3462,-0.1196,-0.7037,-0.0439,-0.4424
45156.55677,0.864,-1.223,0.9801,-0.902,1.8307,3.1202
44444.89851,-0.3478,0.2745,-0.3138,0.1776,0.2549,-0.5374
45103.41931,1.3052,-0.6321,0.5629,-2.5598,1.7553,-2.4892
45568.93219,0.9105,-1.527,0.9457,-0.6668,2.2348,1.2207
44465.43691,-0.8009,-0.0863,0.3762,-0.0475,0.0145,0.2777
44758.08527,0.008,0.4741,-0.2889,-0.4322,-1.2569,-0.0682
44521.35087,-0.2818,-0.3096,0.7057,-1.0889,0.1312,-0.3218
45572.1589,1.0133,-1.4661,1.1769,0.4096,1.9546,0.16
45309.65766,0.0767,1.5617,-0.6102,-2.0857,-0.5022,2.1996
45472.70379,0.8247,-0.5928,0.1567,-2.472,2.6175,-2.9576
44653.4409,-0.0333,-0.4384,0.441,0.5283,0.5938,-0.7249
44719.66561,0.1874,-0.5878,0.4476,0.2512,-0.1055,0.9135
44586.91385,0.5792,-0.2202,-0.0348,1.7469,0.1459,0.2617
44554.97701,-0.0054,0.4051,-0.1455,-0.2766,-0.15,-0.0522
44700.15412,0.9087,-0.1157,-0.5519,-0.5603,-0.2642,-0.3647
44668.27819,0.6397,0.5277,0.2105,-1.0632,0.0484,-0.2721
44366.33102,0.8171,-2.1923,-0.0033,1.9661,0.7685,2.302
44399.14527,0.0775,0.263,0.3442,0.2243,0.0717,0.3609
44849.79095,0.4032,-0.1581,0.5869,0.4903,0.2603,-0.0065
44526.89997,0.6416,-0.0514,0.065,0.62,-0.2202,0.0671
44951.35794,-0.0589,0.3135,-0.3394,-0.5724,0.0397,0.0279
44756.48697,-0.5172,-0.3325,0.7479,1.4466,0.1544,-0.3505
45301.18364,0.3973,3.8619,-1.1752,3.5068,-2.2004,-5.3689
45340.43748,0.7574,-1.8472,0.5508,0.4069,2.587,0.8022
45304.44056,1.4117,3.7204,-1.2987,3.3674,-1.8998,-5.5005
45084.96241,-0.6604,0.0504,-0.0084,-3.2647,-0.8945,2.4679
45201.33966,-0.4265,0.6986,-0.2425,-2.9456,-0.6595,2.3962
45355.24435,1.2821,0.5466,-0.5543,-2.5215,-1.2878,-4.5013
45474.33224,1.0808,-1.1907,0.7763,-1.2878,1.8592,-1.5264
45197.9621,1.2644,-0.1104,0.5137,2.7762,-0.3439,5.712
45255.56156,-1.3757,-0.9908,0.6068,0.9343,-0.9113,-0.834
44726.78262,-0.5362,-0.3454,0.2959,-0.2528,-0.2023,1.2223
44797.68076,-0.1315,-0.2643,0.3448,0.1421,-0.0646,0.6206
45480.1524,2.3297,2.977,-2.1498,-6.0919,-0.3269,2.9744
45485.85195,-1.172,0.1956,-0.3882,0.28,-1.5153,2.0367
45484.706,1.1506,-1.1427,0.3506,-2.5124,3.2166,-2.2644
44726.48105,0.1687,0.0156,-0.4592,1.2706,-0.0838,0.4529
45564.98176,0.6076,-0.9811,0.6627,-0.7681,1.0466,4.3573
45151.24913,-0.6157,0.1675,0.1755,-3.2074,-1.3819,2.3188
45571.37488,0.6206,-1.3651,0.7025,1.9828,0.387,2.4211
45609.19062,0.0444,3.9068,-0.5135,4.6102,-1.0389,-5.946
44631.36577,0.9361,-0.8282,0.8027,0.2763,0.7049,-0.0473
44991.70752,-0.3402,-0.1102,-0.0052,-0.5705,-0.2071,-0.1076
45508.61989,0.7382,2.5636,-0.7447,1.4221,-0.8433,-4.9475
44583.80764,1.3866,-0.4438,-0.8891,0.7676,0.1151,-0.035
44989.74733,0.1106,0.0189,-0.1135,-0.2257,-0.3636,0.389
44519.02867,-0.2464,-0.0708,0.1729,0.6974,0.4287,0.0902
45132.64224,1.1387,-1.6279,1.2149,0.1028,2.1457,-0.2528
45392.30676,-0.6581,0.4313,-0.8116,-2.7179,-0.0193,2.8077
44400.41207,-0.1528,-0.0563,0.3056,0.8282,0.3123,0.3741
44645.3588,0.1271,0.0097,0.0883,0.7539,-0.2195,-0.6451
45028.58914,0.3792,-0.1602,0.1184,-1.7106,-1.218,4.274
44662.03568,-0.1681,-0.3855,-0.2254,-0.6306,-0.9496,-0.3539
44758.98995,-0.3867,0.058,0.2346,-0.3025,0.477,-0.2359
44773.67619,0.1811,0.7981,-0.2317,-1.2724,-0.1648,-0.8644
44881.81723,-0.0277,0.0978,0.2001,0.0289,0.3964,0.1009
45287.22612,0.5857,-0.0858,-0.8691,1.9686,1.5859,0.3689
45421.2269,-1.6731,-0.6892,-0.1955,1.1785,-0.5125,-1.5805
44855.18891,-0.1838,-0.2564,0.2657,-0.2111,-0.1221,0.3523
44539.41558,0.1618,-0.2221,0.2359,-0.1759,-0.1318,0.0272
45329.18908,0.9195,1.3092,-0.8337,0.3132,-1.9628,-4.922
44437.90147,0.2676,-0.2593,-0.5215,-0.3688,-0.0843,0.1204
44631.4261,0.1959,-0.1827,0.2879,0.4962,0.003,-0.1795
44672.86207,-0.0911,0.8392,-0.8768,0.4598,0.1184,-0.0012
44862.06451,-0.1512,-0.1993,0.1194,0.9861,0.3818,0.0004
45496.82883,0.44,-1.1502,0.54,-0.7036,0.7535,3.3808
45598.78675,1.4886,1.0412,-0.1845,-0.0389,-1.1059,-4.7278
44452.37803,0.1906,0.2956,0.1706,0.0498,-0.0393,-0.0563
44608.68746,-3.0331,1.9032,0.4286,-1.6006,-0.0094,-0.1845
44844.12155,-0.2755,0.2679,0.1012,0.0777,-0.1303,0.0767
44938.30031,0.0617,0.0752,-0.0638,0.7,-0.2116,-0.5264
44952.89591,-0.2982,0.1742,0.1672,-0.6156,-0.2106,0.1265
45167.35294,-0.484,2.8436,-0.3568,1.8704,-0.7384,-4.4734
44612.27616,0.8137,0.0123,0.0494,-0.8003,-0.4355,0.5289
45212.07546,1.362,1.729,-0.5321,1.7525,-1.3411,-4.662
44749.7017,0.1668,0.1354,-0.2306,-0.8684,-0.2427,-0.1757
45185.26609,0.8755,-0.51,0.6361,0.3989,-0.5943,4.5551
45366.25151,-2.0588,-0.355,0.2978,1.3031,-0.1776,-1.2559
44472.22264,0.6756,0.5061,-0.286,-0.2517,0.1253,-1.0085
45235.44703,2.4243,2.8756,-2.2747,-2.4979,0.1856,2.5197
45291.44301,-1.0937,-0.2005,-0.0788,-0.6736,1.0048,2.5004
45391.91473,1.262,0.6621,-0.4638,-0.9293,-0.1608,-5.0342
44431.47736,0.3564,0.3806,-0.6149,0.8789,-0.6605,-0.8706
45245.09719,-0.8404,-0.3222,0.4158,-2.0954,-1.1296,1.6216
45415.85902,0.9964,-0.2852,0.1043,-3.2508,1.7164,-3.7686
45416.85417,0.5735,-1.2042,0.4694,-0.7212,0.5665,4.2372
45433.68147,3.494,2.1584,-2.8113,-0.734,1.5996,4.5337
45536.6652,-1.4498,-0.2228,0.3997,0.7714,-0.4457,-2.1923
45581.35652,-1.1213,0.2353,0.0932,-3.2698,-1.3126,1.8743
45622.41934,-0.1706,-0.272,-0.0965,-1.0272,-0.8891,-0.677
44636.13067,0.1671,-0.2776,0.5023,1.2959,0.1597,-0.2191
44777.5664,-0.7619,0.0636,-0.787,0.3369,-0.4936,0.5813
44892.43246,1.1986,0.3647,-0.1018,0.5992,-0.1844,-0.5145
45106.28436,-1.9799,-0.8192,0.1513,0.8746,-0.7253,-0.2957
45158.24556,2.2235,2.9946,-1.6272,5.2825,3.7624,6.5694
45114.44214,1.8952,0.5606,0.0157,-4.2059,-0.3994,-5.0209
44913.27063,-0.3417,0.2527,0.447,-2.4578,0.008,0.2146
45271.54464,-1.2323,-0.7286,0.4205,-2.507,-2.5551,1.3847
45295.99667,1.3093,2.2025,-1.053,-2.6555,-0.3991,1.5386
45499.99522,0.5428,-1.4064,0.755,-0.1379,1.5391,2.7104
44377.24876,0.021,-0.0115,-0.0245,-0.1004,-0.0451,-0.0351
45167.86561,-0.4687,0.9088,-0.425,-0.8163,0.0239,1.6821
45255.80283,1.8208,0.4021,0.4191,-5.4232,0.85,-4.1072
45117.69919,1.5229,-1.8131,0.8796,1.4581,0.5881,0.4785
45020.0849,-0.5221,0.1973,0.666,-0.4974,0.4395,-0.7252
44701.02868,0.4425,-0.5245,0.4945,-0.4915,-0.0151,-0.1275
45033.30864,0.6885,0.4726,-0.4151,-0.1431,1.3745,-4.0366
45363.11523,-1.795,1.2603,-0.0127,-0.7022,1.0068,-2.594
44425.62637,0.1026,0.2776,0.345,0.5214,0.2059,-0.1469
45443.99496,0.7839,-1.0288,0.7287,-0.8754,0.8371,3.6326
45577.16483,1.4684,2.5022,-1.8329,-3.2688,0.1214,2.2572
44402.34241,-0.1293,0.3118,-0.0878,-0.0728,0.1177,-0.0894
45162.70877,1.9703,1.1874,0.081,-0.0902,-0.3524,-5.0805
45229.98861,-0.7265,-0.1225,0.4656,-0.9985,-1.2546,1.6627
44984.16836,-0.1118,-0.0573,0.135,-0.5082,0.1924,0.1564
44928.68046,0.4763,-0.3225,0.3752,0.7554,0.1444,0.3791
44697.22888,-0.2289,0.2374,-0.527,0.4806,0.3495,0.2498
45334.52683,-2.5069,-0.4933,-0.1848,0.2516,-1.1286,-0.5809
44829.19418,-0.0053,0.0451,-0.3594,-0.0304,-0.0412,-0.0768
44984.22869,-0.3002,-0.1133,0.1047,-0.4519,-0.2227,0.0571
45517.18423,-1.3373,-0.2814,-0.0922,-3.7752,-1.6839,1.8581
45402.86157,-2.1027,-0.539,-0.0088,-0.9852,-2.4983,0.386
44927.14251,0.1183,-0.1462,-0.2416,-0.6294,-0.201,-0.1986
45036.0127,0.0903,-0.1933,0.2207,0.2988,0.048,-0.725
45043.91379,0.0419,-0.2949,-0.5142,0.6804,0.9311,0.8362
45190.45305,-0.3327,3.3154,-1.356,4.3713,-0.3826,-3.6931
45283.12483,1.1227,-1.2317,1.4173,0.0797,2.1989,0.615
45076.54862,-1.5249,-0.8706,0.0841,0.931,-0.2519,-2.0409
44527.74438,0.102,-0.3617,0.1679,-1.7649,-0.5532,0.4648
45495.1099,0.8637,-1.7927,0.5725,0.4753,2.2966,-0.2598
44536.58071,-0.2141,0.0296,-0.0338,-1.4759,-0.6748,-0.2695
44835.01434,0.2807,0.2705,0.0551,-5.2328,1.6954,2.5959
45034.39935,0.2984,1.3115,-0.9329,-3.1823,0.1285,2.9238
45038.73686,-0.4378,0.1479,0.1095,-2.1171,-2.4774,-0.1865
45418.27155,0.8477,-0.7207,0.0924,-3.1986,2.5622,-2.1279
45506.08677,-1.3566,0.1724,0.3194,1.146,1.4244,-1.6356
45590.94615,0.2908,-0.9046,0.6153,-0.6174,0.5113,4.6027
45016.1344,0.0017,-0.1454,-0.597,-3.8774,-0.4434,1.6961
45615.16157,-1.6779,-0.5395,0.1579,-0.7603,-1.3102,-0.4969
44935.67668,0.2301,0.0019,-0.4996,-0.0344,-0.1984,-0.3753
45432.92758,0.5448,1.819,-1.2306,-2.9052,-0.0386,2.9571
44809.83377,-0.3556,-0.1824,-0.3936,-0.1062,-0.2585,0.0552
45574.66189,0.492,-1.0396,0.7147,-0.8009,0.5271,5.0999
45064.33508,1.7985,-0.153,0.234,-3.7367,1.2764,-4.7222
45031.91642,-0.0371,-0.0391,0.3333,-0.4072,-0.401,2.0035
44691.19748,0.2163,-0.4008,0.0177,-0.5717,-0.0623,-0.3611
45266.50848,1.9373,1.6935,-2.0933,4.4967,3.6303,4.6058
44414.55762,0.5235,-0.2927,0.2157,0.8304,0.6261,0.2267
44771.17321,-0.4927,0.3932,0.2444,-0.1447,-0.1878,0.3808
45359.82816,-2.1182,-0.6041,-0.0761,1.8065,-0.8134,-1.5798
44883.86791,0.4476,0.1019,-0.2104,-0.7792,-0.1242,-0.3821
45019.96428,-0.2426,-0.2546,0.4722,1.754,1.133,-1.2797
45172.72085,-0.7916,-0.143,0.2693,-3.0216,-1.3969,2.1831
44495.56547,0.2326,-0.0483,0.2656,0.5713,0.1947,0.206
45069.00939,1.6786,-0.9308,0.5917,-2.1992,1.7374,-3.4868
45598.8169,1.5654,0.3486,0.3118,-3.9753,-0.105,-3.9981
45340.61842,2.5848,2.4202,-2.9758,-5.2056,-0.8536,2.6721
45471.49755,-0.6165,0.5439,-0.2847,-2.8903,-0.9293,2.7761
44545.47734,0.4157,-0.098,0.0827,-0.6162,-0.0743,-0.2757
44879.07294,0.0655,0.0968,-0.7716,-0.4319,-0.0536,-0.9823
45381.54088,1.2434,0.0899,-0.0304,-2.4337,1.5414,-4.3913
45542.18373,-1.6482,-0.6992,0.3316,-2.5992,-2.1979,1.1915
44580.06811,1.8343,-0.3604,-0.2564,1.0858,0.2216,0.44
44360.75152,-0.1824,0.2147,-0.1625,0.2303,0.486,0.3479
45098.02086,1.0671,-1.7377,1.2278,0.4533,2.3121,0.0441
44405.32839,-0.0907,0.1925,-0.4105,-0.2185,-0.2043,-0.4076
45078.93101,-1.2336,0.3254,1.2293,-2.2533,-0.3031,-1.533
44704.67769,-0.1083,0.1361,-0.189,-0.5438,-0.3311,0.0605
45279.86788,1.4399,-0.7635,0.7399,-0.9929,2.4081,-2.0545
44965.5014,-0.3008,0.1507,-0.0904,-0.727,-0.2417,0.0663
45606.9289,1.1822,-1.4296,0.964,0.1009,3.536,-0.558
44559.44035,-0.0392,0.2626,-0.1662,-0.4778,-0.1295,0.2204
45352.56044,-1.2959,-0.1488,-0.1965,-3.0779,-2.0609,1.838
44947.34716,0.0016,0.027,-0.0297,-0.2231,0.0723,0.189
45292.8302,0.3602,1.2803,-0.5472,-3.0039,-0.3775,2.0892
44567.43209,-0.4856,0.4942,0.1553,-1.0624,-0.6181,-0.1049
44861.91375,-0.0348,-0.1692,0.0459,0.2419,-0.0461,-0.1717
44658.5676,-1.3361,-0.1794,0.1897,-2.2555,0.0481,0.3082
45063.18912,-1.0392,-0.3081,0.0699,-0.9391,-2.8142,1.3249
45162.88971,0.9997,-1.4946,1.0448,-0.32,1.5816,1.8955
45306.79277,-0.2434,2.9484,-0.7967,2.0833,-1.1707,-3.8421
45485.30912,-1.1372,2.3704,-0.0577,-0.9189,0.7653,-4.0775
44480.1544,0.1443,-0.7327,0.3725,1.5603,0.3941,0.5264
45378.85697,-1.8779,-0.5811,0.0303,-3.543,-2.0729,0.7303
44774.15868,-0.2052,0.1976,0.0163,-0.2789,0.1107,-0.0835
45445.08059,-1.5392,-0.7947,0.126,-2.8827,-2.241,1.3064
44422.73102,-0.0812,-0.2106,0.1662,-0.3324,-0.0617,0.0703
44509.16695,0.0882,0.0264,-0.0269,0.0297,-0.0778,0.1316
44615.59346,0.2902,-0.9118,0.2564,0.4905,0.4936,0.76
45100.91611,1.0129,3.1586,-1.195,2.3187,-2.1166,-4.5376
44603.89246,-0.193,-0.0233,0.4132,-0.1995,0.1367,-0.0286
44756.7885,-0.3178,-0.594,-0.2737,-0.5768,0.6,-0.2203
45078.3279,1.9151,-0.0524,-0.2491,-1.067,4.217,-2.6037
45080.49917,-0.7595,2.8658,-0.9022,3.2033,0.0479,-3.1727
45145.57961,-0.4079,0.7063,-0.2243,-1.5505,-0.2877,1.5131
44385.45216,-0.0797,-0.1116,0.0682,0.0968,0.426,0.143
45379.03791,-1.4537,2.8159,-0.6313,4.0394,-0.4349,-5.278
44794.15246,0.0159,0.528,-0.0927,-1.8945,-0.0393,-0.9883
45329.15893,1.035,2.511,-1.4607,3.9576,-1.6673,-5.3878
45624.6208,0.1916,0.0097,-0.0201,1.2245,-0.334,-0.625
45014.50592,0.0846,-1.4338,0.4736,4.172,1.632,-2.5895
45099.13677,-1.123,-0.4951,0.1024,-2.698,-2.358,1.7903
45156.76786,-0.4124,0.7339,-0.1872,-1.2811,-1.0094,1.9252
44402.25193,0.0698,-0.1789,0.1115,-0.1965,0.1384,0.4378
44846.47377,0.0282,-0.0339,0.0148,0.0613,0.1137,0.0132
45565.34364,-1.876,-0.4337,0.0584,1.5594,-0.5098,-0.7853
44818.45854,-0.0876,0.7297,-1.0697,-1.5418,-0.4298,-0.4721
44844.18188,0.1504,-0.044,0.3294,0.3729,-0.0247,0.0586
45247.02721,1.6206,0.7278,0.2383,-1.2862,-0.3648,-4.2661
44712.30736,0.0424,0.0692,0.6385,0.403,0.0527,1.1181
45262.46748,1.8542,1.8554,-1.7403,4.6512,2.4159,5.0066
45197.20815,2.786,2.9474,-2.5592,0.4733,0.8165,3.6941
44778.26001,0.8824,-0.0393,0.028,1.9286,0.0395,0.2129
45190.18163,-0.4834,0.4496,0.1639,-1.2857,-1.2497,2.4218
45576.83313,1.1752,0.9874,-0.1885,-0.349,-0.1599,-4.781
45373.57955,1.2078,1.0189,-0.8229,-0.6793,-1.9009,-5.0116
44468.21152,-0.0294,-0.4096,0.0117,-0.4797,-0.2656,0.1456
44758.29636,0.461,-0.2471,0.3783,0.5722,-0.1571,0.2408
44714.84054,0.3796,-0.9921,-0.5879,1.4336,0.4106,0.8461
44575.3937,0.0745,-0.1528,0.468,-1.0382,-0.208,0.2116
45170.33844,-0.9629,-0.2715,0.2677,-2.8755,-1.469,2.1593
44678.89347,-1.3502,-0.0686,0.51,-1.0462,0.2261,0.9742
44418.17686,1.3175,-2.0495,-0.3014,4.5601,-0.3613,1.359
44555.97221,0.1356,-0.0141,0.0065,0.4365,0.2652,-0.2129
44736.73433,0.0162,-0.2817,0.5055,-0.1213,0.041,-0.4977
44887.96923,-0.1239,0.0775,0.0789,0.3838,0.1217,0.2105
44685.25655,0.7621,-0.0153,-0.7412,0.2632,-0.3252,-0.1256
45132.37082,-1.3405,-0.0311,0.4929,1.7822,1.0156,-2.2977
45488.05333,0.8246,0.0335,0.1873,2.2724,0.3988,5.8484
44425.9883,-0.754,0.4674,0.0592,-1.0627,-0.2192,-0.1404
44956.24326,0.4951,1,0.796,-0.6592,-0.7323,-0.7588
45153.75214,-1.5965,-0.725,0.2866,-1.8621,-1.7226,0.0003
45252.87763,1.7986,2.3717,-1.6877,4.0482,1.5372,5.0677
44729.52686,-0.7079,0.3714,-0.4895,-1.2046,-0.6771,-0.9623
44966.94893,-0.0333,0.1014,-0.1096,0.9289,1.1142,-0.0798
44899.88116,0.0619,-0.2363,0.1928,0.9355,0.3165,0.0651
44784.3516,-0.3334,0.2026,-0.4421,2.0475,1.032,-0.4041
45118.81503,-0.0776,-2.697,0.5725,-8.3141,-5.3103,0.1481
44565.98454,0.1422,0.0118,0.2598,1.2578,-0.8769,-0.7627
44712.24705,-0.7058,2.0876,0.5567,-2.595,0.4849,0.0671
44839.92983,0.3148,0.2939,0.1364,0.03,0.2045,-0.1252
45227.78715,-0.7921,-0.3541,0.7273,1.6374,-0.5723,-2.7376
44877.08258,0.0385,-0.0784,0.1454,-0.0693,0.0602,0.3132
44682.02979,-0.8139,-0.0134,0.2969,1.4355,1.0537,-0.0079
44367.41676,0.3019,0.4302,-0.3571,-8.1224,-2.0133,1.526
45047.68845,2.3373,2.6795,-1.7793,-7.3878,0.1305,2.0681
44387.23162,0.1178,-0.3626,0.3202,1.4315,0.2062,-0.3682
45396.95091,0.5617,-1.0188,0.384,0.1219,0.9164,4.6752
45115.07544,-1.3612,0.2536,0.5776,1.7159,0.2971,-2.6122
44423.57551,0.1398,0.4696,-0.3075,0.0704,-0.3772,-0.324
45473.21646,-2.222,-0.635,0.0061,-0.4409,-1.595,-0.1307
45537.53971,-0.1725,3.5896,-1.1513,2.6215,-2.1654,-4.8553
44849.97188,-0.4172,1.1272,-2.6422,-2.1147,0.2493,-0.3661
44521.53182,-0.2555,-0.0954,0.2716,-0.2334,0.4676,0.0476
44759.62323,3.4841,-0.5062,-1.5446,4.4254,-2.3558,-1.1708
44355.89584,-0.0032,0.0136,-0.0033,-0.0067,0.0325,-0.0344
44992.61221,0.1603,0.1613,-0.0149,-0.5706,-0.6223,-0.1599
45018.2152,-0.2425,0.6089,-0.1228,8.4166,0.8032,-3.2256
45051.06603,-0.7747,3.4119,-0.1786,3.0188,0.3024,-2.5774
44731.33626,-0.0146,-0.3163,-0.1854,0.0948,-0.1829,0.2795
45261.20089,-1.1691,-0.693,0.4967,1.8821,-0.8629,-1.4153
45381.29964,-2.186,-0.4745,-0.0287,0.537,-0.9019,-0.8398
44680.40129,0.6665,-0.0301,0.3989,-0.4935,-0.1018,0.2302
45201.70154,1.3345,1.7262,-0.5167,1.5385,-0.8257,-5.9237
45518.51112,0.421,-1.2701,0.6237,-0.9619,0.3724,3.3883
45273.23341,-1.264,-0.7654,0.836,0.6605,-1.046,-1.2717
44494.11786,-3.3034,-0.7646,-0.374,-3.2578,-0.4947,0.4526
44542.94406,0.0386,0.2201,-0.1323,-0.0756,0.1289,-0.5569
44354.3577,0.0041,0.0216,0.0195,-0.0242,0.0642,0.0299
44827.56575,-0.0718,-0.1347,0.0034,0.0017,-0.0526,0.013
44449.42242,-0.0949,0.3254,0.057,-0.9712,-0.3467,0.0085
44619.30285,0.0756,1.4548,-0.2997,-0.2567,-0.5705,-1.7774
44844.42312,0.0415,-0.0133,0.1056,-0.0018,0.0533,0.1507
45148.23345,-0.8557,2.4134,-0.1025,0.0302,0.1316,-2.3825
44573.31284,0.8735,-0.2838,-0.4345,0.3677,-0.3794,0.4207
45192.9259,1.8757,0.4788,0.1864,-2.7231,2.2376,-4.6421
44507.77968,-1.1651,0.3971,0.481,-0.7151,-0.2756,-0.4527
44969.66303,0.4256,-0.5509,-0.0907,-1.6753,-0.7397,-0.3547
44851.08766,0.2834,-0.0571,0.102,0.1652,0.1395,-0.2453
45301.24394,1.9051,1.7546,-0.711,0.8954,-1.6338,-4.6877
45050.70415,2.9683,2.4304,-1.7994,-4.5818,0.6287,3.0797
45536.54455,-1.6962,-0.6873,-0.029,-1.6093,-1.8789,1.0273
44814.11601,0.0813,0.1579,-0.2194,-0.4479,-0.243,0.058
44979.07188,0.2771,0.0894,-0.0183,0.2487,-0.8213,-0.3775
44361.83726,0.5185,0.3909,0.0108,0.3798,0.3871,0.1751
44650.51566,0.1802,0.2857,-0.9586,-1.2326,-0.3178,-0.167
44948.01061,-0.1477,0.3064,-0.167,-5.2492,0.2324,0.2533
45328.37487,0.4678,2.5995,-1.4685,3.2999,-1.5536,-5.313
45529.91021,1.341,2.3401,-1.0272,-6.8711,-0.8604,1.3062
45552.97965,0.6104,-0.936,0.5808,-1.2454,-0.1749,3.4855
44846.65467,0.0008,-0.1094,0.0922,-0.032,0.1703,-0.0785
45604.48624,1.0749,-0.2213,0.7209,-4.5622,0.8957,-3.2256
44754.31569,-0.8899,-0.4461,-0.4251,0.3095,0.6789,0.1333
45394.11617,-1.933,-0.6214,0.2942,0.8486,-0.2015,-2.0246
45562.35818,1.2169,0.535,0.3976,-3.4087,1.2903,-3.8329
44999.87997,0.0676,0.4571,0.2077,-3.3706,-0.5454,0.0873
45119.73487,-1.3098,0.6717,0.553,0.694,-0.6135,-3.7562
44957.14795,0.4652,-0.3613,-0.2403,-1.437,-0.0019,-0.6655
44590.11055,0.32,-0.2291,0.2675,0.335,0.1569,0.7466
45128.05831,2.3506,1.532,-1.7194,0.758,2.7405,4.9046
44683.32652,0.1194,0.0595,0.1282,0.1868,0.001,0.3602
44755.82352,0.247,-0.262,0.3498,-0.1469,0.2669,-0.064
44975.09121,0.3159,0.2248,-0.1362,0.4174,0.3547,0.1524
45325.34415,1.0362,-0.6729,-0.0728,-1.4353,2.5421,-2.6263
44388.58885,0.9396,0.8665,-0.2036,2.4378,0.5846,-0.6475
45347.5846,0.3973,-1.1036,0.2126,-0.1387,0.4985,4.4171
45478.31286,0.6832,-0.8912,0.3696,-2.0354,2.7264,-2.1262
45239.18646,1.4605,-1.3282,0.5975,-0.7656,2.9017,-0.2547
45622.2987,-0.1314,-0.2696,-0.2288,-0.2623,-0.8854,-0.9829
44865.71343,0.0037,-0.2727,0.3738,0.1886,-0.6031,0.2786
44973.49293,0.4488,0.1933,-0.5957,1.1813,0.3135,-0.309
44786.4324,-0.8387,0.4131,0.276,-1.9967,-1.0324,-0.7659
45100.01137,-1.8108,-0.7728,0.315,0.828,-0.9469,-0.6664
44388.70948,-0.7938,0.084,0.3975,0.8588,0.4188,0.5579
44492.82105,-0.072,0.021,0.208,-0.3456,-0.2058,-0.1137
45616.19192,-0.6021,0.3409,-0.5596,-1.2414,-0.1523,3.3081
45605.54172,2.8171,1.9782,-2.2739,1.4038,2.6217,5.1141
44430.21063,0.2724,0.0643,0.0841,0.255,-0.2562,-0.3454
44628.59129,0.2784,0.048,-0.6186,-0.6138,-0.4234,-0.151
45411.39588,-0.5869,1.1571,-1.0692,-1.57,0.0066,2.2554
44675.75715,-0.3203,0.4123,-0.5672,0.1419,0.5536,0.1567
45439.35089,-0.1211,1.5648,-1.5276,-1.5115,0.9912,1.7312
44534.37917,-0.042,0.6365,0.0081,0.0672,0.0211,-0.1671
45606.11469,0.8736,-0.9198,0.731,-0.8312,3.9107,-1.3265
45615.34251,0.7548,2.4321,-0.2714,0.2619,-2.3568,-6.0598
44562.84814,-0.3763,0.0092,-0.2117,0.8774,0.3817,0.2741
44900.75572,-0.0882,0.0713,0.0171,0.2514,-0.152,0.1751
44710.04562,-0.0541,0.001,0.8139,-0.451,-0.0066,-0.4793
44545.56779,1.1717,-0.7295,0.2355,1.1362,-0.1646,1.0083
45074.13607,-2.4865,-0.7461,0.4144,-4.0999,-1.8857,-0.2177
45437.02886,-1.2959,-0.1507,-0.3647,-3.1026,-1.8893,2.7355
45325.92213,-1.6613,0.7101,-0.0159,-0.5902,-0.0314,-3.4883
45619.73539,-0.0085,-0.1362,-0.0671,-0.0527,-0.4287,0.4262
44417.18157,-0.637,-0.4913,-0.5269,-0.4055,-0.1609,-0.3861
45476.98599,1.3706,2.1782,-2.02,-5.3495,-0.2801,2.1296
44638.99563,1.9556,-0.7297,-0.2983,0.6325,-0.8451,1.0561
45361.42644,-2.1532,-0.7791,0.1835,-0.3098,-1.642,-1.2207
44554.58498,0.0641,0.1699,-0.0229,0.4334,0.1413,-0.0374
45143.43846,-1.1657,0.4639,0.514,1.8469,0.396,-2.3301
45501.74429,3.1212,2.9025,-2.7384,-2.2605,0.2681,3.7752
45510.21817,-0.666,1.9437,0.2193,-0.3557,0.1806,-3.9218
44790.38289,-0.1595,-0.0514,-0.2506,-0.8004,-0.0194,-0.7376
44424.48031,-0.0408,0.0314,0.6745,0.7112,0.0403,0.2147
45495.47177,-1.3612,-0.2452,-0.0119,-2.7322,-1.8883,2.3028
44768.06708,0.4998,-0.3298,-0.4337,0.069,0.0124,-0.5073
45577.10452,1.3858,1.1051,0.1448,2.2862,1.6046,5.1804
44722.10832,0.0852,-0.4603,0.8497,1.6135,0.6563,0.5423
44585.94882,0.3307,-0.1442,-0.2802,0.3454,0.0249,0.844
45429.33895,0.8534,1.1253,-0.5773,2.2471,-0.5863,-5.1595
45436.15431,-0.4705,1.0269,-0.961,-2.0749,-0.3075,2.1497
45383.10902,1.1407,0.7847,-0.5392,-1.2906,0.2519,-5.0027
45083.18314,0.6969,-0.9236,0.6366,-0.3468,0.5976,3.2882
45468.57239,0.1452,3.4753,-1.1876,3.1854,-1.3124,-5.3712
44778.10922,0.4229,0.0918,-0.0686,0.2381,-0.1379,-0.0173
44743.79099,-1.0264,0.4061,-0.1346,-0.5087,0.142,-0.1306
45038.04325,0.298,-0.1728,0.3783,-2.9235,-0.0107,2.1348
44423.51517,-0.2379,0.0782,0.0202,-0.1924,-0.1444,0.2025
44828.34981,0.2387,0.3042,-0.8544,-1.6268,-0.4758,0.4259
44781.81845,-0.0523,-0.5249,0.5706,-0.8495,0.4676,-0.3554
45362.18034,-2.0889,-0.7776,0.0609,-1.7556,-1.6136,-0.0918
44455.42411,-1.5773,-1.2441,-1.2963,0.1561,-0.1175,2.3936
45329.49064,1.2911,1.7643,-0.6939,2.7373,3.6096,5.4741
45312.7035,0.7495,-0.7541,0.9339,-0.3994,0.303,3.6346
45333.95385,1.5066,0.9811,-0.4267,0.0418,-1.8677,-3.5675
45408.38022,-2.1438,-0.6399,-0.3699,-1.0555,-1.6839,1.5129
45489.47067,0.9929,-1.5641,0.8791,-0.4007,2.8523,-1.4804
44659.89452,-0.6453,0.0721,0.0022,-0.4339,-0.0525,0.6585
45063.97321,-1.0341,-0.2274,0.0107,-2.0223,-1.2847,1.4515
45151.8824,1.3334,0.5986,0.344,2.9904,0.5717,5.1843
44851.29875,-0.1889,0.3665,-0.1311,-0.2247,-0.322,0.2139
45168.92107,-1.1076,3.0537,-0.1629,0.645,0.208,-3.5908
44585.73773,-0.7381,0.0128,1.3787,-0.5766,0.7027,-0.2377
44908.74719,0.3922,0.0596,0.1581,-0.1507,0.2603,-0.2063
44514.14307,-0.0606,0.1611,-0.2463,0.0786,0.1662,-0.4922
44786.97524,-0.128,0.1272,-0.042,-0.114,0.1465,0.0261
44493.69565,-0.5702,0.0704,0.283,-1.0368,-0.4021,0.0316
44755.25053,0.1679,-0.0774,0.2337,0.3951,0.0929,0.1846
45402.19813,-1.4401,1.2369,-0.1889,-0.8431,-0.4871,-2.8706
44534.71091,-0.1493,0.7112,-0.4349,-0.4952,0.0257,-0.7999
44465.88929,0.0535,0.1424,0.1173,0.441,0.1172,0.0694
45471.40707,0.8751,2.5494,-1.7209,-2.4921,0.4986,2.1605
45620.64009,-0.3197,0.0521,0.1896,-0.6941,0.2647,1.0156
44797.1078,0.3654,0.0139,-0.3981,0.5879,0.0131,-0.1612
45566.67051,1.8958,1.625,-1.186,1.1446,2.1078,5.9849
45515.64632,-1.9315,-0.6858,0.2596,-1.3895,-1.2969,0.2083
44743.15771,-0.2703,-0.2364,0.2232,0.9767,0.2697,-0.4957
45494.41628,0.5237,-0.9786,0.4123,-0.252,0.7626,4.2895
45089.48603,0.8742,-0.8139,0.6307,0.0162,0.8598,4.4511
45085.74649,-1.0198,-0.0249,-0.0117,-3.68,-1.5556,2.1148
45306.76262,-0.8544,1.4739,0.2116,-0.2874,-0.7618,-3.2399
44787.78945,-0.1209,-0.3248,-0.0108,0.2957,0.0393,0.6184
45129.02336,-1.0801,-0.5558,0.2399,-3.3639,-2.0769,1.7273
45334.64747,-1.0722,3.3319,-1.2453,3.1668,-0.5563,-4.8522
45457.89706,-2.1138,-0.692,0.1786,-3.0774,-1.6898,-0.0535
45273.56515,0.9339,-1.4513,1.3019,-0.3072,2.5659,0.7947
44762.60872,0.1102,0.1753,0.1626,0.1925,0.0635,-0.079
45223.5903,-0.2434,1.0637,-0.4083,-0.2935,-0.2607,2.0336
45011.55055,0.4595,-0.7135,0.3229,1.7306,0.3541,3.5767
45114.65323,0.5485,-0.9351,0.8088,0.1731,1.6394,4.5085
45491.70222,0.4251,4.5017,-1.0087,2.5839,-0.6706,-5.4228
45513.89723,-0.8187,0.3283,-0.253,-1.5091,-1.2088,1.7116
45315.47788,-1.8868,-0.6258,0.5477,0.008,-1.1795,-0.297
44771.26366,-0.265,0.1897,0.0383,0.3639,0.1573,0.4985
44725.24462,-0.4308,-0.6266,0.2295,-0.2038,0.1804,-0.1909
44657.02961,0.068,-0.0369,0.486,-0.3888,-0.6496,-0.5139
44384.84897,0.2215,0.0206,-0.0009,-0.1185,-0.2991,-0.0445
44743.39895,-0.068,0.4364,-0.5033,0.291,0.0632,0.0752
44488.93057,-0.0761,0.1636,-0.2023,0.4014,0.3466,-0.1974
44596.11185,1.0665,-0.4971,-0.6274,0.4884,-0.4298,1.3531
44755.40131,-0.152,0.0239,0.0828,-0.5713,-0.1431,-0.259
45390.49738,0.8467,-1.578,1.0306,-0.325,1.7987,1.8457
45359.4361,0.4152,-1.3984,0.1614,-0.7678,1.0995,3.9363
44435.85057,-0.6834,0.1654,0.2799,-0.0082,0.0882,0.2676
44387.35227,-0.4469,0.1051,0.0537,-2.2853,-0.215,0.2785
44365.60722,-0.5474,0.0242,-0.0566,-0.3706,0.1668,-1.0586
44999.33715,0.0288,-0.1686,0.0504,-0.5225,0.1123,-0.3191
45316.89525,-0.0701,-0.0117,-0.9777,1.0915,0.651,-0.4093
44908.41546,0.24,-0.0773,0.1232,0.1409,-0.1807,0.0721
44745.93212,-1.0898,-0.0928,-0.449,1.2298,0.3397,0.7191
45122.23795,2.093,1.438,-0.9381,-2.6779,-1.9283,-6.5716
45249.98258,-1.6404,-0.8852,0.4345,-2.0522,-0.9233,-0.5876
45306.1293,2.2203,0.6039,0.1965,-0.8219,2.628,-4.6346
44754.1649,0.6465,0.4978,0.133,0.6061,0.0018,-0.7495
45225.49524,1.1491,3.6391,-1.2397,3.6908,-2.641,-5.0895
45290.68412,-0.2372,0.5889,-0.2153,1.045,-0.045,0.7299
45399.99668,0.9797,-0.7284,0.364,-2.3574,2.0112,-2.4315
45507.71522,-1.6809,0.1162,0.3596,-0.5647,0.537,-3.0562
45533.43845,-1.4987,0.3288,0.4135,1.2784,0.4404,-2.339
45251.43011,-0.4528,0.4289,0.1673,-1.5216,-0.9726,2.1957
44529.2523,0.3937,0.0688,-0.0914,0.4336,-0.0485,0.0896
45378.49509,1.0175,-1.8499,0.7135,0.7961,1.7506,-0.1233
44827.9276,-0.0162,-0.3113,-0.0494,0.1043,0.1215,-0.2241
44804.4961,-0.4745,-0.2815,-0.196,1.5,0.1826,1.2007
45166.08636,0.7106,-1.1082,0.9714,-0.2702,0.777,3.2425
45409.58647,0.8703,-1.8254,0.584,0.7827,2.4487,0.9407
44552.89612,-0.1763,-0.0873,0.1314,-0.086,0.0738,0.0459
45028.31775,0.6117,0.0049,-0.1183,4.8049,-0.2071,-3.0634
44796.44432,0.5168,0.0409,0.3631,0.5449,-0.1721,0.0887
44874.39858,0.0453,-0.0655,0.0852,0.4969,0.1034,-0.013
44468.27183,-0.0195,0.4279,0.1926,-0.1584,-0.2126,0.1346
44991.49643,0.3213,-0.3479,0.3827,-0.2574,0.1072,0.9273
45000.72432,-0.0024,-0.2378,0.0007,-0.9611,-0.614,-1.9776
45001.50841,0.0603,0.0678,-0.0369,-0.2773,-0.2431,0.1182
44712.36766,-0.5425,-0.6138,0.1479,-0.1814,0.1585,-0.1108
45411.45618,-1.1725,-0.03,-0.3654,-2.2841,-1.4363,1.4586
45209.30103,-0.1406,1.1932,-0.6639,-1.527,0.6146,2.0161
45356.87282,1.3856,-0.1141,0.1734,-4.6592,1.2117,-4.1303
45021.83399,-0.2218,0.4057,0.5838,5.3659,-1.0781,5.5441
44738.42311,1.4636,0.171,0.2703,0.3639,-0.3981,0.0045
44405.59986,0.0268,-0.1439,-0.0402,0.615,-0.1717,0.2226
44659.17074,-0.052,0.0865,0.1742,-0.4694,-0.077,0.3427
45157.22021,1.6878,-0.5389,0.4044,-3.8932,3.4482,-3.2013
45355.00308,-2.6198,-0.5755,-0.1738,-1.241,-1.6633,-0.2156
44567.13051,-0.4085,0.7895,0.1676,-5.8575,1.6431,4.229
44695.75123,0.5123,-0.2,0.409,-0.6004,0.3454,0.689
45204.59657,-0.9309,-0.2549,0.3958,-2.8871,-1.4551,2.1626
45398.88092,-2.2197,-0.6062,0.0197,-0.4241,-1.2386,-0.9141
44563.99414,-0.0272,0.162,-0.4848,0.5033,0.4,-0.798
44740.80551,-0.2124,0.9468,-0.6773,-0.4706,-0.0232,-0.5511
45147.11761,0.8476,1.9623,-0.8554,-3.6733,-0.5891,1.7883
44803.92313,-0.2995,0.145,-0.0569,-0.3377,0.0293,0.1458
45347.5243,0.6044,-1.7123,0.5621,-1.5245,0.9884,2.0157
45220.75056,1.19,3.344,-1.0843,2.5093,-2.0643,-5.0429
44858.77749,-0.0761,-0.0994,0.0092,-0.0816,-0.1011,0.1419
45130.53123,-0.4384,0.9165,-0.488,-3.6599,-0.4776,2.2031
45157.58208,-0.5374,0.4621,0.0033,-1.3764,-0.8744,1.6073
45428.64534,1.1025,-1.2099,0.3538,0.0522,2.2969,-0.977
45458.71125,-2.0913,-0.8783,-0.2428,2.0741,-1.1249,-0.6812
44916.79889,-0.1743,0.4035,-0.1647,-0.0678,0.232,0.1583
45062.25422,1.8764,2.3378,-0.3717,4.4048,0.3599,6.1835
45224.4699,-0.9076,-0.5548,0.5816,-1.4986,-2.1506,1.3516
45390.31642,1.2863,0.8101,-0.592,0.5336,-0.6557,-4.7205
45572.49063,-1.3052,-0.1542,0.3578,-5.357,-1.0873,2.5846
44567.91464,-0.0644,-0.2843,-0.033,-0.5129,0.094,0.3728
44456.47969,0.2792,-0.096,-0.226,0.2336,-0.2099,0.4347
45079.26275,0.753,-1.0164,0.3791,0.4342,0.1337,4.7585
45012.5156,0.3117,-0.8678,-0.0779,2.5755,0.3276,1.7775
45415.16541,0.7958,-1.7627,0.6721,-0.0448,2.2979,1.2519
44678.71253,-0.0704,0.7931,0.5382,-1.2341,0.6272,-0.6456
44544.75355,0.0376,-0.09,-0.0163,0.0429,0.0624,0.0631
44834.8334,0.1814,-0.1609,0.5048,-2.0285,1.5409,1.5036
45114.23102,-1.8135,-0.827,0.4312,1.1851,-0.4323,-1.2376
45310.35127,1.5976,0.4805,0.4772,4.3921,-0.4917,4.5856
44864.26594,0.1372,-0.1554,0.0823,0.0662,0.0972,-0.0693
44755.88382,-0.079,0.0589,-0.0808,-1.0435,-0.0549,0.31
44542.97421,0.6147,0.9057,0.1816,-1.5621,0.0602,-1.7187
45317.11138,-0.2733,0.7468,0.1364,0.3722,-0.5456,0.5071
45343.27223,-1.68,0.2367,0.0659,-1.0513,0.0514,-3.0808
45426.86614,-0.7129,3.001,-1.2137,-0.8005,-2.8042,-3.8131
45500.32691,-1.3671,-0.8254,0.1868,-2.3415,-2.2141,1.2067
45188.97536,1.6563,0.737,0.401,0.7662,0.1858,-4.8765
44852.74624,0.0947,0.0585,-0.0108,0.2068,-0.5158,0.3028
44882.29972,0.4688,0.2635,-0.1081,0.2138,0.3931,-0.3535
45293.31271,1.5426,-0.3835,0.6528,-2.6122,2.2877,-2.5645
45585.87993,1.3278,-1.4872,1.3415,1.3793,1.9382,-1.3223
44903.40948,0.0869,-0.117,-0.238,-0.0723,-0.1891,0.045
45165.15145,1.4048,-0.3667,0.4534,-2.419,2.4238,-3.2659
45262.85951,-0.3194,3.3358,-1.0061,2.4489,-1.3416,-4.1049
45043.73285,0.1785,0.5073,0.5733,0.2519,0.3945,-0.4283
44421.58491,0.4317,0.307,-0.1439,-0.0172,-0.0368,-0.3687
44482.38615,0.8512,0.5175,-0.2085,-0.3007,-0.4387,-0.8063
45125.94729,-2.0237,-0.6592,0.3351,-2.5816,-1.1594,-0.343
44393.44478,-0.3545,-0.5464,0.2759,0.2119,0.1661,-0.1914
44394.9227,0.3258,-0.2724,-0.3404,0.1351,0.0212,0.3122
45040.2799,-0.7489,0.4549,1.4475,-3.0519,-1.1756,1.5152
45285.1453,-1.3423,-0.7834,0.4263,2.5672,-1.4064,-1.2741
45368.21167,0.8076,-1.7487,0.7871,-1.3109,2.2671,2.4908
45612.14592,0.4859,-0.8368,0.566,-0.1353,1.4476,3.821
44515.65099,-0.4644,-0.2539,0.4611,0.9938,0.4927,0.8826
44431.71863,0.7187,0.0678,0.1968,0.1072,0.1077,-0.023
45095.36692,-1.2921,-0.1596,0.2079,1.2492,-0.0091,-2.1488
44878.71104,-0.83,0.0637,0.2355,-0.031,0.2495,0.5671
45054.02138,-1.6668,-0.9384,0.4598,2.1545,-0.7582,-0.95
45242.53388,1.4863,1.6114,0.389,4.6651,-0.0521,4.6235
45022.76883,-0.1978,-0.0331,-0.0917,0.5966,0.2452,0.9347
45310.5925,-0.8952,-0.7195,0.4553,-2.9625,-2.0053,1.0941
45316.62383,1.1394,0.0975,0.9186,4.6253,1.1597,-3.8867
44671.17329,-0.1149,0.2057,0.9028,0.156,0.7216,-0.0687
45213.85469,1.1666,0.899,0.3631,6.1662,1.1176,-2.2977
44622.46936,0.468,-0.4253,-0.2109,-1.7098,0.6504,-1.2353
44871.50352,-0.0127,0.0751,0.1414,-0.1308,0.119,0.1831
44448.12555,0.3639,0.3093,0.3098,-0.7883,-0.3655,-0.693
44403.97115,0.0582,0.1329,0.0651,0.599,0.4,-0.3004
44903.16824,-0.0415,0.0899,-0.7709,-0.5,-0.3459,0.4936
44428.43121,0.0811,0.0274,0.0406,-0.7694,-0.0352,-0.0744
45196.96691,1.4471,-0.5566,0.7461,-1.2166,2.8834,-2.2138
44862.69781,0.3313,-0.1503,0.1305,0.1403,-0.1367,0.0339
44922.49846,-0.3808,-0.0177,0.7208,0.4907,0.1433,0.2504
45469.77864,3.3132,2.0505,-2.3976,-3.0526,1.2755,4.3272
44358.36892,0.0212,0.0001,0.0396,-0.3601,0.0554,0.3054
44730.61252,-0.5188,0.5145,-1.0964,-0.2711,-0.2186,-0.0421
45108.39547,1.5079,1.9115,-1.5371,-3.5382,-0.0631,2.2855
44919.51296,0.4628,0.289,-0.0282,-0.2707,-0.0311,-0.2985
44813.24146,0.4541,0.0701,-0.0804,0.1168,0.422,-0.4668
44526.62855,-0.1895,-0.2747,-0.2886,-0.366,0.2643,-0.2974
45384.70732,0.922,0.9099,-0.5653,0.4064,-0.9085,-4.8434
44903.77136,-0.0982,-0.0454,-0.2066,0.7036,0.3212,-0.1662
44958.26373,-0.2608,0.0078,-0.2528,-0.2916,0.4316,-0.3164
44412.77812,0.0771,0.2854,-0.1165,0.156,-0.0671,0.225
45161.59294,-0.8408,-0.2721,0.3335,-2.4992,-1.7901,2.1552
45478.52395,1.1049,1.2122,-0.0296,4.0046,0.7737,5.7347
45511.00224,-0.0128,3.8137,-1.2882,1.3689,-2.1737,-3.4783
44480.69723,0.3242,0.181,0.3647,-0.284,-0.3733,-0.1961
44990.89328,-0.1035,0.2263,-0.0139,-0.5555,0.6931,1.0564
45023.76403,0.1202,-0.0663,0.2877,-1.3251,1.931,0.1309
44542.79328,0.4435,1.0259,-0.4276,-0.9017,-0.095,-1.1661
44581.27441,0.5366,-0.4661,0.0532,0.6104,-0.2761,0.287
45243.137,1.2936,-0.5266,0.6827,-0.6743,3.1546,-1.9352
45141.29732,1.4526,-0.9804,0.9238,-1.4226,2.2925,-2.6827
45267.59411,-1.5378,-0.7151,0.6239,0.3364,-0.8652,-0.4141
45415.3162,2.0309,1.9904,-2.6162,0.483,0.4272,3.9201
44396.64188,-0.2267,-0.1594,-0.6342,-1.2855,-0.0993,-0.9889
44712.09627,-0.42,-0.2033,-1.6946,-0.7178,-0.92,0.5714
45015.50112,0.1423,-1.3535,-0.0407,6.0836,1.7375,0.0106
45489.89287,-1.9211,-0.5972,0.5568,-2.9986,-1.6594,0.4752
45608.61764,-0.205,-1.135,0.7276,-2.0187,0.4208,0.9605
45031.22281,-0.0457,-0.0745,0.0014,-0.0642,0.0066,-0.1696
44442.63653,0.2195,0.2671,0.0093,0.4373,0.0396,0.1876
44720.08784,-0.7933,0.2976,-0.579,-0.3177,0.2478,0.217
44804.25486,0.7183,-0.1417,0.2974,-1.5266,0.0404,-0.522
45575.5364,2.0762,2.8377,-1.7998,-0.9979,0.2331,4.2932
44859.29016,-0.2873,0.0409,0.0402,0.1114,0.0937,0.1083
44937.45591,-0.0807,0.0195,-0.0886,-0.0143,1.0277,0.4403
44756.21555,-0.674,1.1984,-0.716,-0.5836,-0.4003,0.5412
44433.07586,0.5801,-0.2046,0.1085,0.6508,0.0475,-0.3501
45085.23382,0.5644,3.8305,-1.351,3.5961,-1.9471,-4.1347
44436.5744,0.268,0.0626,-0.1378,-0.0943,-0.0717,0.2834
45241.84027,-0.1064,1.233,-0.7092,-2.5691,0.1909,2.2351
44425.47558,0.2815,0.178,0.175,-0.2998,-0.186,0.1112
44569.72407,-0.2836,-0.0969,-0.5814,0.7304,-0.1249,-0.055
45349.1226,0.6005,-1.385,0.3156,-0.4751,0.818,2.9901
44687.36755,0.7344,0.2313,-0.0419,-0.4882,-0.0011,-0.1445
45288.86965,-0.3667,-0.3322,-0.5917,-0.1662,0.4852,-0.6132
45364.77384,0.2073,2.6483,-1.1306,3.8458,-1.4116,-5.0481
45344.08645,-0.8563,3.2171,-1.887,3.0179,-1.0182,-3.6654
45449.54371,0.6305,-1.5069,0.9205,0.0034,1.7253,1.8927
45255.6822,0.0536,3.8621,-0.8271,4.0133,-1.3034,-5.7209
45303.566,-0.999,2.0377,0.2235,0.8726,0.8311,-2.8425
44605.73207,-0.1499,-0.0853,0.4529,0.0596,-0.0227,0.3181
44375.89159,-0.0796,-0.121,0.116,0.0785,0.2194,0.2238
44850.78609,0.0731,0.3732,-0.0793,-0.2956,-0.1256,-0.3719
44927.9567,0.5587,-0.0483,0.6037,-0.608,0.0757,-0.5601
44929.10264,-0.2036,-0.1243,0.093,0.3591,0.0576,0.7138
45121.72527,1.037,-0.3462,0.7176,-0.3164,1.7022,6.0592
44912.06436,0.181,0.6144,-0.1057,-4.7562,1.9124,2.8773
45211.95482,-0.8804,0.3574,0.4514,3.7247,-0.2206,-2.9997
45242.98622,0.3898,3.5346,-1.2357,1.5823,-2.3103,-4.7989
44515.53036,-0.0063,-0.2978,0.3141,-0.274,0.2502,0.17
44596.50388,0.1961,0.1969,-0.4583,-2.2341,-0.096,-1.3582
45330.72709,0.3462,2.6374,-1.3309,2.8742,-1.1309,-5.4665
45000.48308,0.3832,0.0263,-0.4207,-1.716,-0.3865,-1.4346
45154.3553,0.4967,1.4514,-1.0642,-4.0475,-0.5387,1.5272
45513.74645,1.1186,0.2236,0.191,3.7749,0.3829,5.0588
44737.42795,0.5211,-0.1827,0.5881,0.561,0.0962,0.7143
44836.40152,0.1815,-0.1129,0.1074,-0.1186,0.422,-0.4564
44988.90293,-0.1676,-0.0024,0.3345,-0.1206,0.2644,0.474
45011.73149,-0.1611,1.8867,-0.5805,-0.5477,0.1051,0.1568
45395.02088,-0.2772,2.8861,-0.9978,2.4293,-1.5721,-5.2939
44907.4203,-0.0703,-0.1305,-0.1648,-0.4088,0.2251,-0.1801
45074.4678,1.1859,-1.2377,0.5581,-0.6723,4.409,-1.8498
45112.8136,1.8418,1.1018,-0.2818,-0.6296,-0.4332,-5.2219
45188.04052,-1.0743,1.6784,0.3292,2.1032,0.5893,-2.8524
44967.73298,-0.2338,0.0085,-0.073,0.5119,0.8607,-1.2074
45271.9367,1.4271,-0.9971,1.3563,-0.0082,3.544,-1.3699
44873.25265,-0.1277,0.1731,-0.0343,0.3186,0.1958,-0.142
44898.8257,0.0036,-0.1738,0.4957,0.144,0.2983,0.1516
45046.7234,1.2942,-2.4634,1.7122,1.1893,1.7307,-1.9616
45112.15012,1.3283,-1.5969,0.9744,-0.4731,0.3809,-1.2464
44983.86681,0.163,0.1891,0.1495,0.2376,0.1732,-0.3936
44532.23793,0.2347,0.0129,-0.0897,0.5451,0.0832,0.111
44740.41343,-0.3152,-0.2141,-0.644,-0.7893,0.0773,-0.6534
44773.10322,0.796,-0.1224,1.221,-0.6425,-0.592,0.8317
45612.5681,-1.4886,-0.2125,0.0203,1.7303,0.0588,-1.8076
44884.10914,0.0652,-0.446,-0.0547,0.0542,-0.2022,0.6515
44417.21172,0.3005,0.9184,-0.2468,-1.2665,0.2852,-1.1893
44552.11204,0.0746,-0.1479,0.0349,-0.4192,-0.1168,-0.1281
44986.55071,-0.0198,0.2368,0.5374,-0.5248,0.6749,1.0467
45168.98138,1.5082,3.8245,-1.4905,5.0649,-1.2289,-5.9521
44415.79419,0.2718,-0.0411,0.4512,-0.1672,-0.183,0.2151
44459.85747,0.0773,-0.1084,0.1652,-0.6187,-0.0174,-0.3041
44397.0943,0.1218,-0.3665,-0.2206,-0.4765,-0.37,0.146
44722.44005,-0.2972,0.2195,-0.7172,-0.9989,-0.3736,-0.4784
45073.29168,-1.0956,-0.3235,0.0376,-1.8363,-1.9836,1.3706
45006.30329,-0.0273,-0.3697,0.0333,0.7332,0.7279,0.1834
45303.74694,1.7012,0.2241,0.5784,-4.2377,1.7527,-3.7011
44601.0275,0.2421,0.3315,-0.083,-1.2278,-0.0153,0.7797
44834.68262,0.0316,-0.0236,0.0879,-0.0821,0.0797,-0.0653
45599.60096,1.2207,0.8993,-0.103,-3.4022,-0.7299,-4.2405
45495.01941,1.0616,-0.0492,0.4138,-3.8059,0.696,-3.7983
44641.64945,0.3008,-0.7392,-0.0637,0.858,-0.4009,0.9099
44395.7672,0.5763,-0.3041,-0.2667,-0.4108,-0.1243,-0.2489
45477.43832,1.003,0.8693,-0.1594,-2.9733,0.9733,-4.3481
45608.46685,0.9347,0.4882,-0.0986,-0.6048,0.9262,-3.4256
44424.72158,-0.4101,-0.6492,0.2968,0.0343,0.1518,-0.0153
44819.06165,0.3782,0.0078,0.0783,-0.1751,-0.1242,-0.0199
45171.45427,1.6185,0.9266,0.0405,-0.2569,-0.2587,-4.9153
45474.96552,0.023,3.2096,-1.0496,3.2157,-1.6519,-5.2614
45558.37756,1.6095,0.4269,0.4572,-2.1016,0.2773,-4.2185
44461.51624,0.3854,-0.2812,-0.0884,0.3948,0.3187,-0.1762
44470.92581,0.0488,-0.4274,0.6067,-0.5804,0.4194,-0.9906
45514.40987,1.1819,-1.6797,0.7602,-1.2988,2.1341,0.2362
44629.61664,0.2041,0.3748,0.2945,2.304,-1.9306,-1.934
44677.29515,-0.0236,0.0211,0.5224,-0.5326,0.3042,0.4118
45514.59081,2.6088,2.8281,-2.4159,-1.2342,0.3061,3.7576
44738.54374,0.3745,0.7275,-0.9048,0.2379,-0.2415,-0.6791
44538.3299,-0.477,0.1492,0.1311,0.2103,0.0547,0.4687
44874.70015,-0.2787,-0.0539,0.0059,-0.5429,-0.0153,-0.2195
45176.88248,-0.9637,-0.3492,0.5154,2.0072,0.189,-2.9742
45422.85531,-1.5531,-0.323,0.1549,1.3623,0.0691,-2.9588
44925.69501,0.4088,1.1626,-0.1313,0.1448,-0.5392,0.3304
44444.50645,0.1901,-0.3507,0.3584,-0.3558,-0.0572,0.711
45470.14052,-1.4517,2.7775,-0.0926,1.2964,-0.2915,-4.1275
45474.84488,-1.793,-0.5909,0.2509,1.4485,-0.8661,-0.7645
45513.083,-0.5923,0.9392,-0.475,0.9869,-0.6108,1.3802
44833.47636,0.0619,0.2362,-0.1316,6.0837,-2.3021,-2.4421
45610.69843,-1.6307,-0.5056,-0.057,-5.0365,-1.4085,1.1547
44847.01655,-0.1337,0.0996,0.168,-0.2179,-0.1695,0.0781
45019.69286,0.162,0.4265,0.2159,-5.915,1.6303,0.7773
44552.17234,0.273,-0.1234,0.2534,0.1633,0.1613,0.0405
44930.33904,-0.2265,0.3196,-0.3379,1.0168,-0.0768,0.3703
44646.8968,-0.1293,0.7564,-0.546,-4.536,1.277,2.5541
45579.66779,-0.1649,1.3731,-1.1663,-3.567,0.505,2.1292
44541.49648,-0.1103,-0.0421,-0.091,0.1964,-0.4215,0.2993
44573.76519,-0.2556,-0.2663,1.1706,-1.1233,-0.005,0.767
44905.33951,0.0234,0.0711,0.4828,0.5368,0.2322,0.0072
44916.40686,0.2608,-0.4577,-0.3517,-0.0523,-0.0717,-0.1338
45318.29251,1.3629,0.2801,1.0944,-1.2603,2.1681,1.7371
45464.5616,1.3273,2.3116,-1.466,2.0738,-2.1199,-5.7134
44358.64034,-0.0146,0.2117,0.2788,-2.4028,0.4818,0.7808
44582.81245,-0.1669,0.7957,0.0531,-1.4453,-0.1356,-0.1061
45391.85443,0.7819,2.4046,-1.3645,2.4528,-1.2076,-5.35
45611.96498,0.7409,-0.8164,0.5906,0.5915,2.827,-1.2729
44458.47019,-0.0959,-0.0132,-0.1633,-0.0402,-0.2207,-0.1754
44418.08638,-0.2959,0.0128,-0.3628,-0.6454,-0.0736,0.8271
45416.58278,1.0257,1.8193,-0.96,3.0481,-1.2867,-5.445
45339.59313,1.1717,-1.4238,0.4105,0.1143,3.413,-2.1879
44610.7683,-0.2022,-0.0084,0.0256,-0.4557,0.1786,0.2912
45015.9233,-0.1593,-0.2596,0.5652,3.44,1.8542,-0.5684
44773.34446,-0.6988,0.049,-0.0542,0.7721,0.2961,-0.2915
44982.20821,-0.412,-0.5262,-0.0496,-0.3007,-0.4962,-0.1993
45449.84529,-1.3708,-0.09,-0.2741,-3.2703,-1.2645,1.8672
44729.37607,0.2054,-0.9916,-0.8854,0.3628,0.0774,0.4604
44820.26788,-0.5882,-0.36,-0.2273,0.4145,0.365,0.5375
44527.26188,-0.2899,-0.2226,0.4414,-1.5869,-0.0657,0.5917
44981.06224,0.2587,0.0231,0.0699,-0.1527,-0.3158,0.367
45017.73269,0.2622,-1.368,0.0756,5.126,2.3038,0.5185
44892.01028,0.1847,-0.2233,-0.4442,-0.4735,0.2458,0.143
45036.22379,-0.1341,0.1911,-0.174,-0.8,1.0074,0.0327
44501.89875,-0.5822,0.0156,0.4186,-1.1754,-0.3138,-0.3124
44674.61118,0.5,-0.1597,-0.2019,1.0824,0.1092,0.4755
44699.85254,-0.1966,-0.1811,0.3422,-0.0866,0.8176,0.6237
44712.94066,0.1489,-0.0318,-0.4057,-2.669,-0.2917,-0.3591
45066.23497,-0.642,0.6717,-0.3713,-2.8245,-0.6103,1.801
45116.31196,3.3819,3.1948,-2.4023,-4.9173,-0.1243,3.0095
45190.4229,-1.3146,1.9563,-0.0535,0.9739,0.6388,-2.7422
45234.75341,-0.4171,0.5117,0.1463,-3.2323,-1.5922,2.9857
44404.84582,0.0443,0.143,-0.2848,0.6612,0.0595,0.449
45449.72465,0.5043,1.4312,-1.238,-5.0054,-0.0801,2.3252
45007.208,0.5954,-0.486,0.2249,-6.9513,-0.1699,3.4354
45404.70113,1.5311,0.1535,-0.0188,-3.1226,2.6996,-4.1226
44831.45591,-0.2839,0.4245,-0.3121,-0.5795,-0.054,0.1577
44942.70311,0.0431,0.1683,-0.2464,0.1601,-0.5367,0.4417
45172.53991,1.5558,1.9774,-0.0249,4.0529,1.1255,4.8133
45474.09099,-1.6104,-0.239,0.2556,1.3376,0.143,-2.6439
45481.87129,-1.1712,-0.0735,-0.1899,1.4864,-1.7314,1.3821
44383.82356,-0.0223,0.2621,0.1484,0.1653,-0.3232,0.1663
44641.77009,0.0357,0.2444,1.0148,-0.4905,0.2315,-0.7706
45057.67039,0.6097,1.3889,-1.0105,-4.5617,-0.4547,1.3079
45462.903,-0.4862,3.4409,-0.9821,0.486,-0.8723,-5.7137
45378.13321,-2.2538,-0.5319,0.2538,0.8963,-0.5896,-0.0059
44940.38106,-0.1684,0.0775,-0.2387,-1.6664,-0.4163,-0.1662
44809.20051,-0.2466,-0.0827,0.2347,0.4325,0.2862,0.1551
45197.93192,0.8548,-0.6935,0.8089,-0.0408,-0.1315,4.4949
44602.59569,-1.3967,0.1299,0.6222,0.7951,-0.0393,-0.787
45282.49153,3.458,3.1793,-2.114,-4.3287,-0.4756,3.8676
45006.39378,0.0876,-0.2679,-0.0266,1.0342,1.1517,1.31
44731.66799,-0.2544,-0.0085,-0.2436,-2.3717,0.1097,-1.206
44508.95583,0.4125,-0.1558,0.2738,0.199,0.1568,-0.1156
45132.76285,0.9133,-0.5683,0.6524,0.2713,0.8837,4.5211
44769.12256,0.5498,-0.3865,0.0003,-0.6118,0.0673,-0.0757
44829.31482,-0.2802,-0.1401,-0.3113,-0.2952,0.1597,0.2613
44830.15918,0.0268,-1.2606,-0.0015,0.2994,-0.2729,0.0085
45356.08872,1.0722,-0.1869,-0.0981,-3.5202,2.6727,-3.4569
44375.77096,0.1171,-0.1298,-0.0333,0.2909,-0.1724,0.2147
44418.32765,0.4416,0.1415,0.2401,-0.1382,-0.0699,-0.4461
44818.72993,0.1348,0.2494,-0.0829,-0.7286,-0.1312,-0.5009
44860.82811,0.9499,1.0664,-1.781,0.0557,-0.1175,2.08
45330.00331,1.5062,0.8125,-0.6887,-1.5856,-1.0655,-4.5359
45426.56456,-0.4669,0.6231,-0.7211,-0.0312,-0.0785,1.7401
45427.58989,-1.3952,-0.3967,0.0332,1.3249,-0.4242,-2.124
44717.88638,0.078,-0.0742,0.5776,1.0951,0.6699,-0.0273
45342.36752,-1.8449,-0.715,0.1219,-1.1389,-2.1068,0.7417
44769.54474,0.5993,-0.3726,-0.4971,0.8462,-0.2005,0.1317
44667.10207,0.1872,-0.0953,-0.7869,-0.2702,-0.4951,0.281
45182.67258,1.3788,-0.2905,0.4681,-3.3145,3.2149,-3.2162
45377.07771,2.4951,2.601,-2.6054,-2.5547,0.1975,3.3518
44660.31673,0.053,0.0603,0.0783,-1.12,-0.505,-0.2079
44911.91357,0.2035,-0.0033,0.4761,-1.8412,1.1253,1.3927
45050.01053,0.3896,1.6767,-0.7005,-3.7192,-0.797,0.9268
45125.19336,-1.6546,-0.6093,0.4878,2.0154,-1.1165,-1.0972
45326.83687,1.2566,0.8871,-0.6325,-0.1407,-0.644,-5.0507
45343.60397,0.8,-1.6766,0.6384,-0.3948,0.9329,2.6713
45466.40113,0.521,-1.6403,1.0336,-0.5626,1.9391,2.2818
44776.29981,0.1386,-0.6348,0.1451,-0.4497,0.2053,-0.2306
44792.22243,0.0808,-0.3877,0.0724,1.9311,0.7835,0.1148
45362.96444,-1.7184,-0.4403,-0.008,-3.1891,-1.7617,1.2358
45257.70273,2.0356,2.396,-1.9791,-1.3712,1.0672,2.9438
44448.63829,0.3305,-0.4671,1.2522,0.5027,0.193,0.6958
44563.11956,-0.1064,-0.1542,-0.3701,0.0727,-0.0788,1.2344
44781.48672,-0.5011,-0.2655,-0.0212,0.3809,-0.0641,0.3663
44383.40132,-0.258,0.0197,0.157,-0.0143,0.1795,0.3506
44886.15982,-0.1197,-0.0134,-0.4013,0.2567,0.2227,0.0443
44956.27341,0.143,0.2506,0.6688,1.9652,1.1939,-0.4576
45095.54785,1.5687,-0.368,0.274,-3.8194,1.0214,-4.0129
44839.5378,-0.4223,0.9686,-0.1761,-0.3371,0.0465,-0.037
45398.18729,-1.1074,2.8089,-0.797,0.8493,-0.4926,-4.5755
44508.32253,0.4809,-0.2044,0.1377,-0.6895,-0.1269,-0.3456
44588.36142,-0.0389,-0.6215,0.5968,-0.6161,-0.184,1.1578
45410.58167,0.1202,1.3217,-1.3549,-2.2664,-0.2372,1.6494
44726.93337,-0.5433,0.9056,-0.7753,-0.5362,-0.0371,-0.6646
45621.21305,-0.1896,0.0059,-0.1498,0.2722,0.0515,-0.0928
44917.85437,0.0246,-0.4383,0.2859,0.8978,0.0852,0.5082
44410.21449,-0.1821,0.2501,-0.2039,-0.4542,0.01,-0.0084
44409.61128,0.135,0.3441,-0.0215,0.2664,0.0559,-0.6949
44716.25793,0.4078,-0.2791,0.4994,1.3708,0.1468,0.8901
45117.91031,-0.0882,0.9418,-1.109,5.9757,-2.1041,-2.06
45110.48138,-0.8596,-2.7933,0.5271,-1.6287,3.5836,-0.0058
45484.07274,0.345,-0.978,0.388,0.0793,-0.2401,4.5135
45493.27034,-0.9364,3.1428,-0.2601,3.8147,0.6375,-3.7975
44905.70139,0.1435,-0.206,0.2003,0.6393,0.0979,0.5604
44596.32294,-0.3456,1.0717,-0.0425,-0.8719,-0.6735,-0.9201
45432.5657,1.3058,0.8969,-0.4459,-0.5639,0.5888,-4.9447
45207.52177,0.8877,-0.933,0.9881,-0.4731,1.3912,2.7195
45308.63232,1.1554,-1.4399,1.3934,0.3312,2.2862,0.971
45425.53925,0.5972,-1.7881,0.9041,-0.0799,1.8293,2.0655
45441.64277,0.935,-0.4805,0.3517,1.6207,1.4768,5.1112
45481.47926,0.8576,-0.7119,0.1742,-2.3285,3.3536,-2.2802
44606.63676,-0.1242,0.0728,-0.0451,0.1786,0.3882,0.2743
45031.82596,0.0766,-0.0121,0.1447,-0.5759,-0.1125,1.4547
45113.17552,1.6382,1.8208,-1.2439,-6.1167,-0.9021,2.1198
45443.12044,0.9633,-1.6191,1.1963,0.5375,2.4041,0.0855
44932.81187,1.5967,0.1329,0.4503,1.2089,-0.6591,0.4196
45429.18816,-1.4273,-0.3482,0.0961,1.68,-0.0741,-2.6803
45563.17241,1.2019,0.3325,0.6725,-4.1957,0.6781,-3.0566
44359.00225,0.2945,-0.2649,0.177,-3.7499,0.7645,1.4914
44800.72656,0.9337,0.1887,-0.0184,-2.1745,0.8403,-0.7051
44364.85322,0.0552,0.0165,-0.4618,-0.3904,0.005,-0.6202
44425.747,-0.0668,-0.2194,0.2082,-0.2453,-0.2601,-0.2016
44912.33575,-0.0935,-0.4683,-0.691,-3.9232,-0.5617,1.524
45387.3008,0.814,-1.5918,0.9016,-0.1529,1.7586,2.4788
45487.57082,-1.928,-0.6728,0.3293,1.4194,-1.8992,-0.214
45041.7375,-0.9998,-0.2749,0.1483,-3.1336,-2.0959,2.1735
44918.12579,-0.2892,0.3687,-0.2191,-0.5192,0.0539,-0.0586
44406.08243,0.4627,0.129,-0.2624,0.5044,0.1228,-0.4748
44670.11777,0.4744,2.716,-1.2914,-2.303,-0.2345,-1.0427
45495.41144,-0.8905,0.5887,-0.3134,-1.2454,-1.0294,2.5037
45153.72199,-1.2427,-0.6506,0.3627,-3.0036,-1.9006,1.1227
45265.66406,1.9444,1.8357,-0.1897,3.1202,2.2911,5.1075
45439.80322,0.9821,0.2552,-0.0072,-2.9833,-0.1385,-3.5061
44954.4942,-0.2388,0.1017,0.2686,0.0715,0.1135,-0.1183
44467.87977,0.3473,0.0891,0.0029,0.1109,-0.1378,0.1067
44990.56155,0.278,-0.2024,0.235,-0.1041,-0.6374,-0.1509
45068.73797,-1.6943,-1.1044,0.2645,2.3521,-0.3187,-0.5229
44524.03493,-0.0364,-0.044,0.0778,0.6078,0.1631,0.1021
44477.89247,-0.1223,0.4828,-0.3854,-0.1853,-0.4136,-0.468
44882.48066,0.5626,-0.4372,-0.1867,0.3528,0.0082,-0.0492
44886.22015,-0.3548,-0.0978,-0.0044,0.0924,0.1298,0.3193
44943.90934,-0.1299,0.2001,-0.0772,-0.4996,0.2752,-0.1007
45095.15579,-0.7993,0.1319,0.0451,-2.8185,-1.1412,2.3265
44708.23619,0.0943,0.2107,-0.0117,0.2652,0.1142,-0.1972
45022.49744,0.0262,-0.0608,0.2596,-2.3025,0.9647,3.6103
45123.05219,2.5244,0.7412,0.0782,-2.4647,0.823,-6.8899
45230.38064,1.5488,-0.3348,0.6713,-2.9071,1.7606,-3.4148
44813.66367,0.8059,0.865,0.3822,-0.0099,0.222,-0.6513
45480.78568,0.7096,-1.8605,0.8072,-0.1982,1.9087,1.759
45538.38409,1.2338,2.2101,-0.9878,1.7524,-1.751,-5.371
44829.55606,0.1505,-0.0958,0.1177,0.2076,0.2054,0.105
45053.0564,-0.343,0.973,-0.677,-0.0159,0.9002,2.6619
45292.28737,-0.8336,-0.675,0.8993,2.2163,-0.6416,-2.0229
44831.7876,-0.1689,-0.0433,-0.0073,0.4132,0.1069,0.1452
44388.92063,-0.3957,-0.4568,0.8148,-2.3027,-0.4005,-1.0791
44531.12208,-0.2565,-0.4878,-0.0265,-1.4976,-0.2841,-1.2174
45085.56555,1.0898,0.0008,0.4615,1.2604,0.8253,4.5647
45592.21271,-1.2699,-0.1848,0.4851,-2.668,0.4462,-2.4938
45345.83555,0.985,-0.9237,0.159,-3.439,3.0585,-3.2304
45296.5395,1.5803,-0.5862,0.8821,0.507,2.0546,-2.6606
44605.70189,-0.526,0.2799,-0.2571,-1.0514,-0.2913,0.0548
44925.12205,0.1835,-0.0377,0.5532,-0.095,0.2869,-0.2338
45320.7101,1.2066,-0.1618,0.9414,1.7264,1.8674,-3.6723
44595.53885,-0.078,-0.0893,-0.1984,-0.3632,0.9671,-0.4836
44717.79593,-0.0656,0.5104,-0.3689,-0.4819,0.0264,-0.2833
45081.76578,-0.2422,1.2365,-0.7018,-3.8688,0.193,2.5469
44785.73881,0.9128,-0.7814,-0.659,-1.521,-0.4334,-0.9181
44389.91593,-0.1803,0.1368,-0.0873,-0.0771,0.0509,0.1689
44459.31465,0.4436,0.0072,-0.0447,1.0307,0.0958,0.3043
44600.9672,0.751,-0.2161,-0.038,-1.9243,0.1673,0.8069
44430.66301,0.0081,-0.1089,-0.3061,-0.9349,-0.522,-0.6377
44918.60831,-2.6287,-0.3718,-0.3048,1.7465,1.2286,-0.0447
44948.55342,0.1556,0.0109,-0.2208,-0.1395,0.1836,-0.4122
45282.18994,1.6307,0.7152,-0.0417,-3.6285,2.554,-4.5104
45110.33059,0.7841,2.0602,-0.1356,-5.8865,-5.6534,-6.0591
45213.55311,-0.8233,2.0661,0.1678,3.2922,-0.1894,-5.0322
45345.44352,-1.1937,-0.2503,-0.2518,-3.0169,-2.1853,3.0329
44380.26473,-0.1676,-0.338,0.0234,0.6964,-0.2063,0.5348
44676.84279,-0.3461,0.2199,-0.0311,-0.5507,0.2328,-0.6006
45264.42769,-0.994,1.3161,0.3081,0.7948,-0.5662,-3.0681
45488.17394,-0.5006,1.3001,-0.8971,-2.3723,-0.0376,1.7534
45161.38185,0.6741,-0.5833,0.7308,0.1449,-0.0203,4.1751
44442.33494,-0.3927,0.3922,0.2528,0.5385,-0.0792,-0.0068
44768.54959,0.367,-0.1903,0.1202,0.3649,-0.1055,0.1778
44766.92114,-0.204,0.5356,-0.3238,-0.7111,0.0683,-0.4865
44949.45811,-0.481,0.1516,0.6497,0.501,0.4201,0.0524
44928.34873,0.0051,-0.0118,-0.3179,-0.7067,0.1708,-0.4847
45388.65783,0.3589,2.4504,-1.6301,0.8983,-2.4076,-4.778
44805.34051,0.0857,1.6701,-0.8328,-1.1223,-0.2862,-2.0213
45349.75587,1.0835,-0.218,0.0629,-2.9356,0.8378,-3.7212
45166.59901,0.8017,4.4694,-1.0089,2.6382,-1.6258,-5.0587
45222.65543,0.8946,-0.5848,0.8582,1.0624,-0.1938,5.2339
44975.60388,0.6763,0.1323,0.2245,0.4745,0.3652,0.2969
45430.99757,1.3498,0.0642,0.1369,-3.2837,0.2517,-4.34
44385.63313,0.0375,0.0717,0.0691,-0.0026,-0.0623,0.2536
44468.66389,0.0111,0.0123,0.4011,-0.4725,0.0526,-0.1814
45272.05731,0.6929,-0.6982,1.0226,-0.7323,0.3222,4.0482
45438.44618,1.7321,1.6952,-0.9661,1.6804,3.1001,6.4155
45339.56298,1.3257,-0.7457,0.0739,-2.5106,3.1591,-3.1204
45186.01999,0.7966,-0.7983,0.8873,-0.7399,0.2831,4.157
44505.36697,-0.1306,0.0832,0.349,-0.6928,0.1133,0.0027
44448.00491,0.3686,0.1646,-0.4904,0.1102,-0.0639,-0.0799
44753.01894,0.265,0.3013,0.1256,-0.6246,-0.4594,-0.0379
45122.75061,-1.2125,-0.4755,0.2329,-1.9414,-2.8631,1.8581
44450.32721,-0.4198,-0.1838,0.0562,0.6296,0.3035,0.0251
45025.81471,0.7739,0.4606,0.0378,0.2653,0.0831,-0.683
45160.23591,-0.1209,3.0596,-0.5684,3.208,-1.4373,-4.2351
44853.16845,-0.0205,0.1892,-0.3123,0.6097,0.3831,-0.0985
44509.67964,0.341,-0.753,0.3676,0.4611,0.2827,0.7081
44797.56013,-0.0191,-0.523,0.1218,0.1968,0.0143,1.0833
45156.73771,0.109,1.4332,-0.7654,-2.9224,-0.6693,1.409
44923.64437,-0.2974,-0.4031,-0.412,-1.1819,-0.3568,0.1857
45282.67247,-1.1699,-0.5495,0.3538,-3.3894,-2.3816,1.6191
44677.89827,-0.2548,-0.9634,0.3842,0.3227,0.0036,0.846
44990.01874,0.3,-0.334,0.2737,-0.7818,0.2044,0.8139
44481.30041,-0.046,0.3382,-0.0202,-0.7133,-0.4228,-0.3201
44535.04264,-0.4598,0.0935,0.0738,-0.9939,-0.1075,-0.317
44414.16552,0.0615,-0.1201,0.3567,0.1063,0.0517,-0.4363
45164.72927,-0.617,0.3249,-0.0221,-0.0341,-0.9236,1.7841
45319.926,0.8678,-0.753,0.9407,-0.7343,0.7761,2.7307
44603.86231,0.1387,0.5105,-0.2757,-0.6271,-0.2515,-0.6246
45140.93542,-1.5721,-0.7049,0.2236,-3.2912,-2.5784,1.7665
44691.34827,-0.19,0.1039,0.0912,0.6855,0.2764,0.0088
45445.62343,0.6763,-0.8942,0.5523,-0.1688,1.2616,4.6955
44611.31112,0.2857,1.3093,-0.446,-1.8375,0.6544,1.0587
45450.53893,0.0662,1.6392,-1.3724,-1.5675,0.4188,2.1012
45493.63222,0.3977,-0.6719,0.3813,1.0754,-0.1199,6.3318
44944.27122,-1.2375,1.0093,-0.1917,1.303,2.7109,-1.1883
45531.90052,0.2144,3.4052,-0.6713,2.7729,-0.8487,-5.272
45546.40562,1.2183,2.0114,-0.9834,1.246,-1.6558,-5.526
44932.41984,-0.3094,-0.2255,0.3046,-0.0664,0.458,0.3793
45590.31287,-0.8182,0.5451,-0.0328,-1.5578,-0.2488,1.4374
44430.05984,0.0671,-0.14,0.0873,-1.3408,0.3518,-0.3653
44643.82079,-0.1979,0.4419,-0.0352,0.2622,-0.641,-0.5141
45601.41033,0.6467,-1.3457,1.1769,0.7677,2.0066,2.5813
45623.44469,-0.0238,-0.313,-0.0707,0.6616,-1.0292,-0.0694
45152.33477,1.07,3.5707,-1.3636,5.1923,-2.0194,-5.6926
44501.23525,-1.0203,1.6564,-0.458,-1.3469,0.766,-0.5195
44612.21586,-0.2008,-0.9346,0.0156,0.7046,-0.1263,1.1653
45385.76278,0.6259,-1.088,0.4804,-0.1187,1.1366,5.1642
44657.08994,0.0421,0.3909,0.0215,0.267,-0.1994,-0.1001
44607.1796,0.116,0.0101,-0.351,-1.4668,-0.0825,-0.0576
44377.67102,0.0647,-0.1147,-0.0019,0.2232,-0.1118,-0.1925
44707.21088,-0.8088,0.1417,0.8486,1.3782,-0.0374,0.294
44731.96958,-0.6435,-0.7305,1.5459,1.2286,-0.0958,1.3416
45449.96592,-1.9088,-0.6881,-0.064,1.4841,-0.3219,-1.384
45108.48596,-0.7502,0.4059,-0.0721,-2.7776,-1.1348,2.1362
45456.69079,0.7587,-1.5166,0.7633,0.5469,2.5369,-0.4761
44603.53056,-0.7094,0.5672,0.2972,-0.0724,-0.0804,-0.4066
44948.73436,0.3028,-0.1448,-0.3021,0.7393,0.0547,0.0575
44747.77169,-0.2336,-0.2438,0.6354,0.7323,0.112,0.6184
45288.8998,-0.2281,-0.268,-0.3848,-0.5087,0.7058,-1.2655
45411.27524,1.5103,1.7358,-0.4088,3.5838,2.3083,6.0772
44863.6025,0.0133,-0.0365,-0.0895,-0.1144,-0.0664,0.079
44913.5722,0.4279,-0.6065,0.405,2.5684,0.3364,0.9037
44569.63361,-0.3269,0.5719,-0.0601,-0.2238,-0.0027,-0.741
44463.41623,-0.131,0.0806,0.1978,-0.2923,0.0471,0.2177
45429.12786,-2.2463,-0.7326,0.3318,-3.1488,-1.2593,-1.3413
45490.91817,0.5986,3.3637,-0.8983,3.6885,-0.8071,-4.9379
44730.46173,-0.1935,0.372,-0.0387,-0.1735,-0.3123,-0.1518
45272.2684,-0.6017,0.2778,0.1517,-1.1372,-1.0891,2.59
44733.23615,-0.9114,0.8583,-1.4015,-2.9382,-1.4643,-0.6762
44790.77492,0.0928,0.1315,-0.0422,0.1873,-0.2685,0.5614
44492.91153,0.5041,-0.1964,-0.0344,1.0349,-0.1419,0.5485
45180.38069,1.2116,-1.1014,1.5208,0.686,1.787,-0.3746
44502.32096,0.9484,-0.0889,-0.0159,-0.5342,-0.2758,0.4449
44565.17028,-0.2482,0.6692,-0.7132,-0.1187,-0.2576,-0.2154
44484.04487,0.1183,-0.5781,0.3135,0.5239,0.2038,0.3151
45347.43381,0.9393,-1.4431,0.2414,1.3054,2.856,-2.3188
44616.19662,0.0706,-0.6286,-0.1824,0.3581,0.1529,0.3562
45174.13819,1.5414,1.8466,-0.1087,3.5081,2.3635,5.8455
44666.31799,-0.1302,1.8051,-0.0966,-1.0107,-0.9036,-1.0878
45157.09958,0.6217,3.4085,-0.8956,2.9585,-1.9058,-5.4305
44427.7677,-0.1348,0.0968,0.159,-0.5621,-0.042,-0.8293
44724.55102,0.3219,0.6504,-1.0629,-0.9342,-0.4565,-0.5838
45490.19445,1.0493,0.1021,0.0567,-2.4642,1.7017,-3.8939
44640.59396,0.0004,0.2288,-0.0434,0.833,-0.1063,0.295
44780.00905,-0.0567,-0.1578,-0.1479,-0.9765,-0.1853,-0.5422
45474.72425,-1.1771,-0.2844,-0.2852,-2.9762,-2.2539,2.3832
45585.60852,-1.4106,1.3965,0.1604,0.8483,0.5095,-3.4675
44397.90867,0.7878,-1.4277,0.8875,-1.8233,-1.1289,-0.5909
44514.77638,-0.4617,0.3416,-0.4352,-0.5393,-0.2217,0.3298
44530.94114,0.2936,-0.7424,0.0659,0.4784,0.4541,0.4549
44475.93216,-0.1762,0.0129,0.0912,-0.7217,0.4555,-0.3617
44611.88413,0.333,-0.0124,-0.2117,-0.5306,-0.0714,-0.1418
45414.1401,0.5099,2.9817,-1.2715,2.4909,-2.0001,-4.7088
45241.35775,-0.7147,2.807,-0.8855,3.079,-0.7509,-4.2569
44564.95916,-0.0485,1.1087,0.6045,-2.4878,-0.2017,-1.6716
44856.45547,-0.0334,-0.0951,0.2686,0.2593,0.1853,-0.294
44814.17632,0.906,-0.5348,1.7612,0.6617,0.1292,0.1521
45262.01511,-0.8362,0.1414,0.4667,0.6832,-0.5486,-2.7333
44502.47178,-0.0451,-0.3527,0.4385,1.8486,0.3278,0.9744
44903.34918,0.0235,-0.1929,-0.3323,0.1723,-0.1467,0.0703
45560.94084,0.6036,-1.4297,0.8263,-0.3691,1.5842,3.1746
44355.62441,0.013,-0.0024,-0.0043,-0.0134,-0.0063,0.0219
45617.40827,0.4479,0.503,0.0466,0.2361,-0.0035,-1.7886
44856.96811,0.331,-0.3646,-0.011,-0.5907,-0.123,-0.0632
45448.45811,-0.8895,2.6767,-0.8594,1.9167,-0.7901,-4.1143
45394.4479,0.9339,-1.9464,1.0652,0.0182,1.9665,1.2527
45418.81436,-2.0591,-0.7158,0.1514,0.9557,-0.3675,-1.862
44630.64201,0.0495,-0.0283,-0.0269,0.1429,-0.0234,0.0444
45373.18753,-0.2015,1.1423,-1.5522,-3.9342,0.3616,2.4422
44801.96298,-0.4241,0.1546,-0.0467,0.756,0.1486,0.2229
45036.04285,0.128,-0.1163,0.1518,0.5911,0.3417,-0.4357
45443.1506,0.8499,-1.4522,1.0627,-0.4128,2.1922,1.8443
45050.40257,1.2839,1.6595,-0.5949,1.3018,-0.9896,-5.6792
45077.36286,-1.1483,-0.3603,0.3067,-2.7783,-0.2584,-2.2896
44675.90794,-0.1795,0.2562,0.1035,-1.648,-0.8331,-1.1105
45227.757,-0.9759,-0.8053,0.6681,1.7292,-0.9465,-2.2472
45516.21926,1.8168,2.6799,-1.8813,-3.0159,-1.0614,2.6477
44464.44167,-0.645,0.2071,-0.7153,1.0004,0.9787,0.7098
44703.32062,-0.0511,-0.5639,-0.1872,0.5822,0.6122,1.0102
44813.78428,0.4605,0.1685,0.9305,1.3906,0.3095,0.8047
45321.37853,-0.1936,1.7829,0.0679,-3.6846,2.1366,-2.5199
44822.74071,-0.1189,0.4622,-0.716,-1.3503,-0.3012,-0.3607
44962.15398,-0.0956,-0.0987,-0.1748,0.2018,0.0094,-0.304
44477.28927,0.1434,-0.2514,-0.4077,0.4384,-0.0089,0.0781
44643.00653,-0.1623,0.4825,-0.1637,-0.3538,0.5029,-0.0625
44764.90065,-0.1542,-0.1827,-0.1733,-0.811,0.1155,0.0581
45139.0657,0.7762,-0.9383,0.6951,-0.8408,0.7212,3.8724
44505.48761,0.1929,-0.0106,0.0114,-0.4709,0.0075,0.1851
45314.8446,1.535,3.5891,-1.0733,3.2655,-1.2254,-5.6721
44788.93539,-0.0867,0.1044,0.0397,-0.2172,-0.1862,-0.3038
44577.83646,0.6292,-0.502,0.219,-0.5043,-0.8602,0.7614
44400.92482,0.4245,-0.1226,0.9514,-0.1389,-0.5172,-0.6291
44811.58286,0.2092,0.0685,-0.4203,-0.6646,-0.6443,-0.1559
45390.16563,-1.5622,0.2889,-0.2561,-0.4344,0.136,-2.736
44657.96448,0.3657,-0.3518,0.0874,0.3908,0.3165,-0.0233
45062.88752,1.0358,-2.0277,1.1267,-0.6188,2.1886,0.7477
44791.0765,-0.0003,-0.2906,-0.2468,0.2489,0.0995,0.0968
45259.99464,0.872,-0.7565,0.9719,-0.52,1.385,3.7024
45100.79547,-1.5229,-0.8096,0.4265,0.8941,-1.2068,-0.9784
45083.30377,0.8972,1.6267,-1.2097,-2.1915,-0.1341,1.354
44714.23739,-0.0199,0.3736,0.2754,-0.0007,0.2558,-0.2703
45485.42973,0.8037,0.5126,-0.0104,-1.4239,1.6048,-4.0312
45513.68611,0.6433,-1.4826,0.6861,0.377,1.1473,3.6322
45597.3694,0.4234,-1.2113,0.7342,-0.1547,0.8542,3.0903
44358.45937,0.0276,-0.0079,0.0458,-0.6458,0.1811,0.4119
45453.01174,-0.6651,0.7955,-0.4962,-1.1411,-0.7723,1.4971
45169.10201,1.3843,-0.3272,0.7468,-5.0104,0.9555,-3.7155
45086.229,1.0201,-1.6808,1.2421,0.1352,2.9017,0.2395
45317.5336,0.2172,0.4215,-0.4096,1.2943,0.4258,0.5744
45442.75857,-1.9954,-0.7513,0.3,1.9231,-0.9375,-0.6457
44541.67741,-0.1136,-0.144,0.0608,0.269,-0.0312,0.1718
45256.49645,0.7674,3.7015,-1.3274,3.7789,-1.9484,-5.557
44515.47001,-0.4883,-0.2891,0.4664,0.6335,0.2594,0.7253
45203.23952,0.166,3.4654,-0.5763,1.1909,-1.6107,-4.3513
45278.69177,-0.9744,-0.6568,0.4643,-2.9657,-2.1445,0.6471
45130.04872,0.9645,3.555,-1.2434,3.169,-2.2839,-5.4084
45126.88219,0.5263,4.341,-0.843,2.7342,-1.3577,-3.8041
44494.38928,-0.4816,0.371,0.0896,0.2827,-0.3027,-0.1339
44586.52182,0.4921,-0.589,0.4871,1.4751,0.542,0.6525
44555.82143,0.0093,0.0691,0.2197,0.2941,-0.0503,-0.2026
44781.06454,-0.3646,-0.5377,0.3167,-0.3208,-0.4601,0.3496
44662.21662,0.0785,0.0241,-0.4278,-1.2471,-1.1259,-0.2244
44845.44842,0.0044,-0.222,-0.0037,0.1029,0.0675,0.1916
44935.04341,-0.0939,-0.2239,0.2724,0.2436,0.1641,0.5123
45537.93176,1.8445,1.8057,-1.4403,-0.4942,2.1219,5.5026
45201.39996,-0.9568,-0.2574,0.3,-2.9774,-2.0334,2.1421
44393.9575,0.4841,0.0786,0.3128,0.3802,-0.1784,0.4448
45002.89559,0.0076,-0.095,-0.0402,0.6675,-0.2275,0.65
45377.40944,-1.8105,-0.1972,0.0238,2.3892,0.1761,-2.4177
45297.80605,-1.6538,-0.7709,0.3933,-0.0832,-1.9631,-0.1148
44597.74034,-0.3083,0.0268,0.8563,1.0723,0.107,0.3257
45239.06585,1.3427,1.4482,-0.0992,0.6411,-0.2201,-4.7674
45108.24469,0.876,-1.1225,0.9305,-1.0704,1.3018,2.8048
45128.9329,0.0541,1.4171,-0.8299,-3.8181,-0.6707,1.7907
45584.37214,0.876,-0.8189,0.8836,-2.4526,0.8853,3.94
44694.8465,0.5758,-0.0821,0.1327,-0.6401,-0.3384,0.2646
44717.64514,-0.6871,-0.1786,-0.0061,-1.1476,0.2968,0.3457
44747.43996,0.5291,0.4162,1.0171,-2.3729,-0.3379,-0.5291
44800.78687,1.6475,-0.5961,0.1512,1.4052,-1.035,1.2653
44918.78925,0.7631,-0.1348,0.0486,1.4281,-0.2653,-0.5077
45002.95592,-0.1177,0.2668,0.2848,0.2354,-0.4346,0.281
45185.35657,1.2183,1.7286,-1.1932,-4.3666,-0.1797,2.567
45244.07186,0.9353,-0.8145,0.7977,-0.5624,-0.2581,4.4666
44473.00678,-0.0955,-0.089,0.3512,-0.1243,0.302,-0.1856
44499.45592,0.0505,0.0687,0.1179,0.3323,-0.1321,0.046
45008.38412,1.4259,-1.1452,0.4268,-0.0831,-3.4641,-1.2062
44621.0218,-0.2051,-0.038,0.3904,0.1356,0.088,-0.0018
45057.94178,-1.2096,-0.7803,0.3958,2.1752,-0.7791,-1.6999
45507.74537,-1.0682,3.3174,-0.2691,4.1104,0.1495,-4.3644
45302.35975,1.5484,0.744,0.3706,3.8577,0.831,4.2451
44388.04597,0.6159,0.7081,-0.2505,-2.5312,-1.1848,-0.5323
45116.94526,1.0218,-1.6166,1.1333,-0.52,1.6704,3.8628
45138.34192,2.1268,2.8351,-0.497,5.0813,1.499,5.7608
44830.85279,-0.1426,0.0154,0.0894,-1.2143,-0.3391,0.6136
45119.79517,0.4541,4.1411,-2.2009,7.6841,-2.1318,-4.3244
45127.51549,-2.3219,-0.6297,0.4137,-0.8922,-1.4948,0.2375
44702.05401,-0.7203,-0.6822,-0.2565,2.4779,0.7859,0.5059
44916.5275,-0.1698,0.3872,0.1435,-0.52,-0.1231,-0.5893
44499.87814,-0.2461,0.2042,0.0351,1.9393,1.0771,-0.1696
44731.39659,0.1967,0.1227,0.222,-0.3955,-0.4944,0.0883
44735.95025,0.4667,-0.2688,0.0618,0.1514,0.2239,0.0976
44512.42405,-0.1801,0.0639,0.0416,-0.2202,0.0176,-0.4049
44990.71234,0.1061,-0.3135,0.271,-1.0277,-0.5958,-0.2887
45091.41616,-1.419,-0.9117,0.4724,1.4185,-0.6353,-1.4024
45191.599,1.1326,-0.2329,0.4608,2.1742,-0.6244,5.4332
45430.39444,0.5582,-1.1362,0.5834,-0.6115,1.0238,4.4622
44688.30241,-0.1603,-0.1226,0.0679,-0.9423,-0.0434,-0.7133
45538.08254,-1.1028,-0.3146,0.2482,-2.1857,-1.3227,1.8136
44978.37833,0.0662,0.0925,0.139,-0.2026,0.0709,0.8939
45292.52865,1.4861,-0.3965,0.6301,1.298,3.8232,-1.7426
45546.82778,0.0536,1.4879,-1.1827,-1.8117,0.4598,1.8734
45567.00224,-1.4607,-0.3553,0.3604,0.1706,-0.9313,-1.9721
45510.33878,0.5894,-0.0925,0.0309,-1.0034,3.7024,-1.6994
45260.68823,1.488,-1.0112,1.1047,-0.0741,2.4773,-1.1972
44605.91301,-0.3598,-0.3015,0.4598,0.1902,0.0775,0.7512
44826.99279,-0.0526,-0.2925,-0.3435,-0.0794,0.3293,0.1409
45035.55537,1.7828,2.0422,0.4151,-0.6045,-3.5969,-3.0893
44899.33835,0.2636,0.1889,0.1435,-2.0348,-0.3611,-0.3342
44580.97284,0.3549,-0.0057,-0.0872,0.4329,-0.1503,-0.0471
44526.05554,-0.4815,0.1215,0.0987,-0.1516,-0.3058,-0.004
45020.89914,0.1445,-1.0706,-0.4189,-1.8059,0.3408,2.4576
44975.15155,-0.3173,-0.3168,0.1501,-0.1547,0.6489,0.3271
44566.07499,0.1137,0.1165,0.0315,0.6658,-0.3324,-0.4535
44938.90343,-0.0444,0.0742,-0.0128,-0.0874,0.1059,0.1841
44631.15468,-0.4852,0.5322,-0.1909,-4.0959,0.7802,0.2792
44713.33268,0.0027,-0.3053,0.0117,0.2847,-0.4453,-0.2356
45070.90926,-0.5066,0.6535,-0.2717,-2.5107,-0.613,1.6549
45288.32182,0.0213,0.6967,-0.1765,0.2942,-0.7548,0.8766
44605.61144,-0.2666,-0.0011,0.2504,-0.8843,-0.4694,0.3831
45238.4627,0.7659,-1.2959,1.1973,-0.9807,1.4979,3.4299
44394.53058,0.323,-0.1552,0.6608,0.6722,-0.029,-0.0821
44840.38217,-0.5061,0.343,0.0615,-0.8668,-0.0413,-0.1111
45625.22393,0.1176,0.0363,-0.128,1.393,0.3515,-0.8881
45474.06084,-1.7795,-0.7182,0.2541,1.0255,-0.6245,-2.3184
44432.7441,0.202,0.1995,0.1791,0.5034,-0.2958,0.4825
44370.61367,0.187,-0.0047,0.1487,0.4588,0.3152,0.1693
44829.22433,0.0115,-0.1838,0.0432,0.6141,0.1473,-0.1366
44779.37578,0.7347,-0.1975,0.4437,0.7864,-0.1297,0.4723
44533.89663,-0.0438,0.0656,0.3441,-0.505,0.2123,-0.5846
45212.82936,0.5389,4.3246,-1.3342,0.9742,-2.1598,-4.6638
45016.7677,0.0456,0.5773,0.3589,-6.325,-0.9285,-2.1023
45011.42995,0.2183,-1.2119,0.1204,-1.2034,-0.0222,-1.1563
44730.40143,-0.2292,0.1439,0.2865,0.2975,0.512,0.0358
44789.50836,-0.4014,-0.0923,-0.3779,0.6168,0.1474,0.3522
45245.51941,1.3015,-0.862,0.9123,-1.7968,2.3519,-2.025
45441.00947,-0.9008,0.4398,-0.4668,-1.8482,-0.5515,2.3835
45503.88534,0.9771,-0.8933,0.4092,-2.884,3.5927,-2.3465
45357.05376,0.5711,-1.3045,0.3773,-0.5745,1.3878,3.6456
45111.96918,-0.3867,3.0831,-1.672,-3.8235,1.2846,-4.9308
44568.5781,-0.4974,1.1167,0.3067,0.4912,0.0275,-0.4874
44721.38456,-0.5073,-0.1412,0.0119,-0.5709,0.4444,0.5465
45142.86548,1.3881,-0.8703,0.5065,-2.3089,2.5387,-2.9483
45456.35906,-2.1382,-0.8428,0.2391,0.2829,-0.6246,-0.7535
45619.88618,0.0798,0.1501,0.1831,-0.3493,-0.5491,0.426
44643.7303,0.2591,-0.1768,0.1285,0.1258,-0.4646,0.3973
45530.30224,0.9405,3.2058,-1.1891,3.571,-2.4817,-5.1891
45509.6452,0.3602,-1.7449,0.6623,0.3602,1.8662,1.6407
44673.67631,-0.2373,-0.1142,-0.2947,-1.3021,-0.8933,-0.6549
44619.18222,0.0935,0.9718,-0.4905,0.0178,-0.2476,0.111
45068.34594,1.0251,-1.4572,0.9669,-0.7182,1.739,3.293
44776.42045,-0.6087,0.3358,0.2641,-1.2289,-0.145,-0.3241
44782.24063,0.3016,0.0633,-0.0055,0.0305,-0.1043,-0.4323
45092.32093,1.5158,3.1766,-1.2768,2.9382,-0.7835,-4.8595
44409.8827,0.7248,0.1659,-0.0036,-1.0488,-0.1271,-0.1717
44754.52678,0.0687,0.6646,-0.6065,-1.0494,-0.7615,-0.7488
44650.69663,0.0371,0.2643,0.0592,0.7949,0.1375,-0.2167
44863.24062,0.2077,0.1481,0.2472,0.0977,0.0243,-0.2259
45046.54246,1.7009,4.4643,-1.8744,5.0238,-1.227,-4.2205
45012.54575,0.0744,-0.5322,-0.0296,3.5781,0.7256,2.2556
44471.89088,0.5891,0.4123,-0.4221,-0.6105,-0.1617,-1.1319
45300.09798,-0.5687,0.296,0.2616,-3.6608,-1.5285,2.0305
44357.37365,0.0213,-0.0073,-0.0024,-0.1025,0.0393,-0.0281
44669.84637,-0.0157,0.0817,-0.5033,-0.0103,-0.5009,-0.3369
45342.69926,1.0271,-0.5448,-0.1158,-0.2167,2.4827,-2.438
44677.74748,0.6159,-0.4043,-0.5326,1.3115,0.1231,0.1411
44444.98899,0.2805,-1.234,0.1001,-0.4305,-0.0426,0.3153
44364.40083,0.0957,0.0946,0.0951,0.4242,-0.5604,-1.5015
44894.75456,-0.0953,0.0678,0.1186,0.2502,0.1167,0.4199
44362.07854,-0.6499,-0.4493,-0.0271,0.0566,0.6039,-0.4237
44604.52576,0.0005,0.0353,0.2522,0.53,0.0734,-0.1897
45112.39139,1.0397,2.957,-0.8328,-3.6852,0.5189,1.4126
45117.30713,-2.0034,-0.7817,0.5843,-0.2932,-2.1839,-0.3188
45589.951,1.1605,-0.9424,0.8075,-0.9032,2.2243,-0.2963
45242.32276,1.236,-0.5944,0.6209,-2.636,2.4989,-2.825
44929.40421,0.1514,0.0645,0.2448,-0.3157,-0.2296,0.0412
44510.25264,0.6316,0.205,0.2953,0.0298,0.2253,-0.0052
44957.47968,0.8345,-0.3795,0.1807,1.0562,0.3139,-0.4546
45589.61927,-1.3042,-0.7064,0.739,-1.0669,-0.9996,-1.9089
45493.24019,-1.6277,0.5354,0.4613,0.1223,0.8988,-2.1916
45228.14902,0.8065,-0.8396,0.9258,-0.61,0.6604,3.3567
45419.14609,0.8712,-1.8936,0.5544,-0.2855,2.4937,0.2124
44863.69299,0.2954,0.1572,-0.0391,0.1043,-0.033,-0.2873
44898.16225,-0.6274,0.1711,0.2414,0.5906,0.0427,-0.1128
44530.33801,0.6067,0.4161,-0.4068,0.3269,-0.0992,-0.0981
45075.79471,-1.363,-0.7659,0.2696,0.115,-0.0136,-1.6326
45295.66495,1.8621,0.7212,0.1456,-5.053,0.1876,-4.6829
45022.13556,0.6727,-0.0681,0.301,1.3919,-1.156,-1.646
45459.04297,1.2486,-0.8552,0.5409,-0.8734,1.9229,-1.4291
45511.12285,1.0871,0.0459,0.0739,-2.2726,2.6432,-3.9486
44866.76893,0.1674,-0.3073,-0.2644,-0.3884,0.2959,0.2504
45060.23374,-1.8786,-0.972,0.5844,0.5526,-0.9865,-0.6489
44412.32572,0.2803,0.5256,-0.6972,0.5612,-0.2541,-0.8765
44891.94995,0.1787,-0.6804,-0.0575,-1.3154,0.2777,-0.7028
44901.53977,-0.1612,0.1281,0.0632,-0.4521,-0.0075,0.1507
44748.91765,-0.5144,-0.6646,0.6804,1.0692,0.2184,0.2741
44921.59374,-0.0134,-0.1597,0.131,0.4666,0.3134,0.0569
44962.78728,-0.1438,-0.1346,0.2137,0.6988,0.216,-0.2419
44415.07034,-0.7464,0.1943,0.1951,0.5513,0.0874,0.3197
44516.97793,0.0918,-0.553,0.1734,1.4882,1.5151,-0.352
44487.12108,0.4467,0.061,0.2999,-5.2025,1.1378,5.0968
45104.8971,1.4821,1.9682,-0.5202,1.5418,-1.4235,-5.6158
44695.84168,-0.0715,0.589,-0.1545,0.5811,0.609,0.3535
45263.0103,1.6432,0.1704,0.482,-4.4632,0.9775,-4.2206
45311.10517,0.7724,-0.7465,0.9937,-1.0781,1.0742,3.6181
45546.5564,1.0798,-1.523,0.853,-0.1769,2.4687,-1.299
44790.92571,0.0993,-0.1045,0.0685,-0.1902,-0.1521,-0.3089
44526.47775,0.3026,0.2824,-0.3158,1.0822,-0.0438,-0.6315
44789.38776,0.4785,-0.7165,-0.414,-0.381,-0.0908,-0.5622
45585.36728,-0.6541,0.7575,-0.2628,-2.5275,-0.5852,2.3117
44661.79444,0.1153,0.0382,0.0822,-1.3584,-1.0573,0.3129
45180.8029,-1.856,-0.8213,0.7726,0.0561,-1.6096,-0.8703
44482.5068,0.3682,0.3129,-0.097,0.1854,-0.1393,-0.2184
45448.72953,0.5876,-1.5823,0.9537,0.6443,2.0725,1.7335
45175.76671,2.6203,2.8929,-2.3095,-2.3834,0.7341,4.1508
44817.22209,-0.0167,0.329,0.1181,-0.6333,-0.2499,-0.5519
44847.95141,0.2259,0.3002,-1.7251,-1.3007,-0.2105,0.1096
45623.41451,-0.0026,-0.2689,-0.0464,1.1394,-0.9923,-0.3487
44628.1691,-0.3363,-0.1281,0.6362,-0.5526,0.019,-0.0663
45091.77807,0.8368,-1.3284,0.9163,-1.073,0.9349,3.0587
44651.14896,0.1402,0.269,-0.2681,-1.0125,-0.1581,-0.2554
44482.47661,-0.1991,-0.1898,0.3055,-0.227,-0.0197,0.259
44832.27013,-0.2066,-0.1481,0.1611,-0.1443,-0.192,-0.1262
45209.93433,0.8427,-0.7378,0.8953,-0.5874,1.0094,4.3669
44964.26496,0.0322,0.0638,-0.0681,-1.3896,-0.4531,-0.1084
45196.84628,1.5087,2.7473,-1.0846,3.1815,-0.8003,-5.6123
45581.23588,2.1546,2.62,-2.187,-2.6902,0.1697,2.4551
44986.39996,-0.5834,-0.3432,0.4717,-0.4997,-0.1207,1.0065
45386.51671,0.7971,-1.3901,0.6424,-0.869,1.4998,3.7113
45605.51153,1.4393,0.8383,0.5648,4.0568,1.9939,6.9408
45517.15408,-1.0787,-0.0389,0.0528,-4.4418,-1.2835,2.3715
45539.83157,-1.7746,-0.9696,0.3024,0.5748,-0.7348,-1.2813
44545.2964,-0.023,0.3041,-0.0482,-0.3315,-0.0148,-0.1058
44783.35644,0.0289,-0.0629,-0.4573,0.4349,-0.0287,0.1346
45016.22488,0.0341,0.3581,0.1909,-5.989,-1.3051,0.7254
45561.60426,1.1587,-0.5897,0.7702,-4.8752,2.0393,-2.9671
45551.80355,-1.3885,-0.7464,0.5975,-0.1666,-0.3589,-2.0559
44755.43147,0.12,0.2263,-0.3494,-0.0622,0.4265,-0.1878
44961.55087,0.1237,-0.2613,-0.233,-0.1742,-0.1355,0.578
45587.14649,-1.8598,-0.6811,0.5569,0.527,-0.9857,-1.265
45590.916,0.3694,-0.9971,0.6214,-0.8949,0.7523,3.5389
44565.83375,-0.2348,-0.008,0.1704,3.0241,-1.612,-1.8408
45313.60819,3.7054,2.8477,-2.501,-0.5049,1.1008,3.5409
45453.85608,-1.203,-0.3161,-0.0773,-3.9228,-2.3029,2.388
45081.25311,-1.2842,-0.3016,0.4875,1.0492,0.1694,-2.0387
44803.98343,-0.0097,-0.2687,0.1278,-0.5979,0.2293,-0.037
44995.41677,0.5226,0.1154,-0.3845,-1.256,0.0764,-0.6775
45045.72826,-1.9061,-0.3044,0.3626,0.1541,-0.3505,-1.4319
45060.56547,1.1361,-1.7287,1.062,-0.0893,1.9974,0.1886
45243.5592,-0.9009,-0.4917,0.598,-2.0866,-1.8762,1.2877
44651.8426,-0.5002,0.1763,0.3553,-0.1677,0.1117,0.337
44467.51786,-0.2444,0.0944,-0.1384,-0.5026,-0.1263,0.0953
45426.95659,0.9941,0.9111,-0.6374,-1.48,0.4791,-5.1531
44389.8556,0.1116,0.3371,0.167,0.4743,0.2945,0.0762
44953.07684,0.1463,0.0423,0.0474,-0.1754,-0.1542,-0.3313
45113.68818,1.8754,-0.0831,0.3243,-1.9835,1.4541,-3.5753
45060.17341,-1.3614,-0.8422,0.2685,-0.6682,-2.4362,0.6393
44999.09588,0.0967,0.0454,0.2385,0.0923,0.3645,0.689
45589.98115,0.9473,-1.1981,0.625,-0.7978,1.4772,0.8726
45221.4743,-1.1087,1.6462,0.3556,1.9071,0.0569,-3.4438
45466.8535,-1.8122,-0.348,0.2611,2.3189,-0.2474,-1.7877
45370.71468,1.3254,1.1913,-1.6188,-0.5986,1.3784,4.1247
44874.91127,-0.155,-0.0599,-0.1884,-0.2686,-0.272,-0.6949
44999.4276,0.0926,-0.0146,0.0616,0.183,0.2003,0.0846
44505.27652,0.0186,-0.1758,-0.0456,-0.2766,0.2839,-0.0907
44391.15255,0.7467,1.5514,-0.5469,-0.3809,0.8815,-2.7014
44835.31591,0.2192,-0.5935,-0.0323,-1.7494,0.0802,0.2534
44968.36628,-0.8114,0.1884,-0.5638,6.2087,1.4269,-0.6044
45011.27916,0.1143,0.6002,0.0252,-2.5188,-1.916,-2.308
45212.22622,1.2643,-1.0445,1.1707,0.4348,2.1107,-0.8666
45542.87735,-0.8289,0.5042,-0.227,-2.3647,-1.1595,2.4799
44829.07355,0.078,0.2695,0.0239,0.6505,-0.1653,-0.2084
44824.09776,0.1291,0.4007,-0.1846,-1.7666,-0.1625,-0.1912
45000.03072,-0.3282,0.2328,0.1216,1.3695,0.387,0.5742
45129.38527,1.5589,-0.1849,0.3603,-4.9021,1.8746,-4.3823
45365.28647,-1.1815,0.0696,-0.2587,-2.341,-1.5095,1.9168
45453.28314,-1.2081,3.069,-0.7984,1.6312,-0.0429,-4.3305
44659.50247,-0.13,-0.1085,-0.4407,-0.2891,-0.3127,0.3305
44876.17785,-0.2362,-0.0697,-2.399,2.3906,-1.8514,-0.2016
45514.71145,-0.9551,0.3108,-0.2368,-2.17,-1.1566,2.3775
45238.67379,-0.3702,0.8578,-0.3795,-1.3229,-0.3066,1.4555
45441.16026,-2.2323,-0.7179,0.4091,-0.668,-2.1062,-0.1861
44370.58352,0.2123,-0.2055,-0.1044,0.6168,0.1438,-0.0392
44795.35874,-0.0079,-0.0063,-0.0403,-0.5557,0.1599,-0.2279
44932.99281,-0.148,0.2069,0.068,0.5259,0.0126,-0.2148
45081.4039,1.5106,0.6451,-0.0908,-0.0413,1.5051,-5.3126
45296.75059,2.6949,1.7402,-1.7494,-1.3953,3.1153,5.664
45339.95501,-1.364,-0.0075,-0.4802,-0.4386,-1.8633,1.8824
45356.20935,0.627,-1.7566,0.7215,-0.9752,1.9913,2.6047
45478.40332,0.6757,-1.8478,0.6232,-0.1434,1.4178,1.4902
44918.06549,-0.2616,-0.5013,0.0511,0.1846,0.265,0.9803
45358.86314,-0.9337,0.3575,-0.5963,-4.3416,-1.0256,2.3789
44799.64092,-0.2044,0.3078,-0.2074,0.0078,0.0367,0.2372
44927.56469,-0.5401,0.3326,-0.6593,-0.3571,0.0923,0.1633
44796.20308,0.7129,-0.3918,0.5724,0.0975,-0.0866,0.4171
44443.87306,-0.263,-0.4205,0.4297,1.1846,0.5257,0.4499
44413.44167,-0.3142,-0.0577,0.0727,-0.0895,-0.3683,0.5689
44366.36117,0.3532,-2.1204,1.5824,-0.2716,0.3316,-2.0091
44997.58804,-0.0129,0.2785,-0.0194,0.0141,-0.41,-0.7095
44389.97623,-0.1049,0.1064,0.1393,0.3514,0.2039,-0.3589
44437.81099,-0.4573,0.2216,-0.52,-0.5945,-0.216,0.0068
45291.41286,-0.4653,-0.0976,-0.2782,-2.7037,1.0997,4.4996
45330.39536,-0.6348,1.093,-1.6229,-3.5902,0.1005,2.7572
45571.64627,-1.1678,0.0864,-0.105,-3.6889,-0.9612,2.3492
44562.57675,-0.3967,-0.1715,-0.0189,-0.1949,-0.5748,0.1693
44712.06612,-0.1366,-1.1645,0.6255,0.024,-0.0644,-0.3122
44778.22982,-1.7619,1.1165,-0.1314,-1.6822,0.3393,-0.0622
45202.15387,-0.2899,0.6802,-0.0405,-2.2344,-0.7234,2.8309
44411.36059,0.4347,-0.551,-0.0235,0.1952,-0.2727,0.9444
45101.21773,0.609,-1.029,0.6489,-0.4607,0.6469,4.0489
44406.44438,-1.0351,2.08,-0.0101,2.2128,0.5753,-1.0126
45518.54131,0.4083,-0.9814,0.4399,-0.4926,-0.1039,4.6881
44758.56775,-0.05,-0.5117,0.3603,0.9978,0.5001,0.1927
45506.81051,-2.034,-0.6324,-0.0787,-0.2812,-0.6812,-1.3397
44597.86098,0.0831,0.4526,0.5849,-1.3843,-0.3228,-0.2817
45501.77445,0.8937,1.9873,-1.3693,-4.2872,-0.2431,1.3997
45550.71791,1.3998,2.5493,-1.4727,-5.2316,-0.798,2.3484
45154.86797,1.255,-1.0918,0.7597,-0.4084,3.1837,-2.1763
44965.41092,0.0765,0.1503,-0.0955,-0.836,0.1331,0.1695
45236.17078,0.9326,-0.2453,0.9002,1.2169,1.4177,5.3049
45452.46891,-1.2791,2.414,-0.3163,-0.3781,-0.1819,-3.8347
45305.13416,-0.7762,-0.387,0.7122,1.2933,-1.1053,-2.65
44623.10268,0.7048,-0.3835,-0.1782,-0.1726,-0.0381,-0.5925
44781.45657,0.1832,0.0203,-0.2051,-0.5848,-0.434,-0.3564
45068.165,1.6661,0.9654,-0.2902,-0.6228,0.342,-5.7135
45440.82857,0.8011,-0.8798,0.5222,0.207,0.625,4.748
44893.51809,0.01,-0.2324,0.019,0.3053,0.2759,0.3602
44965.71249,0.1225,-0.2107,0.0395,0.0325,-1.0173,0.3641
45565.07222,1.8397,2.4156,-2.1666,-3.3095,0.1418,2.4456
44425.59621,0.0555,-0.0565,0.1308,0.9338,0.4533,-0.3895
44537.12356,-0.0227,0.1644,-0.0307,-0.4475,-0.1975,-0.0143
45447.46292,-1.4337,-0.4175,0.0332,-3.9938,-1.4886,1.379
45236.7739,1.4304,-0.4905,0.6057,-1.6181,3.0153,-2.6733
44403.51873,0.2774,0.1702,0.1212,-0.0899,0.0401,-0.4569
45622.87169,0.0947,-0.1315,-0.2768,2.0601,1.2954,-0.8428
44614.23636,-0.0157,0.0192,0.3536,-0.3517,0.4176,-0.7412
45188.22145,1.4374,-0.2551,0.3454,-3.248,2.7217,-3.806
45105.3193,-0.5475,0.7227,-0.4082,-2.395,-0.3919,2.5851
45448.60889,1.0118,-0.4811,0.2214,-3.2087,1.0973,-2.8619
45469.35645,-0.7785,2.9523,-0.7932,2.5383,-0.5534,-4.1866
44683.71855,-0.0667,-0.0007,-0.2769,-0.3386,0.5187,-0.6966
45322.76574,-0.9468,2.9823,-0.6295,1.693,-0.8648,-4.4574
45620.12742,0.3572,0.1819,-0.1618,0.4147,0.1633,0.0333
44406.98729,0.086,0.2439,-0.1573,-0.553,-0.678,0.0922
44904.46496,0.0856,0.201,0.484,0.5958,-0.0329,-0.1647
45524.24084,1.9094,2.3774,-1.8338,-1.0056,0.8821,4.6938
44642.91605,-0.5354,-0.3329,0.0318,0.0931,-0.3525,0.0911
44715.77541,0.5344,-0.1495,0.5133,0.0195,0.3577,-0.0192
45046.6028,1.6697,1.359,-0.8295,-0.567,-1.2968,-6.5171
45141.35765,1.1412,-1.7389,1.3652,0.0585,1.7245,0.1643
45395.14151,1.0009,0.1054,-0.2211,-2.8916,0.3111,-4.2289
44904.6459,-0.2105,-0.6915,0.526,-0.0944,-0.1744,0.0879
45252.96812,-0.2007,0.974,-0.1401,-3.0982,-0.0703,1.7298
44514.50495,-0.2283,-0.0499,-0.6564,-0.4781,-0.3403,-0.3716
45418.9953,1.2852,1.5062,-0.6341,1.0912,-1.2357,-4.9648
44771.1129,-0.3296,0.4292,-0.2571,-1.1684,-0.2061,-0.1629
45327.34953,-1.7094,-0.8175,-0.1325,-3.3462,-2.0491,0.8815
44863.84377,-0.0903,-0.134,0.2813,0.3359,0.3014,0.1936
45067.74281,0.3741,1.7874,-0.8999,-5.1885,-0.6424,1.8897
45124.19819,0.3629,1.4682,-0.9501,-5.7224,-0.565,1.8714
44612.84917,-0.0201,0.0041,-0.0163,-0.4522,-0.0006,-0.2418
44852.44467,0.0288,-0.0164,-0.298,-0.2343,-0.2015,0.4148
44490.89088,-0.6304,0.391,0.0007,-0.2201,0.0078,0.2913
45250.37462,0.9312,-1.2246,1.0679,-0.4677,1.8753,2.8408
45422.16174,1.2002,2.4283,-1.0309,3.1581,-1.8332,-4.9152
45608.97953,-1.5719,-0.3346,0.0475,-0.9428,-1.416,-0.1963
44664.05622,-0.3797,-0.0063,0.0313,0.061,0.7632,0.339
45439.26041,1.2362,1.424,-1.2199,1.503,3.1841,5.9399
44822.13759,-0.0122,0.173,-0.155,0.003,-0.0946,-0.0986
44714.68976,0.2513,-0.3039,-0.3235,1.0952,-0.2329,-0.1581
44846.83561,0.1902,-0.1231,0.0939,0.0797,0.113,0.1159
45408.56117,-0.248,3.6454,-1.0496,2.312,-1.8571,-5.2331
45448.30732,-2.061,-0.6547,0.233,-2.1773,-1.7354,0.7249
44747.98278,-0.4961,-1.2459,0.1123,0.1622,0.3714,0.5586
44838.9045,0.8299,-0.296,-0.2677,0.2322,-0.1344,0.1025
45112.63266,-1.7125,-0.8133,0.6476,1.7791,-0.6349,-1.5613
44850.84639,-0.3808,-0.1793,0.6639,-0.208,0.1957,0.0841
45522.97427,-1.4811,-0.1985,0.3201,2.3099,1.0649,-1.733
44576.29845,-0.7021,0.339,0.2876,-0.2888,-0.6345,-0.6153
44622.19793,0.4039,-0.2761,0.1158,0.6941,0.1208,-0.0351
45431.29912,1.7341,2.5985,-2.8872,-1.8047,0.3449,3.1314
45505.7852,0.4679,2.3386,-1.0878,-2.3345,-0.5954,0.7782
44420.1674,-1.2198,0.4794,-0.5247,-0.0299,0.479,-0.029
44569.66377,-0.6698,0.1294,0.2801,0.067,-0.0598,-0.2169
44880.97284,0.5296,-0.1182,-0.3259,-1.9718,-0.251,-0.0488
44670.96217,-0.119,-0.0507,-0.2913,0.0998,0.0619,-0.0876
44943.57764,-0.8965,0.0924,0.2509,-1.7922,-0.3595,0.2373
44433.95048,0.8353,0.0511,0.1333,0.1847,0.0433,-0.5175
44662.3071,0.1119,0.3466,-0.2603,-0.8343,-1.1509,-0.3022
44693.12752,-0.2515,-0.0303,0.3767,-0.4264,0.2176,-0.6476
44730.70301,1.1984,0.4925,-0.9863,-1.5728,0.2179,-0.6812
44896.17193,0.063,-0.2093,0.4102,-0.2571,0.2411,0.2084
44933.74671,0.0935,0.1592,-0.3112,-1.054,0.0191,-0.5569
45186.4422,-0.9699,0.1537,0.5843,1.3384,-0.0656,-2.9128
44770.17805,0.0736,0.3417,0.2224,-0.5919,0.2323,-0.1664
45358.3505,-0.143,3.0669,-1.4098,3.5124,-1.6895,-5.5918
44806.6372,0.5581,-0.0262,0.0462,0.3843,-0.1696,0.48
45029.31289,0.1853,-0.2838,0.2592,0.3292,4.0032,-1.2847
45300.64079,0.8845,-1.0232,1.2967,-0.6281,2.1018,2.7824
45382.77729,-1.2295,-0.0505,-0.4677,-2.7923,-1.8334,2.2935
44635.16561,0.4393,-0.5527,1.0572,-0.2184,-0.0039,0.2602
44847.34827,-0.1464,0.0301,0.1285,-1.2146,-0.7911,-0.008
44775.27449,0.469,-0.4926,-0.6913,1.3215,0.2208,0.5451
44834.23029,0.0625,-0.0908,0.0546,-0.0747,-0.0146,-0.0318
44732.21083,0.3661,-0.3103,-0.6588,1.1914,-0.3926,1.1864
45350.23838,-1.7182,-0.8605,-0.1881,-1.3531,-2.0608,0.8915
45162.01515,1.283,-1.1804,0.9783,-0.5719,2.9918,-1.2849
44735.13603,-0.4178,0.409,-0.6095,-0.2166,-0.1884,0.2117
45553.22089,-1.1054,0.0251,0.0517,-1.0321,-2.2885,2.1683
45081.58484,0.8796,-1.3349,0.7067,-1.1566,0.9885,3.3895
44999.15621,-0.1247,0.122,0.2814,0.8191,0.39,0.3446
44742.79583,0.2632,-0.1699,0.4616,0.8843,0.192,0.1967
45339.92486,-1.1004,0.7082,-0.6978,0.0662,-1.2301,1.7113
44379.11868,0.0925,-0.1672,0.3021,-1.0436,0.4512,0.5449
44561.55139,-0.4419,0.2027,-0.4819,-0.5123,-0.0848,-0.3868
44811.52253,0.3988,-0.0896,0.2908,-1.3592,-0.574,0.2223
44851.96219,-0.009,0.0665,0.0334,-0.6125,0.049,-0.878
44853.68111,-0.0304,-0.0506,-0.1379,0.1355,-0.1728,0.3288
45063.67163,0.9581,-1.9549,0.7922,-0.6421,0.9411,2.5769
45249.74131,1.6796,2.1463,-1.309,-4.849,-0.2588,2.6075
45292.95083,-0.7871,-0.3749,0.3283,-2.5723,-2.3265,1.4152
45406.9327,-1.0837,3.1668,-0.9547,2.037,-0.1563,-3.6164
45455.81624,1.3934,-0.3094,0.342,-2.9093,1.0836,-3.7739
45575.02376,-1.8847,-0.6654,0.2638,1.4831,-1.0736,-1.7415
44497.3448,-0.4269,-0.6386,0.0188,0.2051,0.2233,-0.1547
44567.73367,-0.7155,-0.4023,-0.1005,0.6452,0.7519,-0.147
44380.2044,-0.2322,0.157,-0.0566,-1.3622,-0.6831,0.2911
45088.40033,1.2012,2.3654,-0.8391,2.3645,-1.6594,-4.9363
45424.99642,-0.5909,0.7622,-0.803,-2.4484,-0.3976,2.3197
45398.30793,1.222,0.2911,-0.2436,-0.6645,0.6713,-4.4255
45061.53046,3.1339,2.8298,-2.5566,-0.9281,0.466,3.2565
45252.81733,0.7612,-0.5722,0.8077,0.1119,-0.2842,4.2095
44746.41464,-0.3749,0.0653,-0.4022,0.8117,-0.1907,0.3082
44495.38452,0.1491,0.2652,0.1189,0.0654,0.0161,0.281
44429.33599,-0.4433,0.3259,-0.2007,-1.17,-0.7551,-0.2793
45029.25259,0.152,0.0358,0.266,0.4298,3.3928,-1.4282
45349.03211,1.0743,-1.5569,0.4057,0.5723,2.8371,-1.0011
45437.42089,1.1384,-0.7302,0.4667,-1.1845,1.5715,-3.0204
45593.20784,1.0466,0.0527,0.4321,-4.3465,2.9201,-2.9706
45222.50464,1.3603,-1.077,1.0877,0.125,2.7383,-1.2474
44937.90827,-0.3384,0.0873,-0.1755,0.2662,0.6585,0.0101
45067.59202,0.7696,-1.1353,0.7568,-0.8785,0.6181,4.1508
44960.76678,0.1202,-0.0756,0.1752,-1.1748,-1.0437,0.71
45450.41825,0.623,-1.0198,0.6379,-0.5659,1.4404,4.753
44651.48072,-0.3094,0.22,0.2166,0.6346,0.4931,-0.0955
44729.67765,0.1719,-0.4486,-0.2241,1.246,-0.1395,0.3305
44404.90615,0.0204,0.0364,0.0901,-0.4033,-0.2044,0.4168
44732.36161,-0.1347,0.805,0.0834,-0.9185,-0.8603,-0.4242
45047.74876,-0.2353,0.8706,-0.5122,-0.4638,-0.1673,1.0886
44450.41769,0.3487,-0.0459,0.674,0.2754,0.1728,0.0247
45052.93576,0.7125,-0.2203,0.3318,1.3195,0.2128,5.4244
45452.13718,0.9374,1.7164,-1.536,-4.2522,-0.13,1.8979
44668.48931,0.2702,0.7626,-0.5783,-0.3359,-0.4739,-0.3147
44788.60364,-0.084,0.1083,0.0534,-0.4184,0.0728,-0.5621
45016.07409,-0.0367,-1.8562,0.3406,1.5478,1.8816,1.2027
44609.5017,0.1232,-0.0226,0.2681,1.468,-1.0925,-1.4315
44698.37487,-0.2945,0.0427,-0.2619,-0.4776,-0.0175,-0.0954
44615.5633,-0.9397,0.2469,-0.2068,-0.0789,0.3012,0.0519
45258.69789,-1.0649,-0.6355,0.5474,-3.0625,-2.0466,0.9429
45535.00657,-1.693,-0.6458,0.3567,1.2064,-0.6893,-0.8566
45016.55658,0.2971,-0.4782,-0.6321,-1.6864,0.2663,1.8283
44777.14422,0.3386,0.4773,-0.6818,-3.6512,-0.1986,-1.9833
44497.13371,0.124,0.0032,0.3797,-0.4813,-0.2186,0.1438
44862.78826,0.0224,0.1115,0.0342,-0.98,-0.6438,-0.1702
45589.80021,1.2823,2.1964,-0.5402,0.484,0.7147,-5.2023
44540.1092,0.0119,0.152,-0.039,-0.0036,-0.0302,-0.112
44812.87958,0.7402,-0.6879,0.8755,0.8818,0.4849,-0.3487
45417.93982,-2.3669,-0.7758,-0.1522,-2.6684,-2.0521,-0.3252
44396.12914,-0.4867,-0.3971,0.3014,-1.1061,0.1455,-0.1676
44463.92894,-0.2117,-0.4635,-0.1295,-1.5306,-0.3382,0.2517
44617.64417,0.4744,0.2858,0.2982,-0.0509,-0.1432,0.2133
44563.14971,-0.011,-0.1292,-0.3129,-0.0573,0.0675,1.3198
44822.86136,0.0528,-0.219,0.6975,-0.2637,-0.4212,0.0634
44655.34082,-1.1061,-1.1314,0.5786,-0.3309,0.1349,0.8365
45021.14038,0.6939,1.8314,-0.2178,-2.1536,-2.4938,-4.0649
44971.98508,0.0814,0.0168,-0.1573,0.649,0.058,-0.2175
45256.61706,1.6029,-0.0391,0.465,-3.36,1.8146,-3.6642
44741.83081,-0.8854,-0.4305,0.5018,-0.0821,-0.6924,0.59
45393.30196,-1.8509,-0.5635,0.064,1.4153,-0.3543,-2.1009
44777.35531,-0.0914,0.396,-0.2257,0.7482,-0.1894,-0.8545
45471.79912,0.6969,3.2966,-1.2836,4.9331,-1.3055,-5.5743
44727.56668,-0.7468,0.4272,0.1794,1.3467,0.3027,1.0709
45541.64092,1.3402,1.1448,-0.2434,-0.9947,-0.1685,-5.1199
44964.11421,-0.1394,0.0321,-0.0743,0.5331,0.1206,-0.0578
44630.61181,0.0857,0.017,-0.0576,0.1785,0.0226,0.0042
45627.84756,0.0117,-0.0165,-0.0008,0.0041,-0.03,-0.004
44720.69096,0.1316,0.1944,-0.1941,0.5918,-0.1843,0.139
44799.52032,0.4377,0.5015,-0.4566,0.7471,-0.1167,0.4702
44586.43134,0.5462,-0.2981,-0.5062,-0.4468,-0.1783,0.1398
45291.77474,1.546,-1.2213,1.0976,0.9307,2.9648,-1.3484
45308.57201,1.4659,-0.7638,0.787,0.663,3.9547,-1.2943
45323.399,-1.4412,-0.3902,0.042,-1.4477,-1.5653,1.9625
45066.65715,1.6768,-0.291,0.2424,-4.3949,1.2147,-4.4497
44435.39817,-0.1673,-0.2617,0.1979,1.6309,0.3945,-0.0649
45423.82035,1.103,0.1859,0.0026,-4.1067,1.9832,-3.9313
44997.10553,0.1188,0.239,-0.0082,-0.1602,-0.2709,-0.1322
45031.97675,-0.1835,-0.115,0.0601,-1.4329,-0.414,2.1251
45300.12816,-0.7989,-0.1744,0.3068,-3.0958,-1.8202,1.6365
45573.63656,1.2414,0.7362,0.066,-2.259,0.2424,-4.6425
45606.71781,-1.2483,2.9846,-0.1687,1.8086,-0.4679,-4.4864
44628.8627,0.1601,0.9757,0.6101,-0.3781,-1.4536,-0.4001
44515.37956,0.0152,0.5616,-0.0645,-0.1081,0.0536,-0.4473
45166.17681,1.9366,2.3099,-0.1811,3.9242,0.6831,5.2698
44737.48826,0.0838,-0.0233,-0.572,0.4234,-0.4606,0.2041
45088.34003,-0.5122,3.4757,-0.742,2.9855,-0.5772,-2.9423
45252.90778,1.9277,2.2054,-1.4809,-5.0951,-0.5086,2.2727
45245.94159,-1.3282,-0.5719,0.382,-3.021,-1.6447,1.6829
44717.07214,0.0003,0.1425,0.0754,-0.1656,-0.1086,-0.1171
44761.91515,0.0721,-0.0673,-0.0296,-0.5576,-0.1659,-0.5448
44774.09838,-0.3328,0.3806,0.0881,0.0551,-0.1418,-0.2625
44954.07199,-0.1097,-0.1784,-0.0631,1.6336,0.4699,-0.0677
44989.05372,-0.1449,-0.2882,0.0731,-0.44,0.0463,0.4014
45617.98627,0.1762,-0.1391,0.085,0.0086,1.1205,3.7589
44579.19353,0.1702,-0.5334,0.0963,0.2605,-0.0249,-0.1447
45479.09693,1.0833,-0.697,0.173,-3.4103,1.342,-2.8977
45383.98358,1.0586,-1.0689,0.385,-1.7123,2.3178,-2.7588
44773.76664,1.127,-0.6898,-0.3613,-0.3303,-0.0473,0.1035
45104.17328,1.5325,-0.2208,0.2871,-3.8415,1.9233,-4.4137
45350.57008,0.8994,-0.9124,-0.1182,-3.3265,3.9475,-1.8835
45547.4309,0.7818,-1.4397,0.883,-0.1745,1.3933,2.167
44430.81383,0.0257,-0.2466,-0.3215,-0.3279,0.1152,0.138
44533.62521,-0.2431,-0.015,0.1032,-0.288,-0.0322,0.2342
45160.98981,-1.0828,-0.0293,0.8208,0.0816,0.1866,-1.8537
45483.98226,0.4866,-1.9653,0.6332,-0.4824,2.1854,1.4495
44645.90162,-0.1036,0.0294,-0.0015,0.0503,0.1126,0.209
44624.27878,0.3134,0.497,1.1677,-4.6587,0.7565,2.5276
44694.66554,-0.1023,0.2175,-0.1117,-0.1991,0.2859,-0.4778
44696.29404,-0.4379,0.1086,-0.5964,-0.5367,-0.7324,0.1655
44672.10813,0.2976,-0.5359,0.164,-0.33,0.0762,0.6702
44678.59187,0.2754,-0.0154,-0.1503,-0.6034,-0.0145,-0.1362
45129.80745,-1.1719,-0.2936,0.1377,-3.5002,-1.9395,1.8843
45561.30271,-2.1931,-0.4141,0.0155,0.4189,-1.6551,0.4326
44625.1835,0.3565,-0.6789,-0.3244,0.8649,0.0173,-0.5052
44707.30133,0.2781,0.0936,0.0074,-0.3791,-0.3924,-0.4917
45449.45328,0.8768,-0.9192,0.5999,-0.9807,2.0269,-1.0883
45483.46958,-0.9762,0.0488,-0.0457,-1.0375,-1.263,2.146
45521.85851,2.6346,3.0376,-2.838,-2.6576,-0.1077,2.39
45166.84025,0.8412,-1.4541,1.1817,0.0189,1.7001,1.485
45152.30462,0.1367,4.2592,-1.5156,4.9911,-1.1969,-4.23
44811.1305,0.32,0.1275,-0.2687,0.4388,0.1231,-0.2311
45578.85358,-0.3725,1.3108,-0.9536,-1.989,-0.0782,2.7826
44574.33818,-0.0227,-1.123,-1.0235,2.1243,0.5818,0.2996
45409.82771,-0.3662,1.0364,-1.1852,-2.6621,0.1679,2.2284
45058.45447,0.2951,1.5421,-0.8071,-2.9603,-0.2439,1.2174
45259.1201,0.9717,-1.2237,1.3459,0.2063,2.4396,0.9538
45585.15619,0.5609,-1.1489,0.8798,-0.5567,0.7288,3.4675
44752.23487,-0.4898,0.0245,-0.7073,0.3345,0.2682,-0.1125
45605.78296,-2.2045,-0.5175,0.4329,-4.4931,-1.92,-0.4153
45562.78038,-0.8427,0.3683,0.0234,-3.911,-0.1748,2.7858
45026.87017,0.1376,-0.0017,0.0874,-0.661,0.4792,1.506
44847.31812,0.3523,0.2082,0.1152,0.465,0.3417,-0.5258
44491.34324,0.2599,-0.0807,0.3415,-0.5032,0.0434,-1.0458
44941.43654,0.2729,-0.7677,-0.6268,0.7173,-0.2198,-0.0943
44886.28046,-0.3603,0.0676,0.2109,0.0264,0.2285,-0.0266
44958.98751,-0.0475,0.0332,0.0363,0.9156,0.273,-0.3
44877.74603,0.0757,0.0375,-0.0999,0.3697,-0.0605,0.1578
45363.71836,-1.312,-0.1763,-0.2171,-3.8162,-2.0648,2.1547
45444.35683,-2.0179,-0.7147,0.274,0.6661,-0.8406,-0.3439
44838.60295,0.2396,0.0874,-0.083,0.218,-0.1183,-0.0642
45277.1538,-1.7304,-0.788,0.5361,-1.5401,-1.6392,0.0751
45496.61771,1.3153,0.5941,-0.0739,-1.2932,0.1227,-4.347
45552.70823,0.4173,2.4159,-0.17,0.6678,-1.4696,-5.8195
44987.60622,-0.3469,-0.2654,0.2582,-0.5878,0.0223,0.262
45495.1702,0.585,-1.4555,0.8029,0.4356,1.5258,2.2062
44937.03373,0.1604,-0.0115,-0.0199,-0.0598,-0.5754,0.1373
44736.22167,-0.536,-0.2303,0.3722,0.0836,0.4119,0.147
45121.00149,4.592,1.6473,-3.8115,-1.8826,3.1268,7.0614
44467.24642,0.2282,-0.2012,0.0366,0.1347,0.1691,0.0331
44358.51971,-0.0249,-0.0019,0.124,-0.9457,0.2954,0.4583
44873.10186,0.0742,0.324,-0.1772,0.12,0.1441,-0.4196
45511.48473,-0.3068,1.0767,-0.7309,-3.3229,-0.8932,1.9715
44798.31402,0.686,-0.342,0.3418,0.1493,-0.2177,0.1756
44856.27454,0.3137,0.2126,-0.2546,0.0751,0.1544,0.1611
44419.3531,-0.0445,-0.0305,0.1662,0.2029,0.0769,-0.2873
44473.48933,0.1361,-0.5409,-0.2186,0.0899,-0.0693,0.5895
44674.76196,0.0349,-0.2009,0.0583,-0.6568,-0.2462,0.0524
45054.05153,-1.3173,-0.6516,0.4898,1.4236,-0.6285,-1.1457
44980.73054,-0.6903,0.3256,0.1212,-0.6434,-0.7206,0.0735
44702.95871,-0.0758,0.0703,-0.2338,0.1426,0.5038,-0.4062
45114.83417,-0.3129,0.6447,-0.1349,-1.7198,-1.0426,1.7864
45190.12132,0.5191,1.6651,-0.8905,-1.93,-0.7168,2.0848
44796.4745,0.5754,0.2179,-0.8113,-0.0343,-0.1822,-0.7271
44610.10485,0.0748,0.1473,-0.1754,-0.1166,0.0262,0.6445
45037.22904,-0.0855,-0.0379,-0.056,0.0845,0.6159,-0.0193
44904.40466,-0.075,-0.5299,-0.2929,0.3884,-0.0305,-0.3896
45580.482,-0.0717,1.4115,-1.2413,-2.8873,0.2364,1.8703
44772.19854,-0.0566,-0.2315,0.1717,0.1699,0.1893,0.9787
44818.63948,0.7578,0.0118,-0.2129,-0.923,-0.0261,-0.1025
45073.44247,-1.4401,-0.6822,0.4157,1.6378,-0.4458,-1.82
45392.75914,0.8865,-0.9029,0.3507,-1.3269,2.3132,-2.8258
45070.2458,-1.8558,-0.8173,0.1937,-2.4008,-1.4204,-0.0848
45171.18283,-1.2075,-0.8204,0.3234,-2.8135,-1.6616,1.3397
45316.8651,0.1382,0.0059,-1.4938,2.5418,1.184,-0.6655
45487.29944,2.4793,2.1362,-2.2393,-2.8606,0.953,4.0117
44581.60613,0.1388,-0.5879,-0.0284,-0.1833,-0.029,0.3135
45155.56156,1.546,1.2726,-0.4139,0.189,-1.0518,-5.6405
45305.94837,-1.1766,-0.3934,0.8201,-0.6459,-0.3712,-2.9326
44459.25431,-0.0125,0.1685,0.0592,0.7514,0.0055,0.2679
45390.07518,-2.5469,-0.6024,0.2137,-0.7243,-1.1125,0.279
44676.99357,0.7082,0.3051,-0.0712,-0.0668,-0.1532,-0.0542
45434.67664,-2.2539,-0.6901,0.0912,-1.629,-1.4222,0.114
45410.31022,1.0014,-1.0823,0.3912,-1.301,2.2328,-1.1396
45555.00009,-1.4282,-0.6801,0.5253,1.9563,0.1155,-1.6529
44912.3056,-0.2372,-0.7062,-0.2026,-4.5453,0.2143,0.2327
44410.99868,0.0613,0.0344,-0.1873,0.4102,0.1495,-0.0843
44569.00032,-0.6444,0.5191,0.2844,-1.1788,-0.263,0.4035
44605.79238,-0.4545,-0.3649,0.0516,-1.1371,-0.8235,0.0015
45380.57588,-1.6547,-0.5048,-0.0064,-0.1771,0.1185,-2.5273
45539.13798,-0.6517,3.1394,-1.03,1.1696,-0.6642,-3.7111
45151.49037,-0.5678,2.6453,-1.088,1.6575,-0.4946,-4.0354
44973.82462,0.1441,0.1126,0.2464,0.6796,-0.167,0.2023
44358.73083,-0.1438,0.0494,-0.1043,-1.1871,1.126,0.0246
44996.4421,0.135,0.2394,0.2485,-1.3178,-0.0734,-0.4188
45495.35114,0.4056,1.8416,-1.0884,-2.8903,-0.4815,2.0607
44455.66539,-0.3682,-0.5375,0.6154,1.8767,0.4825,0.8377
44894.54344,-0.0383,0.024,-0.2687,0.2316,0.1188,-0.3919
45417.75888,1.2492,2.0121,-1.9097,-4.3861,0.1056,2.0557
44638.42264,0.0666,-0.4039,-1.0378,0.8171,0.6447,-1.2108
45553.58274,1.1853,0.2177,0.26,-0.5342,1.8914,-4.0879
44690.74515,-0.4328,-0.0044,0.5076,0.1081,0.2793,-0.0111
44822.46932,-0.0698,0.1734,-0.1394,-1.4194,-0.7249,-0.0227
44541.88853,0.0877,-0.24,0.1119,-0.3418,-0.02,0.0331
45437.17962,-1.6633,-0.3703,0.0975,2.6447,0.0165,-2.1982
45599.63111,1.1113,0.6901,0.1522,-5.2091,1.2465,-3.6623
44983.29384,0.0429,-0.0923,-0.0234,-0.3979,-0.2004,-0.1138
44518.63661,-0.0773,0.1886,0.249,0.0818,-0.1525,0.3985
45312.64316,0.9767,-1.2379,1.3675,-0.6369,1.7591,1.106
45548.09432,1.2319,-0.4967,0.5289,-4.0139,2.596,-2.979
44444.83821,0.2781,0.1539,0.3258,0.7208,0.2459,-0.2127
45224.34927,0.2132,1.6069,-0.4055,-4.4192,-0.7189,1.2655
45058.36402,1.433,1.3712,-0.0586,2.285,0.662,4.46
45000.69417,-0.0877,-0.2267,0.0606,-1.0279,-0.6011,-1.9508
45374.60486,0.8113,-1.4009,0.4599,-0.2138,1.1507,4.377
44592.13109,-0.8802,0.1822,0.8703,-0.2928,1.2056,0.575
45319.4083,-0.8169,-0.2659,0.374,-1.6075,-1.9118,1.6538
44382.40605,0.1013,0.0926,-0.0952,0.1128,0.1903,0.4065
44774.00789,0.2964,-0.3514,-0.5593,1.4466,-0.1674,0.5242
44578.7412,-0.1774,-0.2131,-0.0856,-1.24,0.0917,-1.0646
44899.48913,0.0224,0.0452,-0.0766,-0.3238,-0.2557,-0.3804
44974.69919,0.2399,0.1265,0.0069,0.1755,0.3331,0.2001
45099.3177,-0.5668,2.8987,-0.3912,1.7515,-0.5594,-3.1255
45497.5224,1.1812,-1.5991,0.8085,-0.3237,2.3377,-0.4135
44498.6718,0.6105,-0.4679,0.2493,0.8542,-0.5176,0.8032
45505.75504,2.1666,3.7955,-2.1425,-5.7843,-0.3434,1.6633
45472.79428,0.8521,-1.9535,1.0052,0.4788,2.1832,-0.0671
45277.45536,1.6214,-0.1953,0.4815,-1.043,3.2132,-2.8112
45109.39068,-2.1005,-0.8768,0.2901,0.2926,-2.1842,-0.0432
45086.74166,-1.4035,0.2469,0.3303,1.4286,0.9036,-1.5599
45416.52244,-0.7309,3.571,-0.9839,2.19,-0.4838,-4.7738
44935.64653,0.1608,-0.1424,0.4705,0.3019,0.2147,-0.0884
45259.2407,1.1762,0.512,0.4787,2.1651,1.0043,4.6228
44936.09888,-0.1558,0.1071,0.5564,0.0664,0.3146,-0.1724
44783.29614,0.0625,-0.0925,-0.0227,1.232,0.3165,0.5061
44371.39781,-0.2391,-0.2607,0.2834,-0.2232,0.1491,0.7534
44888.78347,0.2959,0.0249,-0.6498,0.3457,-0.0406,0.5654
44601.11799,-0.4601,-0.5784,1.1739,1.8314,0.4241,-0.0453
44979.22267,-0.5391,-2.0012,0.4815,0.4357,1.0179,-1.0053
45192.98621,1.2217,-0.6506,0.8436,-1.8416,3.7871,-2.2774
45372.16217,0.6925,-1.765,0.9918,1.3325,2.2804,0.3059
44693.21798,-0.3542,1.0106,-0.139,0.0962,0.5861,-1.2057
44655.91378,-0.6632,0.4635,0.0564,-0.4383,0.1066,0.3398
44461.12417,-0.1369,-0.6731,0.4149,-0.308,0.3794,-0.2943
44456.32887,0.2234,-0.0345,0.171,1.2607,0.1102,0.8833
45428.37395,-1.6665,-0.6996,-0.0072,1.0744,-0.8401,-1.8815
44358.85146,-0.1438,-0.0486,0.0533,-2.0008,1.1194,-0.8407
44484.2258,-0.08,0.152,0.2261,0.1837,0.125,0.1943
45188.73412,-1.8534,-0.9327,0.5768,-3.4479,-0.9424,-0.2366
44946.20123,0.2506,-0.241,-0.1989,0.6299,-0.1664,0.9734
44966.97908,0.1135,-0.055,0.0034,0.746,1.2318,-0.1198
44461.42574,0.2157,0.2865,-0.0053,0.4847,0.0722,0.2274
45135.77856,1.2025,-1.4165,1.0508,0.7215,3.1736,-2.5953
45309.68781,-0.0552,0.7836,-0.0542,-1.0398,-1.0457,2.2471
45492.87831,1.2634,1.9066,-0.6785,3.6143,1.093,6.3527
45593.56972,-0.4097,0.9726,-0.4166,-2.1321,-1.1648,1.6405
45604.78781,0.5076,1.764,-1.1192,-2.9874,0.1326,1.3165
44829.37512,0.1649,-0.1809,0.0833,-0.0417,0.4257,-0.0862
44576.84125,-0.6226,-0.3283,0.9076,0.8234,0.4677,0.0704
45413.47665,0.863,-1.1741,0.6178,-1.4711,2.3651,-1.8255
44355.50378,0.0037,-0.0015,-0.0021,-0.0143,0.0294,-0.0537
44548.79467,-0.3865,0.1963,0.0666,0.8659,0.1481,0.2413
44717.01184,0.4497,0.2179,-0.2308,-0.8726,-0.7249,-0.5803
44778.5314,0.0874,-0.6826,0.1239,-0.0271,0.0277,0.344
44962.60635,-0.3609,0.095,0.269,0.13,-0.1963,0.3479
44859.9536,-0.6469,-0.0134,-0.0476,-0.5471,-0.25,0.0504
45160.68824,0.8477,1.9911,-0.7128,-7.0519,-1.5401,2.0111
45286.05003,0.6943,3.3686,-1.0053,3.4329,-2.7762,-4.308
44440.40469,-0.6449,0.5176,0.2762,0.2335,0.289,0.4256
44930.55013,0.1872,0.0447,-0.1033,-0.2187,0.051,-0.3245
45139.39744,-2.1852,-0.6755,0.3833,-1.5144,-1.6111,0.0229
44935.88777,-0.2021,-0.1834,0.2429,0.0824,0.0155,0.3184
45329.03833,-1.8879,-0.6701,0.3195,1.7172,-0.2175,-2.1637
44579.22371,0.1656,0.1026,-0.1094,-0.742,0.0882,-0.8875
44915.83389,0.0355,0.3031,0.0873,-0.2238,-0.3666,0.3398
45430.78648,-1.8478,-0.6642,0.2373,1.6834,-0.6418,-2.0952
44476.59564,-0.4211,-0.0252,0.6282,-0.742,-0.266,0.0704
45045.84887,1.9703,2.3703,-1.0243,0.5031,-1.5451,-6.0705
44667.16241,-0.3693,-0.1036,-0.2838,0.4431,0.4344,0.2044
44653.83297,0.4389,-0.3053,0.3095,-0.6102,0.1289,-0.179
45040.00849,0.4071,-0.4248,0.033,-0.2383,0.0417,1.1493
45285.92939,-1.6693,-0.6916,0.7745,0.1661,-1.5295,-0.139
45130.32011,0.7722,-1.1679,1.1268,-1.4805,1.1414,3.1068
45225.13336,0.0726,1.2624,-0.584,-1.7398,0.4849,1.9218
44507.17648,0.099,0.4045,0.2295,-0.6907,0.0333,-0.6728
44842.40263,-0.497,0.1145,0.2854,-0.1499,-0.0085,-0.2575
45596.37424,1.127,0.653,0.2787,-4.1156,0.5293,-4.0545
45145.63991,-0.8579,-0.2946,0.3294,-2.8442,-1.5402,1.5898
45338.89954,0.5347,-1.7843,0.6327,-0.8322,1.8139,3.0196
45098.47327,-1.6258,-0.8498,0.4447,1.6853,-0.7097,-1.3096
44685.46767,0.1456,-0.2674,-0.0306,-0.7069,0.2985,-0.3982
45508.01679,0.8932,-1.9002,0.9648,0.0874,2.5695,0.6092
45039.70692,-0.5955,-0.0812,-0.8365,1.0835,-0.4402,-0.9543
44544.90434,0.3186,-0.482,0.2224,0.5137,0.3264,0.6732
45581.44697,-1.9338,-0.7717,0.342,-2.4078,-1.7272,0.2797
44951.38812,-0.2335,0.26,-0.6264,-0.6172,-0.0957,-0.1422
45169.85596,1.5425,0.7575,-0.0491,-2.2723,-0.1856,-4.8329
45102.5447,1.2732,1.7405,-0.564,0.2478,-0.6172,-5.974
45164.27691,1.8725,1.9656,-0.394,1.4684,0.1983,-5.5065
45077.72474,1.426,-0.9611,0.4929,0.5405,0.0076,4.193
45114.26117,-1.5368,-0.7077,0.4305,1.5619,-0.2255,-1.7885
45032.0069,-0.365,-0.0812,-0.0649,-0.6469,-0.2683,1.8128
44464.47183,-0.2646,0.5011,0.3114,-0.6579,-0.4274,0.0287
44547.16616,-0.2111,0.4346,0.5087,0.1305,-0.0755,0.3531
45075.07095,-0.1076,3.9929,0.1423,5.7071,1.0408,-2.6283
45181.40602,-0.0488,1.3163,-0.7772,-3.3531,0.5801,2.0884
45604.0339,-0.2673,1.0419,-0.3835,-0.4735,-0.6468,1.9086
44399.08497,-0.0557,-0.6697,-0.13,-1.7366,-0.659,-0.6461
44838.6331,-0.4934,0.0079,-0.0686,-0.7382,-0.0939,0
45030.13215,0.1451,-0.0027,0.2494,0.8466,-0.0491,0.3446
44856.87766,-0.15,-0.0351,0.2558,1.2058,0.5796,0.3048
45625.61596,0.1055,-0.027,-0.0218,0.3283,-0.0739,-0.3868
45026.2972,-0.3352,0.3466,-1.1783,2.7368,-1.5483,1.2289
45419.29684,1.1754,1.6276,-0.3763,4.1713,1.8408,5.0948
45228.60139,-0.9431,1.2037,0.2418,1.5553,-0.6627,-2.7373
44691.37842,0.2022,-0.0207,0.2347,0.7318,0.2008,0.1014
45324.6405,0.488,-2.281,0.7642,-0.2417,2.2973,1.3212
45090.96378,0.8229,-1.817,1.3878,-0.0304,1.6136,1.0554
45157.85351,-0.3653,3.2923,-1.1535,4.1921,-1.0363,-3.8694
45088.79239,1.8373,1.9129,-1.9429,-2.374,0.1703,2.3305
44611.97459,0.9353,0.1054,-0.719,1.1865,0.5233,-0.209
44935.07356,0.3354,0.4196,-0.6833,-0.5875,0.1806,0.3915
45267.14178,0.9757,-1.3223,1.5636,0.4206,2.7216,-0.6931
44500.84319,0.4027,0.5684,0.2137,0.3307,-0.0303,-0.8388
44437.35858,0.2738,-0.3745,0.2017,-0.1621,-0.0788,-0.2248
45271.96685,1.1267,-1.2784,1.428,-0.8493,2.9897,-0.1012
45432.98788,-0.7032,0.9914,-0.6225,-1.3784,-0.4561,2.9741
44583.74734,0.6641,0.3909,0.2671,-0.9668,0.0851,-0.5637
45510.15784,-1.3755,1.8172,0.7268,0.8618,-0.3923,-3.0924
44467.30675,0.1724,-0.1327,0.2752,0.0163,-0.0229,0.07
45520.10943,0.3864,-1.303,0.6145,0.2029,0.7908,3.2304
45514.50035,0.6399,-1.1653,0.5315,-0.2602,0.672,4.0995
45005.42874,0.02,-0.1504,0.3181,-3.4945,1.5694,2.318
45621.75589,0.0904,-0.0156,-0.3567,0.9079,1.4031,0.1972
44687.94053,0.0601,-0.0541,-0.0293,0.3036,0.3824,-0.239
45304.22945,-1.535,-0.6888,0.5703,-2.8586,-2.1113,0.0549
45170.94159,1.5465,2.7538,-0.4464,4.0311,1.6964,5.408
44697.59079,-0.4227,0.4012,-0.0032,0.7098,0.6953,0.2912
45563.02162,-0.8424,2.6039,-0.8438,3.9434,-0.0453,-4.5073
44534.59028,0.3143,0.231,0.0651,0.7813,-0.0805,-0.0097
44633.8387,-0.1594,-0.1858,-0.2247,-0.0749,-0.2525,0.1237
45157.34084,0.9261,-1.3186,1.0488,-1.0665,1.8423,3.2591
45341.61362,-2.1485,-0.6762,-0.1216,1.1069,-1.1653,-0.8282
44806.3055,-0.2485,0.097,-0.3467,-0.6255,-0.1848,-0.0626
44826.1484,0.2668,0.1936,-0.0164,-0.08,0.1136,-0.1912
44717.49435,-0.7842,-0.339,0.4599,-0.3938,-0.0268,0.7796
45622.14792,0.4187,0.5721,0.0337,-0.0181,-0.6503,-0.1915
44524.84921,-0.067,-0.0059,-0.0378,0.1958,-0.3239,0.407
44731.60768,-0.3739,-0.6322,-0.0017,-0.1094,-0.1432,0.2421
45244.64486,1.4959,0.9308,-0.0737,-2.4233,1.4839,-4.5885
44433.46794,0.6557,0.0928,0.4608,0.0171,0.1622,-0.1147
44561.4006,0.1764,-0.0968,0.1687,0.5003,0.5979,-1.173
44672.65095,-0.9043,0.6243,0.2343,-1.3326,-0.2476,-0.3891
45563.95645,1.4494,0.7658,0.4217,-2.455,0.503,-4.0098
44921.41281,0.1623,-0.1623,0.2404,0.0186,-0.0361,-0.081
44972.91993,-0.0358,0.0112,0.029,-0.4605,0.3604,0.4091
45024.03546,1.0296,0.5061,0.0412,-5.3603,2.323,2.2646
45337.63295,-1.5391,-0.673,-0.1497,-2.2206,-2.1873,0.9333
44645.56989,0.0603,-0.01,-0.041,-0.1762,-0.0341,-0.063
45401.14262,-0.6766,0.7806,-0.9213,-1.541,-0.4113,2.279
44511.0066,0.4924,0.3675,-1.2478,2.9647,-0.5043,-0.1577
44739.71987,-0.0642,-0.0266,-0.8464,0.2777,-0.6467,0.0175
44520.80802,0.0204,-0.1634,0.5902,-1.1295,0.2062,-0.0057
44864.50719,0.1521,-0.0675,-0.1057,-0.0712,0.079,-0.2974
45194.52422,1.5142,0.0418,0.4763,-2.6162,2.22,-4.1415
45450.44841,1.109,1.3067,-0.0109,1.5291,2.1041,5.9608
45584.5229,-0.3944,1.2708,-0.904,-1.0122,0.2525,2.8013
44877.6254,-0.321,0.3182,0.0686,-0.0006,-0.1091,-0.1575
45334.4062,-1.1657,0.2149,-0.371,-1.6184,-1.1577,1.9835
45252.51575,1.5298,3.3646,-0.6329,3.0097,-0.7627,-5.1866
45389.92439,-0.6654,0.7092,-1.1173,-3.7382,0.0256,2.4014
44389.64448,0.0902,0.1034,0.1435,0.71,0.4186,-0.298
45136.44202,1.9867,2.9321,-0.6911,-1.565,0.9544,-5.9048
44636.64337,-0.004,0.7413,-0.239,-0.0213,0.0903,-0.7496
44784.6833,1.2543,-0.8689,0.4568,-0.0767,0.4049,0.3489
44964.74748,-0.1236,0.1475,-0.0162,0.7053,0.1371,0.0656
44495.1734,0,0.3224,-0.1717,0.4279,-0.1033,0.4742
45110.11449,-0.7812,-1.8927,1.034,0.8218,4.9431,2.6718
45066.80794,0.8477,-1.396,0.7446,-1.4816,1.2839,3.8726
45613.59344,0.5129,3.5394,-1.428,2.1623,-1.9089,-4.8786
44615.77441,0.3149,0.1449,0.3246,0.307,-0.1403,0.8106
44983.23351,-0.1623,-0.3625,-0.0996,-0.3579,-0.6093,-0.0087
45240.12132,1.0547,-0.4845,0.6426,0.4792,-0.1199,5.1353
45245.36862,1.2891,3.1767,-0.8772,2.1076,-1.2308,-4.6436
45481.99193,-1.9246,-0.6669,0.1671,-1.6062,-1.2153,-0.5293
45051.91043,0.7403,1.4504,-0.1804,-3.9647,1.1724,-4.9939
44834.47153,0.0308,0.125,-0.0662,0.0691,0.2082,0.092
45271.1526,1.3624,-1.1223,1.3216,-0.3049,2.0602,-1.4455
44965.44107,-0.0258,0.021,0.1917,-0.6278,0.0457,0.3124
44974.15638,0.1908,-0.0199,0.1887,-0.8226,0.4824,0.3133
44835.10482,-0.3041,0.257,-0.2966,-4.444,1.3563,1.4285
44981.33366,-0.4127,-0.0164,-0.2696,0.1711,0.2098,0.6152
44720.90205,0.7061,0.1169,-0.1159,-0.662,-0.2804,-0.7661
45191.68948,0.7487,1.6188,-0.9159,-4.0641,0.1802,1.5251
44501.65748,-0.7009,0.336,0.3002,0.3623,-0.0713,-0.1289
44799.24889,0.0044,-0.1795,-0.0018,0.0535,0.3193,0.1089
44937.93842,-0.1536,0.2297,-0.2174,0.1677,0.3775,-0.0585
45132.58191,1.3821,-0.6787,0.6892,-2.1035,1.7759,-2.7281
45299.88689,0.9405,-0.5922,1.0464,0.0925,1.6158,4.7263
44794.78576,0.3097,-0.0444,-0.3186,0.2653,-0.2311,0.1788
44728.50153,-0.7942,-0.6603,0.2574,-0.8058,-0.3649,0.8407
44863.08987,0.2482,0.1085,0.0441,0.3135,0.0824,0.0454
45086.34963,0.997,0.2189,0.445,1.2333,0.9928,4.4536
44476.56549,0.0476,0.2995,0.0972,0.1616,-0.0179,-0.1416
45192.74497,-1.2114,-0.5146,0.7448,1.2561,-0.8587,-2.2696
45249.65085,0.823,-0.5722,0.7341,-0.2064,-0.6609,5.0598
44445.41124,0.2602,-0.1454,0.1776,0.8272,-0.143,0.5514
44660.19609,-0.1695,-0.1471,-0.4758,0.56,-0.4365,-0.1528
45284.96436,-0.2454,1.0023,-0.3611,-1.743,0.2318,1.5905
45580.6931,-1.764,-0.6838,0.2977,0.9932,-1.2926,-1.5405
45340.6486,0.2316,1.6714,-1.4218,-5.355,-0.9248,1.5793
44994.60256,-0.1568,-0.1644,-0.0606,-0.4023,-0.3108,-0.0579
44752.11426,-0.2921,0.5795,-0.3132,-0.7003,-0.2058,-0.0597
44999.03557,0.0685,0.0776,0.2442,-0.4891,0.0599,-0.0125
45235.17559,1.6653,0.1229,0.5437,-3.1574,1.4187,-4.3675
45352.16838,1.0147,-1.0152,0.3113,-0.2105,2.3364,-1.945
45248.20334,0.1222,1.5965,-0.6004,-0.8046,0.3337,1.4919
45381.51073,1.271,0.8496,-0.4769,-0.0991,0.1401,-5.0993
45201.49045,-1.6764,-0.7786,0.4659,-1.3757,-1.471,-0.4539
44848.91641,0.1261,0.203,0.0036,-0.2354,-0.4368,-0.3474
45121.81572,1.4969,2.5408,-1.1296,-6.2394,-0.5276,2.255
45243.25764,0.7669,-0.9033,0.9806,-1.0276,0.8725,3.2241
44382.76795,-0.0008,0.068,0.0327,-0.2771,0.0587,0.2381
44880.5808,-0.0871,0.0549,-0.5346,0.5992,0.208,0.2467
45225.85712,1.8481,1.8193,-1.5908,2.2393,1.432,5.1609
45294.27775,0.7434,-0.5942,1.0602,-0.8092,1.0241,4.2416
45545.71204,1.0946,-0.5165,0.7121,-2.609,0.7474,-2.8712
45022.10541,0.7324,-0.132,0.3897,3.1273,-1.6562,-2.0411
44930.73107,0.2243,0.0253,1.0538,-0.5471,0.0359,-0.0587
45394.68915,-0.4483,1.0729,-1.4836,-2.7282,0.2953,2.0721
44457.05269,-0.1992,0.1193,0.0005,-1.0744,-0.2282,-0.4132
44646.05241,-0.0287,0.0397,-0.0614,0.0398,0.0663,0.1177
45431.3896,-0.8207,0.5095,-0.6067,-3.1298,-0.6844,2.2364
45148.26361,0.1107,3.9355,-0.6193,0.2152,-0.8292,-2.7584
44752.86816,0.1483,-0.6436,1.2587,0.3463,-0.26,0.2975
45503.76473,0.9474,2.6306,-0.9133,4.5283,-2.0342,-4.4133
45617.86066,0.0821,-0.3739,0.454,-0.4304,-0.3994,0.4559
44501.95909,-0.3458,0.1866,-0.1041,-0.1037,-0.1316,-0.3749
44961.94289,0.1324,-0.1125,0.0518,-1.3288,-0.4383,-0.1349
44685.28673,-0.0445,0.1665,-0.4257,-0.9685,-0.4253,-0.4306
45013.84246,-0.0581,-0.3353,0.6717,2.9389,3.1946,-2.5228
45131.13434,0.5645,-1.0915,0.7893,-0.5648,1.0143,3.7563
45100.4939,1.873,1.8662,-0.299,3.8897,0.8732,5.667
44455.99715,-0.5584,0.8799,0.2426,-0.4643,-0.2294,-0.5055
44528.16659,-0.3647,0.0708,0.0722,-0.2767,0.0443,0.13
45262.4373,1.6299,1.379,0.1112,3.7371,0.301,4.8741
45013.08856,0.1813,0.5587,-0.5743,-0.6799,1.327,-1.2536
45148.62548,0.7974,-0.2217,0.6408,0.3694,0.1033,5.8748
45501.53316,1.0121,-1.364,0.6664,2.1598,3.3112,-0.1634
44549.75974,0.22,-0.0368,0.2266,-0.0295,-0.0064,0.0229
44357.88635,-0.0081,-0.0148,-0.01,-0.0327,-0.0147,0.0026
44864.11516,-0.5566,-0.0882,-0.018,-0.0033,0.2382,-0.0244
45540.82673,1.385,1.9018,-0.7301,1.5699,-0.4963,-5.6998
45424.57424,1.3679,1.3615,-0.3816,0.2938,-0.7882,-5.1967
44625.15335,0.265,-0.3874,0.9867,1.5368,0.1846,0.3815
45129.41542,1.4382,-0.7893,0.6292,-0.5962,3.0516,-2.4171
44922.46828,0.0523,0.1929,-0.7449,0.45,-0.2832,0.4878
44899.82086,0.0429,-0.0154,-0.0542,-0.1079,0.0068,-0.1717
45199.22868,0.4764,3.9072,-1.2519,3.661,-1.8149,-5.3027
45432.71649,0.7846,-1.943,1.1485,-0.9994,2.1097,0.3348
44436.69506,-0.197,-0.0355,0.2118,0.132,0.0425,0.3049
45345.26257,1.6008,1.8723,-1.1304,4.2146,2.0935,5.2999
45309.50688,0.9937,-0.4844,0.8002,-0.2119,0.5136,4.7851
44968.93925,0.0805,-0.0899,0.1168,0.8002,0.0554,0.4009
45542.03295,-0.2535,1.1376,-0.8448,-2.7623,-0.2491,1.8647
44759.2915,-0.2756,-0.2194,-0.0494,0.2575,0.5583,-0.0046
44622.62016,-0.4308,-0.3127,0.1053,-0.0107,0.084,0.2183
44897.46864,-0.1642,-0.1234,0.324,-0.5797,-0.4653,0.345
45624.10814,0.2497,-0.1352,0.0427,1.6178,0.2334,-0.1272
45579.39637,1.1953,-1.2753,0.9888,-0.4572,2.3029,-1.045
44857.96325,-0.4647,-0.4001,0.3602,0.0171,0.2564,-0.0499
45059.23855,-0.0759,1.2094,-0.7286,-2.8825,-0.9289,1.2328
45211.44216,1.1257,-1.3763,1.3843,1.6123,2.3522,-0.0953
44985.22385,0.199,0.0276,0.103,-0.9808,-0.6638,0.2842
45247.14784,1.2149,-1.4192,1.1003,0.1892,2.1001,-0.0488
45352.80171,-0.3495,4.0262,-1.8549,2.0343,-2.0449,-5.0562
44985.16355,0.0356,-0.2337,-0.0288,-0.6837,-0.6209,1.0379
45285.83894,-0.7894,-0.49,0.243,-3.2002,-2.2324,2.5318
45171.213,-1.6499,-0.8964,0.2102,-0.8405,-1.2399,0.4159
44467.09563,0.0334,-0.2536,0.0992,0.6962,0.129,0.1961
45221.11243,1.938,2.5179,-1.8336,3.9867,3.1933,6.34
44431.17574,-1.1582,-0.4115,-0.2292,-0.3158,-0.0935,1.0156
45100.25262,1.5229,-0.2831,0.3708,-4.454,2.1675,-4.0597
44743.82114,-0.2874,-0.1148,-0.1833,0.9335,0.3624,0.9018
45110.36075,-0.079,0.6447,-0.9813,-0.7756,-6.1077,-6.1148
45381.08855,0.1478,1.6345,-1.406,-3.8669,0.0279,2.1317
45155.83298,1.846,0.9851,-0.012,3.243,0.2821,4.6926
45098.50342,-1.2531,-0.6623,0.5327,1.4182,-0.3323,-1.675
44475.5401,-0.5473,0.0359,-0.0669,0.5392,-0.084,0.8852
45115.8294,-1.623,-0.713,0.6988,0.7634,-1.0377,-1.4608
44633.08477,0.6083,-0.2945,-0.431,0.8831,0.0162,0.4735
45375.78098,-2.0175,-0.7061,-0.0283,1.2749,-0.447,-1.3691
45404.42971,-1.9736,-0.5399,-0.0203,-0.239,-1.8447,-0.3141
45534.61455,0.5652,-1.1255,0.7984,-1.0677,0.8685,3.3673
44778.92342,-0.3128,0.8144,-0.2017,-0.7488,-0.2223,-1.1102
45189.97054,0.7604,-0.9594,0.9049,-0.8168,0.5609,3.3728
44764.41812,-0.0198,0.0822,-0.1255,-0.0352,-0.0092,0.6015
45414.38134,0.667,-1.4948,0.6909,-0.4221,1.7976,2.4296
44559.01814,0.0525,0.0263,-0.1185,0.3226,-0.1014,-0.0811
44910.13437,-0.1058,0.0202,-0.1226,1.1497,0.1892,0.2665
44933.23405,-0.2287,-0.2343,0.0662,0.0154,0.4469,-0.6068
44512.18278,0.235,0.4799,0.0524,-0.865,-0.1497,-0.8241
45084.78144,1.1655,-0.2173,0.4433,0.657,0.6296,4.2191
45105.8923,0.9997,-1.2728,1.1801,-1.647,2.1891,2.2716
44402.73451,0.3183,0.1153,0.1466,-0.3473,-0.1181,-0.0819
45255.35047,0.0548,1.3382,-0.6597,-1.2369,0.1021,1.7763
45469.89925,-0.9208,0.5637,-0.5835,-2.0623,-1.5036,1.7921
44782.69299,-0.5001,-0.0433,-0.0529,-0.9462,-0.4196,0.1577
45510.00708,-0.7739,-0.966,0.4596,-3.2799,-2.3085,0.3096
45207.8535,-1.9916,-0.6544,0.4717,-1.4124,-1.6416,0.6924
45075.04076,-1.3649,1.7126,0.7375,0.4353,0.9691,-2.5404
44473.97184,0.1169,-0.0776,-0.1578,0.9598,0.0764,0.5425
44388.25709,-0.4725,0.3323,0.2295,-0.152,0.0793,0.2781
45245.82095,-0.1328,1.1545,-0.4339,-0.7095,0.6746,2.2176
45304.5612,1.4756,-0.2297,0.3807,-3.0964,3.8629,-3.1748
44520.50644,0.0332,0.1187,-0.3169,-0.0003,-0.1706,0.1255
44971.71369,0.0477,-0.2135,-0.2009,0.049,-0.1489,-0.1556
45071.30134,1.469,0.4047,0.1137,-1.3007,0.9718,-4.6722
45368.09107,0.9008,-0.6311,0.0679,-3.4478,1.9397,-3.2987
45400.62999,-1.1726,2.369,-1.3594,4.6665,-0.8096,-4.9388
44656.84867,0.3255,-0.7343,-0.7854,0.0788,-0.0008,0.544
44779.19484,0.3913,-0.5555,-0.1106,0.8362,0.0687,0.6278
44684.08046,0.1027,-0.7494,-0.4219,0.9526,-0.3472,1.6174
44814.02556,-0.5031,0.1682,-0.0093,-0.5458,-0.0282,-0.3886
44893.94032,-0.088,0.3213,-0.4342,-0.6474,0.0224,-0.6985
44596.83566,-0.0214,0.2615,0.517,0.6987,0.0524,0.6265
44772.65087,-0.0084,0.0487,0.3889,-0.1037,0.1088,-0.2491
44623.8566,0.1231,0.0198,0.1918,0.8822,-0.5037,-0.7187
45253.36015,1.7049,1.349,-0.1226,-1.0202,-0.4487,-4.7038
45436.4257,-1.6594,2.0408,-0.6518,3.6823,0.3309,-4.3444
44678.41093,-0.4203,0.1748,0.8604,-0.6959,0.0436,-0.2963
45547.61184,-0.3386,1.6196,-0.9187,-3.5957,-0.0591,2.0116
45428.79613,0.6402,-1.0557,0.5174,-0.3217,0.8725,5.024
45589.58912,-1.2165,-0.7516,0.7539,-2.1587,-1.4905,-1.0017
45612.02531,0.8416,-1.51,1.033,-0.234,2.5912,0.2923
45196.4241,1.3913,1.7726,-1.4208,-4.8019,0.3188,2.4311
44887.84858,0.1112,-0.3559,0.3183,0.3363,0.2578,-0.1661
44473.2782,-0.5566,0.5384,-0.1126,-1.43,-0.4352,-0.8366
45540.103,1.2607,-0.5263,0.633,-3.9591,0.8674,-2.7726
44361.50551,-0.591,-0.535,-0.0551,0.3611,-1.0719,-0.639
44574.73022,0.445,-0.0644,-0.4278,-0.6228,-0.2066,-0.4638
44754.79816,0.214,-0.0583,-0.0481,0.3453,0.2371,0.0552
44368.11043,0.1153,0.1258,-0.2674,-0.2002,-0.3202,0.137
44844.87546,0.5046,-0.0056,0.2219,-0.1373,-0.1342,-0.1472
44994.96444,0.293,0.0966,-0.1673,-0.8443,0.1829,0.0554
44457.20351,-0.0923,-1.1078,-0.0977,0.3383,0.0782,0.7332
44684.44234,-0.187,0.1796,0.2526,-0.3426,0.1731,-0.5986
44688.45319,-0.7798,0.686,0.1024,-0.8745,0.4045,1.6603
45431.11818,1.1741,-1.6769,1.0836,1.0588,2.4468,0.0437
45480.33333,-1.4066,-0.5127,-0.0002,-1.4284,-2.488,1.9353
45091.44632,-1.2126,-0.5032,0.5134,0.9053,-0.0122,-1.7439
44431.32656,0.0261,0.1812,-0.4871,0.6718,-0.0833,0.0426
44764.56891,0.1716,-0.4276,-0.0348,1.807,0.1029,0.9074
44841.73921,-0.1011,-0.5689,-0.1766,0.4935,-0.0572,0.8639
45031.10221,-0.0902,-0.0735,0.0232,0.0015,-0.0664,-0.3219
45117.84997,3.5379,6.5185,-3.635,3.3088,2.295,0.9076
45363.02474,-2.4077,-0.4465,-0.0605,1.7157,-0.707,-0.4657
45168.19733,1.2033,3.4927,-1.0788,4.6425,-1.9947,-5.4739
44940.01918,-0.4694,1.3028,-0.4547,-0.2827,0.0735,-0.7779
44781.54703,-0.4078,0.5185,0.1861,-0.6638,-0.2165,-0.5752
45164.66894,0.723,1.7964,-0.6682,-3.5469,-0.4391,0.7906
45134.33101,0.7223,-0.9089,0.877,-0.4032,0.9681,3.847
44690.11183,-0.927,0.3706,-0.2492,1.1633,0.1001,0.1739
44749.21922,0.6599,0.066,-0.4867,-0.6218,-0.3709,0.1446
45157.79317,-1.1645,-0.787,0.6317,1.4383,-0.5946,-2.6118
45192.02121,0.0174,3.6869,-0.6674,0.9393,-1.2652,-4.0817
44372.39309,-0.0075,0.4056,-0.6606,-0.5998,0.1543,0.2277
44442.75717,0.2672,-0.2997,0.0518,-0.6267,-0.0368,-0.0914
44749.15889,-0.7121,-0.2396,0.3299,-0.0844,0.0363,0.3676
44963.57135,0.0918,-0.1162,0.2667,-1.4023,-0.0918,-0.479
44589.98991,-0.7434,0.2421,0.286,-0.4164,-0.5135,0.5909
45123.47441,-0.7075,0.2799,0.0309,-4.0537,-1.827,2.2407
44433.64888,0.1427,0.1485,0.258,-0.9518,0.3584,-0.3551
44990.04892,0.0128,-0.6252,0.2869,-0.6056,-0.0142,0.8018
45139.69901,1.674,-0.722,0.6009,-1.1713,2.1314,-3.7157
44927.4139,-0.5838,-0.0726,-0.2716,0.4909,0.2107,0.0573
45249.50007,1.3375,-0.8857,0.8438,0.5536,3.339,-1.4637
44860.70748,-0.0527,-0.2275,0.3279,-0.9579,-0.0396,0.3616
45400.84108,1.098,-1.1785,0.6201,0.1029,1.9623,-1.1366
44741.37847,-0.5184,0.0269,0.0583,-0.7409,-0.3217,-0.6061
44910.76764,-0.0626,0.1743,0.0087,3.4517,-2.9352,-1.8641
44497.73688,-0.2114,0.212,-0.3202,0.632,0.0432,0.1397
44539.59654,0.0504,-0.1312,-0.0275,0.094,0.152,0.374
44963.29996,0.162,-0.3616,0.0229,0.0007,0.0493,0.2833
44845.41827,0.172,0.0455,0.2569,0.1496,-0.077,0.0376
44868.09578,0.3037,-0.3253,0.5955,0.1054,0.5071,0.5938
44781.18515,-0.6072,0.3037,0.22,0.0917,0.1595,-0.3158
45068.94909,1.5389,0.9333,-0.1286,0.7474,0.4896,-5.5887
45247.96207,0.9235,-1.4563,1.3704,0.4221,2.3299,0.5886
44479.5814,-0.619,0.2818,-0.7583,0.0109,-0.0008,-0.0347
44732.48225,-0.0625,-0.1859,0.6706,-0.5831,0.0028,-0.1895
45302.14863,1.379,-0.1048,0.6096,-2.1989,2.0131,-2.5072
45380.30443,0.0908,1.8806,-1.2026,-3.8488,-0.5244,1.3137
45417.21605,-1.9074,-0.7894,0.0087,0.3458,-0.5911,-1.5212
45434.97822,1.3656,0.1274,0.2378,-4.0289,0.6802,-4.1613
45442.36653,0.7394,-1.4046,0.9151,-0.4513,1.4787,2.209
45459.79688,1.0565,-0.278,0.2772,-3.565,2.4124,-3.4718
45485.58053,0.7674,-1.9988,0.8339,0.0216,1.9891,2.5353
45523.33614,0.5113,-1.2157,0.5483,-1.0598,0.596,2.9032
45040.55132,0.388,0.2607,0.3603,2.5047,-0.2196,-2.4162
45604.9386,-1.1498,-0.5167,0.2824,-2.6143,-1.9289,1.7315
45582.68338,0.556,-1.5421,1.0364,0.1739,1.664,1.1662
45553.49228,0.9884,3.6612,-0.8755,1.2903,-0.0843,-5.7795
45129.59636,1.2077,0.2367,0.4175,2.3493,0.7772,5.1005
45359.46628,0.4525,-1.1159,0.2727,0.3752,0.5838,4.8869
44438.89674,-0.3174,0.001,0.1971,-0.1859,-0.1556,-0.0446
44553.46912,-0.3187,-0.3546,0.2166,0.0938,0.1655,0.2608
45026.38769,0.5605,1.3898,-0.0588,-3.902,-3.6674,-1.3282
45324.82645,2.1582,2.6752,-2.5607,-3.7382,-0.3941,2.3918
45420.89517,1.0659,-0.3363,0.3079,2.0966,1.4359,6.1383
45218.45866,2.0112,0.4072,0.3495,-4.3822,1.2901,-5.0599
45269.22255,-1.1051,-0.6259,0.6484,1.3,-0.9258,-1.3278
45516.55099,-1.4469,1.3466,-0.2156,0.0386,-0.4372,-3.7986
45524.48208,-1.6332,-0.8526,0.2494,-1.8383,-1.7499,-0.1005
45336.84888,-1.5274,-0.6378,-0.2022,-2.9267,-2.1032,1.3352
44620.05675,-0.1352,-1.014,-0.3279,0.0412,-0.176,1.7523
44357.67526,0.0028,0.0232,-0.0108,-0.0205,0.0094,0.068
44927.08221,0.2739,-0.2951,-0.1145,-1.482,-0.3595,-0.6618
45140.45291,1.6514,0.1718,0.3521,-1.8711,1.704,-4.6685
45462.02847,-1.4474,0.7428,-0.0276,-0.0095,-0.2141,-3.0847
44574.94134,-0.0741,0.3842,0.1213,-0.3941,-0.2509,-0.3976
44781.93909,0.2166,-0.3422,0.3694,0.9197,0.3106,0.1559
44978.9513,0.3335,-0.0789,0.0928,0.24,0.3557,0.2848
45180.8632,-1.1091,-0.4582,0.6023,0.9325,-0.7678,-2.5432
45336.45685,1.017,-1.6754,0.5665,1.0293,2.5359,-1.1611
44845.75,0.168,-0.2964,0.1428,0.0048,0.0101,0.0562
45143.89082,2.5989,2.4575,-2.2432,-0.1267,1.5934,4.2307
45439.53183,-2.0027,-0.8313,-0.0247,0.1785,-0.8749,-0.1341
45500.02537,0.6689,-1.1206,0.5667,-0.5876,0.7916,3.8519
44586.49167,-0.0695,0.2786,-0.0944,0.0625,0.4435,0.4029
44792.7351,-0.0632,0.0498,-0.4436,0.7135,-0.4187,0.7748
45276.73162,1.2265,-1.2283,1.4874,1.3728,2.1906,-1.0295
44450.77958,0.6957,0.1982,-0.0539,0.1202,-0.216,-0.3527
44419.68485,-0.4413,-0.1354,0.0879,0.0945,0.4823,0.1926
44873.01137,0.0766,-0.5861,0.2816,0.0585,0.0913,0.1949
45030.58954,-0.0763,-0.0857,0.0621,1.4579,-1.2829,-0.8885
45232.70273,1.781,1.1624,-0.2482,0.0873,-0.8125,-5.0805
45320.22758,-0.4754,-0.0769,0.5695,-4.0805,-2.3603,1.3082
45330.96833,0.6393,-1.6549,0.7331,-0.1951,1.6679,1.9957
44447.40173,-0.8461,0.1794,0.4472,0.0027,0.3044,0.1837
44771.68587,0.5021,-0.288,-0.0249,0.0432,0.2409,-0.4725
45293.43335,0.8009,-0.8749,1.205,-0.6241,1.7102,2.5495
45439.98416,0.9592,-1.1593,0.8272,-0.745,0.9953,2.8489
44851.20829,0.3589,-0.1792,0.3081,1.0733,0.6655,0.4914
44725.03353,0.1457,-0.0049,-0.1267,0.4195,0.1062,0.0928
45377.83163,1.2977,2.1836,-0.7224,5.0797,1.5139,4.2742
44922.28734,-0.1045,0.0248,0.0803,0.1556,-0.3622,0.3681
44389.94608,-0.0427,0.1274,0.0938,0.391,0.2197,-0.0239
44639.02578,-0.7457,0.0187,-0.4306,-0.0913,-0.7947,0.7357
45480.90629,1.8641,2.2155,-0.5419,3.1041,1.652,6.8354
44542.55203,-0.5755,-0.9085,-0.5058,0.5109,0.0157,0.9928
45076.60896,-1.2965,1.5591,0.4801,1.8008,0.5596,-3.6434
44735.82964,-0.859,-0.1956,0.4652,0.0868,0.0835,1.0463
44893.66887,-0.0388,0.1425,0.1213,1.3235,0.3842,0.5388
45361.48677,-1.7674,-0.6663,0.4098,-1.1719,-0.8563,-2.0096
45295.54434,0.0585,3.5919,-1.1785,3.5365,-0.7376,-4.1696
45258.84867,-1.0355,2.4025,-0.1418,2.367,-0.1353,-3.7944
45169.67499,-1.2221,-0.8827,0.5775,1.4725,-0.3012,-2.0844
44863.99452,0.0098,0.1575,-0.1946,-0.2397,0.0047,-0.0874
44373.32802,0.0104,0.1801,-0.1052,-0.9247,-0.519,0.1977
44792.9462,-0.1381,-0.0856,0.165,0.0103,0.117,0.0474
44599.8212,-0.8348,0.8624,-0.2322,-0.4064,1.5939,-1.0929
44398.14994,0.8363,-0.507,-0.8957,0.0759,0.0435,0.046
45064.39538,1.6246,-1.5732,0.7639,-0.0014,1.7686,-1.9853
45341.16124,0.9361,-1.3206,0.0026,-0.2207,2.7871,-1.2721
44437.02682,0.0313,-0.226,0.1606,-0.5337,-0.2722,0.2407
45102.90661,0.9459,2.0582,-0.9748,-5.6,-0.3667,1.7084
45455.78609,1.5786,0.5961,-0.0342,-0.5313,0.3595,-4.8608
44719.45452,0.4802,-0.3103,-0.1098,0.3545,0.1492,-0.3915
44628.10877,-0.5803,-0.4427,0.2542,-1.4488,-0.4328,-0.0676
45269.46383,1.7062,0.0552,0.5597,-2.7097,1.1344,-3.846
45354.12859,-1.3702,0.1343,-0.4717,-2.8439,-1.5321,1.9749
44548.40262,0.3305,0.2694,-0.0188,-0.8527,0.1876,0.0244
45083.66565,0.5081,4.1411,-1.4171,3.2853,-1.9954,-3.8638
44804.43579,0.3097,0.1188,0.4521,0.6882,-0.2057,0.3978
44976.74987,-0.311,-0.0716,0.131,-1.1404,0.3061,0.5522
44891.34682,0.0383,0.2406,-0.1692,-0.0632,-0.3492,-0.1423
44948.10109,0.1258,-0.4578,-0.4926,-0.5048,-0.1663,0.6286
45368.87511,0.8329,-0.4702,0.0127,-3.1309,2.9701,-2.8285
45347.22271,-2.0243,1.7233,0.0351,1.275,0.9903,-4.4655
44496.07817,0.4348,0.3076,0.204,0.6213,0.06,0.3559
44417.0006,-0.0769,0.0695,0.3437,-0.0912,-0.1273,-0.2004
44893.91014,-0.0097,-0.0867,-0.0303,-0.0388,0.1264,-0.0467
44395.49574,0.0161,-0.3722,0.1116,0.2496,0.1729,0.5531
45025.72426,0.1569,0.6067,0.1017,1.9403,0.7536,0.1135
45324.55002,1.1664,-0.5428,-0.2337,-3.4518,2.6062,-2.8081
45042.64219,-1.8431,-0.9482,0.1654,-0.7735,-0.9871,-0.5725
44384.42673,0.1743,0.002,0.0216,0.0231,-0.304,-0.0562
44789.65915,-0.0652,0.3316,-0.7874,-0.5983,-0.2344,-0.6673
45106.94784,-1.0014,-0.0367,0.1225,-4.1277,-1.7837,2.2249
44956.30356,-0.1185,0.5526,-0.108,-0.1556,-0.0276,-0.9251
44383.16004,-0.0008,0.0385,-0.1016,-0.2481,0.0831,-0.0932
44517.15889,0.9617,0.704,-0.1887,-1.4505,-0.4348,-0.9008
45195.24797,1.571,1.9542,-0.726,1.47,-1.4284,-5.6673
45354.33968,-1.368,2.7188,-0.9135,1.3104,-0.5735,-4.9595
44851.66063,-0.2633,0.022,-0.0513,-0.751,-0.2066,-0.5539
45348.45915,1.6586,2.257,-3.0473,-3.2267,0.8114,2.7192
45223.25855,1.2764,-0.3904,0.4428,-1.9069,3.0433,-2.8136
45431.78162,1.199,0.4772,-0.4516,-2.4811,0.0562,-4.426
45226.18885,-0.8518,-0.7981,0.8182,1.7219,-0.4693,-2.7068
45502.67911,-1.2188,0.1081,0.0406,-4.3696,-1.4225,2.1748
45583.2262,-0.5567,3.6504,-0.4823,0.6298,-0.6888,-4.4725
45367.75934,-1.9227,-0.4805,-0.2077,-2.2091,-2.2098,0.9492
44891.55791,0.0664,-0.162,0.1141,-0.3733,-0.0308,-0.0996
44832.69231,-0.2008,-0.8969,-0.027,0.2806,0.676,0.4359
44557.96263,0.0319,0.0094,0.0277,-0.336,-0.1919,0.1923
45188.46269,1.3167,2.2551,-1.2161,5.5596,2.294,6.0123
45274.25875,1.4103,0.2329,0.3569,-0.4687,1.1191,-3.9416
44470.62423,-0.3259,-0.5878,0.7587,0.3422,0.0942,0.2285
45441.2809,-0.7936,3.2671,-0.7486,-1.6669,-0.7642,-3.8449
45128.2996,-2.4369,-0.8253,0.448,-0.6538,-1.4898,0.1244
44810.70831,0.0044,-0.2488,-0.0755,1.1188,0.4644,-0.1475
45443.72356,0.9207,1.8146,-1.2051,2.0704,-1.6209,-5.4017
45509.4341,1.2776,1.5081,-0.5307,1.1112,-0.9221,-5.2448
44852.29388,-0.2045,0.0322,0.089,-0.5316,0.039,-0.2148
44744.84648,-0.477,0.585,-0.3366,-0.8057,-0.6436,-0.3262
44764.05625,-0.1099,0.0082,0.0525,-0.4906,0.0149,0.0214
45097.44786,0.6786,1.5502,-0.9556,-4.0239,-0.6919,1.4513
44612.54758,0.3855,-0.0605,0.0657,-0.0219,-0.2687,0.0948
44800.90749,-0.3185,0.4137,0.1381,-1.3917,0.2038,-0.2992
45187.07547,-1.0412,-0.5362,0.4677,-3.383,-2.0253,2.517
44689.74995,0.6898,0.0132,0.9748,0.2286,0.4263,-0.2077
45354.67138,0.5174,-1.3365,0.5352,-0.7605,0.7034,3.7526
45530.66411,1.8462,3.1355,-0.3914,4.4963,1.5119,6.3345
44385.36167,0.1132,0.0016,-0.0597,-0.0448,0.2667,0.4432
45411.24509,0.7969,-1.026,0.4487,0.4355,1.1553,5.1597
44788.45289,0.5191,-0.0256,0.2161,-0.9074,0.2046,0.2255
44692.40374,-0.808,-0.8304,-0.0789,1.2729,0.3036,0.6612
44986.94277,0.238,-0.1801,0.2017,-0.518,0.0231,0.415
45061.37968,1.0804,-1.9332,1.1737,-0.4485,1.9823,2.125
45270.45899,0.7012,-0.615,0.9961,-0.7752,0.8968,3.4086
44661.97537,0.2566,-0.018,0.4184,-0.3202,-0.6036,-0.2461
45132.00894,2.2176,2.3347,-1.3975,3.7856,2.9572,5.6748
44613.39198,-0.1881,-0.0055,-0.0198,0.496,0.045,-0.0659
45133.2152,0.1344,3.8439,-0.7268,4.6324,-1.4455,-4.1649
44933.59592,0.0296,0.1395,0.1256,0.2856,0.0853,0.2807
45469.4469,1.2747,1.0646,-0.5098,0.6826,-0.3441,-4.9618
45594.44424,-1.0499,-0.1078,0.2332,-2.6376,-1.7636,2.121
45152.75695,0.68,1.5669,-0.719,-4.8459,-0.1953,1.7042
45316.41274,-0.3601,2.421,-0.0789,1.0779,0.6267,-3.7529
45403.70595,-2.0467,-0.7921,0.2458,1.8814,-0.4892,-2.3848
44422.18812,0.2615,0.045,-0.2392,0.5009,0.0137,0.1939
45580.5423,-1.0291,0.2468,-0.0869,-3.1849,-1.033,2.0124
44538.96319,0.5529,0.0607,-0.1035,0.227,-0.3808,-0.2416
44378.36468,-0.1206,-0.049,-0.0542,0.1966,0.2968,-0.106
45231.94878,1.6028,0.4792,0.4313,-2.7389,1.3744,-3.9362
45452.64987,1.1586,-0.5727,0.3297,-3.0456,2.4019,-3.2316
45625.37471,0.0436,0.486,-0.0819,1.1881,0.1254,-0.7928
45456.93203,0.8022,1.8557,-1.4942,-1.7009,-0.2551,1.0329
45569.7766,0.535,-1.2233,0.7318,-0.2248,0.9035,3.6243
45495.92412,0.9645,-1.8209,0.7606,0.4986,2.6879,-0.4964
44844.785,-0.8906,0.1094,0.0731,0.543,0.6291,0.0669
44490.10676,-0.2179,-0.0661,-0.0169,-0.5416,0.024,0.0033
44836.67295,0.0509,-0.1316,-0.0468,-0.3566,-0.1434,-0.3882
44356.71015,0.008,0.0019,0.0009,0.1456,0.0646,-0.1677
44714.17709,0.3119,0.111,0.5911,-0.6909,0.3355,-0.8524
44964.3253,-0.2401,-0.2454,0.0197,-0.9735,-0.026,-0.5699
44767.4338,0.3785,-0.2424,0.2502,1.2501,0.0964,0.9944
45096.21135,0.709,4.0497,-1.1146,1.7261,-2.3287,-2.8554
45266.74975,-1.4398,-0.6361,0.5823,-1.7909,-1.4639,0.9018
45059.41949,-1.8826,-0.9798,0.2665,0.6535,-1.119,-0.8819
45297.53466,1.6926,1.0608,0.2115,1.8638,1.9947,6.1155
44968.00441,-0.1552,0.1553,-0.0563,0.4609,-0.331,-0.8634
45120.8507,1.1668,0.3144,1.5624,-1.3366,2.7028,-1.764
44602.5052,0.4016,-0.1475,0.8486,0.3468,0.1159,0.3046
45424.84564,0.7144,-0.8588,0.2717,1.5884,-0.0721,5.6665
45616.04113,-0.2188,-0.2277,0.3436,-2.7014,1.6002,0.4347
45118.51346,2.0647,-2.3621,-0.0102,-11.3806,-6.9773,-1.7743
45192.50369,-0.2129,1.0614,-0.5619,-2.8017,-0.1524,1.8226
45215.79477,0.5769,0.8322,-0.1586,-1.3756,-0.9298,0.7609
44765.14189,0.1878,0.3034,0.3191,-0.0124,0.1331,-0.4466
45417.27638,-1.3299,0.7536,-0.2312,0.8223,-0.06,-3.4161
45377.68084,1.2215,-1.7654,0.7495,0.4108,2.0014,-0.6386
45160.80888,-0.7268,-0.2984,0.4838,-2.648,-3.0191,2.3833
45473.54818,1.009,-1.3563,0.7865,0.387,2.7994,-1.4787
45603.15938,1.0648,2.975,-1.2152,-4.7037,-0.4065,1.6985
44782.36127,-0.8036,0.5436,0.3494,-0.1211,0.3319,-0.2271
44922.07625,-0.3629,0.301,1.4269,0.3122,-0.1964,0.3931
44492.94168,-0.2183,0.1205,0.4575,-0.5312,0.2851,-0.0889
44865.44203,0.021,-0.029,0.3163,-0.1571,-0.0418,0.2717
44880.12844,-0.1948,-0.7264,1.4861,0.9538,0.5678,-0.4871
45187.95003,-1.8585,-0.8812,0.4776,-1.0866,-1.1447,-0.5827
44793.15729,-0.0914,0.0174,0.5714,-0.6721,0.1435,-0.2431
45575.265,1.3116,0.1549,0.5301,-1.2724,1.4787,-3.8084
44801.81218,0.1007,0.2852,-0.0003,-0.4612,-0.4292,0.2962
44859.10922,0.8557,-0.2434,0.0449,0.6646,-0.132,-0.2595
44734.26148,-0.2035,0.2895,0.3276,0.4074,0.2351,-0.4988
45465.70755,2.0548,1.7132,-0.699,2.1466,3.1216,5.8911
45579.06467,-1.8086,-0.7927,0.4059,1.1503,-1.0448,-1.3353
44443.69213,0.0637,0.3356,0.1698,-0.2327,-0.1469,-0.3751
44847.55936,-0.0953,-0.1729,-0.001,0.5787,0.0179,0.2528
45138.79428,1.4015,3.1819,-1.0643,2.5955,-0.9735,-5.3106
45587.50837,0.6051,-1.4751,1.2768,0.447,1.6181,1.1309
44507.93047,0.5664,-0.0957,-0.0925,0.4239,0.1086,0.0854
44653.62187,0.2646,0.1195,-0.2052,-1.0955,0.1848,-0.5396
45029.28274,0.1756,0.0146,0.204,1.4118,3.5219,-1.6431
44534.40933,-0.0366,-0.1203,0.357,-0.0677,0.0658,0.4438
44636.9751,-0.1727,0.1432,1.174,-0.5146,-0.1032,0.3007
45409.34523,-0.5357,3.1506,-0.5194,2.6705,-0.6901,-5.2742
44367.59773,-0.1994,-0.3014,-0.6373,-2.6157,-1.5498,-0.5192
44595.17697,-1.0095,-1.1802,-0.7046,0.1843,-0.4622,2.3023
44388.22691,0.2144,0.0674,0.7053,0.4303,0.7279,-0.3602
44649.46016,-0.5701,0.8225,-0.0692,-0.5402,0.1509,-1.3167
45398.94122,-1.5914,-0.4487,0.1952,1.8574,-0.2502,-2.5028
45214.9755,0.047,0.4076,-0.1532,-0.1753,0.7879,0.3207
44419.80549,-0.1412,0.0486,-0.112,-0.3013,-0.588,-0.1528
45542.84717,-0.457,0.8953,-0.6918,-2.1217,-0.3908,2.5105
44414.19567,0.4461,0.048,0.4181,-0.4095,0.2998,-0.7635
45317.26216,-0.7393,-0.0589,-0.9676,-0.0981,-0.7528,-0.8085
44976.81017,0.1038,-0.2036,-0.3424,-0.4349,0.5222,0.7986
45567.03239,-1.1012,1.5998,0.1558,-0.4011,-0.4248,-4.0846
45532.23222,0.6105,-0.8501,0.242,-0.7841,-0.9841,5.2406
45321.6198,-0.5667,-0.2673,0.4869,-2.8421,1.7215,0.2686
44620.32817,0.1178,0.3365,0.9371,0.1966,0.04,-0.3946
44986.73165,0.0132,-0.1483,0.0082,-0.4143,-0.4875,0.514
45279.26476,1.9255,2.3553,-0.2089,1.3849,1.5063,5.8459
44619.99645,3.0065,2.2562,1.4649,0.7721,-0.1354,-0.6177
45318.26236,1.4938,0.3253,1.17,-1.3654,2.2727,0.8329
44371.82005,0.286,0.3055,0.0257,-0.2229,-0.0728,0.0458
44742.37363,-1.1054,-0.1632,0.135,-0.8673,-0.0488,0.4023
44958.68595,-0.1042,0.3888,-0.1518,0.9139,0.2471,0.2378
44625.84699,0.1099,0.0661,0.2439,0.5194,-0.2015,-0.4452
44697.31936,-0.3974,0.0622,0.0412,-0.7145,-0.1897,-0.543
44879.58561,0.1711,0.0203,0.199,-0.5493,0.1546,0.0973
45034.3692,1.1912,1.2437,-1.2374,-2.3155,0.4461,3.5465
44485.22107,-0.0731,0.3299,-1.302,-0.7444,-0.2941,-0.209
45437.84307,-1.4001,-0.434,-0.2619,-1.4514,-2.1537,1.7848
44674.33976,0.2444,-0.0269,0.1649,0.0112,0.1308,0.2304
44591.67872,0.2392,-0.5795,-0.6903,1.3292,0.2434,0.1913
45556.5079,-2.4946,-0.5472,0.3803,-2.12,-1.5198,-0.4638
44984.04775,-0.033,-0.0098,0.0429,0.141,0.6793,1.024
44489.80516,0.8396,-0.2189,0.6915,1.4226,0.2693,0.9328
45289.08074,0.105,0.7684,-0.184,0.2167,0.3085,0.1807
45415.55745,-2.0393,-0.528,-0.1178,-1.8877,-1.5746,0.088
44500.11941,0.4002,-0.604,-0.6246,-0.2696,0.0384,0.0433
44468.09089,0.3447,0.0719,-0.0357,-0.0922,-0.1913,-0.232
44875.87626,-0.3783,-0.9301,0.7242,-0.4858,-0.2751,0.9348
45014.53607,0.0457,-1.091,0.2733,0.5787,1.895,-1.6403
44358.2181,0.0145,-0.0068,0.0099,-0.0908,0.0097,0.0712
44928.58997,-0.1194,0.0866,-0.2423,-0.9774,-0.1552,-0.5869
45157.94396,1.5295,1.2004,-0.2784,-0.6076,-1.0321,-5.3002
45298.71077,-0.7912,2.1239,-0.3125,-0.8373,-0.9592,-3.5309
44774.27931,0.0214,-0.5215,-0.0179,-0.1009,0.0768,0.0748
45286.14051,1.9225,1.2428,-0.6621,-1.8265,-0.3872,-4.8734
45132.4613,1.789,3.0398,-0.9559,2.7393,0.0248,-5.8581
45011.61089,0.1522,-0.0526,0.2416,0.8958,0.9258,3.8184
45546.70718,0.7319,-0.3563,0.6143,1.7884,1.2845,5.3207
44905.6109,0.1143,0.2814,-1.3813,-1.0033,-0.5715,0.2271
44518.06363,-0.0472,-0.4382,0.2163,-0.0694,0.1033,-0.2244
44802.17407,0.35,0.0331,0.0307,0.0214,-0.0857,-0.66
45391.7338,-1.8374,-0.5484,0.2812,0.7071,-0.6811,-2.4048
44588.99472,-0.4931,0.1143,-0.1135,0.3628,0.0019,-0.2311
44523.43177,-0.51,-0.1596,-0.1937,0.327,0.4429,-0.185
45583.52777,0.5923,-1.1234,0.9306,0.9154,1.8021,3.5469
44860.10436,-0.1517,0.2123,0.2187,0.1705,0.1459,-0.5843
44526.74919,-0.1771,-0.2375,-0.57,1.5195,-0.0411,0.4621
44820.29806,0.4203,0.0321,-0.1109,-0.4333,0.0193,0.2889
44941.13496,1.1757,0.3041,0.6934,-1.8372,-0.4476,-0.4822
45239.12616,1.4909,-0.4171,0.7595,-3.4344,2.152,-2.9323
45383.19947,0.9451,-1.1885,0.2623,-0.7036,2.1843,-1.6751
44888.99458,0.0782,-0.019,-0.8127,-0.7317,-0.7435,0.2155
45233.69794,0.9146,-0.9825,1.3144,-1.2171,0.999,2.1392
45433.31961,1.1157,2.5487,-1.3959,4.0788,-1.0705,-5.7811
44781.39627,-1.1146,0.4749,0.9802,-0.3533,-0.4906,0.2959
45204.9283,2.02,1.4981,0.0664,0.4834,0.211,-5.7526
45303.65649,1.8196,2.5505,-0.9351,2.7061,-1.8359,-5.9865
45303.14383,0.979,-0.4263,0.9639,0.8694,1.2785,5.4553
44771.23351,0.3003,-0.2527,0.7088,-0.3994,0.1314,0.432
45172.05739,-1.5926,-0.8944,0.4842,-0.098,-0.6271,-1.2385
45227.57606,-0.7331,0.4405,0.0613,-1.521,-1.0319,1.9461
44923.94594,0.0695,0.7154,-0.2463,-0.7387,-0.9484,-0.1519
44585.13456,1.086,0.3587,-0.6764,1.4423,-0.2953,0.0034
45094.37168,-0.7455,0.0103,0.0714,-2.4248,-1.4359,1.6991
44498.46069,-0.4206,0.528,-0.1662,-0.7822,-0.0234,-0.4316
45269.52414,1.5809,-1.0752,1.151,-0.2076,1.8321,-1.7498
44467.78928,-0.1172,-0.1778,-0.0925,-0.0159,-0.0779,0.1818
44834.10965,0.1315,-0.0878,0.024,-0.0937,-0.2317,-0.1297
45232.34086,-0.542,0.6013,0.0965,-1.0936,-0.766,2.3112
45428.13271,0.2444,1.3618,-1.2691,-2.8989,0.7083,1.4118
44859.38064,-0.1722,-0.0714,-0.2721,-0.2382,-0.1977,-0.1628
45237.76909,2.1324,2.5436,-0.4683,5.0668,2.0886,5.932
45017.82318,0.4141,-0.3787,-0.0513,-4.2816,0.6048,3.4094
44997.19601,0.219,0.1811,0.0025,-0.2919,-0.3816,0.407
45459.3747,-0.7389,0.6639,-0.4385,-3.2912,-1.3461,2.6206
45620.27821,0.1152,-0.1611,-0.0862,-0.0745,-0.1573,-0.4114
44719.24343,0.0665,0.1228,-0.0403,0.2064,-0.0156,-1.055
44937.63684,0.0065,0.1444,0.0062,-0.4125,-0.1221,0.336
45303.92788,0.9375,-0.7149,1.107,-0.406,1.192,4.7332
44574.42864,0.9525,-0.5823,0.8717,-2.1859,0.2726,-0.7607
44538.93304,0.095,-0.6827,-0.0749,0.7002,-0.1423,0.194
44579.4951,0.2321,0.1351,-0.2595,-0.3941,0.3682,-0.1694
45311.04487,1.0981,-1.2321,1.3864,-0.4915,2.3259,0.72
45378.25381,-0.8433,3.2172,-0.7122,1.7439,-0.2393,-5.2677
44928.28843,0.042,-0.4869,-0.0262,-0.2141,0.2684,-0.0929
44518.21442,0.2523,0.0238,0.1504,-0.2981,-0.0596,-0.135
45447.58356,-1.7776,-0.7621,0.2093,2.0091,-0.6229,-1.2925
44708.71869,0.1572,-0.4123,0.2413,0.0068,0.2326,-1.1475
44531.09193,1.3705,-0.0077,-0.018,0.5322,-0.4796,-0.3831
44674.91275,0.316,-0.7756,1.3942,-0.1488,0.5516,0.842
44978.61957,0.1202,-0.1945,-0.0264,-0.2864,-0.2693,-0.2789
44505.45746,0.3917,-0.2748,0.1119,0.7075,0.0015,0.2475
45008.71581,-0.2509,0.1623,0.2991,-0.2347,3.143,2.4998
45154.1442,0.8993,-1.7155,1.3576,-0.3882,2.3664,2.1526
45448.85016,1.7804,1.925,-1.3809,0.6237,3.3547,5.4726
45508.55958,-0.8968,2.9975,-0.4324,2.1641,-0.38,-3.9687
45536.84613,1.3819,0.6468,0.0037,-1.4858,0.0431,-4.2804
44503.91938,-0.3602,-0.1067,-0.0981,0.2482,0.0512,0.3254
45593.26815,0.7453,-1.1297,0.6452,0.2155,3.2233,-0.1794
45600.41516,1.2883,1.1301,0.1467,0.151,1.2193,-4.3786
45554.87948,-1.5142,-0.7704,0.211,-2.0315,-2.3921,0.9181
44896.77505,0.3775,-0.3486,-0.0352,-0.4608,0.155,-0.1957
44638.63372,-0.6381,0.2936,1.5825,-2.8508,-0.5302,-0.6616
45341.04063,1.2359,1.666,-0.9321,1.2979,-1.0888,-4.8746
44410.39544,0.0104,0.0206,-0.1273,-0.2846,-0.1644,0.0814
45294.12696,1.4759,-0.3999,0.7993,-0.5931,3.1788,-1.952
44385.66328,0.0477,0.0681,0.1171,-0.1911,-0.0858,0.3837
45144.07176,-1.0204,-0.6674,0.1926,-2.8974,-2.0428,1.8983
45319.37815,-0.5975,0.2284,0.2325,-1.3389,-1.4698,1.6468
45317.65421,-0.0046,-0.3286,-1.0792,0.3179,1.4373,0.1186
45390.19581,-1.1365,2.8192,-0.9582,2.0832,-0.5364,-4.3261
45393.09084,-0.7523,0.5292,-0.7665,-2.1839,-0.3415,1.8755
44970.20584,0.0488,0.2358,0.3689,-2.3044,-2.0363,0.7813
44463.26544,0.1823,-0.3139,0.3591,-0.2957,0.2709,-0.3678
45243.67983,-0.9811,-0.4779,0.3873,1.0135,-0.4046,-1.9564
44766.67985,0.2813,0.2485,-0.0684,-0.0198,-0.235,-0.3349
45091.89868,2.6285,2.3434,-2.4357,-1.6269,0.8553,3.7163
45107.82247,-2.0532,-0.9067,0.4416,-0.2866,-1.4185,0.072
44483.50199,0.0007,-0.2249,0.2051,0.1612,0.0291,0.1807
44850.93687,-0.3924,0.0056,0.2672,-0.1701,-0.1826,0.0856
44844.57391,0.2581,-0.3358,-0.0252,-0.0123,0.1166,0.2891
45076.09628,0.9583,-1.7216,0.8194,-1.0345,1.408,1.3617
44599.97199,-0.5423,0.8638,-1.0685,-1.2923,0.9991,-1.6151
45114.74372,3.53,2.7389,-2.43,-4.9078,-0.0891,2.8397
45173.14306,1.4401,-0.9871,0.8907,-0.4621,1.8322,-1.7415
45347.88618,-2.5298,-0.4641,-0.3133,-0.7295,-1.2322,0.4674
45003.22733,-0.0095,0.1861,-0.4935,-1.9379,-0.4261,-0.0864
45419.41748,-0.4157,0.825,-0.8464,-1.4367,-0.2812,2.0758
45517.63661,0.8424,-1.9971,0.9341,0.4881,2.5476,0.7282
45425.23766,-1.6869,0.4245,0.1646,0.2452,0.7539,-2.5038
45420.95547,2.4279,3.3922,-2.3659,-3.9113,0.6539,2.8048
44945.83933,0.3216,-0.1298,-0.0652,0.5792,0.0353,0.0293
45398.85077,-2.1885,-0.6549,-0.0091,-2.1633,-1.748,-0.1394
45129.47572,1.0877,-2.1093,1.737,-0.3371,2.4766,0.7609
44599.7006,-0.1023,0.2748,0.206,-0.1704,-0.1565,0.2045
44780.79312,0.093,-0.2848,-0.3638,0.6001,-0.0471,0.2159
44828.65136,0.3227,0.1463,-0.0404,0.2079,-0.2125,-0.189
45138.49271,-0.7906,0.038,0.0347,-1.9055,-1.4276,2.8175
45193.10684,0.6036,-1.0258,0.8628,-0.722,0.66,3.3266
45412.81323,0.6603,-1.2813,0.4507,-1.0165,0.8544,4.3737
44486.5782,0.0548,-0.1882,0.0696,-0.0193,-0.093,-0.121
44883.50603,0.0082,-0.0404,0.1603,-0.2336,-0.1884,-0.1092
45144.10191,-1.4443,-0.8697,0.2681,-2.3591,-2.2718,1.2298
45517.12393,-0.6816,0.2789,-0.0942,-3.4035,-0.7839,2.6354
45425.17736,-2.0557,-0.7182,0.0709,1.1985,-0.8055,-1.1997
45097.50816,-0.3954,0.2104,-0.1053,-1.8441,-0.74,2.3308
45220.20775,0.734,-1.18,1.017,-0.7564,1.6992,3.1868
45231.97893,1.4882,-0.2856,0.5956,-3.8439,2.3367,-2.7871
45179.23473,-1.4854,-0.9826,0.6247,0.4424,-0.339,-1.5929
45207.61223,1.7027,1.9203,-0.8582,2.646,2.7911,5.4293
45576.01891,0.9162,1.0924,-0.272,0.8897,-0.506,-4.8612
44491.94644,-0.5522,-0.1213,0.1189,-0.6049,-0.1248,0.4267
44718.27841,0.2558,0.6553,0.3766,-1.2335,-0.9042,-0.1714
44462.99402,0.0305,-0.2252,-0.2806,-0.9321,-0.2248,-0.2162
44717.10232,0.0573,0.1571,0.1839,-0.054,0.3317,-0.5703
44415.34177,-0.7405,-0.2989,0.0804,-0.6511,-0.0335,-0.086
44454.85108,-0.0955,0.2293,-0.103,-1.1761,0.0811,-0.103
45270.91136,-0.9363,2.7012,-0.1033,0.3122,-0.1116,-3.476
44698.34471,0.5039,0.0712,-0.0615,-0.3045,0.1131,-1.1007
45170.88125,0.914,-0.7901,0.8033,-1.032,0.4173,3.5961
44857.1189,-0.0205,-0.3305,0.4377,-0.1275,-0.0052,0.3725
45304.6818,0.7644,-1.2022,1.1177,-0.9073,1.227,2.8269
44719.27358,-0.2721,-0.4626,-0.125,-0.8741,-0.0426,-0.7196
45362.08989,-1.1996,0.0151,-0.2276,-2.2179,-2.0154,1.1068
44740.14204,1.2167,0.0878,-0.6486,1.7279,0.3094,-1.5715
45385.25014,-1.958,-0.5949,0.1269,-1.414,-1.7698,1.0273
45466.94395,0.215,3.6002,-1.4397,2.9396,-1.9797,-5.0578
44443.63179,0.1453,-0.088,0.1437,-0.1245,-0.039,0.044
44704.70783,0.0039,-0.1469,-0.068,-0.6637,-0.3983,0.1261
44877.83649,-0.0752,-0.1171,-0.4276,-0.2373,0.2298,-0.2023
45533.95114,0.2579,1.8971,-1.0372,-3.6176,0.0746,1.9912
45204.14422,2.1494,0.7262,0.1293,-0.9467,1.6748,-4.6376
44482.32582,0.1329,-0.059,0.0304,-0.2178,-0.042,-0.0995
44379.0885,-0.0214,-0.0252,0.1597,-0.4602,0.2816,0.0813
44484.64804,0.0983,0.1734,0.2079,-0.9058,-0.097,0.1538
44939.53671,-0.1536,-0.2304,-0.6358,-4.3063,-0.1423,1.3598
45020.11505,-0.2184,0.1519,0.8839,-0.8635,1.1657,-0.7737
44747.37962,0.7702,-0.3074,0.8042,0.1183,0.359,0.5264
44624.30893,0.6135,0.0235,1.0258,-4.7157,1.1393,3.8246
45029.52398,0.2197,-0.4251,-0.4568,0.1391,-0.8339,1.0052
44766.6497,-0.1683,0.3539,0.5273,-0.5847,-0.1296,0.4662
45421.92047,-1.4811,-0.5347,-0.1474,-3.2685,-1.8345,1.3196
44794.3937,0.9087,-1.3821,0.7378,-0.1607,0.8068,-0.1359
44673.73664,-0.1891,-0.3662,0.0499,-0.278,-0.4078,0.8207
45399.39358,1.5414,1.9869,-0.5702,3.1444,1.458,5.251
44435.42832,0.2989,0.148,0.1022,1.0831,0.3536,-0.282
45562.2677,0.4529,3.2945,-0.8136,4.192,-1.1693,-5.6213
44834.0192,0.121,0.1092,-0.0884,0.3406,0.0988,-0.1962
45180.07909,-1.1204,0.0301,0.3545,0.5264,-0.9221,-2.6678
45006.0922,0.3124,-0.1906,-0.0198,1.2072,-0.3034,-3.0452
44729.88877,0.2953,0.092,0.4158,-0.115,0.061,-0.6131
45159.05979,2.1245,1.6657,-1.64,3.0065,3.1455,5.5234
44867.10061,-1.0975,0.1824,-0.6519,-0.0494,0.1492,0.561
44491.1623,-0.5494,0.0178,-0.2544,-0.3886,0.0001,-0.047
45165.54351,-0.5477,0.0072,0.2999,2.068,-1.2574,1.8228
44877.38416,-0.3351,0.2481,-0.3406,0.0559,-0.198,0.5008
44585.46629,-2.7519,1.9486,0.7339,-2.6796,0.0428,0.6221
44673.70649,0.2718,-0.4306,-0.7779,1.6158,-0.1459,0.3855
44659.53262,0.0021,0.0143,-0.0355,-1.1225,-0.387,0.2101
44364.21989,0.1058,0.2808,-0.2745,-0.581,0.0637,-0.8115
44803.77234,-0.221,-0.0569,0.2566,-0.2249,-0.0422,0.062
45249.16835,-1.4261,-0.9321,0.5682,-1.4743,-1.7629,-0.4841
45327.83205,0.639,-1.6051,0.5022,-0.9519,0.8128,2.8291
45384.97872,1.2202,0.3965,-0.0773,2.2914,1.3047,4.3161
45551.68291,-1.2237,-0.5896,0.1027,-1.5585,-2.3987,1.2566
44986.52056,-0.2962,-0.1914,0.7156,-1.0046,0.2868,1.1191
45175.19369,-1.7583,-0.8047,0.3711,-1.6641,-1.986,0.6264
45510.761,-1.0964,-0.3712,0.0995,-4.0599,-1.2372,2.3573
44556.45473,-0.1866,0.2219,0.0099,-0.6861,-0.4527,-0.0165
44994.0899,-0.1891,-0.05,-0.1982,-0.3366,-0.377,0.3898
45205.65204,0.4084,3.2898,-0.8652,1.5257,-1.9013,-5.4088
45252.00308,0.5565,-0.9983,0.7821,-0.7639,-0.0992,3.83
45543.60107,0.5841,1.9061,-1.051,-3.5296,-0.3216,1.752
45435.6718,0.304,3.4307,-1.5911,3.9718,-2.3759,-5.5011
45050.25179,-1.506,-0.8165,0.4417,1.4439,-0.2191,-1.057
44478.13374,0.1122,-0.0462,-0.0546,-0.4647,0.0111,-0.5358
45103.05743,-1.3658,-0.7391,0.2288,-2.4771,-1.8452,1.28
44661.43254,0.0089,-0.1502,-0.0579,-0.9362,-0.7733,-0.3155
45407.98816,1.058,-1.6769,0.5645,0.11,2.2404,-0.0414
44618.15684,0.5325,-0.3286,0.5055,0.2152,-0.0048,0.2479
45354.91262,-1.1489,-0.1253,-0.3349,-3.8286,-1.9307,2.4113
45375.75083,-2.531,-0.5697,-0.1988,0.5374,-0.9543,-0.5054
44815.1413,0.1635,-0.3476,-0.0991,-0.1291,0.1447,-0.3462
45177.09357,1.8816,-0.6057,0.674,-3.3429,2.0203,-3.4445
45365.16587,2.0819,2.4869,-2.3353,-5.2665,-0.4247,2.6239
45266.41803,0.7826,-0.5963,1.1116,-0.6828,1.6462,3.4025
44394.983,0.2007,-0.4425,0.2457,0.0169,0.2724,0.0316
44426.56131,-0.9909,0.2358,0.0365,-0.4298,0.1543,0.0953
44652.95842,-0.4639,0.6532,-0.0287,-0.8895,-0.1454,-0.498
45034.24856,0.9616,-0.8332,1.2204,0.5492,0.8316,2.1263
45298.34889,3.3062,1.6552,-1.5346,-0.0052,2.0243,5.2255
44666.22754,-2.1104,0.8018,0.3411,-2.3759,-0.3259,0.424
45315.32708,-0.2743,0.8937,-0.187,-1.5991,-0.4174,2.45
45125.3743,1.5256,1.1948,-0.4188,-3.413,-1.8017,-4.7854
45336.54731,0.6747,-1.5797,0.6123,-1.5097,1.5213,3.5107
44914.65779,-0.0234,0.2723,0.5206,0.6155,-0.0274,0.6225
45412.99417,-0.6537,1.0235,-0.9349,-1.2893,-0.3529,2.1546
45560.39803,-0.9583,0.2887,0.2437,-3.5951,-2.2839,2.5137
45005.57953,0.4341,0.2439,0.2067,-2.5631,-0.7478,4.3684
45476.32256,-1.3814,-0.8978,0.1735,-3.4692,-2.4318,1.516
45537.35877,-1.9854,-0.5911,0.2251,-1.5449,-2.095,0.6931
44562.99893,0.0139,0.0737,-0.1641,1.2398,0.3862,0.6382
45182.79322,0.9802,-1.17,1.1424,-0.7866,1.6891,2.132
44982.75102,-0.2491,-0.0489,0.0302,-0.3653,-0.534,-0.9141
44579.31416,-0.8148,-0.3238,0.0626,-0.1229,0.0787,0.4684
45448.24702,-1.1825,-0.2577,-0.2176,-2.341,-1.7691,2.2604
45005.8811,-0.0543,0.5217,-0.0477,0.0902,0.0091,-1.1576
45113.50724,-1.2549,2.3504,-0.2054,1.16,-0.2728,-4.2494
45159.27087,-1.3654,-0.7053,0.3712,-2.9501,-2.1282,1.0943
45101.45901,-0.8754,-0.2784,0.2418,-2.1641,-1.7584,2.1602
44834.38107,-0.0872,0.0585,0.0059,-0.0496,0.0751,0.1198
45047.50752,0.7241,-1.8367,1.4325,-0.021,1.8415,1.1309
44385.54264,-0.0532,0.0609,-0.0746,0.3545,0.5411,-0.0077
44923.25234,0.3792,-0.1888,-0.3149,-0.021,0.3128,-0.8111
45074.64873,1.3819,0.6695,0.5601,3.5858,-2.7347,4.0523
45597.15831,1.1364,0.8041,0.0161,-1.903,-0.0213,-4.2568
44407.16822,-0.882,0.1267,0.231,0.6828,-0.1374,-0.0123
45135.83887,0.8528,-1.8573,1.1011,-1.1161,1.8478,1.4579
45625.5255,0.1229,0.102,-0.0736,0.1856,0.0602,-0.8833
44986.85229,-0.3679,-0.0857,0.2774,-0.8329,0.0577,0.4277
44448.5478,-0.3265,-0.6456,-0.0459,-0.3599,-0.1387,0.7649
45517.66676,0.478,-1.6733,0.8917,0.5663,2.2467,2.2845
45016.94864,0.2371,-0.0959,0.3992,4.1471,2.7459,-2.0657
45029.1018,-0.25,0.212,0.2159,-6.5457,-0.473,0.9598
44858.17434,-0.1566,-0.0359,0.323,-0.4061,0.1023,-0.1885
44755.67271,-0.4517,-0.1761,0.6929,0.6052,-0.1035,0.3535
45465.79801,0.2305,1.3347,-1.4002,-0.8358,0.4297,1.6872
44464.14006,0.112,0.2902,0.2971,-0.5458,0.2201,-0.0969
44700.27472,0.1513,-0.1939,-0.0561,1.0094,-0.0571,-0.0146
44832.33043,0.0278,-0.0809,-0.0738,0.3344,0.1367,-0.2729
45086.04806,1.6293,2.2223,-0.7586,1.7152,-0.9511,-5.4838
44786.40225,1.8855,-1.3611,0.3553,1.8624,-1.4284,2.1475
45001.08619,-0.0593,0.0535,-0.0084,0.8455,-0.0831,-0.1744
44494.96228,0.6212,-0.4061,0.0775,-0.7278,-0.1378,-0.6067
44604.61625,-0.2557,0.5875,0.1247,0.8424,0.5162,-0.1806
44644.27312,0.5692,-0.1212,0.2063,0.0395,-0.0492,0.4634
44666.28784,0.2337,0.241,-0.0853,-0.0068,0.469,-0.3553
44733.11551,0.2919,-0.0252,0.0324,-0.5612,-0.0674,0.2517
44944.24106,-0.8959,-0.8987,-0.0751,-0.4749,-0.883,-0.2131
44951.0564,-0.0582,-0.0731,-0.0287,0.4523,0.2432,0.1783
44666.34817,-0.4453,-0.7712,0.0887,-2.1167,-0.3246,-0.1222
45380.81712,0.9356,-1.5344,0.0367,-1.9319,2.7609,-1.252
45548.48635,-0.9038,-0.0622,0.2306,-1.9135,-2.8024,3.0147
44588.63281,-0.3971,0.4543,0.6991,-0.1769,0.1788,-0.4497
44554.2834,0.7211,0.0145,0.1074,-0.0567,-0.3054,-0.3066
44629.58648,0.0426,0.2402,0.3386,2.9715,-2.3065,-2.2643
44968.42659,-0.6461,-0.0494,-0.4128,3.9531,0.6902,-0.8139
44414.22582,-0.0473,-0.3623,-0.1292,0.3808,0.0061,-0.3646
45315.83975,1.2284,-1.0351,1.3041,0.2305,2.2109,-0.5271
45488.26442,-1.2182,-0.3662,0.2559,-3.2576,-1.788,1.8879
44912.00403,0.1525,0.1747,0.3368,-3.1114,2.0755,2.8785
45218.36817,0.7899,4.6868,-1.4192,2.2395,-2.0429,-5.8421
45562.17724,-1.1775,-0.1991,0.2864,-0.3992,-0.6234,-2.4368
44362.71186,-0.58,-0.414,-0.1134,0.5869,1.1257,1.0815
45205.44095,-1.2642,-0.6089,0.3887,-1.7653,-2.4135,1.8991
45232.46146,-1.921,-0.7554,0.6017,-2.1778,-1.3074,-0.3864
45394.99072,-1.0636,3.0706,-0.9723,3.2706,-0.6245,-4.1306
45459.16361,0.9802,-1.2665,0.7599,-1.3197,1.5154,4.282
45111.57211,-0.1915,-0.0562,-0.4563,2.1709,4.132,-6.6806
44666.49896,0.9126,-0.262,-0.2581,1.5942,1.3336,0.5345
44395.70686,0.2142,-0.1057,0.2239,-0.4135,-0.3234,0.3261
45445.65358,1.3446,1.9554,-0.5598,3.9425,2.0486,5.6618
45140.42276,1.5765,0.9453,-0.0384,-0.4222,0.5488,-5.1384
45552.46697,-1.3034,-0.5862,-0.3232,1.2163,-2.6513,1.131
44672.80174,-0.0568,0.539,-0.0785,-1.0819,0.1655,-0.866
45420.80469,0.7993,-2.0074,0.9074,-0.4426,1.4038,2.5603
45505.39317,1.377,1.4945,-0.5254,2.1959,-0.6518,-5.5579
45130.44074,3.0193,2.0089,-2.5798,0.2048,2.4459,4.6268
44797.22843,0.3138,-0.393,-0.0373,0.5587,0.2156,0.2424
44665.59423,-0.5323,0.3096,0.2368,-0.4615,0.255,0.1997
44889.38661,0.0291,-0.0324,-0.0973,0.2167,0.2338,-0.4852
45088.70191,0.6278,-0.6934,0.4743,0.2459,0.2438,4.0724
45149.74129,-1.8258,-0.6107,0.2276,0.0935,-1.7697,0.0698
45155.47111,-0.4459,4.0399,-0.833,3.1839,-1.0513,-3.9499
44421.07224,-0.6136,0.0504,0.3029,-1.1402,-0.3583,0.1238
45014.20435,-0.1092,0.4911,0.4274,-8.161,-1.3018,-0.8261
45184.90419,-0.3517,2.9565,-0.5969,1.0616,-0.6803,-3.4525
44967.70283,-0.084,0.4455,0.0447,-0.1584,0.824,-1.1369
44543.30597,0.4242,-0.3915,-0.0229,1.2946,0.1134,0.832
45271.45419,-0.5631,0.7402,-0.1871,-2.807,-0.5752,2.4559
45501.9252,-1.6341,-0.4254,0.1053,-3.9318,-1.5519,1.0535
44425.53588,-0.2076,-0.0663,-0.1063,0.3277,0.0268,-0.0576
44850.66545,0.0687,-0.0077,-0.1013,-1.0729,-0.1728,-0.0931
45589.07648,1.1251,-0.9306,0.8551,0.0659,2.2223,-2.0096
45185.08513,1.4978,-0.5407,0.5812,-2.3882,3.0099,-2.9257
45170.54956,-0.6858,3.2967,-0.9792,3.5159,-0.3019,-3.6434
44714.26755,-0.1385,-0.6167,0.0733,1.352,0.458,0.1811
45115.73895,-1.4105,-0.7006,0.4347,-1.2889,-2.3209,-0.0334
45290.59364,-0.1952,0.7243,-0.1618,0.5354,0.6177,0.6936
44652.44571,0.3921,-0.384,-0.2803,-0.103,-0.3065,0.2227
44958.44467,0.6847,-0.5394,-0.7919,1.0889,-0.3075,0.4852
44397.63721,0.1365,0.0443,-0.0313,-0.0105,-0.0928,-0.122
44965.10934,0.1478,-0.0967,0.0701,-0.6515,0.1714,0.7133
45167.29264,-1.4196,-0.5571,0.5015,1.1779,-0.8495,-1.8033
45279.38537,-0.0772,0.8445,-0.0038,0.6583,-0.4668,1.6643
44982.11772,0.4368,0.5491,-0.1632,0.3028,-0.8124,-0.1399
45011.91243,0.4391,-0.6569,0.2408,-0.2248,0.4236,-3.2641
45307.1245,0.9525,-0.5511,0.8886,-0.5637,0.6921,4.3646
44794.87623,-0.4916,0.3598,0.1437,-0.3724,-0.0921,-0.5333
44989.08388,-0.0339,-0.4524,0.1651,-0.534,-0.0973,-0.1068
44835.64761,0.0087,0.0784,-0.0694,1.107,0.31,-0.2225
44824.64058,-0.6509,0.7551,-0.4633,0.1114,-0.098,0.1807
44744.30366,0.3255,0.2983,0.2118,-0.1542,0.3334,-0.5951
45379.97274,1.1941,0.1976,-0.1003,-3.1253,1.3273,-3.9628
44405.26806,-0.0885,0.1396,-0.2352,-0.2917,-0.1486,-0.5356
45207.94395,-1.0322,-0.6384,0.5061,2.1981,-0.4945,-1.64
45442.0951,-0.1244,3.0405,-1.2748,4.0577,-1.4574,-5.5519
44526.77934,-0.1078,-0.2695,0.1456,0.5306,-0.0216,0.6482
45106.52563,1.5771,0.2924,0.3176,-4.7358,0.1388,-4.6111
45212.61827,-1.0162,-0.6433,0.5326,-3.2688,-2.0506,1.3897
44606.21459,0.1583,0.0244,0.2406,0.6704,0.2034,-0.7415
45429.27864,-0.0691,3.5558,-1.195,2.8222,-0.7246,-5.6561
44891.82933,-0.1027,0,0.2757,-0.4984,0.2585,-0.98
45049.37722,-1.5031,-0.7764,0.0045,-2.8718,-1.9217,0.1494
44485.40201,-0.0367,-0.1436,-0.3194,0.6663,0.011,-0.0295
44984.10806,0.0244,-0.1616,0.0067,0.1281,0.2436,0.6956
45050.58351,0.9322,-2.1111,1.387,-1.0958,2.2477,3.5156
44899.76056,-0.1941,0.1263,-0.025,1.2252,0.5266,-0.0998
45407.56598,-1.742,-0.6489,-0.1045,-1.7363,-2.0366,0.2398
45332.3254,1.0859,2.5213,-1.7656,2.685,-2.2514,-5.6334
45489.80242,-1.0548,0.5144,-0.0978,-0.9828,-0.9815,2.5012
45536.57471,-2.0712,-0.7075,0.0636,-0.4131,-1.6545,0.1203
44555.36907,0.4942,-0.413,0.3003,0.1798,-0.0994,-0.1229
45427.04707,1.11,-1.2361,0.6739,-0.5706,2.2702,-2.3406
45295.09196,1.0968,-0.6989,0.9503,-0.1085,0.4639,5.2993
45374.90644,-1.6343,-0.5668,-0.3564,-0.8067,-2.3096,0.808
44668.36867,-0.2952,0.2345,-0.5357,-1.2713,-0.2883,0.2524
45104.98758,1.4624,-0.565,0.5356,-2.4842,1.5629,-3.6799
44392.32881,0.211,-0.2805,0.4235,1.0143,0.0151,0.1112
45005.39859,-0.1039,-0.2247,0.3869,-2.5276,1.7209,1.6252
44739.81031,0.8212,-0.124,-0.1545,-0.3172,-0.0392,0.1667
45116.79447,1.9403,0.215,0.2818,-2.0583,2.2049,-5.5003
44978.46878,-0.039,-0.4879,0.1895,-0.326,0.1103,0.1678
45516.43038,-2.0157,-0.7339,0.4134,-0.8999,-1.7662,-0.4117
44643.06684,-0.0407,0.052,-0.6005,-0.0221,-0.3188,-0.0789
44956.57496,0.1697,-0.0278,0.9972,2.1291,0.7466,-0.4382
45556.11587,0.4998,-1.8933,1.3036,0.0105,1.9603,1.5511
45234.12012,-1.2718,-0.9019,0.5096,1.253,-0.4468,-1.5403
45592.84597,-1.1095,-0.2076,0.2496,-2.0427,-1.9406,1.6273
44468.12104,-0.4577,-0.2093,-0.0194,0.2087,0.2848,0.0779
45238.91507,-0.8283,-0.3178,0.578,2.0304,0.0286,-2.4641
45469.3866,-0.0722,3.2953,-1.0397,3.3741,-1.1755,-5.5454
44815.86507,0.1193,-0.471,-0.3165,-0.1722,-0.5716,-0.3708
45460.49049,0.1327,3.1216,-1.3408,2.8577,-1.5677,-4.9564
45098.53357,-1.1461,1.1685,0.079,0.2209,0.3338,-1.8941
45333.62213,-1.1818,0.0063,-0.2512,-3.7475,-1.2512,1.8239
45388.4769,-2.5882,-0.6023,-0.0981,-0.7861,-1.628,0.6099
44427.49627,0.6075,-0.4698,0.1499,-0.4887,-0.1175,0.0612
44571.74463,-0.9225,0.3054,-0.3119,0.4945,-0.8488,0.581
44459.64638,-0.0991,-0.0453,0.2898,0.4056,0.2954,0.2814
45092.65266,1.6739,1.9032,-1.2858,3.9122,3.094,5.414
45242.17196,0.5148,4.2405,-1.0585,1.9753,-1.636,-3.8157
44587.24558,0.0107,0.4606,0.1699,-0.3527,0.0187,-0.8329
44765.53392,-0.2906,0.2869,-0.3433,-0.3766,-0.0965,0.1448
45393.5432,1.1346,-0.7846,0.3206,-3.6447,1.408,-3.182
44504.61304,0.3922,-0.0348,-0.2507,0.5973,0.0435,-0.3834
44707.33148,0.0234,-0.1486,0.1076,1.398,0.3369,0.0369
44923.79515,0.9141,-0.2288,-0.0143,0.4883,-0.234,-0.038
44568.90983,-0.1393,-1.3747,-0.5757,0.4535,-0.3044,0.3219
44700.9382,0.0139,0.7798,-0.95,-1.0543,-0.0609,-0.3917
45095.97009,-1.0504,-0.18,-0.0171,-3.1307,-1.1276,2.2738
44956.18293,-0.4747,-0.039,0.0588,1.3286,0.5839,0.367
44580.70141,-0.6514,0.2556,0.0623,-1.7327,-0.3878,-0.7009
45092.59235,0.8413,-0.8761,0.7534,-0.2093,1.3872,4.4954
44760.16606,0.1513,1.0254,-0.4346,-1.0164,-0.7977,-0.949
44981.36381,0.1467,-0.731,0.2318,-0.5231,0.9176,0.6666
44555.61031,0.1432,0.2135,0.2358,-0.182,-0.0668,-0.1178
44438.41417,-0.2276,-0.2246,0.5833,0.5296,0.1211,0.7285
44636.07036,0.4641,0.1683,-0.3114,-1.049,-0.3972,-0.0872
44876.72069,-0.0537,-0.9704,0.4394,2.3537,0.3246,1.4071
45020.05475,-0.7093,-0.4183,-0.0132,-0.1777,0.3008,-0.1664
45247.84146,1.3024,0.3331,0.2582,-4.1365,1.9397,-3.7755
45434.19413,1.3259,-0.1281,0.2462,-3.9626,0.5972,-4.4185
44641.01615,-0.2581,-0.0301,-0.1954,-0.6237,0.0079,0.3795
45161.01997,-0.5703,3.6284,-0.2006,1.0211,-0.6537,-3.5615
44635.73864,0.4288,-0.9509,0.1159,0.5033,1.294,0.028
44929.55497,-0.1596,0.0201,-0.0033,0.2476,0.2872,-0.0302
45558.86006,-1.3341,-0.5459,0.6603,-3.0634,-2.1192,2.2472
45254.17439,2.0795,1.0391,0.275,-0.07,0.6366,-5.2667
44469.08613,-0.0645,-0.1775,0.1796,-0.0164,0.4476,0.0093
45263.5833,-1.2548,-0.7352,0.6671,1.1022,-0.7077,-1.0654
45547.15951,-0.0132,3.5622,-1.1322,1.3753,-1.6614,-5.0831
45475.448,-0.4995,0.7445,-0.5573,-1.1509,-0.5112,2.0863
45261.83417,-0.8391,0.1556,0.2234,-2.4784,-1.2361,1.8642
45197.47959,-1.4294,-0.8324,0.4799,1.0268,-1.1481,-0.9447
44572.61923,0.3437,-0.0932,1.2475,1.3875,0.2386,1.3892
44919.45266,0.2984,-0.0082,0.1822,0.6708,0.2879,-0.2745
45388.23563,1.7976,1.374,-2.6687,1.5187,2.7496,4.5847
44827.98793,0.3275,-0.0195,-0.0821,-0.2621,-0.2011,0.0468
45626.18895,0.0354,-0.0409,0.0631,0.4513,-0.1324,-0.018
45593.41893,0.4745,-0.6221,0.2782,1.4608,-0.7853,4.5604
45036.77167,0.1584,-0.1792,0.3878,1.1327,0.1882,-0.0522
45473.94021,-1.4125,-0.5209,0.1159,-3.4776,-1.8275,1.5461
45536.18268,0.8896,-1.6785,1.231,0.3946,2.2002,0.18
44584.6219,0.3385,-0.8219,-0.1339,1.236,0.0859,-0.6539
45464.74254,0.9681,-1.608,1.0428,0.582,1.9419,-1.472
45344.59912,-0.8415,-0.0224,-0.608,-0.668,-0.3978,2.369
44773.5254,-0.1734,0.3764,-0.6519,-0.1996,-0.2063,-0.6794
45073.74404,1.2099,-1.8221,1.0744,-0.7974,2.5126,-0.0213
44408.61596,-0.0543,0.0763,-0.1877,1.1671,0.562,-0.1808
45037.59092,0.0115,-0.0225,0.0104,0.0533,-0.1502,-0.4476
45038.6464,-0.4397,0.3773,-0.0087,-1.4726,-2.5207,1.5831
45236.38187,-0.7224,-0.2554,0.3362,-2.8974,-2.2333,2.6156
44922.19689,-0.0435,0.1165,-0.0598,0.6263,0.1212,0.4322
44921.11123,0.3111,-0.0222,0.3333,0.0266,0.0123,0.1942
44511.21769,-0.493,0.1584,0.0387,-0.2915,-0.0557,-0.09
45005.60968,0.4193,0.3524,0.1222,-1.8232,-0.5204,3.9977
45045.39653,2.1114,1.5458,-0.7186,1.9154,3.7122,6.2321
44630.73247,-0.1239,0.0104,0.0641,-0.0789,0.2444,0.2494
44854.91752,-0.05,-0.0873,0.0179,-0.0411,-0.0883,-0.2184
44628.31989,0.2385,0.0298,-0.2568,0.3274,0.052,0.4602
44633.4165,-0.351,1.3264,0.2547,-1.7722,0.0221,-1.2947
44854.46516,0.0301,-0.0448,-0.0132,0.1361,0.1621,-0.0869
45274.34921,1.2484,-0.9133,1.4542,0.1118,2.0501,-1.337
45364.68335,-1.6598,0.3739,0.0066,0.7014,0.5432,-2.6128
44642.16212,0.2458,-0.6287,0.1071,0.457,0.1069,0.7945
44660.46752,0.0163,0.1495,-0.3564,-0.65,-0.3126,0.4049
45473.75927,2.7248,2.3896,-2.4247,-1.9166,0.7268,3.9374
45254.74734,-1.3972,-1.0767,0.4942,-0.6188,-0.7058,-0.5863
45498.87942,-1.1971,3.2079,-0.1596,2.725,0.271,-4.6263
45005.00658,0.0059,0.1722,-0.4362,1.108,1.1789,-0.3026
44878.01744,0.6054,0.1993,-0.2546,-0.5614,-0.0595,-0.806
45529.51819,0.9513,2.6452,-0.4302,1.486,0.2628,-4.9338
45553.85418,1.123,2.2795,-1.344,0.7731,1.9183,5.1701
45017.91363,0.4987,0.386,0.259,-9.6953,-2.1214,1.8515
44452.19709,-0.1436,0.0489,0.1308,-0.0112,-0.0427,0.1949
44723.73679,0.6668,-0.063,-0.4937,1.0301,-0.1765,0.5845
45045.69808,-2.4458,-0.6826,0.4089,0.2635,-0.7553,-0.6711
44952.35313,-0.0586,-0.3816,-0.0735,1.5141,0.2892,0.2153
45130.86295,1.2073,3.2617,-1.1312,2.3913,-1.8681,-5.3945
44396.43076,-0.5448,-0.3058,0.6439,-0.179,-0.2547,0.7676
45074.98046,-1.6841,-0.8831,0.3558,-0.0301,-0.3201,-1.5282
44523.03971,0.498,0.09,0.0953,0.9964,0.0938,0.2946
44715.9865,0.0142,0.178,-0.1421,0.7233,-0.0972,0.2714
44514.20337,-0.1029,-0.0718,-0.1588,-1.1599,-0.1847,-0.3114
45101.85107,1.475,-0.8311,0.574,-3.8763,2.0874,-3.3312
44444.32546,0.1977,-0.1083,0.4728,0.2789,0.0408,0.6184
45219.48399,1.0667,0.0032,0.649,1.8054,0.1827,5.2623
45262.98012,1.8956,0.8739,0.0403,-2.4682,-0.5924,-4.8725
45532.17192,0.4503,-1.5502,0.6642,-2.1515,1.0235,2.9852
44880.15859,0.034,-0.1599,-0.1712,-0.4291,-0.4219,-0.0224
44583.50605,-2.0777,-2.101,0.2502,-4.7785,-2.9972,0.064
44774.03807,-0.0248,0.0695,0.2031,0.0968,-0.1565,0.4904
45263.94517,1.0423,-0.8645,1.4679,-0.3912,2.4402,0.9723
45575.38561,0.7283,-1.6066,0.968,0.9625,1.7997,0.7479
44516.10335,0.3963,0.3042,0.0675,0.3697,-0.022,-0.3275
44445.53185,0.032,-0.3898,0.0331,-0.2251,-0.1242,0.2379
44811.49238,-0.4644,0.0451,-0.5099,-0.7752,0.2301,0.4783
44792.1018,-0.3582,0.2783,-0.2112,-0.6115,0.0207,-0.137
44625.78668,0.0769,0.0772,0.134,1.5949,-0.4929,-0.7712
44757.81385,0.1208,-0.5689,-0.2496,-0.5141,-0.1931,0.1535
44688.39289,-0.3765,0.2048,-0.2202,-0.1424,-0.3919,-0.0924
45568.29892,1.4453,2.1933,-1.8878,-3.7992,0.1423,2.5551
45546.64684,0.7736,-1.3091,0.9322,-0.5436,1.5605,3.0063
44733.62818,-0.6205,-0.0598,0.3762,0.0092,-0.5029,-0.2171
45089.4257,0.8439,-1.4892,1.0611,-0.9301,1.4257,2.8636
44538.7521,0.1589,-0.1139,0.0407,0.618,0.129,0.4056
44837.48716,0.0154,-0.0694,-0.1284,-0.2217,-0.0445,0.0866
44849.0672,-0.6517,-1.5282,0.4992,1.7916,0.2166,-0.3121
45051.7295,-1.7605,-1.0604,0.2525,0.3321,-1.0975,-1.4929
45127.09328,1.2981,-1.8138,1.278,0.728,2.3158,-1.5834
45476.68445,0.9956,-0.3712,-0.1085,-1.9909,3.1121,-3.0089
45293.61429,0.5915,1.6378,-0.7382,-3.784,-0.4893,1.7836
44891.88963,0.5752,-0.5324,0.5671,-0.1315,0.358,0.0426
45594.74581,1.2222,2.3765,-0.6658,3.292,-1.1816,-5.2075
44749.18904,-0.2225,1.0936,-0.1196,-1.4382,-0.2972,-0.2399
45375.5397,0.5279,1.6345,-1.404,-1.7635,0.0975,1.3873
45446.43764,0.7449,-0.6484,0.3058,1.7581,0.6197,5.1029
44379.93298,0.0003,0.1917,-0.3185,0.0012,0.0469,0.6983
44891.07539,-0.2543,0.5602,0.0794,0.5012,-0.0272,-0.1413
44548.34229,-0.1008,-0.1798,-0.0922,-1.663,-0.4491,-0.3472
44682.7837,0.0453,-0.0519,-0.4188,-0.6537,-0.718,0.5045
44809.14021,-0.3245,0.0826,0.0835,0.4867,-0.0532,0.0863
45119.21713,2.5764,0.4554,3.2005,0.3357,3.093,-0.7353
44987.09356,-0.0572,-0.1013,0.4218,-0.254,-0.1212,0.5769
44962.54601,0.2212,-0.082,-0.043,-0.2815,-0.4862,0.3955
45204.35533,0.5481,-0.8461,0.9087,-0.5004,0.485,4.6348
45361.54707,-0.982,3.7217,-1.1045,4.7365,0.2513,-4.2099
45079.11196,1.4271,-0.6072,-0.1065,0.7493,6.1528,-0.867
45384.40576,-1.4367,-0.3687,-0.2392,-2.3119,-2.276,1.6748
45036.89731,0.1118,0.1681,0.1111,-0.1503,-0.2659,0.915
45266.47833,1.6848,1.8595,-0.0949,3.6549,1.2983,4.3146
45033.18803,-0.3389,2.2229,-1.7537,-0.2946,1.204,-2.4958
45288.14088,0.0593,-0.1583,-0.4881,-0.4782,0.4678,-0.1634
45487.96285,0.6808,-1.6761,0.6808,0.0428,1.8316,2.439
45572.82235,1.2493,0.7484,0.1035,-2.5767,-0.3447,-4.135
44603.77183,0.1999,0.0006,0.0863,0.3232,-0.0173,0.1196
45120.42849,0.4313,-0.2782,0.7026,4.8214,1.5672,0.3714
45511.60537,-1.489,-0.6662,0.2726,-2.9024,-1.8193,0.5201
44734.71381,-0.9688,0.0544,-0.1858,-2.4765,-0.1836,-0.8597
45103.26853,0.4025,3.995,-1.0654,3.4569,-1.8295,-4.8474
44383.61244,0.0082,-0.3421,0.0442,-0.4334,-0.0837,-0.0936
45227.8173,-0.997,2.6607,-0.3243,-0.1335,-0.3419,-3.3767
45595.16799,-0.2591,1.2337,-0.4824,-1.3334,-0.5557,2.1509
45022.3165,0.3547,-0.1877,0.3975,-0.9928,-0.8844,0.059
45211.29137,1.6466,1.3159,-0.1185,-0.5354,-1.5981,-4.8626
44982.81133,-0.8072,-0.24,-0.0421,-1.1123,-0.5945,-0.4289
44567.04006,0.7419,-0.0704,0.7063,-3.5528,1.5858,3.3021
45019.30083,0.8593,0.6528,0.3321,-4.4838,2.7574,2.1577
45152.06334,-0.9499,-0.0086,0.099,-2.6244,-1.4061,2.1686
45099.67961,0.5846,-0.8937,0.4425,-0.1574,0.084,4.152
45482.7157,-1.3662,-0.3256,0.1587,-3.0805,-2.0184,1.5441
45274.13811,0.5464,2.9141,-2.0759,1.2858,-2.4122,-4.5176
44879.04276,0.4875,-0.1068,-0.1743,-0.902,-0.2534,-0.3052
45109.02881,1.0578,-1.3306,1.1622,-1.3868,1.5793,2.723
45311.19562,2.2194,2.1173,-1.8662,2.3864,1.5405,4.4485
45290.77458,-0.5451,-0.4882,-0.4213,-0.9016,-1.1415,0.2679
44948.31218,-0.0616,-0.1508,0.0684,-0.4813,0.173,0.0012
44527.68408,-0.4971,0.7923,-0.173,-1.6311,0.0899,0.1788
45051.30728,1.0916,-2.1787,1.6101,1.3144,2.0812,0.0734
44764.50861,0.1647,-0.3104,0.1898,0.5362,0.181,-0.0049
44384.69815,-0.1092,0.1375,0.0146,-0.1558,-0.0951,0.1441
44671.41453,-0.3387,-0.1296,0.0103,1.1956,0.0709,0.7043
44767.16238,0.2922,-0.4986,0.1765,-0.3893,0.1224,-0.3392
44778.80281,1.2559,-0.436,-0.2687,2.2709,0.2124,-0.0174
44887.87877,-0.0002,0.2171,0.131,-0.068,-0.0358,0.1253
44598.25304,-0.2095,0.1865,0.0711,-0.0724,0.3248,-0.6324
44909.07887,0.226,-0.037,-0.1169,0.2629,-0.1484,-0.2302
44566.76864,0.0894,-0.0333,0.0864,0.5347,0.6115,-0.161
44481.42105,-0.4523,0.2287,0.2144,1.4525,0.4365,0.3127
44745.50993,0.7448,0.2175,0.1213,0.9385,-0.2735,-0.0313
45014.41544,0.3144,0.417,0.2057,9.8881,4.073,-2.5661
44593.94054,0.4896,-0.6952,-1.1282,2.1621,0.0897,0.3891
44431.56784,-0.77,-0.2071,-0.8197,-0.3177,-0.3777,0.5397
44851.8717,0.5195,-0.2484,0.4316,0.6742,0.3029,-0.2862
45115.43734,0.7075,-1.0057,0.9013,-0.0501,1.3414,4.5027
44975.78482,0.2736,-0.0977,-0.5717,-0.0343,0.2857,0.0818
45147.32872,-1.8792,-0.7978,0.2074,0.2798,-1.26,-0.5989
45203.45061,1.1522,-1.3845,1.1907,-0.2463,3.5005,-0.4154
44850.09248,0.0329,-0.1563,0.1132,0.0597,0.2791,-0.1246
45347.3735,1.2848,0.1106,-0.328,-3.7776,2.0605,-4.8983
44355.20215,0.0096,-0.0047,-0.0078,-0.0291,0.0227,0.0104
45350.29869,-2.2247,-0.7301,0.1281,0.7377,-0.8501,-0.5814
45553.0098,0.5342,-0.5329,0.0557,0.9218,-0.81,4.9884
45564.46908,-1.3787,-0.7616,0.1297,-2.0277,-2.4425,0.953
44811.31144,0.6283,-0.4214,0.3528,0.3723,0.1299,0.2576
44527.98566,0.2566,0.1554,-0.2809,0.2929,-0.3051,-0.2751
44653.59169,0.1872,-0.0351,-0.3658,-0.8635,0.1328,-0.4274
45160.35651,1.911,0.9736,0.092,-2.7114,1.8059,-5.9416
45497.67317,0.8134,-0.2375,0.3173,2.8418,-0.4509,5.0193
45353.40483,-2.1046,-1.0187,-0.1521,-2.7316,-1.9907,0.3052
44533.83633,0.3947,0.1031,-0.0578,1.2115,0.4291,-0.3562
44701.45086,-0.4693,-0.2307,0.5942,0.0549,0.18,1.017
44703.44122,-0.9099,0.1272,-0.026,1.257,0.6604,0.3237
44772.40963,-0.2744,0.293,-0.0328,-0.2946,-0.1022,0.1491
45219.93632,0.3328,4.1845,-1.0958,0.2455,-1.9393,-4.5315
45388.38642,-1.2295,0.1491,-0.5249,-2.2848,-1.0786,2.7918
45291.29225,-0.0332,0.8531,0.0153,-2.7139,2.2493,5.7735
44423.09292,0.0479,-0.0158,0.1698,0.3074,0.2811,-0.0557
44361.20391,0.1956,0.6258,-0.1508,0.0416,0.3929,0.0197
45390.58786,0.966,-0.3274,0.3455,0.7909,1.5902,5.0308
44530.7602,-0.093,0.2224,0.0568,-0.2669,-0.1481,-0.6897
44989.3553,0.114,-0.2076,0.2833,-0.1791,-0.3325,0.4984
45069.22049,1.5015,2.1666,-0.3624,3.3626,1.2032,4.8665
45016.10425,0.1995,-0.8068,-0.3989,-4.9748,0.6661,1.3692
44374.59473,-0.0503,-0.1747,-0.2254,-1.0888,-0.6946,-0.1108
44477.71153,-0.1279,-0.2313,-0.3718,0.1144,0.1266,0.1718
44907.63139,0.2526,-0.1912,-0.0204,-0.4582,-0.1245,-0.2598
44965.01889,0.4046,-0.6637,-0.0008,-1.3784,-0.5168,-0.019
44916.46719,-0.164,-0.1612,-0.2493,-0.535,-0.3124,-0.5416
45554.60808,0.6428,-0.9432,0.5939,-0.5609,0.4737,4.7555
45473.48785,1.0611,-0.1433,-0.0827,-3.3869,2.4592,-3.5814
44415.70371,-0.0043,-0.1057,0.2505,-0.9978,-0.3538,-0.0065
45204.89815,1.5528,2.6184,-0.8123,2.411,-1.3549,-6.1587
44862.57717,-0.1627,-0.0771,0.0984,-0.0786,-0.1269,0.1588
44571.53351,-0.1851,0.2161,-0.0865,0.5586,0.0825,0.3688
44643.76045,-0.3459,-0.0779,0.4498,0.8838,-0.1804,0.4774
44940.74294,0.1126,0.1845,0.1392,-0.2871,0.1955,-0.3203
44355.02121,-0.0089,-0.002,-0.0081,-0.029,0.0237,0.02
45185.05498,1.6164,0.0881,0.3238,-2.9815,2.2434,-4.1996
45381.87261,0.7649,1.749,-1.4715,-3.7831,0.419,1.5475
45577.49655,-1.4533,0.6562,0.3747,-0.4245,0.055,-3.6105
45582.08027,0.0979,1.8568,-0.8073,-3.4554,-0.0658,1.939
44675.24448,0.4958,-0.0201,-0.2509,0.0068,-0.0378,-0.4468
45356.81249,0.9485,1.8108,-1.0995,1.5541,-1.3334,-5.7179
44954.46402,0.0356,-0.0333,0.1671,0.7415,0.4764,0.0853
45274.2889,1.4862,-0.3062,0.9771,-2.9696,0.8554,-2.7853
45619.16236,0.4495,-0.4326,-0.0146,-1.5546,-0.3202,-0.56
45047.35673,1.4974,1.0094,-0.5491,-3.0486,-1.4028,-5.3114
44700.51599,0.556,-0.0832,1.2898,1.3231,0.36,0.4884
44572.31763,0.708,0.3999,0.9617,-0.6527,0.004,-0.3126
44656.57723,0.0036,-0.4472,0.7808,-0.9106,0.0296,0.8617
44434.34257,-0.8897,2.5044,-2.4689,-3.3155,-3.1699,-0.5236
44358.03717,-0.0049,0.0079,0.0196,-0.0762,-0.0807,0.001
45178.63157,1.6714,1.5064,-0.2284,-1.6502,-0.0201,-6.1122
45005.73032,0.0665,0.5569,-0.0068,1.6822,0.2924,1.0937
45037.0481,-0.0908,0.021,-0.0705,-0.6535,0.1548,1.141
44650.75693,0.7335,-0.0651,0.1901,1.8614,0.3106,-0.1851
45414.17025,1.0258,1.4052,-0.819,0.4409,-1.11,-4.9368
44924.73,-0.1103,-0.0255,0.7118,1.5164,0.452,-0.0155
45537.56986,0.8887,3.1689,-1.2035,4.6891,-1.7676,-5.1299
45043.85346,0.5078,-0.1868,0.1367,0.0125,0.3506,1.4118
44568.4273,0.0406,0.0935,-0.4818,-0.7169,0.3389,-1.0257
45009.56022,0.2994,-0.2949,-0.4888,-1.9786,0.6647,0.8757
45596.91704,-1.8749,-0.7567,0.526,-2.5357,-1.2206,-1.0087
45324.9169,-0.7877,0.8016,-0.8028,-1.32,-1.0924,2.0731
44798.22357,0.4117,-0.1947,0.9823,-0.6826,0.1695,0.0319
45147.23827,-0.9575,-0.3212,0.4163,-3.3311,-1.4546,1.5887
45465.88849,-1.2382,0.0236,-0.1817,-4.075,-1.4426,2.0894
45030.43372,-0.2247,-0.1289,-0.9386,0.592,0.6137,0.4348
45371.92093,-0.131,3.9373,-1.7667,2.9223,-1.8346,-5.0321
45460.73175,0.657,-1.7193,1.0408,0.1639,1.5391,1.5075
45483.43942,-0.6528,0.6433,-0.3764,0.4646,-0.3612,1.9739
45627.18412,-0.0272,0.0037,0.0343,0.073,0.0437,-0.0547
44483.20043,0.2447,0.0346,0.0065,-0.0439,0.0433,-0.0387
45049.98037,1.6056,2.4669,-1.4489,-5.8665,-0.6536,1.478
44407.40951,0.1467,-0.117,0.2313,0.0616,0.0409,-0.3754
45565.85629,1.0705,1.5773,-1.0362,0.4337,1.8776,5.4485
45327.68126,1.2035,-0.2026,-0.1249,-4.6696,1.7284,-4.0783
44399.5072,0.008,0.1313,-1.0758,-4.6418,-1.2462,-1.0307
44806.33565,0.3956,-0.1619,0.3381,-0.0749,0.0045,0.1577
44926.20763,-0.1432,0.4361,-0.6164,-0.0641,0.1038,0.1467
44945.50763,0.2405,0.3416,0.5189,0.7891,-0.0174,-0.0692
44971.20102,0.1075,0.2166,0.2392,0.5619,-0.7404,0.5915
45472.55301,-0.8074,2.5552,-0.7865,1.9211,-0.2153,-3.3314
45419.74922,-0.208,3.2599,-1.162,3.1432,-2.3042,-5.076
45124.77116,0.8785,-1.8968,1.5316,-1.0362,2.4983,2.2116
44356.37839,0.0071,-0.0006,-0.0019,-0.0366,0.0173,0.0146
44381.07903,-0.0336,-0.2561,-0.3622,0.6272,0.1653,0.4369
44961.06835,-0.2735,-0.048,0.1191,0.2012,-0.4769,-0.2413
45463.98862,0.8937,-1.3836,1.142,-0.2093,2.4453,1.5362
45031.46408,0.0494,-0.1488,0.1423,-1.073,-0.3291,0.4673
44417.96574,1.9816,-0.6666,1.1415,-1.3857,0.6939,-1.3789
44705.03955,-0.4592,-0.4851,0.6162,0.8178,0.6129,0.7335
44846.32298,-0.0033,0.2118,-0.2162,0.001,0.1273,-0.2274
44406.20307,0.8109,-4.1795,1.5974,2.3409,3.0692,-1.6131
44410.45577,0.2583,-0.0193,-0.1447,-0.461,-0.102,-0.0274
45284.36125,-1.21,-0.7816,0.6641,0.1636,-1.013,-1.2165
45558.73946,-0.3469,1.5638,-0.7106,-1.8624,-0.2166,2.6223
45189.18645,0.8317,-0.8461,0.786,-1.0727,0.9122,4.8854
44397.57688,0.1671,0.2585,-0.1377,0.7113,0.4963,0.0876
44930.97233,0.6699,0.4326,-0.163,-1.6337,-0.7937,-0.7926
44424.11838,0.3182,0.0051,0.0126,-0.1483,-0.2014,0.231
44953.04669,0.1404,0.2333,-0.1656,-0.2055,-0.0735,-0.4046
45255.26001,1.9099,1.9721,-0.9858,1.3964,2.612,5.8072
45572.12875,1.2173,-1.1924,0.9569,0.222,2.0289,-0.7958
44522.64765,-0.1561,0.1476,0.2967,-0.4204,0.2011,-0.7236
45331.72225,0.9145,-1.9454,1.0032,0.098,2.7931,0.3755
45473.27676,-1.4106,-0.5196,0.0748,1.8759,-1.1504,-2.2165
44881.60614,-0.1669,-0.069,0.2246,0.5166,0.5052,-0.0699
44831.90825,0.1622,-0.7062,0.1371,0.4748,0.13,0.3273
44768.3385,-0.3249,-0.0299,-0.1599,-0.0844,-0.0239,0.2666
45444.74886,0.7886,-1.5114,0.9923,0.2117,1.5557,2.0328
44447.643,-0.4935,-0.427,0.1811,-1.5725,0.0441,0.308
44788.18146,1.3325,-1.137,0.3147,2.5727,-0.3032,1.3781
44369.88985,0.2354,-0.0854,0.1981,-0.6735,-0.4564,0.237
45410.9737,1.2498,2.0069,-1.3208,2.0691,-1.4114,-5.5991
45376.92692,0.7649,-1.9911,0.9427,0.4259,2.2018,1.2347
44608.32559,0.8188,0.0486,0.2329,1.9006,0.7196,0.1282
44987.48562,0.068,0.2161,0.3635,-0.9259,0.1806,0.8136
44520.14453,0.4787,0.5132,0.0842,-0.4096,-0.1649,-0.2921
45505.99629,-1.8156,-0.72,-0.2118,-0.4107,-0.7581,-1.2389
44861.1297,0.7835,0.2423,0.3234,-1.5771,-0.6463,-0.3336
44521.74294,0.1732,-0.4412,-0.1788,0.2142,-0.0222,0.3098
45501.05068,-0.9097,0.2925,-0.026,-3.5414,-0.9019,1.6567
44632.87365,0.7493,-0.3267,1.2226,1.1125,0.3298,0.0419
44653.95361,0.433,0.2196,-0.2211,-1.5481,-0.443,-0.0764
45388.08484,0.9786,-1.6354,1.1544,-0.0267,1.7249,0.8177
45080.98168,-0.1206,1.3626,-0.751,-2.0848,-0.5447,1.349
45506.93115,-0.7537,2.8985,-0.8005,4.9253,-0.1445,-3.9185
44709.2012,0.2648,0.1059,0.0943,-1.0688,-0.0771,-0.1907
44732.99491,0.2617,-0.1053,-0.0485,-0.0846,0.0412,0.6029
44843.42796,0.0942,-0.197,0.1411,-1.3687,-0.1942,-0.208
44439.31895,0.3744,0.7539,-0.1872,0.1701,-0.185,0.1075
44489.02102,0.7252,0.2814,-0.5375,-0.6209,-0.3496,-1.3034
44885.94873,-0.215,-0.0212,-0.3467,0.1817,-0.0049,0.7783
45015.10907,-0.0947,-1.264,-0.517,7.2784,3.0769,1.2661
44639.68924,-0.4198,-0.2793,-0.0485,0.9099,0.2229,1.3543
45511.87676,1.3195,1.0486,-0.338,-1.3868,0.6002,-5.1168
44858.62671,0.4278,-0.0712,-0.1994,-0.0149,-0.2735,0.3279
45126.27904,1.5588,-1.7156,1.2396,0.7751,2.6602,-1.5209
45537.17783,0.6539,1.7768,-1.2602,-3.9193,0.1653,2.23
45195.60985,2.4868,2.1778,-2.2864,-0.3588,1.0155,2.9233
44992.34079,0.0727,-0.0719,0.1642,-0.4467,0.998,0.8973
45474.81473,-2.2407,-0.615,0.2365,0.0172,-1.4012,0.1184
45620.09727,0.316,0.1738,-0.1597,0.3423,0.2324,0.1257
45291.56362,-0.108,3.0229,-0.6957,2.0113,-1.1373,-3.8376
45560.69959,1.1204,3.2854,-0.8704,3.3164,-0.6602,-5.9149
45621.39402,-0.2184,-0.1294,0.1755,-0.1782,-0.1547,0.0965
44556.90709,-0.0725,-0.1106,-0.0196,-0.1618,-0.0985,-0.0153
45278.72195,-1.2921,-0.8365,0.43,-2.0925,-1.7769,-0.194
45232.73288,1.8174,0.4689,0.2837,-1.9667,0.6412,-4.4242
45448.54859,1.1381,1.0059,-0.5671,0.4061,-1.0809,-4.28
45498.0049,-1.7442,-0.7445,0.2742,0.3756,-0.7359,-1.2987
44372.93596,-0.0201,-0.2676,-0.1015,-0.3804,-0.2478,0.1352
44644.18266,0.2074,-0.2282,-0.1567,0.6254,0.0356,-0.1962
45168.31796,1.3597,-0.4934,0.3917,-4.4005,2.542,-3.0836
44889.14537,-0.1267,0.1334,-0.1338,0.0633,-0.2134,-0.0929
45377.2285,-1.1285,-0.3032,-0.2672,-2.4889,-1.8476,1.9612
44387.50306,0.7243,1.4221,-1.8696,-0.3783,0.0624,-0.747
45046.12028,0.9562,-0.1204,0.419,1.7133,1.2424,5.3043
44847.71015,0.5419,-0.0737,0.1569,-0.0913,-0.5192,-0.2762
44964.05387,0.0357,-0.153,0.0544,0.3276,0.0174,0.0204
45359.13456,-0.4278,3.3172,-1.1342,2.3897,-2.0194,-4.9604
45543.2392,1.0707,0.8143,-0.2037,-0.677,-0.7314,-4.8585
44644.3033,-0.2026,-1.133,-0.204,0.8565,-0.1142,0.9955
44775.54591,0.1236,0.057,0.1924,-0.3228,0.0511,-0.5888
44714.50882,-0.4737,0.0235,-0.2014,-0.4682,-0.1319,0.5744
44791.1368,-0.1619,0.5014,-0.3389,-0.9831,-0.1388,-0.4595
44803.4708,-0.2895,0.5168,-0.4641,0.3429,0.0613,-0.3408
45538.56502,0.8841,-1.5028,0.9559,1.0391,1.8619,-0.5008
45427.19786,0.7771,-1.0271,0.605,0.2366,1.3451,4.8667
45132.70255,0.8698,-1.2825,1.0527,-0.4465,1.5612,3.0022
44500.02892,0.3171,-0.5501,-0.0327,-0.4616,0.3871,-0.38
45205.71237,1.5246,1.5294,-0.4654,0.69,-0.4842,-5.4238
44507.71935,0.1906,-0.3321,-0.3033,1.5295,-0.0454,0.6247
45116.58335,-2.0445,-0.8588,0.6563,1.841,-0.7142,-0.9126
44435.00608,-0.7815,0.3724,-0.3941,-1.7667,0.1236,0.2228
44671.20344,-0.0468,0.5484,-0.2163,-0.2844,0.2274,-0.2848
44777.02358,0.7706,0.3463,-0.4145,0.9681,-0.4957,-0.5506
45166.02602,1.0363,-1.7573,1.2632,0.2894,1.9343,0.579
44806.21502,0.6916,-0.1061,-0.0936,0.0384,0.186,-0.4141
45322.28322,0.9587,-1.1566,0.2285,-0.3421,3.6431,4.2018
45276.67129,1.2311,-0.2308,0.7608,-2.1471,1.6412,-2.1847
45260.17558,0.0041,1.17,-0.7166,-3.6299,0.1921,2.0006
44585.52659,-0.3664,0.2926,-0.5768,1.7381,-0.1853,0.7865
44744.87663,0.2176,-0.1315,-0.117,-0.2458,-0.0769,-0.6678
45303.89773,0.8743,-0.8954,1.0958,-0.552,1.8005,3.7322
45485.39958,1.1282,1.2486,-0.266,0.5563,0.5459,-4.9201
45042.09938,1.0202,-0.7838,0.6047,-0.9599,0.309,-3.1707
45564.74052,1.0388,1.2748,-0.1298,0.1836,-0.1896,-4.7004
44465.61787,0.0656,-0.2708,0.1249,0.7292,0.0971,0.3189
44618.30763,0.282,0.5244,0.8116,0.0345,0.1735,-0.6088
45391.70364,-2.1093,-0.6615,0.2007,0.8729,-1.0412,-1.1848
44502.56224,0.3315,-0.0345,-0.4271,0.0266,0.0971,-0.158
45120.45865,-0.2229,0.4,1.1138,-1.3867,-1.2019,-1.2445
45438.86838,-0.6461,3.0529,-0.9954,0.1419,-1.2022,-4.155
45473.36722,-0.1084,3.2133,-1.2572,3.9611,-2.0622,-4.4464
45538.86658,-0.7983,0.4813,-0.2677,-2.4659,-1.171,2.5139
44864.08501,0.6324,-0.4098,0.1311,0.6982,0.296,-0.0691
45602.55626,-1.6964,-0.842,0.0927,-0.8909,-1.6795,-0.2773
45347.70524,0.2549,1.3902,-1.2487,-2.3396,0.2883,1.3784
44907.51075,-0.1089,-0.0272,-0.1049,-0.1736,0.2124,-0.2142
44737.63904,-0.6887,0.6421,-0.5434,0.2213,0.6155,-0.2224
45457.38437,1.3306,0.7171,-0.0403,-0.6671,0.2934,-4.1213
45091.11456,2.6184,2.424,-2.5035,-0.4165,1.3343,3.5695
45039.58628,-0.5982,0.3333,0.1646,1.2379,-0.4472,-0.6494
44981.39397,0.3459,0.9204,-0.1475,0.3649,-0.3715,0.8432
45168.25762,1.4411,0.6614,0.0948,-2.808,-0.5295,-4.7794
44367.89934,-0.1306,0.0394,0.1639,2.0343,0.2716,0.6395
44581.78707,-0.6163,-1.4198,0.0891,-1.5497,-0.4528,-0.2005
44905.5506,0.2795,-0.2091,-0.2267,-0.2433,0.0089,-0.2243
44489.47343,-0.0176,-0.0344,-0.1574,-0.1338,-0.2896,-0.1921
44623.94706,0.2202,0.0039,0.1262,0.7398,-0.1947,-0.5016
44932.02781,-0.2998,0.0754,0.0429,0.8847,0.1143,-0.3462
45575.71733,-1.1952,-0.4309,0.2809,-2.9978,-1.5435,1.874
45426.263,1.0031,-1.4574,0.6919,0.2756,2.316,-1.4642
45040.18944,-0.0222,0.187,0.4203,-2.655,0.0765,1.4951
45177.45547,-0.5784,0.3842,0.0575,-2.2041,-1.1123,3.1564
45466.79316,-2.5865,-0.4975,0.2093,-0.5309,-1.324,-0.0282
44618.91079,-0.0517,-0.5564,0.6924,0.8677,-0.1579,0.6529
44728.56187,0.2833,0.083,-0.484,-0.849,-0.1754,-0.02
44795.08732,0.675,-0.4468,0.2575,1.0537,-0.0138,0.3526
45203.72201,-0.1165,1.1941,-0.5057,-2.5586,0.0071,1.9204
45311.79877,1.5601,-1.1315,1.1689,0.8533,2.8987,-1.642
45325.43461,0.7755,-1.9366,0.8793,-0.1474,2.1423,1.1073
44584.47112,-0.1817,-1.1434,0.218,-1.2674,0.3355,-0.5879
44500.75274,-0.1429,0.2323,0.2156,-0.7857,0.1493,-0.2121
44654.31549,0.1018,-0.2824,0.075,0.4033,0.051,-0.0991
45049.7994,0.9305,-2.0523,1.2104,0.8086,2.0834,2.0857
45199.80164,-0.9728,-0.351,0.424,-3.6686,-1.7259,2.0066
44414.49728,-0.0972,0.3754,0.0454,-0.7727,0.6016,-0.26
44888.4819,0.041,0.1836,0.1084,0.2088,0.6227,-0.1764
44984.40963,0.1695,0.0725,-0.1193,-0.6053,0.3815,-0.2776
44404.39339,-0.0553,0.2296,-0.1274,-0.6641,-0.1925,0.0914
44873.94624,-0.2287,-0.0458,-0.1138,0.2335,0.458,0.5112
44699.03832,0.4444,0.0387,0.2276,0.3545,0.1701,0.1766
45099.22725,-1.6327,-0.8492,0.4647,0.9806,-1.3819,-0.8941
45333.80307,-1.6971,-0.2891,-0.3783,0.8864,0.3098,-2.1694
44788.81479,-0.5057,-0.1184,-0.445,0.1884,-0.0999,0.5883
44631.90861,-0.1246,0.2052,0.4572,-0.2795,-0.0398,0.5775
45044.67275,1.3776,1.8352,-2.0103,-0.2856,0.4195,6.3502
45528.2516,2.972,2.8963,-2.6131,-2.9787,-0.2552,2.8163
44734.02021,-0.4473,-0.3,0.0787,-0.0008,-0.3485,0.3605
44985.07306,-0.3428,-0.3347,-0.2542,-1.4604,-0.1779,0.9749
45598.27408,1.3202,2.3695,-1.1451,7.2913,2.4155,4.7715
45501.29192,-1.3983,2.4714,-0.2895,-0.4178,-0.2785,-3.5627
45466.34083,1.0369,-1.7635,0.8603,0.1022,2.0304,-1.2623
44616.64899,1.577,-0.9507,-0.0697,0.6074,0.3116,0.0775
44880.67126,-0.7447,-0.2569,-0.6037,2.1693,0.8119,0.5196
45339.50265,1.1452,0.558,-0.4437,-3.2468,0.2172,-4.6504
45406.90254,-1.517,-0.3646,0.1864,0.7519,0.6167,-1.7951
45378.5554,0.8108,-1.5002,0.4061,-0.1074,0.8127,3.3799
45141.74968,-1.6679,-0.6682,0.4031,-1.4214,-2.1357,0.4791
45084.84177,2.1566,2.3747,-2.4633,-0.2283,1.8171,4.5595
44883.02351,0.0962,0.0812,0.1141,0.0223,-0.1354,0.1001
44594.48338,-0.055,-0.8486,-0.3488,1.7716,0.0328,1.0577
45043.88364,0.1667,-0.3832,-0.1451,-0.727,0.4082,1.1525
44418.02605,1.6235,-0.2677,1.4137,-1.2895,1.6807,-2.7565
45432.26411,-1.5093,-0.2983,-0.0695,-3.9933,-2.0078,1.5644
44402.79484,0.4694,-0.1758,0.2728,0.1027,0.0419,0.1156
45418.18106,0.8452,1.3417,-0.6324,1.2077,-1.1483,-4.5297
44571.624,0.0736,0.2189,0.7915,1.2939,0.3657,0.9676
44782.05969,-0.2612,0.2285,-0.1438,-1.2573,-0.4358,-0.4193
44576.14766,0.6845,-0.21,-0.3123,-0.9754,0.0297,0.253
45154.89812,1.2355,-1.3573,1.2563,0.8353,2.8571,-1.1333
45492.60692,0.9215,0.1743,0.0508,-3.892,1.8089,-4.0586
44871.95587,-0.4321,0.618,-0.05,-2.5067,0.9668,0.8057
45510.73082,-1.0693,-0.1336,0.0587,-2.4532,-0.7338,2.4476
45058.1529,1.6729,-0.4406,0.3026,-2.2939,2.5152,-4.4459
44528.49835,-0.3,-0.1283,-0.203,-0.5345,-0.0665,-0.3953
45548.93875,1.1524,-1.59,0.9377,-0.5248,2.7391,-0.2407
45535.54939,2.1326,2.0978,-2.2677,-3.8408,0.191,3.3202
44715.44366,-0.3905,0.1108,0.2513,-0.2675,-0.1592,0.1873
45396.73979,0.9893,-0.2266,-0.0246,-2.7995,1.852,-3.4247
45417.81918,-0.5303,1.0703,-1.1513,-0.9216,-0.0264,1.6024
45366.55306,1.0751,-1.5788,0.6139,0.0329,2.4822,-1.3788
45521.16488,-0.9597,0.2149,-0.0152,-3.6525,-1.7308,2.7424
45366.37211,0.1371,3.3074,-1.2406,1.9855,-2.1198,-6.3093
44544.93449,0.7892,-0.2352,-0.4505,-0.198,-0.0798,-0.073
45330.03346,1.2674,0.0496,-0.3651,-3.5277,0.367,-4.1469
45339.86453,0.4736,2.1429,-1.3012,-4.7742,-0.983,1.554
45393.63366,0.9242,-1.7044,1.0493,0.9658,2.5542,0.1824
44458.77177,0.207,-0.6395,0.5186,-1.0722,0.6828,-0.9059
44512.81608,0.078,0.0381,0.0531,-0.0273,-0.0371,0.1468
44517.73191,-0.055,0.2252,-0.1254,-0.0279,-0.1127,-0.0602
44704.73798,-0.1675,-0.4249,0.0191,0.2057,0.0168,0.2074
44706.66801,-0.0018,-0.3549,0.8699,0.3869,0.0047,-0.0289
45110.72265,1.6089,1.1268,-0.4018,-4.7808,-3.2452,-4.8407
45229.11406,0.1925,1.8085,-0.7652,-1.7382,-0.3213,1.8955
45266.08627,-0.2587,2.3121,-1.0909,0.6411,-1.4874,-4.5255
45315.8096,1.2862,-0.7646,1.0599,-0.1402,2.6068,-1.6915
44874.15734,-0.091,-0.0618,0.0477,-0.8041,-0.5284,0.0373
44704.64751,0.0092,-0.3957,-0.2336,-0.1103,0.2432,0.4482
45396.86043,0.7021,-1.7555,0.8753,-0.0511,1.8934,0.8852
44795.8412,-1.0743,0.2471,0.5049,-0.7947,-0.5359,0.0223
44839.47746,0.0129,1.1014,0.1561,-0.712,0.0996,-0.8671
45364.83414,1.1859,0.5838,-0.298,-1.8387,-0.2599,-3.8991
45564.25799,2.0142,2.7913,-1.8639,-1.7047,-0.2665,3.4628
45603.85297,0.475,-0.9532,0.7486,-0.4754,0.8672,4.9628
44537.42514,-0.2831,0.0431,0.3266,0.142,-0.0235,0.4006
45443.33153,0.388,1.2686,-1.4141,-5.3535,-0.2355,2.6648
44354.47834,0.0054,0.002,-0.0128,0.0228,0.0899,-0.0222
44667.19256,-0.4231,0.1628,-0.1693,0.1708,0.3515,-0.3271
44669.45431,-0.3936,0.416,-0.6285,-1.5503,-0.3881,0.354
45407.68661,-1.5338,-0.4674,0.267,1.317,-0.4835,-2.0325
44480.18455,0.2025,-0.0309,0.7819,0.1309,0.3807,0.3448
45606.05435,1.301,0.2455,0.398,-2.0453,2.8001,-4.1044
44850.27342,-0.1415,0.3216,-0.3849,-0.1019,0.0284,-0.3748
45582.86432,0.7335,2.337,-0.8586,-4.6449,-0.6808,2.4623
44690.14198,0.0314,-0.0019,-0.0679,0.5129,-0.152,0.3156
44673.55567,0.2368,-0.4639,0.0724,2.1868,-0.1079,1.5288
44742.04193,0.3472,0.2443,-0.3397,0.4542,-0.0848,0.3706
44493.93689,0.4632,-0.7373,0.4782,-1.2454,0.5579,0.0417
44713.39299,-0.3308,0.6283,-0.5006,1.6832,-0.0506,0.1243
45497.49225,0.9873,-1.156,0.4655,-1.6283,2.6782,-1.5774
45386.00405,-1.6724,-0.5241,-0.2465,-1.829,-2.1401,1.2764
45284.3914,-0.8362,-0.5887,0.7448,1.7378,-0.5415,-2.1265
45448.91046,0.6622,2.0176,-1.2151,-3.2511,-0.0554,1.5169
44704.16503,0.4926,0.0847,-0.0419,0.0394,-0.3185,-0.1761
44613.78403,-1.0978,0.7623,0.1855,-1.2229,0.1597,-0.0223
44938.54155,0.0312,0.0228,-0.041,0.0627,-0.2628,-0.0687
44805.15957,0.0246,-0.7797,0.3275,-0.0753,0.369,-0.0578
45536.42392,-0.3067,0.9829,-0.9063,-2.8011,0.1661,2.102
44378.21389,-0.0237,0.0334,-0.0168,-0.1855,0.0374,0.3247
45598.15347,0.6174,-1.4921,1.0411,0.6451,1.5101,2.1678
44466.22105,-0.1843,0.1585,0.1077,-0.0851,0.0647,0.3069
44644.24297,-0.279,-0.7107,1.0011,-0.5611,0.2458,0.7119
44749.82235,-0.1255,0.3149,-1.3033,-0.0552,-0.1323,0.1599
45569.23377,-1.3261,-0.565,0.1671,-3.1754,-2.6203,1.5342
45223.1681,1.5911,1.9857,-0.4863,0.8599,-0.346,-5.7873
44609.47155,0.128,0.0213,0.2904,1.3711,-1.3442,-1.7586
44989.44575,0.0934,-0.0329,0.5757,-0.6182,0.2067,0.3414
44476.44485,-0.4413,0.2783,-0.0777,-0.7933,-0.0945,0.3454
45031.58469,0.0452,0.1176,-0.1166,-1.6669,0.1483,1.3985
45444.99011,-0.8107,0.5469,-0.7003,-2.6834,-0.5178,2.2479
44676.4206,-0.1766,-0.5955,0.0321,0.714,0.1815,-0.0325
44962.96822,0.113,-0.0274,0.2917,0.6891,0.1123,-0.2191
44884.9234,-0.1995,0.1135,-0.4665,-0.8539,-0.2023,-0.1411
44808.89894,-0.2457,-0.1368,-0.3399,0.781,0.27,-0.0638
44894.51329,-0.17,-0.0748,0.1429,-0.1422,-0.0089,-0.1847
45045.87902,2.118,1.0874,-0.2882,-2.1807,-0.4153,-6.2164
44470.02104,-0.0085,-0.2886,-0.2007,0.635,-0.2026,0.985
45494.08458,-0.3166,3.5011,-0.7238,1.4369,-1.0292,-4.9414
44465.19564,-0.4898,0.0995,-1.167,1.5954,-0.1207,0.8296
45626.82224,0.0249,-0.0077,0.0244,-0.0085,0.0639,0.0224
45431.87208,1.1181,-1.4511,0.8108,0.3639,2.7453,-1.1861
44834.41122,-0.0251,0.0869,-0.0291,-0.1188,0.221,0.2416
45611.30155,0.6781,-0.636,0.7381,-0.695,3.0661,5.6495
44564.0846,0.1671,0.2763,-0.3305,-0.168,0.1201,-0.4544
44936.88294,-0.0792,0.0812,0.0107,-0.3469,-0.2652,0.1061
45289.17123,-0.3328,0.1627,-0.5822,0.0984,-0.8125,0.5273
45595.13784,0.2767,2.0322,-0.8641,-3.5494,-0.5754,1.873
45322.19277,0.7881,-1.4254,0.0274,1.5032,3.8316,1.9381
44897.16706,-0.0889,-0.0279,-0.6903,-0.1971,-0.0185,-0.3132
44983.71602,0.0219,-0.2039,0.5019,-0.0908,-0.5433,-0.993
45465.55677,0.6939,-1.9724,0.9984,0.7976,2.2195,0.2032
45520.16973,0.6532,-0.6785,0.4101,2.7723,-0.5353,5.5854
44609.4414,0.0673,0.0025,0.246,1.37,-1.5149,-2.116
44968.66786,0.627,-0.0989,0.4729,-4.0766,0.5218,-1.2586
44392.08751,0.1893,-0.0868,0.0409,1.156,0.0921,0.1569
44750.36517,0.1802,-0.9892,0.7638,0.7924,0.4789,0.9817
45242.68464,-0.3345,0.4555,0.0863,-0.9878,-0.467,2.2355
45212.01513,0.0789,3.491,-0.9548,0.9194,-2.0205,-4.0371
45271.69543,-0.9564,1.7534,0.353,-0.4947,-0.363,-3.6468
44502.68288,0.5675,0.1804,-0.019,0.5027,-0.1054,-0.4124
44951.84045,0.1895,0.0535,-0.0584,0.0877,-0.0555,0.2409
45369.35762,-1.9553,-0.2987,-0.2145,-0.3746,-1.6966,0.0109
45279.89803,1.3466,-1.4468,1.0319,-0.1363,1.8518,-1.2126
44378.00277,0.0276,-0.0068,0.0682,0.0396,0.3292,0.2951
44850.75593,0.0794,-0.1214,0.1251,1.2197,-0.0351,0.0532
45375.50955,2.4075,2.781,-2.5059,-2.8754,0.2909,2.3606
44823.43432,-0.0243,-0.1849,0.4804,-0.2467,-0.2274,0.3033
45051.12634,1.6717,3.1174,-0.8982,1.0961,-1.0364,-4.9001
45500.83959,0.3963,-1.1392,0.6137,-0.9533,0.5015,4.215
45556.96024,0.5554,-1.1883,0.7644,-0.508,1.4107,3.6812
45478.16208,0.4967,4.3026,-0.9819,4.7546,-0.8435,-5.5432
45567.78629,-1.3852,-0.494,0.2184,0.7728,-1.3235,-1.3913
44655.03924,-0.2269,0.1332,-0.6486,-0.4137,-0.3584,-0.4422
45372.85581,0.9408,-0.4856,0.2328,-3.2711,1.2972,-3.5011
44514.71607,-0.033,-0.1558,0.1413,0.7297,-0.1,0.5666
44896.7449,0.0286,0.1154,-0.9628,0.7773,0.2942,-0.3364
45489.53097,0.7411,-1.7691,0.6973,0.5453,1.984,1.122
44475.50991,-0.1933,0.4025,0.3191,0.8896,0.3187,0.617
45448.78983,0.6884,-1.1483,0.8358,-0.5859,1.3458,4.2004
45292.04613,0.3282,1.2308,-0.7478,-3.9159,-0.5745,1.8459
44362.10869,0.8784,0.0974,-0.2829,0.3018,0.3692,0.1813
44850.51466,-0.1354,-0.0946,-0.11,-0.4184,-0.1429,0.5711
44414.04488,-0.2413,0.4518,0.1613,-0.128,0.1688,-0.5352
44956.8162,-0.1278,0.1687,-0.9563,0.6984,0.1685,-0.8316
44532.35857,-0.0298,-0.1615,-0.3512,0.0151,0.0473,-0.2151
45568.02753,1.2185,-0.5712,0.6232,-4.0109,2.2635,-2.7611
44579.58559,0.0109,0.418,0.029,-0.3808,-0.6079,-0.5264
44469.11628,0.1895,-0.075,-0.2998,-0.0953,0.0825,0.3754
44661.37221,0.172,0.1582,-0.1779,-0.8163,-0.9118,-0.28
45377.31895,-1.9825,-0.7703,-0.0212,-2.0667,-1.7796,0.2039
44938.33046,0.0591,0.0188,-0.0341,0.496,-0.3366,-0.5233
45391.94489,1.2771,-0.1284,0.0588,-2.2313,0.9282,-4.3454
44855.58094,-0.2364,-0.1857,0.1348,0.2651,0.2852,0.111
44698.46535,0.1196,0.2766,0.0076,-0.0476,-0.2061,-0.1583
45510.30863,0.384,0.6239,-0.2757,-0.795,3.5357,-2.1624
45592.18256,-1.2811,-0.8097,0.5144,-0.049,-0.036,-1.5229
44466.64324,-0.1919,-0.1048,-0.072,-0.7034,-0.1396,-0.0195
44687.18661,0.5817,-0.1032,-0.0661,0.2619,0.3785,-0.2701
44773.61585,-0.2106,-0.388,1.1167,-0.1501,0.6656,0.3786
44935.85762,0.0453,0.0085,0.396,1.4293,0.1637,-0.1322
44903.71106,-0.0438,0.1787,-0.1643,0.2841,-0.0454,-0.3075
45288.71386,0.3957,0.5302,-0.4174,0.5692,-0.2537,0.9716
45118.00076,-0.5644,-2.0748,0.5172,-1.5377,-1.7148,1.7217
44627.26436,0.6113,0.1248,0.2041,1.6284,0.078,0.7701
45091.5971,1.4648,0.4548,-0.0353,-1.7689,0.0006,-5.0789
45295.30305,-0.5895,-0.1817,0.3967,-2.7698,-1.7953,2.4928
44945.3267,0.7508,-0.3678,0.1818,0.1641,-0.3119,-0.4797
45614.52827,1.001,1.082,-0.473,1.5392,0.5661,-5.4577
45564.37863,-0.7536,0.2973,0.0019,-2.1782,-1.246,1.8356
45519.95864,1.147,-0.5485,0.4561,-2.125,3.3142,-2.7733
44980.64005,-0.3697,-0.1725,-0.2271,-1.0187,-0.6559,-0.903
45617.19718,-0.1706,1.0283,0.4299,-3.9184,-0.3438,0.5288
45301.39473,1.2653,-1.3484,1.6204,0.553,2.5926,0.4955
44956.33372,-0.2286,0.1673,0.7206,2.1785,0.5155,-0.0869
44393.23361,-0.1345,0.2656,0.324,-0.2005,-0.3869,0.5665
44937.00357,0.219,0.0257,-0.0919,0.425,-0.441,-0.0172
45129.95824,-1.349,-0.4651,0.4656,1.3945,-0.6693,-1.4295
45313.06537,-1.5256,-0.7981,0.4323,-0.2328,-1.2725,-0.282
45386.54689,0.7223,-1.1916,0.4737,-0.6531,1.1535,4.5914
45171.51458,1.5253,-0.5333,0.5082,-2.7855,2.3643,-3.0486
44572.34778,-0.188,1.5315,0.4028,-2.7421,0.1306,-2.1764
44789.99086,-0.2997,0.0758,-0.2176,-0.8529,-0.3688,-0.1712
45495.38129,-0.3999,1.1582,-0.8817,-1.4553,-0.5211,2.1863
45145.09709,0.467,4.059,-1.3994,3.2912,-2.1588,-4.0458
44767.97662,-0.2795,0.0444,0.0888,0.3171,0.1857,0.0932
45104.11298,1.3381,1.3512,-0.4269,-0.0338,-1.2493,-5.3032
45331.02866,0.576,-1.0404,0.4132,-0.0069,1.1116,3.6518
44971.53275,0.7006,0.6931,0.0378,1.7448,-0.4686,1.2967
44929.947,-0.0726,0.3435,-0.2493,-0.5777,-0.392,-0.9198
45235.35654,0.8183,-0.7186,0.9961,-0.4572,0.9633,4.2972
44878.80153,-0.5082,0.792,-0.5813,-0.6568,0.1371,-1.0785
44542.61234,0.045,0.4599,0.3259,-0.9269,-0.1997,-0.3198
45065.81274,1.1775,1.7899,-0.8603,1.1152,-1.7297,-5.2123
45177.96813,1.1187,-1.4425,1.1518,-0.5332,1.9857,0.3452
45006.75565,-0.0318,0.2262,0.0442,-2.2994,-1.4307,-2.2057
44600.57514,1.0512,-0.4687,0.4982,1.0633,0.0893,-0.068
45224.71114,1.4365,2.2945,-0.5737,-1.1336,-1.1571,-5.0815
45318.47344,0.9462,2.8001,-2.5945,-1.7523,2.6132,5.2822
45532.47349,-1.5334,-0.4351,0.1895,0.1683,-2.0148,0.7537
44591.64857,-1.3619,0.1369,-0.2235,-0.13,0.4132,0.6089
44611.28096,0.0381,0.9032,0.0381,-7.7658,0.7967,1.2351
44509.92088,0.8838,-0.5042,0.2726,-2.4622,0.1884,-0.8911
44578.56022,1.08,-0.3525,0.219,-0.4772,-0.2084,1.0295
44604.9178,-0.2094,-0.5101,0.4701,-0.13,-0.485,0.4364
44719.36403,-0.3444,0.0959,0.0679,-0.5006,0.2534,-0.3576
44893.0356,0.4641,0.0347,0.4309,0.5425,0.1058,-0.0867
45053.11669,-0.6236,0.1367,-0.4041,-1.619,-0.3499,3.2548
45572.64141,-1.4171,-0.2328,0.1054,0.2752,-0.4316,-1.5372
44720.38938,0.4102,-0.3324,-0.2595,-0.2584,0.0773,-0.226
44760.85967,0.1629,0.2818,-0.3522,-0.0344,0.1369,-0.3525
44403.54888,0.1589,0.082,0.3711,0.2302,0.1657,-0.1411
44875.51439,0.4154,-0.05,0.1746,0.5429,0.0328,0.3031
45025.48302,-0.0602,0.572,-0.1519,1.1844,-0.1978,-0.3641
45607.44153,-1.4431,-0.5027,0.5751,1.4328,-0.6971,-1.9505
44936.85279,-0.1773,0.0214,0.0953,-0.281,-0.4086,-0.0532
45184.18044,1.3762,2.037,-0.8567,1.7131,-0.6828,-5.531
44406.35389,-1.7511,-0.484,0.331,-0.8948,0.7399,1.249
44492.54962,0.1616,-0.8743,-0.31,0.1772,-0.0128,0.3697
45128.60118,1.9724,-0.503,0.6755,-3.8345,1.591,-4.2526
44389.22224,0.4448,-0.2995,0.6209,0.7981,-0.052,0.396
45357.92829,2.1487,1.7726,-2.4758,1.0327,2.0897,4.7535
45424.87579,1.7224,2.681,-1.2028,6.6625,2.6177,5.8375
45323.64027,0.5596,2.4551,-1.9691,1.9271,-2.3002,-4.6379
44969.9646,0.0197,-0.0565,0.2438,-1.5072,-1.8098,0.6771
44675.06354,0.2231,-0.3114,-0.9778,1.3943,0.2659,1.1156
45378.67603,1.9579,2.6417,-2.2983,-5.0316,0.4582,3.3356
44707.93462,0.1028,0.2217,0.2862,0.0191,-0.1223,0.0574
44652.83779,0.183,0.6327,0.2407,0.2066,-0.0607,-0.1932
45391.01004,-0.5799,3.353,-1.452,3.5008,-2.051,-4.5249
44477.56075,0.186,0.2902,-0.1305,-0.6216,-0.2152,-0.1066
44741.52926,-0.404,0.4396,-0.3563,-1.8005,0.0615,-1.2795
45386.57704,0.8669,-0.4894,0.2702,1.4175,0.9494,4.906
45085.86712,-2.1023,-0.8,0.5111,-0.4869,-1.7793,-0.162
44505.57809,0.1166,-0.443,-0.1279,0.4646,-0.1035,-0.0156
45458.77158,-1.4829,-0.8602,0.0835,0.2911,-0.7579,-1.9599
45508.6802,0.9928,0.7825,-0.1891,-0.309,1.3911,-4.3416
45570.5908,0.6002,-1.2493,0.8024,-1.4286,1.4954,3.9769
45048.83442,1.4274,3.4962,-1.3682,2.2066,-0.6355,-5.6081
44496.22896,0.6257,-0.1122,-0.0283,0.7269,-0.0176,0.0517
44901.6001,-0.1067,-0.3289,-0.0722,-0.2911,-0.0403,0.3143
45306.31024,0.7808,-0.8117,1.0338,-0.6171,0.1578,3.1145
45141.4481,0.948,-0.8956,0.8127,-0.1153,0.813,4.8377
44460.82256,0.2263,0.1452,0.4369,-0.7871,-0.0723,-0.1154
44614.38715,0.2338,0.0796,0.0577,-0.5017,0.121,-0.5169
44886.00906,-0.2218,0.084,0.2863,1.014,0.3421,0.5071
45157.82333,-1.2498,1.3746,0.1207,0.3243,0.0618,-3.372
45195.88127,-1.3096,-0.7997,0.4907,0.2183,-0.5473,-1.2696
45562.47879,0.921,-1.6136,0.9509,0.7723,2.585,0.1748
45349.96696,0.7092,-0.6621,0.3073,0.6531,1.0681,4.2909
45197.02722,1.0775,-1.2865,1.3776,-0.696,2.1876,0.2812
44426.4105,-1.1136,-0.1857,0.2494,-1.2059,0.0553,0.6188
44950.90558,0.1114,-0.2376,0.0835,-0.2801,0.0857,-0.0323
45589.86054,1.2204,0.2916,0.1702,-0.8373,2.3463,-4.01
45001.20683,-0.091,0.0525,0.1138,-0.0323,0.194,0.0618
44470.44326,0.2156,0.0465,-0.1346,-0.3779,-0.3408,-0.35
44767.79568,-0.01,-0.1573,0.1782,0.0703,-0.0262,0.3459
44363.64686,0.0842,0.1366,-0.0629,0.4299,1.0604,0.5653
44884.22977,0.1078,-0.1962,-0.1253,0.9065,0.1967,0.1187
45164.15628,-1.082,-0.4401,0.4889,1.0818,0.1274,-2.0154
45202.45543,0.5554,3.8485,-1.0549,2.3371,-2.0259,-4.7316
45534.58441,0.5803,-1.3974,0.8952,-0.7976,1.5109,2.0986
45348.79087,-1.6287,2.185,-0.5953,-0.1597,-0.3899,-3.7033
44902.65556,0.1318,0.1476,-0.3371,-0.6852,-0.3038,-0.2668
45341.64377,-1.9141,-0.7997,0.1376,3.0971,-0.6617,-1.3844
45187.558,0.9452,-1.1746,1.0659,-0.3495,0.8548,1.8344
44724.49072,-0.088,-0.0939,-0.2616,-0.7913,-0.1672,-0.3418
44775.33482,-0.2049,0.0351,0.1825,-0.2156,0.2081,-0.01
45041.97877,2.3264,2.2932,-1.7646,-0.1856,-0.5511,-4.1869
45408.44052,-2.4255,-0.7249,-0.0653,-0.212,0.0429,-0.5599
45405.81693,0.4369,1.5886,-1.3601,-2.8973,-0.7156,1.1188
44372.87563,-0.0221,-0.3918,-0.2542,0.48,-0.0002,0.0419
45408.47069,-1.8318,-0.5553,-0.1187,1.5629,0.6231,-1.7341
44488.53851,0.0231,-1.2547,-0.0609,1.6673,0.5087,0.8921
44888.72314,-0.6263,-0.0966,-0.4222,0.161,0.361,0.8548
45332.53649,0.766,-1.7475,0.9287,-0.5041,2.1166,1.8789
45455.39405,-0.9849,0.639,-0.4812,-2.1728,-0.7028,2.398
45184.63277,-0.3278,0.5961,-0.2349,-1.2023,-0.6809,2.9331
44392.96216,0.2702,0.0992,-0.2423,-0.6048,0.016,0.1658
44402.37257,0.084,0.2097,0.2789,-0.4409,-0.2484,0.1501
45345.29272,2.1059,1.8055,-2.7003,-2.218,1.2581,2.9356
45546.88808,-0.884,0.3038,-0.1054,-3.0669,-0.963,1.9991
45050.43272,1.9633,0.6758,0.1991,-1.204,0.55,-5.4164
45155.8028,1.0538,-0.7694,0.9218,0.2898,1.0965,5.1249
44845.35797,-0.0575,-0.0398,-0.0892,-0.1572,-0.0656,-0.0023
44379.23931,0.2909,-0.0496,0.5518,-3.9651,1.3682,2.7588
44741.10705,0.4398,-0.1666,0.3842,0.2551,0.2906,0.6009
44626.87233,-0.2797,1.9138,0.0337,-3.6958,0.9261,0.8701
45550.35608,1.1562,1.8421,-0.61,1.3909,-0.1174,-5.524
44888.08987,0.363,-0.0096,-0.268,0.3216,0.0188,-0.5102
45083.45456,-1.1192,-0.6632,0.1349,-3.0239,-2.3441,1.5044
45080.43887,-1.5876,-0.8172,0.373,1.5035,-0.3474,-1.244
44399.47705,0.0428,0.8847,-0.5735,-2.181,-0.169,-0.2954
45133.54693,0.8053,-0.8284,0.8026,-0.7446,0.6359,4.934
44648.67607,0.227,0.2528,-0.447,0.669,0.1286,-0.5784
45365.31666,-1.4507,-0.2604,-0.2903,-2.5626,-1.8688,1.6572
44522.9794,0.3692,-0.2835,0.0993,0.4888,-0.0944,0.5299
44518.51601,0.097,0.1966,-0.0373,0.0117,-0.1385,0.1012
45271.03199,1.7917,1.431,-0.2586,0.2545,-0.0785,-5.2545
45436.54635,1.0244,1.3205,-0.7757,1.4355,-2.0769,-5.2861
44640.32254,-0.1737,-0.5765,-0.2362,-0.3552,0.0523,-0.0797
44955.82106,-0.1843,-0.1046,0.7043,1.4136,0.505,-0.0463
45492.27519,-1.3266,-0.2417,-0.0129,-1.7412,-1.7362,1.1854
44508.26219,0.144,0.0356,0.1996,-0.9303,-0.2681,-0.4615
44609.26046,0.6559,0.7141,0.3388,7.7956,-2.4502,-2.9127
44661.61348,0.2386,0.0227,0.2347,-0.8012,-0.9243,-0.1817
45173.59538,-1.7136,-0.7142,0.7015,-2.4197,-1.5075,0.3413
45298.59016,-1.8454,-0.7507,0.5542,-0.9087,-1.4951,-0.8685
44746.50509,0.0951,0.2194,0.3991,0.1386,0.2721,-0.4165
44907.72184,-0.4316,0.1008,-0.1668,-0.7242,-0.1402,-0.4336
45365.58805,0.7605,3.3817,-1.3158,5.0636,-0.7783,-5.7702
44589.50738,-0.5032,0.3708,0.196,-0.701,0.2351,-0.3366
45413.65758,1.0654,0.1855,-0.049,3.7404,0.5909,5.1287
45114.56275,0.9163,-2.0866,1.6552,-0.2978,2.7453,1.317
44821.62494,0.05,0.0012,0.007,-0.2688,-0.0505,-0.6098
44551.2676,0.3973,-0.0477,0.2556,-0.5203,-0.2272,-0.3302
45308.39107,0.1448,3.5508,-0.2898,1.1495,-1.2167,-4.7955
44652.23462,0.4954,-0.1236,0.0474,0.2338,-0.451,-0.4774
45113.98976,0.7474,1.398,-0.868,-5.4891,-0.2569,1.9682
45065.6318,-1.8534,-1.064,0.2499,0.7472,-0.7217,-0.774
44597.71019,-0.8495,0.4915,-0.3662,-0.67,-0.0173,-0.6454
44594.12148,-0.968,0.3606,-0.3644,0.178,-0.1012,0.3177
45302.20894,1.4505,-1.0121,1.3164,-0.1047,2.2062,-1.0345
45453.1022,-1.6241,-0.6123,0.0477,-3.1153,-1.9184,0.3148
44425.14382,-0.4334,-0.0792,0.2846,-1.0176,-0.1905,0.1744
44560.13395,0.1891,0.4123,-1.0206,-0.4687,-0.5637,-0.2
44969.12021,0.2342,-0.0903,0.025,0.1121,-0.0388,1.1117
45109.17959,1.6071,1.8096,-1.7028,-4.4945,0.7219,2.6602
45190.21178,-0.8033,-0.0761,0.4118,-2.8159,-1.6916,2.3555
45203.87279,-1.303,-0.9405,0.3128,-1.9575,-1.78,0.0243
44566.01469,0.0717,-0.0702,0.2914,0.5611,-0.639,-0.365
45046.96467,0.5085,1.2113,-0.9193,-3.0076,-0.8115,0.6655
45045.3362,0.8876,-1.2604,1.1756,-0.8889,2.2871,4.375
45049.82959,0.7453,-1.6826,0.8981,-0.3802,1.3807,3.7742
45147.47951,0.7444,3.873,-1.5017,1.4952,-2.3672,-4.5181
45280.44086,-0.7136,2.4379,0.1843,-1.0864,0.0188,-3.295
45541.068,0.7235,-1.1983,0.7361,-0.5143,0.6371,3.7406
44996.83412,0.294,-0.1993,0.0277,-0.0928,0.767,1.1837
45597.64079,-1.1237,-0.1068,0.1713,-2.0431,-1.2903,1.6461
44521.95403,-0.047,-0.1196,0.0816,-0.3217,-0.0601,0.1217
45189.45787,-1.0079,-0.5127,0.5069,-3.9083,-2.1149,1.5488
44535.46485,-0.2844,-0.0228,-0.1747,0.0686,-0.4034,0.2372
44773.97774,-0.0441,-0.7764,-0.6147,1.2251,-0.1359,0.7691
44842.04078,0.2781,-0.1367,0.2839,0.1078,-0.027,0.1074
44667.64489,0.2087,0.1344,-0.0881,-1.2639,-0.3562,-0.1599
45369.96077,0.7635,1.7503,-1.4279,-4.3698,-0.3607,1.6458
45576.92358,1.1699,-0.7715,0.9032,-0.0052,2.3097,-1.608
44965.04904,0.0652,-0.324,-0.2171,-1.3441,-0.1699,0.6553
44536.15849,-0.6909,0.1103,0.155,0.1181,0.1891,0.7412
44575.63497,1.3666,-0.5147,-0.265,1.8476,-0.8492,-0.0194
44798.25372,-0.1414,-0.0306,0.7921,-1.8209,-0.1602,-0.8362
44653.13936,0.0575,-0.4547,0.1459,0.24,0.1836,-0.6748
45600.26437,-1.2308,-0.268,0.4762,0.3328,-0.0872,-2.4875
45200.19367,1.2317,-0.9788,0.7745,-0.3555,2.9324,-1.6744
44866.79908,-0.209,-0.0325,-0.2651,-0.7202,0.3456,0.2364
45065.45086,-0.5464,0.9174,-0.6071,-1.2733,-0.1745,1.4715
45176.27936,1.7619,0.1113,0.3636,-1.5431,1.6412,-4.4407
44396.94349,0.3964,0.0454,0.069,0.8898,-0.0349,0.009
44650.18394,-0.6415,0.6895,-1.5232,-0.6274,0.1305,0.7409
45186.26126,-0.8682,-0.1546,0.2059,-1.1841,-2.0594,2.3656
45189.66896,-0.1375,3.898,-0.5132,1.4643,-0.3855,-4.5718
45302.87241,1.6336,2.2073,-0.7779,1.7073,-1.282,-5.0221
45490.46584,1.7895,1.6573,-1.5224,-0.7115,0.8388,3.9066
44393.86702,-0.1655,0.023,-0.1942,0.6535,0.1674,0.2873
44518.81758,0.0757,-0.7537,0.4992,-0.4196,0.1975,-0.1685
45244.10201,1.4017,0.2638,0.6458,2.8227,-0.6018,5.263
45262.55794,0.0668,1.1011,-0.7094,-3.1121,0.4798,1.8965
45308.75295,1.8943,1.8325,0.5569,4.8984,-0.052,5.5875
44543.81864,-0.2348,0.3516,0.1009,0.0037,0.1705,0.0553
44884.25993,-0.1108,-0.1151,0.2787,0.4516,-0.1364,0.1017
44774.76183,0.3421,-0.5867,0.0691,-0.2808,0.1113,-0.015
44399.68817,-0.1486,-0.3315,0.7994,-0.6728,-0.89,-0.5587
45047.56782,0.5546,-1.0827,0.8712,-0.814,0.9298,4.119
45283.87875,1.3737,-1.0457,1.1675,0.0675,2.5633,-1.2241
45295.2126,0.5531,1.9623,-0.7077,-3.3396,-0.0074,1.9289
44706.63786,-0.058,-0.0911,-0.3058,-0.2901,0.2315,0.2415
45607.53202,-0.6853,3.7233,-0.195,0.6243,-0.9906,-4.0373
44868.03548,0.398,-0.1128,0.0003,1.1072,0.5507,0.5537
44660.43736,-0.3797,-0.0502,-0.251,-0.9186,-0.1653,0.1318
44985.76666,0.4761,0.1527,-0.1376,0.1039,-0.2619,0.4372
45607.65262,1.2886,0.2323,0.1526,-0.2396,3.2668,-3.9264
44457.26381,-0.0927,0.1425,-0.3969,0.3522,0.3705,0.5964
44576.17781,-0.2611,0.007,0.257,1.4051,0.5998,0.8443
44626.48029,0.1012,0.0485,0.3148,-0.5557,0.0857,0.3556
45090.84314,1.8753,0.0289,0.2808,-2.9662,0.6251,-5.1325
45594.203,0.3674,-0.9308,0.4798,0.489,0.1398,4.257
44464.2004,-0.2166,0.6405,-0.0857,-0.839,-0.1045,-0.5596
45435.12901,0.7241,-1.4872,1.1202,-0.4822,2.078,1.8861
45619.13221,0.6169,-0.5549,0.0853,-1.9174,-0.1146,-0.8798
45393.15117,-1.2296,-0.2719,-0.3916,-3.3888,-1.904,2.5896
45585.06571,0.8948,-1.614,0.9718,0.1639,2.1531,-0.795
44797.74107,0.1166,-0.0455,0.0644,0.0795,-0.0902,-0.1754
44993.90895,0.012,-0.2742,0.2195,-0.4942,0.3125,0.7349
45339.4725,0.9527,1.5868,-1.0978,0.762,-0.7817,-5.0591
45342.27704,-1.1283,-0.2805,-0.2933,-3.4067,-2.313,2.2485
44449.72403,0.0443,-0.2696,0.2616,-0.0239,0.1216,0.224
44894.12126,0.1941,0.1221,-0.2104,0.0714,0.1062,0.1843
45172.60022,1.6333,2.1702,-1.4622,-3.339,0.125,1.9395
44582.87275,0.5813,-0.0754,-0.4885,0.8526,0.0025,0.9557
45180.62196,-0.3532,1.1423,-0.7774,-3.1841,0.4194,3.2051
44598.1324,-0.3885,-0.1856,-0.047,-0.0722,0.1427,0.1096
44392.78122,0.2283,0.2063,0.4185,-0.4377,0.1314,-0.2984
45364.89444,1.0062,-0.6073,0.2228,-3.5536,2.3606,-2.409
45419.0556,1.2326,-0.3813,0.1432,-3.4429,0.8834,-3.2991
44808.05457,0.1267,-0.3137,0.1572,0.0224,0.2016,0.1625
44490.74009,0.1714,-0.114,-0.0787,0.5858,0.3325,0.5215
44737.85014,0.5004,-0.0045,-0.7293,-1.0306,-0.6053,-1.1284
45246.72563,-1.0941,-0.6803,0.3113,-2.5814,-2.1532,1.5577
44414.4068,0.5899,0.7775,-0.4053,0.2425,0.451,-0.6738
44388.98094,0.5811,-0.6274,0.0816,-0.8583,-0.8384,0.1815
44685.55812,0.6672,-0.2318,-1.582,1.5152,-1.4684,-3.1423
44559.07844,-0.1417,-0.2836,-0.0109,-0.358,-0.2441,-0.144
44765.11174,-0.2305,-0.0331,0.2142,-0.7475,0.2395,-0.8415
44857.69187,0.3956,-0.2197,0.349,0.1132,0.0594,0.1241
44751.2397,-0.5247,0.7015,-0.8084,0.2883,-0.0211,-0.1137
45006.18266,0.1331,-0.339,-0.0281,0.6054,0.0808,-1.5618
45008.77615,0.0734,0.3238,0.0643,-2.5686,1.1539,3.283
45120.7904,2.5426,0.9958,2.0657,6.1051,7.0593,-0.9507
44806.00393,-0.5878,-0.0979,0.3099,0.3989,0.0479,0.211
45120.06659,0.9649,-0.7657,2.1809,-0.0714,2.4031,-0.4447
44860.58687,-0.0876,0.5477,-0.1673,-0.9227,0.0597,-0.6505
44767.85599,-0.0682,0.1778,0.1212,-0.5473,0.1633,-0.6033
45126.36953,0.7968,-1.439,1.0424,-1.1377,1.8054,4.401
45141.80998,-1.8845,-0.8541,0.475,1.0293,-1.1618,-1.1309
44755.73304,0.408,-0.2374,0.5203,-0.9683,-0.1694,-0.0373
44470.59408,0.2024,0.485,-0.0353,-0.2647,-0.3133,-0.0705
45098.32248,-0.8176,0.0772,0.0286,-2.6115,-1.5538,2.0542
44371.06606,-0.319,-1.3649,0.227,1.3844,0.8611,1.2838
45266.17673,1.7807,1.6904,-0.6767,1.0194,-1.4743,-5.5014
45311.25596,0.6614,1.6472,-0.7843,-4.3679,-0.2068,1.9625
45348.94166,1.0598,0.1179,-0.3468,-4.2993,1.4274,-3.7154
45420.77453,0.8609,-2.0109,1.0202,-0.2602,1.7931,0.5141
45507.20254,0.7152,-1.9481,0.6521,0.3751,1.7716,0.7266
44961.0382,0.1525,0.1262,-0.0676,0.631,-0.7207,0.1479
44376.82655,0.0117,-0.0253,0.0517,0.0932,-0.397,-0.4183
44684.23122,1.1531,-0.8723,-0.1153,0.6272,-0.1749,1.7959
44481.63218,-0.0891,0.5311,-0.1752,-0.1785,-0.0168,-0.2265
44406.71583,-1.4463,0.1802,0.8618,-0.7042,-1.7101,0.7614
45192.65448,-1.6238,-0.7836,0.5205,-2.1078,-2.5556,0.3349
44848.19265,-0.2651,0.1207,0.2762,0.4499,0.3907,0.1709
45006.93659,-0.3152,-0.653,-0.0216,0.214,2.8923,-0.3562
44993.87879,-0.142,-0.0529,0.2001,-0.0601,0.5429,0.9639
44562.39579,0.1192,-0.0204,-0.4543,-0.4446,-0.14,0.0086
44807.93393,-0.0641,-0.0434,0.4985,0.0805,0.2944,-0.0218
44442.39525,-0.2074,0.2151,-0.0988,-0.0134,0.1985,-0.4396
44477.19882,-0.4755,-0.0746,-0.414,0.1341,0.1495,0.2468
44391.81606,-0.3592,0.0976,-0.3523,-0.887,-0.248,0.2373
45093.52726,0.0257,1.5174,-1.0534,-3.4293,0.1703,1.7922
45143.07657,1.9702,2.7764,-1.1325,6.4522,2.6397,6.5701
44832.11934,-0.2179,0.1705,-0.022,-0.8255,-0.558,-0.4978
45152.78713,-0.021,1.2917,-0.8699,-3.0771,0.2763,2.2886
45261.50245,1.2458,-1.3629,1.2857,-0.7221,2.3212,-0.0387
44727.05401,0.2289,-0.0003,0.1898,0.7188,0.3248,-0.7352
45201.24917,3.3167,2.9965,-2.6812,-0.3975,1.1446,3.2975
45498.63818,-0.8958,0.435,-0.3773,-2.3606,-1.6323,2.2475
44432.47265,0.3886,0.4248,-0.0876,-1.4971,-0.2264,-0.6939
44523.25083,-0.5469,-0.5205,0.0984,-0.5527,-0.1318,-0.1861
44408.58581,-0.5218,-0.1763,-0.3343,0.2254,0.6258,0.2227
44991.61703,0.1529,0.0673,-0.068,-0.5669,-0.5751,-0.1981
45005.79062,0.0341,0.4232,0.0508,-0.0753,0.0558,-0.1671
44494.93213,-0.0443,-0.5278,0.0733,0.9459,0.348,-0.1614
44633.59744,-0.1962,0.568,-0.4416,-0.1979,0.0514,-0.2196
44716.8309,-0.605,0.0942,0.5091,0.316,0.5187,-0.5289
45356.72204,-1.4755,2.9613,-1.2846,0.9439,-0.6088,-4.511
44917.2814,-0.2081,-0.0553,-0.0397,-0.8468,-0.1152,0.0809
45098.56372,-0.1991,3.2822,-0.8323,3.522,-0.5712,-3.1062
44959.43984,0.0929,-0.3328,-0.0365,-0.0188,0.0502,0.4897
45385.18981,-1.1927,-0.2998,-0.295,-3.0561,-1.9074,2.3632
45290.65394,-0.1153,0.8225,-0.0668,0.8762,0.0094,0.698
45453.55451,0.6938,-2.0023,0.9229,0.238,1.8859,1.6653
45086.83215,1.629,2.5994,-0.9193,2.9979,-1.6538,-5.1087
44963.11902,-0.0874,-0.1113,-0.0836,0.5512,0.0987,0.0095
45224.68099,0.6398,3.7119,-1.2846,2.8626,-1.5929,-4.0367
44869.24175,0.0227,0.244,-0.1435,0.8244,0.2005,-0.244
44435.94105,0.9141,0.3867,-0.2177,0.9114,-0.057,-0.419
45184.27089,1.6742,-0.2564,0.4188,-2.8541,2.5955,-3.7347
45483.83147,1.3752,0.4464,0.0939,-2.7769,0.6222,-4.2018
44660.01515,-0.4571,-0.0426,-0.3368,-0.2067,-0.2833,0.3383
45455.96703,0.6017,-1.2928,0.6116,0.1322,1.368,2.5544
45421.10626,-1.5331,-0.2731,-0.1799,-2.9593,-1.9518,0.8945
45127.60594,-1.1516,-0.4636,0.6721,1.5654,-0.3151,-1.9838
44699.79224,-0.3633,-0.1015,-0.7994,1.5748,-0.5532,0.1493
45320.83571,0.4814,0.5725,0.2164,0.1806,0.0492,2.1521
44925.33314,0.0245,-0.083,0.159,-0.6711,0.1609,-0.3082
45483.86162,0.9914,-0.1028,0.1155,-3.9573,2.3094,-3.457
44591.37714,-0.2063,-0.2572,0.1185,-0.7053,-0.2742,-0.0323
44998.34196,0.0698,-0.1998,0.249,0.0258,0.5771,0.7258
44763.21188,-0.1196,-0.3577,-0.3599,-0.6622,-0.4137,0.0233
44855.82218,0.9236,-0.8675,0.6959,-0.7389,1.2416,-0.7217
45548.75781,0.5212,3.4886,-0.558,3.9464,0.5003,-5.6476
44842.73436,0.0575,0.1648,-0.43,0.0352,0.0723,0.0022
45619.31315,0.1411,-0.0291,0.2147,-0.5206,-1.3658,0.0079
44865.35155,0.1788,-0.0658,0.0044,-0.7182,-0.399,0.1025
45382.29479,1.122,1.0686,-0.7614,0.3868,-0.5187,-5.1646
45499.75394,1.0892,2.5719,-0.8402,2.6184,-0.6937,-5.8401
44578.37928,-1.1862,0.5138,0.1069,1.5541,-0.3384,0.8033
45096.99547,-0.3652,3.4609,-0.7778,3.1713,-0.0039,-3.0297
45158.4868,-2.0315,-0.6109,0.6649,-1.1293,-1.8625,0.7863
44354.38785,0.0052,0.0131,0.001,-0.0261,0.0932,-0.0041
44616.82993,-0.8756,0.4114,0.042,0.2531,-0.1849,0.4862
44958.56531,0.0339,0.0544,-0.1456,0.4716,0.0645,0.2391
44928.19794,0.0072,-0.2413,-0.1277,0.5324,0.2314,-0.0238
44945.14576,-0.2216,-0.2516,0.4781,0.131,1.1093,-0.0638
45137.85939,-1.6771,-0.7516,0.2659,0.2796,-0.5563,-0.4107
45407.38503,2.2156,2.0706,-2.5492,-5.0351,-0.1249,3.1698
45474.6941,-0.9215,0.028,-0.2394,-3.802,-1.5375,2.5287
45500.96023,1.1482,2.2855,-1.555,-2.3901,-0.4794,1.8774
44473.60994,0.328,0.1807,0.3809,1.1783,0.0631,0.6272
44949.97074,0.3069,-0.4272,0.6051,1.5657,0.4194,0.5276
44457.4146,-0.4592,-0.1155,0.4247,-1.6257,-0.6175,0.9116
44959.2589,-0.3389,-0.1556,0.0664,0.091,0.4142,-0.2123
45562.96132,-1.4903,-0.1412,-0.1105,1.4474,0.1598,-2.357
44610.37624,-0.4493,-0.1794,-0.092,0.047,0.3112,0.0607
44643.88109,0.1774,-0.1469,-0.2236,0.5404,-0.1889,0.0715
45560.97099,0.5474,-1.1374,0.6574,-0.2676,0.684,4.3895
45581.32637,-0.5842,0.7756,-0.3285,-2.6324,-0.6855,1.8723
45288.47262,-0.8101,-0.5218,-0.8166,0.3897,-0.5117,-0.7814
44809.07988,0.2427,0.0436,-0.0421,0.5039,0.218,-0.2496
45123.83629,2.2917,0.7633,-0.0227,-0.042,0.8187,-6.1905
45127.27422,2.5792,2.517,-1.6587,1.5181,2.69,5.8796
45481.3888,1.3038,1.3435,-0.4024,0.6637,-0.1093,-5.4147
45578.88373,-0.7473,0.7764,-0.3481,-1.9714,-0.751,2.6075
45519.74755,-1.2734,-0.2578,0.3397,1.1307,-0.5478,-3.0172
45616.5588,0.1397,-0.4263,0.5125,-1.0724,-1.2485,-1.0498
44445.89376,-0.2076,-0.4868,0.096,-0.4685,-0.237,0.1886
44979.31315,-0.0786,0.6973,-0.1671,0.9165,-0.3992,-0.4045
45188.94521,1.4664,1.6703,-0.2265,2.7843,-0.6716,-5.7252
44715.5643,0.2699,-0.259,0.7201,1.0876,0.6755,-0.0722
45072.83935,1.6814,0.581,-0.0497,-1.4539,1.1397,-5.2433
44445.77312,-0.5093,0.3892,-0.4737,-1.2503,-0.0793,-0.9995
44733.53772,-0.0317,0.5032,-0.6842,0.5353,0.0471,-0.4262
45448.42792,-1.6031,1.3704,-0.1075,0.0226,-0.5204,-3.811
45541.7314,0.8709,-0.819,0.3871,-1.9034,3.1094,-1.9852
44658.65808,0.4304,-0.5496,0.5008,-0.6329,0.1592,-0.0568
44427.31528,-0.3541,-0.4503,0.3231,0.2699,0.388,0.1108
44474.6655,0.253,0.2128,0.4526,-0.4205,-0.2618,-0.3217
44979.76548,-0.0457,0.2617,-0.2306,0.3255,0.7436,0.2044
45258.81852,-0.9875,-0.2983,0.5526,1.5165,-0.3067,-2.5967
45207.40114,1.3998,-0.6716,0.7703,-0.8783,3.0437,-1.9844
45515.94787,0.9846,-0.8598,0.2991,-2.7228,3.4216,-1.9283
44750.63656,0.0337,-0.1818,0.3511,-0.2514,-0.2395,-0.4593
44405.02679,0.1635,-0.0277,-0.2647,-1.7239,-0.4103,0.0211
44843.72951,-0.3173,-0.0311,0.0662,0.4352,-0.0599,0.0006
44907.26951,-0.1237,0.0235,-0.0589,-0.2742,-0.0435,-0.0322
45202.84746,2.9245,2.352,-2.3867,4.3326,1.7657,3.8719
44735.73915,-0.3419,-0.1469,-0.3433,0.4626,0.0427,0.4742
44519.69217,-0.3299,-0.2559,0.0725,0.993,0.4241,0.2532
44612.75868,0.2959,-0.9205,0.3111,-0.578,0.1478,-0.8013
44633.89903,-0.1319,-0.0809,0.019,-0.3701,-0.4097,0.0323
44901.75086,-0.2297,-0.022,0.317,0.0596,0.0439,0.0747
45172.23834,1.6416,1.6795,-0.4219,2.0403,-1.0616,-5.6564
45181.88854,1.5144,-0.4133,0.5155,-2.0812,1.9894,-2.8987
45222.74589,1.432,2.4958,-1.1572,-5.1486,-0.4958,1.8181
45275.1333,1.3262,-1.3475,1.4508,0.5109,2.5388,-0.7328
45291.20176,-0.769,0.9241,-1.5155,-3.9437,-0.3118,4.3559
45156.28534,0.5822,4.17,-0.9658,2.1363,-1.4971,-5.6028
44359.57529,0.1182,0.1874,-0.1303,0.9186,0.6195,0.5038
44362.7722,-0.3082,-0.1986,0.1836,0.0538,0.5575,0.4894
44566.31626,0.0051,-0.0641,0.066,0.0193,-0.1543,-0.1075
44663.30229,-0.0246,0.0514,-0.0341,-0.1742,-0.8561,0.7031
44817.34272,-0.3188,-0.0661,-0.4058,-0.0841,-0.11,0.0381
45341.22157,0.9009,-2.1702,0.6603,-1.1508,1.5786,1.6441
45017.49145,0.099,0.1291,0.6735,-7.2361,-1.1072,-0.8738
44644.99692,0.0073,0.0731,0.1173,3.1179,-3.5263,-2.3631
44879.22373,-0.0465,0.3752,-0.5674,-0.2781,-0.2677,-0.6906
45458.98267,1.1858,0.1558,0.2526,-2.9025,0.0455,-3.618
45007.53973,-0.2769,0.0372,0.0896,5.6178,2.8515,2.8303
44595.90076,-0.7599,0.632,-0.1177,-1.0895,-0.1583,-0.9989
45377.53006,1.2855,2.0065,-1.1668,1.1308,-0.9043,-5.527
45204.80766,-0.775,2.7248,-0.2554,0.2642,-0.4069,-3.69
45481.41895,1.1724,0.6343,-0.0163,-1.3711,1.5166,-4.4704
45084.26878,-1.7692,-0.7429,0.1817,-1.04,-2.1661,0.5991
45455.69564,-0.0849,3.6182,-1.3779,-0.145,-1.8324,-5.4318
44853.86202,0.3132,-0.3264,-0.2246,0.5683,0.2134,0.5879
45539.62048,-0.3096,1.3964,-0.9783,-1.6584,0.4571,1.8511
45464.29016,-1.3781,0.0298,-0.2452,-3.4551,-1.4946,2.5701
44673.85725,-0.1593,-0.18,-0.1054,-0.6855,-0.0862,0.1092
44521.62231,0.0634,-0.234,0.1648,0.6535,0.1838,-0.3213
44797.59028,0.2884,-0.2404,0.4032,1.2741,0.265,1.1764
44877.65555,0.1222,0.1281,-0.2777,-0.2112,-0.1218,-0.3429
44615.08079,1.1483,-0.6431,0.2355,2.1936,0.0051,0.2398
44816.64912,0.3089,-0.1466,-0.1711,-0.2728,-0.1297,-0.2425
44823.91686,-0.4633,-0.2604,0.1684,1.1849,0.3785,0.1921
44830.52106,-0.1208,0.382,0.093,0.1715,0.2053,-0.1828
44852.11294,-0.1935,-0.0657,-0.3025,-1.9026,-0.2975,-0.5314
45359.58689,0.3014,1.7107,-1.3686,-2.1476,-0.357,1.9332
44539.29495,-0.2139,-0.1855,-0.0163,-0.2855,0.5354,-0.1701
44987.81731,0.2068,-0.4702,0.2109,-0.6569,-0.776,0.3843
45055.55939,-1.8855,-0.7603,-0.1676,2.5547,-0.3651,-0.9251
44372.63436,0.0341,0.2135,0.1802,0.3891,0.0962,-0.1073
45363.47712,0.428,-1.1535,0.3432,-0.0516,0.5095,3.9767
44700.12397,-0.0067,0.4136,-0.1396,-1.0106,-0.1304,-0.7494
44945.71872,0.1778,-0.2863,-0.0611,0.3841,0.0256,0.028
44571.23193,0.1024,-0.3445,0.4452,0.3786,0.4228,0.0652
44751.45079,0.5481,-0.1437,0.3711,0.2315,0.0751,-0.2446
44979.40361,-0.0281,-0.1982,-0.025,-1.0844,0.2663,1.2204
45332.83806,-1.3172,-0.1188,-0.3725,-3.9332,-1.4654,2.2157
45002.14168,0.044,0.0029,-0.0646,-0.3452,0.0941,-0.1201
45415.94948,1.1679,-1.8406,0.9177,0.8947,1.8979,-0.182
45454.76078,-2.0051,-0.722,0.0257,0.5144,-0.8915,-0.9467
45068.88875,1.1731,3.0287,-0.8286,2.0524,-0.4106,-5.091
45285.02467,-0.8478,-0.2477,0.2783,-2.4768,-1.6173,1.5191
44550.09146,-0.3807,-0.1327,0.0055,-0.3982,0.3351,0.3363
44874.21764,-0.1038,-0.4778,0.3619,-1.1945,-0.3788,0.3042
44421.25318,0.4789,-0.3374,0.3897,0.6644,0.2113,0.2352
45200.37461,0.9353,-0.1246,0.6271,1.3294,0.1856,4.0092
45260.1454,0.6818,1.7144,-0.9828,-5.0102,-0.0988,1.5934
45377.86178,1.0522,1.5316,-2.3545,0.5837,1.3742,3.4139
44532.81096,-0.4212,0.133,-0.1546,0.0091,0.1496,0.1472
44410.66689,0.3734,0.0111,0.0571,-0.4827,-0.0147,-0.475
44782.78345,-0.0955,-0.9977,0.4128,-0.6741,0.256,0.0283
45049.16613,2.5999,2.9525,-1.1611,6.0233,2.9915,7.3133
45118.1817,1.5639,1.4612,1.1288,-6.3518,-9.181,-5.9128
45026.05596,0.1137,0.3289,0.0132,-3.4274,-0.6691,1.081
45120.39834,0.1662,-0.1086,1.1911,6.6476,2.7697,2.3465
44873.52404,0.3693,-0.0067,0.0224,-0.978,-0.1373,-0.8542
45606.17499,0.6496,-1.8569,0.9213,-0.9238,2.5739,0.8314
44889.05488,-0.1475,-0.0417,0.1299,0.2343,-0.0609,0.1426
45557.26181,-1.6119,-0.4626,-0.0694,-2.6131,-1.7486,1.4184
44861.70267,-0.0143,0.3121,0.169,-0.1632,-0.1147,-0.3407
44748.97795,-1.9875,-0.6314,0.2361,0.3738,1.1622,0.6728
45018.63738,-0.0971,0.0273,0.4073,0.3925,1.8238,1.5709
45134.60243,-1.2463,-0.5499,0.2565,-3.2353,-2.079,1.9521
44507.83998,-0.5958,-0.115,0.219,-1.0909,-0.466,0.0342
45196.90661,1.9659,0.6752,0.3617,-2.7272,1.4606,-4.8875
44515.43986,0.0752,-0.0677,0.0682,1.2703,0.2248,0.1472
45371.83045,-1.8511,-0.6347,0.013,2.602,-0.3774,-2.0365
44861.55188,0.2358,-0.214,0.2645,-1.1152,-0.49,-0.0741
44625.6962,0.2279,0.0718,0.2227,1.7416,-1.1229,-1.4014
44881.57596,0.5749,-0.4437,0.1578,0.5244,0.155,0.0698
44674.15882,0.1732,0.2887,0.5346,-1.0744,0.3265,-1.1557
45579.00434,-1.4863,-0.8079,0.5194,-3.0367,-1.5821,-0.058
44468.87501,0.2488,0.3637,-0.226,0.2409,0.1024,-0.4721
44627.83738,-0.6255,-0.8994,-0.1656,-0.4972,-0.3,-0.1617
44999.94027,0.1175,0.1397,-0.0075,0.1281,-0.3349,0.3137
45002.92574,0.3085,0.2925,-0.3575,-0.4582,-0.5954,0.2212
45076.82005,1.3807,-1.0487,0.4881,0.228,3.3529,-2.0555
45153.4506,0.8341,-0.5183,0.5977,1.2794,0.2613,4.3947
45359.76783,-1.9466,-0.5853,-0.1284,-2.4947,-1.8569,0.253
45584.9451,1.4032,0.7671,-0.1467,-1.8905,-0.0998,-4.6884
44395.40526,0.364,-0.0007,-0.1717,-0.848,0.1032,-0.5761
44910.70733,0.0987,0.4081,0.0092,5.9505,-1.9244,-1.6223
45559.85522,-0.9008,3.2569,-0.7439,1.3983,-0.2685,-4.9614
44885.91858,0.2917,0.121,-0.2616,0.286,-0.0775,0.3619
44755.52192,0.1486,0.5515,0.1554,-0.4573,-0.1975,-0.6882
44579.88717,-0.1374,0.1367,-0.0844,0.5108,0.1023,-0.0087
45007.81112,0.3393,-0.4569,-0.559,-0.9073,-1.4339,1.8904
45311.61783,1.1289,3.4759,-1.0739,3.1803,-2.0007,-5.6213
45327.8019,0.8265,-1.9613,0.9068,-0.1864,1.2939,1.2015
44635.94973,0.075,-0.8171,0.8254,4.4357,2.0577,0.7628
44760.4073,-0.3229,0.5119,-0.8262,-0.1825,-0.3464,0.1742
44468.54325,-0.1825,-0.4579,0.4125,0.2286,-0.2294,-0.0222
44989.23466,0.1815,0.0889,-0.0574,-0.9017,-0.646,0.6203
44608.47638,-0.4007,-0.0834,-0.0975,-0.2893,-0.0363,-0.1316
44465.01467,0.1059,0.3479,-0.4203,0.3426,-0.1542,-0.0022
45136.7436,1.7664,1.8068,0.146,3.4518,0.3864,5.2541
45336.78855,-1.0958,0.1383,-0.4349,-2.6863,-1.6358,1.7208
45057.21803,-0.7986,3.4169,-0.9188,4.125,-0.7027,-2.5621
45009.13804,0.1606,-0.1104,-0.7413,-2.2185,-1.0985,0.3671
44575.18258,0.8025,0.0336,-1.2986,0.6678,-0.2467,-0.1641
44709.05041,0.203,-0.1445,-0.1415,-0.6535,0.3616,0.3682
45189.30708,1.2216,1.9614,-1.0801,-3.8838,0.0134,1.9198
45220.32835,3.3329,2.8823,-2.7645,0.3221,1.1346,3.8235
44445.07948,-0.0177,0.1764,-0.4311,-0.3343,-0.1368,-0.219
44867.49264,0.1105,-0.3264,0.0513,0.1594,-0.4051,-0.2675
44461.2448,0.139,0.0181,-0.318,-0.5776,-0.3124,0.0211
44627.62626,-0.0545,-0.5358,-0.5218,-0.415,-0.8201,-0.0606
44734.29163,0.2688,-0.4038,0.9194,0.7422,0.5309,0.0867
44891.73885,-0.3616,0.2511,0.1698,0.939,0.1964,-0.0267
45416.19075,-0.365,1.4271,-1.4308,-2.2686,0.496,2.7266
45457.41455,1.2443,-0.3328,0.3062,-2.4506,1.3201,-3.1844
45543.14874,-0.1311,3.612,-1.2475,2.2499,-1.3301,-3.765
45436.18446,-0.8777,0.4743,-0.3111,-2.8989,-1.1745,2.3796
45589.64945,-0.9848,-0.4589,0.735,0.5783,-0.6492,-2.7994
44990.95361,-0.0319,-0.1687,0.0659,-0.9675,0.9181,1.2565
45131.73751,2.0378,0.8198,0.0897,-1.8663,0.5384,-5.2762
44760.64857,-0.083,-0.068,0.2658,-0.1869,0.3505,-0.2431
44381.0187,0.2617,0.036,-0.1261,0.0278,-0.0331,0.0036
44508.50346,-0.4393,-0.1702,0.0622,-0.0687,-0.2015,0.1744
44543.42661,0.1825,-0.4118,0.0691,0.7264,-0.0364,0.9703
44434.58384,0.3202,-0.5385,0.8155,-0.6261,0.0027,0.2405
44907.20918,-0.0862,-0.03,0.0752,-0.0199,-0.0771,0.0149
45263.34202,0.1792,1.9002,-1.0259,-4.6162,0.097,2.7356
45295.6348,2.1766,1.241,-0.2055,-1.8165,-1.5173,-4.7
44998.4626,-0.1045,0.4546,-0.0355,1.1167,0.0656,-0.2446
45372.10187,1.0854,-1.127,0.5205,-0.6606,2.0584,-1.4011
45545.16921,3.044,2.5146,-2.6894,0.0295,1.3825,3.0175
45233.30588,-1.4219,-0.753,0.3762,2.7646,-0.3256,-1.0786
44850.81624,-0.2759,0.4494,-0.4369,-1.3531,-0.3402,-0.4412
44409.49061,-0.325,0.11,0.146,-0.062,-0.0427,0.2591
44474.21312,-0.0088,-0.1777,0.5002,-0.8815,0.1781,-0.2859
45313.57804,2.6174,2.5476,-0.782,5.1837,3.3975,6.4233
45625.13344,0.1707,0.1119,-0.0063,1.6699,-0.0442,-1.0191
45170.67016,1.7984,0.6372,0.1954,-1.7845,0.3126,-5.1088
45057.42912,1.5012,-1.8045,1.0528,0.5483,2.2765,-1.6514
44546.44236,-0.087,-0.0277,-0.2426,1.1785,-0.4864,-0.132
45414.32104,1.1789,-1.7319,0.7968,0.5484,2.8044,-0.7105
44745.05757,-0.0276,-0.6916,-0.4449,0.2181,-0.0636,0.4025
44589.65819,0.1155,0.0786,-0.1115,-0.1729,0.1695,-0.8198
44741.77051,-0.8336,-0.5449,0.1642,-0.3897,-0.5108,0.3128
45033.6454,0.4325,1.0468,-0.8891,-3.4457,-0.5655,1.9235
44502.17018,0.3232,-0.438,-0.0171,0.2734,-0.1355,0.6064
44936.06873,-0.1035,0.2257,-0.0465,0.1316,-0.1057,-0.4547
44376.1932,-0.0815,0.0296,0.0035,0.1046,0.3201,0.3326
44482.08455,-0.3986,0.0504,0.262,-0.0021,0.0807,-0.0779
44879.40467,-0.5412,0.8659,-0.5022,-0.7721,0.0364,-0.4537
44772.04775,0.3063,-0.5102,0.1411,0.5821,0.2148,0.8543
44987.30468,0.2203,-0.1887,-0.2031,-0.4994,-0.2562,0.3221
44672.37955,0.3927,0.3018,0.2503,-0.1048,0.0916,0.0952
44757.99479,0.1613,-0.2327,-0.1944,-0.1735,-0.1161,1.3771
45099.58916,0.9213,-1.7167,1.1754,-0.4395,1.9651,1.0137
45353.16356,1.2368,1.5403,-0.3578,3.0578,1.8743,6.1792
45526.59301,1.012,1.7989,-0.5812,3.6927,0.7984,4.1141
45087.40511,-1.7908,-0.8139,0.2807,-2.2243,-1.1443,0.3635
45245.7305,1.9035,1.9695,-1.1965,2.062,2.1634,5.8057
44807.3308,0.2105,0.1927,-0.2658,0.0817,-0.0675,-0.2148
45095.78913,1.4625,1.7783,-0.1379,3.9692,0.2863,4.5257
45152.51571,1.3509,-1.4877,1.2801,0.5268,2.2047,-1.7706
44600.72593,0.3205,-0.0224,0.0373,0.2765,0.2652,-0.2581
45166.99104,1.8868,2.2509,-1.9334,3.8544,2.343,5.2949
44625.66605,0.1109,0.3275,0.3863,2.0887,-1.3915,-1.7388
44391.12236,0.0478,0.1707,-0.0503,-0.2713,0.0491,-0.578
44590.02006,0.2424,0.6878,0.0576,0.1547,-0.809,0.1231
44819.7251,1.1569,-0.1772,-0.0209,-0.5074,-0.8236,0.0461
45457.08282,-1.8805,-0.7059,-0.1896,-2.9328,-2.1628,1.97
44515.31922,0.2628,0.1735,-0.1433,-0.6404,-0.2927,-0.3361
44917.91467,-0.2104,-0.1064,-0.0151,0.3657,0.2825,-0.0525
45443.2109,0.5354,-0.9718,0.7393,-0.4838,1.2985,4.0087
45480.03179,0.6772,-1.387,0.5403,-0.4508,0.825,3.2148
44687.91038,0.5277,0.1529,-0.4838,-0.2434,-0.2208,-0.0431
45027.26226,-0.025,0.2903,0.0396,4.6431,1.9173,-2.6253
44660.70875,0.1741,-0.2513,0.328,-1.1625,-0.3265,-0.2045
45221.50445,-0.3667,2.7705,-0.7758,1.3155,-0.8126,-4.1527
45375.72064,-2.3189,-0.4636,-0.3754,-1.2483,-1.6218,0.3077
45610.93967,0.3561,2.9935,-1.3958,3.5995,-2.5548,-5.6452
44981.30351,-0.3112,-0.4684,-0.3055,-0.4206,0.5583,-0.1638
44465.58772,-0.0978,-0.2131,0.344,0.3666,0.1743,0.2131
44849.33859,-0.162,-0.4556,0.1427,-0.2555,0.4394,0.5843
44975.57373,-0.2927,-0.0323,0.1918,-0.3506,0.1995,0.4294
45031.55454,0.0031,0.0507,0.0752,-2.0519,-0.1624,1.17
44589.95976,0.3159,-0.1862,0.2519,1.1862,-0.3149,0.9185
45103.20822,-1.0828,0.5754,0.255,1.6232,-0.1624,-2.4938
45307.99906,3.1204,2.903,-1.6781,-2.3584,0.1852,3.798
45476.65426,1.0064,0.2673,-0.1384,-3.2908,2.2161,-4.2109
44804.46595,0.0775,-0.6767,0.4369,-0.4848,0.0335,0.4419
45230.35049,1.6258,0.6776,0.2632,-0.9448,0.9239,-4.4603
44548.01057,-0.2274,0.453,-0.5333,-0.802,0.0523,0.4203
44446.7684,-0.1738,-0.1914,0.0128,-0.9936,-0.0289,-0.2362
44703.16983,-0.8415,0.1038,-0.6574,-0.9562,-0.157,-0.3035
44882.05845,-0.5955,0.1255,-0.3128,0.0321,0.3034,0.1152
45589.04633,1.0743,-0.6523,0.5265,0.0491,2.7703,-3.3479
45180.16957,1.0622,3.3766,-1.2961,4.0755,-2.2224,-5.3501
45499.3619,0.9263,2.8924,-0.8988,-4.9176,-1.3163,1.3438
44686.10095,-0.4686,-0.0715,0.4305,0.1882,0.135,-0.0474
44904.61575,0.2036,1.2232,-0.2902,-0.1722,-0.2057,-0.4654
44419.77534,0.3833,0.3349,-0.532,-0.975,0.0568,-0.1039
45085.65603,1.1245,1.8209,-1.1734,-4.1273,-0.6754,1.0887
44624.42957,0.0064,0.7327,0.2829,-7.6413,2.0324,2.9708
44627.32466,-0.4288,-0.5327,0.6192,0.074,-0.1148,-0.1499
44684.47249,-0.6092,0.5981,0.2047,-0.8521,-0.1263,-0.502
45392.39725,-1.4135,-0.5372,-0.1278,-1.9835,-2.1971,2.4512
44711.19158,0.417,-0.0405,-0.3125,0.0649,0.2981,-0.5747
45498.66833,-1.2687,-0.1299,0.1468,-3.2248,-2.1117,2.3754
44854.04295,-0.282,-0.1523,-0.0016,0.1126,-0.3928,0.6823
45511.0927,1.114,0.7069,-0.1921,-2.0012,0.6498,-4.5739
44620.99162,0.0227,0.2606,0.4579,-0.4795,0.2373,-0.3555
45188.37224,0.8109,-1.0159,0.8176,-0.6287,0.1008,3.3536
45321.64995,-1.0411,1.2026,-0.1764,-2.1723,1.7904,1.8465
44355.74505,-0.0033,-0.0027,0.0039,-0.0237,0.0259,-0.0046
44638.81466,0.3351,0.2698,-0.5473,-0.245,-0.2711,-0.0296
44634.77358,-0.3427,0.1541,0.2513,-1.5303,-0.3208,-0.3086
44586.00915,0.1989,-0.317,-0.6993,0.0173,-0.3571,-0.2877
45259.05976,1.4068,-0.8437,0.8059,0.177,2.434,-1.133
44526.53807,0.2034,0.7353,-0.4171,0.0138,-0.4156,-0.4753
44436.99664,-0.0909,0.0824,-0.2028,-0.6675,-0.3679,-0.234
44876.66036,0.0873,0.4385,-0.0882,-1.4915,-0.2475,-0.7744
44793.39853,-0.1121,-0.3495,0.4862,0.5271,0.1538,0.5874
45172.93194,-1.0045,2.4604,-0.2456,0.7978,0.1505,-3.5654
44355.4736,0.0086,0.005,-0.0013,-0.0229,0.0024,0.0017
45243.77032,0.2408,4.2487,-0.5425,5.333,-0.1786,-4.2241
45478.88584,-1.2691,0.4443,-0.08,0.5043,0.039,-2.9698
45399.78559,-1.4963,1.3681,-0.1452,0.5073,0.3571,-3.5995
45555.51275,0.5472,1.191,-1.0446,-3.2757,0.7937,1.5285
44678.98395,0.3777,2.8646,-3.1346,2.3681,-0.582,-1.7741
44727.65713,0.0559,0.3782,0.2036,0.2228,-0.0899,0.0044
45105.53042,-1.3446,-0.8558,0.2892,1.2753,-0.075,-2.0434
45382.71699,-0.6959,0.7717,-0.9134,-2.6415,-0.0434,2.5125
44576.8714,1.1128,0.6865,-0.4237,0.9694,-0.6515,0.1007
44722.07817,0.2108,-0.5464,0.5907,1.0611,0.2504,-0.039
44415.25128,0.4204,0.3327,0.205,-1.1766,0.1887,-0.6936
44474.15281,0.0088,-0.087,0.128,-0.6842,0.1635,-0.4836
45091.86853,1.4722,2.131,-1.0515,4.4934,2.1163,5.7262
45199.04774,-1.6735,-0.7834,0.3532,-1.9625,-1.5244,0.1492
45286.01988,-0.1324,3.1948,-0.6113,4.1169,-1.7446,-3.9635
45525.08519,0.2706,1.7838,-0.9505,-4.8981,-0.9016,2.1117
44586.79325,-0.2541,-0.2159,0.2555,0.9753,0.0571,0.1937
44817.67445,0.2396,0.0161,0.5345,0.2537,-0.0594,-0.4338
44419.1118,-0.3329,-0.2516,-0.4485,0.2953,-0.0541,0.4231
44905.64105,0.5807,-0.4478,-0.166,-0.0871,0.2707,-0.035
44907.17903,-0.1079,-0.2624,0.0012,-0.0556,0.1136,-0.2158
45208.18522,1.5292,-0.4997,0.7421,-2.7773,1.571,-2.7636
44813.87477,0.3722,0.3435,-0.1558,-0.0966,-0.082,0.0169
44519.90329,0.8736,-0.5364,0.2163,-0.153,-0.0453,0.1904
45012.03307,-0.0434,-1.0834,0.3287,0.7976,0.2856,1.638
45040.61162,1.3427,0.6924,1.0992,3.217,0.4207,-2.7003
45268.40834,-1.5216,-0.776,0.8978,0.3652,-1.6979,-0.831
44877.80634,0.1571,0.062,-0.3228,0.3013,0.0802,-0.4177
45044.31087,-1.5445,0.1362,-0.9956,-0.3609,-0.8114,-1.1173
45424.15205,0.526,1.7485,-1.2428,-2.6448,-0.8026,0.8308
44582.96323,0.1934,0.4069,0.14,-1.3008,-0.3175,-0.8292
45275.2539,0.8143,-0.6155,1.0594,0.3164,0.6206,4.362
45320.25773,-0.5725,-0.3986,0.3163,-2.2824,-2.6196,0.9396
45505.93598,-1.6234,-0.7703,0.1908,-4.1804,-1.7977,0.2555
45626.58098,-0.0332,0.0083,-0.0263,0.1097,0.2101,0.1103
45071.36164,1.685,-1.5081,0.6029,-1.5025,2.1091,-1.6766
44682.21073,0.157,0.0404,0.2452,-1.1132,0.2225,-0.5714
45172.50976,0.7255,-0.6577,0.6659,0.2401,0.5031,4.5899
45269.43368,2.0168,0.8002,0.0715,-1.0513,0.5069,-4.8112
45428.49456,0.5334,2.7469,-1.3728,3.1271,-2.0706,-5.0154
45042.76283,2.2474,2.1625,-1.6391,1.0627,-1.8713,-4.4262
45571.0733,-0.4476,4.0208,-0.6098,3.4012,-1.8676,-4.4071
45508.95159,1.3735,1.6449,-0.0319,3.377,1.0761,6.4934
45587.53852,0.5521,-1.155,1.0612,-0.3686,1.1449,2.7339
45449.15171,-2.0051,-0.8152,0.0883,-0.9824,-0.5273,-1.3299
45216.2823,1.2927,0.4763,0.0366,0.4273,3.0458,2.0229
44702.35558,-0.736,-0.653,0.2749,0.236,0.0749,0.7865
44929.82639,-0.1268,-0.0066,-0.3426,-0.5217,-0.1941,-0.5193
45362.57241,1.0869,-1.8613,0.7453,0.2545,2.6117,-0.5904
45168.16718,0.1972,4.3658,-1.1675,4.611,-1.2206,-3.7665
44566.22578,0.1686,-0.0336,-0.0076,0.5848,-0.2104,-0.596
44983.50493,-0.3352,-0.3251,0.2078,-1.3671,0.1085,0.7119
44704.07455,0.5349,-0.0437,0.1446,-0.4196,-0.2584,-0.0404
45013.93295,0.0323,-1.2539,0.2569,9.8818,2.644,0.5742
45122.7808,-1.7274,-0.5451,0.656,-1.0188,-2.7791,1.2406
45216.16166,1.7088,1.3541,-0.1409,2.657,2.1849,1.384
45534.88597,-1.2879,-0.3092,0.1969,-2.5108,-1.3097,1.6946
45505.42332,1.4682,0.5678,0.0283,-0.5499,0.3002,-4.4367
44667.88616,0.6594,0.0925,-0.2027,1.5734,-0.1133,0.6552
45107.94311,-0.7165,3.3379,-0.7234,2.4411,-0.6995,-3.7749
45018.54693,0.0508,-0.3233,0.4085,0.4398,0.5223,1.143
44515.71129,-0.3963,0.1578,0.0101,-0.4794,-0.376,-0.2906
45101.12723,1.0233,-1.6481,1.0965,0.0584,2.2729,-0.0508
45415.0448,1.221,-0.2583,0.1282,-2.6362,2.5342,-3.336
44956.63529,-0.1111,0.1135,-0.8854,-0.1653,0.2071,-0.5511
44430.7535,-0.9011,0.5355,0.3454,-2.0062,0.3302,-0.1792
44719.51482,-0.3569,0.4587,-0.2714,-0.679,0.1434,-0.7276
44503.28606,0.0494,0.0334,0.2144,0.2771,-0.0753,0.2175
45014.77731,0.4342,0.5012,-0.0188,-10.5203,-1.1786,2.988
44491.64487,-0.3936,0.8286,-0.2134,-0.3045,-0.077,-0.748
44810.58768,-0.5345,0.2557,0.2879,0.7719,0.0291,-0.2967
45202.90779,0.3342,1.2809,-0.7926,-5.0599,-0.3456,1.9809
45382.89793,-2.2684,-0.5349,0.0964,-0.2548,-0.8341,-1.1676
44461.45591,-0.3003,-0.0153,0.1471,-0.3684,0.0211,0.1682
44438.35386,0.1175,-0.3015,-0.0587,-0.0745,-0.0337,0.012
45018.2755,0.2828,0.0233,0.0276,7.1542,-0.851,-2.5005
45579.21543,0.4025,3.6709,-1.2164,3.3894,-1.0111,-5.0543
45095.75897,0.6322,-0.7382,0.5521,-0.0815,0.2695,4.1557
44764.81017,0.2226,-0.522,0.3757,0.141,0.278,-0.0143
44513.02717,0.3829,0.2049,-0.0235,-0.5253,-0.3471,-0.1043
45072.53777,-1.0512,-0.6371,0.2445,-3.6198,-2.4258,1.3682
44784.71348,-1.0561,1.0167,-0.2618,-2.9629,-0.8712,-0.7136
44605.4908,-0.973,-0.3138,-0.1563,-0.8923,0.3481,0.6566
44694.4846,-0.9914,0.2329,-0.2704,-1.6945,-0.4754,-0.4116
44809.44175,-0.0773,0.3112,-0.6461,-0.4836,0.1371,-0.5617
44600.60529,-0.6817,0.5547,0.3074,0.4573,0.7426,0.0965
44564.74807,0.9733,-0.1308,0.9547,-1.5908,-0.6922,0.5132
44393.47493,0.4166,0.4022,0.0258,0.0206,-0.0704,-0.4704
44741.7102,-1.2926,-0.5602,-0.3998,-2.0406,-0.8385,0.9906
44802.44546,0.0314,0.0895,0.1844,0.7573,0.0013,0.2144
44876.75085,-0.0311,0.0581,0.0267,0.328,0.2893,0.093
44365.87864,-0.0674,-0.0971,0.5264,-1.2939,-0.6125,-0.6046
44556.36424,-0.0542,0.097,-0.0814,-0.6663,-0.4596,0.2006
44790.1718,-0.1551,0.1832,-0.3849,-0.3327,0.0254,-0.5709
44884.59165,-0.0293,-0.0519,0.1373,0.6854,0.224,-0.1445
44967.79332,-0.0217,-0.2839,0.099,0.4316,0.5521,-0.4814
44441.1587,0.0604,-0.2219,0.5579,0.0637,-0.2616,0.1303
44526.11584,0.0755,-0.0164,-0.217,-0.36,-0.0996,-0.3514
44526.29681,0.6138,-0.3022,0.2959,-0.0748,0.1955,-0.2751
44591.31681,0.0526,-0.2978,-0.0437,-0.9868,0.2305,-0.4086
45243.64968,-1.1937,-0.8404,0.3068,1.1248,-0.5506,-1.2589
45343.03099,-0.9081,1.198,-0.9184,-1.6349,-0.4083,2.5506
44600.18311,0.0603,0.5182,0.0892,-2.3402,-0.0732,-0.6811
45380.69652,1.1886,1.6012,-0.7009,0.6996,-1.1668,-5.4236
45512.51003,-1.5388,-0.8452,0.4756,2.1279,-0.305,-1.9884
44516.55571,-0.2082,-0.2678,0.051,0.7345,-0.1922,0.7745
45544.65654,-1.5815,-0.5114,0.2904,1.7183,-0.2165,-1.4974
45437.39071,0.9117,0.0296,0.0348,-3.1103,0.8539,-4.1032
45597.09798,0.0942,3.7971,-0.8516,3.56,-1.1447,-5.4957
45343.24208,-1.7569,-0.7097,0.2767,0.6391,-0.6844,-2.0071
44838.96483,-0.1249,0.0448,0.183,0.8096,0.1169,-0.1911
44373.78042,0.0718,-0.3476,-0.0006,-1.0425,-0.4491,0.7093
44451.62406,-0.2389,-0.1477,0.1501,0.1516,0.2363,0.3673
44813.48273,0.106,0.4525,0.0549,-0.616,-0.1388,-0.2419
44860.16469,0.2131,-0.1477,0.0321,0.0423,0.1069,0.0944
45615.86019,0.371,0.3741,0.0501,-1.2329,0.512,0.4916
45465.4663,1.0016,-0.3546,0.3004,-2.9266,1.0293,-4.2845
45214.43268,-1.1594,-0.438,-0.6867,0.2298,-0.8206,-0.6235
45575.95857,0.1839,3.4701,-0.8107,4.1464,-1.0402,-5.7359
44835.07464,-0.1295,0.2847,-0.4082,-4.9194,1.6397,1.8996
45621.66541,0.3078,0.0599,-0.0884,0.6742,1.609,0.8958
44595.29761,1.5877,-0.7521,-0.2996,-0.7248,0.0508,-0.0738
44469.56868,0.9282,0.2183,0.0367,-0.7963,-0.4927,-1.0031
44999.91012,0.0446,0.3324,-0.0425,0.434,-0.3738,0.4903
45381.20915,-1.4823,-0.2221,-0.354,-2.803,-2.1257,2.4058
44632.96414,-0.332,0.2963,-1.1328,-0.0676,-0.2666,-0.5245
45016.31534,0.202,0.0914,0.7054,-1.8133,1.2294,-0.8472
45039.97834,0.4787,0.1489,0.0629,1.7023,0.1632,0.5772
45535.60971,-0.2039,1.4928,-1.1565,-2.1837,-0.0242,2.6822
45584.4626,2.5417,3.2435,-2.4386,-4.5037,0.3273,3.6979
44428.73281,0.228,0.2255,0.0381,0.5479,0.1818,-0.4112
45307.33559,-0.4132,0.2025,0.2179,-0.6561,-1.5561,2.2673
44513.53989,0.0747,-0.0386,0.3459,0.2539,0.0394,0.1691
45457.4447,1.1724,-0.9105,0.4018,-0.0751,2.2589,-1.6149
45312.40192,0.4821,4.1226,-0.8849,1.3373,-1.869,-5.4793
44719.63546,0.1795,0.1772,-0.3851,1.8129,0.0799,0.8377
44422.42941,0.3334,-0.0697,0.0987,0.2116,0.1501,0.4545
44804.52625,0.4334,-0.3623,-0.4315,1.2048,-0.3952,1.073
45061.19874,0.9343,1.6811,-0.5557,0.4446,-1.3049,-5.3447
44733.80912,-0.0362,0.1541,0.2298,-1.1464,0.0344,-0.8617
44793.63977,0.0493,-0.1661,0.0879,0.8926,-0.1143,0.649
45097.56849,-1.0633,-0.3006,0.1188,-4.1737,-1.6811,2.4085
44807.02926,-0.1059,-0.1755,0.0685,-0.8227,0.1604,-0.4368
45014.32498,0.2983,-0.1027,0.4416,-0.736,2.8809,-1.1993
45125.07274,-1.1684,-0.4424,0.0714,-2.9627,-2.3286,1.8832
45202.09356,0.5336,1.5975,-0.7592,-2.8008,-0.2778,2.226
44730.73316,-1.1176,0.291,-1.009,1.109,-0.4026,-0.1775
44961.76196,-0.2323,-0.1457,-0.0853,-1.0585,-0.2792,-0.1687
44743.18786,0.0797,-0.4514,0.504,-0.9606,0.3044,-0.1364
45312.28125,-1.4002,-0.8653,0.6724,0.6604,-1.3053,-1.3111
45386.69765,-0.2766,1.3217,-1.4834,-2.4829,0.4983,2.3659
45449.21204,-1.3992,0.0996,-0.0395,2.234,0.611,-2.666
45548.72766,-0.4867,3.4543,0.0058,1.0003,0.0272,-5.3095
44561.43075,0.1254,0.2681,0.1646,0.8798,0.5924,-0.7597
45573.60641,1.3862,1.4623,-0.3297,-0.2479,-1.2491,-5.2137
44356.9816,0.014,-0.0198,-0.0073,-0.04,-0.0106,0.0454
45292.98098,-0.9767,-0.7307,0.5123,-1.3555,-2.3865,0.7179
44907.23936,0.0349,-0.082,-0.1343,-0.1686,-0.2021,-0.0258
45625.10329,0.0986,0.1548,0.0762,1.6249,-0.1003,-0.8901
44778.01873,0.2384,-0.4176,0.2067,-0.1951,0.0015,-0.112
45333.65228,-1.5538,-0.3568,-0.2555,-4.4864,-1.4359,1.6932
44963.20948,-0.1397,-0.0825,-0.4085,-0.2284,-0.0437,-0.0257
44651.23945,-0.737,-0.4616,0.2382,-0.9181,-0.3144,-0.4383
44742.10224,0.9639,0.2562,0.945,1.7774,0.3544,-0.2994
45127.57579,-1.445,-0.7529,0.5258,2.3829,-0.667,-1.5084
44892.58325,0.5481,0.0882,-0.5695,-0.5676,-0.3347,-0.0337
44649.24907,-0.297,1.4381,-0.9587,0.6639,-0.0549,-1.4279
44395.46556,0.2538,-0.5301,-0.1295,0.6214,-0.001,0.2421
45334.22525,0.5345,-0.8885,0.2032,1.0662,1.0526,5.2293
44666.1069,-0.0481,1.5562,1,1.7307,0.9786,-0.3418
44816.46819,0.0968,-0.1142,0.4515,0.3637,0.4326,0.0374
44384.33625,0.1176,0.1953,-0.1203,0.1939,-0.0053,-0.1211
44870.80989,-0.0483,-0.0162,0.0135,-0.0196,-0.0798,-0.2204
45610.06517,0.273,2.8481,-0.7031,3.3465,-0.8877,-6.2663
44838.12044,0.3703,0.7215,-0.1923,-0.0419,-0.0264,-1.0286
44938.87327,0.0279,0.0762,-0.0659,-0.0544,0.1802,0.22
44968.9091,0.0238,-0.2481,-0.1588,1.6207,0.3696,0.2685
44736.85496,-0.9376,0.6676,-0.6494,1.1896,0.761,0.1725
44584.44094,-0.3678,0.5354,0.2906,0.2025,0.0157,-0.1114
45064.45568,1.0281,-1.9134,1.1838,-0.0329,1.0337,2.1773
45322.55465,-1.3019,-0.6743,-0.3675,-3.4915,-2.6083,0.9092
45553.94463,-0.512,1.0165,-0.7101,-0.203,-0.6895,2.3717
45191.41806,1.1754,-0.8494,0.8506,-1.1795,2.7203,-2.2974
45246.69548,-0.8083,-0.4163,0.3016,-2.7215,-1.8348,2.1289
45158.00426,1.7031,-0.1746,0.2453,-3.9946,1.8773,-3.4881
44418.23717,0.2666,-0.4977,0.409,2.3105,0.5142,1.0834
44747.65105,-0.1367,-0.4846,-0.4838,0.44,-0.0501,0.1344
44757.27101,-0.8252,0.1427,-0.4901,-0.8958,-0.2114,-0.1958
45122.2681,2.5272,0.7952,-0.2536,-4.0713,0.335,-6.3864
45559.25209,1.4837,-0.8972,0.5484,-0.1409,2.9214,-1.4613
45569.71626,1.002,-1.7634,0.9077,0.229,2.3106,0.8876
44534.77121,0.6514,0.2078,-0.0367,1.6526,0.1302,0.1224
44378.48532,-0.0298,0.0041,-0.0558,-0.0974,-0.0773,0.001
45016.73752,-0.0504,0.6378,0.2431,-6.8653,-1.7041,-0.8435
45208.51695,-0.1961,1.1949,-0.609,-4.639,-0.1341,2.8183
44703.89361,0.6957,-0.4066,-0.4839,0.4578,0.1423,-0.0663
45212.377,1.3834,1.4048,0.2525,3.6763,0.5837,3.8077
44645.69053,0.132,0.0054,-0.0232,-0.1036,-0.1726,0.1606
44517.00811,-0.0759,-0.3322,0.2743,-1.3684,0.6108,-0.295
45190.66414,1.5038,-1.368,1.2141,-0.4077,1.96,-1.5533
45507.68506,-1.7598,-0.6701,0.3488,-0.254,-0.4384,-2.0738
44576.6,0.0316,0.0359,-0.8791,1.072,-0.2099,0.4528
45111.24039,-1.3864,-2.576,-0.2332,-0.0848,1.4691,-0.0142
44594.8754,0.1278,0.5382,0.5105,-1.3995,0.1478,-0.8633
45152.09352,-1.1529,-0.4689,0.2382,-2.9042,-1.8326,1.9319
45386.0342,-2.0298,-0.6141,0.0769,-1.4526,-2.0627,0.7566
45545.07872,0.5735,-0.9016,0.732,-0.7334,1.0921,4.3919
44785.82928,-0.2112,0.1479,-0.4295,-1.0691,-0.1215,-0.1023
45470.65316,0.1904,1.5306,-1.2359,-2.9744,0.4686,1.704
45395.44305,1.9392,2.3653,-2.8589,-2.7407,0.8349,2.705
44687.30721,0.3634,-1.5156,0.2763,0.9288,-0.7937,-0.0202
45168.70998,-0.869,-0.2734,0.2791,-2.5881,-1.7054,2.3408
44497.2845,-0.0448,0.1101,0.5651,-0.4141,0.3011,-0.1742
44574.2477,0.9065,-0.7109,-0.3944,-1.3662,-0.0214,-0.1564
44669.27337,0.505,-0.4346,0.4999,1.0786,0.0897,1.023
44933.41499,0.1086,-0.6573,0.6804,0.0516,0.599,-0.8688
44833.29543,0.2477,-0.2374,0.2815,0.6066,0.6579,-0.1318
45232.2202,2.6046,2.1561,-1.8143,0.9808,1.6076,5.3595
45343.42303,0.967,0.3452,-0.3652,-2.6194,0.5319,-4.8836
45443.96481,0.7814,-1.2838,0.8142,-0.734,1.4262,2.6125
44426.16924,0.0593,-0.2499,0.0426,0.887,0.2553,0.6882
44733.86945,0.3205,-0.4083,0.1114,0.3105,0.3659,0.3128
44850.42421,0.0934,0.0012,0.1087,-0.3716,0.0409,-0.4638
45312.07016,0.2758,1.4876,-0.9513,-3.8991,0.011,2.4556
44569.45268,0.3415,-1.0215,1.0574,1.5412,-0.0024,2.377
44663.75464,-0.1909,0.0058,0.3784,1.1911,0.3605,0.1855
44777.11403,3.4237,-1.3698,-0.8968,1.9246,-2.3363,3.7633
45327.74157,1.1547,-1.5843,0.268,0.7996,2.0914,-1.6257
44858.56637,0.1129,-0.0718,0.0058,0.9137,0.0678,0.552
45580.18042,0.9363,-0.9271,0.6745,-0.1063,2.6377,-1.2196
44614.11576,0.0628,-0.2058,0.0936,1.0226,-0.0525,-0.2381
45344.62927,-1.0828,-0.1663,-0.2659,-2.1639,-1.0145,2.7058
44609.35092,-0.3597,0.1541,0.3738,1.6885,-2.8528,-2.5663
45354.76184,2.1461,1.528,-2.3114,0.5336,1.299,4.347
45495.89397,0.9056,-1.4821,0.4402,0.5128,2.9015,-1.5098
44779.43608,1.4043,-0.1066,-0.1717,-0.0549,0.3478,0.3999
45232.19005,1.7984,2.0344,0.0488,3.6906,1.0365,5.4636
44426.89307,-0.078,0.0969,0.3021,0.3209,0.147,0.0257
44726.5112,-0.1549,-0.0919,0.4522,-0.8869,-0.1881,0.1574
45361.18521,1.0888,2.6483,-1.6911,-4.6348,-0.0588,1.9012
45604.45608,1.1772,0.7304,0.0695,-3.0915,0.0603,-4.1134
44620.75038,-0.0924,0.9085,0.153,-0.7321,0.2193,-0.018
44909.01857,-0.216,-0.0397,-0.1196,0.1064,0.3274,-0.3563
44730.91408,-0.1715,-0.5627,0.0019,-0.5333,-0.021,-0.1821
45518.60163,1.8645,2.0041,-1.1618,4.2443,2.6161,5.552
45007.60003,-0.2606,0.502,-0.2136,9.5928,4.4109,2.2128
44519.96359,-0.0529,-0.1601,0.0806,-0.1124,-0.1586,-0.3227
45188.10082,0.9009,4.2816,-1.0665,2.4456,-1.6473,-5.2335
45274.71109,-0.8765,-0.3869,0.4913,-3.7955,-1.7066,1.5894
45460.06828,2.2688,1.2968,-2.2149,1.0399,1.6552,4.3706
45519.35554,0.6621,-0.8654,0.4817,0.962,0.3287,5.7617
44960.22396,-0.1018,0.3048,0.0121,-1.1457,-0.0793,1.0296
45140.78464,0.8313,1.6462,-0.9463,-1.5183,-0.181,1.1823
45163.61346,1.3502,-1.1565,1.0418,0.3454,3.1056,-1.0582
45179.62676,0.9565,-1.042,0.956,-0.7506,1.3772,2.9341
44975.8753,0.5552,0.0973,0.0153,-0.011,-0.4819,0.3499
45103.35901,1.7464,0.5726,0.1329,-1.6035,0.3904,-4.8555
44601.44972,0.1039,0.0165,0.2373,-1.0848,-0.4648,-0.3423
45103.93201,-1.8956,-0.8453,0.3842,1.464,-1.2031,-0.66
45606.95905,0.9215,-1.8117,1.1262,-0.5424,3.0046,0.8373
44396.18944,-0.1703,0.2969,0.0973,-0.6123,0.1038,-0.1812
44520.35565,0.357,-0.3911,0.4056,-0.0359,0.1492,0.4102
44944.45215,-0.8014,0.3684,0.0872,0.1793,-0.228,0.2515
45447.88514,0.7348,-1.5025,0.7134,1.067,2.6258,-0.7347
45582.83417,2.7971,3.1335,-2.3004,-5.6156,-0.5144,4.0389
45437.72243,0.062,1.3647,-1.317,-3.7944,0.3119,1.4334
44398.78334,0.0311,0.0995,-0.2053,0.8916,0.302,0.2715
45176.09843,-1.1629,0.7566,0.2878,1.6559,0.4444,-2.8968
44807.42128,-0.1111,-0.2209,-0.4621,-1.5476,-0.1912,-0.2136
45614.07591,0.0845,1.5335,-1.4223,-1.8723,0.2256,2.801
44979.6147,-0.4291,-0.7799,0.3153,-0.8811,-0.5277,-0.688
45237.13578,-0.7217,-0.1348,0.2852,-1.6591,-0.9533,1.7871
45290.07591,-0.3203,-0.4289,-1.2088,-1.003,-0.6849,-0.5556
44533.92678,0.0935,-0.1623,-0.0066,0.7687,0.3343,0.1046
45139.54823,0.7038,3.8579,-0.8465,2.7842,-2.1686,-4.9663
44514.38431,0.5732,0.1468,-0.0709,-0.2295,-0.2162,0.2468
44641.70975,0.2028,-0.1874,-0.2994,0.3719,0.0927,-0.087
44397.06415,-0.2293,-0.1941,-0.2943,-0.5922,-0.3945,0.3799
45109.45101,-1.4663,-1.082,0.1577,0.7209,-2.1121,-1.2657
44419.02135,-0.0413,-0.3859,0.2479,-0.1253,0.6649,0.3691
44623.64548,-0.2412,0.0081,0.4711,2.7032,-1.7896,-1.5677
45321.07698,-0.4249,0.2557,0.1052,-1.9215,0.6838,0.0331
44649.33953,0.0984,-0.3035,0.2424,1.1427,0.333,0.1724
44994.75332,-0.4652,-0.1973,0.2881,-0.9055,0.5997,0.8959
45087.9178,0.8719,-0.384,0.4425,1.0305,0.9839,4.6662
44855.06831,-0.3631,0.1806,-0.7213,0.0174,0.0038,0.3685
45101.76058,1.2688,1.7264,-0.612,1.2505,-1.6315,-5.6092
45138.67364,-1.4095,-0.0875,0.4245,2.8576,-0.3618,-1.8157
44386.71889,0.2699,0.0563,-0.242,0.8449,0.2206,0.6473
45181.28539,1.1948,0.3956,0.3852,1.8184,0.4572,4.9263
45291.26209,-0.5309,0.8084,-0.0938,-1.7517,1.7785,5.6974
45428.19301,-0.8551,0.2541,-0.6472,-1.8242,0.0103,1.7117
45310.14018,1.6054,0.0473,0.442,-3.5258,3.1971,-2.6327
45338.41702,-1.5479,-0.2838,-0.2621,-3.4857,-1.9685,1.5558
45447.97559,0.6556,-1.3072,0.6787,-0.1039,1.5404,2.9789
45516.37005,-1.4966,-0.2208,0.0895,-1.0299,-1.59,1.1842
45622.44949,-0.1541,-0.2226,-0.0654,-1.1347,-0.8242,-0.5536
45151.58085,1.6301,1.2204,-0.3884,0.4667,-1.5913,-5.0056
45061.98283,1.1563,1.1075,-0.1773,-0.1759,-0.2678,-5.2158
44527.20155,-2.1771,0.8253,0.069,-0.8803,-0.8773,-0.4381
45266.81006,-1.3151,-0.6673,0.5831,1.614,-0.7471,-0.7944
44936.91312,0.0112,0.0698,-0.0511,-0.3385,-0.2036,0.1569
44908.83764,0.1243,-0.1516,0.3726,0.5734,0.1296,0.1648
44745.69087,0.4635,0.1001,0.2312,1.2337,0.2923,0.4567
44512.6653,0.4542,0.2117,-0.2236,-0.2748,-0.3704,0.0167
44966.19503,0.1468,-0.2356,0.1822,0.2625,0.547,-0.3983
44580.64111,-0.45,-0.3197,0.335,0.4073,0.239,0.7302
44904.01263,-0.1098,-0.0093,-0.0942,-0.6939,0.0339,-0.2921
45327.37969,-2.2467,-0.942,-0.1168,-2.6844,-1.7605,0.1947
45416.43199,-1.7686,-0.7529,0.2021,1.5937,-0.5455,-1.5641
44497.79721,-0.127,0.0281,-0.1046,0.5039,-0.0817,-0.1138
45259.874,1.3743,-0.7058,0.946,-0.5961,2.0449,-1.5016
45549.30059,-1.2664,-0.3765,0.2696,-3.6556,-1.4967,1.881
44821.98681,0.2242,-0.6605,0.9464,0.853,-0.0152,0.5481
44943.93952,0.2384,-0.251,0.1101,0.7499,0.1261,0.4035
44869.3322,-0.0106,0.0201,-0.3627,1.2554,0.3065,-0.4341
45268.9813,0.5123,1.4516,-0.8911,-3.5232,0.3797,1.6524
45600.17392,-1.7088,-1.0225,0.5359,-2.9998,-1.5334,-0.6907
45447.07089,1.1781,-1.0054,0.6912,-0.9704,2.0868,-1.106
44492.24802,-0.7279,-0.0956,0.1039,-0.0578,0.2658,0.4079
45164.45785,0.9503,-1.9713,1.043,-0.9187,1.8735,1.4669
44734.5932,0.555,0.1952,-0.1225,-0.7545,0.0964,-0.8297
44580.03796,-1.6679,0.2395,0.6174,-0.3551,0.6011,0.4538
44792.55416,0.363,-0.4507,-0.8842,0.9711,-0.0855,0.4279
45129.7773,-0.9304,0.226,-0.0285,-3.5726,-1.593,2.1981
45468.78348,0.8717,-1.7683,1.0813,-0.5868,2.3587,-0.4971
44641.34787,0.0817,0.0339,0.4669,-0.6277,-0.1428,0.0639
44923.0111,-0.2509,0.0695,0.0521,-0.0706,0.2071,0.0448
45128.96305,-0.4648,0.8487,-0.2428,-2.3365,-1.1736,2.006
45132.18988,-0.9747,-0.2645,0.1453,-3.0934,-2.237,1.6709
44557.08803,-0.1086,-0.0049,0.0685,-0.5348,0.0032,-0.1124
45611.18091,0.7757,-1.5038,1.2281,2.0224,2.5879,0.3048
44505.24637,-0.004,0.0479,-0.083,-0.2903,-0.0876,-0.2689
45596.49485,1.0567,-1.5906,0.9963,1.4445,2.5836,-1.0907
44561.9736,0.033,0.2841,-0.0122,0.0063,0.0182,-0.1854
45144.2527,-0.7606,3.0174,-0.2417,1.708,-0.3486,-3.1829
44742.34348,1.659,0.3736,-0.0846,-1.685,-0.1338,-1.3781
44501.05431,-0.6377,0.6625,-0.0683,-0.1716,-0.0126,-0.7206
45181.64727,-1.0796,-0.5914,0.5608,1.8195,-0.4359,-1.9898
45520.803,1.2746,-0.983,0.3625,-1.424,3.2397,-1.5184
45566.42925,1.1836,-0.5483,0.8447,-4.0998,1.5812,-3.2145
44756.99962,-0.0991,0.3779,-0.5783,-0.4462,-0.1053,0.073
44862.87874,0.0918,0.0716,0.1304,0.1097,-0.0957,-0.0129
44991.76782,-0.2544,-0.1472,-0.1409,-0.6814,-0.6325,0.5137
45212.95,1.7332,-0.0096,0.468,-2.4768,1.3456,-4.1393
45519.20475,1.0468,-1.5731,0.5764,0.0964,2.4301,-1.2978
44493.7861,-0.0099,-0.0292,0.127,1.2577,0.3124,0.4987
44800.69641,0.1017,-0.3075,0.2316,3.3835,0.8382,0.6689
45618.07675,0.8884,0.2298,-0.1943,0.6134,1.7593,5.126
44376.46461,-0.043,0.1456,-0.1222,0.1219,-0.2557,-0.3348
45030.34324,-0.253,-0.3257,0.0803,-1.393,1.5422,1.9997
45333.47134,2.015,1.5103,-2.0801,0.366,2.7847,4.1193
44408.22384,0.0149,0.3157,-0.509,-0.6983,0.3969,-0.5406
44555.76109,-0.1596,-0.0521,0.0309,-0.0997,0.045,-0.1158
45318.44329,2.0873,2.1727,-2.4295,-3.6543,2.7901,6.4031
44717.34356,-0.4921,-0.2576,-0.5367,0.3616,0.2365,0.1375
44374.17248,-0.3161,-0.4575,-0.0002,0.3551,-0.2214,0.1395
44944.66324,-0.4596,-0.2296,-0.1992,0.1204,-0.1724,0.2796
45012.00292,-0.0003,-1.2307,0.1567,0.1673,0.2678,0.5589
45531.68943,-1.5774,-0.6557,0.0651,-0.3685,-1.6522,0.4049
44747.25902,0.6833,-0.5442,1.4358,1.4951,0.0457,0.2328
44928.46937,0.2851,0.1553,-0.3707,-0.4127,-0.2183,-0.6466
44367.38661,-0.0708,-0.0728,-0.0627,-4.3353,-1.1528,1.7758
44589.32645,1.3209,-0.3666,-0.4946,0.2986,-0.0344,-0.1972
45047.71861,0.7297,1.8182,-0.9074,-3.0614,-0.3697,1.0912
44405.75067,-0.2887,0.028,-0.0674,-0.7641,-0.4948,-0.0094
44681.84882,-0.1429,0.0139,0.4539,0.3964,0.041,0.1308
45516.6716,1.25,1.0643,-0.419,0.0856,-1.6646,-4.9521
45416.10026,1.5799,2.3252,-0.9739,2.8662,2.554,5.5936
45371.64951,-1.0431,0.2327,-0.5622,-3.1812,-1.2082,2.1908
44911.97388,0.1464,0.1262,0.3844,-2.7465,1.8336,2.3563
45005.1272,-0.0369,-0.1874,-0.0641,-0.9149,0.0954,0.6055
45459.22391,1.3908,1.7144,-0.2877,3.5072,2.4935,6.0635
44769.09241,-0.0809,0.2754,0.3029,-0.3015,0.2723,-0.1187
45293.37305,1.4647,-1.2107,1.2886,0.8607,2.3841,-0.6811
45263.97532,1.0226,-0.6063,1.1709,-0.7853,1.9712,2.7695
45041.85813,-1.762,-0.8641,0.4566,-0.3708,-1.7812,-1.1095
45280.10912,1.9646,2.9472,-1.4603,-4.6767,-0.098,2.8859
44716.13729,-0.3339,0.0513,-0.4274,1.0526,0.0544,0.3831
45004.10189,-0.0945,-0.0742,-0.0004,1.2873,0.0076,0.3338
45051.45807,2.5701,2.4922,-1.0721,-1.7338,0.6866,3.9266
45120.57928,-1.406,-0.4034,-0.2672,0.9064,-4.6234,-3.9945
45175.88731,-0.7047,0.3163,-0.1045,-0.3042,-1.1948,2.3069
45325.77135,-1.5037,-0.3745,-0.1101,-3.9164,-2.2899,1.7068
44982.08757,-0.1393,-0.8493,0.1344,-1.3003,0.2246,-0.439
44731.72829,1.1566,-0.9603,1.0418,-1.6174,1.1556,-0.3106
45480.81584,0.5609,-1.4842,0.6297,-0.3175,1.066,3.3334
44518.15412,0.1142,0.0943,-0.0037,-0.1591,-0.0547,-0.0011
45288.23137,0.1133,0.5538,-0.2088,0.1847,-0.2641,0.3903
44984.74136,-0.4521,-0.3232,0.31,0.0402,-0.4244,-0.1641
45144.52412,1.0118,-1.7636,1.161,0.4245,1.888,0.7093
45175.43498,1.4437,1.4785,-0.3607,0.7855,-0.8586,-5.4083
44838.06013,-0.3033,-0.47,-0.478,0.8382,-0.2849,-0.346
45063.33991,-1.5379,-0.9341,0.1219,2.2056,-0.1658,-1.5937
45067.10951,-1.3522,-0.9169,0.2184,-2.7774,-2.447,1.0461
44817.49351,0.1092,0.402,-0.3077,-0.4594,-0.0836,-0.1429
45450.29762,0.9985,-1.8063,0.8328,0.471,2.1203,-0.9018
45534.91612,-1.5792,-0.5551,0.3084,-2.1986,-1.2743,0.9455
45610.84922,-1.4529,0.1885,-0.0057,2.7893,-0.1514,-2.6046
44961.21914,-0.1957,0.0121,-0.1778,0.9114,-0.2045,0.2141
45309.26562,1.3983,1.4778,-0.128,-0.4497,0.9065,-5.431
45140.24182,-1.4621,-0.632,0.3449,1.4627,-0.7333,-1.4908
44794.3334,0.3531,-0.2634,0.2729,0.2941,-0.1612,0.5762
45494.23534,0.8117,-0.7025,0.4672,-2.698,2.299,-2.7656
45594.83627,1.248,-0.4051,0.4165,-3.8511,1.9801,-2.6443
45488.74692,0.4123,-1.5862,0.8103,-0.1374,1.9389,1.9925
44384.93943,-0.0349,-0.1022,0.0176,-0.3217,0.0958,0.1453
44817.55381,0.6472,0.1264,-0.289,-0.0038,0.0528,-0.4323
45551.98449,1.0544,0.4387,0.3346,-1.3189,1.6511,-4.0062
44442.8175,0.0938,-0.3318,0.2999,0.1045,0.3367,0.2418
44461.63688,0.2486,-0.0144,0.0197,-0.4925,-0.0639,-0.3064
44909.83278,-0.3049,0.0772,-0.0072,0.1097,-0.2828,0.3515
44742.01175,-0.2064,-0.5955,0.3312,-0.7534,-0.4294,0.2071
45195.82094,-1.6071,-0.8225,0.3317,-2.5084,-1.5765,0.5182
44563.90366,-1.3587,0.5541,-0.9978,-0.3922,0.5769,0.583
45300.82176,1.0373,2.1097,-1.0814,-2.0375,0.1379,1.7905
45295.51419,-0.8811,1.7763,0.1777,-0.0227,0.349,-2.7724
45383.28996,0.7344,-1.6648,0.6568,0.2692,1.159,1.9005
45378.37445,1.1748,0.2729,-0.2458,-2.9193,0.7241,-3.8301
45621.33369,-0.3801,0.0154,-0.0218,0.1381,-0.3325,-0.2274
44984.80166,-0.119,0.2112,0.0241,-1.0038,-0.7523,0.122
45423.30767,2.7872,2.4505,-2.1388,-2.603,-0.6645,3.9026
44738.90563,2.3131,-0.137,0.6139,0.2406,-0.7695,-0.4477
45622.60028,0.1651,0.125,0.4113,-0.7468,-0.0902,0.2759
45123.65535,-1.6599,-0.66,0.7049,1.3572,-0.7489,-1.4707
45187.46755,1.3778,-0.7395,0.8925,-1.4802,2.2067,-1.7572
45619.19255,0.2849,-0.3586,-0.0301,-1.1935,-0.6099,-0.459
44506.30188,-0.3433,-0.2225,0.2598,-0.108,0.1137,-0.3271
44950.12152,0.5996,-0.2134,0.3072,0.3505,0.1683,0.275
45351.44462,0.8575,-1.8958,0.802,1.2992,2.2999,0.7841
44449.78433,0.2746,0.4087,0.0001,-0.5399,-0.4404,-0.3446
44974.66904,-0.1108,-0.0507,0.0686,0.2334,0.447,0.2224
44439.04753,-0.4214,-1.5631,0.5266,2.1268,-1.1128,1.5876
44396.00847,-0.1156,0.2315,0.4491,0.3934,0.0452,0.0432
44591.55808,0.4233,-0.4377,0.1274,0.4712,0.0754,0.6991
44753.19988,0.3941,0.326,-0.5993,-1.5381,-0.169,-0.3407
44986.24917,-0.2687,0.0581,-0.0447,-0.6408,-0.474,0.5855
45439.89371,1.1005,-1.3499,0.8026,1.0526,1.2971,-1.6933
45575.80782,-1.7987,-0.7746,0.1114,1.1017,-0.9696,-0.8652
44674.9429,-0.3789,0.5615,0.5351,-0.3124,0.6016,-0.4959
44862.27563,0.2128,-0.2107,0.1622,0.4863,0.1972,0.0016
45323.21807,1.4266,2.2352,-2.4614,-1.3775,-1.4756,2.5761
44716.92138,-0.2389,-0.0966,0.0617,-0.1867,-0.1296,0.3384
44448.90971,-0.3818,-0.7163,-0.6763,1.8801,0.5448,1.6061
44806.51659,0.0805,-0.1588,0.3139,0.4119,-0.082,0.4561
45010.10304,-0.0394,-0.0542,-0.3078,-3.4884,-1.767,-0.0289
45438.26525,1.085,-1.5675,0.5585,1.0964,2.0327,-1.8514
44688.66428,-0.0439,0.9057,0.1758,-0.4766,-0.323,-0.5897
45276.2491,-0.5031,0.0487,0.5484,-4.7593,-0.6027,2.0371
45328.04314,-1.0098,0.6506,-0.7692,-2.7062,-1.1649,3.2409
44632.72287,-0.2237,-0.837,0.0342,2.1033,0.2484,1.9892
44530.21737,-1.6739,-0.2381,0.1557,0.1458,-0.0291,0.5984
44763.81501,-0.1707,0.5346,-0.1128,0.0423,0.1288,-0.3182
44797.95214,-0.4545,0.3571,-0.4274,-0.7847,-0.2927,-0.4316
45491.18959,0.4148,-1.2398,0.3366,0.6114,0.1308,4.2474
44504.43204,-0.9537,0.1261,-0.5459,0.726,0.3907,0.4975
44644.3636,0.3341,-0.1951,0.5607,-0.8874,0.1252,-0.5537
44548.55343,0.4441,-0.0993,-0.0222,0.0243,-0.0001,0.1653
44679.16489,1.2171,-0.8238,0.3495,1.5183,0.3411,0.957
44842.19154,0.0149,-0.2688,0.2367,-0.1086,0.2526,-0.0319
44976.08642,0.2191,0.1336,0.1703,-0.1615,-0.5846,-0.003
45250.7365,-1.3952,-0.8135,0.3236,-1.9322,-2.0151,0.198
45543.48047,0.4295,-1.0104,0.7146,-0.5874,0.6685,4.7087
45627.15397,-0.0144,0.0043,0.0554,0.1043,0,-0.0913
45344.14678,0.9239,2.4848,-1.5249,3.0877,-2.4515,-4.8793
44516.52556,0.0958,-0.3088,-0.1768,0.4102,-0.4196,0.8397
44681.48695,-1.0937,1.4081,0.0141,-1.3981,0.6244,-1.2362
45287.50255,0.0425,0.9212,0.2019,0.1794,-0.5423,1.1241
45380.00289,0.9901,-0.7001,0.069,-4.2932,2.5651,-2.9411
44701.5715,0.0573,-0.1131,-0.3645,-1.224,0.2088,0.1374
44898.73522,-0.0705,0.0921,-0.3983,-0.0726,0.0306,-0.2368
45056.10221,2.0647,2.5792,-1.4102,-7.304,-0.4036,2.3455
45393.00039,2.6635,2.6307,-2.9551,-2.3685,0.6692,3.4497
44572.67954,-0.8178,0.8183,0.7747,0.2369,0.2439,-0.2369
45172.44946,0.8514,-1.1731,1.0446,-1.0301,1.5503,2.797
44448.03506,-0.3325,-0.0414,-0.1252,-0.1738,-0.2497,0.1108
45150.43491,-0.6941,0.606,-0.0364,-3.0789,-0.6116,2.1804
45158.96931,0.5373,-0.8469,0.8719,-0.4446,0.7751,3.3268
45390.01487,-1.4574,-0.5781,-0.2262,-2.2276,-2.1287,2.1316
44450.11609,0.1768,0.1114,0.0368,-0.1359,-0.2194,0.1956
44750.72705,0.0023,0.0825,-0.4142,0.077,-0.1552,-0.0219
45562.11694,-1.6928,-0.848,0.2455,0.714,-1.4203,-1.0787
45051.1565,1.2825,1.8082,-0.5344,1.3993,-0.6154,-5.3084
44938.23997,-0.0597,0.0392,-0.1345,0.1343,-0.1343,-0.1725
44877.17304,-0.2481,-0.4796,0.0071,0.0701,0.1168,0.3769
45239.75944,-0.222,3.6751,-0.4875,3.0813,-0.4686,-3.9714
44503.34636,0.1438,-0.247,-0.0282,0.4369,-0.2457,0.1876
44834.59216,-0.0212,0.0156,0.0481,-0.0333,0.0437,0.0094
45383.56137,-0.9563,0.0689,-0.3576,-3.0765,-0.9386,2.2025
45396.5287,-1.7248,-0.6441,0.1355,0.585,-0.5224,-1.9225
44436.78552,-0.1849,0.359,0.0413,-0.0456,0.0711,-0.0235
45326.07292,1.0802,0.6091,-0.4164,-2.0865,-0.3847,-4.2491
45363.56758,2.4782,2.4414,-2.9451,-2.4906,0.7401,2.6426
45394.32726,1.5972,-0.1187,-0.0004,-1.7399,0.8913,-4.115
45085.14337,-1.6715,-0.6744,0.2824,1.8012,-0.3224,-1.191
44910.91842,-0.011,0.2611,0.2796,1.9149,-0.6798,-2.5027
44908.77734,-0.273,0.0213,-0.06,-0.2961,0.3202,-0.2713
45249.10805,-0.9723,-0.6503,0.2736,-1.5372,-1.9572,1.2011
45536.7255,-0.5156,3.0212,-0.9404,1.9847,-1.6479,-3.8158
45104.3844,0.9938,-0.3323,0.4184,1.5421,0.1158,5.0925
45404.88206,0.5043,-1.1845,0.2817,-0.1365,0.437,4.683
45189.81975,1.4986,-0.4666,0.5073,-3.7422,2.6913,-2.3757
45335.82353,1.1202,0.1965,-0.2091,3.5204,0.4518,4.8258
44496.95277,0.1263,-0.1398,-0.1941,0.5439,-0.1114,0.1577
44371.91053,-0.2813,-0.1813,-0.0221,-1.5389,-0.651,-1.0779
45050.64381,0.9937,-0.4472,0.4023,0.9928,1.0614,4.9116
45524.9344,0.5444,-1.2967,0.4079,-0.6555,0.6204,3.2922
44357.52444,-0.0093,-0.0678,0.0015,-0.0532,0.1317,0.0176
44380.68694,0.0604,-0.566,-0.1597,-0.6914,0.1042,-0.2209
45126.24889,1.3297,-0.7506,0.754,-0.8137,2.7606,-3.0003
44807.99427,-0.1514,-0.1078,-0.2895,-0.8889,-0.0537,-0.3123
44944.75373,0.4279,0.4804,0.1353,1.3322,-0.0315,-0.1007
45282.55184,0.2813,1.5008,-0.4317,-1.5997,-0.1753,1.6753
44534.31884,0.1649,-0.2675,-0.2276,0.8202,-0.0445,0.6644
45516.58114,-1.0149,2.7852,-1.0104,3.3506,-0.6284,-4.0781
45481.96178,-1.8844,-0.9245,0.219,-3.3523,-1.6895,0.2692
44379.42025,-0.1261,0.1922,0.243,-5.8568,0.5758,1.667
44393.11298,0.2188,0.2805,-0.129,-0.4701,-0.1071,0.1169
44564.83853,-0.0621,-0.0653,0.2197,-0.615,-0.1041,0.8589
44979.37346,0.5928,1.0058,-0.2199,-0.1422,0.2618,1.381
45363.74852,-1.5402,-0.4862,-0.0244,-3.8824,-1.9976,1.232
45480.27303,-0.9074,-0.0595,-0.1328,-0.9835,-1.2505,2.3163
45611.392,1.2652,2.0065,-1.6392,-2.6812,0.6803,1.9424
45615.98083,0.2144,0.201,0.6247,-0.1629,1.347,-0.9126
44776.20932,0.1194,0.046,-0.0093,0.4087,0.1195,-0.2975
44509.70979,-0.189,0.4182,-0.5598,-0.3639,-0.1692,-0.3199
45242.14181,-0.5464,2.6594,-0.3672,2.8031,0.2923,-3.6698
44360.69121,-0.067,0.0608,-0.1623,-0.0406,0.4188,-0.1289
45047.77894,-0.7518,0.2975,-0.0455,-1.9455,-1.1877,1.4192
44487.30201,-0.2682,0.6098,0.0756,-4.1445,0.5017,1.1082
45066.98888,-0.2035,1.1797,-0.5709,-1.8513,-0.8441,1.2336
44665.83551,1.4414,-0.8928,0.8272,3.4487,1.5239,-1.5292
44801.93282,-0.1113,0.1952,-0.164,0.1113,0.0129,0.0457
45477.86053,-0.7548,0.6362,-0.2306,-1.0181,-1.2767,1.9385
45557.20148,-1.197,0.1656,-0.0309,-2.9594,-0.8592,2.2172
45049.46771,-1.8287,-1.0023,0.1678,2.092,0.1658,-2.0823
44685.16609,1.1504,-0.341,-0.2889,-0.3202,0.2081,0.2391
45057.48945,0.9395,-1.8113,1.2001,-0.1771,2.0496,2.4286
45468.36131,-1.6552,-0.4681,0.0899,-2.001,-2.4822,0.7966
44975.99591,-0.004,0.0037,0.2502,0.1985,-0.9994,-0.0516
45600.80721,-0.0252,1.7664,-0.6399,-0.4336,-0.8672,1.2695
45487.20899,0.7685,-1.1576,0.6739,-0.0264,0.5121,3.8783
45115.1961,1.6877,1.9846,-0.8152,1.9904,-1.0395,-6.0466
44397.45624,0.4687,0.0497,-0.076,0.1701,-0.1049,-0.2074
45072.2362,0.9355,-1.4004,0.7642,-0.7498,1.3354,3.9573
44552.23267,0.0802,-0.0658,-0.0678,-0.8302,-0.2684,0.1665
44860.19484,-0.0571,-0.0694,0.0152,0.7986,0.2557,0.1436
45186.95486,0.3964,1.6579,-0.7849,-5.0466,-0.6644,2.0491
44784.4119,-0.2079,1.2822,-0.4922,-2.4456,-0.7315,-1.3878
45407.20409,0.8958,-1.9871,0.8872,0.4209,2.166,1.1606
44995.17553,-0.2597,-0.1543,0.0462,0.0556,-0.4428,0.6936
44550.66445,-0.3159,-0.0268,-0.0204,-0.4815,-0.0879,0.2314
45313.03522,-1.2069,-0.874,0.5741,-2.5242,-1.8626,0.669
44670.50983,-0.4456,-0.5723,0.0862,1.3193,0.185,0.9609
44902.71589,0.1016,-0.3388,0.1702,-0.294,-0.098,0.3214
45357.50611,-1.362,2.6518,-0.8935,-0.0973,-1.019,-3.4052
45463.68705,-0.8217,2.2395,-0.8231,0.3469,-0.2204,-3.8618
44624.82163,-1.038,-0.1498,-0.9408,-1.6166,-0.3597,0.1477
45472.58316,0.4836,3.5099,-1.2424,2.488,-1.0413,-4.6674
44848.52438,-0.0996,0.1845,-0.2781,-0.2117,-0.0236,-0.5144
45253.33,1.6514,2.5741,-0.8664,2.0333,-1.5377,-5.0278
44763.33248,0.1991,0.305,-0.2592,-0.065,0.0192,-0.1288
45547.91339,-1.1999,3.4377,-0.0252,2.3489,0.376,-4.4024
45081.01184,-0.4595,0.494,-0.1231,-1.0058,-1.2844,1.4796
44712.42799,-0.0161,0.1754,0.508,0.7424,0.2566,-0.11
44371.15655,1.8875,0.8242,-2.5843,1.917,1.8044,-1.6188
44818.06651,0.0838,0.0017,-0.2331,0.2214,0.0357,0.0802
44832.45107,-0.0319,-0.1242,-0.0076,0.2115,0.136,-0.0773
45029.34305,0.3486,-0.3464,0.2036,-0.4281,4.229,-0.7877
44565.59248,0.6784,0.2048,0.0207,0.7146,0.3623,-0.2311
44694.30366,1.0638,-1.2024,-0.4176,1.0312,0.0832,0.2432
45057.76084,-0.8995,-0.0231,-0.0766,-3.8383,-2.0377,2.1174
44692.73546,0.35,-0.1913,-0.5328,1.2217,-0.1879,0.2296
45099.95104,-1.3537,-0.6663,0.2595,-1.843,-2.0798,1.2459
45067.35075,1.635,2.2527,-0.9753,0.7657,-1.0643,-5.7949
45239.21661,0.9859,-1.7051,0.9601,1.2906,2.3583,1.5076
44744.15287,1.0044,-0.2013,0.062,0.7252,0.0084,0.1277
44917.73373,-0.0302,-0.502,0.1981,-0.058,-0.2243,0.0116
45373.09705,1.6195,1.8841,-2.0396,4.6597,2.8801,4.5513
44559.89271,-0.156,0.1265,-0.152,-0.4958,-0.1615,0.4009
44732.90442,-0.3384,0.3352,-0.2728,0.2185,0.2827,-0.1233
45105.65106,1.4064,3.3512,-1.4121,4.3002,-2.0991,-4.5798
44465.52739,0.3263,-0.2389,0.0557,0.7942,0.1307,0.1962
44503.07494,-0.3035,0.2465,0.0745,-0.312,-0.0417,0.0737
44626.90248,-0.2146,1.156,0.1082,2.8536,2.0983,-0.0518
44870.5385,-0.1116,0.2334,-0.0008,0.2806,-0.0939,0.089
45018.36599,0.2526,-0.4536,0.1802,0.2807,-1.71,-1.2141
45248.62553,1.4541,0.7415,0.2323,-3.9612,0.2538,-4.3237
45040.67196,0.6173,0.3632,1.2811,0.9077,0.6793,-0.6863
44764.7197,0.5075,0.2502,-0.1091,-0.1823,-0.2451,-0.4636
45356.02841,1.2847,0.9435,-0.581,-1.7917,-0.7328,-4.6374
45244.1925,0.8966,1.8812,-0.5024,-2.9832,-0.8528,1.7487
44589.23596,-0.0508,-0.3783,-0.2807,0.325,-0.0338,1.0147
45429.39925,1.0747,-0.2671,0.2336,-2.4971,1.3667,-3.5884
45518.96351,-0.9046,2.814,-0.3711,2.998,-0.5653,-4.3209
44506.42252,-0.2016,-0.0303,0.4837,0.124,0.2294,0.1094
45313.21616,0.9004,4.1065,-1.4911,3.5873,-1.9851,-5.3607
44403.91082,0.1797,0.351,-0.1328,-0.6628,-0.4045,0.0054
44844.8453,-0.1809,-0.0308,0.2796,0.0484,0.0286,-0.0227
44777.687,-0.3606,-0.347,0.3644,-0.2871,-0.0466,-0.0451
44816.98085,-0.2271,-0.033,-0.048,-0.2134,0.0983,0.1251
45280.25991,-0.7737,-0.5604,0.6128,-2.6088,-1.9487,1.8266
44772.28899,-0.8619,0.3174,0.4266,0.521,0.3866,0.4287
45287.07534,0.6676,-0.0868,1.0665,4.3643,0.9343,-3.679
44815.35242,-0.0664,-0.0694,-0.1844,0.3567,0.2091,-0.2563
44529.37293,0.254,0.2716,-0.0418,-0.4747,-0.2498,-0.3335
44461.30511,0.2554,0.1267,0.2285,-0.7093,-0.0474,0.1031
44611.49205,1.0958,-1.1512,-0.7362,2.2305,0.4307,0.1307
44476.50516,0.427,-0.3429,0.2091,0.5869,-0.1912,0.57
44997.31662,-0.1875,0.0198,0.2179,-0.079,0.7317,0.6861
45382.68684,-0.1384,1.475,-1.4002,-3.3821,0.6103,2.2201
44817.28242,0.0168,-0.528,0.7975,0.6811,-0.0015,0.3651
44551.41838,0.0383,0.2006,-0.0483,-0.2492,-0.0925,-0.0486
45063.03831,2.3167,2.0005,-1.0632,1.8615,2.247,5.7537
45250.70634,-1.1077,-0.705,0.3228,-2.8096,-2.2274,1.128
45485.15833,-1.891,-0.6821,0.4862,-5.1443,-2.3597,0.5047
44532.05699,0.3829,0.2307,-0.0414,0.134,-0.004,-0.8025
44619.24252,0.7574,-0.5796,-0.0164,1.8111,0.4924,0.6451
44664.38794,0.4186,0.2722,-0.2904,2.4328,-3.479,3.5501
45583.73887,-0.5805,0.8835,-0.3077,1.1221,-0.6245,1.0893
44726.81277,0.9818,-0.2614,-0.2533,1.32,-0.8003,0.7107
45156.01392,-0.7627,0.0484,0.0971,-2.0576,-1.8153,2.4347
45261.11044,-0.9756,-0.8121,0.5975,-3.4002,-1.9881,1.0691
44457.02254,0.1742,0.0021,-0.0356,-1.2012,-0.3371,-0.6484
45446.70901,-1.7964,-0.5801,0.0532,-2.6215,-1.7027,0.9417
45618.92112,0.3533,-0.0571,-0.1422,-3.1138,0.6924,-4.2231
44608.56683,0.2223,0.7106,-0.7148,0.8587,-0.0366,0.0613
44484.73853,0.2335,-0.332,0.1655,0.7622,0.1375,0.4903
45424.39332,-1.9952,-0.8784,0.1528,1.3518,-0.7415,-1.4707
44933.11341,-0.57,-0.1378,0.1163,0.665,0.4192,-0.2672
45079.77542,1.5829,2.0421,-0.9545,2.8159,-1.9206,-4.3644
45240.9054,0.8309,-0.6524,0.8218,-0.5181,0.1031,4.2426
44508.65425,0.21,0.0012,0.0424,0.1869,-0.0317,0.1428
44355.83553,0.002,0.007,0.0015,-0.0153,0.0217,-0.0196
45083.48471,-1.6314,-0.915,0.3643,-2.1656,-2.2633,0.767
45397.76511,1.2056,0.0098,0.094,2.0585,1.3247,5.024
45063.551,1.7328,-0.2526,0.3562,-0.3261,2.2809,-4.4997
44839.08544,-0.5179,-0.2532,0.2291,0.4698,0.3572,0.2199
44866.25627,0.0414,-0.045,0.151,0.6349,0.1592,-0.3365
44401.98048,-0.0069,-0.2547,0.1702,-0.097,0.217,-0.0663
44608.65731,1.2441,-0.5938,0.6725,-1.5062,-0.5,-1.3667
45231.82818,0.2292,4.3418,-0.8194,0.5544,-1.1453,-4.0075
44866.46736,-0.5992,0.6408,-0.1014,0.1971,0.5153,0.2538
45094.00978,1.5279,-0.7939,0.482,-1.6605,2.5588,-2.8639
45057.54975,0.7597,-0.9692,0.5123,-0.6153,1.0123,4.6043
45334.49668,-2.2574,-0.5148,-0.1047,-2.5873,-1.5081,0.2362
44453.91615,-0.3658,0.5708,0.1539,0.113,-0.1365,0.4072
44934.89261,0.1379,0.1345,-0.0044,0.0869,0.4629,0.0062
45187.76909,-0.3926,1.0243,-0.5632,-2.3223,0.0875,2.5267
44821.7757,0.3323,0.0364,-0.2612,-0.6022,-0.097,-0.1111
44917.25125,-0.2388,0.726,-0.5355,-0.2113,0.165,-0.4552
45233.39636,-0.0457,2.7381,-0.9027,0.6041,-1.513,-3.9995
45234.90419,-1.7574,-0.7765,0.5177,1.4624,-1.0852,-0.5886
45414.80353,-1.78,-0.8859,0.1357,-0.5485,-1.0679,-1.4596
45533.2877,-1.2935,-0.3896,0.2854,-1.57,-2.0562,1.6506
45126.42983,1.0449,-0.3147,0.715,0.5831,0.9937,5.2785
45315.99054,1.7892,2.1873,0.1162,3.538,0.7385,4.5766
45601.83251,-1.4862,-0.7399,0.4,1.8702,-0.8067,-1.6791
45397.10167,-0.4392,0.8826,-1.2109,-1.2656,0.2917,2.0461
44946.5028,0.6254,0.2267,0.1565,7.4671,-1.0876,-2.6463
44546.26142,-0.9768,0.7524,0.247,0.1439,-0.0287,0.0337
44708.62822,0.0488,0.092,-0.0069,-0.1689,0.2763,-0.0008
45246.21298,1.6856,1.3081,-0.2725,-0.2374,-2.0228,-4.644
44580.36968,-0.8954,0.5163,0.3683,-0.5632,-0.0193,0.4254
45321.49917,0.5547,-0.3252,0.3362,-1.1833,3.0545,-2.451
45333.0793,-0.2199,2.9808,-1.5012,3.4289,-1.8798,-5.0136
45148.80642,-0.5377,0.0061,0.4296,-2.502,-1.2847,2.9494
44634.86404,-0.4421,0.6799,-0.1759,-1.2918,0.2589,-0.6077
44371.42796,1.9824,0.7313,-1.1577,2.1403,0.768,-1.7193
44939.56686,-0.1846,0.3437,-0.5179,0.8486,0.0311,0.9816
45414.86387,-1.4888,0.388,0.0148,0.8563,0.2281,-3.2246
45104.80661,-0.7681,2.5701,-0.8157,3.524,0.0677,-3.2961
44585.3155,0.9256,0.7107,-0.3285,-0.2194,-0.8268,-0.4872
44652.62668,0.2998,0.1691,0.1005,0.7115,0.2951,-0.5921
44977.35299,0.1126,-0.6447,0.0866,-0.3376,0.3602,1.1836
44932.11827,0.6331,0.2682,0.0077,0.6177,0.3995,-0.9818
44447.76364,-0.5357,0.4842,-0.6561,-0.8961,-0.2078,-0.0556
45216.13151,0.0356,1.0329,0.8704,-2.9423,2.4387,1.0888
44753.62206,0.6348,-0.255,-0.204,-0.1078,-0.0622,-0.2279
45595.25845,-1.1666,-0.3283,0.1954,-2.3488,-1.9766,1.9754
44475.02741,0.0529,0.2741,0.2127,0.0162,0.0999,-0.4136
44729.82846,0.1854,-0.2455,-0.1589,2.0312,0.3792,0.6392
45073.86468,0.9325,-0.4964,0.3257,0.7931,0.6472,5.0216
45303.53585,-1.0089,-0.6965,0.6789,0.6209,-0.0004,-1.4041
45088.6416,0.7782,-1.2999,0.7727,-0.9496,1.2051,2.6352
44642.04151,-1.1133,0.2099,-0.0923,-0.394,-0.3058,0.1636
44450.96052,0.4954,0.3181,-0.0158,0.4062,-0.0302,-0.2387
44684.77406,-0.8062,0.3563,0.3195,-0.988,0.144,-0.4178
44672.04783,-0.6441,0.0501,-0.4118,-1.5914,-0.4053,-0.7522
44822.55977,0.358,-0.0167,0.1778,-0.1416,-0.0015,-0.3558
45353.37468,-1.7093,-0.7186,-0.3213,-2.7693,-2.0444,1.0395
45064.87789,-1.8946,-0.9599,0.4649,0.9324,-0.3565,-0.8961
45146.90652,0.9796,-1.4439,1.3355,-1.0184,1.78,0.6393
45096.1812,-0.5846,2.7331,-0.6081,1.0195,-1.4942,-2.2179
45487.08835,0.9422,-1.1584,0.5282,-1.0573,3.2965,-1.6415
44374.53443,-0.0183,-0.0516,-0.1009,-1.4034,-0.7636,-0.6005
45475.56866,-1.676,-0.4547,0.1989,-1.1937,-2.0814,1.483
45498.24614,1.0534,-0.0302,0.2415,-2.3939,2.0203,-3.486
44823.1026,0.0705,-0.0414,0.0915,-0.6234,-0.0029,0.2265
44952.08171,-0.0726,0.0275,-0.0326,0.115,-0.0308,0.3588
45021.17054,0.932,0.8708,0.6591,-0.5703,-1.6108,-6.0189
44909.22966,0.3649,-0.1388,-0.0624,-0.6706,-0.5223,-0.1914
45048.11066,1.2724,1.495,-0.6573,-0.6017,-0.1354,-6.2336
45182.03932,0.9743,-0.7016,0.8383,-0.759,0.7627,3.9948
44708.83932,0.0585,-0.3341,-0.0354,-1.0633,-0.1137,-0.3172
45190.75459,1.0106,-1.0011,1.1103,-1.3216,1.1512,3.783
44598.82602,-0.7615,0.8098,0.4037,-0.7443,0.0011,-0.302
44405.69034,0.0754,0.3428,-0.0878,-1.2002,-0.3912,-0.514
45162.43734,-1.1927,-0.8366,0.3907,-3.4544,-2.6255,1.5659
45021.77368,0.068,-0.4987,-0.4459,-2.4677,-1.2149,4.3607
45462.20941,1.0001,0.0245,0.154,-2.7258,1.2892,-3.8299
44755.00928,-0.1307,0.3323,0.1599,0.1384,0.2911,-0.2142
44668.91149,0.1122,0.2538,0.0828,-1.8561,-0.4128,-0.5483
45464.92348,1.9568,1.349,-1.9681,1.5747,2.8509,4.3898
44525.3619,0.405,-0.2777,0.0553,0.3159,0.2501,0.0767
44740.95626,0.4325,-0.2105,0.5074,0.9353,0.1374,0.6766
44698.94787,0.1816,-0.0905,-0.2738,-0.539,-0.4013,0.1733
45253.87282,-1.2401,-0.8491,0.3476,-3.0429,-1.8571,1.3486
44428.03915,-0.5171,0.1335,0.0347,-0.1034,-0.1341,0.0348
45401.08232,0.9792,2.5161,-1.692,-2.8644,0.2857,1.8269
45382.38527,0.8692,-1.0226,0.3159,-2.1175,1.2559,-2.41
44905.58075,-0.336,-0.1752,-0.4328,-0.5897,-0.0405,0.2348
44953.58951,-0.1809,0.0737,0.0063,-0.6439,-0.1371,0.0051
44718.73076,0.6725,-0.1938,-0.2322,2.727,-0.6594,2.0056
44429.00424,0.1926,-0.447,0.0212,0.3688,-0.1193,0.3713
45403.2536,0.732,-2.2926,0.9883,0.2614,2.2473,1.2477
44615.32203,-0.0079,-0.1018,-0.034,-0.6656,-0.1678,-0.993
45520.86334,0.91,-1.8261,0.9902,0.8032,2.6001,0.4606
44628.28974,-0.6082,-0.1451,0.4925,0.7687,0.009,1.0156
45500.6285,1.006,0.1211,0.0852,-3.2497,0.5443,-3.8554
45572.97313,0.7101,-1.6129,1.4483,1.1746,1.9761,0.7345
45193.49887,-1.4552,-0.7315,0.5579,0.8517,-1.0171,-0.9183
44732.93457,0.0192,-0.5416,0.3554,0.5708,0.3672,0.4244
44393.74638,-0.3326,0.0725,-0.1761,-0.198,-0.0723,-0.1755
45545.01842,0.5687,-1.3771,1.0825,-0.0764,1.6237,1.9667
44833.20497,-0.0593,-0.2374,0.4185,1.2418,0.3762,0.6713
44948.52327,0.1274,0.1063,-0.4818,-0.8323,-0.2067,-0.3208
45044.91402,-2.4276,-0.9748,0.755,-0.107,-2.2411,1.434
45465.28536,-1.4568,2.0516,-0.2967,2.4605,0.1189,-3.2041
44898.91615,0.163,-0.3632,0.44,0.5722,0.1386,0.0857
45004.5844,0.2169,0.131,-0.0701,2.0856,-0.5221,-0.7579
45169.16232,1.4446,-1.4124,0.9279,0.4678,1.6121,-1.5858
45439.01917,1.0204,-0.714,0.4141,-2.2296,0.9807,-3.3888
45290.3524,0.1297,-0.3786,-0.2943,0.54,0.9545,1.4523
44380.29488,0.0367,-0.2296,0.0919,0.584,-0.0348,0.3616
44468.72422,-0.2544,-0.568,0.6048,0.9175,0.1395,0.3964
45350.11775,-0.6663,0.8056,-0.9565,-1.4805,-0.3838,1.7777
45375.02707,-1.6336,-0.2455,-0.0189,1.0044,-0.823,-2.8184
44930.94216,-0.154,0.2417,-0.0949,-0.4883,-0.2137,-0.3236
45380.84727,1.0859,-1.7313,0.291,0.0923,2.3831,-0.4618
45414.92417,-0.5256,3.6316,-0.9004,0.9544,-1.1937,-5.5764
45588.08132,2.2661,3.637,-1.5269,0.9717,-1.4232,-4.6176
44617.46323,-0.4034,-0.2014,0.1858,-0.362,-0.0989,-0.3012
44679.49662,0.4309,0.1498,0.1483,-0.6639,0.2799,-1.194
44691.98156,0.1246,-0.0682,0.0788,-0.3649,-0.0877,-0.5578
44715.38336,0.3519,0.2183,0.2306,-0.887,-0.132,-0.4209
44535.16327,-0.4969,0.2311,-0.0947,-0.1814,0.1162,0.0055
44751.93333,-0.1381,0.1492,-0.697,-0.197,-0.0164,0.0109
45169.97656,1.3312,-1.2844,1.1953,0.3798,2.0641,-0.8991
44492.21787,0.7936,0.0323,-0.2552,0.1649,0.2184,-0.358
45274.74124,-1.2697,-0.7374,0.5503,-3.5338,-1.6021,0.7573
44875.99691,0.384,-0.5925,-0.0375,0.1592,-0.0331,0.1962
44404.78548,0.0231,-0.0452,0.1764,0.2652,-0.1157,0.2376
44847.61967,0.0634,-0.1303,0.0149,0.516,0.044,0.224
45340.28674,1.087,0.5815,-0.498,-2.7512,-0.0189,-4.3306
45023.97512,0.5184,0.4874,-0.0397,2.845,3.1234,4.7679
44593.88023,-0.6223,1.0705,0.9049,-0.9348,0.1461,-0.7718
44857.78232,-0.0209,-0.0232,0.1078,0.7615,0.5392,0.1061
45263.73408,1.2816,2.4599,-1.1486,1.7343,-1.9184,-5.4043
45077.78504,0.9096,2.7225,-0.5795,-0.0535,-0.0908,5.3209
45372.28281,1.5532,1.6567,-0.6049,4.5199,1.8409,4.8289
45452.07688,1.5833,2.1591,-1.1093,4.7185,2.9946,5.4752
44519.51123,-0.4187,-0.3582,0.3339,0.0214,-0.1146,0.0372
45543.17889,1.1461,3.5502,-1.4024,3.7335,-0.9733,-5.2065
45403.22345,1.1407,-2.1498,0.7356,0.8697,2.6734,-0.3463
44916.34656,0.1167,0.4179,0.0532,-1.1107,0.0144,-0.9399
45249.22868,-0.8793,-0.6823,0.6357,0.2188,-0.9023,-1.7055
45372.52408,-1.7494,-0.6125,-0.1638,-2.7005,-2.2647,1.7054
45432.32444,-2.2759,-0.6885,0.0833,-1.982,-1.9674,-0.2082
44682.30118,-1.1485,0.0093,-0.3737,-1.6019,-0.1809,0.3929
45559.55367,-0.6767,1.5633,-0.8001,-1.728,0.1001,2.4473
44745.23851,-0.0211,-0.1805,0.1917,0.5816,-0.0593,0.141
44357.04191,0.0041,-0.0035,0.007,-0.0207,0.0044,0.0263
45133.66756,0.647,1.7828,-0.9428,-4.3838,-0.1104,1.9514
44675.51587,-0.0943,-0.2504,-0.0504,0.386,-0.1937,1.0777
44808.71799,0.0342,-0.2864,-0.1996,1.4855,-0.1238,0.8582
45571.67642,-1.2856,-0.2793,0.168,-3.252,-1.5399,2.001
45303.20414,2.7266,2.176,-2.0528,-2.1833,0.0598,4.0604
44736.97559,3.0189,0.3638,-0.7233,-1.6347,-0.6175,-1.7678
44506.24158,0.0726,0.1116,0.1556,0.1404,0.2108,0.0098
44560.49585,-0.374,-0.0259,0.0659,-0.6011,0.0576,-0.049
45265.21175,-1.1431,-0.5627,0.7404,1.5111,-0.3666,-2.0752
45379.42994,0.4607,1.3169,-0.6318,2.9275,2.8976,5.1075
45528.34208,-0.5542,0.4182,-0.3792,-0.9935,-0.9979,1.5801
45553.91448,0.283,1.9602,-1.0662,-3.1258,-0.7332,1.6906
45584.97525,1.149,0.1625,0.297,-2.907,1.2672,-4.0859
44859.65204,-0.3647,0.3677,-0.454,0.2781,-0.1415,-0.1563
45196.75582,-1.3824,1.8413,0.1927,-0.0243,0.2305,-3.7659
44550.75493,-0.7311,-0.4264,0.2283,0.7307,0.7555,0.881
44408.28418,-0.5751,0.001,0.1682,-0.184,0.3338,0.2618
44491.04166,0.3451,-0.1274,0.2189,-0.5493,0.3444,0.0089
45190.57366,1.6413,0.5776,0.2164,-1.6626,0.1853,-4.8315
44585.91867,-0.2452,-0.1447,1.0353,-0.2897,0.6592,0.9945
44601.08781,0.6561,0.82,-1.2076,-0.9645,0.0738,-0.8023
45178.26969,-0.6066,0.2815,0.1389,-2.675,-1.2273,2.6266
44388.40788,0.1146,0.0651,0.5143,-1.5255,-0.3121,0.3739
44728.53169,0.5647,0.405,-0.6098,0.4457,-0.7824,0.744
45415.76854,0.8296,2.4377,-1.1864,3.0715,-1.2778,-4.8588
45064.51601,1.0588,-1.0121,0.4119,0.0977,0.317,4.414
45203.32998,1.908,0.7548,0.0396,-2.8781,0.8635,-5.1039
44413.59246,-0.4937,-0.307,0.385,-0.3531,-0.5183,0.3471
44399.95963,0.1849,-0.1985,0.0274,1.8584,0.3894,0.0894
44676.20948,0.2564,-0.4723,0.0375,-0.1852,-0.3712,1.0372
44757.12023,5.4118,-1.7018,1.6911,-2.1808,-1.4376,-3.0559
44477.5909,-0.1037,0.127,-0.2123,-0.071,-0.1922,0.0654
44892.04043,0.1602,-0.1595,0.071,-0.3344,0.0862,0.2724
44356.7403,-0.0044,-0.0111,0.0136,0.1245,0.0731,-0.1452
44474.99723,0.1715,-0.0786,0.4629,0.77,0.2276,-0.0727
45100.67483,-0.9927,-0.4264,0.0673,-1.9292,-1.8636,2.0763
45113.14534,3.8902,1.8209,-3.1093,-2.0742,0.601,4.7064
45032.24814,-0.6777,0.4104,-0.2446,0.5052,-0.1795,-2.5254
45262.88966,0.3391,3.3798,-0.9529,2.4496,-2.1221,-5.7996
45304.98338,-0.9064,-0.2978,0.3688,-3.5837,-1.7017,2.1598
45419.99046,0.8254,-1.856,0.9855,0.2415,1.9553,0.8401
45462.39035,0.6727,-1.2449,0.6763,-0.9335,1.0642,3.908
44722.80192,0.4816,-0.0049,-0.0815,-0.1676,-0.0233,-0.0993
45332.59679,0.6085,-1.1788,0.4223,-0.3942,1.8586,3.8697
45567.06254,-0.8524,2.9794,-0.6804,1.9009,-0.6264,-4.9731
44547.19634,0.2985,0.0709,0.0534,-0.2369,-0.1574,0.0633
45615.61393,1.0774,-0.2101,0.4477,3.8646,1.5115,0.2521
44501.50669,0.4567,0.1806,0.0471,0.1369,-0.4774,-0.0873
45619.61473,-0.0143,-0.185,-0.1082,0.6775,-0.2295,-0.1939
44419.95628,-0.3879,-0.0239,0.1308,-0.2812,0.0749,-0.1136
44721.35441,0.5825,-0.3787,1.2613,0.3305,0.2118,0.1833
44929.52482,-0.0265,-0.0969,0.1051,-0.0369,0.291,-0.0808
44945.59809,-0.1098,-0.0009,-0.2012,-0.3083,-0.1091,0.2197
45033.82637,-1.3452,-0.9826,0.8199,-1.1329,-1.7815,1.6447
45039.52598,-0.2628,0.1314,0.8395,1.264,-0.6249,-1.0913
45359.01393,-2.1995,-0.5817,0.111,1.8099,-0.9036,-1.1815
44872.07651,0.0483,0.2684,-0.0679,-4.417,0.6586,-0.0269
45381.90276,0.0182,1.2429,-1.208,-1.7028,0.8391,1.7908
44469.35755,-0.1072,-0.0791,-0.7722,-0.1423,0.1792,-0.0121
45502.86005,-1.3677,-0.1621,0.2007,1.4653,0.1944,-1.9342
44925.96639,-0.9337,-0.9941,-0.2327,2.1795,0.1995,2.0445
45623.38436,-0.0028,-0.2308,-0.0636,1.3893,-0.9762,-0.5408
44409.8224,0.4682,0.0132,0.2532,-0.2079,0.0454,-0.0517
45451.95625,0.4812,-1.7691,0.9394,-0.4103,1.9276,1.9632
44539.65684,-0.0299,-0.0108,-0.1807,-0.2332,-0.3619,0.3184
44386.53792,0.8166,0.6861,-0.6305,0.267,0.1596,0.0942
44637.81949,-0.4464,0.9,-0.0331,-1.3514,-0.5802,-1.2943
45195.79079,-1.1601,-0.7072,0.3618,-2.6926,-1.6654,1.5077
45511.9371,0.7395,-0.2265,0.3027,-2.7337,3.5127,-3.9566
44358.39907,0.0262,0.0027,0.0432,-0.3272,0.1115,0.3593
44988.96326,0.093,-0.0307,0.2669,-0.3326,0.8295,0.9347
44487.84484,-0.0633,0.2188,0.0198,-0.8704,-0.1801,-0.4104
44609.04934,0.1685,-0.0224,0.0081,0.9955,1.5952,0.817
44801.63125,0.3194,-0.2785,0.5173,-0.4681,-0.0184,0.5185
45067.47139,1.4789,-1.3833,0.6633,-1.8671,2.2418,-1.6141
45378.04272,-1.3323,-0.7508,-0.1809,-2.2453,-2.5939,2.4019
45475.50834,-1.0168,-0.2487,-0.0157,-3.4785,-1.831,2.5782
44734.11069,0.3493,-0.4163,-0.101,-0.2244,-0.0619,-0.0269
44547.79948,-0.3662,0.2777,0.5299,-0.3259,0.0514,0.0487
44505.54794,-0.1685,0.0235,-0.4067,-0.8177,-0.408,-0.0581
45253.14905,-1.5596,-0.8448,0.5937,0.3276,-1.3705,-0.2253
45159.75339,0.6654,-0.908,0.8695,-0.9584,1.1279,4.1587
45508.22788,0.1415,1.366,-1.1923,-4.3766,-0.843,2.0775
44577.80628,-0.5503,0.4591,-0.0535,-0.5777,-0.3795,-0.3496
45027.53366,0.0531,0.035,-0.1524,1.0896,-0.5575,0.34
44626.78185,-0.1401,0.8505,-0.2647,-5.52,1.6987,3.6384
44383.73307,0.0657,0.1991,-0.0241,0.6124,0.0214,0.0668
44787.21648,0.1655,0.1707,-0.044,0.4498,0.0425,0.1736
44423.60566,-0.1764,0.3245,0.0813,-0.3496,0.1358,-0.3945
44920.83985,-0.1295,-0.292,0.2177,0.3699,0.2817,0.5668
44993.66767,0.0878,-0.1436,0.0502,-1.3227,-0.5408,-0.4769
45596.25361,-0.9023,2.7516,-0.525,1.6265,-0.3958,-4.4305
44707.27118,-0.0481,0.3785,0.2608,-0.5376,-0.5203,-0.2543
44760.46764,-0.0153,-0.3324,0.4704,1.7024,0.393,0.3875
45610.12547,1.5055,1.5738,-0.3468,2.7671,-0.2726,-4.9971
44574.60962,0.9704,-0.86,-0.4698,0.558,-0.226,1.0007
45276.64114,1.1721,0.2948,0.6131,-5.6336,0.4251,-3.6529
45523.48693,0.1219,1.3219,-1.0345,-3.4321,-0.1149,1.7675
45615.67424,0.5538,-0.1262,0.1494,3.5115,0.6577,0.4185
44391.84624,0.0808,-0.2371,-0.5425,-0.5688,-0.3683,0.2785
45360.97412,0.9522,-2.3091,0.8783,-0.2766,2.1895,0.8358
45052.15168,1.3878,-0.2887,0.4406,2.386,0.3332,4.3571
44662.72932,-0.0532,0.0163,-0.0397,0.0722,-0.7553,-0.1986
44688.81507,-0.0152,0.5564,-0.4682,1.101,0.3389,-0.2084
44972.43745,-0.0245,0.0959,0.073,0.1779,-0.396,0.1433
44612.48728,-0.5476,0.5228,-0.0034,-0.3515,-0.894,-0.2472
45083.81644,1.6601,-0.5818,0.6704,-1.0342,1.3604,-3.1769
45329.43034,0.8516,-1.3145,0.2323,-0.5424,1.1716,3.52
44362.31981,-0.2798,-0.1851,0.075,-0.5738,0.0578,0.1009
45149.8619,-1.0643,1.7401,-0.0741,0.8886,-0.6126,-3.2116
44722.71144,-0.1992,0.4057,-0.7203,-0.7134,-0.3277,0.3116
45140.69418,1.1168,0.543,0.3422,2.1004,0.877,4.5384
44936.55124,0.2167,-0.0279,0.2979,1.5805,-0.491,-1.229
45420.2317,-0.3971,0.9935,-1.1078,-1.8359,-0.0226,1.8462
45527.34692,0.413,-1.0975,0.4122,-0.352,0.1865,3.9311
45578.12981,-1.1887,-0.2241,0.1544,-3.7222,-1.9564,2.1706
44832.84309,0.1127,0.2386,0.0505,1.1638,0.1439,0.8192
44793.30808,0.0059,0.133,-0.0388,0.004,-0.0278,-0.3537
45252.36497,-1.3641,-0.9259,0.5683,0.7227,-1.3131,-1.1303
44910.01373,-0.3028,0.3645,-0.3175,-0.0824,-0.14,-0.2819
44635.13546,0.4634,0.1849,0.9171,-1.7583,0.053,0.1923
44687.3977,-0.1952,-0.0865,0.0616,-0.2567,-0.4935,-0.1425
44807.78316,-0.7823,-0.3643,0.4339,-0.5962,-0.4357,0.4008
45100.07167,-1.289,0.2066,0.3524,1.6747,0.1128,-2.142
44402.82499,-0.0337,-0.0034,0.1428,0.134,-0.0008,0.0768
45278.96319,1.7249,1.9103,-0.0604,0.6698,0.8619,-5.9668
44721.98768,-0.547,0.45,-0.1077,0.4403,-0.0836,-0.3043
45354.94278,-1.3691,-0.3528,-0.1203,-3.8513,-2.1864,1.9965
45480.51427,-0.7427,2.7118,-0.3381,2.1867,-0.4398,-3.6547
45606.20514,0.4565,-1.5424,0.7724,-0.3261,1.4648,2.1235
45143.28767,-1.2103,-0.8322,0.6147,-3.1437,-2.0917,1.3681
44373.81057,-0.1652,-0.2087,-0.4913,-1.2913,-0.2792,0.5509
45531.08629,0.1219,3.1824,-0.5968,2.3055,-1.6214,-4.8484
45537.69051,1.1184,-0.5773,0.5231,-4.5377,2.0403,-3.0405
45567.87674,-0.2811,3.3008,-0.8361,1.4027,-2.2502,-4.8821
44930.88186,-0.0051,-0.006,0.5177,-0.2166,0.0939,-0.1841
45024.66877,0.2168,-0.7425,-0.2721,2.5815,0.1932,-0.7348
44695.78138,0.016,0.132,0.0867,-2.2102,0.4488,0.2567
44399.23576,0.1632,-1.4367,0.1164,0.6685,0.0368,0.1494
44818.2173,0.0342,-0.1222,-0.0032,0.5207,0.4299,0.5082
44874.54936,0.1303,-0.0558,0.471,0.347,0.4069,0.2254
44374.35346,0.4451,-0.2865,0.1385,-0.7389,-0.614,0.0486
44591.58824,-1.4587,0.8484,0.6264,-0.2561,0.9095,-0.747
44973.85481,-0.0521,-0.0081,0.2168,0.4897,-0.1908,0.219
45005.06686,0.0542,-0.2237,-0.1592,-0.7091,0.5506,-0.0765
44762.54842,0.2458,0.154,-0.0845,1.2501,0.0436,0.2399
45405.66614,0.5506,-1.4576,0.5414,-1.2288,1.1615,4.0966
44850.00203,-0.0482,0.5069,-0.1403,-0.0843,0.0042,-0.4466
45472.61334,1.3812,1.7995,-0.8205,0.6044,-0.7186,-4.9701
44968.54722,0.0214,-0.0344,0.4344,1.0922,0.336,-0.9261
45402.95203,-1.7793,-0.3846,0.2431,0.0001,-0.6379,-2.4589
45339.80422,1.9244,1.9984,-2.0708,0.6388,2.0946,5.7638
44897.98131,0.2264,-0.4461,-0.398,-0.1003,-0.4335,0.8625
44625.21365,0.0971,-0.1813,-0.4052,-0.6619,-0.1733,-0.8059
45482.32366,1.0734,-1.3915,0.5141,-0.1882,3.2228,-1.1319
44913.54202,0.0843,-0.7074,0.0675,0.5099,-0.3079,0.9701
44924.45858,0.7488,-0.0713,-0.8861,1.4727,-0.2815,1.1287
44689.08649,-0.1687,0.1343,-0.5077,0.8489,-0.0024,0.222
45278.08863,-0.0087,3.8059,-0.7409,2.5023,0.1269,-3.804
45223.83157,-0.9082,-0.6087,0.8069,1.0828,-0.257,-1.8664
45257.43131,1.4443,-0.3635,0.9242,-2.2348,1.8371,-3.0251
45388.17533,0.7036,-1.0966,0.4737,-0.1068,1.7406,4.2393
45026.20675,-0.1506,0.126,0.0548,4.3408,1.7678,0.5691
44655.97411,-0.1713,-0.5962,0.034,0.0928,-0.1975,0.0698
45614.61873,0.8156,-0.6793,0.4824,-1.8054,2.973,-2.7637
44414.46713,0.0225,0.2639,0.0824,1.3057,0.0549,0.1664
44533.23317,-0.1784,-0.0279,0.0336,0.4814,-0.0167,0.2439
45528.22145,1.2269,2.3064,-1.0118,4.6024,2.579,5.7458
44836.61261,-0.2556,0.0473,-0.0236,-0.4435,0.0545,-0.3633
45212.46749,0.4996,1.5275,-0.8146,-4.4672,0.2203,2.2233
45230.50127,1.0526,-1.2226,1.2572,0.4123,1.8128,2.1142
44950.96588,0.1219,0.108,-0.3165,-0.9044,-0.0832,-0.3756
45352.07792,1.1206,0.9411,-0.845,-1.1795,-1.3539,-4.3407
45354.79199,1.6651,2.1957,-2.1905,-1.375,0.2794,1.8822
44740.86581,1.374,-0.1028,0.203,1.4538,-0.1396,0.3543
44504.07016,-1.0624,0.3124,0.3415,-1.8479,-0.8005,0.4575
45176.58091,1.8851,2.6553,-1.8103,-4.3156,-0.1358,3.0048
45233.99948,-0.9278,-0.363,0.2749,-3.522,-2.2977,1.7886
45386.90877,-1.9635,-0.7522,-0.0984,1.6883,-0.644,-0.9283
44499.42574,-0.2493,0.0701,-0.4202,0.3923,-0.0552,0.1718
44404.27276,0.1289,-0.1599,-0.1191,0.0139,0.1055,0.4058
44386.74905,-0.3609,-0.0622,0.1111,1.2008,0.2296,0.3109
44867.88467,-0.3841,-0.7964,-0.3012,0.2497,0.2337,0.4871
44988.72199,0.1277,0.0129,0.123,0.0585,-0.6975,-0.0538
45039.31489,-0.3636,-0.0241,-0.6234,1.165,1.0362,-0.2405
45401.47437,0.2897,3.9892,-1.4771,5.0017,-0.8084,-5.6903
45269.37335,1.7094,2.4412,-1.0853,1.6698,-1.7305,-5.6608
45145.36852,0.86,-1.2609,0.913,-1.1396,1.3031,4.1203
45220.44898,-0.6312,0.2182,0.1044,-1.978,-0.7251,2.7489
45062.43519,-1.0407,-0.2752,-0.0647,-2.2291,-2.0217,1.9281
44852.17328,-0.2489,-0.1933,-0.3106,-1.549,-0.3002,-0.2069
44461.848,-0.3803,-0.1417,-0.0329,0.3635,0.1269,0.1122
45058.03227,0.9464,3.6268,-0.9521,0.8354,-2.0282,-4.9357
44583.23466,-0.2308,-0.4042,-0.5382,-1.5822,0.2812,-0.2229
44574.00646,-1.9326,-0.2298,0.6968,-1.7757,-2.1762,1.0655
45146.81603,1.5106,-0.3221,0.6682,-3.0709,1.3642,-4.0982
45541.58063,0.1739,3.6207,-1.1024,3.9613,-1.3453,-5.4892
44393.8972,0.3331,0.0966,-0.1827,0.5825,0.2895,-0.0456
44558.23405,-0.0205,0.1415,-0.026,-0.3944,-0.0431,-0.319
44858.8378,-0.1363,-0.2428,0.214,0.1171,0.0711,0.2943
45583.91981,-2.073,-0.7022,0.4412,1.2804,-0.6292,-0.2828
45227.69666,-1.69,-0.9181,0.457,-1.1661,-1.6107,-0.9681
44356.22759,0.0148,-0.0042,-0.0021,-0.0128,0.0407,0.0159
44688.48334,1.0999,-0.4978,-0.8491,2.9081,-0.7151,1.5798
45588.986,1.5295,0.8925,-0.3298,1.0159,2.2243,-5.0032
44768.27817,0.2688,-0.2245,0.0531,-0.2467,-0.2369,0.6306
44705.55222,-0.5537,-0.4472,-0.1167,1.2057,0.5679,-0.029
44834.44138,-0.0002,0.1278,-0.055,-0.1484,0.236,0.2535
44964.41575,0.1878,-0.0915,0.1153,-0.3373,-0.1926,0.1195
45216.9156,1.2954,0.0309,0.2295,-3.8887,2.844,-3.7503
45353.82701,0.7423,-1.9639,0.7262,0.1125,2.2946,1.8136
44718.64029,0.8474,0.3411,0.0098,-0.7918,-0.3732,-0.0279
44750.81749,0.222,-0.2837,-0.3166,1.3309,0.4335,0.0076
44765.26253,-0.2209,-0.3258,-0.0509,-1.4954,0.0527,-1.4588
44751.87299,0.2843,-0.4673,1.0372,0.6845,0.2062,0.2928
44873.22246,-0.0404,0.0568,-0.0337,0.4388,0.0577,-0.0081
45118.21188,1.0515,-0.4044,0.6894,-7.8634,-8.9629,-7.6458
45277.42517,2.055,0.4268,0.4566,-2.853,2.053,-4.2436
45285.35642,2.1571,1.0059,-0.41,-2.1732,0.1127,-5.6209
45359.97892,0.7832,3.0213,-1.3312,4.2786,-0.9774,-5.6229
44614.14591,0.3425,0.3033,-0.6688,0.2176,-0.1634,-0.9962
44644.45406,0.0104,0.1568,0.1508,-0.0583,0.2927,0.1941
44960.82708,-0.1187,-0.1141,-0.2241,-1.408,-0.6256,-0.5076
45138.01018,1.8665,2.7011,-1.0292,3.6102,-2.0037,-5.1437
45379.3696,1.1383,-1.0227,0.264,-0.7067,1.1105,4.0156
45407.44536,-0.5177,1.4328,-1.3534,-3.2801,0.0945,2.1469
45584.10072,1.5852,2.1542,-0.9272,2.926,-1.7879,-6.311
45410.67212,-1.1305,-0.2161,-0.2062,-3.3347,-1.7461,2.5673
44791.28759,-0.8096,0.4816,-0.1617,0.1408,0.4571,-0.4483
44612.4571,0.161,-0.4195,0.1249,1.0415,-0.7003,0.1667
44733.9599,0.0557,0.0342,-0.1424,0.3969,0.0958,0.4029
44953.8609,-0.03,-0.0178,0.0401,-0.6981,0.1391,-0.0443
45199.98258,-1.0008,2.2436,-0.2325,1.534,0.5336,-3.0642
45178.23954,-0.2643,0.7165,-0.3437,-2.5298,-0.3009,2.4604
45383.41056,1.1635,1.593,-1.789,2.5374,2.0115,5.1645
45592.60474,0.3449,-0.9533,0.4242,-0.4056,0.1756,4.8336
44869.51314,-0.065,-0.1217,0.0559,4.3354,-2.2888,-2.2154
45329.94301,-0.0982,2.9748,-1.3761,3.8124,-1.7503,-5.4988
45335.49181,0.6134,3.0632,-1.7646,3.6519,-1.6768,-5.3562
45575.59673,-0.0886,1.654,-1.1717,-2.2309,0.0172,2.4107
44806.3658,0.0013,-0.1741,0.0856,0.2175,-0.1019,0.3787
45064.78741,-1.5342,-0.9605,-0.0127,-0.9101,-2.1699,0.5896
44563.66242,-0.3438,0.1873,0.0596,0.1751,-0.0208,0.1119
45414.07976,-1.1018,2.4323,-0.8417,1.073,-1.36,-4.217
45625.85722,0.1162,0.1016,0.0345,0.5478,-0.3281,-0.383
44676.93327,0.8571,-0.1077,-0.1552,0.2756,-0.3301,-0.5374
45193.67981,1.4759,1.5701,-0.375,-0.231,-0.8763,-5.3895
45300.03767,0.3927,1.4237,-0.767,-3.3188,-0.3242,2.01
44728.80311,0.1016,-0.0484,-0.0198,0.204,0.0871,0.0763
45229.77752,0.6652,-0.6892,0.9006,-0.3184,-0.0083,4.8089
45521.97911,-1.1783,0.1283,-0.009,-3.2147,-1.1984,2.0164
45585.12601,0.553,-1.3895,1.0026,-0.0002,1.1905,2.1699
44492.79089,-0.0247,0.2581,-0.0512,0.6682,-0.3502,0.002
44795.69043,0.4205,0.3878,-0.1077,0.2925,-0.1317,-0.3594
44865.92454,0.0164,-0.2178,0.0121,0.5098,-0.3508,-0.1683
45081.04202,-0.7724,-0.073,0.1227,-1.9913,-2.0135,1.6429
45287.13564,0.4741,0.6162,0.2361,7.8845,1.6135,-0.9656
44398.75318,0.1666,-0.4886,0.1575,0.161,0.0235,0.1005
44360.63088,-0.0318,-0.0708,-0.0867,0.0602,0.5528,-0.453
45192.89575,1.8765,1.378,-0.1846,-0.0564,0.7343,-5.3612
45264.2769,-0.9457,-0.556,0.5371,-2.6361,-1.8037,2.372
45624.07796,0.2408,-0.1674,0.0733,1.4814,0.1649,-0.1771
45083.54501,-1.8463,-0.9652,0.2212,0.6383,-0.78,-0.9371
45454.3989,0.4303,-1.2207,0.5471,-0.9964,1.3035,3.9386
44391.75575,0.3395,0.1395,0.3931,-0.6657,0.0833,-0.129
45083.27362,3.2076,2.6391,-2.4719,-1.3097,0.718,2.8899
44718.45935,-0.4054,-0.2341,-0.5582,-0.8071,0.0823,0.0739
45235.32639,0.8796,-0.8975,1.1508,-1.1179,1.1585,3.1748
44449.12083,-0.2981,-0.3584,0.1602,1.3388,0.3282,0.4743
45038.46546,0.5175,-0.4187,-0.1718,-0.4826,-1.7562,1.7078
44578.22849,1.495,-2.0441,0.0314,0.1911,0.394,-0.7867
44485.91469,0.3163,0.1274,0.312,2.3413,-0.7378,-2.2448
44509.64946,0.2756,0.2114,-0.2155,0.3352,0.0492,-0.419
44721.53535,-0.651,0.2096,0.3281,-0.1331,0.2288,0.0427
45258.57728,-0.2835,0.8799,-0.265,-2.6859,-0.3275,2.3894
45515.58596,-1.2176,-0.5431,0.0952,-2.0305,-1.7728,2.1014
44971.14069,-0.0112,-0.1015,-0.0735,0.0916,-0.8784,0.6401
45103.53995,0.8149,-1.2816,0.8698,-0.7373,0.9723,2.6402
44367.5374,-0.4458,-0.0028,-0.7268,-2.6099,-1.4389,0.1651
44663.60386,-0.2919,0.33,0.1783,0.7656,-0.3213,0.0526
44693.00689,0.2405,0.5093,0.0024,-0.4154,-0.1685,-0.074
45012.5759,-0.1424,0.0315,-0.12,1.665,0.592,2.511
45305.85791,-1.3592,-0.8291,0.5414,-1.2676,-1.9403,-0.1322
45342.42784,-2.2208,-0.9207,0.2189,1.67,-0.3007,-0.6595
45525.59785,0.809,-0.9236,0.501,-2.646,2.9161,-1.2753
45535.36845,0.739,-1.6466,1.293,0.3137,2.1063,0.5514
44825.84685,-0.27,0.0224,0.2266,0.1091,-0.2136,-0.1004
45085.02271,-1.1754,-0.4764,0.1204,-4.3312,-1.9256,1.5005
45503.94567,0.7853,-1.8695,0.8175,0.6558,3.0046,0.1158
44400.29141,-0.0232,-0.0031,0.3541,0.3883,-0.0099,-0.0107
44793.94137,-0.4795,0.0863,0.0202,-0.7768,-0.1642,0.1652
44958.89704,0.215,0.1213,0.1208,0.0238,0.1023,-0.6629
45124.2585,-0.7678,0.4035,-0.0089,-2.7051,-1.5254,2.3505
44443.23974,-0.3512,0.0895,-0.0731,-0.4168,-0.1618,-0.2407
44928.6503,-0.3843,-0.528,-0.7096,-0.0736,-0.02,-0.0126
45563.68502,-1.7357,-0.7184,0.2343,-0.7932,-2.0925,-0.7381
44526.02539,0.3531,-0.0514,0.0712,0.5567,-0.324,0.3176
44770.23836,0.449,-0.1907,-0.1489,0.036,0.2995,0.0424
44866.34672,-0.1324,0.1413,0.1461,0.1396,0.3422,-0.3679
44883.65682,0.1092,-0.0436,0.275,0.1899,0.0954,0.2871
44909.95343,-0.1637,0.1461,-0.0312,-0.2123,-0.1448,-0.2629
45494.83847,-1.301,1.2167,-0.0492,0.6722,0.4378,-2.9848
44642.55417,1.4453,-0.8167,-1.4369,-0.1454,-0.9253,1.3165
44894.24189,-0.0761,-0.0936,0.1158,-0.1213,0.0367,-0.1544
44890.92461,0.0024,-0.2029,0.3354,0.3985,0.3062,0.4087
45220.96165,1.0793,-1.3024,1.3019,-0.8437,2.3123,-0.0635
44432.11072,0.0994,0.0058,0.0838,1.0862,0.4328,0.0213
45257.03927,-0.7631,-0.1093,0.3686,-3.6345,-1.5628,2.6924
45274.19842,1.3993,1.557,-0.6976,-2.0541,-0.8722,-5.5116
45352.22868,0.8029,-1.989,1.0873,0.1507,2.4008,0.3834
45547.73248,-1.2897,-0.6949,0.216,-3.3288,-2.3884,1.2983
44698.61614,0.1206,0.1618,0.4691,-0.0678,0.2289,0.1498
44961.00802,-0.1837,0.0599,0.0819,0.6016,-0.5924,-0.1903
44971.47242,1.771,2.2997,0.7188,-1.0761,0.9761,-0.8631
45057.79099,-1.0604,-0.422,0.0062,-3.8776,-2.3106,1.5709
45228.90294,0.8846,-1.2408,1.121,-0.098,2.2511,2.0869
44436.96649,0.1022,-0.0456,0.0792,0.3727,0.0184,0.0547
45295.81574,0.8959,-1.2015,1.3598,-0.2856,2.0079,2.0131
44930.7914,-0.1549,0.4143,0.545,-0.3443,0.2631,0.1743
45531.35769,0.6039,-1.5851,0.6086,-0.772,1.1187,2.6102
45616.7096,0.1672,-0.2759,0.4219,1.0192,-0.0494,2.9139
44975.96576,0.1435,0.1107,0.3918,-0.0358,-0.7518,-0.0137
44813.21131,-0.2336,0.1213,-0.1589,-0.0572,0.1443,-0.1728
45406.96285,0.1156,3.7489,-1.2111,2.4835,-1.8743,-4.5142
45335.0395,1.4503,1.272,-0.6915,1.8393,1.8413,5.4116
44714.0263,0.0433,-0.6912,0.6118,-0.0374,0.4181,0.2582
44464.2607,-0.7196,-0.0773,-0.2984,0.1654,0.1168,0.4948
44571.32242,0.4151,0.1977,-0.2312,-1.3639,-0.2159,-0.9611
44962.03335,-0.1764,0.238,-0.2685,-0.2701,-0.2796,0.4762
45321.34837,-0.2149,2.0956,0.5674,-3.0802,1.5763,-2.8592
44535.49503,0.1253,0.2434,-0.1261,-0.4514,-0.518,0.0111
44378.30435,-0.0088,-0.0618,-0.0168,-0.1848,0.0764,0.0694
44458.80195,-0.5079,0.6114,0.2194,1.7473,0.5574,0.0808
44418.5991,-0.9169,-0.4461,0.3612,0.4819,0.4276,0.2783
44645.9318,-0.1198,0.1048,-0.0228,0.0217,0.2669,0.3138
45562.99147,-1.103,1.1822,-0.1674,0.9267,0.2908,-4.0648
44873.91609,0.218,0.3786,-0.0125,-0.2499,0.3119,0.1609
44725.8176,0.0234,-0.4953,-0.1498,0.8393,0.2827,0.7428
45276.36971,-1.7893,-0.8212,0.3615,0.3013,-1.2758,-0.1615
45238.04052,-1.7411,-0.8149,0.2799,-1.8793,-1.5381,0.2187
45483.71087,-0.916,3.4383,-0.4296,3.4725,-0.0274,-3.6296
45033.76604,-0.6715,-0.3251,0.5993,-1.412,-1.286,3.0182
44705.64267,0.2777,-0.0349,0.143,-0.6426,-0.2918,-0.3362
45501.08083,-1.3539,-0.0717,0.1125,-4.6652,-1.21,1.2326
45525.95974,-0.8367,0.2652,0.0482,-0.7247,-0.9899,1.9624
44564.38617,0.0464,0.3303,0.5075,0.0991,-0.5806,-0.4689
44501.29559,-1.2385,0.7695,0.3572,0.3509,0.4454,0.9049
45474.03069,-2.329,-0.7531,0.3037,-0.5812,-0.9555,-1.4791
45481.53959,1.0422,-1.6378,0.7364,-0.1072,2.6409,-0.2238
45200.13336,1.7008,0.4648,0.3473,-4.4282,0.9972,-4.6536
45242.20215,1.7829,3.7782,-1.2556,3.2938,-1.7546,-4.7861
44859.50125,-0.0294,-0.1023,0.0746,0.5061,-0.0625,0.5173
44598.58476,-1.2669,1.0144,-0.5876,-1.3711,-0.6271,0.023
45062.37486,-0.5894,0.6021,-0.2686,-2.9433,-0.5506,1.7318
44910.46606,-0.1431,-0.0825,-0.0808,-0.7889,0.1047,-0.2853
44853.10815,0.1411,0.0272,0.0397,0.5053,0.2655,0.0053
45451.89594,1.0633,-1.7702,0.7947,0.3237,2.2114,-1.0093
45542.81702,-0.0103,1.479,-1.1049,-2.7753,-0.0393,2.3123
44623.4344,0.6644,-0.0346,-0.2091,3.8126,-0.434,-0.7668
44402.01063,-0.4675,-0.1577,0.3709,0.3187,0.4763,0.3266
45072.32668,1.9953,2.0197,-1.2011,3.0996,2.5733,4.5876
45372.79547,1.1117,0.7869,-0.7783,-0.1842,-1.3155,-4.7295
45413.92901,-2.0785,-0.6434,-0.1154,-1.8299,-1.7988,0.6853
45251.18886,0.9435,-1.1166,1.0141,-1.1851,1.3746,2.9987
44861.52173,-0.6282,-0.1272,-0.3217,-0.767,-0.1669,0.2443
44550.6343,0.424,0.0631,-0.0878,0.6096,0.1943,-0.102
45062.70658,1.668,2.4327,-0.7484,0.2569,-1.1261,-5.1105
45552.04479,1.0447,-0.934,0.4008,-0.9833,3.0947,-1.7061
44763.69436,-0.0573,0.1345,0.1966,-0.1607,-0.4648,-0.2085
44406.23325,-1.6853,-0.6939,1.8525,1.9938,1.0512,0.5373
45337.24091,1.1558,-1.5195,0.5152,-0.7914,2.3227,-1.0431
44865.20079,-0.154,-0.2395,0.0406,-0.7322,-0.3308,0.1308
44433.82985,-0.3666,0.111,0.3425,0.4878,0.1536,0.2056
45390.94974,-1.6711,0.1048,-0.0562,0.4323,-0.6197,-2.2924
44770.26851,-2.2837,-0.1809,-0.3731,-1.1621,0.5918,1.3094
44867.13076,0.3884,-0.2396,0.2437,-0.1989,-0.3444,0.3624
44992.8233,-0.0913,0.1144,-0.2506,-0.2849,0.5702,0.8644
45010.79664,0.131,0.1274,0.1562,-4.0026,-2.3976,-1.0707
44600.69578,-0.0819,0.724,-0.0081,0.6552,0.0398,-0.5406
44440.31421,-1.4188,-1.5312,-0.0538,-1.1208,-0.6974,0.5213
44903.49997,-0.0932,-0.0297,0.0015,-0.0177,0.0028,0.3866
44409.12871,0.1089,0.1235,-0.1439,-0.1324,0.1156,-0.065
44646.11274,-0.0968,0.0349,-0.0338,-0.1243,0.0825,0.0331
44899.30819,-0.1949,-0.118,-0.1932,-3.4858,-0.2751,-0.0103
44958.35422,-0.3358,-0.0144,-0.1357,-0.2959,0.01,-0.3516
45058.27354,0.9302,-1.7825,0.9866,-1.0846,2.0338,2.2294
45393.18132,-1.4004,-0.4646,-0.3101,-2.5461,-2.6804,2.2822
45491.28005,2.2707,1.9943,-2,-3.1937,0.025,4.0728
45234.78356,-0.6205,0.0225,0.3663,-3.7007,-2.2599,2.6849
45526.44222,0.8657,-1.6883,0.8226,2.0814,2.5086,-0.8573
44919.36221,0.0908,-0.1628,-0.049,-0.0213,-0.1827,0.0002
44549.06609,-0.1387,-0.0145,-0.0487,-0.7495,-0.2892,-0.4828
44914.59749,-0.2675,0.3081,-0.0384,-0.5956,-0.1588,-0.1447
44454.82093,0.5427,0.7544,-0.3411,0.4115,-0.1134,-0.2532
45130.28995,0.8996,-1.6158,1.4439,-0.7546,1.7961,1.4163
44511.33832,-0.0415,0.571,0.3076,-0.9711,0.1151,-0.4073
44829.28464,0.3535,0.1385,0.0969,-0.5453,-0.0359,-0.1876
45050.31209,-0.7146,4.2786,-0.798,3.1818,-0.5825,-3.109
44627.4453,0.159,-0.2936,0.3059,-1.6185,0.02,1.0543
44737.69935,0.4351,-0.3858,0.7208,-0.3568,0.7423,-0.2564
45243.40844,0.6481,1.6784,-0.6277,-4.5317,-0.7673,1.8896
45007.38894,-0.2671,0.1254,0.1682,-3.9815,-1.2056,-1.758
45158.99946,0.5689,-0.7292,0.8399,-0.1314,0.5722,4.0958
44773.43492,-1.2854,0.7127,0.1498,0.16,-0.7644,0.3095
45591.12709,-0.4363,0.7596,-0.3732,-1.8857,-0.6671,1.7782
44681.18541,0.1936,0.0228,0.2551,-0.3451,0.3776,-0.518
45213.46266,-1.7004,-0.7145,0.4574,-1.6868,-1.4902,-0.3839
44960.52554,-0.962,0.1007,-0.6897,-1.4283,-0.8443,-0.0418
44378.24405,0.0321,0.0036,-0.0644,-0.1206,0.057,0.2127
44718.67047,0.5594,-0.6386,0.9743,-1.0602,-0.1245,-0.2969
44899.60977,0.2286,0.2766,0.2979,0.2535,0.1207,-0.2089
44623.37407,0.2661,0.2826,-0.9286,1.3696,-0.2572,0.1095
45050.674,1.9124,2.5335,-0.7383,3.9419,2.6873,5.0067
45134.93416,1.3806,-0.1842,0.2526,-4.8565,3.0085,-4.5171
45190.96571,-0.5205,0.5467,-0.1439,-2.2517,-0.5727,2.5047
44529.52374,-0.221,-0.0883,-0.2729,0.1617,-0.1496,0.0542
45509.97693,-0.7805,-0.6237,0.5003,-2.595,-2.3368,1.0333
44860.25514,-0.2348,0.0309,-0.0947,0.1554,-0.0813,-0.4459
45613.53311,-1.3412,2.0478,-0.083,1.0458,-0.605,-2.7012
45228.17918,0.8086,-0.6044,0.8196,-0.3255,0.0753,4.2747
45522.94412,-1.6108,-0.6154,0.2438,1.7861,0.2266,-1.3592
44978.77036,-0.6272,-0.6875,-0.0004,-0.652,0.2128,0.0933
45456.96219,0.0937,1.2718,-1.2934,-0.2389,-0.0198,0.9007
45323.30856,-0.528,0.33,-0.6647,-1.7739,-1.1206,2.7986
45245.24798,-0.9029,-0.7329,0.5924,1.7972,-0.8466,-1.7212
45323.85136,0.4664,-2.0012,0.7588,-0.9114,2.67,1.321
44368.53267,-0.2497,0.1588,0.0314,0.1434,0.0592,-0.1581
45046.30122,-1.0731,-0.1553,0.1294,-4.9562,-2.4808,1.7651
44434.1013,-0.5326,0.0036,0.4616,1.7824,0.7867,0.78
45020.80865,1.3325,-0.5156,-0.3183,-1.2905,2.8581,-3.2045
44710.95031,-0.3872,0.0196,0.3007,1.2643,0.1994,-0.2381
45308.45138,1.7604,1.9512,-0.3324,0.1267,-0.2268,-5.351
45439.83337,0.8458,-0.4062,0.1899,-2.7257,0.6648,-2.735
44837.96965,0.1514,0.344,-0.174,-0.6343,-0.3158,-0.6102
45087.2845,-0.6488,0.6277,-0.4681,-3.3074,-0.0495,2.4741
44737.21683,0.2553,-0.2555,0.6775,1.7994,-0.0018,0.9152
45507.23272,0.4515,-1.6254,0.6574,-0.1847,1.2061,2.0458
45578.15997,-1.4937,-0.4277,0.3684,-3.4897,-1.9177,1.4599
44480.84805,-0.3284,-0.1509,0.5122,-0.4992,0.2094,-0.13
44606.75739,0.4841,0.49,-0.0805,-1.1114,-0.2084,-0.9896
44725.18432,-0.3226,0.2638,-0.361,-0.8756,0.1928,-0.4548
45490.04366,-1.3676,2.6639,-0.1142,1.5038,0.7663,-4.3493
44543.39642,0.5313,-0.7938,-0.0016,1.3882,-0.2371,1.4648
45461.12378,-2.2902,-0.7398,-0.083,-1.003,-0.88,-0.4565
44803.95328,0.2977,0.3988,-0.3328,0.4907,0.0041,-0.1935
44628.01832,-0.0799,0.5138,1.2688,-1.0621,0.9017,0.0637
45275.88722,1.4555,-0.5553,0.6739,-1.292,2.8405,-2.2945
44703.41107,0.3221,-1.0235,2.0119,1.6553,-0.3206,-0.8693
44845.08655,0.4018,-0.0772,-0.1479,-0.0844,-0.2114,-0.3081
45022.01493,-0.0173,0.4507,-0.5402,-1.1238,-2.1068,-3.0617
45291.68426,1.5546,0.9539,0.1567,-1.6631,1.78,-4.5233
44687.75959,0.4353,-0.1735,-0.4059,-0.1586,-0.389,0.1429
44704.25548,-1.2148,-0.9241,0.7756,0.1649,0.4745,0.6439
45012.36481,0.2126,-0.2105,0.0051,-1.0123,0.3613,-2.457
44410.75738,-0.3422,0.1167,-0.0492,0.5039,-0.0087,0.1991
45257.85349,-0.824,-0.3553,0.3302,-2.5681,-1.7917,1.9519
44643.60965,-0.1025,-0.0773,-0.2011,0.9691,-0.2038,0.9041
44764.20703,-0.0634,-0.4599,0.374,-0.1666,0.2386,0.1968
45332.92851,-2.6937,-0.5289,-0.1151,0.5608,-0.9783,-0.1077
44733.44724,-0.902,0.202,0.1923,1.0627,0.2778,0.3366
44715.02148,0.9174,-0.1984,0.4671,1.0332,-0.4677,0.0294
44391.60494,-0.7514,0.296,0.0792,-0.9653,-0.1588,0.3779
45395.92555,1.098,0.4689,-0.2111,-1.1228,-0.3446,-4.547
45302.84226,0.9088,3.8771,-1.173,3.8501,-1.5179,-5.2906
44834.35092,0.0036,-0.0577,0.0132,-0.1056,-0.0438,0.0546
45115.13574,0.6762,4.1245,-1.1805,0.7535,-2.5076,-5.3768
45353.19374,2.1036,1.8678,-2.6292,-1.293,1.1997,4.5139
45209.57243,-0.9604,0.7686,0.4123,0.5076,-0.6839,-3.142
44800.00281,-0.4002,0.1885,0.3969,-0.249,0.141,-0.1816
45289.32201,-0.1972,-0.3591,-0.8642,-1.6683,-0.4387,-1.313
44752.47614,0.4678,-0.5045,0.4526,-0.3349,-0.0552,0.3366
44900.24306,0.1773,-0.3328,0.193,0.3273,0.2797,0.249
45582.20088,-1.0552,-0.2452,0.1209,-2.0849,-2.0232,2.7123
44959.86205,-1.0893,0.867,-0.0123,0.9548,1.8838,0.9699
45405.00267,1.4406,2.1244,-1.9883,-4.2863,-0.2623,2.0648
44461.81781,-0.1008,0.0008,-0.3659,0.4892,-0.2067,0.0681
44531.60463,-0.272,-0.439,0.1997,0.4007,0.0929,0.5409
44556.09285,0.2895,-0.2018,0.0363,0.4871,0.1653,0.0088
44664.99108,-0.1112,0.2173,-0.2333,1.1331,0.3287,-0.4758
44694.15287,2.0645,-0.213,0.0254,-0.9338,0.4648,-1.3406
45358.59175,0.7131,-1.6392,0.8117,0.1846,2.0047,1.1741
44680.31081,-0.0065,-0.2833,0.2443,0.075,0.4319,0.0295
44409.5811,0.3121,-0.1266,0.0554,-0.1613,0.0095,-0.6541
45246.75581,-1.5932,-0.8497,0.367,-1.5849,-1.9312,0.5157
45329.33987,1.2615,-1.6775,0.5612,1.4066,1.5928,-1.4329
44461.06383,-0.2683,-0.1772,-0.0264,0.1933,0.3442,-0.0009
45013.9028,-0.5278,-0.0959,0.423,9.3681,3.6291,-1.5871
45362.69302,0.6674,-1.0101,0.3642,-0.1348,1.0207,4.5911
45253.54109,0.9957,-1.2057,1.0513,-0.0832,1.7223,2.1032
45010.46491,0.1726,-0.4157,0.1947,3.5825,2.2456,1.7225
45563.35335,0.3099,-1.2015,0.6365,-1.2522,0.9236,3.7482
44503.94953,-0.0547,0.1455,-0.1589,0.8196,-0.0509,0.1788
44700.78744,-0.1159,0.2996,-0.1752,-0.411,0.4314,0.3017
44555.06749,0.8064,-0.1667,0.2697,-0.0498,-0.14,-0.1139
45243.16715,1.3636,-1.0557,1.1981,0.9175,2.9229,-1.3081
45360.09955,1.1062,-0.8725,0.1702,-2.9208,2.5975,-1.6791
44992.73282,-0.2281,0.1204,-0.1117,-0.8633,-0.342,-0.185
44941.37621,-0.3251,0.7335,-0.247,-1.51,-0.3324,-0.8617
45579.81854,-1.6541,-0.6556,0.3005,-3.3471,-1.665,1.1004
45221.83618,0.6896,-0.8133,1.0181,-0.8057,0.8,4.5362
45360.28049,0.8661,-1.0843,0.2533,0.8307,0.7263,5.4747
44993.3058,0.1737,-0.2586,-0.0683,0.1364,1.1081,0.6154
45521.19503,-1.1661,-0.1315,0.0405,-3.3653,-2.0162,2.0743
44599.12759,-0.3859,0.1726,0.3489,-0.4251,0.1408,0.3273
44538.14896,-0.4296,0.2169,-0.0507,0.1431,0.064,0.0697
45115.67861,-1.0169,-0.2866,0.2243,-2.1688,-2.1709,1.3549
45152.57601,0.9449,-1.2941,1.2419,-0.9255,1.5241,2.3232
44403.4584,0.1576,-0.2993,-0.0609,-0.0554,0.061,-0.0899
45493.78301,-0.6753,0.5925,-0.4562,-1.279,-0.5186,2.6625
44473.94169,-0.4355,0.0639,-0.1843,-0.6296,-0.1177,0.0171
44669.18291,-0.2629,0.6809,-0.7915,-0.6958,0.3075,0.0212
45164.91021,-1.4922,-0.7738,0.5457,-0.1698,-0.833,-1.8851
45317.02092,-0.1011,0.649,0.0245,0.4672,0.1503,0.182
44880.00781,-0.1481,-0.3406,0.0084,0.3967,-0.228,0.27
45228.29982,0.427,1.5325,-0.7612,-4.2622,-0.142,1.7845
44379.57104,0.1356,-0.2231,-0.1217,-5.1466,-0.1348,0.3631
44466.94484,-0.1396,0.1104,-0.0395,1.7163,0.0044,-0.1148
44871.56385,0.0812,-0.0395,0.2099,-1.0676,0.2668,0.475
44485.61311,0.2239,0.3016,-0.3281,-0.9141,-1.1899,-1.4534
44997.67849,0.2624,0.0631,0.1369,-0.4892,-0.3671,-0.0328
45030.95142,-0.1445,0.065,0.0947,0.2109,0.2468,-0.3524
44610.708,-0.0334,0.1204,-0.0389,0.0379,0.0528,0.2245
45289.20138,-0.5408,-0.1802,-0.4226,-1.3609,-1.438,0.0447
44727.92857,-0.1174,-0.097,0.3118,0.9985,0.5054,0.3778
45417.2462,-1.4751,-0.5578,-0.0278,1.1014,-0.3218,-2.1054
44546.59316,0.1912,0.5992,-0.16,0.5339,0.2243,-0.2324
45101.36852,-0.1594,1.2664,-0.7759,-4.0565,-0.1229,1.6876
45174.28899,-0.558,0.2171,0.141,-3.1927,-0.6245,2.2817
45544.50579,-1.0308,-0.0097,-0.1545,-2.2113,-1.5404,2.2975
44521.23023,-1.6936,0.0537,0.4355,0.0541,-0.2299,0.9947
45306.82292,0.4742,3.7044,-1.0575,1.9726,-1.8147,-5.5808
44407.22856,-0.09,0.0318,-0.1126,0.5457,-0.2492,-0.4561
44672.16843,0.8283,-1.114,0.7881,1.1654,-0.2403,1.7683
45429.15801,-1.7535,-0.6631,0.064,-0.4273,-0.6968,-2.2855
44635.43703,-0.4279,-0.2102,0.8967,0.637,0.1107,1.0707
44487.15123,0.3981,0.5429,-0.1709,-4.6527,0.9104,4.684
45412.0593,0.897,-0.1598,0.135,2.9189,0.2688,5.0001
45555.63339,-1.0764,-0.1249,0.0178,-3.4349,-1.1836,2.6826
44657.05976,-0.4224,0.3059,0.178,0.2212,-0.3243,-0.9043
45266.7799,-1.6698,-0.6632,0.4861,0.0667,-1.0058,0.0477
44880.88235,0.279,-0.6086,0.0291,0.0187,0.1656,0.4607
44922.83016,0.1712,0.0785,0.1173,0.2569,0.2329,-0.5611
44524.33651,0.4267,0.136,-0.0892,0.2996,0.094,-0.7096
45234.2709,1.1578,2.9735,-1.0172,3.743,-1.2886,-5.6644
45007.41909,-0.331,-0.087,0.1164,0.2248,-0.5202,-0.9967
44408.31433,0.4807,0.3581,0.375,-1.0251,-0.0598,-0.3626
44797.28874,0.5669,-0.093,0.2205,-0.4906,-0.1968,-0.4497
44840.68374,1.6023,1.1785,0.5728,5.5636,-0.8709,2.4002
44813.72397,0.1593,0.3713,0.4394,0.1834,0.0879,0.2945
45328.94784,-2.4595,-0.5159,0.0347,-0.9466,-1.8382,1.1889
45346.6799,1.1303,-1.8212,0.7499,0.4777,2.6707,-0.9544
45021.89429,-0.3644,1.5511,-0.9095,10.209,2.2581,2.697
45248.17319,1.0272,2.03,-0.6139,-4.7403,-0.4951,1.5716
44745.96228,0.8121,0.0125,0.4334,-0.849,-0.4327,-0.0423
44474.81629,-0.7096,-1.0073,-0.631,2.6926,0.2203,1.1416
45364.32148,1.2906,2.1947,-0.5197,4.3015,1.3798,5.93
44870.93055,-0.0932,-0.0088,-0.0555,0.149,0.0405,-0.2749
45272.23825,-0.2686,0.8402,-0.0807,-1.7757,-0.2341,2.141
44735.6487,0.0323,0.1793,-0.1966,0.8567,0.0888,-0.0159
44760.43745,0.532,-0.0973,-1.3163,-0.5678,-0.0572,-0.1707
45093.04472,-0.5513,3.1111,-1.0178,2.5579,0.1497,-3.5556
44699.27959,-0.1508,-0.8289,0.1761,-1.1706,-1.0778,-0.4625
44808.53705,0.0707,-0.3249,-0.0797,0.2262,-0.1506,0.3013
45241.81009,0.683,1.6594,-0.8209,-4.0313,0.0173,1.7581
45481.44911,1.1381,-0.0898,0.2083,-2.7487,2.7025,-3.5124
45512.99255,2.6441,2.7072,-2.3785,-4.2251,-0.0968,3.5069
44363.58652,0.2528,0.6429,-0.5646,1.3892,0.667,0.571
45549.21014,-0.3781,0.7048,-0.5265,-2.1832,-0.0813,1.7544
44830.88294,0.0606,0.0237,0.138,0.0434,-0.2601,0.5249
45186.08033,1.8014,2.2962,-0.1358,2.7252,1.0856,5.5151
44761.61358,0.3816,0.0425,0.0262,0.6224,0.2563,0.0182
45547.12936,-0.9378,2.5445,-0.7985,1.6974,-0.67,-4.1929
45574.90313,-1.3075,-0.091,0.2662,-2.8896,-1.5137,1.9696
45112.57233,-2.0241,-0.636,0.2108,0.2867,-1.7513,0.0724
44767.13223,-0.0536,0.0858,-0.3319,-0.3688,-0.0087,-0.723
44384.6077,-0.1426,0.0789,0.0226,0.1968,0.2362,-0.1482
44736.5534,0.181,-0.399,0.0938,0.6401,-0.2596,0.8487
45073.53295,0.7909,3.8095,-0.8996,2.2838,-1.7155,-4.6416
45146.00179,1.5227,0.0882,0.4427,-5.0704,0.323,-4.9685
45234.45183,1.3201,-1.1559,1.4212,0.0416,2.4983,-1.0674
44498.49083,-0.2769,-0.3804,0.0932,-0.2313,0.0527,0.2873
45537.29847,-1.147,-0.0484,-0.1013,-2.6171,-1.5022,2.4781
45626.06831,0.035,0.0142,-0.0693,0.2865,0.0549,-0.2982
45301.93754,-0.7369,1.0504,0.1836,-0.4875,0.3146,-3.0631
45204.83784,0.0342,3.6942,-0.4027,1.7566,-1.0002,-4.3717
44587.00434,0.1454,0.4533,0.2697,-0.7882,0.0751,-0.9679
44730.67286,-1.0229,0.3961,-1.1324,0.6838,1.1563,0.0379
45582.35166,-1.3902,-0.34,0.6893,1.3734,-0.7325,-2.7156
44570.20661,0.1627,1.0423,0.2746,-0.2902,0.0205,0.0132
44577.86661,0.0248,-0.3452,0.6148,-0.1966,0.2024,1.2126
45065.75244,0.0548,4.044,-1.0353,4.6266,-0.8102,-3.158
45354.06825,-0.5383,1.0506,-1.1478,-3.6715,0.2439,2.1111
44395.25445,-0.4668,0.1704,0.2017,-0.805,-0.4268,0.251
45502.95054,0.8378,4.0732,-1.6871,5.2953,-1.4641,-5.6007
44367.65803,0.1247,0.1623,2.2306,3.573,1.0137,0.1935
45389.83393,2.0616,2.0021,-2.6365,-1.2961,1.2378,3.7527
44568.06542,-0.9239,0.3809,0.6955,0.9243,0.5119,1.0805
44746.47494,0.3321,-0.12,0.3134,-0.4798,0.1666,-0.8192
44840.17108,0.1225,-0.7291,0.02,0.4484,0.0991,0.1837
44808.14502,-0.2262,0.1281,-0.4344,-0.6064,-0.0729,0.1361
45538.80625,-0.0725,1.7416,-1.1378,-2.4337,0.1197,2.239
45112.93424,1.5389,-1.601,1.4164,1.6481,3.7647,-2.0174
45034.33901,1.17,1.2315,-1.3615,1.4149,1.6778,4.9135
44896.08145,-0.3974,-0.1777,0.0509,-0.4659,0.0242,0.7039
44942.03968,-0.1749,0.1771,-0.3641,0.4799,0.2717,-0.2749
44576.11748,-0.825,0.3529,0.2901,0.2982,0.4627,0.3948
44896.89569,0.3474,-0.6268,0.8664,0.339,0.0322,0.536
45467.63755,-2.2898,-0.6245,0.1246,1.9914,-0.3652,-1.1697
45495.77333,1.2053,1.5048,-0.6174,-0.4813,-1.3146,-5.3235
44850.9972,-0.2376,-0.2756,0.0066,1.0655,0.2269,0.1138
45097.74943,-0.9509,1.9876,-0.093,2.3173,-0.2096,-2.8035
45239.66896,-1.1886,-0.8365,0.5128,2.0547,-0.5799,-0.8761
45101.73043,1.5354,3.7981,-1.3952,3.2778,-0.779,-4.9681
44887.21531,-0.1276,0.6246,-0.2415,-1.1265,-0.1827,-0.1713
45276.76177,1.186,-1.1074,1.6454,0.3697,1.9385,0.7064
44669.90668,0.4907,0.1071,-0.8923,-0.3875,-0.4759,-0.1265
45413.89883,-1.6376,-0.584,-0.1786,-2.6587,-1.7902,1.617
44954.79575,0.1541,-0.1302,0.4411,-0.8861,-0.1997,0.1177
45272.87153,0.8394,-0.3183,0.7943,-0.0212,0.6892,5.0733
45448.75968,0.6289,-1.3251,0.8056,-0.1307,1.7304,3.1888
44557.26897,-0.0688,0.1285,0.0352,0.087,0.3437,-0.1978
44800.39484,0.0722,0.3798,0.68,0.185,0.1097,0.0508
44632.54191,-0.4992,0.3998,0.0743,-1.0496,-0.1932,-0.737
44657.87399,-0.319,0.1268,-0.9665,-0.7125,-0.4862,0.2142
45082.36889,0.9618,-1.1914,0.7775,-0.8792,1.1835,3.755
45557.95538,-0.3655,1.0839,-1.0073,-3.6785,-0.5337,1.9641
45450.11668,1.088,2.8334,-1.3294,3.0121,-1.6879,-5.1539
44903.56027,0.0269,0.5768,-0.7372,-0.1074,-0.0784,-0.0376
45100.8558,-1.0883,1.332,0.1803,0.5156,-0.4128,-2.1014
44387.62373,-0.0068,-0.0673,0.6187,1.2489,0.2761,-0.1401
44640.56378,-0.2811,1.3575,-1.5874,-1.1743,-0.6845,-0.8136
45005.82077,-0.0747,0.4916,0.0026,-0.9728,-0.0703,-0.4954
44956.87653,0.5596,0.8461,-0.3745,-0.0041,0.0532,-1.8109
45112.96439,1.1772,-1.8343,1.7221,-0.3518,3.3877,0.2864
44772.46993,0.1392,-0.008,0.2658,0.6375,0.1016,0.3187
45067.65233,1.4564,1.3986,0.0878,3.0616,0.759,5.0746
45081.28326,-1.021,3.2182,-0.2781,2.6234,0.2148,-3.2866
45535.7605,-1.8568,-0.6006,0.3399,-3.0595,-1.2721,0.5689
44590.71369,-0.8979,0.2666,0.9638,-0.2068,0.3744,0.3839
45571.1336,0.8398,1.9298,-0.5052,0.1471,-1.1836,-5.5549
44883.77742,0.0124,-0.1108,0.1133,0.4089,0.0152,0.1349
45509.10238,-0.9543,0.2795,-0.0938,0.5257,-1.0918,1.6092
45047.47737,1.1651,-1.8952,1.4442,0.8479,2.1421,-1.0691
45173.74616,-0.4393,3.2213,-1.1351,1.759,-0.579,-4.2606
45001.0259,0.0664,0.0507,-0.0169,-0.1144,0.179,-0.5277
45163.55316,1.3475,-0.1606,0.3814,-1.1362,2.8161,-3.4346
45210.6279,1.2421,-1.1433,1.2931,0.7978,2.4929,-0.7767
44369.82952,-0.0233,0.4335,-0.1702,-0.6094,-0.274,0.2245
44872.98122,0.1836,-0.2512,-0.1154,0.9245,0.1158,0.0582
45313.90974,-1.2244,-0.77,0.639,0.8803,-0.7247,-1.7375
44563.87351,0.5497,-0.1295,0.5976,0.3864,0.2259,-0.3802
45278.23941,1.4222,0.0509,0.4478,-2.5943,1.6394,-3.395
45355.75702,-1.5171,-0.479,-0.2451,-2.3164,-2.1015,0.953
45070.06488,0.8613,1.7785,-1.1724,-5.1813,-0.2827,1.7576
44560.70696,-0.0318,0.2708,0.3206,-0.1136,-0.2846,-1.1675
44689.93089,0.588,0.1917,0.1119,-0.3449,-0.0533,0.2168
45208.00429,-0.341,2.9147,-0.6357,1.3214,-1.1271,-3.754
45447.94544,0.6836,-1.5457,1.0005,0.6289,2.1624,1.5619
45453.97672,-1.9609,-0.6031,0.2443,0.4306,-1.3782,-1.2595
45205.19972,0.9962,-0.133,0.5246,1.674,-0.0022,5.2051
44739.08656,0.1835,-0.2433,-0.6159,-0.8498,0.0555,0.7742
44743.09738,0.2297,-0.144,-0.1299,-0.9321,0.2861,-0.8007
44894.15141,0.3072,-0.0579,0.2208,0.5622,0.2907,0.0398
45209.99464,2.1877,2.958,-1.1497,3.2245,2.6042,5.5057
44652.687,-0.6147,0.5379,-0.1406,0.0552,0.3325,-0.1124
45292.67944,0.948,-0.5451,1.0552,0.1352,1.3042,4.6567
44633.26571,0.0169,0.754,-0.5027,-0.6153,-0.6144,-1.499
45299.6758,1.6225,0.7072,0.21,-4.2187,0.6093,-4.284
44493.36389,0.1868,0.1346,-0.0776,-0.0974,-0.0372,0.212
44965.07919,0.3138,-0.4463,-0.2076,0.0089,0.3151,0.7997
45627.75708,0.0222,-0.011,-0.0096,-0.0435,0.0023,-0.0123
44625.33429,0.0343,0.2545,0.2468,1.1153,-0.0113,0.5859
44666.19739,1.827,-0.4281,-0.0765,-0.0843,0.5573,-1.5655
44680.34099,0.0802,0.4016,-0.4012,-0.7618,-0.1142,-0.6345
45358.95363,-1.9814,-0.5784,-0.3533,-0.9365,-2.3061,0.5362
45404.67097,1.5277,1.0402,-0.1845,-1.7862,1.0238,-5.096
44556.75631,-0.1535,0.1481,-0.1536,0.1873,0.0001,0.1677
45119.03116,-0.5349,-0.1561,1.7486,5.3311,11.7481,3.7531
44582.9029,-0.7736,-0.1767,-0.072,0.8997,0.2394,0.7907
45313.33677,1.6229,0.1148,0.6214,-4.1854,1.5125,-3.4247
45453.40377,1.0044,0.5052,-0.1425,-2.6063,0.9989,-4.5988
45065.23977,0.8917,-1.4806,0.9145,-0.9632,1.5395,2.7756
45130.74232,-1.4757,-0.6551,0.5738,2.0925,-1.2229,-1.2177
45542.78686,0.8715,1.9051,-1.3839,-3.6444,0.0917,2.1806
44686.91519,0.77,-0.0969,-0.3159,-0.8433,-0.196,-0.7988
45421.9808,-2.2439,-0.7177,-0.1711,-0.3451,-1.2371,-0.2145
44796.11262,0.4203,0.5399,-0.3908,0.5258,0.0731,-0.4774
44529.73483,0.6328,-0.2798,0.3176,0.0015,0.06,-0.2
45350.90181,-0.4955,0.8997,-0.9225,-1.6013,-0.606,1.5416
44896.71475,-0.5193,0.321,-0.9832,-3.2286,-1.3837,-0.5391
44869.87505,0.0986,-0.0311,0.1052,0.4719,-0.0686,-0.1566
44547.37728,0.7484,-0.6417,0.5113,1.6815,-0.1278,0.1943
44811.85428,-0.0423,0.0767,-0.3092,-0.3748,0.0675,0.0551
44862.51687,0.4786,0.2198,-0.06,-0.0932,-0.1846,-0.1571
45200.49524,0.1139,1.4667,-0.7411,-0.5694,0.2531,1.4007
45478.46365,0.5409,-1.2586,0.4906,-0.1985,0.0751,4.0374
45075.85501,-0.3744,3.8632,-0.319,5.3465,0.7293,-2.9156
44545.26622,0.1796,0.5122,-0.0454,0.1887,0.0783,0.2966
44727.17465,0.2673,0.0263,0.3449,0.1031,0.1218,-0.2658
45533.89083,1.5895,2.3404,-1.0049,4.5534,2.7293,6.1554
45523.27584,0.6891,-1.9189,0.7476,0.7676,2.2968,0.4871
45620.91151,-0.1842,0.0535,0.0057,0.0486,0.0031,0.1247
45249.68101,1.7376,2.2515,0.0839,4.8249,-0.4613,5.195
45625.07314,0.2166,0.1933,0.1175,1.6506,-0.2518,-0.9404
44473.73057,-0.1902,0.1717,0.0378,-0.8048,-0.5058,-0.2994
45140.84497,-0.4359,0.2915,-0.0433,-1.5904,-0.5942,1.8733
45131.85815,1.1109,-1.7966,1.4923,0.0563,2.0884,0.72
44923.765,0.0039,-0.8231,-0.2206,0.0119,-0.2115,0.4653
44788.33225,-0.0252,0.6544,-0.0648,0.0242,0.248,-1.0725
44434.85529,-0.5448,-0.2806,0.2827,-0.172,0.1445,0.4336
45289.47276,0.3371,0.6794,-0.2516,-0.0232,-0.816,0.1666
45384.4962,-2.1544,-0.7281,0.0074,0.288,-0.6461,-1.0671
45380.33462,-0.6844,1.0378,-0.7203,-0.9834,-0.5488,1.0027
44726.23978,0.3903,-0.5846,0.3848,0.152,-0.1662,0.1353
44366.69293,-0.3061,0.1817,-0.2332,0.6533,-0.1406,0.1512
45448.12638,0.4939,1.2592,-1.2799,-3.5944,-0.154,1.8152
44728.59202,0.3021,-0.0193,-0.3596,1.1072,0.127,0.511
45108.18438,1.1241,-1.4484,1.3394,0.8265,2.5207,-0.2961
45246.66533,-0.6491,-0.0406,0.296,-1.5809,-1.2744,2.1688
44476.08294,0.2559,-0.1456,0.0514,-0.569,-0.2294,-0.2639
45222.01712,-0.2389,0.6172,0.058,-1.7858,-0.7182,2.5278
44535.37439,1.0824,-0.2693,0.4434,0.8776,0.0781,0.828
45564.83098,1.0989,-0.5887,0.7853,-2.0703,2.4018,-2.1094
44464.95437,0.944,0.4511,0.1208,-0.8924,-0.0679,-0.7262
44607.30021,-0.1384,0.2465,0.364,-0.5367,0.2251,0.0903
45109.42086,-1.8111,-0.9313,0.2359,1.1488,-1.9435,-0.7194
45315.86991,1.1334,-1.0237,1.4055,0.1926,1.7964,0.8314
44471.34805,-3.9366,-1.1839,0.4984,-4.9491,-2.7096,1.1698
45079.65478,-1.3712,-0.7177,0.4462,1.5561,-0.6203,-1.6899
45324.36906,-1.49,1.4954,-0.1532,-1.6914,-0.1275,-3.0145
45153.17916,1.6388,1.4294,-0.3346,0.7942,-1.2357,-4.9084
44843.15654,0.5143,-0.8703,0.0114,-0.2435,-0.0969,0.1097
44674.00803,0.3685,-0.3884,-0.4045,1.5922,0.2697,0.0602
44973.28181,-0.2333,0.3367,-0.4039,0.1613,0.232,0.4934
44651.2093,1.1029,0.3745,-0.0904,-0.7175,-0.0958,-0.1904
45020.38647,-0.7434,1.6739,-0.502,6.6194,-0.7628,-1.8652
45131.64706,0.3276,3.668,-0.9126,2.7866,-1.6315,-5.9281
45544.53595,-1.178,-0.4315,0.0777,-2.0215,-2.1035,2.2037
45524.51223,-1.7672,-0.8584,0.2306,-0.5002,-0.9548,-0.8169
44417.36254,-0.027,0.3392,-0.177,0.0351,0.1054,0.0646
44455.18284,-0.2626,0.1233,0.3212,0.5584,-0.2276,0.4478
44586.09961,-0.4084,-0.6856,0.0536,1.0341,0.2548,0.4691
44622.92174,-0.1056,-0.2051,0.1452,-0.7095,-0.2578,0.5678
44628.8024,1.1194,0.0202,-0.4946,0.5643,-0.6247,1.2074
45203.48077,0.8493,-1.4844,1.1099,-0.5782,2.6283,0.7542
44712.2169,0.0911,-1.2076,0.587,-0.2699,0.5677,0.2633
45050.101,-1.0966,-0.3427,0.056,-1.9357,-1.7546,1.046
44848.13235,0.1834,0.0415,0.2658,-0.7225,0.1947,-0.2043
45135.74841,1.1842,-1.192,0.4781,-1.0317,3.8252,-3.6376
45339.32172,-1.793,-0.6354,0.1603,1.6714,-1.134,-1.6273
44783.86909,0.0355,-0.4101,0.0228,0.7448,0.1661,0.0113
45184.87404,-1.0053,1.0097,0.3785,0.4962,0.447,-2.4469
45412.36088,-2.359,-0.6569,-0.1898,-1.0843,-1.1451,-0.1891
45448.48826,0.0304,3.2295,-1.3571,3.3758,-1.5502,-5.2358
44744.96712,0.1446,-0.3773,0.2877,0.99,0.0639,0.4355
44762.0659,-0.7014,0.4099,0.0807,-0.8383,0.1969,-0.4558
44794.06201,-0.0232,0.4144,-1.2177,-0.8398,-0.5318,-0.7372
44445.74297,0.0471,-0.0061,0.0116,0.3372,0.3038,-0.4598
44880.52047,-0.0772,0.0504,-0.1725,-0.3593,-0.1089,-0.0852
45041.24995,-0.2702,0.1631,-1.623,-2.3257,-2.5119,0.0216
45104.29392,0.9578,-1.6536,1.2557,-0.2967,1.8318,1.5338
44466.2512,0.496,-0.2448,0.2158,0.0261,-0.0234,-0.5108
45111.33087,2.8959,1.1099,-0.3339,7.218,4.2401,6.2878
45138.97522,1.2038,-1.638,1.4468,-0.0022,2.5603,-1.0381
45510.67052,-0.4712,1.2026,-1.0749,-0.855,0.1878,1.6212
45624.65095,0.1912,-0.0171,0.017,1.0972,-0.3641,-0.6692
45162.1961,1.8846,2.2766,-0.2839,4.2506,0.9217,4.4719
45243.58938,-1.1532,-0.7435,0.4978,-1.245,-1.3371,0.5494
45007.66037,0.2564,0.383,-0.2151,13.485,4.9436,-0.2746
45078.62944,-0.2236,1.8934,-0.528,1.1323,-1.3213,0.9922
45602.13405,1.0805,-1.4464,0.7365,1.434,3.1301,0.1209
44534.89185,0.0414,-0.0606,-0.1745,-0.1456,0.0216,-0.0904
44592.37233,-0.6134,0.7147,0.6929,-0.6244,-0.362,0.2741
45503.31241,1.6081,0.8199,-0.2083,0.2588,2.0991,6.5078
44498.40039,-0.057,-0.1713,0.1534,-0.4079,0.1013,0.5057
45358.77269,1.14,2.0688,-2.0083,-3.1505,0.41,1.82
44381.3203,-0.2034,-0.0437,-0.1038,-0.1068,-0.4993,0.3572
45139.97041,1.026,1.8416,-1.1384,-5.2079,0.0867,2.6182
45310.68299,-1.491,-0.9513,0.7243,1.4348,-0.9912,-0.9024
45519.14445,1.0937,-0.4024,0.4094,-3.893,1.8516,-3.5566
45627.36506,0.0319,-0.0059,0.0104,0.0165,0.02,0.0136
44560.28473,-0.1761,0.2193,0.2088,-0.0088,0.1623,-0.1555
45511.15303,0.9629,-0.9947,0.4367,-2.739,3.446,-2.7239
44603.44008,0.0691,-0.3174,0.0621,0.6303,0.0234,0.0358
44611.16033,0.4782,0.3821,0.0948,-5.0386,0.9669,3.1405
45239.24679,0.9503,-1.366,1.1043,0.5677,1.8563,3.1939
45082.1578,1.1977,1.4554,-0.6105,0.7095,-0.4653,-6.0483
44854.79686,-0.0313,0.2268,-0.0461,0.6798,0.0306,0.1909
45518.11909,-1.4582,-0.4993,0.3888,0.3834,-1.0939,-2.4254
44834.8937,0.2063,0.077,0.344,-2.3526,2.1981,2.5199
45564.34848,-0.3738,0.841,-0.4879,-1.4495,-0.6199,1.4401
45404.64079,0.795,2.9085,-1.1998,1.7072,-0.7113,-4.9237
45056.34348,-1.652,-0.9675,0.1915,0.54,-1.0176,-0.7861
44632.18003,-0.2991,0.7092,-1.0743,1.2795,0.267,-0.1167
44916.70843,0.024,-0.257,-0.0272,0.4025,0.0391,0.073
45615.92053,0.3159,0.2574,0.564,-0.7888,0.7861,-0.6053
45619.3433,0.0078,0.0069,0.2196,-0.2778,-1.2245,0.1023
44809.47191,0.08,-0.1426,0.4269,-0.2431,0.2362,-0.3681
44433.7997,0.4732,-0.2206,0.1189,-0.2915,0.1409,-0.2383
44482.95916,-0.0132,-0.2959,0.3342,0.3593,0.1716,-0.0319
44642.19227,0.7031,0.1563,-0.4832,-0.6723,-0.1856,-0.0466
45124.98228,0.4935,1.5163,-0.8837,-3.1502,-0.2237,1.0559
44456.23842,-0.1311,0.0639,0.4663,0.2634,0.5701,0.6919
45123.59505,-2.0065,-0.5721,0.5102,-0.5224,-1.9153,-0.4016
44507.08599,-0.2831,0.0693,-0.0282,0.8918,0.3239,0.3058
45083.33393,-0.0642,0.8554,-0.7642,-1.1578,0.3367,1.6177
45381.66152,0.7432,-1.9835,0.6154,-0.3121,1.6262,0.2775
44861.40109,0.2338,-0.0208,-0.2895,-0.562,0.3272,-0.1732
44452.25739,-0.0622,-0.0276,-0.0299,0.0844,-0.1412,0.1526
44813.03037,-0.2479,0.1285,-0.4905,-0.7117,-0.109,0.0159
44921.80483,0.0497,0.468,-0.2095,-0.8172,-0.1897,-0.3249
44496.80196,0.3842,0.6983,0.7004,-0.6216,0.0564,-0.1656
45215.4932,0.4175,0.4893,-0.3289,0.9956,0.438,1.0479
45277.36487,1.5394,2.3182,-0.6124,0.6212,-0.5058,-5.8327
44799.09814,-0.5899,-0.1636,1.0534,0.0415,0.2379,-0.018
45394.3876,1.0567,-1.07,0.4906,-0.8748,1.7518,-1.2336
44398.72303,0.1043,-0.4971,0.2421,0.3454,-0.2436,-0.1793
45434.28459,1.1452,-1.9276,1.398,0.6132,1.984,-0.5743
45370.53374,0.9649,-1.851,0.6323,0.8654,2.0118,-1.0903
45481.72051,1.9618,1.5029,-1.2501,-1.8918,1.1097,5.1585
45621.42417,-0.1081,-0.0936,0.1551,-0.1448,0.0042,0.2699
45156.22504,-1.2119,0.2394,0.5853,-0.6124,0.1011,-2.3215
45552.73838,0.6778,1.9269,-0.252,-0.0056,-0.3946,-5.4038
45480.66505,1.3317,-0.2357,0.1051,-2.163,2.7085,-4.5427
44406.11258,0.2627,1.4619,-0.1992,0.7583,-1.7929,-1.2246
44775.87763,-0.3153,0.3884,0.2804,-0.0861,-0.0752,-0.0547
45612.29671,0.386,1.2478,-1.329,-2.983,-0.206,1.6466
44543.51706,-0.1144,0.0692,0.1097,-0.4216,-0.0997,0.0282
44852.65576,-0.3062,0.2989,0.2045,1.2972,-0.014,0.5262
44546.68365,0.1045,-0.1606,0.1486,-0.2552,0.1302,0.2055
44528.70945,-0.5494,0.0785,0.018,0.9058,0.2138,0.4675
44661.10081,0.2567,-0.3311,0.136,-1.1687,-0.6993,-0.0233
44781.00421,0.1955,-0.6182,-0.2438,0.2665,0.1388,0.1228
45149.04766,-0.8662,2.9582,-0.0749,0.6247,-0.3085,-2.6514
45294.00632,1.6377,2.0801,-0.857,0.7675,-1.8807,-5.0652
45407.41518,0.2115,1.5283,-1.2737,-6.8108,-0.4455,2.18
44367.68822,0.2953,-0.8939,0.5023,1.101,0.4058,1.3752
44836.9142,-0.0882,0.0176,0.1267,0.3549,0.1033,-0.071
44700.39536,0.4106,0.0127,0.5082,-0.6776,0.4376,-0.1372
45204.02358,-0.3327,3.5997,-0.69,3.008,-0.8356,-4.155
45318.41314,0.752,0.1596,-0.7934,-0.7507,4.2767,7.1089
44762.15639,-0.0178,0.3586,-0.1214,-0.7134,-0.1832,-0.2413
44900.45415,-0.0539,-0.0246,0.1277,0.204,-0.051,0.2764
45497.73347,2.2682,2.6981,-2.1939,-2.9982,-0.1405,3.2557
45590.28272,-0.5255,0.9685,-0.407,-0.303,0.1452,1.8484
44379.32977,0.2358,0.142,-0.0761,-4.9999,1.3566,3.335
44561.6117,0.0545,-0.1125,0.2634,-0.8726,-0.1364,-0.5684
45263.37221,-0.2897,1.2196,-0.6095,-1.6721,-0.0619,2.8569
45404.24877,0.0168,1.2372,-0.9927,-1.6596,0.0454,1.1111
44751.02861,0.218,0.8705,-1.0223,-0.8497,0.1096,-0.6639
44888.30096,0.0152,0.1789,-0.3291,-1.0441,-0.6264,-0.3274
45240.54352,-1.0702,2.8788,0.0543,0.1392,-0.0365,-3.9013
44998.61338,-0.1539,-0.0669,0.1154,-0.2905,-0.5258,0.0839
45006.78581,-0.1805,0.1812,0.1197,-2.4912,-1.319,-2.3292
45037.13856,-0.206,-0.1095,0.0322,-0.958,0.5578,0.6356
44710.16625,0.0062,0.0234,0.0565,0.0749,0.0926,0.3136
44787.30697,-0.3117,-0.1732,0.252,-0.3,0.381,0.249
44799.45998,-0.4329,-0.1788,-0.3304,-0.1984,-0.0071,0.2238
45063.76209,1.1028,-0.4973,0.3145,1.3808,-1.2028,5.1102
45074.82967,-0.9495,-0.114,0.1881,0.7056,-2.0331,1.5489
45250.07304,-1.0406,2.9393,0.2384,0.9175,0.7909,-4.2503
44580.30938,0.2689,-0.5109,-0.5459,0.6278,-0.0644,0.5688
45167.95606,-1.0334,-0.4775,0.2429,-2.2247,-2.0777,1.839
45439.32074,0.7653,2.1605,-1.7133,-3.3995,0.4435,2.1033
45284.69294,1.2368,-1.2972,1.081,-0.8311,2.1156,0.2912
45549.99421,-0.5059,0.8485,-0.4903,-1.5753,-0.47,2.1256
45602.7975,1.3247,1.8787,-0.2061,1.4252,-0.554,-5.7475
44601.96239,0.5553,0.7054,0.2812,-1.371,-0.6919,-0.354
45331.45086,-1.7475,2.1297,-0.2951,0.004,-0.7064,-3.2648
45559.40288,0.5992,-0.8526,0.6835,-0.8181,-1.0278,5.7568
44986.67135,0.0362,0.1395,0.2453,-0.8811,-0.4968,0.1593
45191.65933,3.264,2.8053,-2.8756,-0.5212,1.1564,3.5531
44800.1536,-0.3338,-0.0142,-0.1505,-0.928,0.2032,0.1196
45274.22857,1.4725,0.9749,-0.3567,0.1145,0.3975,-4.9217
44772.68102,0.2364,-0.2089,-0.109,-0.4945,0.1322,-0.613
45430.15317,1.2617,0.9109,-0.5467,-0.172,-1.1314,-4.6447
45568.47986,-1.5522,-0.6298,0.3166,-3.2466,-1.9181,0.8569
44567.40194,0.5086,-0.7194,-0.9164,-3.133,-1.5628,0.0159
44919.54311,-0.5503,-0.3135,0.4165,0.4808,0.3696,0.2713
44496.04802,-0.0166,0.4911,0.3595,1.5323,0.2458,0.6868
44920.35737,0.0738,0.0293,0.0783,0.0773,-0.1548,0.3984
45018.30565,0.1786,-0.7323,0.0782,3.7108,-1.2631,-1.9743
45169.22266,0.9357,-1.2736,1.2545,0.3024,1.2746,1.8523
45101.24789,0.8709,-0.1672,0.2172,1.9351,-0.4412,4.5594
44831.21464,0.1178,-0.0973,0.072,-0.5707,0.1403,-0.8217
45609.58265,0.7268,-0.2349,0.3629,0.7868,4.1699,6.956
44572.43824,-0.0683,0.5458,-0.1554,-0.6704,-0.1249,-0.352
45292.13662,-0.7185,-0.4482,0.6163,-2.2627,-2.4375,2.0127
45475.59881,-2.0732,-0.64,0.2989,-0.7051,-1.3876,0.693
44760.19621,-1.182,0.1054,-0.1456,-0.3475,0.182,-0.1665
44863.66283,-0.161,-0.0954,0.313,0.3146,0.3342,-0.2479
45053.50872,1.6516,-0.5315,0.3465,-4.0679,1.2362,-4.2181
45032.30847,-0.4727,0.4515,-0.2546,1.0398,-0.8665,-3.2144
45488.71677,0.6591,-1.9216,0.9793,0.5106,2.6918,0.2149
44355.29264,0.0138,-0.0071,0.0061,-0.0173,0.0214,0.0243
44491.52423,0.0324,0.8369,-0.1204,-0.9672,-0.3301,-1.4128
44679.70769,-0.2564,-0.5472,0.1181,-0.4051,-0.32,0.7185
45144.67488,1.5788,1.9406,-1.0244,4.4402,2.5531,6.0695
45163.25159,-1.735,-0.9456,0.5495,-3.622,-2.5727,0.6206
45183.9392,-1.7239,-0.6836,0.7297,-3.4027,-2.306,1.1683
45391.10053,1.1031,1.2027,-0.9838,0.8607,-1.6391,-5.1681
44698.85738,0.2703,-0.7238,0.2518,-0.3975,-0.3446,0.2231
44751.81269,-0.1083,-0.2069,0.1321,0.1905,0.1094,-0.2273
45583.31668,1.175,1.102,-0.1309,-0.455,-0.0455,-5.0584
44390.27784,0.2693,0.1038,0.2319,-0.0322,0.1074,-0.0168
44451.08116,0.3342,0.0518,-0.0014,-0.0026,-0.0308,0.1651
44531.21256,-0.2529,0.8285,0.0215,-0.8133,0.0428,-0.7296
44962.33492,-0.0427,-0.1477,0.0097,-0.0855,-0.1486,0.0721
44791.73992,0.1633,-0.163,0.4988,0.5282,0.1013,1.1047
45599.99298,-0.214,1.8775,-0.6533,-0.8747,-0.5405,2.2725
44363.79764,0.2877,0.4117,0.1401,0.2292,-0.2742,-0.6814
44417.2419,-1.2063,0.0067,0.1739,0.153,0.1604,0.7197
44481.08929,0.1643,-0.445,0.7636,-0.0944,-0.0805,0.3101
44690.89594,-0.2328,0.2953,-0.0917,-0.5437,-0.4056,0.6749
45141.41795,0.9466,-1.1187,0.9306,-0.8059,0.7489,4.0139
45338.2964,-0.0471,1.3541,-1.2645,-1.0542,0.0869,1.6812
44540.35047,0.2138,-0.4692,-0.0457,1.0102,0.3469,0.9403
44971.92478,-0.0636,-0.1878,0.0263,0.5291,0.2285,-0.3992
44394.37979,-0.1247,-0.1156,0.2606,-0.9187,0.1974,-0.4012
45018.09456,-0.8003,0.5893,0.5564,1.9408,1.6265,-0.7635
44564.47666,-4.1774,-0.8555,0.8317,-6.5718,-3.3823,4.9543
44997.91976,-0.1332,0.0386,0.1267,0.5342,0.4688,0.2561
44905.30933,-0.5184,-0.4601,-0.1605,0.7284,0.2526,0.1788
45104.92725,1.7603,0.7661,0.2237,-1.3691,-0.6384,-5.4757
45548.4562,-0.752,0.3614,0.0554,-1.4606,-2.1445,2.8437
44753.41097,0.3999,-0.3459,0.7692,-0.1477,-0.1269,-0.4466
44980.12739,-0.1969,-0.0097,-0.279,0.4201,-1.1132,-0.2821
45064.93819,-1.4003,2.878,-0.1559,1.1271,0.2772,-1.7575
45197.3891,-1.0354,-0.5169,0.336,-3.2388,-1.7597,1.6347
45241.99102,-1.5262,-0.7987,0.522,-2.3035,-1.9429,1.0355
45258.2757,1.6001,-0.9121,1.2597,-0.7077,2.1567,-1.2004
44715.53414,0.1776,0.6538,-0.1413,0.5484,0.1952,-0.5524
45356.99343,0.6293,-1.8928,0.7332,-0.3329,2.3911,1.417
45390.43705,1.2317,-1.453,0.9002,0.5006,1.8752,-1.3378
44873.70498,0.0989,0.4704,0.1298,-0.1302,-0.0555,-0.2567
45454.09733,-0.0426,3.5714,-1.0545,3.7911,-1.5027,-5.4531
45491.82286,1.0207,-0.3789,0.2394,-2.9729,3.1065,-3.238
45532.80518,1.3187,0.5235,0.2886,-2.284,1.6392,-4.2631
44714.90084,0.1275,0.1723,0.0382,0.7136,0.2428,1.2215
45577.79809,0.6871,-1.5515,0.959,0.0779,1.8803,0.6511
45624.22874,0.0852,0.2463,-0.0767,3.5046,0.4615,-0.614
44948.94545,0.5096,-0.1556,0.3299,-0.2382,-0.2876,-0.465
45595.07751,1.3851,1.8156,-1.31,0.723,1.3685,4.3541
45408.71193,0.9411,-0.8702,0.2521,-3.9184,1.0126,-2.9415
45094.16059,0.6966,-1.0705,0.6102,-0.733,0.8421,3.7869
45170.60986,1.577,2.7629,-1.0438,2.4676,-1.3695,-5.7512
45497.91441,-1.6826,-0.7247,0.1426,-2.6501,-1.7073,1.0219
44973.37229,-0.0211,0.17,0.11,-0.6908,0.0998,-0.9141
45071.84416,-1.9744,-0.9031,0.1599,1.6412,-0.8887,-1.3784
45244.61468,1.9462,1.5282,-0.3081,-1.5815,-0.2547,-5.0625
44817.46336,-0.4741,-0.0901,0.1718,0.2129,0.2219,0.0271
44450.53831,0.1492,-0.7832,0.6041,1.3886,0.1687,0.3331
44743.64019,-0.8275,0.1598,-0.1194,-0.2993,0.1056,-0.1156
44514.02243,0.5575,0.0373,-0.2307,0.0553,-0.1822,0.2335
44919.96534,0.5664,-0.4057,0.1287,0.3853,-0.1018,0.2334
44875.03187,-0.2607,0.5322,-0.1682,0.5894,0.3323,0.0295
45411.9387,0.9441,-1.7415,0.8637,-0.5325,2.2766,0.4447
44565.10995,-0.4992,-0.2488,-0.3571,-0.3039,-0.1607,0.1209
44372.36293,-0.0265,-0.0261,0.2286,-0.9362,-0.4943,0.1797
45538.11269,-1.3468,-0.5205,0.2431,-4.1337,-1.4566,1.4785
45076.51847,-1.9038,-0.7538,0.036,1.0752,-0.745,-1.0529
44825.42463,0.3634,-0.0586,-0.1501,-0.3069,-0.0452,0.4116
45169.64484,-1.464,-0.9008,0.375,1.4856,-0.5768,-1.588
44656.69788,-0.1364,-0.2486,0.0242,-0.7513,-0.4511,0.27
44830.43058,-0.1166,0.4918,0.0005,-0.2914,-0.0773,-0.5737
45034.09777,1.1477,-0.0908,0.1311,0.0369,0.181,-3.763
45370.80517,-0.3788,1.1865,-1.0559,-2.2411,0.0141,2.2471
44917.52264,0.1967,0.0555,-0.0879,-0.2882,0.1815,0.3662
45047.26628,-0.5966,3.2312,-1.0802,7.0716,0.1394,-4.1403
45543.75189,-1.4924,-0.5464,0.374,-3.4361,-1.7171,1.1235
44771.98742,0.0535,-0.5552,0.0774,0.1981,0.1519,0.6255
45516.15896,1.3901,1.3869,0.5847,4.1099,-1.1356,5.4393
45540.40454,0.5429,1.9177,-1.1688,-3.2688,0.2243,2.1992
45546.58655,0.8853,-1.7632,1.069,0.6274,2.4695,-0.0187
45579.54715,0.7013,-0.3101,0.6264,2.0269,0.5891,5.3276
44648.49511,-0.2522,-0.0732,0.3663,0.0438,0.4129,-0.6327
44908.11389,-0.1593,-0.4823,-0.3562,0.1334,-0.0676,0.2612
44934.92279,-0.4487,-0.1145,0.1608,-0.0056,0.4238,0.5075
44603.40993,-0.3593,-0.1671,0.0363,0.5186,0.292,0.3778
45286.44204,1.9826,2.1566,-1.7073,3.9701,2.866,6.084
45471.98005,1.0194,-1.5472,1.1393,0.8865,1.8312,-1.0992
44440.22376,-0.3663,-0.1561,0.1572,-1.5573,0.0576,-0.3068
45322.43402,0.2664,1.5906,-2.3895,-0.6896,-0.6472,0.981
45351.98744,-1.038,2.7772,-1.7895,3.9435,-0.2436,-4.3879
44914.95938,-0.1814,-0.1143,-0.069,-1.2809,-0.0838,-0.1665
44744.00208,-0.5014,-1.0556,1.1185,1.9302,1.0483,0.4601
45005.97156,0.1467,0.1667,-0.082,1.4863,0.013,-2.2981
44601.8116,0.2716,0.486,-0.391,-1.9737,0.0717,-0.902
44667.22271,-0.6911,-0.3785,-0.1848,0.2577,0.2579,0.2092
45147.66045,1.6147,-1.1773,1.0209,-2.0269,2.5623,-1.5199
45096.30183,1.3615,0.8108,-0.2684,0.0659,0.2835,-5.0755
45404.45986,-2.2046,-0.6102,0.0423,0.599,-1.1875,-0.9809
45431.08803,1.3983,-1.5552,0.7446,0.9605,2.3009,-1.4421
44417.84508,0.8939,0.4856,-0.2742,0.4505,-0.2309,-0.9235
45503.61395,-1.8759,-0.7059,0.2505,1.4856,-1.0194,-0.8801
45054.38328,0.8208,-1.763,0.9623,-0.36,1.6422,1.8124
44932.20875,0.3687,0.1489,-0.4187,0.1012,0.0192,-0.7639
45284.30093,-1.5554,-0.8865,0.5781,-2.2042,-2.6724,0.6355
44638.57343,-1.9221,-0.0105,-0.5591,1.1701,2.359,0.4999
45168.83062,-1.8535,-0.7817,0.5085,0.1534,-0.9667,-0.6086
45370.9861,-2.2679,-0.605,-0.2152,0.7094,-1.2047,-0.3819
44472.94644,0.3511,0.0046,0.3863,0.6325,0.3545,0.0618
45346.55929,1.1572,0.7753,-0.3142,-0.3979,-0.2277,-5.1592
44733.38694,-0.3541,0.6488,-0.9841,-0.4651,0.0892,-0.2636
45134.36116,0.8751,-0.3194,0.5768,0.7734,0.8653,5.0072
45293.79523,-1.4894,-0.9898,0.4569,-0.7326,-1.6113,-0.0338
44571.4129,-0.017,-0.4866,0.5725,0.8131,0.1901,0.8865
44831.54636,0.6051,-0.1001,0.4459,0.3818,0.0621,0.1641
45009.68085,0.0207,0.0446,-0.0536,-4.6727,-2.0294,-0.2131
44670.47965,0.0048,-0.1257,0.2418,0.1247,0.1083,0.163
45214.61362,0.643,0.7291,-0.1521,0.165,-0.377,0.0225
44980.45911,-0.0393,-0.3602,0.3836,-1.9817,-0.2526,-0.1333
45243.92107,1.4132,-0.6889,0.8522,-1.7987,3.656,-2.3543
45288.29167,0.1806,0.7525,-0.0794,0.28,-0.6523,0.7191
45262.13575,1.6673,1.9912,-0.7853,2.3285,-1.1847,-5.6676
45605.0592,-1.5224,-0.6203,0.5146,1.3856,-0.9415,-1.4572
45625.28423,0.0175,0.1389,0.0408,1.2544,0.3753,-1.0047
45144.91615,-1.4534,-0.9547,0.3784,-3.0023,-1.4961,0.3289
45202.69667,0.7759,-1.4742,1.1842,-0.0909,1.8069,1.0707
45256.43612,-0.8506,2.0322,-0.2769,0.49,-0.4319,-3.291
45548.03402,1.2535,1.0131,0.2593,-0.0996,0.5693,-4.9272
44921.92547,-0.2162,-0.0932,0.0581,-0.3349,0.3795,0.3259
44687.24691,0.1008,0.1013,-0.4671,0.1284,0.1114,-0.6552
44835.70794,-0.2383,-0.1498,-0.2869,1.0275,0.0695,-0.4661
44548.61373,0.2341,0.1474,-0.0081,-0.3435,0.0755,0.1365
44842.10109,0.0617,-0.3506,0.0449,0.1513,0.0499,0.0781
44847.13718,-0.168,-0.0777,0.2076,-0.0202,0.1765,-0.38
44949.27717,0.7191,-0.0928,0.0473,0.4523,-0.0032,-0.1946
45035.40458,-1.6528,-0.0799,0.1841,4.747,0.3986,-2.8718
44948.04076,-0.1074,0.4847,-0.2263,-5.3953,-0.2584,0.1179
44954.70529,-0.1236,0.032,0.287,0.0354,0.1167,-0.0916
44680.52193,-0.0961,-0.2021,-0.3389,-1.4371,-0.0957,-0.6844
45515.28442,0.6502,-1.3799,0.609,-0.1823,1.2771,3.456
45599.87234,1.0924,0.1296,0.6603,3.2584,-0.2724,5.0275
45128.99321,-0.7672,0.0758,0.1461,-2.6479,-1.7945,1.97
44934.22919,-0.1309,0.3344,-0.4347,-0.3816,-0.0709,-0.1812
44390.45882,0.505,-0.2623,0.001,0.7711,0.2043,0.5946
45237.6183,1.0992,-1.461,1.3193,1.2213,2.5129,-0.3781
45443.63308,-1.4645,2.1844,-0.6421,0.2538,-0.4481,-3.4273
45504.36785,-1.9782,-0.7528,0.0565,-1.6414,-1.8338,-0.15
45557.65384,1.1953,-1.5806,0.6164,0.2985,2.7057,-1.4656
45310.32112,0.9615,-0.576,0.821,-0.0785,0.1345,4.6712
44402.07096,-0.0894,0.0674,0.335,-0.5603,-0.0252,-0.0922
44882.45051,-0.2365,-0.6002,-0.0667,0.0432,0.1854,0.6833
44945.26636,0.0111,-0.0931,-0.6137,-0.2056,-0.4775,-0.1958
45395.62398,-1.5703,-0.5444,-0.1354,-3.2605,-1.9081,1.4624
44568.03524,0.801,-1.1505,0.5496,1.9301,0.6864,1.1098
45452.52923,0.4454,3.5807,-1.1989,4.2526,-0.9741,-5.454
44680.00926,0.2986,0.0837,0.2189,0.8541,-0.0841,0.477
45403.64565,-2.5126,-0.6452,0.083,1.5703,-2.0055,-0.8937
45568.11798,0.7827,-1.7976,1.4309,1.1073,2.4455,0.8609
44766.34816,-0.0336,0.6581,0.0008,-1.832,-0.0421,-1.0899
44402.61387,0.1804,-0.1766,0.2364,-0.0852,-0.1546,-0.2562
44529.67452,0.3388,-0.324,0.361,-0.6456,0.3149,0.0085
44601.14814,0.409,-0.11,-0.8691,1.3251,1.2915,0.7948
45033.70573,-0.3152,0.1409,-0.1792,-1.7006,-0.3604,2.4525
45367.5181,1.0112,0.3635,-0.1268,3.287,0.3501,4.8739
45061.86219,-1.3597,1.0497,0.353,0.4942,0.4359,-2.3818
44739.50874,0.8825,-0.1976,0.3951,0.9286,-0.1217,-0.042
45058.69575,-1.6023,-0.9882,0.2002,2.0317,-0.3726,-1.1933
45110.99911,2.1277,1.3942,-0.7924,1.7735,2.3981,5.2627
45612.38716,-1.1553,-0.1645,0.2196,-5.1719,-1.4953,1.4598
44462.11942,-0.1547,0.3088,-0.051,0.1282,-0.159,0.5675
44696.41468,0.2063,-0.3657,0.8215,-0.3297,0.1806,0.3769
45214.19142,0.0868,0.483,-0.1788,-0.1265,0.6171,0.5997
45112.33109,2.1013,2.162,-0.8936,-0.3719,2.9693,7.0387
44674.36991,-0.2953,0.5289,-0.0009,-0.4482,0.0545,-0.1868
45590.67475,0.7933,1.6517,-0.0111,2.5021,0.1708,-4.6594
45366.46261,1.6481,0.0736,-0.1701,-3.5857,-0.1699,-5.1511
45434.0735,0.4011,3.4581,-1.6192,4.559,-2.3517,-5.5483
44395.55605,0.5203,-0.372,-0.0738,-0.5046,0.0175,-0.1293
45321.89119,-1.2139,-0.5406,0.6533,0.7489,1.8211,-2.4032
44821.83605,-0.5837,-0.0672,-0.3719,1.0072,0.4862,0.1916
45240.57367,-0.1573,4.1414,-0.7325,3.1082,-0.6073,-4.3478
45607.13999,2.7247,2.6494,-2.1506,-4.6565,-0.6327,2.959
45447.13122,0.7983,-1.8132,0.949,0.6524,2.313,0.7085
45414.59244,-0.4895,1.1533,-1.3713,-2.825,0.141,2.382
44843.91046,0.1078,0.0217,-0.2532,0.6134,0.1018,-0.1926
45299.52501,-0.6384,2.6179,-0.4322,2.263,-0.4894,-3.9512
44854.82701,0.3401,-0.426,0.0538,0.039,0.0721,0.184
45296.96171,-1.0545,-0.7305,0.5301,-1.3878,-2.5916,1.4084
44824.76122,-0.2961,0.714,-0.2754,-0.465,-0.2275,-0.0157
44367.74852,-0.063,0.8588,-0.3851,0.4162,0.1928,0.6272
45407.74692,-0.7647,3.5609,-1.034,2.4113,-0.539,-4.3268
45094.19074,0.7393,-0.7154,0.5336,0.4553,0.8006,5.0277
44429.24554,0.2375,0.0639,0.1692,1.1747,0.1606,0.4205
45623.89702,0.3071,-0.004,0.0248,2.0825,0.4036,-0.0376
45186.65329,1.5072,-0.4462,0.5503,-2.646,3.1492,-3.4619
44708.0854,-0.0079,-0.0038,0.4614,-0.0657,0.0097,0.0112
44927.59484,-0.2503,0.1956,-0.4818,1.0143,-0.2831,1.0511
44607.72244,-0.4853,-0.2945,0.3878,-0.7659,0.1192,0.1277
44486.30675,0.0105,-0.049,-0.0124,0.3605,-0.474,-0.4496
44494.14801,0.8152,0.4185,0.3273,1.6433,-0.2777,0.7836
44400.56288,0.358,0.1907,-0.0253,-0.2527,-0.208,-0.1306
45164.4277,1.2063,-1.429,1.125,-0.4417,2.7073,-0.1552
45296.3284,-0.6474,2.2314,-0.8269,0.4489,-1.1195,-3.4673
45566.61019,0.5519,-0.9114,0.7948,-0.8418,0.5028,4.4376
45359.28535,1.1884,-0.6659,0.0497,-3.3327,2.4079,-2.7827
44961.36993,0.0117,-0.4706,0.3664,1.7147,0.2219,0.2472
45009.86179,0.0941,0.1328,0.2882,7.5416,1.9504,0.6997
44708.47743,-0.2326,-0.0726,0.2753,0.5759,0.2998,-0.0553
44543.698,-0.256,-0.6366,0.4456,0.6488,0.565,0.3532
44398.0293,1.1966,0.2117,-1.7178,-0.735,0.3819,0.0026
45275.97767,0.8425,-1.0421,1.2589,0.4596,1.9844,1.6246
44754.9188,0.1191,0.6786,-0.1223,-0.6259,-0.4217,-0.2548
45519.05396,1.6424,1.9428,-0.957,1.0075,-1.7184,-5.9001
44736.70418,0.5795,0.0488,-0.3365,-0.3986,-0.6656,-0.1857
44573.97628,1.7265,0.1072,-0.3653,0.3392,-0.3263,-0.0121
44974.12623,-0.0356,0.124,-0.019,-0.866,0.3681,0.1787
45044.76323,-0.26,1.2526,-0.7136,-3.5682,0.1674,4.3065
44662.81977,-0.051,-0.1029,-0.1222,-0.4203,-0.7182,0.2043
45164.78958,-0.9982,-0.4251,0.325,-2.5297,-2.2891,2.2178
44510.4939,0.0938,0.187,0.2272,-1.8533,0.0134,-0.7012
44465.76866,0.3905,-0.1301,-0.0629,0.3826,0.0306,-0.204
44645.26831,0.2517,0.2602,0.3135,1.4231,-0.7096,-1.3163
44505.15588,-0.3601,-0.1243,0.0265,-0.0645,-0.4555,0.4731
44559.5308,0.011,0.1373,0.1339,0.3626,-0.2297,0.2421
44647.56029,0.1181,0.9031,0.1188,0.7252,0.2997,-0.6476
44960.58584,0.7371,-0.6841,0.2268,-1.5338,-0.5326,0.7273
44705.16016,-0.2539,-0.0554,0.226,0.9478,0.656,0.2452
44771.14305,0.4335,0.0519,0.1391,0.9392,0.1139,0.332
45414.77338,-1.9546,-0.9626,0.2557,-2.3838,-1.573,-0.7918
45339.71374,0.5046,-1.38,0.2362,-1.0967,0.8168,3.7979
44858.80765,-0.0098,-0.1076,0.0807,-0.2869,0.0044,-0.1613
45587.84008,-0.9441,-0.2267,0.1094,-2.4656,-2.394,2.6802
45398.51904,0.4966,-1.2621,0.4509,-0.3519,0.7165,3.5628
44881.54581,-0.2329,-0.0019,-0.0899,0.0279,-0.0889,0.0031
45444.02511,0.8051,-0.258,0.3749,1.4478,0.649,3.6074
45128.69163,0.9545,-1.8257,1.5117,0.2305,2.94,1.1972
45301.21379,1.3174,3.3953,-1.4649,4.3418,-2.5479,-5.0998
45524.18054,0.5991,-0.8457,0.3415,-0.486,0.5693,5.1221
44962.99838,0.0641,-0.037,0.5461,0.0245,0.0714,-0.3379
44751.63173,0.0899,-0.3331,0.6238,0.7928,-0.1803,0.0227
45391.49255,-0.2697,1.1802,-1.6682,-3.9209,0.1119,2.2371
44760.52794,0.7032,-0.3275,0.5289,0.4112,0.0188,-1.0898
44820.72024,0.1751,-0.1174,0.3454,0.399,-0.2613,0.1264
45083.6958,1.4623,2.7749,-1.2516,2.328,-1.1988,-5.1319
44540.68221,-0.673,0.4825,-0.0745,-0.6425,0.0214,-0.5285
44686.46286,0.4297,-0.0887,-0.2703,-0.3107,0.0974,-0.32
45528.01036,1.1259,-1.3308,0.7093,-4.0601,2.5579,-1.6712
45330.48585,-1.4697,-0.5127,-0.2127,-3.0668,-1.5501,1.9627
44669.00197,0.079,-0.6136,0.4605,-0.6871,0.007,0.2297
45008.20318,0.7816,0.4938,0.3429,-0.7746,0.3521,-2.3766
44375.3789,0.0938,0.0565,0.0562,0.2517,-0.1639,0.2425
45429.76114,-0.3779,0.6674,-1.1802,-2.1553,0.5134,2.7729
44832.99388,0.0409,-0.2182,0.0203,0.2517,-0.0497,0.5331
44863.27081,0.0649,-0.0446,0.1062,0.1077,0.1198,-0.1407
45560.09649,0.795,-1.9445,1.0242,0.1275,2.5626,1.4776
44396.67206,0.3539,-0.9012,0.0001,-0.6911,-0.2038,-0.2905
45163.91504,-0.3264,0.6809,-0.1469,-0.3407,-0.4044,1.8196
44911.67233,-0.0256,-0.0155,0.0439,-0.0805,-0.0288,0.1938
45334.82841,0.9168,-0.8666,0.472,-3.4443,1.9173,-2.148
45496.43679,-1.5772,-0.0507,0.0408,2.13,-0.6117,-2.4613
44571.4732,0.0158,0.5947,-0.2099,-1.2531,-0.1439,-0.2898
44485.34171,0.0609,-0.1908,0.2834,0.2586,0.2016,-0.3003
44620.87101,-0.0466,-0.0723,0.1191,0.2031,-0.1299,0.2811
44620.90117,0.7336,-0.4047,0.5837,1.3736,-0.0265,1.0952
45272.20809,0.1895,1.4154,-0.6449,-3.8543,0.0216,1.7787
44509.01616,0.1086,0.0461,-0.1435,0.0336,0.0837,-0.5678
44578.89198,-0.4275,-0.0292,0.607,1.2141,0.6143,0.3928
45303.80724,1.4423,-1.0492,1.1637,1.0753,2.7675,-1.0128
45104.71613,-1.8229,-0.8187,0.0865,2.1158,-0.6922,-0.6971
45350.53993,0.8032,0.097,-0.2564,-4.7832,2.8202,-3.5494
44827.50542,-0.1741,0.0629,-0.1068,-0.0968,-0.1979,0.0877
44412.44636,-1.8275,0.1844,-0.0392,-1.2249,-0.2954,0.6996
44539.95841,0.2029,-0.0647,0.0521,-0.4743,-0.3459,0.1621
44934.50058,-0.032,0.2455,-0.2882,-0.2021,-0.0346,-0.799
45030.37339,-0.4775,0.0802,-0.108,-0.2207,2.1576,1.1105
45537.81112,0.5557,-1.577,0.9027,-0.6918,1.7246,2.3474
44863.90407,0.4955,-0.304,0.3328,0.306,0.1011,-0.3577
44747.6209,0.4391,0.249,-1.156,-1.2884,-0.308,-0.3361
45073.5631,1.3369,2.7121,-0.8694,2.258,-0.6218,-5.2785
45220.26804,1.0869,-0.3653,0.7165,0.9682,0.3124,5.1413
45342.78972,1.196,-1.7698,0.7935,1.154,1.3733,0.976
44966.46642,-0.0892,0.071,-0.0448,0.3715,0.8963,0.0077
45357.95844,1.9972,2.9677,-2.8488,-2.2928,0.2992,2.293
44651.54102,0.1685,-0.0897,-0.4494,1.4805,0.7323,0.2839
44539.11398,0.0018,-0.1514,-0.1384,-0.8201,-0.1722,-0.6895
45196.06221,1.6614,1.3841,-0.2258,0.8279,-1.062,-5.029
44978.01645,0.3208,-0.2939,-0.1512,0.8084,0.2468,0.8676
45555.09057,0.6426,3.8878,-1.1218,3.8421,-0.2475,-5.7047
44633.32601,-0.5946,-1.238,0.1221,-0.5711,-0.2637,-0.1005
45311.82892,1.2174,-1.2502,1.5264,0.5649,2.639,0.0744
45356.51095,-1.4041,-0.2348,-0.1709,-3.5592,-1.8236,1.3386
44384.3061,0.0223,0.1601,-0.0933,-0.0398,0.1731,0.0457
45484.37429,-2.0607,-0.6561,0.1371,-3.7078,-1.4759,-0.134
45522.58223,0.6689,-0.4221,0.3607,3.3265,0.9576,5.2026
44584.83299,-0.9545,0.9317,0.1324,-0.6903,-0.1045,0.3005
44635.01482,0.0814,-1.1468,1.1398,-0.2823,0.0338,1.4091
45360.61224,-2.1116,-0.6537,-0.0674,1.908,-1.0497,-0.6263
45528.40239,-0.9755,-0.6117,0.2237,-2.7586,-1.994,1.826
44727.44604,0.2625,0.2814,-0.0715,-0.5397,0.2046,-0.3751
45564.13739,0.4584,-1.3174,1.0147,-0.1117,1.7645,2.357
44477.6512,0.1813,-0.1049,-0.1575,-0.1086,-0.0567,0.4428
45627.00318,0.0101,-0.0085,-0.0144,0.0168,-0.0266,-0.0403
44803.25971,-0.6537,-0.3654,0.2715,0.2345,0.1106,-0.1299
44833.44621,0.2984,0.4425,-0.3257,5.3349,-1.5461,-2.6834
44383.58229,0.1436,-0.217,0.0044,-0.0832,-0.1298,0.0038
45294.3079,0.8563,-0.2984,0.9677,0.8397,0.6158,5.3937
45547.09917,-1.6664,0.6777,0.292,0.9015,-0.0623,-3.2802
44987.33483,-0.0403,-0.0776,0.0945,-0.363,-0.1464,0.2535
44971.6232,0.2848,0.0454,-0.2246,-0.5698,-0.5395,0.0888
44598.64508,-0.5525,0.1053,-0.0214,1.2106,0.2031,0.8935
44922.98095,-0.0074,-0.0276,0.2711,0.2736,0.3444,-0.1313
44845.9611,0.4158,-0.1138,-0.0954,-0.0138,0.1273,0.1202
44663.39277,-0.1702,0.004,-0.2042,-0.0495,-0.5086,0.3817
44862.09469,0.4175,-0.0471,0.5192,0.4778,0.1513,-0.1485
45550.68776,2.3831,1.7683,-1.5752,-2.8621,0.1238,4.737
44750.00329,-0.5645,-0.9178,-0.0192,3.3194,1.0319,0.8211
44970.23599,-0.1372,0.1962,0.331,-1.9812,-1.7836,0.6008
45012.45526,0.4123,-1.137,-0.0729,0.1403,-0.0687,-0.2383
44414.91953,0.1507,-0.0319,-0.2985,-0.3679,0.1506,-0.1944
44386.65856,0.022,-0.2117,0.1652,-0.1736,0.0579,-0.3714
45286.56267,-0.4008,0.5923,0.1255,-1.9582,-0.6161,1.8844
45596.16315,-1.6618,-0.6044,0.366,-0.5359,-0.8735,-0.6516
45153.11886,0.5879,4.2312,-1.3406,2.7739,-1.9053,-4.5419
44649.79188,-0.3102,0.4514,-0.721,-1.9552,-0.0813,-0.2069
44702.77777,-0.6774,-0.3578,0.4405,0.8099,0.4583,0.1954
44742.46411,0.1356,0.2218,0.7479,-0.3825,0.2193,0.3696
45108.72723,-0.7473,2.9524,-0.6361,2.745,-0.213,-3.264
45124.80134,0.9021,-1.3435,1.1075,-1.1647,1.8904,3.6658
44596.95627,0.4792,0.6322,-0.6139,0.2677,-0.6577,-0.4019
44880.61096,0.0807,0.0445,0.2347,0.412,-0.0196,0.2416
45483.8918,0.8126,-0.8581,0.1243,-3.0716,3.4613,-2.2066
44503.88919,0.0364,0.128,0.0737,-0.213,-0.1242,0.0507
44851.93203,-0.0464,-0.0919,-0.0042,0.8106,0.3317,-0.3778
45562.6899,0.6125,1.3897,-0.9222,-5.3033,0.1361,1.982
44525.27142,-0.0947,0.2844,0.0643,-0.1702,0.0854,-0.0289
45165.72448,-1.329,-0.7222,0.6288,1.5204,-0.4733,-1.7733
44610.94924,0.2194,0.0359,0.3901,-0.3066,0.465,0.8101
44802.05343,0.0662,-0.0631,0.0545,1.1885,0.1838,0.0847
44378.96786,-0.0065,0.0433,-0.0154,-0.1615,-0.0527,-0.1262
45304.35006,-0.7608,0.0615,0.5894,1.7741,-0.5255,-2.8087
44441.18885,0.4345,0.1664,0.2371,0.4587,0.1115,-0.0493
44427.67724,-0.2466,0.4504,0.3643,-0.9898,0.1517,-0.4166
44513.87165,-0.0035,-0.0494,0.0892,0.1878,-0.0906,-0.002
44825.60557,0.6963,-0.1137,0.046,-0.1709,-0.0321,-0.0577
44463.32577,0.18,-0.0513,0.0645,-1.8811,0.0488,-0.8625
44867.07046,1.0056,-0.0872,0.2668,-0.8291,-0.0983,-0.4109
44855.30955,0.6756,-0.279,0.1078,0.8423,0.1196,0.3469
44896.44332,-0.6875,0.2237,0.0676,1.811,4.096,-0.0318
44919.93514,-0.0609,-0.0628,0.2576,-0.2805,-0.013,0.2108
45243.2878,0.7536,-0.5949,0.8218,-0.4987,0.1069,4.3047
45558.9807,-1.5211,-0.6071,0.4024,2.7767,-0.0783,-1.8586
45590.0113,0.7152,-1.09,0.5827,-0.2716,0.8145,2.0523
44952.11186,0.219,0.0256,0.2516,-0.0764,-0.1304,-0.1139
45182.31071,-0.9795,-0.4394,0.3958,-2.4446,-2.3157,2.2989
44462.24006,0.5765,-0.3077,0.4765,1.0145,0.2376,0.3502
44390.63979,-0.3029,0.088,0.3017,-0.4271,-0.3646,0.2626
45138.13082,1.3961,-0.7722,0.4508,-1.3995,2.8387,-2.6005
44747.47011,-0.0578,0.3518,0.5074,-0.254,-1.9888,0.5137
45076.18675,0.6763,-0.8,0.3456,0.7291,-0.8301,4.1196
45484.2235,-0.1274,1.2628,-0.9059,-0.9936,-0.5004,1.2897
45341.37236,2.7948,2.1912,-2.6803,-1.5424,0.2229,4.2967
44388.52854,0.0742,0.0039,-0.058,0.5678,0.2386,0.2256
44487.00044,0.6332,-0.0874,0.6822,-3.5748,0.353,2.2266
45048.05033,1.2483,4.4992,-1.5634,3.0855,-1.7685,-2.9693
45128.48054,0.8801,3.5443,-0.979,2.3362,-1.5924,-5.6974
44566.82894,-0.0307,0.061,0.0827,0.2691,0.3848,0.5781
44648.28402,-0.2697,0.0949,-0.4879,-0.7081,-0.1413,0.2232
45399.36343,0.6365,-1.0206,0.5081,-0.6012,0.9479,4.6349
44360.41976,-0.0737,-0.0739,0.0595,0.5742,0.1648,-0.4509
44571.14148,-0.3414,0.7195,0.1057,-0.5177,0.8321,-0.9586
45503.16163,0.7434,-1.9674,0.9641,-0.0597,2.3228,0.2167
45025.63378,-0.0611,0.032,0.1091,0.6997,0.6164,0.4328
44606.1844,0.2664,0.1591,-0.5685,0.5539,0.023,-0.5066
44863.15017,0.0419,0.0459,0.0556,-0.0148,-0.2837,0.0936
45093.1352,1.4152,1.1608,-0.404,1.395,-1.5514,-5.0533
45433.59099,0.4924,-1.1424,0.4726,-0.5843,1.0238,4.613
44360.93249,-0.0232,0.0954,0.2832,0.8966,0.2866,-0.6902
44877.6857,0.129,0.0215,-0.0666,-0.4431,0.0397,-0.2147
45375.14768,1.0619,2.0709,-1.2223,2.6785,-0.9738,-4.9971
45598.12329,0.9046,-1.8082,1.0172,1.4561,1.6761,0.3369
44720.72111,0.0057,-0.2555,0.262,1.1978,0.0105,1.275
44806.60704,-0.1201,-0.0144,0.1097,0.5711,0.1584,0.6602
45548.06417,1.3297,0.2329,0.5601,-2.932,1.7633,-4.1603
45618.64972,0.4045,0.3064,-0.0569,-0.3714,0.0166,-0.664
44784.62299,-0.3993,-0.0074,0.0308,-1.963,-0.0231,-1.4514
45345.926,0.7539,-1.9994,0.8143,-0.7377,2.2124,2.0911
44550.93587,-0.5424,0.043,-0.1431,0.2884,0.3395,0.4719
44927.50439,0.0695,-0.6306,-0.2382,1.09,-0.1094,1.0611
44871.71461,0.1661,-0.155,0.3274,-2.0688,1.5508,2.1625
45512.20849,3.4204,3.2574,-2.7579,-3.6335,-0.1048,3.6509
45391.22113,1.3279,-1.6259,0.8776,0.0746,1.9306,-1.8257
45392.03537,1.1144,-1.7957,1.2211,0.1205,2.2054,-0.9198
45103.90186,-1.9336,-0.6997,0.0413,0.679,-1.8107,0.0639
45268.34803,-1.313,-0.7422,0.5932,-2.2471,-2.4787,1.0969
45046.18058,3.559,2.9156,-2.6316,-3.7984,0.6439,3.1247
45489.01834,-0.9668,-0.3515,-0.0502,-2.2605,-1.5167,2.4688
44753.38082,-0.2472,0.4061,-0.415,-0.5094,-0.1887,-0.3641
45488.02318,0.4399,-1.1996,0.6256,-0.2798,0.5494,5.0719
44464.17021,0.1807,-0.7544,0.1999,2.608,0.2991,0.4009
45338.50751,-2.4829,-0.4647,-0.1751,0.8972,-0.7057,-0.8828
45071.90446,-1.3967,-0.4644,0.48,1.2126,-0.1861,-2.1812
45068.7983,-1.2236,-0.1167,0.4182,0.9629,0.6575,-0.9923
45404.21862,1.1349,2.1871,-1.5375,-3.7073,-0.321,1.141
45306.85307,1.5951,3.2303,-1.2498,2.0031,-1.9827,-5.3884
45140.12119,-1.1233,-0.4137,0.1686,-2.7972,-1.7892,1.5848
44518.09378,-0.0547,0.3421,0.1738,-0.8315,-0.0183,-0.1942
44883.74727,0.1133,-0.2603,0.3219,0.577,-0.0148,-0.1325
44793.97152,0.6044,-0.1911,-0.0391,0.5122,0.0595,-0.0187
44491.19245,0.2478,-0.4789,0.381,1.2017,0.5615,0.3368
44820.8107,0.335,-0.3307,0.0701,0.4604,-0.0482,0.4896
45586.9354,-0.3594,1.3821,-0.8505,-1.4707,0.4207,1.7249
45065.17947,1.2559,-1.8038,1.1769,0.9939,2.5171,-0.8639
45345.23242,0.6151,-0.7524,0.0093,1.0004,0.5813,4.8246
44850.87657,-0.0877,0.0139,0.11,1.2428,0.1222,-0.013
44897.70988,-0.1143,0.4347,0.2665,-1.9545,-0.4488,-0.5358
45134.45165,1.0801,1.9165,-0.9023,-4.4088,-0.3425,1.6844
44376.55509,0.0056,0.0257,-0.074,-0.0205,-0.4946,-0.2833
44885.67733,-0.7685,-0.0315,0.0329,-0.2959,-0.2461,0.2764
45004.01139,0.0149,-0.0685,0.0581,0.4706,-0.2872,0.276
44464.89404,0.6733,0.1288,-0.1636,-0.5664,-0.157,-0.3981
45311.64798,1.842,2.1242,-0.6915,0.2567,-2.0482,-5.5473
44497.10356,-0.3722,0.2291,0.1711,-0.7539,-0.3105,-0.1407
44940.71278,-0.1806,-0.1851,0.2438,-0.0033,0.087,-0.0929
44997.28646,0.1795,-0.0004,0.0015,-0.4125,0.2571,0.4971
45300.27892,-1.0692,-0.8285,0.7707,1.7318,-0.6955,-2.0838
44423.69614,-0.318,-0.6126,0.0968,0.1511,0.3285,0.491
45175.9778,-1.6731,-0.9355,0.5681,-2.4901,-1.8805,0.4336
45495.50193,-1.6292,-0.514,0.1149,-2.6278,-1.9382,1.5271
45083.90689,0.9637,-1.5584,1.3411,-0.1036,1.2713,1.4902
44665.14186,-2.4455,0.0742,0.1112,-6.8719,-1.6098,1.9381
45261.14059,-1.4262,-0.9044,0.5205,-2.3497,-1.6584,0.1798
44581.69661,1.1544,-0.6496,-0.7129,3.3586,-0.0181,0.8294
45048.71378,-1.9851,-1.0559,0.5452,2.355,-0.5362,-1.7363
45384.16452,0.7006,-1.0693,0.5701,1.4079,1.827,5.135
45597.00752,-1.134,-0.3397,0.4303,1.9556,-0.0957,-3.0192
44886.40109,0.5583,-0.2411,1.122,0.9925,0.4246,-0.4988
44616.89023,0.0354,0.084,0.4925,-0.1609,0.3147,0.3279
45437.78273,-1.0067,0.3359,-0.3746,-4.0815,-0.8915,1.932
44433.13619,-0.331,-0.1205,-0.0733,-0.019,0.0097,-0.4571
44954.04184,0.1977,0.1366,-0.0853,1.0124,0.4799,-0.155
45356.05856,1.0819,0.2722,-0.308,-5.2051,0.9349,-4.5192
45613.23157,-0.4815,0.5137,-0.3217,-3.1249,-1.1676,2.3045
44780.0392,-0.2185,-0.8115,-0.3847,1.3975,0.2569,0.5134
45512.23864,1.1534,2.5485,-1.3933,-3.7739,-0.7086,1.1648
44528.58882,-0.3367,0.054,-0.0265,-0.0621,0.1188,0.011
45123.95692,1.2819,-1.8509,1.6746,0.151,2.5854,0.0906
45296.99186,-1.3672,-0.7626,0.8166,-1.4547,-2.4954,0.4528
45427.83113,0.7608,-1.033,0.4061,-2.0812,2.3499,-2.3291
45506.84069,-1.6763,-0.669,-0.0814,1.8148,-0.2456,-1.86
44489.50358,0.0853,0.2909,0.0798,-0.3435,-0.1817,-0.213
44904.28403,-0.0378,-0.1844,-0.9743,-0.7481,-0.6124,-0.3997
44403.00596,0.1244,0.492,0.0946,-0.1785,0.054,-0.2377
45501.20147,-1.8142,-0.873,-0.07,1.7683,-0.4619,-1.9056
45600.50561,1.1046,-0.6587,0.6399,-1.3974,3.1544,-0.5703
44799.15844,0.1798,-0.7826,0.1078,0.2903,0.5762,-0.1467
45340.67875,-0.6714,0.9271,-1.3234,-2.4767,-0.4774,1.4591
45563.50411,0.3588,2.2358,-0.8132,-2.4935,-0.7058,1.7686
44801.54076,0.1706,-0.4778,-0.0227,0.8348,0.1143,0.3447
45007.44925,-0.3395,-0.233,0.232,2.9561,0.1539,-0.0512
45257.91382,-1.6309,-0.7897,0.6442,-2.516,-2.0669,0.7156
44802.65655,0.0989,-0.0717,0.2022,0.9114,0.0232,0.3474
44632.81335,1.0235,-1.4455,-0.5332,3.0022,-1.0347,2.2182
45594.89657,1.0964,-1.6464,0.7565,0.3699,2.1338,-0.6056
44461.72736,-0.0712,-0.4533,0.1327,-0.2042,-0.036,0.1113
44594.24211,-0.4703,-0.4702,0.1396,1.537,0.5819,0.5427
44710.1361,-0.0676,-0.2424,-0.215,-0.0781,0.0409,0.3206
45143.46861,-0.4008,2.9691,-0.69,2.6477,-0.3733,-3.6878
45486.2138,1.116,0.6721,-0.1446,0.0029,1.9081,-4.4154
44846.62452,0.3313,-0.0156,-0.1823,-0.1993,-0.0403,-0.2482
44511.42881,0.008,0.061,0.3407,-0.3059,-0.0204,0.245
44941.97935,0.3549,-0.0213,-0.4461,0.035,-0.3317,-0.4543
45534.49395,0.9366,-1.021,0.6602,-0.6064,2.5742,-1.1009
45577.91872,0.9433,0.5929,0.6054,2.5637,2.07,5.842
45591.85083,1.1725,1.7206,-0.8942,0.5681,1.6222,4.5387
44515.83193,0.049,-0.0055,-0.2245,-1.43,0.0093,-0.5531
45612.96014,0.5883,-1.1528,0.9089,0.0406,1.7043,0.9834
44735.0154,0.3272,-0.2577,0.0743,-0.4258,-0.1756,0.3655
45406.87236,-1.4911,-0.8778,0.099,2.2993,-0.2749,-1.4874
44830.03855,0.7292,-2.264,1.0458,5.4903,1.001,1.8558
45534.76533,0.5009,1.5676,-1.3604,-2.9649,0.2562,1.8415
45100.46374,0.8163,-0.7783,0.3863,0.1348,-0.3054,5.0308
45560.54882,-1.7771,-0.7313,0.0059,0.9506,-0.9431,-1.876
44988.32996,-0.195,0.1512,0.1956,0.1988,0.0003,0.7762
44785.10554,0.2024,0.5619,-0.1984,0.7947,-0.1789,-0.0329
45002.80513,-0.0435,-0.029,0.0258,0.3275,-0.3362,0.3578
45452.58953,1.2921,0.9171,-0.2435,-0.6266,-0.2416,-4.9841
45322.46417,-0.4714,1.1908,-1.9572,0.0018,-0.7679,0.4761
45506.901,-1.3114,0.3285,0.1474,3.0149,0.3958,-2.5051
44883.68697,-0.0439,0.02,0.287,0.0204,-0.1819,0.0121
44393.71623,0.4604,0.295,0.067,-0.5419,0.1163,-0.5286
45029.37323,0.4559,-0.201,0.0501,0.4265,3.9966,-0.8301
44625.87714,0.0443,0.1277,0.119,0.5621,-0.0245,-0.4289
45550.83855,-1.0403,-0.0709,0.1619,-1.6982,-1.6901,1.4553
44598.76572,0.3783,-0.5698,0.0502,1.5355,-0.197,0.7583
44531.00147,-0.4866,-0.7742,0.3177,2.7377,1.022,0.8203
44631.54671,-0.3269,-0.3719,0.0454,-0.0518,0.0252,-0.0742
45585.54822,-1.8759,-0.6412,0.5188,0.139,-0.5769,-1.5983
45525.71847,0.4678,-1.3969,0.4906,0.2583,0.7094,2.8897
44512.63515,-0.2717,-0.4257,-0.0834,0.4774,0.0301,0.4592
44828.80214,0.4162,0.0326,0.4409,0.6425,-0.2857,0.0762
45598.24392,1.0395,0.5654,0.2404,4.4021,-0.5794,4.4245
45601.25954,1.2738,0.4419,0.3817,-3.3545,1.402,-3.6363
44917.58294,0.1255,-0.1813,-0.3124,0.398,-0.0194,0.2063
44696.23374,-0.5424,-0.3524,0.2993,-0.1034,-0.1305,0.0861
44829.737,-0.0437,-0.3587,0.154,-0.4776,0.0154,0.0899
44901.11759,0.1287,-0.2523,-0.0689,0.7187,0.2649,0.1018
44728.0492,0.9682,-0.4576,0.2235,1.1138,-0.3237,0.3386
44795.26825,0.0238,-0.3669,-0.0406,-0.0843,-0.0833,0.2041
44808.74817,0.4485,0.0467,-0.3185,-0.3265,-0.02,0.1711
44856.72687,0.0105,0.011,-0.1169,-0.4147,-0.2086,0.0038
45091.05423,0.9731,-0.5973,0.4597,1.328,1.0959,4.6321
45165.60384,-1.2293,-0.7065,0.4049,-1.0805,-1.7471,1.5723
44964.65702,0.0398,0.2723,0.2797,0.6858,0.4576,-0.2625
45196.00188,0.3501,3.6568,-0.9986,2.1623,-1.967,-5.6277
45334.13479,0.5751,-1.8866,0.8024,-0.0828,1.9338,1.431
44965.95374,-0.2173,0.3237,-0.3154,0.9349,0.3877,-0.0467
45141.53859,2.764,2.9454,-2.1369,-3.5311,0.5082,3.6032
44445.71279,-0.3121,0.284,-0.2455,0.1272,0.1419,-0.211
45415.19556,0.565,-1.4975,0.529,-0.045,1.4551,2.7623
45425.99158,-1.6952,-0.5737,0.2394,2.2708,-0.3049,-1.9465
44568.33682,-0.246,0.7669,0.0753,1.5419,0.4753,-0.4806
45034.94717,0.9938,-1.2591,1.6146,0.8186,0.6975,-0.958
45219.78554,-1.9934,-0.7789,0.4684,-1.6101,-1.1367,-0.1084
44630.55151,0.0302,0.039,-0.0644,-0.0179,0.0627,0.0545
44815.89522,-0.6989,-0.5436,-0.1525,0.303,-0.1414,-0.0215
44433.98067,-0.3338,-0.2117,0.0748,-0.3313,0.1396,-0.6694
44920.74939,0.1856,-0.1122,0.0115,0.1229,-0.0122,-0.2197
44568.15588,0.4219,-0.4532,0.0826,-0.7778,-0.6197,0.2762
44699.3399,-0.1753,-0.1702,-0.1245,0.4,-0.0388,-0.0955
44482.5671,-0.0881,-0.2641,0.1355,0.844,0.395,0.0881
44710.52813,0.505,-0.2434,-0.2402,0.4385,-0.4269,0.4332
45167.68467,0.7139,-0.9306,0.8293,-1.0841,0.4339,3.8775
44871.23213,0.0291,0.0776,-0.082,0.1591,-0.0526,-0.0916
45380.21398,1.4096,1.2158,-0.33,2.7629,0.3922,5.0297
45387.69281,-2.3554,-0.6191,-0.1392,0.5574,-0.6438,-0.7918
44453.13203,0.3968,-0.0782,0.139,-0.0156,-0.016,0.0315
44834.0795,0.1526,-0.0185,-0.0115,-0.0502,-0.2458,-0.1244
44907.5409,0.0091,-0.1171,0.1702,0.6563,0.3891,-0.2246
44994.54223,0.2331,-0.2607,-0.05,-0.1037,-0.4389,-0.1195
45482.74585,-1.5494,-0.6322,0.1561,-2.2402,-1.9498,0.8837
45564.71034,0.8286,2.9189,-1.077,3.2272,-0.9559,-5.0359
45377.80148,0.6526,-0.9808,0.3427,0.4543,0.4821,4.3696
45606.47653,-0.9349,0.0644,0.2799,-2.9717,-1.5919,1.9068
45233.51697,1.6968,0.8535,0.1791,-2.1501,-1.1406,-4.2334
44939.38592,-0.131,0.7011,-0.2389,-6.3537,0.9812,1.0521
44875.81596,-0.3885,-0.1504,0.3196,-0.2507,0.227,-0.0783
45323.67042,1.1342,1.265,-1.1614,-0.7506,-1.2336,-4.9275
45482.14272,0.1015,3.0541,-0.971,3.7622,-1.5635,-4.9531
44648.22372,0.6553,-0.2718,0.7303,1.5387,-0.3308,0.63
45169.70517,-1.0958,-0.2822,0.6568,-0.4776,0.0249,-2.1946
44739.2675,-0.1973,-0.1739,-0.1409,-0.3894,0.1249,-0.3851
45036.25397,-0.2468,0.1652,-0.1638,-1.0522,0.8613,0.0185
45181.46633,-0.5676,0.233,0.0781,-2.0241,-0.33,2.1207
45336.39652,1.0645,-0.1194,-0.0247,-4.2343,1.3557,-3.7426
44470.47345,-0.4843,-0.3377,-0.1114,-0.1869,-0.0684,0.3271
44489.11151,0.1165,0.1244,-0.4482,-0.0828,0.4465,-0.0967
45454.57985,-0.5241,0.9084,-0.8603,-2.4201,-0.9018,1.8058
45476.5035,-1.2722,1.7177,0.2369,0.6877,-0.2128,-2.6345
45144.49394,1.2273,-1.317,1.0466,0.4706,2.4949,-0.8434
45236.23108,3.6909,3.6607,-2.7167,-1.9364,0.8071,3.4428
44665.98626,0.9926,-0.181,0.7046,0.3309,0.0733,0.7973
44645.78101,-0.0288,-0.0089,0.0568,-0.1759,-0.1058,0.2894
44759.35183,-1.3583,-1.2383,-0.4583,-1.174,0.1105,2.4171
45342.97065,0.7787,3.0297,-1.8425,-2.9828,1.0328,2.8238
44824.42949,-0.0976,-0.064,-0.1038,0.9516,0.3083,0.1624
45122.81095,-2.5695,-0.692,0.638,-0.0899,-2.0158,0.2849
45597.61064,-0.8789,0.3942,0.0883,-1.3523,-0.9318,2.0326
44478.9782,0.3593,-0.298,0.4329,0.7301,-0.0603,0.5402
44512.36375,0.4146,-0.082,0.0809,0.0426,0.1911,-0.1819
45372.34311,1.4705,1.5231,-2.2387,-3.713,0.795,1.989
45494.26552,0.8485,-1.0846,0.5774,-1.0349,2.5264,-1.3232
45574.63171,0.5107,-1.2821,0.8368,-0.7847,1.3972,3.8294
44866.31657,0.0738,0.0956,0.0619,-0.9913,-0.1321,-0.6777
44759.98512,-1.0673,1.5644,-0.8719,-4.1252,-1.1237,-0.1169
44785.40708,1.3332,-0.8586,-0.4623,4.5331,-0.0819,1.5641
44497.91785,0.4083,-0.3541,0.3079,-0.5854,0.215,-0.1066
44842.58357,-0.2734,-0.1207,-0.4037,-1.5429,-0.4091,-0.2099
45023.91482,0.5074,-0.1705,0.4039,-2.0875,2.3062,4.611
44609.10968,-0.2366,0.3043,-0.1278,0.7522,0.242,0.3285
45063.4907,1.1102,1.5852,-0.6956,0.4161,0.1833,-6.0406
45422.97595,1.0147,1.2632,-0.6789,1.6468,-0.9548,-4.8817
45439.95401,0.9217,-1.3619,1.0622,0.4739,1.3238,1.0314
44381.35048,0.2683,-0.2246,0.0231,-0.2755,-0.282,0.396
44573.04141,-0.285,0.0508,-0.0352,-1.7721,0.1546,-1.1364
44996.08022,0.0535,-0.027,0.0983,-0.5265,-1.0679,0.3491
44359.06258,0.2203,0.0864,-0.7997,0.5685,0.0104,1.6379
45614.67903,0.6635,-1.23,0.7199,-0.1396,2.2345,-0.7637
44983.74617,0.0374,-0.0825,-0.1368,-0.2198,-0.9147,0.0512
44700.48584,-1.5847,0.4229,-1.1543,0.8624,0.2712,0.3599
44438.77611,0.2453,0.3689,0.0258,-0.1026,-0.2211,-0.383
44450.38754,-0.1435,-0.3041,0.2686,0.2962,-0.2373,-0.5013
45087.31465,-0.8984,0.2118,-0.0692,-2.783,-0.8675,2.4099
45001.26713,0.0341,-0.1233,0.0361,-0.2534,0.0647,0.0627
45219.00147,-1.7622,-0.7992,0.3061,-0.0829,-0.9605,-1.2335
45556.32696,0.0726,1.3911,-1.068,-4.5649,0.0164,2.4441
45392.9099,0.6496,-1.227,0.7,-0.8318,0.9215,4.26
44501.35589,0.5548,-0.3776,0.3542,0.3513,-0.39,0.9394
44390.00642,0.2335,0.3215,0.1055,0.2129,0.2384,-0.807
44487.60357,-0.2914,-0.2366,0.5111,-0.9398,-0.0403,-0.0063
45536.00174,0.9813,1.6539,-0.7526,0.7942,-1.1549,-5.8448
45429.97223,-1.93,-0.5603,0.1667,1.2267,-0.8909,-1.0698
45594.05221,1.0026,-0.9177,0.2545,-0.3323,3.0543,-0.5622
44707.99492,0.3412,-0.0371,-0.0074,-0.0714,-0.0671,-0.1605
44643.7906,-0.5439,0.5431,0.7332,-0.955,-0.5298,-0.794
45056.37363,-1.5349,-1.0629,0.1112,1.5885,-0.4493,-1.5677
44623.16298,0.5239,-0.4226,0.5698,1.2399,-0.2624,1.5147
45115.22625,2.2612,0.8508,0.0011,-1.4729,-0.0423,-5.5923
44895.50847,-0.2513,-0.2567,-0.3154,0.3825,0.1209,-0.5018
44869.09096,0.0074,-0.0665,-0.1067,-1.1915,-0.3523,-0.1641
45372.88596,0.915,-0.9247,0.4674,-0.8295,1.9399,-1.7765
44366.45166,-0.4459,-0.847,-0.3173,-0.4759,-0.4211,0.2514
44614.65858,0.719,0.1181,-0.5808,1.004,-0.1674,0.6948
45079.62463,-1.7645,-0.7441,0.3092,1.0432,-0.9704,-0.5284
45585.18634,0.5795,-0.8131,0.7894,0.3529,0.5344,4.4458
45057.91163,-1.4838,-0.9318,0.0802,3.0435,-0.7002,-1.6618
44418.2975,0.4271,0.3555,0.0693,-0.9352,-0.7637,-1.093
44750.96827,0.0526,-0.299,-1.3218,0.7661,0.4367,0.2668
45343.96584,-2.3208,-0.6358,0.2233,-0.2026,-1.628,0.8384
44837.51731,-0.0656,-0.1776,-0.0057,-1.2736,-0.2159,-0.0573
44926.69014,-0.0124,0.2283,0.5716,0.3134,0.444,-0.0514
44763.96579,0.2117,-0.3277,0.3784,0.879,0.7046,0.5417
45080.64996,1.5242,-0.3223,0.3672,-4.0938,1.158,-4.6605
45315.96039,0.9157,-0.3588,0.9345,-0.1894,0.34,4.1934
45625.43502,0.0688,0.0965,0.1857,0.6494,0.1262,-0.6801
45533.58924,1.3332,0.8694,-0.202,-0.7112,-0.4889,-4.8439
44667.82586,0.1811,-0.4581,-0.3925,0.5291,0.1728,0.1287
44795.44919,-0.3485,-0.0832,-0.2534,0.0462,-0.0764,0.0375
45291.80489,1.1115,-1.4169,1.564,1.0942,2.8231,0.2915
45311.73844,1.595,0.0529,0.581,-3.3649,1.8805,-3.13
44592.25169,-0.5159,-0.5751,0.1969,-0.6022,0.0107,0.0972
45601.44048,0.8562,-1.0566,0.9529,-0.2956,1.5568,4.2237
45529.48804,0.1118,3.5698,-0.2555,0.4066,-0.1181,-4.537
45577.82827,0.6125,-1.3669,0.8701,0.0425,1.3053,2.0725
44540.22984,-0.2579,0.7842,0.0835,0.0406,-0.0699,-0.4577
45123.32362,1.9438,1.4333,-0.2191,2.6588,1.2413,5.7793
45176.64124,-0.5026,0.9023,-0.3661,-1.3645,-0.0433,2.0702
44961.49053,-0.3098,-0.1755,-0.4586,-1.0734,-0.5167,0.0691
44506.63363,0.073,-0.2124,0.4138,-1.0445,0.2665,0.0216
44947.4678,0.0753,-0.0722,0.1835,-0.2399,0.2011,0.1012
44903.10794,-0.42,0.1358,-0.1647,-1.3897,-0.4267,0.0972
44742.97677,-0.8175,-0.0473,-0.2672,-0.9546,0.0271,0.4562
45158.30586,0.9627,1.6591,-1.0524,-3.3387,0.2733,1.7952
44674.12867,0.0321,-0.3481,-0.6106,0.0953,0.0337,-1.3414
45097.23674,0.8852,-1.6403,1.2755,-0.0807,2.1215,0.6677
45532.38301,-0.3537,1.3141,-0.0962,0.0327,-1.8547,1.0242
44585.22502,0.1589,-0.2397,-0.6829,2.6573,0.3276,0.4054
45079.98651,0.921,-1.5999,1.1667,-0.2419,1.9715,1.8343
45499.39208,-0.0539,1.9777,-0.3657,0.619,-1.1189,0.9363
45542.42498,1.0597,1.288,-0.4191,0.7234,0.0513,-6.0199
45487.87239,1.2133,-1.2542,0.627,-1.1979,2.9281,-1.5525
45134.21037,1.1716,-1.3512,1.0892,0.7516,2.6988,-1.6971
44543.72818,-0.1804,0.0693,0.4035,0.6449,0.3156,0.4337
45585.39743,-1.0022,0.277,-0.0213,-3.0064,-1.3364,2.0584
44928.25828,0.3136,-0.0678,-0.1764,0.0359,-0.0793,-0.1808
45250.49525,1.681,2.0855,-1.4573,4.5369,3.1192,4.8342
45433.13867,-2.4175,-0.5164,0.1462,-1.4929,-1.3709,-0.8191
44412.1146,0.1944,-0.2559,0.0955,0.6459,0.072,-0.3285
44962.6968,-0.1265,0.0542,-0.2221,-0.2725,-0.0196,0.0728
45136.71345,0.9432,-0.59,0.5698,0.7007,-0.2424,4.9207
45201.88247,0.9393,-1.3519,1.1712,-0.1565,2.0636,0.5773
44457.29396,-0.1717,0.1395,-0.3792,1.1936,0.1991,0.5545
44476.89721,-0.0692,0.0178,0.2765,-0.6934,0.0761,-1.0094
44444.4763,-0.572,0.4715,0.0499,1.5541,0.5473,0.3051
44446.07473,-0.2293,0.5604,-0.0823,-1.2642,0.288,-0.8096
44532.69035,-0.3293,0.1289,0.0029,0.1696,0.1781,0.2524
44871.14164,-0.0232,0.0531,-0.029,-0.0361,0.0298,-0.1415
45289.26168,-1.1312,-0.5903,-0.4828,-0.7942,-1.2219,-1.4193
44693.67034,0.6165,-0.7822,-0.3433,0.7201,-0.2383,0.7955
44856.75702,0.5796,0.2071,-0.3101,-0.6153,-0.1644,-0.916
44974.39765,-0.0074,0.0145,-0.1517,-0.2161,-0.4963,-0.0751
44815.38257,-0.0712,0.0382,0.0085,0.9469,0.4058,0.2829
45164.69912,-0.2031,0.8992,-0.4499,-0.8545,0.074,1.23
45328.7066,1.4095,2.0032,-1.5259,1.8401,2.7819,6.2839
45438.68744,-2.0073,-0.4899,0.1263,0.1691,-2.1391,0.4843
44765.2022,-0.3532,-0.054,0.1448,0.1947,-0.0167,-0.3919
44440.34439,0.988,0.3555,-0.3803,2.374,0.2701,-0.0414
45101.6701,-0.8707,2.3503,-0.1867,2.5509,0.6212,-2.951
45480.93644,3.0854,3.0213,-2.6522,-4.413,-0.3425,3.9893
45370.74483,1.2672,1.9476,-1.9314,-5.4944,0.2192,2.4797
44455.81618,0.365,-0.1159,-0.1626,0.9334,-0.292,-0.2656
44493.75595,-0.8702,-0.3731,0.103,-2.0619,-0.2368,-0.3482
44753.65222,-0.2178,0.0792,-0.3359,0.1539,0.2822,-0.3416
45610.66829,-1.4242,-0.3372,0.0653,-5.2791,-1.3236,1.2556
45395.08118,0.976,2.017,-1.3625,2.5255,-1.5721,-4.867
44357.97683,0.0328,0.0037,-0.0185,-0.0021,-0.034,-0.0007
44772.43978,-0.0602,-0.1493,0.2538,-0.179,0.0757,-0.0366
45290.98567,0.7733,0.9512,-0.2041,0.878,0.3221,-0.258
44806.42611,-0.0853,-0.2154,0.5365,0.1817,0.1285,0.2798
44662.45789,-0.2083,-0.0084,-0.1079,-0.8184,-1.2955,-0.4155
44715.50396,-0.1995,0.3858,-0.1444,-0.2808,0.2953,-0.3955
45462.87285,-1.3266,2.9029,-0.7375,0.4743,-0.2762,-4.7434
45380.39492,-1.1844,-0.1094,-0.3114,-2.3632,-2.0193,1.3194
44704.01424,0.3795,-0.1765,0.2493,0.1993,-0.0369,0.1
44548.28199,-0.3212,1.283,-0.0827,-0.8399,0.4733,-0.7264
44626.11841,-0.0413,0.0025,0.0244,0.052,-0.1209,-0.0152
45465.91864,-1.5,-0.3195,-0.1661,-3.5707,-2.0891,1.7708
45576.71249,-1.0744,2.7691,-0.4343,1.8507,-0.8373,-4.5394
44556.123,0.2133,-0.1736,0.3167,0.5838,0.2518,-0.062
44883.83775,-0.1323,-0.0417,0.1656,-0.2489,-0.1953,-0.1809
45090.11933,1.2247,-1.0322,0.634,-0.9467,2.6616,-2.2803
44373.509,-0.34,-0.1822,0.0353,0.0665,-0.1207,-0.1842
44964.3856,0.0822,0.0665,-0.0153,-0.1487,-0.2353,0.3077
44684.11061,-1.0268,-0.8222,-0.2159,0.4504,-0.1402,0.6921
44997.07537,-0.1055,-0.0688,-0.23,-0.5125,-0.3586,-0.0188
44820.32822,-0.0512,0.0542,0.2589,-0.1114,-0.3046,-0.0768
44786.04037,0.7135,-0.4312,0.2324,1.8274,0.0323,0.5786
44552.92627,-0.0476,-0.0676,-0.0021,-0.3864,-0.1679,-0.0215
45504.79005,0.3606,-1.9072,0.7245,0.4364,1.6093,1.5126
45572.30969,1.6622,1.9948,-1.8664,4.0937,2.2022,4.7465
45599.20893,-0.5271,0.8828,-0.4771,-2.9842,-0.4005,2.6612
44989.14421,0.3322,-0.1043,0.0122,-0.9973,-0.5904,-0.1485
45026.26705,-0.1023,-0.4055,-0.9165,0.9445,0.2411,1.1533
44889.77867,0.0086,-0.1959,0.0335,0.2733,-0.0262,0.2071
44969.51224,0.0285,0.1779,-0.1831,-1.2932,-0.6334,-0.2272
44993.00424,-0.0288,-0.433,0.1246,-0.6304,-0.3323,0.2935
45086.10836,1.8912,0.4797,0.1423,-2.0272,1.0485,-5.5838
44833.53667,-0.0034,0.0081,-0.1385,4.6663,-2.7159,-2.6481
44862.48672,-0.2318,-0.1784,0.0122,-0.0868,-0.133,0.2914
45415.70823,-0.7653,2.6172,-1.0593,2.0627,-0.4241,-4.1735
45413.53695,0.9727,-1.8553,0.7705,-0.3255,2.0855,0.6114
44574.30803,0.5901,0.7006,-0.0341,-3.0527,-0.4602,-1.4283
45602.52608,-1.4499,-0.5673,0.1776,-2.0163,-2.0455,0.3303
45578.43139,1.7443,1.4006,-0.418,-0.1616,-1.3184,-4.9734
45012.75684,0.4578,0.1835,-0.2585,-1.4061,-0.6859,-2.5905
45619.01158,0.4862,-0.5991,-0.0465,-0.8664,0.41,-2.9923
44515.92242,-0.2179,0.0719,0.0898,-0.4131,0.1226,-0.1595
44355.26249,0.0079,-0.0073,-0.0027,-0.0088,0.0247,0.0168
44517.06841,0.1729,0.3773,0.2972,-0.7056,-0.0204,-0.4572
44610.97939,0.0499,-0.1199,0.3067,-0.5804,1.0468,0.5606
44988.48075,0.3957,-0.1777,0.6353,-0.0211,-0.0063,0.977
45304.77229,1.5194,0.8764,0.5809,3.9531,0.0278,5.5131
45339.08047,0.0744,1.2415,-1.5559,-2.7415,-0.1143,1.8326
45264.63878,1.7135,0.0932,0.7929,-2.6177,1.7051,-3.6352
44598.16255,-0.2803,1.054,0.7248,-0.6255,0.2643,-0.7876
45034.15808,1.3064,-0.7636,0.841,0.4137,0.8154,-1.7213
45272.72074,1.3606,-0.8294,1.1264,-0.1268,3.1423,-1.5923
44460.4305,-0.1644,0.5636,-0.7787,-0.3916,-0.3246,-0.3724
44793.21759,-0.5474,0.0269,-0.3985,-0.6044,0.0455,-0.3347
45044.94417,-2.2263,-0.8277,0.8164,1.0836,-1.0336,0.9707
45246.24316,1.6395,0.4457,0.2973,-3.9386,-0.2551,-4.5885
45328.19393,-2.5349,-0.57,0.1105,1.3232,-1.0272,-0.6974
44514.08274,-0.4192,-0.1141,0.1708,1.4074,0.9652,-0.1562
44740.0214,-0.7704,0.1468,0.1351,1.7085,0.3432,0.493
44830.30997,0.1607,-0.2401,0.3227,0.8798,0.4246,0.2305
45441.52214,1.0471,-1.682,0.986,-0.6257,1.8847,-0.1584
45185.62796,-1.3528,-0.7706,0.7555,1.0906,-0.8798,-1.6871
44371.97084,-0.1604,-0.6288,-0.3994,0.7448,-0.441,-0.3761
44890.74367,-1.0532,-0.3824,0.191,0.5053,0.1134,0.5796
45492.03395,0.1862,-0.9844,0.3355,-0.4903,-0.4681,4.1891
45259.57243,-1.3331,-0.9854,0.5422,-0.0785,-0.9838,-1.0979
44627.95798,-0.3972,0.4422,-0.8563,0.623,0.0274,-0.899
44695.14807,-0.2324,0.4501,-0.0513,-0.8103,-0.1511,-0.6626
44482.65758,0.4492,-0.032,0.2645,0.5431,0.1082,0.0556
44968.24565,0.7768,-0.3393,0.4615,-1.764,-0.8853,-0.2351
44479.94328,0.512,0.691,1.4329,0.7497,0.2266,-0.7283
44873.61452,-0.1085,-0.1411,0.1958,-0.2186,-0.1087,0.2808
45099.64946,0.5477,-1.0765,0.5732,-1.1736,0.4764,3.3547
44454.48917,0.1017,0.1334,0.0488,0.8457,0.4912,-0.7444
44933.95779,0.5743,-0.2049,0.3986,1.0285,0.563,1.1837
45224.40957,-0.6563,0.3006,0.1783,0.5419,-1.8349,1.5694
45106.61611,1.2381,-1.634,1.3767,1.9731,2.0916,-1.5033
45533.86068,0.9735,-0.2614,0.3744,3.3969,-0.2423,5.5563
44717.85623,0.2706,0.4134,0.1988,0.3586,0.2996,-0.0406
44591.22636,-0.1437,0.1268,0.3282,-0.8928,0.0543,0.018
44582.60136,-1.0818,-0.4881,-0.4451,0.3062,0.3914,0.1911
45324.39923,-0.8374,3.6833,-1.0055,0.9879,-0.4156,-3.5362
44371.69941,0.5274,1.4513,-0.7012,-2.7274,-1.4623,-2.0866
44914.98953,-0.6124,0.9742,-0.4214,-1.2019,-0.2149,-0.2732
45477.04629,-0.5536,0.8726,-0.6585,-1.9166,-0.5222,1.8691
44523.82384,-0.3825,0.7374,0.1596,0.2748,0.039,-0.2779
44550.84539,0.2799,0.0077,0.0054,0.5251,0.0225,0.0987
45598.36456,-0.0298,1.4052,-0.9675,-3.6004,-0.3122,2.5081
44909.1392,0.0601,0.0613,0.0918,0.3501,0.1308,-0.3606
45140.90527,-1.0072,-0.4073,0.1703,-4.1432,-1.8978,2.179
44982.93196,0.1673,0.2243,-0.0667,0.3952,0.1278,0.7315
45242.11166,-1.0008,0.0334,0.4196,1.6807,0.6443,-2.2792
45466.67256,-0.9192,0.0758,-0.1492,-4.3159,-1.4248,2.3278
45155.44092,-1.1786,0.2638,0.4155,-0.8994,-0.201,-2.2942
45049.07565,0.6298,-1.651,0.884,-1.2302,1.0649,4.6788
44721.50519,0.7988,-0.0874,0.1608,0.094,0.226,-0.1934
45285.53736,0.8749,-0.7305,1.1858,-0.7833,1.4598,2.0768
44926.23778,-0.8196,0.0635,-0.3793,0.5887,-0.1638,0.1038
45108.33517,1.4875,1.5895,-0.4172,3.6376,0.5371,4.7999
44369.13585,-0.0395,-0.0293,-0.0017,-0.9518,-0.1895,-0.2042
45413.05447,-1.3497,-0.1135,-0.2895,-2.2175,-1.8364,1.8375
45373.1272,2.022,1.5911,-2.3684,-3.2614,0.6902,2.6669
45499.06036,0.9206,-0.6263,0.3789,-3.706,2.8827,-2.1165
44638.48294,0.9644,-0.5657,-0.0848,1.002,0.2398,-0.1654
44776.90294,0.3364,-0.1065,-0.008,-0.4986,-0.1506,0.1806
45355.87763,-1.6214,-0.5862,0.269,1.7577,-0.9868,-2.4764
45627.45554,0.0032,0.0107,-0.0108,0.0672,-0.0067,-0.0197
44686.0708,-0.1258,0.2242,-0.2679,-0.4432,0.1613,-0.3561
44458.74162,0.3371,0.6343,-0.1851,1.8506,-0.037,-0.577
44832.08919,-0.0119,-0.088,-0.2131,-0.759,-0.4421,-0.469
45197.63037,0.7408,3.5111,-0.9955,2.1272,-1.5811,-4.8205
44768.85114,0.1237,-0.0475,0.0272,0.5282,0.1734,-0.1365
45065.05883,1.7562,0.7786,-0.1956,-1.8247,-0.0755,-5.5075
45011.82198,0.0478,0.6722,-0.0774,-0.3137,-0.1838,-2.7468
45367.97043,0.2667,3.45,-1.6031,4.5636,-2.0884,-5.1389
45527.07549,-0.022,2.6117,0.3134,1.6402,1.3515,-4.6089
44906.15371,-0.3775,-0.3232,0.7439,-1.8007,-0.204,-0.3595
44900.27321,-0.2236,0.0308,-0.263,-0.3667,-0.0029,0.2001
45047.598,0.592,-0.9593,0.8802,-0.4511,0.7089,4.828
45467.12489,0.8794,-1.3467,0.7549,-0.0136,2.1857,-2.0763
44405.05694,-0.0275,0.0954,-0.0242,-0.6607,-0.3639,-0.174
44577.29361,0.123,-0.265,0.3273,-0.2095,0.2057,-0.1115
44873.40343,0.2842,0.2141,-0.2759,0.1062,0.0585,-1.0449
45188.40239,0.795,-0.7747,0.7138,-0.1518,-0.3607,4.3476
44840.53295,-0.1064,0.0196,-0.1736,0.331,0.0869,0.1642
45270.70027,-0.6689,0.0278,0.4027,-3.8157,-1.5432,2.2677
45317.38281,0.1866,0.5689,-0.2442,-0.9538,-0.2301,-1.2367
44520.29532,0.5253,-0.4346,0.1156,0.0844,-0.1469,0.5226
45046.51231,-0.4951,3.9796,-0.8688,6.2294,0.3892,-2.6657
44438.62529,-0.171,0.0457,-0.1766,0.5862,0.1118,0.1509
44953.98154,0.0181,-0.0093,0.1028,0.5138,0.0375,-0.0927
44557.29915,-0.0624,0.0514,0.025,-0.0814,0.2898,-0.3375
45080.77059,0.8992,-1.8083,1.2665,-1.1838,1.4651,2.055
44977.11175,0.1213,0.7278,-0.0997,0.3096,-0.1406,0.0159
45006.3636,0.0371,-0.3153,0.0109,0.9443,1.0367,1.0042
45222.3187,0.1343,3.8037,-0.9411,0.1068,-1.6731,-4.6388
45401.50452,1.227,2.3032,-1.0519,4.1875,-1.1039,-5.317
45452.95141,0.5169,1.9748,-1.1851,-2.8465,-0.357,1.9408
44825.51512,-0.3351,-0.2677,0.35,-0.2392,-0.0949,0.4509
45143.86067,1.5036,1.8543,0.015,2.9738,0.9149,5.3141
45517.30487,-1.6462,-0.6661,0.3704,1.105,-0.9446,-1.2565
44696.95748,-0.1811,-0.0307,0.1628,-0.3456,-0.0704,0.3868
45114.14054,-1.2806,-0.6219,0.3704,-3.1852,-1.7835,1.164
45018.45644,0.2346,-0.4635,0.557,-0.7719,-0.8402,0.004
44597.16739,-0.0666,0.0388,0.4074,0.4296,0.5412,-0.1168
45568.6608,-0.7744,3.1556,-0.5374,2.471,-0.4081,-4.4798
45094.46216,-1.7661,-0.7783,0.2269,-2.7429,-2.3522,0.7624
44957.50983,-0.6345,-0.7046,0.4455,-1.576,0.8171,-0.359
45425.4186,1.099,-0.1919,0.1418,-2.8816,1.6837,-3.7683
45545.53108,-0.7459,2.401,-1.163,1.5343,-1.035,-4.4472
44799.6711,-0.4423,-0.4925,-0.1962,1.4642,-0.2069,1.1646
44381.68224,0.4566,0.2008,0.3336,6.1141,-2.5829,-3.2463
44603.56072,-0.0964,0.4366,0.1148,-0.6848,-0.2671,0.3421
44923.19204,-0.1902,0.1901,-0.1362,0.5618,0.3822,-0.0911
44900.93665,0.2639,-0.0347,0.0377,0.4833,0.0864,0.1366
44575.8159,0.3067,-0.3815,0.9294,0.1456,0.0444,0.6129
44750.6969,0.0647,0.5637,-0.3924,-1.2135,-0.3473,-0.0902
45103.5098,0.8923,-1.5245,1.0648,0.1002,1.5921,0.9902
44907.45045,0.1817,-0.1699,0.0982,-0.0555,0.2701,-0.1376
45002.53371,0.2186,0.6624,-0.0605,0.6626,-0.6185,-0.323
45598.6661,-1.33,2.822,-0.2513,-0.1705,0.283,-3.7058
44589.77882,-1.0364,0.4356,0.5708,-0.8906,-0.1772,-0.3677
45160.59779,1.2608,0.1492,0.3852,2.7898,0.1329,4.1529
45169.58453,-1.4897,-0.902,0.3296,-2.3164,-1.4805,0.2325
45610.42701,0.5271,-0.7738,0.6232,-0.702,2.399,4.7557
44946.62341,0.0676,-0.0048,0.1609,3.6784,-3.2022,-2.5354
44459.43526,0.2348,-0.2781,0.1351,-0.6544,0.0552,-0.1121
45033.55495,1.0289,1.013,-0.6848,1.6572,1.1828,5.3123
45040.43068,-0.9972,0.2647,-1.8442,-0.3452,-0.2842,-1.5711
44593.09613,-0.4002,-0.2513,0.3247,1.0018,0.4625,0.2417
44869.72426,0.1156,0.0255,0.1333,0.9531,-0.3542,-1.11
45505.36302,1.3113,2.6785,-0.8992,3.6311,-0.7536,-5.744
45398.91107,-2.024,-0.6713,0.155,1.1843,-0.7008,-1.6995
45543.02811,-2.1379,-0.6447,0.2488,0.164,-0.728,-0.8743
45540.88706,1.2933,0.2115,0.3316,-2.474,1.7448,-4.4401
44679.82833,-0.1171,0.715,-0.1063,-0.7168,-0.0753,-0.0747
45550.65761,1.3047,1.7249,0.0454,3.111,1.7744,5.5678
45562.62958,1.0657,2.1375,-1.0251,6.5526,2.5866,5.282
45129.53606,0.7668,-1.151,0.8677,-0.9856,1.4283,4.4679
45596.34409,1.8816,1.2387,0.3668,-1.0444,-1.2862,-4.3486
44501.62733,0.1522,0.0097,-0.126,0.4595,0.1578,0.3746
44751.69203,-0.0365,-0.1356,0.1385,0.212,0.1054,-0.1321
45163.13095,-0.5154,0.7933,-0.4227,-1.8932,-0.0972,1.8766
44822.80105,0.0621,0.1162,-0.1879,0.5518,0.219,0.0649
44599.73075,0.2832,-0.2285,-0.391,0.5198,-0.1826,0.2598
45393.12102,-1.1843,0.0608,-0.374,-3.1564,-1.0839,2.4366
44617.10132,0.1626,0.2574,-0.4652,-0.3071,-0.1258,-0.6489
44907.32981,0.101,0.1611,-0.0155,0.2861,0.1301,-0.0398
44615.80456,0,0.3917,-0.2241,0.0548,0.0749,0.1017
45415.28605,1.3401,2.4359,-0.8318,5.528,1.3337,5.2232
44735.61851,0.22,-0.2654,-0.0789,-0.0046,0.0133,0.7419
44840.23138,-0.3527,0.1757,0.1866,-0.3049,-0.0438,-0.2911
44472.1623,-0.0284,-0.1411,0.0512,-0.5849,-0.5821,-0.2099
44487.21153,-0.3164,1.1538,0.4024,-6.2652,1.1449,2.6312
44970.44711,-0.0447,0.0365,0.0599,-1.471,-1.0434,0.7128
45613.47281,-1.7278,-0.5731,0.3391,0.9838,-0.4844,-0.9869
45446.07576,-0.4601,3.3654,-1.1623,3.3601,-2.1128,-4.947
44763.42297,0.1348,-0.6233,-0.0062,0.3619,-0.2856,0.6053
45417.87952,-1.2246,-0.0449,-0.3889,-2.019,-1.7583,1.3421
44663.48322,0.015,0.0276,0.2181,-0.0312,-0.2968,-0.0113
44559.68158,-0.2217,-0.5177,-0.4266,1.2898,-0.1387,0.352
44618.76001,-0.0648,-0.5172,-0.1734,0.9328,-0.4397,2.0713
44716.7706,0.1984,-0.0553,0.3834,1.2242,0.4388,-0.3957
44937.42575,-0.2076,-0.018,0.0637,0.2971,0.884,0.1305
44844.27234,-0.1936,0.1965,-0.0122,0.1226,0.1023,-0.0863
45003.73999,-0.0954,0.1323,0.0625,0.2809,-0.1691,-0.1768
45387.78327,-1.4091,1.0023,-0.116,-0.2333,-0.236,-3.9932
44869.75441,0.1286,-0.0154,0.1143,0.8417,-0.2987,-0.8605
44976.47845,-0.106,0.0004,-0.0843,-0.9415,-0.2901,0.779
44456.41936,0.0304,-0.1215,0.0844,-0.0353,-0.2526,-0.2024
45518.42067,0.8896,-1.5574,0.6656,0.4017,2.8604,0.1465
44549.88037,-0.2903,0.0038,0.0255,0.1916,-0.0251,-0.0571
44496.98292,-0.1076,0.3044,0.1618,0.3382,0.0848,0.0252
45251.21901,0.8265,-0.7776,0.8142,-0.9372,0.7555,3.9207
45435.61149,-1.2344,2.0496,-0.8556,1.1589,-0.9305,-4.3164
44759.92482,0.456,-0.4288,-0.4205,0.2064,-0.3306,1.4038
44451.98597,0.1144,-0.1507,0.5155,-0.4204,-0.2223,-0.1396
45184.21059,1.628,1.2293,-0.3034,-0.8674,0.0521,-5.4593
44909.71217,0.6043,0.0621,0.1439,0.3967,-0.3234,0.3174
44968.9694,0.0428,-0.0305,0.1949,1.4806,0.3442,0.5034
44495.02261,0.2933,-0.065,-0.1622,-1.3997,-0.2074,-0.2477
44517.67157,0.544,-0.0449,-0.2294,0.0857,-0.383,-0.1262
44456.60033,0.1039,-0.1039,-0.1036,0.0325,-0.0245,-0.1856
44631.51655,0.0221,-0.0917,0.0295,-0.0865,0.0015,0.4796
45361.9391,1.9685,1.7386,-2.0583,-0.1873,2.3844,5.4922
44882.23939,0.7516,-0.1181,0.2385,0.1177,0.0042,-0.2549
45181.31554,1.4585,2.0909,-1.3,3.2521,2.5035,5.8611
45515.46536,-0.3541,0.8456,-0.7488,-4.1572,0.1037,2.3533
44511.85105,0.5136,-0.3418,0.0629,-0.2812,-0.0396,0.385
45604.42593,1.1945,1.1405,-0.3858,-2.0542,-1.8382,-4.7883
44794.93653,-0.3097,0.1282,-0.1151,-0.9923,-0.1123,-0.0925
45469.05488,-0.4146,1.122,-0.9847,0.0176,0.2995,1.5473
45477.92083,-1.3097,-0.2506,0.1071,-3.6464,-2.2113,1.5644
44360.29911,-0.1555,0.1145,0.4737,-2.6408,0.0903,-0.1048
44438.4745,-0.5597,-0.8351,-0.3281,-0.1198,-0.166,0.0185
44631.03404,-0.2177,0.7137,-0.3366,-4.9573,1.7393,3.2245
44416.24658,-0.2398,-0.1389,0.0534,-0.3305,-0.1553,-0.3079
44545.14558,-0.4029,0.6267,-0.1236,-0.9524,-0.1909,-0.9925
45142.65436,-1.2086,0.9727,0.3161,1.2581,0.1439,-2.5466
44442.96829,0.2415,-0.1688,0.4478,0.3529,0.2803,-0.1423
45218.94117,-1.4781,-0.676,0.3032,-3.6285,-1.6008,0.4663
45316.32227,-1.184,-0.76,0.5312,0.0272,-0.4789,-1.6309
45059.50994,-1.5517,-0.1802,0.3837,1.7585,1.1009,-1.4308
44499.27495,-0.022,-0.421,0.0712,-0.821,0.0412,-0.151
44959.28906,-0.165,0.0227,0.5594,-0.0664,0.6104,0.1141
45033.0674,-1.0596,-0.7582,0.8489,-1.0814,-0.5594,0.4003
44685.19624,-0.0957,-0.4815,-0.2007,0.7294,0.0196,1.0413
44901.9318,-0.0176,-0.2351,-0.073,-0.1467,-0.0226,0.1114
45075.25189,1.1582,-1.5124,0.5544,0.7571,3.0531,-2.3266
45077.90568,-0.5939,0.3931,0.0257,0.885,-1.8584,2.635
45104.59552,-0.9804,-0.1388,0.1883,-4.5133,-1.0864,2.19
44620.29802,-0.2036,0.2972,0.2938,0.4566,0.0988,-0.2591
44885.43606,-0.3214,-0.0574,-0.1166,-0.5443,-0.3848,0.4323
44368.6533,0.2616,0.0837,0.4422,0.8213,0.3094,-0.0238
44698.25426,-0.7459,-0.2502,0.0401,0.344,0.0591,-0.3259
45566.8816,-1.7575,-0.4027,0.0972,-1.5741,-2.0149,0.8915
44642.13196,0.8733,-0.3567,-1.3934,1.3591,-0.113,0.2785
45059.69088,1.6975,-0.3481,0.3904,-1.6755,2.13,-4.4661
44534.04742,-0.2887,0.1402,0.3985,-1.71,0.1627,-0.4453
45326.98766,0.8344,-2.1914,0.7767,-0.1524,2.663,0.201
44921.9858,-0.8477,0.3973,-0.4797,-1.7895,-0.1383,0.5416
44788.63383,-0.1874,-0.2094,0.1781,0.431,0.0407,0.2966
44368.74379,-0.2571,0.14,-0.5144,0.646,0.3794,-0.1604
44973.70402,-0.0319,-0.2005,0.1114,0.0948,-0.0131,0.6102
45183.42654,1.864,0.7916,0.0891,-2.1415,0.6893,-4.6347
45479.63976,-1.7588,-0.422,-0.0345,-0.1858,-0.1374,-1.6072
45585.97041,0.8875,-1.0062,0.9069,-1.1879,1.1473,4.6035
44790.41304,0.5511,-0.2977,0.0102,0.1012,0.0271,-0.1574
44821.08213,0.7983,-0.2406,-0.8584,-0.4911,0.0858,-0.3749
44907.81233,-0.3411,0.2742,-0.2215,-0.2758,-0.4521,-0.2642
44429.12487,-0.3247,-0.3461,-0.1407,0.2752,-0.1301,0.4482
45210.5676,1.6104,-0.3921,0.4986,-3.3656,2.6432,-2.9789
45309.20528,0.8228,4.0848,-0.6434,0.5645,-1.3593,-5.6038
45167.65452,0.865,-1.2752,1.0807,-0.9028,1.1016,2.7265
45237.95003,-0.7016,-0.1794,0.5441,-3.1408,-1.9125,2.2251
44637.57825,1.0174,-0.0268,-0.9388,0.7642,-0.6097,-0.2661
45537.05723,0.6628,-1.1797,0.6103,-1.2126,0.9681,4.2631
44793.33823,0.4174,-0.2416,0.0555,-0.7414,-0.0501,-0.4832
45249.86194,-0.7204,-0.0756,0.2849,-0.8722,-1.7144,1.9685
44583.4759,3.1426,-0.7787,-2.1449,5.7679,-2.1278,0.5953
45035.98255,0.0859,-0.1804,0.2873,-0.0812,-0.0911,-1.0741
44969.45194,-0.0369,0.0782,0.0744,-1.1582,-0.4142,0.1414
45099.86058,-0.7447,0.1221,0.1393,-2.4395,-1.4054,2.2855
45306.28009,0.9146,-1.0453,1.1384,-0.9675,0.9807,1.98
44721.29407,0.4786,-0.2846,0.0642,-1.0174,0.1772,-0.7439
45484.79646,0.653,-1.9732,0.8329,0.1459,1.0944,2.5577
45190.30226,-1.7786,-0.751,0.4817,-1.431,-1.5529,0.5358
44690.05153,0.2417,0.3499,-0.1377,0.5249,-0.3673,0.2498
44660.98018,0.3999,-0.1081,-0.3002,-1.3499,-0.6741,-0.1602
44649.82203,0.17,-0.6698,-0.0868,-0.0794,-0.228,0.617
44661.07063,0.0529,-0.258,0.3912,-0.0096,-0.2348,0.4694
44767.04174,-0.0019,-0.1576,0.5013,0.102,0.4353,0.467
44562.27518,-0.05,-0.1484,0.0507,-0.5923,-0.4753,-0.5524
44832.42091,0.1828,0.3003,0.0017,0.2779,0.0166,-0.153
44990.07907,0.205,-0.3206,0.2149,-0.1122,-0.2634,0.1664
45525.35661,-1.3914,-0.5446,0.3371,1.2174,-0.1731,-2.0667
44419.50388,0.121,-0.0803,0.0214,0.2669,-0.1752,0.3484
45425.14721,-2.4526,-0.6859,-0.102,-0.4176,-1.4284,-0.4823
44912.03421,0.1667,0.3343,0.3419,-4.7162,2.0129,2.9893
45209.39149,-0.7593,-0.167,0.12,-2.9492,-1.7455,2.5229
44418.62926,-0.6013,-0.1471,0.2045,1.1296,0.4497,0.8451
44365.4564,0.3975,0.9261,0.2519,0.2102,-0.303,-0.1746
44679.61722,0.587,-0.7061,-0.3821,-0.5778,-0.2437,-0.2277
44522.85877,0.0146,-0.1546,-0.1415,-1.4983,0.1087,-0.3407
44688.60398,0.4171,-0.3638,-0.1652,1.7188,-0.1456,0.9311
44773.64601,-0.1325,0.0349,0.6191,-0.0792,0.2852,0.3684
45005.2478,0.0604,0.2445,-0.1309,0.4087,0.8812,1.3189
44623.34392,-0.079,0.3236,-0.4743,0.7665,0.0287,0.605
45125.49493,1.4852,-1.5789,1.0304,1.4423,3.0242,-2.8062
44881.36487,-0.3652,-0.0361,-0.2866,1.0323,0.3503,0.2227
44709.08056,0.2927,-0.4789,0.974,-0.9849,-0.1634,0.3703
45132.25018,-1.6841,-0.7513,0.5426,-2.2583,-2.4578,0.528
45437.93352,-2.233,-0.7388,0.2723,-0.4416,-0.8563,-0.2375
45569.8972,2.6685,3.5115,-2.3352,-3.5813,-0.4076,2.8668
44633.50695,-0.1464,-0.1278,0.3717,-0.0193,-0.1183,0.6296
44974.84998,-0.0308,0.2682,0.122,-1.2766,-0.5227,0.8218
44380.80758,-0.0063,-0.0173,0.1087,-0.1331,0.2995,-0.2818
45294.45869,-0.245,0.8578,-0.0278,-2.5623,-0.9515,2.171
45074.07577,-1.1183,-0.4145,0.4758,-1.7453,-3.9258,1.7113
44630.21978,-0.2104,-0.0408,0.0462,-0.4349,0.07,0.2198
45540.52518,-1.1903,-0.1098,-0.0269,-3.4857,-1.527,1.8211
44865.14046,0.1939,-0.2047,-0.0932,0.1656,-0.0169,0.1557
45014.8075,0.1452,0.3566,0.5415,-10.4924,-2.232,1.8667
45110.14465,-0.0567,-0.4734,0.7156,1.7186,5.2758,4.9151
44710.70907,0.4151,-0.2951,-0.3739,1.0447,0.7343,-0.3745
44879.55546,0.1036,0.1424,0.4876,-0.7037,0.4115,0.13
45107.88277,-1.3333,-0.7084,0.3785,1.1253,-0.5719,-1.4044
44954.85605,-0.1801,0.3305,-0.5406,-1.3712,0.0149,0.1668
45256.31551,-1.5819,-0.817,0.4771,-0.8644,-2.0526,0.7489
44499.7575,-0.3127,0.2363,0.1927,-0.8889,-0.1452,-0.3364
44412.53684,0.4127,-0.1131,0.1809,-0.0028,-0.1319,0.4596
45490.64678,-1.1623,-0.2289,-0.2075,-2.3055,-2.2323,2.1746
45153.42041,0.6042,-0.9445,0.7884,-0.2083,0.7373,3.7268
45164.09598,-1.6855,-0.8483,0.38,-1.3592,-1.2016,-0.6605
44854.22389,0.0479,-0.2735,0.2416,0.0967,0.1799,0.1614
44496.44008,-0.2846,0.3728,0.2151,0.6677,0.7221,0.0047
44963.05869,0.0274,0.1613,-0.0732,0.374,-0.0707,-0.0958
45132.79303,1.824,2.0658,-0.2077,3.4694,1.5069,5.3973
45369.65919,1.1419,-0.1677,0.0833,-3.3588,2.1735,-3.3449
44595.87058,0.4158,1.8684,0.0959,-2.6542,-0.5699,-1.6083
44967.46159,-0.0981,0.2101,0.0432,-0.3906,-0.833,0.5949
45554.00497,-0.8715,-0.0186,0.1006,-3.2076,-1.9248,3.3469
44512.93672,-0.4356,0.1416,0.1574,0.3165,0.1282,0.0982
44952.71498,-0.5095,-0.4599,-0.1982,-0.0303,-0.0259,0.534
45079.0215,0.208,2.5324,0.5738,-2.9235,1.6848,-3.9031
45527.13583,0.8817,0.6184,-0.0323,-1.6196,3.1978,-2.8249
45221.74573,1.171,-1.6257,1.3329,0.1184,3.3635,0.1927
44974.30716,0.2378,-0.4562,-0.0019,-0.4459,-0.3534,0.1289
45092.8336,-0.9682,-0.269,0.1947,-3.5947,-1.4145,1.8892
44470.38295,0.0729,-0.2283,-0.5829,-0.755,-0.7202,-0.2047
44913.30078,0.0612,0.5443,-0.2811,-0.8607,-0.0714,0.246
44661.94522,0.3178,0.2277,-0.2964,-0.5371,-0.8389,-0.5294
45262.377,0.8511,-0.8023,1.0357,-0.8332,1.1424,3.6306
45527.67863,-2.8448,-0.6956,0.1238,-1.8283,-1.5843,-0.2853
45592.33334,1.0186,1.8587,-0.3241,1.4116,-0.6813,-4.5506
45187.10565,-1.5105,-0.816,0.4728,-2.7348,-2.3254,1.5423
45543.84234,-1.7428,-0.5825,0.1375,1.4439,-0.9084,-1.336
45004.31298,-0.0359,-0.1219,0.0058,-0.1015,0.1286,0.3212
44698.4352,0.1583,0.0083,-0.3205,1.1212,0.052,-0.126
44765.50377,-0.0576,0.435,-0.1959,-0.4848,0.0652,0.0015
44798.10293,0.1824,-0.0284,0.0009,-0.106,0.1859,0.0403
44947.40747,0.1406,0.0078,0.0705,-0.2198,-0.0024,0.1799
44671.47483,0.0924,0.0479,-0.3445,0.1699,0.1968,0.3081
45396.16679,1.0204,-0.2212,0.3118,1.3933,1.479,4.943
44417.03078,-0.1679,-0.1522,0.1379,-0.3424,-0.3237,-0.0225
45055.77048,1.1998,0.8629,-0.0544,-1.1862,0.2023,-4.5056
45520.35067,-0.8399,0.2314,-0.0869,-1.7735,-0.8611,1.6497
45075.82486,-1.5919,1.1908,0.465,-0.3227,0.9411,-1.9587
44425.26446,-0.002,-0.6764,0.2921,-0.2674,-0.0193,0.5702
45306.40074,1.8268,2.0235,-0.8002,1.9098,2.5442,6.3378
44911.37075,0.0875,-0.054,-0.023,-0.0484,0.1711,0.1376
44681.90915,-0.49,0.3346,-0.4851,-0.8273,-0.3043,-0.0894
44904.76654,0.0051,0.3293,0.049,-0.2222,0.4495,-0.329
45466.9741,1.389,3.0325,-1.5502,4.013,-1.5416,-5.2189
45554.75884,-0.4598,1.1828,-0.6912,-2.62,-0.0932,2.4404
44598.19271,0.6973,-0.0478,-0.1597,-0.1466,0.3136,-0.5
44717.76574,0.1952,-0.2122,0.6024,0.1741,0.3251,0.1166
44887.30577,-0.3098,-0.2609,-0.0425,0.2228,0.066,0.3511
44490.19721,-0.4613,0.0616,-0.2265,0.3134,0.5783,0.0288
44743.33865,1.0431,0.1709,-0.0521,0.0605,-0.3326,-0.4981
44475.6004,0.414,0.1575,0.0353,-0.5679,-0.1702,0.1622
45602.61656,-1.7835,-0.9125,0.146,1.5313,-0.7018,-0.8124
45333.16976,1.3715,0.4452,-0.445,-2.3686,-1.4287,-4.1289
45619.04176,0.5824,-0.6638,0.0428,-1.0872,0.3132,-2.3997
44478.25438,0.2217,-0.2874,0.0872,-0.0489,0.3317,-0.0473
44414.79889,-0.0763,-0.0929,0.3335,-0.8916,-0.071,0.4386
44640.02097,-0.434,0.2174,0.0148,0.1952,-0.1477,-0.1105
44862.15499,-0.0385,-0.0332,-0.0581,0.9827,0.3297,0.1294
44666.16723,0.4495,0.9836,0.169,-0.1495,-0.1725,-0.817
44887.27562,0.1048,0.2998,-0.0251,-0.232,0.0109,-0.0478
44413.01942,-0.5558,-0.1259,-0.5942,-0.0475,-0.3049,0.1523
44832.66216,-0.277,-0.1994,0.1532,0.0367,0.136,0.2209
44459.28449,-0.0135,-0.2121,-0.1475,0.2244,0.4059,0.1729
45032.91659,-0.12,0.3409,0.3861,-3.9508,0.283,2.5517
45163.01034,1.7313,2.7151,-0.9022,8.5821,1.7051,6.3444
44987.69671,-0.0349,-0.2731,0.1193,-0.3094,-0.9318,-0.5512
44790.62413,-0.2099,0.8805,-0.0725,-0.91,-0.0411,-0.9357
44960.16363,2.0436,0.962,-0.3133,-1.7112,-1.3635,-1.1338
44389.1619,0.6842,0.4328,-0.3963,-1.5126,-0.4406,-0.7319
44575.54449,-0.0929,0.4593,0.1472,0.1133,0.1911,1.2461
45028.37805,0.6076,-1.1949,-0.3106,-1.0316,-1.7772,0.0769
44718.61013,0.0759,-0.0758,-0.4743,0.6947,-0.2408,0.8681
45325.00738,-1.806,-0.5169,-0.2064,-1.7167,-2.0376,0.3735
44588.81375,0.1811,0.9426,0.6642,-0.8505,-0.195,-0.1122
45172.99228,0.9163,3.7196,-1.3523,5.351,-1.5437,-5.5466
45416.88432,0.5142,-0.8423,0.2949,0.5871,0.6324,5.6384
44833.86841,0.0702,-0.0216,0.1276,0.366,0.0936,-0.2357
45558.67916,2.1282,2.2808,-1.7568,-6.2779,-0.5636,3.0419
45429.94208,-2.4117,-0.6544,0.1419,0.1478,-1.1983,-0.1462
45568.7211,0.8828,2.9021,-0.8366,2.3218,-1.0834,-5.4744
45568.69095,-0.1412,3.6923,-0.7492,2.4396,-1.151,-5.6833
44478.1639,-0.1548,0.2105,0.1112,0.0272,0.1123,-0.3633
44629.28491,0.2172,-0.0254,-1.3075,1.31,0.4156,0.1679
44587.60748,-0.171,1.1163,-0.3459,-0.3189,-0.0062,-0.8064
45312.10032,-0.2707,0.8475,-0.2295,-2.375,-0.9157,2.6122
45521.31567,-2.0466,-0.7488,0.3385,0.8098,-0.8095,-1.4559
44466.00993,-0.2993,-0.0303,-0.0116,0.0897,0.0308,0.1368
44543.21549,0.2964,-0.112,0.0914,0.8055,0.299,0.4146
44492.45914,-0.3784,-0.5933,0.1675,-0.0863,-0.0349,0.0259
44961.79211,-0.0941,0.1523,-0.3709,-0.7178,-0.1828,0.04
45069.6427,0.5747,4.599,-0.862,3.371,-1.5542,-3.4475
44658.77871,0.1064,0.1282,0.03,0.1553,0.1021,0.0978
44869.03066,-0.0501,-0.1679,0.0486,-0.3681,-0.1632,0.0566
44861.76297,-0.1291,-0.2803,0.0832,1.3721,0.2478,0.2876
45182.70273,1.3547,-0.853,0.8236,0.3872,3.6042,-1.8823
44970.11538,0.1256,0.0788,0.438,-1.8966,-2.268,1.285
44819.66477,0.2466,-0.3425,0.3756,0.4843,0.1905,0.3844
45508.28818,-0.8108,0.4429,-0.3096,-1.78,-1.2354,2.0629
45287.65333,-0.6885,-0.4266,-0.8066,-0.6046,-0.7362,-0.3512
44646.23334,-0.0339,0.0414,-0.0145,0.1796,-0.0291,-0.1032
44387.71418,-0.211,0.1775,-0.0329,1.1117,0.3586,0.2625
44752.38566,0.0495,-0.1663,-0.1033,0.8569,0.2353,0.4537
44412.80827,-0.2928,-0.068,-0.1631,0.0755,0.3761,0.2988
44793.12714,-0.1924,-0.0128,0.1978,1.1451,0.3773,0.085
44937.27497,-0.217,0.1074,-0.0266,0.3242,0.5468,0.2414
45214.85486,-0.3062,-0.5063,-0.6528,0.365,1.1372,-1.2419
45299.22343,0.5987,1.8278,-1.1466,-3.9293,-0.1316,1.585
45504.66942,1.0623,-0.6502,0.5209,-5.1665,2.6859,-2.6493
44756.00446,0.1452,0.1556,0.1276,-1.3293,-0.1909,-0.2529
45120.30786,-0.6899,-0.8714,0.8754,6.4131,-0.6263,-0.3542
45232.76304,1.5159,-0.115,0.6605,-3.2219,1.714,-3.4124
44935.37514,0.1587,-0.0915,-0.2294,0.0494,-0.0678,0.0108
44981.00193,0.0625,-0.2142,0.001,-0.2619,-0.0995,0.3663
44723.28444,0.0794,-0.3166,-0.5156,1.1266,0.2588,0.1002
44504.31143,0.7805,0.0753,-0.53,0.1391,-0.331,-0.6114
45079.50402,-0.9198,-0.1023,0.1485,-2.5182,-1.8999,2.3116
44493.66547,-0.1447,0.1522,0.5109,-0.5305,-0.1707,0.2051
45281.64712,2.3291,3.13,-0.7122,3.3014,2.1674,5.6127
45086.01791,0.8711,4.1179,-1.2295,3.0572,-2.1595,-4.5841
44604.49561,0.0846,0.0992,0.0219,0.0561,-0.2248,-0.2963
45184.51216,1.0892,2.1663,-1.4179,5.0908,2.5812,5.8812
45331.05882,0.9466,0.9328,-0.5998,2.009,1.1079,4.3999
44356.80063,-0.0098,-0.0046,0.0182,0.0555,0.0925,-0.1238
44674.58103,-0.1896,-0.3082,-0.0448,-0.1256,-0.2641,0.9482
45314.48272,0.3936,1.6084,-0.4896,-0.3874,0.1762,2.5876
45453.79578,-0.7381,0.3937,-0.5414,-0.8656,-0.6195,1.7714
45457.35421,1.1434,1.6495,-0.513,1.1994,-0.7676,-4.929
45260.20573,-0.3631,0.6225,-0.078,-2.9014,-0.6773,2.301
45128.02816,1.5516,1.3204,0.1246,2.6776,0.738,5.3039
45279.23461,1.0888,-0.2283,0.6983,0.7629,0.1221,4.6519
45309.86875,-1.2243,-0.94,0.5453,1.1478,-1.0294,-0.8913
45587.80993,-0.8449,-0.0032,0.0959,-3.1712,-1.7874,2.8859
45341.94534,1.0246,-1.5353,0.5275,0.3949,2.5302,-1.6304
45393.42257,0.6617,3.5475,-1.3964,2.8742,-0.9392,-5.541
45174.62072,1.6579,1.7825,-0.7496,0.7732,-1.8716,-5.6491
45324.0926,-0.2017,0.9083,-1.0816,0.0835,-0.8353,1.5881
44640.65427,0.2879,-0.2273,-2.0429,1.5564,0.3733,0.7455
44780.25029,-0.5511,0.3859,0.3584,-0.4225,-0.1782,-0.2398
44436.42361,0.2981,0.0953,-0.0559,-0.3518,-0.4404,-0.4823
44415.1608,0.3098,-0.1258,-0.202,-0.1517,-0.5117,0.0095
45594.08236,1.0162,-1.4093,0.5633,0.6384,2.9649,0.1572
45614.13621,-0.5539,0.594,-0.309,-3.3661,-1.5051,2.8076
45558.58865,0.6338,-0.9918,0.5919,-0.1379,0.3214,4.05
44493.00198,0.328,-0.2641,-0.1321,0.4524,0.3412,-0.2284
45090.87329,1.5498,-0.546,0.3965,-3.1316,1.3681,-3.8063
44913.6325,-0.4311,0.2563,-0.2257,0.8212,0.0184,0.1536
45077.00098,1.2044,1.6427,0.5138,2.7112,-1.3197,3.8853
44947.28686,-0.0035,-0.0397,0.0557,-0.3522,-0.2695,0.1179
44381.77272,-0.3702,0.0258,0.5493,4.0511,-1.5443,-2.7994
45008.14285,0.06,0.163,1.0215,-2.7882,-1.5875,-2.2161
44523.37146,-0.4691,0.303,0.0665,0.4724,0.1828,0.2999
45352.37947,1.9351,1.9265,-1.3553,2.7483,2.8968,6.0153
45523.30599,0.5915,-1.4682,0.7628,-0.0602,1.586,1.8434
45331.30006,-1.4904,-0.7048,-0.2623,-2.4367,-2.2236,1.7563
44373.1169,0.1878,0.0718,-0.1282,-1.2967,0.0822,-0.1737
45458.68109,-2.0743,-0.7216,-0.5267,0.852,-1.3823,0.217
45493.69256,3.0966,3.3232,-2.434,-2.0352,-0.4133,3.2838
44367.95964,-0.3444,-0.063,0.0889,0.9443,0.0069,1.2426
45048.02018,-0.8354,3.4152,-0.6306,3.6366,-0.0566,-3.5141
45263.52296,-1.5086,-0.779,0.6734,-1.1925,-1.4454,0.4171
44755.22038,-0.2308,0.1423,0.0808,0.1031,0.1516,0.2435
44600.24341,0.499,-0.9057,-0.3532,0.6035,-0.3539,0.7634
45161.3517,0.6514,-1.0042,0.8237,-0.6729,0.869,3.5122
44356.61966,-0.0001,0.0252,0.0068,0.0775,0.0363,-0.0332
44384.0045,-0.0321,-0.0507,-0.0453,-0.1036,0.0174,-0.2817
44750.42547,-0.123,0.1826,0.3238,-1.5688,-0.4739,-0.0788
45199.89212,-1.8043,-0.8861,0.5028,0.3969,-0.9692,-1.0618
44953.43872,0.0464,0.1207,0.0443,-0.3293,-0.0439,0.0725
45195.85112,-1.7205,-0.7802,0.4064,-1.4511,-1.1064,-0.4492
45204.56642,-0.8123,0.1486,0.284,-2.1153,-1.072,2.1472
44788.66398,0.3301,-0.1396,0.282,0.2922,0.0411,0.183
45515.85741,1.3709,1.5376,-0.4671,0.3454,-0.6351,-5.3046
45056.43393,-1.5421,-0.0221,0.4033,0.2131,0.2838,-1.7811
44874.18749,0.2133,0.1477,-0.1671,-0.8235,-0.4281,-0.0925
45241.29742,-1.0111,-0.5842,0.778,1.3849,-0.6639,-2.0872
45020.95944,-0.2115,-0.3601,-0.6157,-0.0308,-0.6843,5.4171
44841.37733,0.0763,-0.3699,0.1092,0.1462,-0.011,-0.2529
44516.19384,0.8106,-0.3366,0.2208,-0.6069,-0.1382,0.1827
45411.999,0.5696,-1.3367,0.5324,-0.532,1.0821,3.1525
44968.57737,0.0935,-1.1959,0.3382,-0.0691,0.915,-0.2473
44674.24931,-0.234,0.2593,-0.1186,-1.2417,-0.1295,-0.7208
45591.82068,0.8565,0.3134,0.4991,3.8169,-0.5933,4.6986
45240.69431,1.6982,0.4117,0.4575,-4.0355,1.4115,-4.4296
45197.78116,1.2975,-0.9472,0.7636,-0.7254,2.8371,-2.3494
45102.84631,1.8549,2.2418,-0.8058,4.091,2.5659,5.7109
45489.28973,0.2638,3.5808,-0.8698,1.8454,-0.4332,-5.4188
44613.09041,0.0303,-0.1082,-0.1156,-1.4251,-0.1488,0.2597
44359.30386,-0.0354,-0.0752,-0.0554,1.1527,-0.0144,0.2566
45511.51488,-0.7642,0.5447,-0.1458,-2.5438,-1.4936,1.7563
45085.5957,1.9514,2.1187,-0.9176,3.9788,2.6564,5.307
44391.54463,-0.7168,-0.3766,0.1014,-0.8664,-0.3113,0.2678
44672.83189,-0.4975,0.0897,-0.4931,-1.2594,0.3223,-0.3773
44760.49779,-0.1157,0.4098,-1.0826,-1.3472,-0.4357,-0.858
44530.36816,-0.1115,-0.1046,0.1084,-1.9119,0.34,-0.6325
44646.38413,0.0406,0.0213,-0.0305,-0.0578,-0.0446,-0.0052
44821.56461,0.6607,-0.6178,0.3335,-0.1889,-0.1493,0.4067
44829.13388,0.0967,-0.6135,0.7345,0.9241,-0.1005,-0.1905
45134.81352,0.9335,3.0811,-0.8816,1.0891,-2.6146,-4.9408
44386.59826,0.0843,-0.7431,-0.0841,0.3194,0.3923,-0.0859
45316.11118,0.0394,1.2254,-0.551,-1.3995,0.3344,2.3147
44402.85515,0.0236,0.0918,0.3766,0.1828,0.1134,0.2242
45593.08724,0.0258,3.304,-0.4061,1.6326,-0.8259,-5.4744
44636.43224,-0.0932,-0.2725,0.2808,0.6875,0.4379,-0.0113
44879.73639,0.2462,0.7511,-0.6488,-2.002,0.1025,-0.5264
44493.39404,0.5907,0.1388,0.1085,-0.4405,0.1903,-0.0285
45197.23831,1.0418,1.6382,-0.9178,-3.4875,-0.2032,1.7604
45227.00307,-1.0561,0.5589,0.5036,0.0737,-0.1915,-2.8373
44831.7273,0.0595,-0.5385,-0.155,0.443,0.0313,0.0997
45217.91583,1.3825,0.1713,0.6093,2.1024,1.4426,4.9437
44639.6289,-0.3473,-0.5432,0.6374,0.4742,-0.1518,1.1562
44532.75066,0.071,0.1741,-0.1169,0.2489,0.032,-0.0042
44635.85927,-0.0911,0.6099,-0.2378,1.7935,1.2326,-1.3313
45047.29643,1.3213,3.9145,-1.9692,5.7842,-2.4066,-4.3749
45349.51463,-2.2882,-0.6811,-0.1077,1.2527,-0.2325,-1.1547
44454.21776,0.0284,-0.0915,-0.2087,-0.6984,-0.1323,-0.1467
45478.22238,0.9908,1.1875,-0.3281,0.0814,0.297,-4.8926
45521.79818,0.8131,0.2065,0.3662,3.8653,0.408,5.903
44992.00906,0.7302,-0.1162,0.122,0.2497,-0.1113,0.1626
45045.9695,1.4946,-2.2631,1.1815,1.6306,3.0948,-2.8001
44733.2663,0.7454,0.1992,-0.4081,0.6044,-0.4677,0.1818
45587.35758,1.5893,0.8313,-0.1039,-0.2378,0.254,-4.2869
45306.64198,-1.4805,-0.8847,0.4766,-1.1656,-1.8417,0.0687
44369.46761,0.1042,-0.1652,-0.0941,-0.0866,0.1149,-0.0051
45522.79336,-1.1148,-0.3385,0.0914,-2.5919,-1.9356,2.0866
44930.91201,0.2965,0.514,0.0964,-1.1885,-0.3969,-0.3698
45208.27571,1.0857,-1.3335,1.3648,0.7931,1.9553,0.7702
45271.33355,2.1805,2.0806,-1.6729,5.5068,3.772,5.7398
45317.14156,-0.4344,0.4575,-0.3084,1.2812,-0.4957,0.3867
44436.24262,-1.0435,-0.2736,-0.0063,-1.1142,-0.0288,-0.3091
45031.70533,0.1627,0.12,-0.0816,-0.7233,0.4595,0.8052
44550.96602,0.4326,-0.145,0.1071,-0.4996,-0.2523,-0.0961
44373.96139,0.2555,0.2434,0.1501,-0.3847,-0.641,-0.3309
44360.5404,-0.2057,0.1389,0.4471,-0.0187,0.3691,-1.0502
44530.03643,0.0986,-0.1295,0.1116,-0.2307,0.1827,0.0006
45191.90057,-1.8956,-0.7226,0.548,0.2463,-1.4493,-0.3629
45225.97773,-0.4432,0.6157,-0.0622,-0.5533,-1.2466,2.2431
45354.55075,0.8287,-1.6304,0.619,0.4706,2.8955,-1.6928
45516.61126,0.2302,4.0296,-1.8333,5.1059,-1.515,-5.351
44443.72228,-0.3674,0.0314,0.0323,-0.927,-0.2952,-0.3803
44421.6754,0.3793,0.0994,0.1745,0.2271,-0.0563,-0.514
44500.3305,0.6257,-0.3726,-0.2806,1.9422,-0.0897,1.5576
44382.43623,0.1167,0.0567,-0.0545,-0.2107,0.039,0.4285
44460.34002,0.5632,-0.4163,0.2302,0.2675,0.0631,0.3052
44698.22408,0.3091,0.2368,-0.0491,-0.2907,0.0243,-0.7537
44445.2906,-0.5458,-0.0233,-0.1353,-0.3743,-0.1484,0.6151
44890.4421,-0.5131,0.6429,-0.7757,-0.6313,-0.1781,0.0765
45114.86432,-0.6756,0.1123,0.2004,-2.4409,-1.8071,2.4429
44486.39723,0.0947,-0.0737,-0.0248,-0.0396,-0.4379,-0.4519
45275.1936,0.8607,-1.082,1.196,-0.5524,1.4626,2.6376
45349.93681,0.633,-1.2277,0.4914,-0.7856,1.2579,4.0647
44924.18718,0.1479,1.3957,-0.5393,0.8616,-1.133,-0.3609
45581.839,1.0879,-1.3858,1.0513,-0.1962,2.2413,-1.1296
44495.86705,-0.0251,0.1294,0.0582,-0.4564,-0.1089,-0.4832
45045.00447,-1.5876,1.2089,0.3631,-0.7944,-0.4205,-1.2989
45147.50966,1.4404,2.9083,-1.2216,2.6037,-1.7407,-5.0938
44778.5917,0.3476,0.16,0.1465,-0.6341,-0.235,-0.2149
44963.33011,0.1286,-0.1096,0.0895,-0.8725,0.1404,0.0454
44934.37997,-0.0665,0.1235,0.5037,0.1756,0.1027,-0.175
44980.00678,-0.1776,-0.7727,0.0803,-0.3862,-0.0678,0.0092
44354.53864,-0.0007,-0.0131,-0.0092,-0.0055,0.0387,-0.0119
45308.27046,-1.262,-0.8799,0.484,-0.4903,-0.9905,-0.9145
44929.64545,0.3814,-0.0742,0.423,0.0402,0.0191,-0.2078
45020.17538,0.8408,1.203,-0.9083,-1.1788,1.0443,-0.9376
44382.31557,0.076,-0.0213,0.0377,0.1877,-0.0527,0.1171
45039.73707,-0.3231,0.0208,-0.8051,0.4596,-0.6449,-1.0529
45588.38286,0.5244,-0.7152,0.6588,0.3972,-0.9284,4.021
44441.58095,-0.0365,-0.341,-0.2512,1.8018,0.0763,0.9501
44514.11289,0.5883,-0.2168,0.0762,-0.5144,0.3502,-0.4178
45113.05487,0.5186,-0.9375,0.8515,-0.1811,1.4505,4.7472
44554.91671,0.248,-0.5877,0.3802,1.0018,0.4102,0.4081
44384.15531,0.1076,0.0348,-0.0222,-0.001,-0.0997,-0.0782
44989.50609,-0.0827,-0.2207,0.1587,-0.6041,0.3694,0.7715
45165.33242,0.535,-0.9046,0.7717,-0.7356,-0.0391,4.0979
45417.30653,-0.9575,2.587,-0.9613,2.6667,-0.6109,-4.4661
45578.79325,1.0666,1.7548,-1.6816,-3.5941,0.3364,2.9408
44776.87279,-0.392,-0.0025,0.2578,0.1243,0.1647,0.187
45489.19928,-1.5933,-0.3831,0.6931,0.4547,-1.1106,-2.0447
45164.12613,-1.503,-0.8374,0.3389,0.3057,-0.4077,-1.4364
45591.57942,0.9436,-0.1815,0.2714,-1.8044,2.9719,-2.7626
44410.54626,-0.0883,-0.1239,0.1258,0.861,-0.0918,0.5583
44572.2573,0.9017,-1.196,-0.6369,1.366,-0.5606,1.118
44690.20228,-0.6631,0.7831,0.6168,-0.2255,0.0686,0.1088
45232.85352,1.1085,-1.2786,1.1831,-0.3765,2.1347,0.4706
44373.44866,-0.3425,0.1683,0.289,-0.1184,-0.3725,0.2405
44704.55706,-0.0683,0.1848,-0.3957,-0.783,-0.3364,-0.1035
44859.44095,-0.1062,-0.243,0.165,-0.2736,-0.1149,0.0988
45184.99467,1.1065,1.4042,-0.3468,0.5955,-0.572,-5.3252
45270.36854,1.0294,-1.1523,1.3253,-0.1892,2.1987,-0.1437
44647.19838,0.0331,-0.3898,-0.1618,1.5441,0.5104,1.0235
45286.74361,-1.0356,-0.7771,0.6734,1.7083,-1.0893,-0.9552
44852.68591,-0.1117,0.1296,0.1497,-0.2241,-0.4284,0.4816
44915.77359,-0.3377,0.057,-0.3544,-0.6243,-0.2529,0.2289
45438.80808,-1.433,0.4629,0.221,1.2895,-0.5169,-3.1195
45475.3877,1.03,2.0946,-1.7281,-4.5453,-0.3901,1.8699
44868.84972,-0.2356,-0.0881,0.1152,1.1808,0.2599,0.05
44449.54306,0.2338,-0.482,0.2784,0.3493,-0.3398,0.4595
44682.5726,0.2443,0.5002,0.2169,-0.2805,0.021,-0.2489
44572.95096,0.7318,-0.0612,-0.4917,-0.2212,-0.5041,-0.0131
45537.02704,0.6201,-1.3846,0.8149,-0.8732,1.4764,2.8673
45374.48426,1.0772,-1.3064,0.3511,-1.0192,2.0472,-1.5588
45413.4465,0.8928,-0.6019,0.2374,-1.5015,2.5009,-3.1444
44456.29872,0.0499,-0.0273,-0.0362,0.0968,0.1817,0.4278
44514.89701,0.2702,0.2119,-0.0688,-0.3097,-0.3785,0.13
45488.23427,-0.999,0.0362,0.1289,-2.3804,-1.4831,2.1491
44839.26637,-0.1595,0.1317,-0.304,-0.1315,-0.1582,-0.5762
45578.09966,-0.999,-0.0021,-0.117,-3.5993,-1.4177,2.5116
44907.78215,0.0273,0.0241,0.0836,-1.0259,-0.3672,-0.2944
45500.17616,-0.252,1.411,-1.0118,-0.8296,-0.3192,1.5448
45506.62957,-0.0086,1.4053,-0.3134,3.7292,-0.4274,1.0653
45354.18889,-2.1794,-0.3111,0.0279,-2.4463,-1.9555,0.7668
45067.62217,0.8505,-0.7002,0.3815,0.1873,0.1575,4.7305
44532.53957,0.367,0.0175,0.1602,0.8755,0.2137,0.0044
45376.29364,2.6125,2.4414,-2.6337,-4.1001,0.5636,3.7055
45336.06478,-1.5986,-0.5331,-0.0963,-2.7874,-1.5226,1.3033
45253.90297,-1.5697,-0.9776,0.3484,-2.2277,-1.9,0.6156
45551.14009,1.3445,2.5761,-0.956,3.6134,-1.28,-5.579
44434.52353,-0.3549,-0.0074,0.6958,-0.2974,0.1522,0.4966
44855.55079,0.6133,-0.024,0.1557,-0.214,-0.0866,-0.0218
45220.35853,1.1833,1.8186,-0.9684,-3.7372,-0.0818,1.4936
44607.69229,0.567,0.0941,0.2841,0.5613,0.1021,0.4716
45388.62768,-0.4087,2.6057,-1.3669,1.1778,-2.5926,-4.2902
45514.77175,-1.3193,-0.5646,-0.0244,-2.0673,-1.8317,1.4912
44532.50935,0.048,-0.1719,-0.0345,-0.3911,-0.1363,0.0622
45476.74475,1.0043,-1.3826,0.6227,0.2054,2.8431,-0.8411
44772.16836,0.4488,0.0723,0.1138,0.2704,0.0007,0.8298
44716.10714,-0.3981,-0.3808,-0.5772,0.251,-0.1992,0.5374
45243.83062,1.3325,1.524,-0.1325,-1.4938,-0.3511,-5.2545
44865.83406,-0.0223,-0.0431,-0.0886,0.753,0.1536,0.2754
44505.87967,-0.0473,-0.2278,-0.0905,0.6587,0.1339,0.4484
45076.03595,1.2945,-1.4149,0.5193,-0.4009,2.9997,-1.4728
44819.8457,-0.4598,0.8264,-0.3762,-0.9019,-0.3063,-0.389
45036.16349,0.1197,0.3546,-0.4322,0.0671,1.3321,0.0619
44962.72695,0.2046,0.1715,-0.2873,0.0746,0.0658,-0.0031
44375.04712,-0.0037,0.2947,0.0792,4.1602,-0.9083,-2.4672
45274.10796,-0.6365,1.8273,-0.4594,9.1442,-0.3813,-4.2571
44982.99226,0.3096,0.375,0.1032,0.2307,0.5777,0.8244
45288.05043,-0.0744,-0.3873,-0.842,0.6653,0.696,0.3735
44611.4016,-0.4219,0.9749,-0.3975,-3.6352,0.5776,0.5382
45497.40177,1.0885,0.7112,-0.0146,-1.7896,0.0526,-4.3717
44728.10951,0.6154,0.3505,0.1084,0.6206,-0.1192,-1.0413
44716.40872,0.4016,0.2258,-0.0341,-0.3314,-0.1951,0.0072
44404.24257,-0.1964,-0.2244,0.1365,-0.0971,0.1099,0.3083
44632.30064,-0.0558,-0.0408,-0.128,-0.6227,-0.2637,-0.2247
45616.58898,0.1315,-0.4808,0.5619,-1.3262,-1.0943,-0.4318
44871.02101,-0.0162,0.0148,-0.0483,-0.1171,-0.2457,-0.0913
45198.68586,0.8542,-1.0312,0.9405,-0.1485,1.0649,2.5592
45158.81852,1.3091,-0.4346,0.5065,-0.7757,3.1827,-2.7426
45450.17701,1.1811,0.8133,-0.3904,0.4656,-0.7139,-4.4269
45586.75446,0.4391,-1.2501,0.9766,-0.9985,0.0381,3.9045
45288.99029,0.0715,0.3673,-0.2763,-0.3809,1.1425,-0.6877
44800.18375,-0.3758,0.3188,-0.0936,0.7034,0.0388,-0.4314
45476.14162,2.294,1.5079,-1.7571,0.7078,1.9991,4.454
44550.45337,0.2438,-0.2369,0.0022,-0.219,-0.2392,-0.0154
45299.04249,0.873,-0.8101,1.1469,-0.7166,1.9842,3.1943
44749.61125,-0.1688,-0.1722,-0.5824,-1.7047,-0.5201,0.2362
45408.83256,0.8721,-1.5792,0.7753,-0.0212,1.9273,2.3883
45462.8427,-1.5107,0.4428,0.1709,-1.5102,-0.1835,-3.419
45505.12178,-1.4228,-0.4207,0.0688,-4.6148,-2.5011,1.3439
45574.48092,1.3335,-0.3124,0.5935,-3.8921,2.2332,-3.4404
44653.74249,-0.5183,0.2592,-0.2243,-1.7757,-0.0964,0.0125
45068.61736,-1.1245,-0.4097,0.1256,-2.8511,-2.3474,1.5634
45119.00101,-0.8095,0.6746,2.8934,7.1447,7.8764,4.9084
44961.12865,0.03,0.0382,0.1631,0.1613,-0.2697,-0.2216
44844.33264,-0.0776,0.1779,0.0717,-0.0785,-0.0122,-0.2232
44357.82604,-0.0142,-0.0168,-0.01,-0.0686,0.0133,0.0017
45001.62901,-0.0426,-0.1384,-0.0459,1.2562,-0.3742,0.1031
44742.76568,0.2435,-0.1584,-0.1776,0.041,0.0318,-0.0152
45370.83532,-0.7021,0.7461,-0.7405,-1.9549,-0.8221,2.3567
44369.40731,0.1075,-0.294,0.3351,0.1852,0.1232,-0.0025
45127.998,0.8404,-0.8035,0.8479,-0.5593,0.9198,4.8273
45366.04042,-0.5873,0.7932,-1.178,-2.6838,-0.0624,2.3508
45389.89424,-0.0492,1.1837,-1.6817,-4.405,0.3933,2.0118
45080.89123,1.8707,2.2353,-1.2386,2.9479,2.586,5.0485
45054.26268,1.4104,-0.3452,0.1794,-2.1249,2.7968,-4.3516
44972.04542,-0.123,-0.0614,-0.0525,0.6768,0.1814,-0.3256
44358.79113,-0.0304,0.1883,-0.1449,-0.3399,1.3578,-0.763
44666.40848,-1.3165,0.6153,0.2861,-4.6925,-1.0157,-0.0409
45243.70998,-0.9774,-0.1961,0.6167,-0.7417,-0.11,-2.6131
45074.67889,1.5967,2.2291,-0.5248,4.7193,0.0796,6.0289
45457.95736,-1.8578,-0.6648,0.0532,0.9607,-0.747,-1.4873
44470.5639,-0.1195,-0.2723,0.4537,0.1534,-0.0084,0.2168
45439.07947,0.9628,-1.4967,0.821,-0.1618,1.7291,-1.3794
44565.04965,0.2251,0.3139,-0.294,-0.2762,-0.324,-0.2439
44438.23323,-0.0969,-0.0589,0.0098,0.414,0.1809,0.3223
45380.96791,0.8664,-1.0541,0.1565,-0.3313,-0.1833,5.1167
44646.65556,0.3202,0.1131,0.5631,-2.3789,0.48,1.0097
45372.40342,-0.4822,0.7257,-1.3239,-2.9079,0.5627,2.1423
45624.37953,0.1317,-0.0828,-0.0532,2.1729,-0.094,-0.4562
44951.62936,0.1405,0.144,-0.2567,-0.0803,-0.039,0.2868
44594.21196,0.3575,-0.774,-0.7732,0.1566,0.0668,0.6184
45376.89677,1.1407,-1.8847,0.82,0.4621,2.5835,-0.5186
44717.25308,-0.237,-0.8137,-0.0994,-0.7794,-0.3965,0.2704
45181.10444,1.4276,-0.7199,0.7344,-1.257,2.4704,-2.2416
45536.36362,1.5031,2.4515,-2.1175,-2.0643,0.5819,2.6783
45402.71078,-0.396,0.7899,-1.0771,-1.9278,-0.0448,1.2117
44943.78873,0.1187,0.2843,-0.3741,0.2769,-0.1553,0.5014
45596.61549,0.302,-0.8284,0.4994,-0.8752,-0.1852,4.6528
44572.98111,-0.4803,-0.2924,-0.1135,-0.7508,-0.6186,-0.2574
44795.02701,-0.3127,0.618,-0.7046,-0.6595,-0.2144,-0.572
44454.67014,0.0169,-0.2394,0.2248,-0.1532,-0.0304,0.0387
44893.97047,0.321,-0.4404,0.2968,0.3134,0.1779,-0.3453
45408.98335,1.0663,1.8336,-1.7889,-3.7451,0.2938,1.8879
44557.41976,0.052,0.0544,0.0596,0.1822,0.3072,-0.5788
44607.20975,0.068,0.0508,0.0103,0.0351,0.1833,0.1859
44973.19135,-0.2847,-0.1382,0.4469,-1.4528,-0.0512,0.2047
45329.91282,-0.6752,3.2925,-1.1769,4.3318,-0.6028,-5.1163
44952.80546,0.7162,-0.0854,-0.1413,-0.1252,-0.3748,0.2254
45057.5799,1.1315,0.5414,0.1635,2.1856,0.5655,4.4196
44745.14805,0.798,0.0321,-0.1847,-0.4036,-0.261,-0.3164
45258.2154,1.3925,0.3971,0.484,-3.6629,1.1626,-4.1957
45420.98562,0.6612,2.1461,-1.2252,-1.9738,0.1762,1.271
45216.46324,-0.3799,1.0011,-1.0117,-0.7723,1.1846,4.8225
45192.17199,1.3797,-0.3064,0.5941,-3.3456,3.1047,-3.507
44405.87131,0.0235,-0.3191,0.1719,-0.2486,-0.2836,-0.5098
44681.879,0.6093,-0.2132,0.1346,0.0065,-0.2178,0.4695
44879.7967,-0.3407,-0.1476,0.2193,-0.1347,-0.1426,0.0068
45403.76628,-1.592,2.8059,-0.1577,2.1412,0.5829,-4.8578
45506.56925,1.6224,2.9597,-1.1511,-4.2828,0.0032,1.8016
44689.62931,-0.2526,0.0451,0.7551,-0.257,0.3944,0.2962
44903.892,0.0085,-0.0894,-0.3596,-1.1311,-0.1712,-0.3006
44904.34433,0.0405,0.2446,0.5611,0.0998,-0.0708,0.1124
45077.18193,-1.0722,-0.1329,-0.0514,1.4774,-2.313,1.151
44635.28625,0.1716,0.8814,0.5244,-1.6019,0.0197,-0.3864
44379.05835,-0.1099,-0.0813,0.1179,-0.3023,0.1083,-0.1476
44643.03669,-0.5253,0.0039,-0.0482,-0.8713,-0.1588,-0.0927
44712.03596,0.6807,0.089,-0.324,0.3367,-0.1012,-0.6351
44576.72061,0.3214,0.4499,-0.5346,0.4701,-0.3747,0.1085
44925.1522,-0.1446,0.1048,0.2365,0.5036,0.4454,0.0965
45050.94539,-2.1942,-0.8614,0.1564,1.4097,-1.0181,0.3049
45063.91288,-0.4748,0.8205,-0.343,-1.1552,-0.2438,1.6989
44780.85345,0.0307,0.0078,-0.6249,-0.4983,-0.3495,-0.2733
44613.45232,0.8567,0.6741,-0.3787,0.3454,-0.2394,-0.0821
44634.92437,-0.3749,-0.5669,-1.4039,1.5643,0.4719,-0.1308
44738.57389,-0.3119,-0.2918,0.306,-0.0285,0.2091,-0.122
44462.66226,-0.325,0.0668,-0.3883,0.2152,0.1128,0.0905
44524.12542,-0.2649,0.2997,0.0703,0.4529,-0.0707,-0.1277
44689.7198,-1.1271,0.0806,-0.1171,0.564,0.0834,0.0564
44728.77295,0.2851,-0.1567,-0.1005,0.5312,-0.158,0.0792
45112.7533,0.2221,3.711,-1.0164,3.2606,-1.7989,-6.3074
44440.37454,-0.0341,0.2782,-0.0107,-1.1135,0.3565,0.0478
44488.50833,-0.3959,-0.0249,0.2991,0.5926,0.3228,0.0401
45134.57228,-0.9063,-0.2859,0.21,-3.0116,-1.6989,2.4686
45576.53154,-1.2765,-0.376,0.1735,-2.6247,-1.6445,1.6844
45339.35187,-1.6206,0.6355,-0.1166,-0.2647,-0.687,-3.1003
45376.20316,0.6133,-1.1716,0.3916,-1.2645,0.2821,4.3563
44436.15217,-0.6145,0.2077,0.2415,-0.112,0.0702,0.8224
44556.9674,0.0397,-0.0517,-0.0661,-0.3666,-0.0664,0.129
44448.06525,-0.013,-0.0981,0.3089,-0.1864,-0.3235,0.1359
45584.43245,0.9374,1.9309,-1.2155,1.7391,3.4029,6.2894
45134.87383,1.5824,1.2749,-0.3435,0.043,-0.7092,-5.0071
44544.84401,0.097,0.581,0.0758,-0.0838,0.2893,-0.7418
44726.33026,-0.5432,-0.2097,-0.0965,-0.6944,-0.2092,-0.1987
44944.81403,-0.2216,0.0539,-0.1173,0.202,0.2147,-0.0104
45338.4472,-1.8886,-0.4693,-0.2041,-2.8096,-1.9228,0.9291
44858.71716,-0.1672,0.3996,-0.2254,-0.3763,-0.2747,-0.048
45353.94765,1.1145,0.35,-0.3055,4.5245,0.1942,7.2627
45225.61585,1.665,-0.5077,0.0936,-2.8401,3.2986,-2.8096
44732.72349,0.1377,-0.2476,0.6877,-1.287,-0.2267,-0.8574
45010.22367,-0.1697,0.0673,0.2063,-3.7824,-1.0935,-1.2457
45532.65443,-1.1939,2.8626,-0.0944,2.4338,0.3248,-4.3161
45468.30097,-1.2012,0.1974,-0.3006,-2.8574,-1.4222,2.0109
45454.42905,0.5725,-0.9913,0.5001,0.0586,1.0953,5.1363
45277.87754,-0.6098,-0.5242,0.6852,-2.3737,-2.4267,2.5613
45613.62359,1.3104,2.994,-1.8282,2.6972,-1.7859,-5.2962
44855.61109,0.2315,-0.0516,0.02,1.0026,0.0826,0.0089
45275.76658,1.8209,2.5748,-0.9239,3.0736,-0.9197,-5.9
45027.56381,-0.1202,0.1839,-0.2538,-0.0702,-0.9688,0.3772
44866.94982,0.2174,-0.2094,0.1247,0.4803,0.3826,0.0746
45211.89452,-1.322,-0.8401,0.3096,0.1058,-0.7865,-1.1935
45221.38385,-1.6364,-0.7657,0.3427,-0.9029,-0.8991,-1.0309
44590.26134,0.3917,-0.0732,0.6057,-0.4874,-0.1319,-0.4011
44850.30357,-0.1433,-0.1764,-0.0031,0.4762,0.1894,-0.4349
45023.07043,-0.0574,-0.1275,0.2071,-0.3858,-0.2024,-0.3191
45150.73646,0.9645,3.4215,-1.2352,3.3313,-1.4016,-5.7246
44429.66775,1.1118,0.2669,0.3209,0.7121,-0.0636,-1.0589
45578.64248,0.6533,-1.2236,0.8981,-0.147,1.7617,2.6446
44580.24905,0.4269,-0.7984,-0.2412,-0.5126,-0.176,0.5066
44878.95231,0.3988,-0.3679,-0.2079,0.9549,-0.0543,-0.4179
45055.83081,1.1357,-0.5261,0.224,-2.3731,2.1584,-3.2144
44684.20107,-0.5105,-0.4839,-0.4979,2.6145,0.8016,1.7832
45149.25878,1.2,-0.9019,0.927,-1.4436,2.773,-2.4813
45601.80236,-1.9812,-0.7853,0.3044,0.5432,-0.9873,-1.1912
45048.77408,-1.5499,2.6038,0.0833,-0.8741,0.2528,-2.7978
44509.07646,0.4617,0.0031,0.0677,-0.0693,0.0274,-0.2196
45160.5073,1.0494,-1.5579,1.3328,-1.5165,2.4838,2.0023
45203.99343,-1.1801,0.6308,0.5077,-0.5454,0.2062,-2.7635
45471.19598,1.0284,-1.8781,1.0239,0.5835,1.3781,-0.8302
45085.77664,-1.0974,-0.3422,-0.0534,-3.3697,-2.0048,1.9728
45387.57218,-1.226,0.2651,-0.4632,-3.8522,-1.4297,2.0888
45333.86337,-0.493,3.0879,-1.4982,3.9232,-1.1198,-4.3185
44811.64316,0.0379,-0.0249,0.5195,0.3813,-0.2785,0.3123
45474.39257,0.7171,-1.7004,0.9577,0.1563,1.9829,0.4284
45268.89085,2.1333,2.261,-0.5841,3.6181,2.3253,5.4046
45127.81707,1.6275,-0.7333,0.5668,-2.8613,2.1,-4.0657
45202.78716,0.8619,-0.5159,0.6766,0.2643,0.3942,4.9057
45362.90411,-1.2037,0.0115,-0.1759,-3.672,-1.8657,2.4761
45111.69775,0.3191,0.2825,-0.9096,-4.1486,3.7598,5.6407
45625.55565,0.1616,-0.6239,-0.1656,-0.3798,-0.3538,-0.5203
44666.01645,2.0663,-1.2267,0.7019,0.3839,-0.3289,-1.9502
44651.75211,0.1112,-0.505,0.1411,0.7142,0.4213,0.3843
45023.61325,-0.1015,-0.1107,-0.2814,-1.8621,-0.2667,-0.021
45116.10082,1.4079,-1.5451,1.3611,-0.121,2.7725,-1.3843
45144.16222,-1.7198,-0.8196,0.4312,0.4982,-1.0342,-0.4953
44524.87936,-0.0678,0.0036,-0.3498,0.2267,-0.312,0.0285
44491.25278,-0.6523,0.2629,0.1831,-0.5439,0.4525,-1.0192
45453.13235,-1.9772,-0.7262,0.0829,-2.3414,-2.0514,-0.3397
44526.17618,-0.4183,0.0077,0.3983,-0.1033,0.2378,0.2953
45462.14908,1.1967,1.5757,-0.8747,2.0351,-1.1056,-5.1251
44645.63022,0.0649,-0.0147,-0.0391,0.0642,-0.0048,0.0199
44624.94223,0.2647,-1.4001,-0.1461,-2.2648,2.0725,-1.7303
45077.15177,-0.7671,0.3566,-0.1146,1.7747,-1.9553,1.4471
45187.52785,1.0888,-1.2676,1.1814,0.1634,1.5739,0.2585
44469.5385,-0.1732,-0.2559,-0.5771,-0.1365,-0.6586,0.7164
45002.38292,0.0181,-0.2111,0.055,0.0863,-0.1962,0.365
45304.59135,1.3449,-0.6866,0.7706,0.7419,3.9071,-2.0796
44427.46612,-0.3198,0.3454,-0.2538,-0.6291,-0.1096,0.0888
44732.96472,-0.1535,-0.0797,0.3899,0.9722,0.4492,0.9966
44955.27827,0.1189,-0.0301,0.2167,0.345,-0.0098,0.2469
45578.25045,-1.8716,-0.353,0.2849,1.6046,-0.6415,-1.106
44459.49557,0.3168,-0.0812,-0.156,-0.4362,-0.4439,0.1112
44887.51686,-0.1748,0.2275,-0.0061,-0.3197,-0.4777,0.095
45095.30658,-1.7213,-0.9172,0.2681,1.2879,-0.8073,-1.2819
44535.25376,-0.0101,-0.4479,0.4179,0.77,0.4479,0.7023
44476.11309,0.0574,-0.1594,0.0069,-0.269,0.0538,-0.1758
44990.68219,-0.2371,-0.5278,0.0641,-0.9874,-1.0688,-0.1777
45396.13664,0.7926,-1.1833,0.6489,-0.9255,1.5353,4.5394
44405.23791,0.5739,0.07,0.0984,-0.171,-0.1587,-0.3943
45519.59677,-1.4649,-0.4901,-0.1168,-1.7205,-2.447,1.0903
45402.49969,0.7361,-1.8878,0.8196,-0.6094,1.8836,2.8043
44621.98684,1.1288,-0.1107,-0.6761,0.6086,-0.325,0.2578
44594.90555,1.7957,0.256,-0.5575,-0.0139,0.2808,-1.1386
45363.8993,-1.783,0.8406,-0.0739,0.3524,0.5199,-3.0541
44882.87269,0.0341,-0.0061,0.1684,0.4726,0.2696,0.3893
45293.88569,-0.7822,-0.3265,0.6492,1.0327,-0.4123,-1.9329
44763.45312,-0.2241,-0.0105,-0.3822,0.6782,-0.0939,0.7943
44609.80328,0.0335,-0.0289,0.0897,-0.1833,0.7769,-0.4335
44985.67621,0.1917,-0.3375,0.2334,-0.9748,-0.5579,0.4219
45262.04527,-0.5604,2.9402,-0.5752,0.0252,-0.8136,-4.2046
45285.41676,1.5057,-0.2262,0.6416,-2.0825,1.8276,-3.64
45486.96772,1.2009,1.5165,-0.5889,-0.6501,-0.2163,-5.4097
45459.70643,1.3241,2.3719,-1.032,3.9154,-1.036,-5.3875
45168.67983,-0.6061,0.192,0.2038,-1.9119,-1.0718,2.1346
44592.40248,0.4886,-1.0464,-0.0308,0.0242,0.2234,-0.3849
44865.62297,-0.0769,0.2674,0.0502,-0.918,-0.1317,0.2048
44587.48685,0.2601,0.069,0.5483,-0.9178,-0.0508,0.2675
44647.89199,1.1116,-0.5918,0.873,2.2017,0.1451,0.8719
44866.07533,0.1548,0.3138,0.144,0.3993,0.0205,-0.1913
44980.88129,-0.1865,-0.5345,0.0841,0.0468,0.7134,0.776
45035.70615,0.1037,0.2768,0.6768,0.8735,0.4238,-3.9291
45100.70502,-1.3861,-0.6179,0.0781,-2.1553,-2.2509,1.518
45375.63019,-0.9159,0.0944,-0.261,-4.1658,-1.023,2.6829
45507.47397,-0.7697,0.7699,-0.2355,-0.2134,-0.9068,1.9465
44540.92348,0.1499,-0.2094,0.1694,-1.1227,-0.0686,-0.1319
44409.67158,-0.0106,0.2234,0.1102,0.3813,0.014,0.0847
44827.14354,0.2127,0.0515,-0.0885,-0.24,-0.0244,-0.37
44981.03209,-0.1406,-0.1567,0.0682,-0.629,-0.1128,0.539
45223.56015,0.3894,1.8936,-0.7024,-3.8411,-0.1523,1.9165
45445.02029,-1.118,-0.0695,-0.3508,-2.9515,-1.3882,2.102
45528.88492,0.8847,-1.5992,1.0699,0.0409,2.9194,-0.2921
45442.90932,0.1945,2.5415,-1.2641,2.6805,-2.1741,-4.6991
45597.27892,0.952,-1.2747,0.7509,0.4622,3.1222,-0.2579
45153.99341,1.6262,1.1855,-0.1825,-0.5234,-0.5604,-5.4655
45035.7363,0.0856,0.3354,0.5866,0.6522,0.8087,-3.6762
44979.46394,-0.3856,-0.7408,0.2788,-0.8654,0.1202,0.3544
45160.20573,-1.1709,0.9761,0.4776,1.4067,0.017,-3.1923
45563.9866,1.0407,0.1431,0.5897,-5.5874,2.3659,-3.4041
44944.51246,0.2779,0.0518,-0.5354,-0.6935,-0.2803,-0.6057
45078.56914,-0.0244,2.7322,0.4686,-4.0736,-1.0944,4.0857
45398.12699,-1.5728,-0.478,0.1443,3.5838,-0.3409,-1.9676
45481.75069,1.8539,3.0024,-1.9874,-7.3863,-0.6033,2.7225
45541.30924,-1.085,0.1109,-0.055,-2.78,-1.4033,2.1609
45583.2865,1.1596,1.801,-0.5321,1.6068,-0.8659,-5.7143
44788.96555,-0.1272,-0.0256,-0.1185,-0.7698,-0.1196,-0.1265
44795.1778,0.4063,-0.3243,-0.1631,0.4092,-0.1192,-0.2255
44759.02011,-0.125,-0.0392,0.2279,-0.0597,0.4027,0.0077
44934.31964,-0.1886,0.5123,-0.3488,-0.5737,-0.1393,-0.0248
45501.83475,-0.6145,0.7418,-0.5965,-1.9444,-0.1562,1.4461
44670.05746,-0.0892,-0.0466,-0.111,-1.2029,-0.2377,-0.1942
45288.59326,0.3298,0.4037,-0.5057,0.5131,-0.1549,-1.2139
44515.40971,0.1083,-0.2124,-0.255,-0.702,-0.123,-0.274
45140.99573,-2.0403,-0.693,0.4984,-0.2175,-1.4957,-0.2858
44463.50673,-0.7996,0.5382,-0.0163,0.4918,-0.1814,-0.1991
44401.61854,-0.327,0.1803,-0.2212,-0.6339,-0.0313,-0.4111
44787.45772,0.5126,0.1408,-0.0336,-0.2371,-0.3206,-0.6503
44872.31775,-0.2421,0.2299,0.108,-0.8183,-0.1181,-0.3158
45544.26452,0.8518,-1.0762,0.8521,-0.5746,1.2161,3.9321
44684.68358,0.4584,-0.173,0.3547,0.2193,0.2131,-0.2703
45589.70975,-0.8337,1.6791,-0.0376,1.6295,-0.036,-2.9347
45346.34821,-2.4782,-0.6651,-0.148,-0.9827,-0.5155,-1.1725
44552.29298,0.1393,-0.1145,-0.0498,-0.5225,-0.0945,0.1254
44917.82422,0.0451,0.3119,-0.0249,1.1094,0.4344,0.0309
45598.6058,-1.5369,-0.7132,0.6869,2.305,0.2664,-2.1294
44503.58762,0.1282,0.1391,0.0091,-0.7775,-0.1032,-0.3071
44776.60138,-0.0183,-0.3607,-0.2552,0.2524,0.1976,0.7821
44835.40637,0.3408,0.2174,-0.2102,-3.4936,-0.5219,0.1718
44969.15036,-0.1298,-0.0804,-0.0341,-1.0352,-0.0246,1.4109
45107.61135,1.3085,1.8837,-1.603,-3.211,0.5658,1.9077
45391.7941,-0.9408,2.6699,-1.3378,3.3829,-0.7081,-4.652
45118.97086,0.7747,-0.4353,1.7832,-2.5941,0.2754,1.7534
45625.46517,0.0819,0.0731,0.1311,0.2342,0.1681,-0.7519
44651.29975,-0.1927,0.4119,-0.49,-0.7043,-0.0431,-0.2638
44420.58966,0.0912,-0.0827,-0.0555,-0.2119,-0.2915,0.0153
44604.64641,0.1382,0.1829,-0.4378,0.6987,-0.0761,-0.1499
44672.50016,-0.5406,0.5671,-0.6228,-0.0286,-0.1049,-0.2869
44739.62938,0.5898,0.4972,-0.2213,-1.0068,-0.6434,-1.1928
45130.16932,1.8624,-0.1558,0.4226,-4.0823,1.3961,-4.9774
44452.01612,0.4702,0.1842,-0.2109,-0.2426,-0.1561,-0.1089
45312.7638,1.5239,1.1401,0.7234,3.2299,0.8853,5.5624
44942.19047,0.2359,-0.2894,0.4711,-0.0538,0.2612,-0.2457
44815.11115,0.108,0.2243,0.3197,-0.3184,0.1231,-0.1658
44354.14659,-0.0003,-0.0119,-0.0309,0.0048,0.0798,0.0611
44397.87849,-0.1419,0.3132,-0.0226,-0.8463,-0.1643,-0.0188
45340.92,-1.7893,-0.1505,0.1811,-0.3402,0.5388,-2.8228
44972.95011,0.2119,0.0531,-0.0355,0.8059,0.5519,0.5886
44551.08666,0.3331,-0.0828,-0.0494,0.2352,0.024,0.0749
44559.34986,-0.0969,0.1363,-0.234,-0.3937,0.1561,0.0986
44499.84798,0.0194,-0.3805,0.2067,-1.8037,0.565,-0.6532
45598.90736,1.4697,-1.1015,1.113,1.1124,1.7368,-1.6953
44785.07535,-0.1329,-0.3997,0.021,-0.2594,-0.1923,0.5036
44800.06314,0.244,-0.4009,-0.1231,-0.1716,0.1688,-0.0733
44678.16969,-0.3055,-0.1958,-0.0731,0.3777,-0.088,0.4357
44532.56972,-0.1112,-0.2481,0.1567,-0.1627,-0.0451,0.1583
45184.81374,-1.2508,-0.8723,0.58,2.0453,-0.7151,-1.5905
44499.2448,-0.2889,0.6931,-0.3448,-0.1304,-0.0943,-0.8452
45261.41199,1.73,0.2646,0.4382,-2.7738,2.1353,-4.1392
44473.70042,-0.1196,0.1916,-0.2438,0.1453,-0.5452,-0.1873
44488.20675,-0.5541,-0.0421,-0.1074,-0.9278,-0.3431,-0.0983
45345.41334,-1.0148,0.0548,-0.3419,-2.3968,-1.6737,3.0696
44416.91012,-0.1503,0.3598,-0.0313,0.3946,0.4422,-0.094
44949.88029,-1.3441,0.4622,-0.7774,0.8722,0.9036,-0.0055
45271.75576,0.7981,4.2238,-1.1276,2.5638,-1.7343,-5.5741
45102.66534,1.4048,-1.6741,1.1202,0.1138,2.2876,-2.0261
45308.24031,-1.3737,-0.8482,0.5587,-1.4287,-1.7341,-0.0217
44964.95857,0.1651,0.1797,0.3781,0.1265,-0.0435,0.0047
45166.05617,0.9331,-1.4675,1.2462,0.2944,1.451,1.983
45368.24185,0.6524,-1.3716,0.4141,-1.7293,1.2895,4.0028
45402.31876,0.7884,0.7771,-0.4821,-1.8949,-0.277,-5.0235
45426.41376,0.708,-0.6853,0.4591,1.2691,0.8171,4.9946
44411.39072,0.1627,0.7382,0.0036,-1.3159,-0.4486,-0.4718
44917.40201,0.0012,-0.1434,0.3156,-0.2074,-0.3609,0.1163
44404.36324,-0.0577,0.0004,0.0927,-0.3302,-0.0691,0.0853
45497.00974,-0.6439,1.1261,-0.6528,-1.3153,-0.5579,2.1509
45313.81928,-1.0613,-0.7345,0.5821,-2.899,-1.6074,0.1174
44911.03903,0.25,0.1015,0.2871,1.0824,-0.392,-1.4781
45612.20625,1.8176,0.9752,-0.8002,2.4846,2.3767,6.2047
44828.95294,-0.0999,0.1742,0.1073,0.5287,0.1262,-0.1123
44607.05897,-0.2113,0.2933,-0.2556,-0.4491,-0.3566,-0.2038
44773.49525,0.7365,-1.112,-0.8586,-0.5282,-0.1355,0.1828
44371.36766,-0.244,-0.1093,0.3995,0.6762,-0.0136,0.4838
45371.43842,0.5243,-1.1538,0.4485,-0.3272,0.9308,3.7752
45482.05223,-1.3143,-0.3022,0.282,1.3868,-0.4522,-2.2985
45623.11296,0.4842,-0.0155,0.1838,-0.597,-1.0154,1.0308
45350.26854,-2.0372,-0.7857,-0.0222,-0.7944,-1.7271,0.084
45597.39955,0.4678,-0.9251,0.6072,0.2056,0.3242,4.1949
45485.61068,0.5764,-1.602,0.5789,-0.7682,1.1036,4.1203
45337.90437,1.2209,0.7923,-0.4722,0.0534,-0.8916,-4.3999
44595.08649,1.7014,0.8355,-0.578,0.2884,0.4486,-1.2204
45259.8137,1.5342,0.5577,0.2499,-3.0375,0.6294,-4.1219
45186.62313,1.7367,0.2199,0.3518,-2.1605,2.0453,-4.5444
44581.09347,-0.5664,-0.0817,-0.5392,0.359,-0.1675,0.2041
45205.4108,-0.9636,-0.3469,0.3125,-2.3672,-2.095,2.6323
44503.6781,0.1147,-0.0162,0.2415,-0.4856,0.1857,-0.1045
45079.59448,-2.1347,-0.8302,0.2086,0.1961,-1.5594,0.34
44955.09733,-0.0507,0.2023,-0.0904,0.0904,-0.0042,0.2284
45491.85301,1.0482,-0.9415,0.4366,-1.9098,3.299,-1.7389
44397.96897,0.3738,1.5948,0.1358,-0.1774,-0.3423,0.9273
44410.63674,-0.2626,0.1879,-0.1948,0.9892,0.0765,0.0453
44598.46413,-0.7737,-0.0936,0.3666,0.2458,0.185,0.1007
44720.60047,-0.4099,0.1728,-0.4823,0.1283,-0.0974,0.7487
44723.01301,0.9417,0.3531,0.7332,1.5936,0.8176,-0.2822
44806.84832,-0.1914,0.3082,0.1521,-0.1898,-0.3402,-0.1274
44427.10419,0.1893,0.4548,0.1747,-0.0983,-0.068,-0.6139
44696.08295,0.185,-0.0191,0.1427,0.1953,0.1543,0.4223
44902.59526,-0.2172,0.0581,0.4203,0.2896,0.1176,0.0841
44391.27318,-0.4583,-0.2951,0.0228,1.9917,0.3871,0.4917
44446.316,0.7154,-0.1815,0.1808,-0.2907,-0.2321,0.4531
44861.49155,0.374,-0.2724,0.2633,-0.1508,0.137,0.2024
45093.61772,-1.0278,-0.2421,0.1105,-3.2982,-1.8197,2.5562
44425.05334,-0.0638,-0.5376,-0.2919,1.2104,0.167,0.9072
44354.29738,0.0079,0.0064,0.012,0.0108,0.0566,0.0214
45179.77755,1.1264,2.2931,-0.9706,-4.2538,-0.4047,2.4328
44566.5877,-0.2081,0.1492,0.1834,-0.1848,0.3487,0.7153
45237.73894,1.0159,-0.4511,0.7566,0.9643,0.5659,4.9186
44399.35642,0.8139,0.8195,-1.0716,-1.0199,-0.5943,-1.9282
45285.29609,1.6068,2.4856,-1.3291,2.3054,-2.3758,-4.9492
45353.3445,-1.3627,-0.0986,-0.5032,-2.9822,-1.4596,1.4351
45387.72296,-1.8723,-0.6169,-0.2086,1.9155,-0.7259,-1.4913
45486.63602,-0.8561,0.4356,-0.1418,-0.721,-1.612,2.5332
45495.2305,0.7126,-0.9932,0.4468,-0.2133,0.409,4.7618
44593.18658,0.1433,-0.9441,-0.5641,0.7438,0.2495,0.0023
44439.16816,-0.8061,0.3937,-0.1037,0.1536,-0.3538,-0.0414
45536.4541,-0.7146,0.469,-0.3872,-3.2105,-0.4929,2.2431
45363.41677,0.5502,-1.8109,0.9059,-0.3893,1.2555,1.5068
44664.32761,-1.5314,-0.5593,0.3683,-1.3082,0.4889,0.9887
44450.56846,0.0481,0.2406,0.1793,0.6319,0.3569,0.1881
44877.35398,0.2296,-0.5189,-0.5186,2.1418,-0.1894,0.7763
44966.58706,0.0086,0.2449,-0.1578,1.029,0.9803,0.083
44592.82471,-0.5377,0.6041,1.2024,-1.9252,-0.6143,-1.044
44684.65343,-0.3489,0.1291,-0.0782,-0.4713,0.0046,-0.2097
44518.39539,0.1646,-0.027,0.0095,0.2678,-0.0003,0.3443
45380.75682,1.1086,0.1354,-0.2587,-3.8021,1.6852,-3.8176
45410.70227,-1.3529,-0.3795,-0.2482,-3.4623,-2.2466,2.2661
45018.93895,0.0746,-0.7851,0.1614,-0.4954,-0.6289,-3.1622
44839.56795,0.2016,0.1639,-0.3393,1.3614,-0.0115,0.5937
44685.82956,-0.3164,0.1576,-0.535,-0.284,0.2133,-0.0838
45147.72078,1.1347,-1.5504,1.2142,1.447,1.5967,1.4069
44757.93448,-0.5027,0.0785,-0.3523,-2.0532,-0.5749,1.3595
45560.06631,1.1418,-1.5906,0.8011,0.115,3.4327,0.2188
45431.72132,1.028,2.9982,-1.5711,3.156,-1.7742,-5.4517
45253.66173,2.1557,2.3803,-0.8536,4.5167,2.5731,6.5649
45392.06552,0.9268,-1.6125,1.2039,-0.0543,2.2518,1.1232
45099.1066,-0.9302,-0.1512,0.1335,-3.3369,-2.1089,2.2267
44963.39041,-0.1345,0.0702,0.1192,-0.2429,-0.0892,0.5707
45475.53849,-1.3039,-0.295,-0.0415,-2.6776,-2.2737,2.2508
44419.17213,-0.1218,-0.5429,0.2717,0.8367,0.2473,0.6581
45332.35555,1.2881,1.1487,-0.9118,0.0609,-1.4549,-5.4886
44467.97025,0.0058,-0.0824,0.1117,-0.401,-0.4748,-0.0922
45020.92929,-0.1208,-1.179,-0.4003,-1.4041,-0.2537,4.4035
44639.77969,0.175,-0.2906,0.1057,0.9038,0.0721,0.7328
44919.21142,0.1432,-0.3097,0.2554,-0.3216,0.4256,0.6258
44882.17909,-0.0199,0.1856,-0.2802,-0.5006,-0.1793,-0.0025
45385.82311,2.0988,1.8802,-2.518,-0.3659,1.2987,4.2239
45564.0469,0.8557,-1.0883,0.6262,0.3587,3.7123,-0.2537
45202.96809,-0.6072,0.5142,-0.0306,-2.1269,-1.0361,2.3838
44794.75558,-0.4839,0.5576,-0.2095,-0.8843,-0.1005,-0.3447
45112.42154,0.2007,1.499,-0.7629,-1.7979,0.1306,1.7779
44507.05584,0.5228,-0.1396,0.1504,-0.1094,0.1737,-0.348
45010.28398,-0.1938,-0.2745,0.2337,-1.5195,-0.2897,-1.0143
44410.78753,0.397,-0.0632,-0.2279,0.6161,0.2385,-0.3016
45427.7105,1.1047,2.5051,-1.1908,1.8626,-0.5288,-5.3393
44927.17266,0.3825,0.2571,-0.1181,-0.2118,0.0314,-0.4402
44953.31812,0.1561,-0.2939,0.0399,-0.1477,-0.1434,0.2891
44723.1638,0.7718,-0.3558,-0.5637,-1.3814,0.2328,-1.1504
44760.91998,-0.1502,-0.3489,-0.0355,-0.0898,0.2029,0.0511
44773.13337,-0.3795,-0.0065,0.0587,0.2023,0.1837,0.8215
45013.54092,0.4458,0.6449,0.0109,8.4971,2.895,-2.5489
44776.5109,0.2894,0.2692,-0.1037,-0.1867,-0.1408,-0.2457
45051.36762,0.8461,-1.3421,0.7777,-2.3396,0.8892,3.9327
45585.69899,1.033,2.7372,-0.7952,2.8094,0.0036,-5.7972
44562.78784,0.1842,0.2188,-0.1211,0.2529,0.1684,0.3605
44648.34433,-0.5107,0.3892,0.3248,-0.2909,0.2636,-0.7519
45234.60262,2.0306,2.4377,-0.7692,2.0011,2.7118,5.9456
45149.5905,-0.0303,0.798,-0.3793,-2.1964,-0.2586,1.9542
45017.55175,0.3062,0.1382,0.6024,-1.3174,2.0177,-2.0578
45618.34814,-0.1329,0.6323,0.4644,-3.8776,-0.6098,0.0188
44513.60022,0.1397,0.2181,-0.1133,-0.2713,-0.1269,-0.1515
45252.60624,1.6615,0.0588,0.254,-3.1324,2.8648,-3.2272
44399.98978,-0.2121,-0.0701,0.0654,0.3298,0.1148,-0.1029
44651.57117,0.0099,-0.096,0.7022,-0.0263,-0.1173,0.1376
45343.54363,1.0859,-1.8465,0.4921,0.365,2.0246,-0.3925
45364.41197,-0.121,1.4686,-1.3352,-4.0254,-0.0115,1.7365
44447.52237,-0.0054,-0.1389,0.2369,1.4248,0.7555,-0.255
45228.20933,1.5207,1.5581,0.2944,3.9128,-0.3757,4.5206
45554.03512,-0.9701,-0.3303,0.2361,-3.9909,-2.0409,3.0413
45225.91742,0.4341,1.8356,-0.6489,-4.9125,-0.7569,1.7245
44451.47327,-0.0625,-0.0242,0.1869,-0.3635,-0.1786,-0.1723
44793.42868,0.2168,0.2461,-0.1049,-0.6134,-0.052,-0.1247
45121.45385,2.1183,0.8698,-0.0834,-0.4359,0.3654,-6.6543
44544.51227,-0.3629,0.5931,0.1134,-0.7351,-0.4286,-0.7373
44573.94612,0.5149,0.2674,0.3112,0.4983,-0.18,-0.1231
45323.48948,-2.1483,-0.2675,0.103,0.103,-1.0938,-0.569
45609.6128,2.203,0.8752,-1.0749,-3.4753,4.0945,5.7189
44820.69009,-0.5436,0.2329,-0.7484,-0.3327,0.0616,0.2658
44694.57508,-0.1618,0.3895,-0.1051,-1.0505,-0.3863,0.0519
44460.70193,-0.6829,0.9402,0.3209,-0.3862,-0.4144,-0.3559
45267.56396,-1.7109,-0.7192,0.5233,-0.4466,-1.2784,0.4717
45512.84176,0.6933,-1.9239,0.8851,0.4068,1.5237,1.8788
45392.87975,0.886,-1.531,0.8498,-0.6386,1.4223,2.8083
44709.68371,-0.1401,0.0649,-0.7452,-0.0316,-0.2674,0.3996
44827.29433,-0.1304,-0.1116,-0.1758,0.2556,0.091,-0.4135
44514.35416,-0.3853,0.076,0.0069,-0.3319,0.1591,0.0891
45348.88133,0.836,1.9135,-1.1052,0.3203,-1.4342,-5.0795
45153.96326,1.5161,2.053,-0.7012,1.7599,-1.4147,-5.6797
44389.79529,0.4366,-0.3099,0.0989,-0.1634,-0.251,0.0039
44686.22159,0.509,-0.1244,0.6569,-0.9756,0.0122,-0.038
44929.6756,0.1564,-0.0652,0.0165,-0.4407,-0.0214,-0.5179
44990.50125,0.6749,-0.3123,0.2514,-0.4471,0.2746,0.9443
44635.76879,-2.3259,1.5977,-0.6503,0.0332,2.1668,0.1783
45341.40253,0.833,2.1953,-1.6316,-5.6433,-0.6088,2.1354
45306.52138,-0.1629,0.9311,-0.0058,-0.3982,-0.287,2.0461
44482.62743,-0.3847,-0.3133,-0.2059,-0.3365,-0.0185,-0.0171
45405.18361,-1.933,-0.7199,-0.1366,-2.751,-1.3493,0.4009
44576.3889,0.7847,-0.0514,0.086,-0.3866,0.1434,-0.5861
45511.72598,-1.3657,-0.3648,0.3939,2.3152,-0.576,-2.0073
44676.0587,-0.5965,-0.1721,0.0112,-0.4442,0.801,-0.1876
45346.13709,-0.3804,1.9667,-0.9936,-1.9609,-0.4419,1.7007
45104.68597,-1.7707,-0.6678,-0.0684,0.7633,-1.3053,0.1394
44936.5814,0.1941,0.0751,0.3264,1.1363,-0.3628,-1.0714
44799.73141,0.4462,-0.5854,0.1174,1.5301,0.0372,0.5344
45501.8649,-1.0314,0.224,-0.2077,-1.9959,-1.0697,1.8564
45093.22566,1.228,-0.6043,0.5881,-3.2041,1.8816,-2.8837
45335.97432,-1.0462,0.6342,-0.8656,-1.5897,-0.5551,2.5891
45455.84639,1.1104,-0.875,0.4823,-1.4913,1.7791,-2.1978
44655.00909,0.1681,0.1936,-0.3089,-0.1375,-0.4029,0.1268
45212.85951,1.3933,3.0391,-1.0671,2.635,-1.0848,-5.4825
45488.95801,-0.4816,0.9024,-0.7354,-0.9511,-0.4697,1.4643
44656.51693,1.7151,0.4029,-2.5778,-1.3691,-0.4012,0.1006
44621.11226,0.2809,-0.6274,0.2315,0.201,0.607,-0.2064
44765.62441,-0.3253,0.0931,-0.5278,0.2422,-0.2535,0.6803
44766.49892,-0.1166,0.1333,0.1786,0.0721,0.0676,0.5327
45017.97393,0.3248,0.5337,0.365,-8.0019,-1.8586,-0.8943
44714.96115,-0.9684,-0.2646,-0.7258,-1.1781,0.2402,-0.2901
44415.82434,-0.1209,-0.1303,0.1135,-0.0136,0.0733,0.2793
44599.57996,0.5859,0.2475,0.5389,0.5574,0.2251,0.1206
44763.99594,0.0298,0.387,0.0904,0.1959,0.2525,-0.0743
44674.09852,-0.207,0.0035,-0.4403,0.1282,0.459,-0.4076
44538.54098,0.0075,0.0531,0.0025,0.0711,-0.1426,0.359
44777.41561,0.099,-0.0048,-0.0148,0.4636,-0.0416,0.7795
44795.11747,0.0142,0.3723,0.2634,-1.535,0.061,-0.8994
44537.27435,0.0237,-0.2086,-0.2806,0.2722,-0.1122,0.475
44890.26116,-0.0172,0.2206,-0.1242,0.935,0.0426,-0.0279
45110.08431,-1.0677,-2.4498,1.1536,2.9669,4.1485,-0.8887
45222.62528,0.7155,-0.8644,0.8934,-0.3764,0.1647,4.3555
44513.84146,-0.2049,0.0297,0.0573,-0.5756,-0.2204,-0.343
44654.25515,0.0644,-0.1592,0.0086,0.8105,0.3605,0.1251
45261.56275,0.7006,-0.9998,0.9641,0.1972,1.1356,2.7656
45298.19811,0.9909,-1.2174,1.5102,-0.1397,2.6876,1.6783
45310.17033,1.5144,-0.5229,0.7555,-0.1862,3.0939,-1.3392
45359.19487,0.8391,1.5776,-1.1325,1.4068,-1.5675,-4.9219
45034.64059,-1.4153,-0.2977,1.1415,2.1613,0.3176,-1.0051
45472.82443,0.4948,-1.7354,0.9051,0.3712,1.6902,1.7592
45493.72271,0.6465,1.9647,-1.113,-3.8219,-0.7026,1.7541
44857.42048,0.198,0.036,0.0619,0.3337,0.0299,0.2311
44658.59778,1.1682,-0.3917,-0.5506,1.682,0.6236,0.4288
44422.94214,-0.0776,0.2477,0.5469,-0.1508,0.3131,-0.2079
45234.18042,-1.0613,1.0869,0.1584,0.9254,0.9052,-2.9403
45504.88054,0.4638,-0.8156,0.2398,0.475,-0.5066,6.2918
45587.74959,-0.3157,0.6372,-0.3323,-1.0628,-0.3434,2.3261
44435.45848,-0.0084,-0.2563,0.0722,1.1425,0.1316,-0.1777
44385.75376,0.1468,0.0871,-0.0112,-0.3105,0.2339,0.4234
44802.8375,0.1048,-0.1502,-0.1206,0.4613,-0.1992,0.051
45292.73974,2.4134,2.0215,-1.1955,0.2985,2.0467,5.4978
45505.30272,-0.5645,2.9888,-0.3121,2.994,0.5151,-4.0936
45193.16715,0.7086,-0.4299,0.5687,0.8424,-0.1391,4.8607
44715.89605,-0.2322,-0.2419,-0.1577,0.268,-0.3263,0.3621
45540.28394,0.6069,-0.9147,0.5009,-0.4128,0.555,4.4653
44686.49301,0.0078,0.3982,-0.0384,0.0162,0.3063,-0.8271
44910.5867,0.3527,0.2521,-0.6888,0.9927,-0.0754,-0.4854
45402.10767,-1.9853,-0.7985,0.2915,-0.0649,-1.3109,-0.8981
45136.92453,-0.6909,-0.0182,0.191,-1.2137,-1.2831,2.0901
45026.32736,-0.2495,-0.0888,-0.6483,2.1449,-2.5355,1.2133
45231.61706,-0.8997,-0.6203,0.4492,-2.8018,-1.7908,1.496
45570.07814,-1.3113,-0.7509,0.4179,-3.0299,-2.0581,1.1974
45376.74598,0.7551,1.4329,-0.9013,0.146,-1.1725,-5.2928
45545.22951,0.1436,1.2869,-1.1211,-2.4653,0.5988,1.5035
44791.16695,0.2991,-0.3426,-0.123,0.7582,0.0225,0.0733
44496.31944,-0.0197,0.3438,0.1284,0.075,0.0368,-0.1156
44944.6934,0.7908,-0.0564,0.0039,0.9808,0.0959,0.44
45238.64364,0.3092,1.6649,-0.8316,-2.8944,-0.1935,1.6479
44593.78975,0.0012,-0.8029,0.195,0.1712,0.3805,0.3117
44428.37091,0.0106,-0.0992,0.1694,-0.2305,0.0787,-0.2462
44943.48716,-1.0051,1.5673,0.0207,-2.3422,-0.6184,-1.1216
44390.82076,-0.3853,-0.061,0.271,0.0544,0.2498,0.1855
45056.07206,2.4181,1.755,-0.7668,-0.3918,1.1694,4.9235
44833.74779,0.309,0.0615,0.3548,1.4775,-0.5426,-0.6091
45162.31674,-0.1786,0.9174,-0.4194,-1.1313,-0.1352,1.7404
44513.63037,-0.1,-0.2978,0.0263,0.1122,-0.1408,0.2179
45421.31735,-0.925,2.23,-0.9673,2.9747,0.0797,-3.7984
45564.95161,0.6301,-1.1724,0.8501,-0.6569,1.634,2.9446
44537.57597,0.1925,0.0507,-0.0977,0.4527,-0.1393,-0.2534
44772.8921,-0.0615,0.2957,-0.0108,-0.5502,-0.0049,-0.1799
45380.45525,-1.609,-0.6001,-0.4386,-0.8202,-2.4899,0.6301
44526.99046,0.3856,0.0413,-0.1669,0.2617,-0.4631,-0.0935
45087.25432,-0.1182,1.3111,-0.8174,-4.7611,0.4265,2.1068
45211.83419,-1.3821,-0.8821,0.5117,-2.9402,-2.0885,0.7256
44476.26388,-0.0434,-0.2675,0.0274,0.357,-0.1664,0.218
44750.33502,-0.2808,0.4198,-0.279,-1.2798,-0.0256,-0.0783
44422.5199,0.0186,0.0203,0.4871,-0.6017,-0.337,-0.1053
44801.60109,0.2875,-0.1593,-0.2201,1.8567,0.237,0.9427
45000.87511,-0.2577,-0.2332,0.1243,-0.8704,0.0722,-0.9755
45166.41807,-1.889,-0.9025,0.4397,-4.3792,-2.197,0.8887
45249.59055,0.8255,-1.0516,0.9287,-0.8276,0.9564,2.8207
45471.25631,0.9614,-1.53,0.9312,-0.3827,1.4228,2.8825
45265.7847,0.0273,1.2207,-0.7804,-2.947,-0.2064,2.8435
44711.43282,-0.0438,0.2402,-0.2609,0.2764,0.0823,-0.5654
44869.2719,0.0602,0.2232,-0.1295,0.5719,0.1382,-0.3325
45373.33829,-2.1708,-0.4138,0.0867,-3.1706,-1.4427,0.79
44552.14219,0.1295,0.1767,0.0877,-0.8421,-0.0327,-0.1099
44650.72678,-0.7573,-0.5606,0.273,2.187,0.3451,0.5097
44405.9618,0.162,-0.764,0.031,0.0071,-0.0296,-0.5001
44943.42685,0.8969,-0.0081,2.0327,1.4341,0.7883,0.558
44950.84528,-0.0736,-0.3457,-0.2218,0.5216,-0.0223,-0.0963
45048.89472,1.9415,0.6628,-0.2971,0.7578,1.1757,-5.3376
44728.13966,-0.4077,-0.0781,-0.0324,-1.2479,-0.2109,-1.0048
44769.48444,0.6462,-0.3393,0.1973,-0.0883,-0.1155,0.3932
45339.4122,-0.4788,3.3915,-1.207,1.2057,-1.8507,-5.4024
44622.98204,0.5564,0.1602,-0.0433,-0.2786,-0.5622,0.2581
44806.81813,-0.1118,0.0242,0.1059,-0.6879,-0.3409,0.0099
44883.62663,-0.0243,-0.0905,0.2676,0.3592,0.0683,0.0636
44897.61942,0.5515,-0.7805,0.7726,0.2181,0.5433,0.361
45020.14523,0.4632,0.2008,0.0882,-2.8556,1.2518,-0.7393
44438.08241,0.0277,-0.1925,-0.176,-0.5706,-0.0286,-0.2431
45212.73888,-1.1094,-0.8156,0.7011,2.0432,-0.5631,-2.1477
45525.38676,-1.5259,1.6077,0.3304,-0.3771,0.239,-3.5224
45390.04502,-2.0757,-0.6893,0.0899,-1.8101,-2.0333,1.0965
45105.56058,-1.1796,-0.4534,0.4669,1.7594,0.4486,-2.2795
45530.24191,-1.3101,2.3202,-0.1526,1.121,-0.481,-4.6019
45152.42525,1.8403,0.4191,0.2521,-5.3233,-0.1337,-5.0054
45333.38088,0.5375,-1.3073,0.4434,-0.5422,1.5437,3.4629
45620.21791,0.2888,-0.0193,-0.2566,0.658,0.044,-0.3598
44628.53098,0.2492,-1.4204,-0.0377,-0.5656,0.2936,0.7614
44949.6692,0.0483,-0.0152,-0.4232,-0.4231,-0.4969,-0.4979
45527.98021,0.8467,-0.4895,0.4827,-3.397,2.6094,-3.0155
45018.9088,-0.0426,0.0505,-0.2717,0.0113,-0.2362,-3.8132
45310.44172,0.8528,1.7117,-0.7147,-4.6354,0.3337,2.4817
45438.5065,0.7102,1.995,-1.4958,-2.4986,0.5123,2.6965
44549.36767,-0.0647,0.0888,0.3293,-0.0795,-0.2463,-0.0163
45018.60723,-0.0858,-0.103,0.4169,1.1945,1.5114,1.3974
45475.14646,1.0275,-1.4806,0.6728,-0.2355,2.6071,-1.8339
45126.06793,-0.707,3.0374,-0.3666,2.8736,-0.1805,-3.7791
44509.73994,0.2113,0.2872,-0.1382,0.0231,0.0023,-0.5384
45060.71622,1.5289,1.5594,-0.1052,2.697,0.7733,5.2667
45561.48362,0.9464,2.7348,-0.9768,3.2084,-1.8627,-5.6833
44826.72136,-0.2049,-0.0672,0.1113,-0.1652,-0.048,0.0909
45576.62202,-2.1261,-0.6392,0.3972,-0.224,-1.1759,-0.8524
45507.0216,1.3445,1.6787,-0.6144,0.2204,-1.6885,-4.9896
45193.95123,0.7928,-0.7437,0.7836,-0.7588,-0.4567,5.1023
44731.5172,-0.3976,-0.081,0.2901,-0.6084,-0.1662,0.1964
44520.8985,0.8909,0.4707,-0.4652,-0.2217,-0.7143,-0.0296
44888.12002,-0.2977,-0.3698,0.2064,-0.3057,0.3871,-0.5317
44512.57481,-0.1483,-0.2821,-0.1731,0.3344,-0.3445,0.5076
45220.56962,-2.0531,-0.7033,0.528,-1.1434,-1.5586,0.2142
45496.19551,-0.4352,0.9358,-0.9173,-1.3366,0.4773,1.795
45197.3288,-0.5761,0.3064,0.147,-2.7084,-0.718,2.5127
45420.47297,-1.5489,-0.6668,0.1857,0.2856,-0.2481,-2.0053
44750.84767,0.1542,-0.9259,1.3199,0.8626,0.2149,0.3038
44370.91528,0.5348,-0.0552,-0.1275,1.4967,0.225,-0.0332
44572.89063,0.1694,-0.2997,-0.0393,0.1204,-0.1468,0.4767
44739.99125,-1.0016,-0.147,0.7207,-2.7005,-1.1704,-2.7006
45614.98063,-0.0421,0.8586,-0.6948,-3.2022,-0.7431,2.7835
45345.05148,0.7808,-1.0515,0.3891,-3.2073,2.4802,-3.1489
45468.96442,2.6718,1.491,-2.1848,-1.5263,1.26,4.6093
45200.67618,-1.5651,-0.7272,0.4258,-1.7527,-1.7104,0.1866
45333.26024,0.9405,-1.3976,0.5391,0.3756,2.1767,-1.9561
44478.4655,0.301,0.0699,0.0225,-0.1904,-0.0963,0.0135
44583.4156,-0.1347,1.216,-0.5145,0.5952,-0.3634,-1.4025
45501.71411,1.9026,2.3196,-0.7036,4.2874,2.8309,6.497
44791.86056,0.6901,-0.3697,0.369,0.861,-0.1182,0.4446
44360.14832,-0.1796,-0.2148,-0.0688,-0.2364,0.863,0.1875
45438.47634,2.9948,3.152,-2.762,-1.8048,1.0058,3.8337
45498.45723,0.6369,-0.9688,0.3942,-0.3442,0.5146,5.3785
44750.48581,0.3289,-0.5442,0.4431,0.8796,0.0844,0.1585
44705.31095,-0.1572,-0.4754,-0.5154,0.741,0.3462,0.4137
44897.07661,0.1464,-0.6659,-0.014,-0.5819,-0.3665,0.2751
45284.15014,0.1393,1.4143,-0.5666,-2.2654,0.2023,1.903
45320.37837,-0.6816,-0.4681,0.9197,1.502,-1.1848,-2.061
44416.78948,-0.1817,0.1391,0.3057,0.0876,-0.3599,0.6323
44447.00968,-0.5127,0.1429,-0.2683,0.0365,-0.2383,0.508
44778.74249,0.1584,0.0641,-0.139,0.8212,0.0065,-0.1363
44868.21642,-0.17,0.2274,0.3038,-0.6828,-0.2636,0.9411
44835.527,-0.1446,-0.6891,0.1452,-0.6208,0.0442,-0.1272
45595.0172,0.5708,-0.907,0.5318,0.4704,0.2463,4.6535
44568.78919,0.2852,-0.1085,0.3729,-0.7187,0.2815,-0.0667
44769.21301,0.1618,-0.6635,-0.0095,0.716,0.0362,0.4659
44411.02883,-0.3393,0.0826,-0.1946,0.7791,0.1284,0.0946
44810.76862,0.462,0.214,0.0732,-0.8044,-0.3922,-0.551
45122.69031,-0.8952,0.364,-0.0441,-3.4106,-1.7253,2.3898
44385.09024,0.121,-0.008,-0.0409,-0.0035,-0.1756,0.0945
45315.62866,0.9356,3.5299,-0.8551,4.5427,-1.6991,-5.859
44488.99087,0.2324,0.2624,0.3435,-0.3941,-0.0029,-0.0812
45182.91386,1.1284,1.7569,-1.4397,4.5631,2.3042,5.4977
45251.88248,1.2046,-1.1545,0.9033,2.205,4.0863,-1.9651
45192.59418,-0.8014,-0.3594,0.4244,-2.879,-2.4346,2.1799
44564.89886,-0.01,-1.5539,0.3861,1.4,0.2118,1.7217
45169.52423,-0.8893,-0.229,0.213,-2.5961,-1.3844,1.9292
45611.75389,-0.666,2.1472,-0.9344,2.0387,-0.4085,-4.414
45007.29849,0.2632,0.676,0.7157,-16.8568,-3.8138,-0.578
44420.40872,1.367,0.1954,0.209,1.6797,0.3584,-0.6373
44355.32281,0.0066,0.005,0.0003,-0.0045,0.0236,0.0158
44947.58841,-0.0213,0.0096,0.0492,-0.1802,1.2722,0.5831
44947.92013,-0.1387,0.8381,-0.0941,-6.2971,0.7453,1.9756
45486.33443,0.8658,-1.5414,0.6513,-0.3977,3.1181,-0.2997
44504.03998,1.798,-0.4253,-0.1353,3.0707,-0.3301,1.2449
44913.84359,0.0073,0.0509,0.5747,0.5017,0.4185,0.2931
45276.79192,1.0388,-0.8325,1.335,-0.9621,1.4625,2.4456
45605.24014,1.0966,1.0333,-0.1048,-2.3608,0.2354,-4.4844
45217.43332,-1.8581,-0.8892,0.4829,-0.6431,-1.1934,-0.3151
45571.7669,-1.9328,-0.6104,0.3746,-1.3125,-1.4295,-0.4803
44887.03437,0.3744,0.7504,0.1519,-0.1661,-0.2302,-0.4656
44889.86912,-0.0251,0.0449,-0.0269,0.0229,-0.1081,0.173
45081.97687,-1.7934,-0.9216,0.3241,0.8641,-0.7098,-1.5481
45419.59843,-2.0345,-0.6159,-0.1909,0.7948,-0.5264,-0.6323
44795.87135,0.1709,0.0146,-0.0614,1.246,0.4573,-0.2982
44717.67529,0.0961,0.2574,0.0229,0.5888,-0.0184,-0.0855
44588.39157,-0.2326,-0.2603,0.0721,0.6139,-0.2229,0.819
45176.4603,0.8545,-0.8803,0.7752,-0.5764,0.1651,4.1114
45617.46857,0.4249,0.4693,-0.0029,0.2562,-0.5118,-2.8106
44843.48827,-0.6046,-0.0936,-0.0746,-0.4411,-0.1388,0.1294
45120.69992,0.2501,0.2707,0.4234,-0.6367,4.3105,3.4524
44760.95013,-0.1288,-0.2609,-0.0085,0.0355,-0.3544,0.0814
44822.10744,0.1804,-0.0566,-0.021,-0.1147,-0.0152,0.0944
45343.09129,-1.4989,-0.0662,-0.4091,-1.964,-1.7008,1.3298
45391.82425,-0.1619,3.2662,-1.5608,2.4724,-1.7793,-5.6451
44853.71127,-0.2318,-0.4338,-0.1109,0.0365,-0.111,0.4361
44882.63145,0.3567,-0.0783,0.0272,0.204,0.2098,0.2548
44901.41916,0.1856,-0.0955,0.1326,-0.7308,-0.1331,0.1216
44355.172,0.0137,-0.0106,-0.0005,-0.0324,0.0066,0.0242
45389.32129,-2.0961,-0.6805,0.0696,3.8169,-0.0007,-1.7166
45400.72044,0.9118,1.4199,-1.062,1.3161,-1.0935,-5.1484
44387.41257,-0.1331,0.1412,0.3658,-2.8555,-0.1504,-0.0373
44451.89549,0.0688,-0.155,0.2702,0.1389,-0.0618,0.2271
44836.16028,0.0253,0.2496,0.0693,-0.3242,-0.2537,0.1394
44547.82963,0.0135,0.0502,0.2643,-0.3303,-0.1664,0.2075
45483.01724,1.3565,0.9994,-0.1113,-1.1258,0.3943,-4.6827
44584.07906,-0.5161,0.4819,-0.5029,-0.2565,-0.5115,-0.0068
45624.50017,0.0881,-0.0597,0.0258,1.2467,-0.4237,-0.6545
45298.8314,2.1616,1.7144,-0.5297,-0.5445,-1.0747,-5.7015
45042.40095,0.6829,1.6405,-1.1052,1.3968,1.1139,0.6203
44702.80795,0.1882,0.3164,0.3311,-0.1642,0.2578,-0.125
44917.13061,-0.1841,0.047,0.3115,-0.4213,-0.0383,0.2575
44447.49222,-0.2706,0.2707,-0.1897,-1.423,0.4652,-1.1679
45197.57004,-0.93,2.4805,-0.0628,-0.1443,-0.7479,-3.5091
44884.41071,0.0332,-0.2342,-0.0203,-0.9387,-0.2106,-0.2857
44844.0914,0.005,-0.0588,0.1567,0.7569,0.3996,-0.1132
44356.77048,-0.0166,0.0192,0.016,0.1173,0.0956,-0.1515
44519.14931,-0.2104,-0.4576,0.1508,-0.744,-0.0058,0.1172
44541.91868,0.4752,-0.4579,-0.1984,0.3402,0.0061,0.2973
45261.32151,1.2427,3.423,-1.0768,2.5569,-1.5208,-5.5543
44857.39029,-0.0557,0.4896,-0.5364,0.3635,-0.2639,0.0514
45435.37025,-0.6589,0.6363,-0.5033,-3.1286,-0.173,2.605
45534.22253,-1.5411,-0.4114,0.6232,1.1165,-0.0102,-2.5811
44419.62452,-0.4312,-0.0235,-0.4982,-0.4489,-0.3716,-0.4712
45281.07416,-0.7354,-0.5266,0.3877,-0.6624,-2.4151,1.9882
45467.72801,-0.6124,2.8644,-0.9107,3.7573,-0.5094,-3.9537
44430.36145,-0.6256,0.3187,-0.4303,-0.86,-0.1398,-0.0208
44502.14003,-0.0134,0.1817,0.1705,1.278,0.0174,0.3457
45566.3388,1.2624,1.8579,-0.716,1.7216,-1.1037,-5.5298
45616.07131,-0.3233,-0.3988,0.2285,-3.9152,1.3224,1.3391
44790.74477,0.157,-0.4022,0.421,1.6177,-0.1408,1.5792
44633.71809,0.2097,-0.086,1.0424,0.387,-0.1386,0.8268
44641.92087,0.0783,-0.144,-0.4311,1.3321,-0.4396,0.4268
44703.13965,0.8067,-1.0564,1.6293,-1.4277,-1.4976,-0.5954
44663.90543,0.3742,-0.2202,0.3706,0.7302,0.5818,-0.5076
44891.52776,-0.0568,0.3748,0.0235,0.4267,0.2283,-0.1213
44880.24908,-0.232,-0.5661,1.0576,1.131,-0.3493,-0.176
44363.01347,-0.5035,-0.4662,0.0696,0.2119,0.1186,-0.2966
44918.00519,0.9545,0.2514,-0.3679,-1.8467,-0.0818,0.4307
45080.04684,0.6504,-0.9827,0.6212,-0.5068,0.8617,3.8579
45186.20093,-0.5316,1.0012,-0.41,-0.1926,-0.3131,2.4655
45250.43492,0.927,-0.696,0.8138,-0.4679,0.5418,4.5828
45072.80917,1.0565,1.3972,-0.401,-1.0194,-0.6247,-5.7351
45433.95286,-2.3138,-0.2504,0.1808,0.7482,-1.1096,-0.9202
44622.58996,-0.0041,0.0228,-0.0445,0.5399,0.1604,-0.1024
44538.26957,-0.1327,-0.2073,0.0815,0.3352,0.0984,0.3879
44817.85542,0.1456,-0.0111,-0.2535,-0.5295,-0.1811,-0.3641
44443.17941,-0.1407,0.0554,0.1411,-0.1947,-0.0817,-0.0826
44439.10786,-0.9966,0.3947,-0.1874,0.5373,-0.7428,-0.1229
45559.73461,-2.1996,-0.8093,0.2917,-0.0902,-1.2031,-0.8856
45290.01557,-0.8145,-0.5869,-0.7589,-0.372,-1.1226,-0.7228
45589.89069,1.1037,-0.4069,0.4292,-0.5249,3.0883,-2.8831
44396.34026,0.3792,-0.2374,-0.1363,0.3013,0.1233,-0.0729
45527.43737,1.8018,2.5526,-2.2152,6.1396,1.3413,4.9128
44492.00678,0.2626,-0.2047,0.0722,-0.8945,0.242,-0.2597
44617.49338,0.7295,-0.1518,0.0635,0.0094,0.0446,-0.3007
45591.0366,2.4929,1.9403,-2.3731,-2.9839,0.3369,2.2507
44743.94178,-0.2952,-0.1168,0.5364,-1.5622,0.1938,-0.9252
45025.54332,0.1392,-0.4791,-0.3581,-2.2761,-0.6196,-0.4808
45190.60384,1.3693,-0.2345,0.7944,-4.3006,0.9962,-3.7603
44373.90105,0.1061,0.4292,-0.4571,-0.621,-0.605,0.2221
44573.70488,-0.0921,-0.5969,0.7406,-2.096,0.1048,-0.964
44388.28724,0.2614,0.1485,-0.0052,-0.0971,-0.0076,-0.2017
45120.91101,0.2986,0.3771,0.7968,-5.2455,0.887,1.4497
44610.19531,0.013,0.0458,-0.1552,0.1465,0.2177,0.2366
45198.83665,1.9667,2.2618,-2.0512,-1.6325,0.8871,3.2277
45252.99827,-0.4549,0.3763,0.2637,-1.316,-0.6943,2.12
45083.96723,0.9923,-0.9485,0.7669,-0.3378,1.024,4.0796
45594.2633,1.1173,1.6976,-1.2778,3.9766,2.402,4.9992
45600.92781,-1.5811,-0.6619,0.302,-2.7398,-1.5981,0.8696
44457.11302,-0.2971,0.2768,0.0705,-1.8117,-0.5027,-0.0322
44710.8297,-0.3675,-0.0866,0.5189,-0.1606,0.0061,0.3106
44793.27793,-0.0601,-0.5607,0.2092,-0.5645,0.1342,0.1249
44641.31772,-0.1748,-0.1017,-0.079,-0.6004,-0.0875,-0.572
44932.44999,-0.0005,0.1911,0.3074,0.7366,0.3978,0.5114
44812.21616,-0.2193,-0.0253,0.1917,-1.0041,-0.2478,-0.2764
44968.45674,-0.7684,-0.008,-0.5149,4.7279,0.9368,-0.6923
45402.46954,0.9221,-2.0435,0.9574,0.5073,2.7557,0.9063
45546.28498,-1.3832,0.0036,0.2548,2.198,-0.4463,-2.4857
45558.28711,0.4906,4.0085,-0.9477,4.3212,-0.6392,-5.6097
44570.80975,-0.3002,0.1286,0.0751,-0.2634,-0.2638,0.1854
44777.98858,0.1313,0.012,-0.4491,0.5878,0.0526,-0.332
45115.46752,1.1654,-0.0764,0.5237,1.9888,0.8575,4.352
44359.84671,-0.0763,-0.267,-0.1838,-0.2278,-0.511,-0.4024
44784.32142,-0.5722,-0.3633,-0.0229,-2.7731,-0.5209,-1.3375
45211.38186,1.6943,-0.5872,0.5768,-1.1229,2.0606,-1.7225
44584.16955,-0.2009,-0.6814,0.4668,0.7332,0.1465,0.4187
44971.32163,-0.3154,0.1051,-1.6879,-0.1635,-1.3615,1.0458
44729.46656,-0.5543,-0.1222,0.0551,1.3478,-0.0085,1.2975
44826.81185,0.1153,-0.0783,0.0631,-0.01,0.1741,-0.1896
44642.64463,0.7009,-0.6712,-2.7154,1.9032,0.4727,-2.3273
45421.95065,-1.9019,-0.7493,-0.2581,-1.9531,-1.8209,0.5663
44902.20323,-0.0654,0.0963,0.1245,-0.22,-0.015,0.1467
45462.45065,1.0015,-0.1194,0.3181,2.7402,0.8999,4.9843
45356.32999,2.0249,1.8951,-2.2397,3.5423,3.2481,5.4489
44992.49157,-0.0803,-0.258,0.4614,-0.3705,-0.0223,0.7272
45597.67095,-1.3692,-0.4694,0.2028,-2.2689,-1.5072,1.1768
44403.33775,0.4985,-0.5343,0.3453,0.6447,0.1296,0.0164
44399.80881,0.2524,-0.1491,-0.1402,0.8746,0.2308,-0.112
44554.70559,-0.1297,-0.48,0.2589,0.0912,0.0569,0.215
44658.62793,-0.0495,-1.0517,0.0012,-0.4084,0.2849,0.6535
45146.72558,1.6397,2.1102,-1.406,1.8198,-1.9423,-5.5552
44480.9385,-0.3457,0.3444,-0.5432,-1.0145,-0.1995,-0.4279
45264.78957,0.8668,-0.4986,1.1796,-0.9178,1.9136,3.1881
45424.12189,1.8095,2.4848,-2.1434,-3.6787,-0.6998,1.55
45216.82512,1.3971,2.6589,-1.1643,0.6709,-1.2444,-5.1236
45416.40184,-2.0442,-0.7722,0.1116,0.1889,-1.0585,-1.1398
44965.29028,0.0749,-0.3062,0.3791,-1.0946,-0.1608,0.0589
44700.99853,0.2148,-0.3227,0.4393,0.7123,0.4195,0.1672
45382.44557,1.2007,-1.8663,0.8054,0.1169,1.6893,-0.3835
45482.17287,0.8276,1.7758,-0.7365,1.0979,-1.3951,-4.9274
45531.87037,-0.6729,3.3676,-0.2602,2.1929,0.2956,-3.5839
44897.67973,0.0375,-0.0378,-0.6492,-0.8648,0.3337,0.0426
44545.23607,0.311,-0.5315,0.1428,0.8493,0.35,1.2461
45419.26669,0.504,-0.9044,0.2973,0.8593,0.6705,4.6796
45368.96556,0.9097,-1.7703,0.5497,1.0911,2.4603,0.0759
44934.86246,-0.2162,-0.163,-0.0538,0.2584,0.3264,0.1798
44966.67751,0.0621,-0.1188,-0.1149,0.3222,0.8424,0.1217
44810.40674,0.1263,0.2215,-0.439,-0.7895,-0.1753,-0.0788
45112.66281,-1.3589,-0.6131,0.6567,2.125,-0.3973,-2.5591
45267.92583,1.4173,-1.0025,1.3481,0.6119,1.5012,-2.0539
44642.8859,1.0842,-0.1128,-1.0506,0.9426,-0.1638,-0.8038
44873.67483,-0.0838,-0.1628,0.1127,0.1702,-0.0404,0.0037
45317.3225,-0.0669,0.0612,-0.8971,-1.0067,-0.3205,-1.093
45166.56883,-0.6514,3.3737,-0.6065,1.3703,0.0426,-4.3056
45536.63501,-1.7443,-0.8132,0.4352,1.1642,-0.7832,-1.3365
44914.86888,1.0238,-0.0772,-0.6244,1.0235,-0.1828,-0.0915
45314.03037,1.3587,4.7997,-1.5121,3.9244,-1.0568,-5.7972
44518.99852,-0.0412,-0.2236,-0.2806,-1.2306,-0.1947,-0.6913
44833.05418,0.1565,-0.1545,0.075,-0.7971,0.0309,-0.58
45136.04999,0.4795,1.7072,-0.4147,-3.9068,-0.9536,1.1778
45579.87888,-2.0015,-0.6142,0.2739,0.7921,-0.9491,-0.5093
44883.9282,0.3176,-0.2712,-0.1486,-0.5157,0.1598,0.2524
44424.05805,-0.5498,-0.4222,0.0726,0.1318,-0.0568,0.2934
44399.32624,-0.6383,0.6235,0.1279,-0.5786,-0.0511,0.2894
44705.67285,0.2563,-0.1857,0.0418,-0.0184,0.1534,0.2188
45004.61455,0.1859,0.1223,0.0882,0.8958,-0.6426,-0.8994
45217.21715,1.2623,2.2239,-0.7995,-4.7657,-0.927,1.317
45394.77963,-1.4087,-0.6201,-0.16,-3.3743,-1.7707,1.9424
45037.25919,-0.0484,0.017,-0.0691,-0.1063,0.5349,-0.0769
45415.43683,-0.6862,0.3932,-0.4412,-2.0351,-0.3357,3.0116
45397.22231,-1.9607,-0.5656,-0.1063,-3.4328,-1.5913,0.9939
45471.37692,1.8786,2.0751,-1.7057,-3.8607,0.6342,4.0059
44629.55633,-0.1092,0.2951,0.3944,2.6077,-2.9861,-2.4335
44736.6137,0.0815,0.0526,-0.1921,0.2921,-0.2512,-0.033
44962.45556,-0.0769,0.0377,-0.5256,-0.4083,-0.2872,0.2695
44452.49867,-0.1189,-0.076,0.0178,0.025,-0.0406,0.1661
45385.34059,-1.843,-0.6418,0.1082,0.821,-0.2642,-2.0593
45565.52458,1.5607,1.6275,-0.4253,0.1756,-1.2862,-5.5738
45238.58334,3.2151,2.6057,-2.2166,-0.7405,0.9294,3.8078
44854.10328,0.0145,-0.232,0.245,-0.0678,-0.0702,0.3112
44426.68195,0.225,-0.2282,0.4289,1.4905,0.5666,0.3415
44884.77259,-0.0019,0.0028,-0.1893,-0.9602,-0.072,0.0918
45622.57013,0.0952,0.0779,0.2639,-0.721,-0.2889,0.1012
45585.78947,1.1382,0.026,0.6217,-2.1664,1.2797,-3.7533
44678.32048,0.5007,-0.1889,-0.9263,0.0163,0.0051,-0.6497
44642.76526,0.3726,-0.1813,0.9399,1.5806,-0.0338,0.5895
45173.68586,-1.24,-0.7749,0.6289,1.2934,-0.506,-1.9974
45238.31192,1.6647,0.4252,0.5602,-6.5722,1.7956,-3.9872
45253.93312,-1.6973,-1.0672,0.3839,-0.7762,-1.2729,0.0264
45331.4207,-1.8566,-0.4739,0.1203,1.437,-1.1735,-2.4482
45615.46315,0.6833,-0.1763,0.0606,-0.2108,0.342,-4.529
44713.48347,0.0816,-0.0458,0.8753,0.0355,0.258,0.0239
44501.53685,0.0433,-0.143,0.4718,-1.8603,-0.1112,-0.0925
44825.877,0.6597,0.5837,-0.1244,-0.7015,-0.381,-0.3883
44922.7397,0.1866,0.2659,-0.0612,-0.0386,-0.0856,-0.4654
44607.63195,-1.1943,-0.4966,0.2311,-1.3801,-0.0793,0.0495
44723.58598,0.2835,-0.1532,-0.6733,0.9336,-0.1331,0.5516
44946.89483,0.0783,0.1173,0.0802,0.7955,-0.2288,-0.5692
45029.46368,0.2518,-0.1786,-0.7589,0.6039,0.9999,-0.3303
44846.71501,0.2138,-0.0116,0.0702,-0.0774,-0.113,0.1696
45288.80435,-0.7601,-0.4679,-0.3991,-1.6384,-0.4814,0.8056
44953.71014,-0.1483,-0.0416,0.0905,-1.8516,-0.3959,-0.2037
45524.63286,-0.5007,3.4579,-0.4905,3.1058,-1.3529,-4.1705
45210.38666,-1.1324,2.7963,-0.0182,0.1885,0.2518,-3.5964
44693.27831,0.2434,2.499,-0.1265,1.0161,0.4929,-1.3453
44919.33202,0.4658,-0.3414,-0.0634,1.3154,0.8401,-0.0931
45190.87523,2.3502,2.8419,-2.2399,-0.5829,0.4848,2.5715
44474.63535,0.1312,-0.2743,0.2197,0.2697,-0.1903,0.3375
44988.14902,0.0383,-0.3665,-0.1281,-0.3932,-0.1794,0.2607
45524.90425,0.7069,-1.6063,0.821,-0.528,2.0529,1.9875
44699.73191,0.3203,0.3671,-0.8241,0.2946,-0.2718,-0.4845
45424.90594,2.7126,2.1671,-2.9135,-0.054,0.8143,3.4131
45297.89654,-0.9535,-0.2705,0.8504,0.8926,-0.7929,-2.599
44463.38608,0.6111,-0.3182,0.114,0.1546,-0.0242,-0.3181
44923.22219,0.1354,-0.2352,0.2958,-0.4395,0.0189,-0.3101
45317.5939,0.0561,-0.3003,-0.4279,-0.8928,0.2875,0.7727
45006.27314,-0.0907,-0.4167,0.0272,0.4633,0.5591,-0.2728
45156.6774,3.3742,2.8206,-2.7164,-2.8392,-0.0144,3.8002
44663.54356,-0.1762,0.2905,-0.047,0.6121,-0.3335,0.0727
45187.70879,1.9875,2.2738,-2.1435,-3.1761,0.4269,3.0276
44880.91254,0.0956,0.1027,-0.1063,-0.7056,-0.2552,-0.4975
44370.94543,0.0232,-0.1271,-0.1601,-0.4764,-0.3205,-0.9361
44923.37297,0.1191,0.0019,-0.044,-0.2998,0.3674,-0.2955
44745.81152,0.0491,0.7105,-0.5971,-0.6879,-0.2207,-1.7315
44759.56292,6.2088,-0.6476,2.056,4.0414,-0.2665,-2.0798
45166.26729,0.2828,1.5503,-0.7568,-2.2058,-0.3543,1.3887
45521.64742,0.8284,-1.681,0.979,0.3055,2.422,-0.535
44984.3493,0.0385,0.2917,-0.2209,-0.0761,-0.5767,-0.2969
44382.6775,-0.0846,0.0516,-0.0098,0.2986,0.2478,-0.025
44837.03483,0.0594,-0.488,-0.1364,0.1054,-0.0252,0.3331
44440.79679,-0.2031,0.4369,-0.0384,-1.6947,-0.4698,-0.2297
45191.81009,-0.9273,-0.3963,0.3167,-3.4137,-1.6412,2.0952
44713.78506,0.097,-0.2625,0.0886,0.162,0.0991,-0.1044
44458.3797,-0.076,-0.3214,0.0777,0.1317,-0.0657,0.0035
45332.41585,1.224,-0.4576,-0.0514,-3.4141,0.9479,-3.5574
45208.84868,1.0722,3.9859,-1.0737,4.3829,-1.2219,-5.7134
45361.30585,-1.4522,-0.1926,-0.2319,-1.4793,-1.3953,1.1327
45261.05014,-0.6178,-0.07,0.4531,-3.4721,-1.5264,2.0522
45224.62069,-1.0343,0.276,0.6743,1.5935,0.1665,-3.6445
45552.40667,-1.1107,-0.2383,0.1675,-1.3141,-1.4454,1.9828
44647.53011,-0.0762,-0.185,0.1487,-0.0766,0.1256,0.1158
44878.68089,0.2439,0.0137,-0.2974,-0.6765,-0.3971,-0.2044
44360.11817,-0.0654,0.0135,-0.128,-0.1072,0.5967,-0.0143
44377.36941,-0.0216,0.0428,0.0712,0.1843,-0.0096,-0.1083
44691.61969,0.3726,-0.1051,-0.2354,-0.3872,-0.2641,-0.1837
44440.82694,-0.3037,-0.3012,-0.3278,0.2355,-0.4339,0.2255
44798.73623,0.6022,-0.2613,0.1895,1.014,0.1537,0.8993
44519.45088,-0.8111,0.5206,-0.1734,0.4981,0.3433,-0.2636
45035.83176,0.2131,0.1119,0.2348,0.5291,0.0964,-3.4185
45277.30459,0.4843,3.8509,-0.4151,0.0637,-1.2844,-5.5879
44654.94879,-0.8337,0.2741,-0.0221,0.6942,0.1644,-0.1834
45165.93557,1.4899,-0.2478,0.4417,-2.1698,2.4523,-4.0611
44752.08408,-0.1176,-0.0275,0.1403,-0.2738,-0.1177,0.0517
45244.73531,1.3339,-0.8069,1.1684,-0.4497,3.0124,-2.0867
45510.42926,1.0867,-1.5214,0.4228,1.1986,3.1005,-0.3994
45153.36011,0.871,-1.621,1.2953,-0.381,2.0227,1.4505
45351.1129,-1.8373,-0.5595,0.1597,1.476,-1.0742,-1.6399
45477.7399,2.0645,2.0995,-1.1821,2.223,1.4184,5.118
45595.43938,-1.4435,1.1957,0.2245,1.516,1.1038,-3.5349
44486.09566,-0.0038,0.0285,-0.0398,0.6812,0.3305,-0.5704
45230.44097,1.398,-1.3093,1.1379,-0.0699,2.5606,-1.5345
44782.57236,-0.7863,-0.1815,-0.3953,2.0089,0.677,1.1687
44494.6607,-0.9646,0.0658,0.2458,-0.3563,0.4549,0.2891
45204.62672,-1.0572,-0.4971,0.3195,-2.9436,-1.7944,1.4872
45336.03462,-1.4806,-0.3295,-0.2024,-2.7822,-1.5442,1.9909
44473.03693,0.5491,-0.0007,0.0534,0.6973,0.1179,-0.0597
45150.01268,2.3089,0.5983,0.1619,-2.5082,0.4034,-5.5582
45205.92346,0.8491,-1.1406,1.1792,-0.6459,1.1963,2.0975
44420.01661,0.1252,-0.0058,0.4869,0.281,-0.1431,-0.0129
45395.20181,1.1384,-1.2821,0.6295,-1.3097,2.0303,-2.0321
45559.76476,-1.7478,-0.7356,0.4307,0.7888,-0.8986,-1.3732
44697.25906,-0.8109,-0.4248,0.7639,0.1145,0.4722,0.8738
44788.90524,0.0213,0.2163,-0.3762,-0.0188,-0.0935,0.0758
44842.22172,-0.3262,0.4609,-0.4205,-0.0449,0.0915,-0.4363
44825.93731,0.2456,-0.4359,0.035,0.6658,0.3716,0.1593
45395.86525,0.951,2.0744,-1.1604,2.5577,-1.5881,-5.3848
44921.08108,-0.1134,0.102,0.1011,0.1277,0.024,0.1356
45095.21613,-1.0934,-0.5537,0.0807,-2.6733,-1.8854,1.6976
45297.59496,1.9538,2.8861,-1.453,-2.6559,-0.2928,2.2924
45337.48216,0.5723,2.5203,-1.3748,-6.3159,-1.0779,1.8497
45341.79456,0.939,2.427,-1.3165,4.4268,-1.3901,-5.3392
45472.37208,-1.5125,-0.7454,0.1319,-2.7719,-2.5822,1.304
44925.8458,-0.6984,1.3894,-0.1433,-2.4527,-0.925,-0.5251
44998.04039,-0.2511,0.0983,-0.1487,0.1621,-0.6461,0.1735
45009.95225,0.1906,-0.4767,0.0687,4.5073,1.3543,-0.3515
45104.50504,-0.0725,1.1065,-0.7314,-2.232,0.3453,1.4303
45423.27752,1.1808,1.1964,-0.2994,2.6009,0.6066,5.5178
44859.74252,-0.0353,-0.0939,0.2568,-0.2321,-0.2498,0.2882
44649.97282,0.1066,0.566,-0.0585,-1.5064,0.0033,-1.0688
45207.37099,1.3373,-0.0822,0.4975,-3.6935,2.2128,-3.5601
44434.25209,-0.2278,0.0504,-1.2082,-0.1326,0.3514,0.6256
44802.02328,-0.2481,0.291,-0.172,-0.351,-0.1427,0.0108
45134.4818,0.1775,1.3187,-0.6923,-3.1723,0.0442,1.7563
45038.49562,0.2999,-0.4924,-0.088,-0.8378,-1.5605,2.1056
45085.41476,1.3241,-1.7515,1.0579,0.1149,2.0197,-1.5886
44680.06957,0.3338,-0.0358,0.2718,0.0187,-0.3327,0.0591
44814.05571,0.1339,-0.0356,-1.2262,-0.6609,0.0569,0.244
44432.71395,-0.0574,-0.1275,0.2032,0.2746,0.1277,0.5677
44882.57112,0.7868,-0.0958,0.1911,-0.2331,-0.1502,-0.0768
45360.94397,1.2401,-1.6572,0.6405,0.0137,2.3106,-0.4207
45056.22284,-0.859,0.1054,-0.0056,-2.0462,-2.1499,1.6429
45069.16018,0.7881,-1.0816,0.6445,-0.7851,0.763,3.8065
45604.87826,-0.9228,0.2136,0.0671,-2.9423,-1.2418,2.0796
45619.70524,0.0537,-0.1854,-0.0937,0.0084,-0.4046,0.4457
44873.13201,-0.2421,-0.2543,0.0719,0.1127,0.2577,0.1812
44422.58023,0.1013,-0.1068,0.2971,1.61,0.1331,0.3984
44960.04302,4.0548,5.7818,-0.5544,-3.3396,4.0419,-4.5802
44962.42541,0.1056,0.0103,-0.7998,-0.8508,-0.3589,0.1176
44977.89581,0.0828,0.3976,0.1239,-0.3447,-0.9234,0.6531
45061.04795,-1.3814,-0.872,0.3088,1.9121,-0.5742,-1.4901
44493.15277,-0.0419,-0.4476,-0.1198,-0.2612,0.3747,-0.9285
45361.12491,1.547,1.9845,-0.8067,2.3415,1.6158,6.3881
44407.10792,-0.1901,0.6763,0.1132,-0.6215,-0.3265,-0.0432
44957.78125,-0.1943,0.6911,0.0617,1.6465,-0.229,0.6566
45040.09896,0.5149,-0.1948,-0.789,-0.3079,0.6484,0.6927
44791.22728,-0.1755,0.5111,-0.2968,0.6159,0.1656,-0.6435
45222.56495,0.9243,-1.4504,1.2205,-0.2182,1.4013,1.7991
45194.97658,-1.001,-0.4955,0.3839,-3.8353,-1.8371,1.6451
45185.02483,1.5095,0.7065,0.0728,-1.7143,0.7003,-4.9935
44823.64541,0.2312,-0.3253,-0.5687,0.8452,0.0688,0.7669
44467.21627,0.1888,0.0393,0.0761,0.2375,-0.0231,-0.0495
44858.14419,0.3097,0.1481,0.0902,-0.2186,-0.0673,-0.1885
44434.22194,2.1456,-1.687,1.6224,8.0884,0.3256,4.8629
44941.52699,0.2162,-0.6805,0.0714,1.1933,0.1455,1.0364
45079.1723,1.6384,-1.9775,0.5735,1.08,4.0236,1.1336
44849.64017,-0.1115,-0.2038,0.2188,0.2437,-0.0562,0.7277
45449.30249,0.8451,3.0169,-1.2792,4.1029,-0.7116,-5.3142
45425.32815,0.9582,2.4034,-1.1017,3.168,-1.5393,-5.2895
44491.31309,0.0264,0.1748,0.2568,-0.0172,-0.3284,-0.2243
44898.22255,0.1574,0.2757,-0.4621,-0.4561,-0.4026,-0.5239
44434.19179,-5.3795,-0.7922,1.2655,-2.9848,4.7155,0.2277
44521.07944,-0.0574,0.3438,-0.1264,-0.2247,-0.1538,0.1617
45426.44394,1.5002,1.5769,-0.8218,1.9621,2.9148,5.9524
45272.38902,-1.7143,-0.7599,0.7258,-2.8076,-1.7848,0.0735
44711.88518,-2.1885,0.0782,-0.1245,-2.4089,-0.7183,-0.6336
45016.25503,0.143,0.373,0.4257,-4.3497,-0.8779,0.028
44489.95597,0.119,-0.1099,0.2169,-0.6308,-0.2597,0.1743
45545.4406,-2.1405,-0.5183,0.3129,0.2576,-0.899,-0.9214
45248.4446,-0.7797,-0.6499,0.4705,1.9528,-0.8979,-1.8262
44705.79347,0.4427,-0.3123,-0.0095,0.0046,-0.0014,0.0358
44498.3099,0.4526,-0.0227,-0.3448,-0.8546,-0.0386,-0.6629
45027.47335,0.2424,-0.1602,0.2452,3.7315,0.1429,0.5786
45230.62191,2.0836,2.0849,-1.0768,2.5061,3.1705,6.4887
45417.69858,1.5516,1.8051,-0.4466,4.1317,2.3738,5.6067
44779.25514,-0.1161,-0.452,0.0665,0.7032,0.1864,0.867
45365.64836,1.5581,0.578,-0.1897,-1.6724,-0.2306,-4.6025
44428.55184,0.1044,-0.1224,0.0642,-0.2229,-0.1298,0.2775
45448.88031,2.8974,3.0592,-2.5011,-3.8479,0.3305,2.8912
45396.19694,1.7158,1.7553,-1.7494,1.1497,2.7162,5.552
45537.78097,0.6673,-1.7835,0.9038,-0.0517,2.3164,1.0285
44796.05229,-0.1837,0.1961,-0.0183,1.2059,0.4522,-0.4812
44936.21952,0.4034,0.2072,-0.2803,0.7687,-1.0554,-0.7326
45307.15465,1.1889,-0.2828,0.7512,2.0335,0.1759,5.3235
45325.70604,-0.9927,0.4257,-0.7307,-1.6617,-1.249,2.4341
44759.20104,-0.132,-0.9253,-0.073,-0.9387,0.7149,-0.2157
45092.92408,-2.2182,-0.7756,0.2389,0.1378,-1.0708,-0.1559
45161.71357,-1.5955,-0.8241,0.4104,0.7502,-0.9415,-0.9745
44615.83471,-0.5711,0.2008,-0.1235,-0.359,-0.2342,0.4668
45145.33834,0.9446,-1.6529,1.3009,0.4031,2.294,2.6836
44940.62233,0.1299,-0.2067,-0.0418,0.8553,-0.2378,0.7764
45151.21895,-0.2968,0.6313,-0.2739,-2.6425,-0.7378,2.2228
45340.13595,-1.6891,0.4286,0.2849,-0.362,0.4853,-2.789
44512.99702,0.0022,0.0857,0.2201,0.0856,-0.0069,0.0231
44775.99823,-0.1029,0.0384,-0.0209,-0.4331,-0.0293,-0.1339
44407.83175,0.1605,-0.7014,-0.1563,-0.0359,0.2552,-0.0734
44962.48571,-0.0901,0.1074,-0.3352,-0.0109,-0.2333,0.7208
45397.31279,-1.658,-0.6463,0.0112,1.9263,-0.8401,-1.6782
44881.21408,0.1217,-0.5158,0.1956,2.2312,0.5857,0.0976
44479.34011,0.5532,-0.0819,0.5371,1.515,0.1009,0.8076
45097.20659,1.2593,-1.4377,1.1256,0.7754,2.5242,-0.9572
44997.25631,-0.0093,-0.0325,-0.0008,-0.173,0.0831,0.4694
44780.49157,0.3078,-0.2507,0.316,0.862,0.1974,0.2031
44820.14728,-0.18,-0.0299,0.1186,0.5957,0.2391,0.063
44901.84134,0.075,0.0689,0.0379,0.1153,0.0584,0.1177
44679.88863,-0.5523,0.1749,-0.0071,0.6639,-0.0316,0.414
44916.37671,-0.1594,-0.2239,0.6314,-0.0352,0.375,-0.186
44934.95294,0.2726,0.3685,0.1343,0.1312,0.3213,0.0737
44837.7284,-0.0935,-0.4659,0.1676,0.9726,0.1731,0.5689
44960.67632,-0.1087,-0.1861,-0.4255,-1.0411,-0.03,0.9252
45033.85652,-1.527,-0.6028,0.7976,1.0529,-1.3416,0.885
45483.59023,-2.1853,-0.658,0.112,-0.7435,-1.4095,-0.5233
45490.82772,-1.5125,0.2598,0.3265,0.9005,0.3221,-3.0987
44634.95452,0.123,1.106,-1.1226,-2.4803,-0.2108,-2.2556
45165.99587,1.1327,-1.1854,1.0581,-0.4556,2.3907,-1.2389
44509.559,-1.3513,-0.4097,0.3785,-0.8673,-0.7187,0.3054
45165.36257,0.8396,-0.4123,0.5929,1.0201,-0.8023,5.0507
45412.21009,-0.56,0.6223,-0.8982,-2.216,0.1147,2.0339
45248.38429,-1.4979,-0.8522,0.4005,-0.9625,-1.3732,-0.519
44630.46103,-0.0947,0.019,0.0709,-0.3204,-0.2349,0.2166
44693.88145,0.0558,0.0298,0.0834,0.3485,0.2908,-0.1498
44643.97154,-0.2268,0.3932,0.0357,-0.0444,-0.0383,-0.1666
45564.92146,0.8712,-1.4422,1.1242,-0.0936,2.2166,1.3047
45582.11042,-0.4947,1.134,-0.5292,-1.339,-0.1092,2.3179
45101.9717,0.915,-1.4345,0.8502,-2.0216,1.3625,3.8629
44779.3456,-0.6903,0.1645,0.1824,0.5532,-0.211,0.497
45285.50721,0.9435,-0.7697,1.3165,-0.1573,1.9273,0.511
45276.85223,1.2897,0.1251,0.5166,1.5858,0.2081,4.4632
45289.11089,-0.056,0.778,-0.3032,0.3214,0.0773,0.5053
45336.09496,-2.0494,-0.5089,0.0137,-1.8225,-1.3003,0.4088
45139.12601,1.6675,2.6548,-1.2401,6.1864,2.7163,5.8205
44427.28513,-0.2808,0.3856,-0.8937,-0.4586,-0.4315,0.0396
45166.77995,1.3708,-1.0476,1.0108,-0.6354,2.7578,-1.5509
45549.96405,0.0531,1.4002,-0.9596,-2.4989,-0.4163,1.9387
45098.74469,1.3158,-0.9011,0.6792,-1.5962,2.5217,-1.9699
44906.06323,0.4387,0.0213,0.4842,-0.5282,-0.2607,-0.9433
45522.64257,3.1518,3.0272,-2.8267,-2.8232,0.3083,3.2657
44387.38242,-0.4887,0.1831,0.1888,-2.7397,-0.1372,-0.1954
44942.55232,0.494,0.3694,0.1724,0.8517,0.0422,-0.0751
44848.97671,-0.3189,-0.0656,-0.2055,0.0232,-0.3149,0.0902
44434.94578,0.344,0.0444,-1.0898,0.2712,0.2143,-0.4413
45410.49118,1.633,1.838,-0.4787,3.3478,2.3806,5.2956
44947.98046,-0.1575,0.658,-0.2055,-2.8109,1.0053,0.1691
44580.7919,1.7047,-0.3001,-0.4359,1.5656,-0.2349,0.9827
45449.66435,1.3554,1.4016,-1.4579,3.0494,2.7129,4.9939
45473.00537,0.8161,1.9023,-1.434,-2.8793,0.2044,1.1941
44566.70833,0.2807,-0.0414,-0.0469,0.3879,0.5866,-0.324
44755.94415,0.2195,-0.2317,-0.0387,-0.8249,0.028,0.0521
44808.23551,0.018,-0.1117,-0.1486,-0.0941,0.1022,-0.2331
44486.48774,0.2373,-0.1018,0.0356,0.0176,-0.2457,-0.3242
45027.59396,-0.07,0.3977,-0.1732,-1.7305,-1.2631,0.0381
45477.19708,-2.181,-0.6703,0.0979,-1.2472,-1.678,-0.4147
44401.82966,0.2569,-0.0758,0.033,-0.6459,-0.2465,-0.3303
44803.89298,0.1731,-0.4533,0.4089,0.5063,0.1583,0.0719
44763.30233,-0.0531,0.2838,0.0503,-0.1489,-0.1736,0.0172
44554.73577,0.306,-0.2487,0.0189,0.2009,-0.0587,0.0079
45057.70054,-0.263,0.8051,-0.8065,-3.8502,-0.4535,1.9132
44676.36027,0.6288,-1.1187,-0.1316,0.9478,-0.0768,1.0857
45140.27197,-1.2937,-0.1116,0.5496,1.1712,-0.3243,-2.255
45375.05723,-1.699,1.3861,-0.2644,-0.5915,-0.145,-3.7598
45470.74365,-1.3986,-0.1679,-0.1614,-3.0697,-1.1041,1.69
45033.97713,0.1358,2.3511,-1.4052,1.2318,-1.4976,-3.0381
44886.4614,-0.0029,0.1144,-0.1879,-0.3461,0.1551,-0.2918
45201.27933,1.0277,1.8682,-0.9388,-3.7843,-0.148,1.6909
45403.13297,1.1896,0.2959,-0.1438,-4.3431,2.0585,-4.4979
45507.62476,-2.0838,-0.6523,0.2131,-1.2963,-1.5778,-0.1883
45545.92313,1.1943,0.812,0.3085,2.3146,2.1726,5.189
45062.91767,0.8916,-1.6587,0.8718,-0.8121,1.3617,2.736
45616.83023,0.5056,-0.4135,0.3404,-2.3636,2.4202,7.3347
44987.63637,0.4892,0.2476,-0.1701,-0.4007,0.0211,-0.5175
45403.6758,-2.271,-0.7322,0.0404,2.4319,-1.0564,-1.6236
44534.52997,-0.3006,0.4178,-0.09,-0.1894,0.0461,0.1119
45521.88866,0.6075,1.6426,-0.9727,-3.0118,-0.2989,1.34
45530.60378,0.5183,-0.9586,0.4292,-2.6522,-0.3145,4.8078
44736.91529,-1.0261,0.207,-0.3394,-2.0543,0.0506,-0.0573
45104.14313,1.6601,0.5345,0.0108,-2.4085,0.3814,-5.0127
44641.10663,-0.2297,0.1738,-0.7961,-0.4162,-0.0334,-0.8217
44942.43171,-0.3271,0.2295,-0.308,-0.5065,-0.1925,-0.116
44990.4108,0.2618,-0.0082,0.3415,-0.9273,0.0039,1.055
44419.38325,-0.2346,0.1984,0.0892,-0.0009,-0.0407,0.0463
44677.65703,0.2895,-0.1028,-0.3597,-0.2073,-0.0247,-0.1785
44733.17584,0.1049,-0.0818,0.0068,-0.9298,-0.3011,0.1565
44533.20302,0.5137,0.1898,0.3974,-0.522,0.0875,-0.0957
45456.05748,1.2411,1.7371,-0.4431,2.0783,1.8647,5.4163
45077.42317,0.0109,3.2566,0.3554,3.0305,-0.3464,-4.67
44718.76092,0.1312,0.0288,-0.3894,-1.7623,-0.4583,-0.0372
44512.7256,0.7082,-0.2653,0.0861,1.2818,-0.1296,0.7682
44456.8416,-0.2128,0.287,0.1018,0.1902,0.1334,-0.7682
45474.30208,1.0157,-0.826,0.517,-2.4696,1.689,-2.911
45533.55909,1.2614,1.8419,-0.8029,1.5892,-1.2153,-5.5223
45312.55271,1.5265,-0.2323,0.63,-1.7009,3.3283,-2.7812
44580.67126,0.4521,0.3361,-0.0191,0.3916,-0.4869,0.0113
45075.67407,-1.3592,-0.9225,0.2684,1.9792,-2.0823,0.6175
44970.95974,0.0125,0.2148,0.1727,-0.0928,-0.6858,-0.0935
44541.34569,0.2754,-0.2352,-0.1185,0.7193,-0.1696,0.9286
44492.42899,-0.0161,0.0963,0.0663,0.1649,-0.0334,-0.393
44796.56496,0.6965,-0.7965,-0.3417,1.1597,0.0001,1.0887
45260.05494,1.6115,1.2246,0.2097,3.8891,1.1794,5.0189
45289.14108,-0.2477,0.5974,-0.53,0.7699,-0.1177,0.6124
44407.86194,-0.084,-0.8586,-0.0182,0.3836,0.7181,0.7007
44382.34575,0.0281,-0.003,0.0983,0.0731,-0.0377,0.193
45361.84865,0.5942,-1.531,0.5092,-2.1773,1.3161,5.0067
45392.72896,0.8578,-0.2579,0.0436,-3.1287,1.3267,-4.0441
44368.83427,-0.1084,-0.0032,0.062,-0.2699,0.2694,0.0151
44430.42174,-0.4072,-0.1519,0.8066,0.1585,0.4972,0.4955
44648.55545,-0.1189,-0.0609,-0.0853,-0.9244,-0.0965,-0.596
45555.99524,1.2554,-0.0031,0.3839,-3.7671,1.5875,-4.1028
45593.17769,1.1895,0.442,0.3662,-2.6851,1.4943,-3.869
44433.92033,-0.364,0.0518,0.0856,-0.5478,0.0932,0.3867
45397.40324,-0.8382,2.5316,-1.3137,2.4236,-1.3879,-3.5342
45004.8558,-0.0775,-0.2092,0.1954,-3.1965,-0.0586,-0.3377
44582.57117,-0.0258,-0.1554,-0.7512,-1.2167,-0.3462,-1.0689
44576.41905,-0.7693,0.2818,0.2146,-0.1881,0.1473,-0.1879
44521.71279,0.8377,-0.4413,-0.505,0.357,-0.2673,0.2793
44382.28542,0.0598,-0.0253,0.0342,0.1695,0.0166,0.1432
44917.97501,-0.6279,0.002,-0.2024,-0.2772,-0.0429,0.0416
45125.70602,3.2648,2.4786,-2.5036,-2.7574,0.8546,4.6389
44463.95912,0.375,-0.1627,-0.232,-1.6307,0.0016,-0.0282
45405.4852,1.4328,0.4136,-0.1322,-1.863,0.5326,-4.5564
44967.64253,-0.0912,0.5416,0.22,-0.99,0.3706,0.0459
45478.55411,2.3706,2.2968,-2.2365,1.2199,1.3291,3.9748
45542.36467,0.0917,3.9006,-1.0576,1.7514,-1.2024,-5.4878
45030.07184,0.1469,0.014,0.1476,1.3991,-0.1715,-0.2888
44510.76532,0.681,-0.0093,-0.0494,1.2569,-0.0837,0.7931
44996.92458,0.0761,-0.2595,0.3197,0.1905,-0.0286,0.6348
45119.57901,-1.9172,0.9192,-0.8122,-5.3515,-1.007,3.5639
44880.03796,0.3718,-0.1627,0.1681,-0.1592,-0.2936,-0.081
45140.48306,1.558,-0.4592,0.5814,-1.5337,2.2158,-3.4535
45303.47555,-1.6462,-1.1085,0.6264,-0.7856,-0.9304,-0.5786
45318.05127,-1.3141,-0.1476,-0.5687,-5.8318,-3.6578,0.0919
44852.05264,-0.2397,-0.1344,0.0844,-0.7172,0.0688,-0.3988
45052.81513,1.7493,-1.54,0.6162,0.804,1.7246,-0.2262
44793.0065,0.09,-0.3329,-0.0042,-0.0265,0.1525,0.3653
44885.37576,0.076,-0.0105,-0.0361,-0.7465,-0.3109,0.224
45381.42027,-0.9141,3.3029,-0.8519,1.3511,-0.5368,-4.7111
44911.88342,0.2304,0.0635,0.3184,-0.8116,0.7959,1.1916
45060.32419,-1.252,2.7698,0.0097,0.3798,0.3593,-3.5002
44654.10437,-0.1237,0.2746,-0.1502,-0.0377,-0.1924,0.2076
45176.00795,-1.842,-0.832,0.5776,-2.2182,-1.2537,-0.5646
45004.22253,0.0037,0.0182,0.0665,2.1786,0.3512,0.2252
44467.00515,-0.1578,-0.0933,0.2335,1.5851,0.5291,0.1125
45073.71389,1.4328,-1.3661,0.9764,-1.2623,2.9756,-1.5789
45560.7599,1.1949,0.9821,0.1777,-0.5844,0.9661,-4.8232
44539.80763,-0.252,0.2238,0.3127,0.6077,0.0133,-0.0231
45195.94157,-1.0811,1.2169,0.1626,1.8148,0.3612,-3.1989
45245.91144,-0.9207,-0.3488,0.3418,-3.7267,-1.4528,2.4203
44581.21411,-0.507,0.7823,-0.044,-1.4251,-0.5333,-0.5678
44787.91007,0.2404,-0.4266,0.3011,0.3603,0.2326,0.0862
45576.3506,2.4727,2.6998,-2.4209,-0.8477,0.7855,4.1531
45033.79619,-0.7866,-0.7554,0.8551,-0.7239,-1.4448,2.621
44993.27564,-0.3238,-0.1158,0.2222,0.0778,0.2803,0.8349
44588.48202,-0.2706,-0.2081,0.013,-0.0028,0.1661,-0.5865
44552.38346,-0.4644,0.0957,0.1758,0.5079,-0.1031,0.2047
45326.92735,0.9985,-0.8991,0.2344,-1.7288,2.7464,-1.9588
45400.20777,1.0499,-0.0286,0.0875,1.3311,1.3641,5.5838
45127.18376,0.8367,-1.1904,0.9052,-0.262,1.0046,3.225
45365.4976,-1.7346,0.0485,0.2549,0.7898,1.0532,-2.9373
44437.7205,-0.6577,0.2868,-0.0355,-0.8389,-0.286,0.452
44468.48295,-0.0299,0.2485,0.2825,0.444,0.0224,0.0291
45009.6507,0.0448,0.2294,-0.4909,-3.7768,-1.521,0.1191
45561.39317,-1.4473,0.8438,0.5192,0.4298,-0.1843,-2.7395
44924.12688,-0.1687,-0.7145,0.1264,0.3529,-0.0775,0.6379
45119.48856,2.882,2.3723,-2.5623,-11.0049,-0.8428,5.2745
44415.52274,0.2862,-0.397,-0.1237,0.0931,-0.2453,0.2492
45134.78337,-0.0005,2.8283,-0.6151,3.1561,-0.8462,-4.095
45177.72689,0.4555,4.3881,-0.4391,1.1129,-1.2704,-4.7243
44542.28059,0.1948,-0.0703,-0.197,0.8161,-0.0307,0.3447
45042.15971,1.0678,-1.8199,1.5579,-1.339,0.5687,0.3903
45098.98596,1.4912,1.63,-1.4565,-4.046,-0.1183,1.9476
45200.3143,0.7206,-0.8581,0.9293,-0.8197,0.8647,2.9548
44747.86215,-0.2627,0.052,0.2357,0.9426,0.041,-0.2739
45069.67285,1.5397,3.0623,-0.9847,1.5832,-1.1927,-5.1948
45266.38788,0.9208,-0.7869,1.2854,-0.9625,1.8752,2.3878
44988.11887,0.0522,0.0572,-0.0641,-0.2885,0.0627,0.4028
45461.27456,-0.047,3.95,-1.5461,2.8883,-1.9925,-5.6965
45135.71826,1.7603,-0.2458,-0.1198,-2.3977,2.7873,-4.6493
44634.80373,-0.2564,0.4475,-0.6269,-0.4473,0.0594,-0.2819
44870.5988,-0.142,0.1306,-0.1068,0.0396,-0.3113,-0.1376
44622.8614,0.2018,-0.2256,-0.7312,0.2704,0.0315,0.3766
44952.26264,0.504,-0.0553,0.1482,-0.3121,-0.0467,-0.5008
45186.80407,0.7233,-0.9791,0.8002,-0.8964,0.2737,3.5781
45611.3317,1.7867,0.944,-1.0306,-0.2344,3.6437,6.1636
45025.60362,0.0031,0.2959,0.3322,-1.6987,0.034,0.2681
45332.80788,-1.0133,0.1477,-0.5098,-4.3248,-1.1708,2.5318
44744.36396,-0.902,-0.9129,0.2378,0.1822,0.1967,1.4654
44436.09184,0.1468,0.4477,-0.6009,-0.2731,-0.2751,-1.1612
44791.25744,0.3393,-0.519,0.8049,-0.5418,0.899,-0.4117
45205.98377,0.7892,-0.656,0.7892,-0.0388,0.491,4.6846
45182.85352,0.8028,-0.6774,0.7491,-0.4341,0.3461,4.2605
44551.38823,-0.074,-0.2478,0.1251,-0.4622,-0.2056,0.084
44942.46186,0.0472,0.1648,0.0717,-0.2811,-0.0766,-0.0357
45310.98453,1.3553,-0.4523,0.8422,-0.2535,3.0812,-1.6421
45196.72567,-1.1446,-0.5923,0.6253,1.3369,-0.4533,-2.2494
45278.60131,-0.3542,1.0626,-0.101,-2.2152,-0.5341,2.7692
45014.08374,0.5024,0.5119,-0.1219,-7.5535,-1.1895,3.3254
44578.40943,-0.2666,-0.1612,-1.0548,-1.3439,-0.3927,0.2633
44681.54729,-0.3612,0.2397,-0.158,-0.1925,-0.0748,0.6233
44437.78084,0.3808,0.1922,0.5809,-0.3602,-0.5741,0.0462
44525.60318,0.627,0.1271,0.1163,-0.2135,0.0793,-0.2066
44756.1854,-0.1069,-0.1387,0.5249,-1.7585,-0.7837,0.0823
44775.0634,-0.2357,0.0104,-0.0724,0.0209,-0.4831,0.3499
44881.27441,-0.5404,-0.1815,0.1198,1.6745,0.7563,0.2297
45088.43048,1.1907,1.2941,-0.3343,0.2857,-1.0515,-5.0938
44929.13279,0.3802,-0.0885,0.4207,0.3995,-0.3182,0.4992
44361.56581,0.4936,0.5321,-0.4545,0.2976,-0.8021,-1.1858
44994.42162,0.0987,0.296,0.1356,-0.8528,-0.2464,0.0575
44779.73766,-0.0268,-0.0289,0.1127,0.1007,0.1925,0.0246
45553.61292,1.2119,-0.3634,0.6308,-2.2515,2.3217,-3.1381
44503.04479,0.0155,-0.0476,0.0492,1.427,0.1692,0.3812
44819.15214,0.1948,-0.3069,0.0181,0.2139,-0.0583,0.4068
44739.75001,0.0533,-0.2182,-0.1027,-0.7723,-0.2655,-0.3436
44921.23187,0.222,0.1254,0.0087,-0.4677,-0.5157,-0.3751
45326.19353,1.0158,-1.8759,1.1161,1.3342,2.4596,-0.496
44395.97832,-0.2666,-0.3218,0.5145,0.396,0.3049,-0.1431
45459.94767,0.36,-1.4982,0.6745,-0.5077,1.6245,2.3234
45128.42024,-1.0484,2.5945,-0.0625,0.2127,-0.1976,-3.6308
45213.31187,-0.4765,0.6129,-0.3221,-3.0015,-0.6527,2.8679
44714.44848,-0.5282,-0.2897,0.0255,-0.7313,0.4081,0.1674
44798.49496,0.5048,-0.2165,0.5114,1.7921,0.2333,1.0688
45146.57479,-1.5327,-0.5983,0.329,1.9782,-0.7104,-1.2825
45598.48517,-1.3498,-0.5307,0.2563,-3.348,-2.1341,1.9537
44572.28745,-0.4163,0.3362,0.881,-2.0544,-0.1079,-0.4767
44946.68374,-0.0178,-0.1178,0.3501,2.7768,-2.3676,-1.9345
44710.92016,0.1547,0.0263,0.3727,0.5465,0.186,-0.1182
44430.02969,0.1369,-0.0113,-0.3132,0.6107,-0.4952,-0.1499
45448.69937,0.759,-1.8516,0.9583,0.6117,2.0847,0.2009
45021.59275,0.8234,0.6447,0.3197,-5.6728,-1.9154,-5.3828
44519.72232,0.5494,-0.1545,-0.1263,-0.7847,-0.0489,0.2174
44624.88193,-1.2181,-0.3265,-0.2655,-0.9328,0.2096,-2.3382
45538.89673,-1.1025,0.0345,-0.0014,-3.0699,-1.6906,2.2151
45054.74516,-1.9458,-0.7876,0.0719,-0.998,-2.0633,0.0352
45152.7268,2.5317,2.5429,-2.3615,-2.5644,0.522,3.0644
44997.79913,0.3499,0.0721,-0.3816,0.8936,0.7119,1.0552
45318.98611,1.5134,-0.349,0.7503,-2.6039,2.7591,-2.7909
44944.422,-0.2667,0.6562,0.0035,-1.8345,-0.2079,-0.5585
44496.7115,0.539,-0.05,-0.3595,-1.092,-0.0334,-0.6353
44553.01675,0.2638,-0.5624,0.453,0.7655,0.3604,0.3519
44967.85362,0.1796,-0.1868,0.1462,-0.0466,0.0975,-0.3582
45122.32843,1.8085,-0.8214,0.5599,0.1054,3.1224,-3.8051
45462.96334,1.0718,1.6252,-0.8186,1.1521,-0.6417,-5.864
45591.21754,-1.085,-0.6183,0.3222,-3.4712,-1.8758,0.7564
45567.33396,0.412,-1.6514,1.0966,0.1164,2.1671,1.5303
45599.81204,0.6217,-1.2783,0.6082,-1.1034,1.0354,4.1825
45400.35856,-0.7262,0.5145,-0.4553,-1.4318,-1.4778,1.6337
45540.19345,0.9805,-1.7052,1.1135,0.3853,2.1242,0.8715
45224.01755,2.0035,0.1786,0.3402,-3.2963,1.8475,-4.5035
44386.56808,-0.4167,-0.2638,0.0046,-0.4224,-0.0307,-0.5296
44862.21529,0.2869,-0.1277,-0.1337,0.3542,-0.03,-0.1041
44924.30782,0.2734,0.1968,0.3618,0.4769,0.0129,0.4419
44433.58858,-0.279,-0.1762,0.0287,-0.4069,0.0459,0.0122
44580.33953,0.0948,0.3056,-0.1168,0.4031,-0.0779,0.3428
44570.9002,-0.103,-0.311,-0.2276,0.2552,0.2655,0.0435
45432.29429,-1.8266,-0.653,-0.0451,-2.9619,-2.2093,0.7482
45109.6018,0.2343,3.1798,-1.8765,-2.6912,-3.3771,-11.2533
45440.1048,1.9536,2.4593,-2.7919,-1.2306,1.6197,3.439
45607.50187,-1.3629,2.0655,0.1331,0.312,-0.2363,-4.0181
44903.07779,0.1458,-0.0085,0.3304,-0.48,-0.1571,0.0191
45160.47715,1.3666,-1.724,1.5685,-0.2932,3.2534,-0.4772
44957.44953,-1.5431,-0.0773,0.3962,-1.2841,-0.2027,1.222
45450.05638,-1.0439,2.5509,-0.7903,1.3374,-0.6674,-4.4971
44712.27721,-0.5836,0.6056,-0.3967,1.2438,0.4786,1.1951
45556.47775,-1.9695,-0.4287,0.35,-2.9878,-2.0793,0.486
44891.01509,0.5539,-0.501,-0.4922,1.2356,-0.5901,0.1464
44931.39454,-0.2396,0.349,0.6321,0.4205,-0.6692,1.7363
44806.57689,0.0055,0.034,0.0812,1.6638,0.2349,0.5809
45611.12061,0.9844,-1.1631,0.7798,1.4116,2.3151,-1.6532
45595.19814,-0.6496,0.6483,-0.0291,-1.5597,-1.2492,2.3797
44575.66512,-0.9737,0.3037,0.3513,-0.511,-0.1084,0.1168
44958.05264,0.2721,0.4587,0.1436,1.3814,0,0.7895
45220.1776,0.8635,-1.4707,1.2601,0.3421,2.3921,1.5975
44459.67654,0.1108,0.1346,0.0744,0.4115,-0.0289,0.3913
45362.8438,-0.5491,0.9541,-1.298,-3.7338,-0.3211,2.1656
45490.01351,-1.3991,-0.2681,0.4136,1.8973,0.6467,-2.8287
44869.66393,0.0285,0.0859,0.2436,1.1432,-0.652,-1.7741
45015.68206,0.5707,0.3571,0.0387,-9.4545,-2.0151,2.7435
45367.09588,-1.6913,-0.3593,0.2075,0.2985,-0.1237,-2.4269
44527.62375,-0.9468,1.0098,0.0309,2.677,0.7459,-0.707
44395.07348,0.2335,0.1331,0.1966,0.9009,-0.0426,0.1972
44822.98199,-0.0768,-0.1021,-0.1156,-0.5191,-0.1905,0.2498
45139.63868,1.9547,0.8648,-0.0242,-0.8141,0.6018,-5.6059
45008.89675,-0.2592,0.3732,0.4503,-4.4556,-0.2276,1.621
44660.52782,0.2522,-0.3349,0.4029,-0.2942,-0.2354,0.4391
44387.47291,0.6483,0.1614,0.1474,-1.3227,0.0277,-0.1399
45031.61487,0.2314,0.211,-0.2596,-1.5536,0.044,1.2556
44863.30096,0.1698,-0.1692,0.2047,0.0799,-0.1239,0.0799
44377.03764,-0.0098,0.0177,-0.0408,-0.0544,-0.0937,-0.1392
44742.70535,0.3469,-0.6166,1.0766,1.3603,0.3523,0.5001
45118.03091,0.2732,-0.6089,-0.2884,1.3133,-2.4605,3.2867
45403.49486,-0.5846,0.8329,-0.3321,-1.7702,-0.9807,1.4841
45597.12813,1.2693,2.259,-0.5868,2.3455,-0.6709,-5.0381
44592.58347,-1.9413,-0.8664,-0.4913,-2.1981,-2.5116,0.8721
44649.09828,0.0516,-0.3103,-0.3724,-0.2178,-0.3523,0.1228
44637.87979,0.4126,0.8151,-0.6322,-1.1281,0.0253,-1.4425
44376.07256,-0.0506,-0.0793,0.069,0.2706,0.4346,0.1689
44819.00135,0.2628,0.0581,0.9099,0.1954,0.3204,-0.1637
44354.93073,-0.0088,0.0005,-0.0136,-0.0074,0.048,0.032
44957.87171,-0.0024,-0.3164,-0.1636,1.8736,0.4356,0.772
44553.80086,0.314,-0.2046,0.0003,-0.2728,-0.285,-0.326
45042.4914,-0.8416,0.0495,-0.132,-6.1249,-1.0698,0.2895
44492.51944,0.2219,0.1004,-0.0824,0.0788,-0.2338,-0.2267
45016.79785,0.077,0.312,0.3798,-5.1738,0.0634,-2.7266
44378.6361,0.0098,0.0007,-0.0503,0.1014,0.1229,-0.2229
44381.13933,-0.143,-0.2639,-0.016,0.8385,0.0901,0.5083
45168.40841,0.9808,-1.5457,1.3004,0.3205,2.1693,1.0493
44959.77157,-0.519,-0.0178,0.0473,-0.2706,0.2395,0.3047
45425.78049,-0.6623,0.2514,-0.7184,-1.8231,-0.6731,2.6789
44626.69136,0.4411,0.0193,0.5061,-5.0993,1.2379,4.0655
44616.43786,0.2742,0.0832,-0.0707,0.6674,0.0914,-0.2696
44615.7141,-0.8893,-1.14,-0.2003,0.0565,-0.0369,0.7073
44906.66637,-0.1117,-0.2062,-0.0409,-0.1509,0.4856,0.4724
45422.70455,-1.4312,-0.4379,0.0283,-3.6663,-1.8822,1.3893
45229.95846,-0.3449,0.5998,0.1558,1.0367,-0.5501,1.3775
44630.82295,0.2256,0.1338,0.7488,-2.1052,0.503,0.5524
44780.91376,-0.6701,0.0431,-0.2762,-0.0378,-0.1188,0.5462
44814.90006,0.0237,-0.7932,-0.0647,0.0647,0.0806,0.5135
44443.54131,-0.0612,0.2045,-0.0399,0.5179,-0.075,0.174
44502.98448,0.255,0.6878,0.2681,0.7049,0.1678,-0.1994
44883.20445,-0.0091,-0.0822,-0.0088,-0.3023,-0.1235,0.1404
45136.0198,1.7805,2.7111,-1.2664,-7.2913,-1.1966,2.0872
45371.3178,0.9076,-1.5261,0.8418,0.4906,2.4906,-1.5279
45490.61663,-0.9516,0.0448,-0.0451,-2.0118,-1.4258,2.2751
44400.62319,-0.2406,0.0052,-0.2462,-0.6209,-0.0735,-0.1804
45546.07389,-0.8203,0.8918,-0.5927,-3.0655,-0.5528,2.8193
45611.87453,1.3177,0.6235,-0.1185,-1.327,-0.3378,-3.8028
44957.8114,0.6983,0.3488,-0.1742,0.7107,-0.8085,-0.5415
44816.55867,0.2415,0.0951,0.0261,-0.5811,-0.2139,-0.0435
45622.47964,-0.1574,-0.1672,-0.0082,-0.9048,-0.7198,-0.3568
44602.11317,-0.5749,0.5482,-0.5659,-0.0548,-0.2448,-0.6024
44360.44994,0.2546,-1.1161,-0.165,0.3104,-0.3626,0.3716
45025.69411,0.1519,-0.0994,0.2902,-3.4976,0.1338,0.3521
44828.13872,0.3346,0.1739,0.2454,-0.0929,-0.0822,-0.136
45138.61334,-2.0933,-0.6317,0.5077,-2.2722,-1.543,0.2877
45252.66654,1.1612,-0.749,0.8826,0.4787,3.8265,-1.4762
45237.43737,1.7478,2.8878,-0.9882,4.791,-1.9622,-4.8253
44895.87035,0.2466,-0.1169,0.3418,0.3556,0.3462,-0.4745
45350.8415,1.7816,2.2377,-2.3578,-4.6487,-1.0126,1.5839
45385.79296,1.2534,1.604,-0.4954,2.9379,1.9025,5.8744
44716.37853,0.0113,0.0032,0.5196,0.1807,0.0978,0.086
44710.25671,1.0809,0.0415,-1.8204,-0.5699,-0.9861,0.1133
45371.40828,0.6176,-1.3795,0.5468,-0.7973,1.1251,2.9738
45163.04049,2.7343,2.166,-2.8631,1.0826,1.5006,3.9909
45476.26223,-0.7998,0.252,-0.4326,-0.662,-1.2815,1.0982
44480.81787,-0.0062,0.6922,-0.9786,-1.742,-0.0342,-0.6843
44370.3724,0.6632,0.3012,0.1769,0.001,-0.0952,-0.4504
44623.88675,0.0835,0.0387,0.0385,0.9137,-0.3056,-0.6626
45311.76862,1.561,-0.44,0.7662,0.2161,2.9907,-2.0272
45513.26394,-1.9022,-0.7484,0.1142,-0.8423,-0.5289,-0.5265
44630.34042,0.083,0.1529,-0.1293,0.2361,0.0802,0.1384
45064.81756,-1.8524,-1.0737,0.3522,-0.7938,-1.678,0.0865
44898.01146,0.4221,0.2308,-0.3043,-1.323,-0.4295,-0.3509
45036.31931,-0.3453,0.0083,0.0094,-0.2932,0.6616,-0.3735
45605.27029,0.9834,0.3354,0.2917,-3.607,1.894,-3.8832
44852.26373,0.2717,-0.1407,-0.0155,0.3085,0.0959,-0.2133
44581.3649,-0.4432,-0.5218,-0.438,-0.1379,-0.1436,-0.3312
45552.13524,0.8196,-1.6115,0.7204,-1.0795,1.3407,1.8788
45300.24876,-1.3723,-0.7761,0.6418,1.4422,-0.9177,-1.2045
44835.43652,0.1648,0.8967,0.2024,-0.7516,-0.2678,-0.5115
44369.79937,-0.0127,-0.092,0.0926,0.4938,0.0031,0.3339
45331.23975,-1.0397,-0.0245,-0.5411,-2.5445,-1.182,2.6228
45183.75823,1.6802,2.1323,-1.5206,-4.0228,-0.4755,2.9663
45428.88661,1.8314,2.1235,-2.4681,-2.4056,0.5012,2.8559
45608.55734,0.0938,-0.654,0.7007,-2.0669,1.0073,-0.6759
45531.77989,-1.6407,-0.854,0.1718,0.4848,-0.5733,-1.0823
44695.4798,0.7087,0.7164,-1.2778,2.323,-0.2913,0.887
45138.70383,-0.9745,1.4405,0.2017,3.1325,0.0602,-3.3684
45096.90501,-1.4879,-0.9187,0.2623,1.8613,-0.2717,-1.2911
45346.83068,1.266,0.6706,-0.2406,2.5871,0.9691,5.4531
45328.55581,1.2784,-1.9099,0.8103,0.3191,2.1586,-0.6044
44972.16602,0.0531,-0.0787,0.0054,0.705,0.1089,-0.5368
45544.35501,2.6913,2.9434,-2.3188,-2.0764,0.9401,3.4457
44637.54806,-0.1034,-0.4905,0.2916,0.9147,0.1197,0.6273
44705.40143,0.1961,0.0327,0.4068,0.2255,0.3494,-0.204
45155.29014,-1.2329,-0.6733,0.3899,-2.8261,-2.1274,1.5341
45463.20458,0.7282,-1.3201,0.7217,-0.9923,1.5743,3.8422
44462.81305,0.8674,0.2137,-0.2629,0.2883,-0.3874,-0.0811
45024.12592,-0.0523,-0.075,0.0345,5.007,1.9325,0.3744
44663.42292,-0.1177,0.0663,-0.0748,0.047,-0.541,0.3752
44884.44086,-0.1112,0.5074,-0.2695,-0.4072,-0.2228,-0.2819
45423.51878,-1.8522,-0.6035,-0.3699,-2.3996,-1.8194,1.1572
44401.04546,0.3121,0.3165,0.3277,0.3162,0.0016,-0.5861
44813.99538,0.4213,-0.4786,0.4585,0.0593,-0.1757,-0.1526
45326.8972,1.031,-0.2782,-0.0408,-4.0101,2.1905,-3.8516
45481.93163,-1.5803,-0.8807,0.3999,-2.8671,-1.8723,1.0963
45597.79159,-1.3889,-0.6349,0.2512,1.6044,-0.3234,-1.4085
45376.08252,1.0541,-1.4764,0.4772,1.7316,2.2757,-1.4049
45618.46878,-0.1505,0.4822,0.0485,0.797,0.5725,0.716
45053.29763,-1.743,-0.642,0.3796,0.3847,-0.2353,-1.3997
45142.05125,1.6791,-0.1521,0.5587,-1.7687,1.9354,-4.856
44651.9029,0.3757,-0.1501,0.3423,-0.1214,-0.3408,-0.0674
45242.92591,-0.9848,1.5034,0.3789,2.1177,-0.5525,-3.5091
45516.76205,0.9714,-0.8611,0.7882,-1.9634,1.8714,-2.9069
45530.33239,1.469,1.7945,-0.5479,-0.0108,-2.3676,-5.35
44720.87189,-0.3074,0.2684,-0.0455,-0.5879,-0.5821,-0.0741
44657.99463,0.3148,-0.3233,-0.1619,0.2757,0.211,0.0271
45586.15132,-0.6127,0.6865,-0.5977,-3.7367,0.0923,2.6393
44905.21887,0.2585,-0.2458,0.4292,0.2867,0.2724,0.5773
45508.34849,-1.1171,-0.4839,0.2306,-3.5278,-1.5903,1.5756
44576.05718,0.3825,-0.548,-0.1791,1.4519,-0.0312,0.9434
45041.3404,0.8916,0.0771,0.4641,-1.285,-0.0587,-0.8957
45580.57245,-1.2782,-0.1494,0.1031,-3.5675,-1.3674,1.3131
44912.60718,0.028,-0.2088,0.1484,-1.0061,-0.0116,-0.1356
44963.02854,0.0303,0.0466,0.2934,-0.6639,-0.1615,-0.4871
44563.27035,-0.2068,0.3775,0.114,0.4659,0.0075,0.3157
45010.64585,0.2591,-0.1328,-1.2194,-4.7068,-1.1384,0.2812
44804.64688,-0.0044,0.6881,-0.4215,1.3355,-0.2485,0.4336
44554.3437,0.2563,-0.3563,0.2281,-0.8468,-0.2673,-0.0036
45484.55522,0.1974,3.8104,-1.0587,2.9982,-1.3065,-4.9917
44429.36618,0.3153,-0.0982,0.1732,-0.0019,-0.4102,-0.1297
44545.53764,-0.8123,0.4305,-0.1266,-0.7574,0.0065,-0.1159
44954.76559,0.0732,-0.4037,0.2394,-0.193,0.1132,0.1092
45092.47172,1.4372,-1.5752,1.1886,-0.2345,1.5705,-0.8939
45171.8463,-0.2694,1.1625,-0.6798,-2.9554,0.501,2.8028
45021.08008,-0.5967,1.0416,0.176,3.7463,0.5464,1.602
45090.05903,1.5354,0.17,0.2625,-3.4172,0.9895,-5.0095
45219.90617,-0.7912,2.8908,-0.7074,0.4739,-0.4186,-4.0214
44496.53053,0.0205,0.1413,0.5104,-1.5112,0.0553,-0.5015
44965.92358,-0.4007,0.1302,0.0027,-0.1372,0.7575,0.3675
45345.95615,0.5906,-1.6546,0.472,-1.6398,1.2134,3.9756
44778.13937,-0.0579,-0.4162,0.452,-0.9946,-0.0822,0.0446
45433.89256,-2.3833,-0.3546,-0.3309,-1.3494,-2.1232,0.9573
45151.61101,1.6541,0.6082,0.0045,-2.8315,-0.5282,-4.7859
45623.14311,0.5236,0.2375,0.2543,-1.9546,-1.1909,1.5882
45363.05489,-1.9977,-0.5616,0.019,2.3302,-0.4348,-1.2254
45524.99473,0.9651,0.5031,0.4284,4.3151,-0.928,4.563
44844.15173,0.2593,0.4265,-0.0899,-0.3129,-0.2159,-0.1042
44465.07501,0.0946,0.6309,0.1657,-0.2184,-0.4196,-0.1697
44961.61117,-0.1522,-0.2193,0.2315,-0.6663,-0.2845,0.5409
44897.19721,0.2001,-0.211,0.5319,-0.0382,-0.1761,0.319
44609.07949,-0.4145,0.9455,-0.2579,0.9985,1.0094,0.726
44603.16869,1.5009,-0.4438,-0.0776,0.9547,-0.2971,-0.5213
44438.56498,0.0168,-0.316,-0.3932,0.1496,0.3665,0.2335
45331.93337,0.5538,1.5087,-1.6574,-2.9631,-0.0442,1.559
45338.95984,0.5847,-1.1263,0.2475,0.1867,1.2398,5.3344
44666.71004,-0.2914,0.4069,0.3898,0.1897,0.2809,0.5024
44860.85826,0.6365,-2.5686,0.5466,2.6493,0.423,2.8158
44918.09564,0.6579,0.033,0.8773,-2.313,-0.9819,-0.9125
45107.6415,0.1089,1.3589,-1.2296,-3.7873,0.3253,1.8667
45158.84867,1.0939,-1.0545,1.2059,1.8036,3.1831,-2.059
45248.89696,1.748,2.5866,-0.2721,5.8573,1.2816,5.7709
44472.88614,0.0808,0.0749,0.0097,-0.9642,-0.0491,-0.2716
45366.10072,-1.1445,-0.2066,-0.0999,-4.3421,-1.4603,2.8869
44789.08618,0.3062,-0.4122,0.7803,0.9429,0.3285,0.0235
45015.07891,-0.3989,-1.5685,0.1399,10.9665,4.1509,0.4478
44775.24434,0.0498,0.019,-0.1718,-0.5238,0.197,-0.05
45144.73521,0.7161,1.7768,-0.6679,-5.0384,-0.7668,1.3542
45441.31105,0.3327,4.1284,-1.3054,2.8444,-0.1143,-5.4162
44483.71311,0.009,-0.1783,0.1581,0.124,-0.0169,0.0584
44584.80284,0.5201,-0.0742,0.2326,-0.0003,-0.1246,0.9227
45532.35286,0.2072,2.2765,-0.4683,-4.1389,-1.4755,1.2741
44673.79694,0.7852,-0.4861,-0.6777,-0.6485,-0.6949,-0.2643
45226.24915,-0.5229,3.4434,-0.2396,2.2553,0.373,-4.3533
45239.36738,2.8494,2.9217,-2.2951,2.4193,1.361,4.4354
45392.4274,-2.0673,-0.5568,0.181,-2.0857,-2.1453,1.6097
45376.80629,1.1688,-0.0085,-0.0827,-2.9078,1.8406,-4.2325
44914.53718,-0.1457,-0.2049,0.016,0.5877,0.0355,0.3331
45062.52564,-1.9784,-0.7735,0.2399,-0.0953,-1.7737,-0.3198
45607.62247,0.8396,1.0682,-0.141,-1.4076,1.9917,-4.7439
44917.04016,0.2864,0.1847,0.1873,-2.218,-0.3636,-0.3045
45433.28946,0.1418,3.5022,-1.1959,2.6149,-1.5308,-6.0303
44561.49105,-0.1,-0.112,-0.0619,0.364,0.2777,-0.2675
44746.7765,0.2463,-0.1691,0.9504,1.3031,0.3913,0.787
45245.76065,2.1053,2.6071,-1.9122,-3.9691,0.6681,2.9685
44873.73516,-0.1416,0.1124,0.1125,-0.22,0.0947,0.0427
44660.79924,-0.3271,-0.1836,-0.5399,-0.6258,-0.5059,0.3981
44618.09654,-0.1438,-0.2626,1.1786,0.5938,0.5468,0.5552
44510.37327,-0.2094,0.1383,-0.1662,1.9859,0.4388,-0.107
44677.02373,-0.4806,0.485,0.206,-1.0482,0.1158,-0.8
44753.95381,0.0234,-0.1799,0.1207,0.2596,0.0073,-0.1798
44761.2517,0.3705,-0.1678,0.4024,0.9918,0.1019,0.8336
44556.21345,0.1217,0.0411,0.0559,0.2888,0.0854,-0.0519
45473.518,0.9781,-0.9224,0.1993,-1.2903,2.8906,-2.293
44382.01399,0.1962,-0.155,0.2053,0.9007,-0.2938,-1.1256
44597.34833,0.2178,-0.2845,0.2825,0.9218,0.5694,0.1172
44754.88865,-0.0371,-0.0476,0.3556,0.2709,0.3435,0.0152
44404.45373,0.0436,0.0687,-0.1453,-0.4158,-0.0998,0.1042
45343.84521,-1.0274,0.0692,-0.4914,-2.2138,-0.9413,2.1608
44622.52966,0.6484,0.1332,0.4819,1.1162,-0.0448,0.6488
44875.00172,-0.0218,0.0084,0.0101,0.5126,0.0249,0.2164
44465.04482,-0.6399,-0.3524,-0.0107,1.6302,0.2829,0.8198
44851.84156,-0.2279,0.1014,-0.1066,0.5233,0.224,-0.1961
44673.49534,-0.0432,-1.0397,-0.9786,1.1788,-0.1431,0.9369
45383.59152,-1.2246,-0.2876,-0.3749,-3.1921,-1.6764,1.922
45576.19981,0.8015,-1.2877,1.0381,1.6939,2.2026,1.0021
45365.70869,1.0765,-0.7483,0.1998,-3.3066,2.4112,-2.3249
45438.17479,1.1118,0.426,-0.0379,-1.5901,0.1913,-4.1746
45604.81796,-0.1813,1.3669,-1.0064,-1.3776,0.2473,1.5568
45207.25035,0.6878,4.0308,-0.879,1.0754,-1.3038,-5.314
44685.52797,0.6887,0.6657,0.6814,0.3703,-1.5275,0.4035
44877.23337,-0.4028,0.1495,0.0805,-1.8602,-0.0221,-0.356
44432.17105,0.139,-0.0991,0.0964,0.596,0.1607,0.3481
44456.11778,-0.592,-0.4419,0.4609,0.3102,0.2369,0.3162
45240.03084,0.837,-1.599,1.1895,0.9118,1.7052,1.5343
44417.42284,0.1885,-0.1728,-0.0379,0.4294,0.0057,0.4911
45017.03909,0.0439,-0.5457,0.683,9.9269,1.9986,-1.728
45324.94705,-1.1707,0.2345,-0.4575,-2.28,-1.8894,1.8189
45461.4555,0.9734,-1.1228,0.5884,0.6369,2.6622,-1.4216
45468.18037,1.4311,1.8991,-1.9004,-3.6145,0.455,2.4582
45611.21106,0.6444,-1.133,0.9747,1.8706,2.5197,1.7074
45617.83047,0.0027,-0.4108,0.484,-0.0958,-0.6183,-0.2919
45411.54667,-2.2123,-0.8276,0.04,-1.1401,-2.0467,-0.7842
45573.51592,-1.0119,2.9083,-0.6373,1.3617,-1.0166,-4.8548
44519.54138,0.0651,0.1191,0.0863,1.0078,-0.0875,-0.0908
45004.40346,-0.009,-0.0783,0.0121,0.7512,0.1498,0.378
44786.22131,2.4143,0.4217,-0.341,1.4704,-1.6341,-0.6012
44638.00043,0.2602,0.2258,-0.5164,-0.1545,-0.0425,-0.2545
44767.07192,0.1085,-0.1228,0.2205,-0.7685,0.2468,-0.1387
45537.20798,-0.2238,1.33,-1.1493,-4.0016,0.0995,2.3856
44565.41152,0.2808,0.1891,0.1472,2.304,-0.1633,0.1103
44954.01169,-0.1744,0.1488,-0.3129,1.3167,0.3741,0.1237
44957.57013,-0.8581,-1.3287,0.3236,-1.5282,0.6978,-0.2861
44766.04658,-0.4411,0.7143,0.4772,0.1419,0.608,-0.3434
45272.99217,0.4869,1.7963,-0.7653,-3.8211,-0.4062,1.8494
44464.38133,-0.5287,-0.2491,-0.0166,1.0262,0.4096,0.9975
45278.36007,1.0153,-0.9716,1.2326,-0.382,1.0542,1.9021
44701.05883,-0.2084,-0.8291,0.5318,1.3286,-0.0347,0.7411
45343.12144,-1.6837,-0.4852,-0.3245,-0.875,-2.2335,0.8224
44920.62876,-0.1026,0.0601,-0.1136,-0.1028,-0.0935,0.1377
44815.71427,-0.5623,0.1645,-0.559,0.1428,-0.4554,-0.8936
45129.92809,-1.6694,-0.7417,0.4366,1.9045,-0.8287,-0.9305
45555.75399,-1.922,-0.0246,0.1953,1.0299,-0.8567,-0.442
44447.91443,-0.6131,0.084,0.1279,0.5282,0.0374,0.3011
44362.68171,0.0765,0.4504,-0.1906,-0.0944,0.5693,0.4133
45250.31432,1.3894,-1.3875,1.0431,-0.1303,2.6621,-0.5092
45143.31782,-1.9777,-0.954,0.5796,-4.2491,-1.7401,0.4944
45246.18283,1.8087,2.599,-1.0552,2.1778,-2.885,-4.8922
45561.87567,2.0319,2.7161,-2.4243,-2.7249,0.1165,2.4494
45580.12012,1.1095,0.4705,0.1039,-3.4313,0.6753,-3.8365
45561.84552,2.9746,2.3698,-2.1693,0.6512,1.9001,5.4436
44422.21828,-0.0244,-0.1749,0.0336,-0.3124,-0.0658,-0.3019
44648.16339,0.9428,0.4776,0.3383,-0.6881,0.3561,-1.0694
44670.93201,0.2012,-0.4653,0.5049,0.0973,0.3827,-0.1312
44941.40639,-0.2309,0.4932,-0.4898,-0.0153,0.0776,-0.7861
44586.8234,-0.0681,0.2622,-0.0741,-0.1759,-0.166,-0.1325
44852.86685,0.5292,-0.0979,0.2652,-0.0531,-0.0591,-0.0941
45545.28984,-0.9144,0.4898,-0.1129,-4.1165,-0.8774,2.2572
45578.58215,0.977,-1.6655,1.2057,0.6354,2.3621,-0.7565
44476.20358,-0.5202,0.1114,-0.1966,-0.085,-0.1197,0.083
44493.48453,0.3628,-0.1115,-0.1921,0.2138,-0.1517,0.019
44875.06205,0.0594,-0.1083,-0.0723,1.6263,0.3999,0.2131
44961.58102,0.0459,-0.096,0.0304,-0.7507,-0.1401,0.5665
45072.0251,1.3651,1.8121,-0.6813,0.5318,-0.4968,-6.1675
45107.30977,2.0958,0.1952,0.5375,-2.1796,-0.0039,-5.226
44531.63478,0.8559,0.0259,0.0337,-0.0118,-0.3946,0.08
45140.81479,-0.0821,0.8956,-0.6636,-0.3421,0.2238,1.3067
44553.43896,0.4811,0.0327,-0.0398,-0.0244,-0.131,-0.2144
44666.0466,-0.9416,1.0216,-0.5169,-6.1514,-1.4253,-1.5293
45532.62425,-1.4057,-0.0977,0.4435,1.8931,0.2368,-2.5323
44889.65803,-0.0292,0.0677,-0.1445,-0.3196,-0.1196,0.0431
45077.12162,-0.4646,1.1868,-0.1355,0.5546,-1.4622,1.7391
45253.96327,-1.2897,-0.8948,0.4931,0.3441,-0.6489,-0.8381
44964.29514,0.2242,-0.1244,0.0938,-1.3836,-0.3319,-0.362
45149.80159,-1.7543,-0.7698,0.5303,0.8323,-0.7186,-1.1535
45161.89451,1.3957,1.9098,-0.6465,1.3616,-0.7996,-5.7056
44542.15995,0.1301,-1.3406,0.1172,1.0437,0.3699,0.3352
44785.31663,0.2246,0.3763,-0.4887,0.7695,0.0518,-0.1703
45181.04414,1.6813,0.6192,-0.1266,-1.23,1.0648,-4.8907
44387.68403,-0.1662,-0.2722,-0.3419,0.3001,0.0871,-0.2753
44398.18012,-0.918,0.0722,0.2708,2.7148,0.6844,0.2424
44377.52023,0.0284,-0.0122,-0.0949,-0.0328,0.0315,-0.1992
45528.49287,-1.9632,-0.9063,0.2477,-1.3401,-1.8161,0.0344
45591.33818,-1.3753,-0.7284,0.4128,1.3382,-0.5427,-1.4907
44820.08694,0.7393,-0.1619,-0.0203,-0.269,0.0409,-0.3749
45412.84338,0.7337,-0.9196,0.3735,0.7767,0.3744,5.6078
45258.63758,-0.6922,-0.0661,0.4431,-3.6758,-1.6498,2.4596
44635.46719,0.5318,-0.811,0.3752,2.6725,-0.8438,1.6748
44747.0479,1.2197,1.6665,-1.701,2.1395,3.0689,-2.8157
45110.96896,1.4971,0.7815,0.0261,5.7637,4.5836,5.2649
45165.30227,0.6303,-1.1123,0.7818,-0.3445,0.4055,3.43
44428.94393,0.1258,-0.0072,0.0588,-0.4729,0.0011,-0.1251
44914.80858,-0.0964,-0.1243,0.6234,-0.3747,0.2369,-0.2089
45176.61106,0.0255,1.9519,-0.7942,-3.7661,0.0479,1.9502
45381.1187,-0.5423,0.9511,-0.8517,-3.5137,-0.3364,2.7113
44651.36008,0.374,-0.0089,0.2332,0.5463,0.1845,-0.2017
44423.06277,0.1862,0.1059,0.2378,-0.0359,0.2527,-0.3697
45160.95966,-1.3356,-0.7748,0.8986,2.5073,-0.7451,-1.5816
44678.0792,0.3025,0.4394,0.5725,-0.2257,0.0442,0.7546
44907.57106,-0.039,-0.1174,0.0408,-0.0317,0.0798,-0.2856
44565.35122,-0.8391,-0.0946,-0.5807,-0.2639,0.0659,0.4082
44482.05439,0.6311,-0.1822,0.0192,0.503,0.158,-0.0104
45145.30819,1.051,-1.8443,1.3173,1.2592,2.7415,0.567
45234.21057,-0.291,2.8911,-0.8482,2.1972,-0.1623,-4.4419
45344.17693,1.0162,0.7635,-1.044,-0.8745,-2.2443,-4.7855
44809.62269,0.4023,0.0137,0.3353,-0.4406,-0.6326,0.1856
44973.04057,0.1011,-0.0549,0.0788,-0.2784,-0.0051,0.4782
45490.49599,1.3481,2.2265,-1.6039,-5.3829,-0.3427,1.9163
44765.95613,-0.4826,0.6317,-0.0497,-1.8366,0.0112,-0.7408
45068.43642,1.8413,1.9852,-0.344,1.6575,1.2796,5.3644
45570.28923,-0.0163,4.2908,-0.8384,2.6346,-0.9021,-5.3368
44555.39922,0.0102,0.1326,-0.1822,0.028,-0.1459,-0.0903
45134.08978,1.6235,1.0453,-0.2311,-0.3125,-1.0126,-5.3895
45540.01251,0.9304,2.1233,-0.7838,0.9729,-1.3567,-5.491
44556.57537,-0.0476,-0.0546,-0.2274,0.0939,0.0031,0.2735
45007.78097,0.3295,-0.7939,-0.3364,-0.9092,-0.775,1.4076
45275.04281,1.6206,0.445,0.1346,-3.7968,1.1942,-4.5336
45557.38242,-1.4625,0.2962,0.2886,1.1362,-0.6501,-2.573
44397.27527,0.4211,-0.0788,0.1386,-0.2459,-0.2967,0.0281
44619.12188,0.61,-0.7434,-0.0159,0.2448,0.2213,0.6122
44756.15524,0.6068,0.0724,-1.1289,-0.3176,-0.7438,0.1122
44967.2505,-0.232,0.24,0.0343,0.3415,0.0523,0.2367
45007.05722,0.2439,-0.2865,0.1875,6.9161,4.3802,1.823
44485.43219,0.4368,0.0664,-0.0074,-0.7891,0.1463,-0.5694
44496.83214,-0.0852,0.4384,0.602,-1.025,0.1628,-0.1343
45074.16622,-1.9704,-0.5408,0.081,-0.1121,-1.1918,-1.4406
45262.76903,-1.4134,-0.7777,0.7371,1.893,-0.8588,-0.735
45332.05397,-1.4196,-0.1383,-0.3013,-3.5228,-1.986,2.3107
45547.64199,-0.628,0.9494,-0.7697,-2.3198,-0.6683,1.9563
45600.98815,-1.9407,-0.9222,0.2408,-1.4195,-1.2122,-0.4788
45603.70218,1.2168,-0.8103,0.7698,-1.0288,2.6322,-1.5021
44923.88564,0.3495,-1.1172,-0.1554,0.6425,0.0857,0.6149
45188.07067,-0.2618,3.1807,-0.5312,2.1728,-0.5512,-3.5903
45165.21181,1.2462,-1.421,1.1873,-1.4454,2.3728,-0.5515
45486.75663,-2.3483,-0.7126,0.1626,-1.5468,-1.8621,0.1943
45598.03283,0.9364,-0.5399,0.4325,-3.9788,1.7076,-2.8701
44941.01436,-0.1552,-0.034,0.3989,0.4975,0.6309,-0.1781
45101.48916,-1.0167,-0.5141,0.3648,-2.9678,-1.8732,1.5102
44843.00578,-0.2527,-0.1446,0.0458,-0.5841,0.0892,-0.1718
45009.98243,0.2419,-0.8672,-0.2619,-2.5052,0.337,-0.2504
44587.36621,-0.785,0.3701,0.0726,-0.6715,0.0352,0.323
44492.70041,0.0048,0.1196,0.1568,0.8546,-0.2369,0.5101
44720.66081,-0.265,0.8697,-0.7054,-0.4998,-0.561,0.0599
45056.19269,-0.5451,0.651,-0.0172,-1.1302,-1.5603,1.9597
45430.72615,-2.2288,-0.6311,0.2085,-1.2402,-1.5411,-0.1206
45209.51212,-1.5311,-0.8603,0.5876,0.9969,-1.3001,-1.0336
45131.828,1.5756,-1.7136,1.2989,0.1722,2.3563,-1.3304
45167.41324,1.5413,3.2239,-1.0356,2.7567,-1.745,-5.2081
45386.24529,-0.0243,3.0589,-1.1261,2.9492,-0.8201,-5.8545
44591.88981,0.0114,-0.3721,-0.4178,-0.399,-0.2361,0.2967
44969.18054,0.1724,-0.0703,-0.1524,-1.2087,-0.3843,1.4925
45323.88151,0.2196,-1.6238,0.4328,-0.6478,2.1291,2.5216
45191.47839,1.092,-1.4033,1.4354,0.429,1.4689,0.1062
44814.86991,0.0847,0.0051,-0.6799,-0.0623,-0.1801,0.458
45193.8909,0.8849,-1.2121,0.9751,-0.3696,0.9041,2.654
45038.76701,-0.3386,0.1085,0.0802,-0.8973,-2.3301,-0.402
45389.26095,-1.9795,-0.5218,-0.2592,-0.7646,-1.9991,-0.1705
44654.67737,-0.1239,0.0103,-0.6077,-0.0695,-0.1344,0.3407
45187.98021,-1.3141,-0.8303,0.4718,1.3102,-0.4695,-1.55
45230.10925,-1.561,-0.8451,0.3552,-0.9938,-1.0709,-0.5018
44927.26314,-0.2725,-0.1666,0.1174,0.0551,0.1167,0.0603
45357.38546,-2.5354,-0.7446,-0.268,0.2284,-1.819,0.1562
45316.68416,0.7314,0.4546,0.8267,5.381,1.3317,-2.787
44534.46963,-0.3621,0.1732,-0.09,-0.0608,-0.356,-0.0695
45540.91721,0.9994,-0.578,0.5548,-2.9469,2.5249,-3.1707
44635.79894,3.4755,-1.1891,-0.2177,3.4329,-0.5831,1.2606
45370.32264,-0.0888,2.6252,-0.9989,3.5781,-2.2488,-5.536
44413.41149,0.2913,0.2631,0.4172,0.0568,0.1494,0.3484
45205.16957,0.7632,-0.7964,0.8319,-0.8758,0.4646,3.9336
44704.82843,0.8249,-0.3056,0.4335,0.4148,-0.25,0.0206
44485.7639,-0.5429,0.1718,0.6283,5.1145,-2.042,-2.4403
45376.56505,-2.0472,-0.7511,0.0476,0.2125,-1.3964,-1.091
45412.87353,1.9232,2.4113,-0.8271,4.3753,2.0297,6.1275
44601.38938,0.1374,-0.4141,0.1041,-0.6851,-0.603,-0.4048
45585.48789,-1.8664,-0.7758,0.5985,-2.5792,-2.1648,0.3586
44682.48212,0.0664,0.2547,-0.082,2.1461,0.3338,0.1341
45047.89955,-2.1664,-0.7171,0.3565,0.4579,-1.6731,-0.5911
44552.47392,-0.3389,-0.1734,-0.0273,0.9118,0.221,-0.0062
44634.32124,-0.5812,-0.0407,-0.1697,0.8257,0.2307,0.0461
44656.54708,-0.3664,-0.2551,-0.1754,2.2018,-0.4949,0.4147
45479.79055,1.2981,1.9071,-0.5755,0.0006,-0.5883,-6.0116
45363.77867,-1.9068,-0.6687,-0.0321,-2.7199,-1.6139,0.1679
45303.5057,-1.3059,-0.9842,0.5738,0.4122,-0.5177,-1.0349
44362.25948,-0.4246,-0.1255,0.1695,-0.713,0.794,0.9693
44819.21244,0.0481,-0.0688,-0.5472,0.1494,-0.3175,0.8957
44886.70267,0.0464,0.0547,-0.2109,0.11,0.2972,-0.1458
45159.24072,-1.1013,-0.2932,0.2783,-3.5969,-1.8847,1.7381
45020.35632,-0.6456,1.1997,-0.4947,4.7016,0.1136,-1.0525
44449.63354,0.1783,0.2065,-0.0966,-0.636,-0.4526,-0.0474
45101.82091,1.5608,-0.2073,0.5322,-4.14,0.9932,-4.8735
45275.22375,0.6796,-0.7418,1.0168,-0.1999,0.8097,3.7498
45360.0694,1.14,-0.2288,0.0767,-4.2536,2.1776,-3.6594
45482.95694,0.2862,3.8559,-1.2805,4.1011,-0.8502,-5.3495
44780.34078,0.4029,-0.1805,-0.0799,-0.2555,0.0274,-0.1119
45202.18405,-0.5555,0.2186,0.2627,-3.1938,-1.4417,2.7901
44966.04424,-0.1569,0.3081,0.0295,0.0778,1.4456,-1.3127
45179.89815,-0.875,-0.1449,0.1682,-2.6974,-1.983,1.915
44448.78907,-0.3454,1.6462,1.345,-0.8896,0.7608,-2.3597
45053.14684,-0.8969,-0.1793,-0.2614,-1.0943,-1.3,2.8046
45559.82507,-1.3488,1.7405,0.315,-0.9587,0.1187,-4.3134
44561.70218,-0.1087,-0.1071,-0.3448,0.0132,0.0676,-0.2278
45014.26468,0.1511,-0.0158,0.3309,-3.6983,0.8221,-1.3885
45316.44289,0.5323,3.7237,-0.4485,-0.5991,-0.4778,-5.1463
44986.82214,0.2086,0.1382,0.1218,0.0375,-0.5326,0.3945
44530.88084,0.3157,-1.0015,0.8198,-2.5219,0.0331,-0.6313
45437.90337,-2.1224,-0.7209,0.2653,-0.9567,-1.8242,0.6691
44647.4095,0.1866,0.6714,-0.0102,-1.4868,-0.1179,0.1561
45288.20118,0.1392,0.3437,-0.3965,-0.4151,0.007,0.3541
44432.83459,0.4332,0.3198,-0.1449,-0.801,-0.3368,-0.1441
44452.92091,-0.3938,-0.117,-0.1398,-0.9867,-0.157,-0.2468
45135.41668,-1.8239,-0.4208,0.2775,-1.937,-2.2973,1.4077
44725.93823,0.1237,0.1432,-0.4054,0.4002,-0.1651,-0.2098
44693.76085,-0.1434,0.1553,-0.7034,0.2919,-0.0843,-0.4083
44589.59788,0.0095,-0.5976,-0.5797,1.2212,0.4058,0.0897
44368.71364,-0.2116,-0.2371,-0.1097,-0.2766,0.0072,-0.0574
45301.99785,0.6295,3.8981,-1.1405,2.8224,-1.5358,-6.0664
45431.60069,-1.6928,-0.6724,0.331,0.8283,-0.7524,-1.8833
44877.44446,-0.2353,0.2857,-0.2757,0.0171,-0.1937,0.3564
45584.28166,0.9599,-1.3727,1.2804,2.23,1.899,-0.6702
45077.93583,-0.77,-0.2086,0.2818,-0.7239,-1.942,2.8762
44780.18999,-0.0022,-0.2052,-0.0503,0.702,0.5261,0.1915
45137.67845,-0.6109,0.5871,-0.1582,-2.8756,0.0691,1.8124
45004.13204,-0.0334,0.0815,-0.0032,0.6738,0.1493,0.1843
44422.06749,-0.2431,0.1292,0.0783,-0.1786,0.1689,-0.0261
45214.22157,0.1638,0.6303,-0.1172,-0.1848,0.2095,0.9164
45409.22459,-2.1481,-0.6565,0.0704,1.1846,-0.9794,-0.8983
45174.9826,2.471,2.4765,-2.2988,-2.1147,0.2533,2.495
44458.65116,-0.088,-0.2407,0.3253,-0.6532,0.1546,0.2106
45548.90856,1.0336,-0.9874,0.7357,-0.4115,3.0805,-1.0926
44417.90541,-0.2197,-0.5378,0.2386,1.3233,0.389,0.6866
44658.50729,-15.1896,-0.3364,0.8489,-4.1011,5.2459,1.2313
45156.82819,-0.7746,-0.2707,0.3362,-3.2506,-2.066,2.4367
45195.42891,1.0298,-1.4389,1.0445,0.3915,2.1433,0.7251
44857.99344,0.9479,-0.089,-0.0697,0.2956,-0.1775,-0.209
45601.0786,-1.2906,0.2875,0.286,-0.1834,0.1774,-2.3846
44731.09502,0.1273,-0.7523,0.9661,0.3795,0.3948,1.0842
45535.42875,0.4966,-1.0768,0.8704,-0.9812,1.1986,3.4597
44481.602,0.3541,-0.3856,0.327,1.0606,0.0558,0.1863
44669.42416,0.4432,0.0364,-0.2567,0.4981,-0.4632,0.5657
44546.35191,-0.4007,0.2074,0.4785,-0.0535,-0.1444,0.0657
45498.27629,0.9804,-0.829,0.452,-3.7723,2.4126,-2.3693
45274.37936,0.8388,-0.9294,1.447,0.6115,2.1707,0.7898
45070.84895,1.0333,2.0945,-1.3471,-4.0454,-0.1234,1.8822
45071.02989,-1.8285,-0.8764,-0.077,-0.7194,-1.8719,0.1236
45397.88575,-0.3314,1.5707,-1.2237,-1.8896,-0.6545,1.8222
44393.83687,0.3291,-0.0349,-0.0486,0.0645,-0.0536,0.2004
44500.72256,0.1975,0.0647,0.0276,0.5501,-0.0486,-0.1424
44904.82684,-0.2468,-0.5702,-0.0308,0.4143,0.8102,0.7355
44953.28793,-0.1377,0.0247,-0.175,-0.6398,-0.2584,0.0951
44543.03455,0.4171,-0.2947,0.2085,0.7015,0.2833,0.271
44727.95872,0.5822,-0.3154,0.4798,0.4141,0.0877,0.16
45002.17183,0.0034,0.0247,-0.018,-0.0899,0.1375,-0.0745
44637.48776,0.6394,-0.0275,-0.5792,-0.0188,0.348,-0.9541
45366.79433,0.9819,1.9935,-1.9595,-4.3244,0.1756,2.0894
44442.42541,0.03,0.1946,0.122,0.0531,0.1974,0.0236
45463.23473,0.6978,-1.0312,0.436,-0.3759,1.5867,4.948
44740.62455,-0.0908,-0.0262,-0.6863,-0.6179,-0.1391,-0.8463
44392.02721,-0.5754,0.4941,-0.1481,-0.6085,-0.2088,-0.7397
45248.80647,0.8674,-1.0077,1.0071,-1.2706,1.1292,3.1872
45520.56176,-1.5162,-0.4622,0.3313,0.753,-0.3278,-2.4118
44493.54483,0.73,-0.1575,-0.0029,1.4748,-0.0803,0.6137
45179.50612,1.4985,-0.6394,0.4544,-1.9902,2.9413,-1.516
45488.62631,1.0095,-0.5341,0.4436,-2.9613,2.4835,-2.8576
45253.51094,1.1956,-1.4317,1.1512,0.0837,2.345,0.3155
45389.38159,-1.586,0.7526,-0.1529,-0.216,0.2029,-3.3246
45582.65321,0.9653,-1.7911,1.0713,-0.7686,2.179,-0.658
44977.20221,0.5784,0.7357,0.1412,0.1372,-0.436,-0.4218
45387.81345,-1.0946,2.8455,-1.2042,2.4543,-0.6869,-4.9493
45054.83565,-1.3281,-0.6905,0.7026,0.8895,-0.588,-1.7397
45168.04654,-1.482,-0.8496,0.3979,-0.0437,-1.1673,-0.8264
45618.95128,0.3842,-0.2489,-0.1505,-2.0553,0.7399,-3.9166
45210.83902,3.185,2.8912,-2.7019,-1.959,0.5557,3.351
45013.17901,-0.6558,0.583,-0.2513,-0.6729,0.3948,-1.1247
44613.7237,0.6022,-0.4525,0.1136,0.4155,-0.3367,0.2157
45297.68545,-0.217,0.5875,0.2104,-2.5979,-0.9831,2.1344
45399.54435,-0.934,0.3192,-0.4078,-2.8693,-1.4172,2.903
44680.94413,0.1019,-0.2605,-0.1516,0.6241,0.0438,0.3536
44369.73906,0.0785,-0.5347,-0.1213,1.2763,0.1274,0.3669
44712.45814,0.4958,0.7212,-0.3564,-0.4628,-0.53,-0.7976
44661.55314,-0.1268,0.086,-0.5505,-0.893,-0.8117,-0.0152
45417.90967,-1.6561,-0.4231,-0.1955,-2.6458,-2.0787,0.8116
44984.25884,0.3254,-0.0635,-0.0556,0.301,-0.4131,0.0556
45569.14332,0.0883,2.193,-0.9536,-3.6654,-0.5795,1.2643
44562.81799,-0.2498,0.0562,-0.1332,0.0704,0.1338,0.391
45447.22168,0.6277,-1.1145,0.5551,0.1382,1.0921,4.4155
44394.62106,-0.5533,-0.185,-0.0094,0.0361,0.1037,0.6753
45359.73768,-1.6124,-0.4214,-0.0533,-3.7865,-2.1667,1.2127
45137.52767,0.8493,-0.5275,0.4722,1.6593,-0.5151,4.9349
44891.04524,-0.0903,-0.1709,-0.1048,-0.2562,-0.1506,0.0119
45381.60121,0.8914,-1.027,0.1875,-1.7304,2.4573,-1.6797
44707.6029,-0.1453,-0.3785,0.3918,0.5453,0.1416,-0.0191
44656.21535,-0.3352,0.222,-0.1272,-0.5795,-0.3671,0.0388
44826.75152,0.6514,0.0984,0.1389,-0.3825,-0.1447,-0.1593
45089.66697,-0.639,0.348,-0.0652,-2.5847,-1.1546,2.238
44688.93571,0.6815,-0.3841,0.3274,0.396,-0.1476,0.7112
44824.67073,0.7023,-0.1125,-0.1369,0.0339,0.0257,-0.2196
45309.35607,1.6802,-0.4309,0.7225,-0.8964,3.5312,-1.8845
45427.16768,0.8574,-1.2775,0.7026,-0.6893,1.1382,4.0073
44664.84032,0.1167,0.9036,-0.4323,-1.745,-0.2028,-1.2311
45504.60911,1.2738,1.0039,-0.1105,-0.1494,-0.5537,-4.4725
44706.78867,0.0481,-0.436,0.1855,-0.5065,-0.0894,-0.1901
44637.72904,-1.1682,-0.8902,0.1374,1.01,-0.4404,0.9558
44483.53217,0.1354,0.3157,-0.0307,-0.3202,-0.2077,-0.165
45100.82565,-1.241,-0.5668,0.445,0.6722,-1.0081,-1.4928
44535.07282,0.514,-1.4034,0.2323,0.4628,-0.3934,0.8785
45248.26364,-0.5831,0.0998,0.317,-0.9742,-1.0562,1.5038
45106.64627,1.0425,-1.81,1.5931,0.4119,1.6843,0.5367
45361.2757,-1.1581,0.3799,-0.5118,-0.2871,-0.8174,1.2284
44622.10745,0.473,-0.2818,0.0129,1.4871,-0.2256,0.4243
44627.47545,0.1284,0.2089,-0.5745,0.2637,-0.3731,0.8431
44883.08382,-0.2068,-0.2752,0.35,0.3197,0.1982,0.487
44898.34319,0.3451,-0.2319,0.4761,0.348,0.075,0.1887
44569.21141,-0.5454,0.3303,0.384,-0.4808,0.1252,0.3143
45259.72322,1.0748,3.6094,-1.3068,4.3034,-1.7906,-5.0685
45461.03329,-1.3602,-0.322,0.0258,-3.6323,-1.6487,1.7623
45507.92631,1.0697,-0.5941,0.3438,-4.6626,1.6757,-2.7204
44496.86229,0.0997,-0.0191,0.5775,1.2693,0.0772,1.021
45499.63334,-1.5337,-0.6588,0.4265,1.8278,-0.2212,-2.8353
45568.41956,-1.2919,0.1484,-0.0222,-2.2867,-1.5033,2.2293
45410.12928,-0.7833,3.1334,-1.1362,2.5768,-1.0116,-4.3686
44564.71792,1.1506,-1.8979,1.1167,5.6481,-1.3621,3.6727
45084.63068,1.111,-1.3197,1.0363,0.3505,2.4488,-1.5615
45489.86272,-1.4428,-0.276,0.2267,-2.2511,-1.9327,1.3961
44926.5092,-1.0568,0.558,-0.3593,0.6178,0.5133,0.249
44922.37782,0.1036,-0.1243,-0.2075,0.1294,-0.1395,-0.0143
45577.67748,1.208,0.2421,0.3037,-2.8086,1.9868,-3.4622
45419.02545,1.5947,0.3739,-0.085,-1.7136,-0.3953,-4.208
44936.43061,-0.1594,0.2679,0.2737,3.3589,-1.4459,-2.3622
45225.70633,0.9476,-1.4637,1.3107,0.2295,2.026,0.8171
45399.8459,-0.3985,3.1866,-1.1993,3.1383,-1.0247,-5.8911
44825.33418,0.5637,-0.2361,0.1917,-0.2512,-0.2585,0.0047
45284.18032,-0.2889,0.8212,-0.0274,-1.7411,-0.4523,2.1736
44528.79994,0.1868,-0.1893,0.2331,0.5536,0.0799,0.1249
44508.14156,-0.3832,0.3076,-0.3905,0.2756,0.4063,-0.764
44770.50975,0.225,-0.7054,-0.3993,0.1418,-0.3171,0.1855
45345.65461,-1.3498,3.0222,-0.7003,2.0002,0.2764,-4.763
45102.18282,-0.4214,0.536,-0.2079,-1.193,-0.9307,2.1184
44597.98161,-0.1498,0.695,0.2459,0.5753,0.3788,-0.5467
44514.26371,0.5932,-0.02,0.1144,0.1217,-0.0727,-0.0757
45157.06943,-0.0499,3.7323,-0.6107,3.3262,-0.8879,-4.0491
45217.82534,0.9921,-1.3234,1.4882,0.4552,2.8098,1.6735
44463.59722,0.5079,-0.0941,0.0228,0.0625,0.0309,-0.0183
45178.60142,1.3252,2.3862,-0.6594,1.0583,-1.1121,-6.3725
44713.2422,-0.1867,-0.2099,-0.2068,-0.737,-0.1268,0.1441
45312.61301,1.2886,-1.0801,1.3751,-0.2064,2.4115,-0.3486
45463.44582,-0.9471,0.1299,-0.0849,-4.0472,-1.8109,2.8707
45260.89935,2.8813,2.7816,-2.5957,-0.6508,0.89,3.0621
44786.553,-1.0067,-0.2262,-0.0655,-0.5519,0.1872,-0.156
45266.05612,-0.7185,1.7849,-0.1474,2.83,-0.2146,-3.5987
44407.46985,0.2497,0.283,-0.0454,-0.4962,0.0056,-0.7775
45553.16056,-0.5972,1.1917,-0.3517,-0.8339,-0.9817,2.4233
45605.02905,-1.799,-0.6162,0.4303,0.4475,-1.2607,-0.4511
45600.77706,0.7146,2.2571,-0.8412,-4.5313,-1.0018,1.3124
44523.73336,-0.4744,0.3732,0.1285,-0.7798,0.0219,-0.4976
44724.79226,-0.0707,0.3162,-0.015,0.6182,-0.195,0.1261
44622.77095,-0.3922,0.0337,-0.9396,-0.7033,-0.2335,-0.5508
44857.45063,-0.1214,0.0151,0.3849,1.4244,0.2967,0.4495
45034.91702,1.1983,-0.7842,1.1341,0.1899,0.0619,-2.7935
45053.17699,-1.231,-0.4932,0.1804,-0.5708,-1.5687,2.0096
44457.86701,0.0916,0.0101,-0.0917,0.2663,0.2132,-0.283
44547.70899,-0.384,0.4836,0.0173,-0.8166,0.1162,-0.3654
44954.5545,-0.2029,-0.0355,0.0385,0.7431,0.2966,-0.023
45521.76802,0.2557,-0.8721,0.5068,-0.3998,0.2294,4.4394
44790.50353,-0.2443,0.1685,0.2778,-1.0567,0.028,-0.4445
45046.78373,1.016,-1.8722,1.171,-1.382,1.5837,4.1702
44862.39623,-0.2551,0.1406,0.0306,-0.1348,-0.1096,0.1771
44870.56865,-0.0558,0.2013,0.001,-0.0813,-0.2942,-0.0435
45109.51131,-1.4743,3.4394,-1.1494,1.1077,-3.7608,-3.745
44987.12374,-0.0449,0.0063,0.1412,-0.7494,-0.12,-0.0805
45216.31246,1.0362,0.4303,0.005,0.4057,2.523,2.9441
45271.27323,0.8599,-0.6651,0.9579,-0.1125,0.7589,4.2694
45294.15711,1.3935,-0.9609,1.1519,0.6084,3.1494,-1.5891
44922.67937,-0.2494,0.1327,0.0542,0.0785,-0.0861,-0.1444
45139.8498,0.84,-0.8887,0.9156,-0.471,1.1453,4.5702
45287.015,0.9608,0.1139,0.4917,2.6898,1.4062,-4.405
44761.9453,-0.192,-0.2754,0.1559,-0.6154,-0.2714,-0.2205
44758.26621,-0.0647,0.0646,0.143,0.4641,-0.5324,0.5416
44905.76169,0.2352,0.004,-0.6342,0.0193,-0.5784,0.2166
45284.24063,-0.7301,-0.2277,0.3281,-2.3314,-2.0923,2.1917
44493.87659,-0.9396,-0.1281,-0.1235,-1.0231,-0.2531,-0.2336
45037.89246,0.2108,0.0925,0.0842,0.7814,-0.5795,0.3331
44886.37094,0.1714,-0.1772,0.1399,-0.1201,0.1602,-0.5803
44961.33974,0.2708,0.1717,-0.7735,0.6428,0.1619,0.0742
45328.73675,2.1918,2.7159,-2.9683,-2.3924,0.3759,4.0657
45441.13011,-2.1818,-0.8082,0.1193,-1.4649,-2.652,0.5586
44383.28068,0.2041,-0.1001,0.0152,0.1246,-0.3324,-0.1942
44377.12812,0.0385,0.0597,-0.0405,-0.2204,-0.1131,-0.0037
45141.56874,0.6439,1.7075,-0.7865,-4.8046,-0.1422,2.7111
45554.24621,-0.8781,3.0621,-0.2382,3.9788,-0.1039,-4.2242
44667.49413,-0.4706,-0.5812,-0.1544,-0.2488,-0.3565,0.1377
45602.97844,0.7862,-1.77,1.1339,1.4009,2.2818,1.0216
45613.17126,0.2669,1.2523,-1.1791,-2.3098,-0.4708,2.299
45620.4893,0.0539,-0.3782,0.1987,0.467,0.5397,0.5849
45624.16844,0.3098,-0.0916,0.2613,-1.3586,0.0054,-0.1915
44441.64125,0.5475,0.0389,0.0969,-0.0051,-0.2357,0.1518
44391.93672,0.1161,0.144,0.1797,0.6445,0.0422,-0.3394
44392.3891,-0.3953,0.3642,-0.1012,-0.0886,-0.3077,-0.0392
45004.73516,0.2852,-0.0334,0.0885,-1.1466,-1.1755,-0.5659
45538.20315,-2.1456,-0.6672,0.2173,0.3098,-1.0996,-0.4982
45225.5857,1.9362,0.4199,-0.0594,-5.1354,2.3369,-4.5161
45386.87859,-2.1314,-0.6738,-0.0093,-0.1165,-0.9722,-0.0561
45417.60809,0.6449,-1.6172,0.6693,-1.4006,1.6678,3.3932
45466.88365,-1.5348,1.0688,0.0252,2.2831,0.4725,-3.083
44532.4792,0.5621,0.0324,0.1855,0.901,-0.013,0.5236
44769.00192,-0.1818,-0.278,-0.0612,-0.5678,0.0105,-0.7317
44998.31181,-0.0613,0.3038,0.1984,0.1005,0.6235,0.6032
45187.1358,-2.306,-0.7781,0.5402,-1.4817,-1.856,0.2083
44454.36855,-0.7178,0.1461,0.2011,0.7981,0.6561,-0.279
45504.24722,-0.8255,0.4027,-0.0328,0.8847,-1.3729,1.3787
45517.908,-0.8713,0.616,-0.423,-2.7648,-0.2437,2.0391
44519.48106,0.5946,-0.022,-0.2573,0.1155,-0.2406,-0.031
44616.79978,0.5763,-0.4737,-0.828,1.5595,-0.1687,0.8153
45029.88586,0.5458,-1.9126,-0.2948,-5.1394,-0.0946,-0.4474
45060.98765,-1.6966,-0.8905,-0.0393,-0.0785,-1.5303,-0.6495
45120.48883,-0.1741,0.53,1.6101,-3.506,-3.4695,-2.8064
44699.24941,0.1452,0.5847,0.3751,-0.3226,-0.4344,-0.3144
45425.5694,0.51,-1.5258,0.6781,-1.1205,1.1638,3.6593
44949.63905,-0.0878,0.0977,-0.0889,-0.6124,-0.5294,0.0396
44407.25871,-0.282,-0.106,0.2311,0.9618,0.3389,-0.2148
44923.40313,0.155,-0.345,0.2773,-0.3999,0.0325,-0.296
45492.15458,0.5232,1.8174,-0.8111,-3.4861,-0.8635,1.4613
45572.9128,0.7543,-1.2579,0.7535,0.7067,2.2434,-1.6118
45162.58813,-1.2244,1.9572,0.3857,0.3572,0.7982,-2.6541
44775.12373,-0.0192,-0.5596,0.0171,0.4873,0.2182,0.2263
44846.17219,-0.0176,0.0279,-0.0462,-0.249,-0.1373,-0.0864
45027.02096,-0.5742,0.662,-0.7711,0.4984,-1.7825,1.097
45315.65882,1.6763,2.899,-1.0231,3.3468,-1.9507,-5.3918
45074.61858,0.8319,-0.8664,0.0671,-0.3294,-1.8261,3.8305
44611.64286,-0.3732,1.9922,-0.7578,-1.2625,0.1444,-2.2546
45627.33491,0.0197,0.0237,-0.0014,0.071,0.0347,0.0073
44802.68673,0.1238,-0.3437,0.2002,0.5095,0.1594,0.3928
45147.14776,-0.2119,1.1627,-0.7367,-1.4624,0.1409,1.7346
45149.108,1.5854,3.649,-1.25,3.0541,-1.2651,-5.647
45326.59062,-1.9171,-0.4483,0.0763,-1.593,-1.9487,0.4096
45505.09163,-1.2966,-0.2795,0.0624,-3.804,-2.134,1.9402
44957.32889,1.8553,-0.6375,2.1968,0.2792,1.6293,-1.6394
44636.88461,-0.3362,0.5936,1.1244,-2.0913,0.28,-1.152
44425.11367,0.4936,0.5348,-0.2938,-0.1541,-0.2662,-0.6433
45502.37756,0.7074,-1.8395,1.2573,-0.5883,3.2167,1.6003
44386.32679,-0.2818,0.3059,-0.1769,-1.0553,-0.4576,0.7232
45005.30814,-0.0958,-0.0099,0.1923,0.0271,1.1989,1.031
45083.57517,-1.472,-0.8014,0.2168,1.4605,-0.4955,-1.4292
44674.21915,0.4077,0.6361,0.0544,-0.9635,-0.0391,-1.0299
45168.43856,0.8304,-1.2609,1.1245,-0.9964,1.4809,2.9356
44583.17432,-0.6407,-0.6286,0.5341,0.0339,-0.2357,0.4085
44826.29918,0.1885,0.0016,0.1691,0.0917,0.003,-0.0582
44989.32515,0.2215,-0.3525,0.0682,-0.2984,-0.3441,0.5548
44690.50386,-0.8697,0.1318,-0.0645,1.3131,0.9172,0.2112
45116.67384,-0.2161,4.1882,-0.3052,3.3716,0.5949,-4.2893
45143.04642,1.0804,-0.2151,0.4487,1.723,-0.1446,5.3955
45254.92828,1.7512,2.8156,-0.9039,4.0416,-1.7606,-5.7318
45335.22044,-1.1869,-0.0861,-0.3473,-3.9126,-1.5255,1.9136
44516.76683,0.2951,0.2966,0.001,1.1881,0.3393,-0.3226
45036.80683,0.1681,-0.1719,0.3749,1.2351,0.2084,0.5502
45032.85629,0.2083,-0.0407,-0.5246,-1.9533,-0.5505,1.4913
45081.07217,-0.9739,-0.4897,0.1251,-2.6184,-2.3704,1.4758
45470.62301,1.1879,2.1622,-1.8639,-3.7057,0.437,2.0077
44890.01992,-0.1882,-0.1001,-0.0623,0.7865,0.1572,0.7044
44953.34827,0.2724,0.018,0.1696,0.2902,0.0483,0.2184
45133.99929,-0.1856,3.4494,-1.0474,4.3582,-0.6721,-3.6557
45561.936,-0.4863,1.1158,-0.8005,-4.0743,-0.2854,1.5141
44375.25824,0.11,-0.1152,0.1183,0.4147,-0.7256,-0.2107
45178.69187,1.9166,-0.2095,0.4229,-4.6597,2.0751,-3.3548
44894.66407,-0.2897,-0.1649,-0.3708,0.4503,-0.1008,-0.1141
44660.7389,0.188,-0.2912,0.1201,-0.7316,-0.4775,-0.1259
44967.09971,0.0225,-0.0525,-0.0708,0.2005,0.4196,0.3558
44978.67987,-0.1646,-0.1951,-0.1638,-0.4205,-0.1416,0.2225
45164.94036,-1.1928,-0.394,0.5976,1.1966,-0.1948,-2.8091
44611.55239,-0.2189,-0.5914,0.0126,-2.5595,0.3942,0.1992
44618.94094,-0.2275,0.504,0.3799,0.0741,-0.5192,-0.2011
45238.4024,1.1652,-1.638,1.066,1.3074,2.779,-0.1471
45366.28166,-1.844,-0.066,0.328,-1.0499,0.4398,-2.188
44481.20993,-0.14,-0.6839,0.0816,0.9273,0.3471,0.3242
44897.31785,0.4992,-0.0153,0.2168,0.0165,-0.4455,0.1577
45627.93802,0.0077,-0.0262,0.0289,-0.0095,-0.0141,0.0175
45362.42162,0.9958,1.8582,-0.9376,1.5343,-1.252,-5.5729
45028.04632,0.2836,1.073,-0.1024,0.3149,-1.2435,-5.168
45358.5616,0.8969,-1.6467,0.7605,-0.1735,2.0874,-0.1274
45167.26246,-1.9783,-0.7034,0.4056,0.2611,-1.2686,-0.7487
44857.29984,0.0645,-0.302,0.0518,1.6848,0.1685,0.7591
44870.29723,-0.0036,-0.0396,-0.0839,0.1367,0.2774,0.2606
44795.78092,-1.6149,0.8273,-0.6013,-1.241,0.7872,0.5482
44479.15914,-0.1967,0.02,-0.6364,0.7016,-0.1844,0.428
44622.16778,-0.4726,0.6772,0.1565,-0.8266,-0.17,-0.697
44962.51586,0.1243,0.2087,-0.3485,0.16,-0.3972,0.8438
45176.24918,1.6825,0.8807,-0.0461,-0.5067,0.518,-5.0992
45600.44531,1.118,0.5455,0.4942,-2.0818,2.5502,-3.2581
44574.66992,-0.4831,0.0433,-0.2349,-0.3095,-0.4402,1.0772
45271.72558,-0.2019,3.1325,-0.5566,1.276,-0.9579,-3.9517
45166.14666,0.8275,-0.5624,0.6181,0.3144,-0.0793,4.7589
45302.90256,1.7932,1.0624,-0.1191,-3.1316,-0.4769,-4.573
44478.01311,0.2908,0.3119,0.0878,-0.838,-0.1155,-0.5126
45347.82587,-1.5333,-0.4072,-0.1962,-3.6819,-1.875,2.1081
45430.4849,2.9092,2.867,-3.0191,-1.8348,0.6217,2.9623
45086.59088,-1.1492,-0.8186,0.2917,-2.7061,-1.9805,0.87
45455.06233,0.7572,-1.0612,0.8963,-0.3881,2.6827,-2.179
44623.55504,0.3555,0.0622,-0.0111,4.3691,-3.5344,-1.8545
45495.53208,-2.0765,-0.5826,0.1884,-1.7861,-1.5945,0.6142
45572.8525,0.9975,0.0366,0.5748,-4.7517,0.9982,-3.5887
44562.1847,-0.239,-0.0727,0.0839,-0.2155,-0.6758,-0.2272
45000.36244,0.13,-0.0058,0.295,-1.7764,-0.1107,-0.7555
45232.94397,0.81,-0.7977,0.9141,-0.3457,0.7467,4.3428
44803.71204,-0.3532,0.0684,0.2079,0.6937,-0.0002,0.3266
44776.4506,-0.0076,0.4389,-0.0673,0.0863,0.0985,-0.1184
45056.97678,-0.7453,0.2394,-0.167,-1.9098,-0.973,2.0572
45347.19256,-2.1238,-0.2,0.3239,1.044,0.0965,-2.9954
44859.4108,0.2292,-0.0853,-0.0067,-0.5746,-0.1902,-0.0915
44896.98612,0.2592,0.3328,-0.043,-1.7056,-0.6443,-0.8717
45095.06534,0.9542,1.8229,-1.0961,-4.5353,-0.0333,1.5518
45108.57641,-1.5743,-0.9244,0.2216,-1.5645,-1.5796,0.4852
44462.84323,-0.7658,-0.3095,0.2729,-0.6082,0.2984,0.063
44819.60447,0.5506,0.1547,-0.1836,0.0266,-0.1662,0.2282
44851.50984,0.5683,-0.2709,0.3233,-0.1481,-0.0483,0.1251
44992.25033,-0.0491,0.1506,-0.2309,-1.1367,-0.0523,0.1388
44519.23979,1.0491,0.953,-0.9933,1.0086,-0.3883,-0.9775
44589.20581,1.2889,-0.8583,-0.5833,1.4346,0.0503,0.9023
44371.75971,1.2595,0.8751,0.4412,0.3644,-0.2023,-0.332
44668.73055,-0.3315,-0.0823,-0.2528,-1.2377,-0.4562,-0.244
44758.35666,0.9431,-0.3218,0.363,1.6536,0.086,0.3359
44903.83169,-0.3648,-0.1447,-0.0675,-0.1466,0.2247,-0.1488
45126.6711,-1.3277,-0.465,0.2911,-2.9674,-2.4254,1.1637
44511.1272,-0.2572,0.2581,0.5002,-1.3623,0.0835,0.3086
45150.7063,0.173,3.485,-1.3558,3.0165,-0.8707,-4.0076
45480.6952,1.1833,-1.1858,0.3687,-1.8361,3.229,-3.0271
44784.23097,0.415,0.1591,-0.1274,0.7709,-0.0871,-0.167
44450.83989,0.2917,0.1477,0.2658,1.7747,0.7023,-0.2229
44388.49836,-0.5072,0.1467,0.0831,0.1893,0.4065,0.1387
45091.26538,-0.8784,-0.1617,0.0396,-3.1889,-1.8491,1.8961
45333.50149,2.2617,2.4839,-2.7105,-3.3014,0.5194,2.1789
44903.68091,0.097,-0.1613,0.504,-0.2258,-0.1468,-0.4458
44846.14204,-0.0206,0.1658,-0.0663,0.4128,0.3224,-0.1366
44990.10922,0.1138,-0.1543,0.4513,-0.0967,-0.5266,0.0607
44994.12005,-0.0103,0.0038,0.0848,0.2986,-0.3282,-0.0197
45239.97053,1.5267,-1.2058,0.9084,-1.5474,2.7274,-1.4624
44586.40118,-0.5542,-0.3554,0.1914,1.0691,0.3679,0.9491
45531.59893,-0.589,0.6987,-0.1468,0.1533,-1.2214,1.274
44767.61474,-0.1863,-0.2324,0.6041,-0.8517,-0.1664,0.4014
45587.65915,2.452,2.4127,-2.2449,-2.7608,0.9803,3.1734
44613.03011,0.5772,-0.4239,0.6215,-0.6475,0.7523,-0.5915
45382.0837,-2.3731,-0.679,0.1506,-1.7902,-1.6977,0.3877
44442.60638,0.1368,-0.2948,-0.002,0.4569,0.1657,0.4945
44425.77718,0.7444,0.1385,-0.081,-1.0399,-0.3081,-0.6244
45385.91356,-0.5712,0.8791,-1.1377,-2.7205,-0.0787,2.5902
44601.63066,0.6519,0.2634,-0.4286,-0.4684,0.3206,-0.8554
45146.66525,-0.3008,3.0812,-1.3577,3.7527,-1.3914,-4.2919
45016.828,0.1761,0.1807,0.2735,-2.5169,1.0901,-2.7455
44749.6414,0.0633,0.2208,0.0363,-2.9241,-0.2937,0.1368
44370.55337,0.0371,-0.7479,-0.4791,-0.2506,-0.2414,0.3835
44627.56594,-0.5914,0.7743,0.1002,-0.3237,-0.1068,-0.9323
45002.50356,0.2479,0.7742,-0.1986,-0.778,-0.4872,-0.2501
45022.46729,0.0387,-0.3808,0.5539,-1.8601,0.6586,3.2214
45465.6774,0.8211,-0.6478,0.5846,0.9086,1.2119,5.3126
44496.68132,0.0857,0.6038,0.4046,-0.8883,-0.1585,-0.0948
44706.72836,-0.0345,-0.8753,0.6466,0.0244,-0.2942,0.039
45445.80437,-1.0149,0.304,-0.5291,-2.6295,-0.6705,2.3719
45383.16932,1.0078,-0.6993,0.0326,-2.5539,2.1301,-3.0105
44361.23409,-0.0739,0.4881,0.0054,-0.2644,0.1749,0.1011
45142.32263,2.9391,2.6332,-2.5126,-1.5334,0.902,3.1734
45468.08988,0.5492,-0.9694,0.6163,0.1934,1.5873,4.7583
45174.43978,-1.8041,-0.7482,0.4552,0.9656,-1.4282,-0.364
45532.29255,2.3867,2.2795,-1.1039,-3.9249,-0.0955,4.4089
45061.10828,-0.9384,3.1609,-0.2986,0.7005,-0.6303,-2.9916
44574.21755,-0.6942,0.0164,-0.2435,1.8619,1.3656,-0.4767
45255.53141,-1.5998,-0.9138,0.5565,0.2694,-1.5332,-0.1336
44417.51332,-0.208,0.1588,-0.0762,-1.4304,-0.4766,-0.1919
45498.21599,1.1188,0.7012,-0.113,-0.9809,0.7266,-4.3196
45515.25424,0.8606,-1.6304,0.7977,1.0505,2.2024,1.6601
44625.57553,-0.0863,0.2532,0.0466,3.8825,-2.4438,-2.3401
44523.52227,-0.2146,0.364,0.1755,-0.1213,0.0306,-0.1758
45315.23663,3.3757,3.1308,-2.5639,-2.6178,0.343,3.3657
44637.36713,-0.2939,0.8692,-0.4698,1.0446,-0.319,0.0038
44442.06349,-0.2972,-0.0691,0.0681,0.1437,0.1792,-0.2043
45416.79387,0.7105,-1.7149,0.7379,-0.2192,1.6967,1.6889
45180.95365,0.5099,4.0067,-1.083,2.0339,-1.5894,-5.2945
44537.30453,0.0323,-0.3531,0.2674,0.4874,0.0664,0.7675
45015.19955,0.8172,0.7922,-0.236,-10.5785,-2.8189,3.504
45048.23127,1.4989,-2.0236,1.2356,0.3534,2.5336,-1.9609
44712.18672,2.0514,-1.327,1.0257,2.7334,-0.1955,-0.0306
45304.50086,2.0081,0.8789,-0.1597,-4.4955,0.2213,-5.0242
45427.74065,1.2536,1.1554,-0.6545,0.9,0.1277,-5.081
44455.5146,-0.1109,0.8395,-0.7565,-1.388,0.0839,-1.3632
44547.10586,-0.3564,0.9474,-0.6994,0.1719,-0.2048,-0.1761
44640.29239,0.0229,0.0647,-0.3228,0.7337,0.1924,-0.5768
44979.52424,-0.0252,-0.2401,0.0979,0.3488,0.2003,-0.3633
44614.05542,-0.0156,0.21,-0.2819,0.3337,0.2229,-0.2038
44708.02507,-0.5219,-0.4601,0.4223,0.6643,0.3071,0.2315
44802.23437,0.2122,-0.1112,0.3471,0.4777,0.1065,-0.3243
44527.44282,-0.1447,-0.4453,-0.2844,-0.3848,-0.216,-0.0112
44993.72801,-0.1777,-0.0562,-0.3717,-0.6669,-0.1377,0.4511
45042.94377,0.7071,-1.2698,0.6384,1.8551,0.0441,-1.4235
45418.45249,0.6068,-1.0309,0.1921,-0.616,0.2117,4.8604
45526.8041,-0.8188,-0.5987,0.3379,-4.1787,-1.8106,1.4309
44572.80017,0.414,-0.4699,-0.6755,2.3653,0.0137,0.6016
44744.72587,0.2074,-0.1459,0.1137,-0.5498,0.0459,0.0569
44876.02706,-0.3588,1.8285,-1.4276,-4.0283,-0.2736,-3.6357
44950.27231,0.1484,0.0705,-0.1486,-1.2674,-0.1751,-0.257
45165.78478,-0.7106,2.8475,-0.4196,1.4745,-0.0888,-3.5567
45413.95916,-2.1486,-0.6431,-0.0244,-0.7663,-1.3754,-0.1551
44812.97007,0.0331,0.0125,0.065,-0.6232,-0.0778,-0.0853
45591.24769,-1.2206,-0.9383,0.3761,-3.7517,-1.8424,-0.0865
45318.77502,-0.7327,0.7659,0.4975,1.0038,-0.136,-2.6913
45059.2687,-0.6515,0.6339,-0.2483,-1.3808,-1.9367,1.3758
45246.63518,-0.4403,0.5451,0.043,-0.4511,-0.4825,1.9237
44636.61318,-0.0125,-0.2705,0.6099,0.3355,0.2783,0.141
44657.54227,0.3101,-0.3022,0.7987,0.812,0.5634,-0.1985
44385.02991,0.1217,0.0065,-0.1234,0.1479,0.1224,-0.0154
45144.9463,-1.7109,-0.8497,0.2301,-1.8459,-1.0342,-0.5989
44500.78289,-0.4338,0.6225,-0.0357,0.2324,0.1099,-0.4828
45119.9158,2.0989,0.3282,-0.524,-3.1043,-0.8007,-7.0418
45172.90179,-1.1222,-0.4769,0.498,2.0026,-0.0027,-2.0612
44974.94047,0.039,-0.5008,0.5049,0.2489,-0.4295,0.1485
44787.36727,-0.0694,-0.44,0.1751,0.3909,0.4947,-0.3333
45567.81644,-1.3912,0.1214,0.1264,0.2732,-1.0695,-2.3249
45354.00795,2.2519,2.5881,-3.0193,-3.8982,0.0332,2.3371
44789.23697,-0.0776,0.1387,-0.676,0.0821,0.1498,0.0413
44943.24591,1.3415,0.0814,-0.0009,-0.2929,-0.7412,-0.1476
45059.17822,2.4383,2.6991,-1.6411,-6.7307,-0.3532,2.2268
45174.22869,0.3147,1.5945,-0.8912,-1.6597,0.3689,1.4665
45247.66052,-0.9128,-0.5294,0.6272,1.2055,-0.1277,-2.2942
45106.67642,0.8758,-1.4557,1.1523,-1.5261,1.1447,2.495
45589.49867,-0.9859,-0.3168,0.2169,-0.0116,-1.3625,0.923
44778.95357,0.8017,-0.8639,-0.1889,1.4112,0.1572,-0.4243
45095.5177,1.6748,0.3891,0.0309,-1.71,-0.0627,-4.7349
45414.65275,-1.1663,0.1045,-0.3813,-1.7543,-0.9147,1.8365
45083.75611,1.6591,0.671,-0.1476,-0.4313,0.1029,-5.5514
44579.94747,0.7355,0.0589,0.0806,0.2504,-0.1859,-0.0144
45023.88467,0.4927,-0.5491,0.373,-4.1193,2.5607,3.5803
45313.48756,0.8742,-0.8739,1.1699,-0.6547,1.0111,3.9839
44605.64159,0.4735,-1.0448,0.2373,1.2048,0.3564,0.8155
45387.45157,1.7353,2.1805,-2.4287,-2.2093,0.9096,2.9865
45313.87959,-1.392,-0.8149,0.5425,-0.0262,-1.1082,-1.2228
44767.01159,-0.0642,0.0033,0.0704,0.4321,0.5806,-0.1122
44419.56422,-0.3702,-0.178,-0.0608,0.442,-0.0127,0.1936
45148.71594,0.8807,2.2451,-0.9307,-2.636,-0.3415,2.0386
44966.91878,-0.1648,-0.0233,-0.0161,0.4858,0.8601,-0.0887
45180.35053,1.4858,-1.0287,1.3832,0.6034,1.705,-1.8395
44973.52308,0.1414,0.262,-0.1252,-0.4148,-0.2991,-0.0397
44536.85214,-0.2761,-0.0531,-0.2206,-0.9211,-0.0012,-0.6263
45368.78466,1.1029,1.9437,-0.7448,1.4284,-0.4149,-5.2983
45417.15574,-2.1173,-0.7132,-0.3122,-1.5756,-1.6876,0.1581
45435.97337,0.3801,-1.2142,0.6081,-0.3345,0.7617,4.1579
45515.52566,-0.9095,0.1519,-0.0815,-2.9577,-1.1638,2.9165
45615.4933,0.7864,-0.2958,0.2042,-0.0643,0.5309,-3.4599
44935.28465,-0.1876,0.0101,-0.0606,-0.3399,-0.4646,0.3934
45099.19707,-2.0069,-0.7749,0.3142,-0.0438,-2.0526,-0.1538
45294.76023,0.6549,4.2362,-1.197,1.8424,-2.3428,-5.2576
45351.38432,1.3794,-1.1601,0.3961,-0.5297,2.5948,-1.5263
44907.87263,0.2353,-0.1753,-0.2843,0.1058,-0.2561,0.0319
44783.38659,-0.2797,-0.0083,0.0825,0.9778,0.2598,0.208
44632.99429,0.1449,-0.19,-0.4134,0.4334,-0.4283,0.1765
45461.7872,-0.8485,0.6122,-0.4141,0.8229,-0.206,1.5017
45549.05935,0.6355,-0.8296,0.4085,0.8529,-0.3712,5.0601
45380.51558,-2.184,-0.7361,-0.1311,1.2115,-1.198,-0.6272
44524.27621,0.3331,0.2009,-0.0058,0.1136,0.1883,-0.2888
45277.72675,1.2867,1.9084,-1.0203,-5.8118,-0.1738,2.3844
45492.21489,-0.8541,0.5752,-0.2731,0.6013,-0.3418,1.3614
44595.47855,-0.2105,-0.3994,0.292,-0.8966,-0.1207,0.16
44445.20011,-0.1999,-0.6591,0.0131,0.5145,-0.1238,0.6196
45202.81731,1.9474,2.2222,-0.203,5.4588,0.6855,5.4247
44717.4642,0.7576,0.2999,0.6736,0.0048,0.2249,-0.109
44421.22302,-0.2147,-0.5151,0.2201,-0.0616,0.1491,0.314
45004.97643,-0.0391,-0.1392,-0.2861,-0.5999,1.2599,-0.0197
45414.50199,1.0445,1.4423,-1.9642,4.8348,2.1821,5.3463
45250.61586,-0.2693,0.6106,-0.0551,-1.368,-0.3888,2.3062
44700.63663,-0.6518,0.4489,-0.9741,-0.6949,-0.0724,-0.8672
44621.56462,-0.272,-0.2142,0.1665,-0.7766,0.21,-0.8706
44923.82531,-0.4273,0.4612,-0.0192,-1.3035,-0.6747,0.0548
44470.53375,0.0813,0.1498,0.3406,-0.269,-0.2386,0.2808
44890.62307,-0.1618,-0.3455,0.3834,0.7229,0.4786,-0.073
45311.07502,0.878,-0.9954,1.2404,-0.7657,1.7729,2.3712
45199.10804,-1.3764,-0.8023,0.5105,2.1126,-0.5843,-1.7146
44761.58343,-0.1375,-0.1844,-0.121,0.4225,0.147,0.2182
44597.58956,0.0752,1.3034,0.7276,-1.9774,-0.1124,-0.9986
44849.48938,-0.1612,-0.0203,0.0106,1.169,-0.0247,0.7837
44931.24375,1.2863,1.2493,-1.022,-0.1455,-0.9401,-0.8837
45225.79679,0.7139,-0.5327,0.7941,-0.2206,-0.5582,4.8883
45138.94507,1.4145,-1.5342,1.1143,0.6411,2.9176,-2.7535
45371.01626,-2.1185,-0.6502,-0.0054,1.8064,-0.6773,-1.1584
44962.27462,0.1512,0.1965,-0.4047,-1.5741,-0.3753,-0.1241
45194.13217,-0.6303,0.3496,0.1571,-2.2033,-1.1698,2.3132
45385.31044,-2.1197,-0.7569,0.1127,1.2342,-0.5394,-1.0843
44756.81868,0.7722,0.699,-0.7887,-0.7695,-0.9078,-0.619
44943.87918,0.3838,-0.0323,0.031,-0.5947,0.1219,-0.2796
44982.60024,0.1188,0.2146,-0.2288,-0.5786,-0.2069,0.0271
45388.14514,0.7652,-1.1656,0.6646,-0.842,1.4923,3.5284
45606.56702,-1.6554,-0.7805,0.2008,-2.5449,-2.5389,0.2179
45594.62518,-1.3492,-0.3455,0.5049,1.3453,0.8008,-2.1459
44915.5625,0.1236,0.8935,-0.4272,-1.0602,-0.2212,-1.2132
44857.54108,0.6512,-0.408,0.4173,1.0083,-0.2225,0.2772
44782.08984,0.3684,-0.252,0.193,1.3105,0.1218,0.1636
45026.74957,0.1159,0.067,-0.0713,-1.2287,0.2966,0.9381
45613.38235,-1.5374,-0.4506,0.1305,-1.9999,-1.4275,0.3788
45401.23311,-1.3598,-0.2506,-0.108,-3.4195,-1.9384,1.8106
44466.1909,-0.3021,-0.0084,0.4554,0.3278,0.1019,0.0317
44449.66369,0.3148,-0.1491,-0.1677,-0.9491,-0.5336,-0.3351
45438.35573,0.8741,-1.2998,0.7504,-0.7848,1.3457,2.7028
44464.62261,-0.2899,0.4534,-0.487,-0.4215,0.2564,-0.3435
44960.25411,0.6395,-1.0773,0.4442,0.8736,0.4827,1.6695
45415.82887,1.0736,0.3846,-0.143,-1.6683,0.3745,-4.3669
45529.84988,1.7691,2.2625,-0.2787,4.5892,1.8437,5.8162
44814.80962,0.1287,-0.392,0.9683,0.5847,0.6232,0.1321
44437.38873,0.1377,0.0936,0.3355,0.2141,0.2466,-0.1096
44876.69051,0.0905,0.5873,-1.7431,-1.815,-0.8133,-1.7363
44906.63619,0.4709,-0.0808,-0.1229,0.7386,0.0126,0.6219
44845.14688,0.7888,-0.4617,0.2246,0.4505,-0.0828,-0.1075
44671.80656,-0.0192,0.1179,-0.3479,-0.1565,0.0316,0.161
45097.9304,1.6137,-0.2726,0.4843,-3.8004,1.6449,-4.1623
45229.92831,0.0604,1.3541,-0.3724,0.4554,-0.1329,1.2173
45272.41917,-1.6329,-0.7486,0.7114,-0.8804,-1.0913,-1.2345
44978.55927,0.2022,0.2702,0.1275,-0.6512,-0.7727,-0.4521
45049.04551,0.7841,-2.1403,1.1372,-0.3428,1.7745,2.9761
45486.45507,0.4442,-0.9347,0.4276,0.0973,-0.5106,4.8698
45509.37377,-0.2164,3.7839,-0.6989,2.8362,-1.5059,-4.5934
45561.99631,-1.3978,-0.1552,0.1261,-3.3447,-1.3479,1.2782
44380.98855,0.126,-0.3452,0.0224,0.4275,0.2218,0.0948
44877.26352,-0.1445,0.621,-0.1995,-0.4463,0.1186,-0.1831
44786.07052,-0.3005,-0.1175,-0.2284,0.1509,0.158,-0.119
45066.11434,1.9789,2.1286,-0.8045,4.4482,2.2881,5.9274
44714.59927,-2.1958,0.5838,-0.437,-0.5861,0.1775,-0.7829
44900.63509,0.1783,-0.0002,-0.1912,-0.0611,-0.0524,-0.3005
44768.79083,-0.061,0.3891,0.2245,-0.2264,0.1153,-0.3369
44691.07688,-0.5951,0.0065,0.6065,0.1964,0.2004,0.567
45214.52316,-0.1346,-0.2108,-0.3867,-1.178,-0.3681,-1.1942
44580.8522,1.8171,-0.806,-0.3589,3.132,-0.5916,1.4847
45606.89872,1.1121,-0.9291,0.3134,-0.6485,4.0532,-1.6942
45623.56529,-0.0638,-0.0679,-0.0131,-0.2642,-0.4639,0.3957
44966.40612,-0.2171,0.1304,-0.0966,0.0604,0.8301,0.2378
45277.24426,-1.0112,0.4012,0.675,0.6274,0.2467,-2.6322
44586.85355,0.4746,0.5882,0.1015,0.1426,-0.0481,-0.9301
44514.23352,0.1917,-0.4471,-0.0741,-0.3411,-0.0608,-0.2463
44669.30352,-0.358,-0.4307,-0.198,0.7482,-0.3992,0.8863
44699.06847,0.2316,-0.1884,-0.092,-0.22,0.0716,0.1409
44570.65896,-0.0117,0.3434,-0.2222,-0.552,-0.4247,0.1796
44670.99232,0.5206,0.3348,-0.759,-0.0874,-0.4835,-0.831
44773.88729,0.0035,-0.4762,-0.1864,0.5595,-0.0159,0.3766
44810.97971,-0.5554,0.3826,0.2926,0.9524,0.0779,-0.0447
44818.48869,0.3405,-0.6026,0.8874,0.2704,-0.3084,0.0681
44851.78126,0.2202,-0.1065,0.1192,0.0909,0.3265,-0.2098
45049.76925,1.3053,-1.9934,1.0635,0.4204,2.5974,0.0237
45042.28031,0.776,-0.5756,1.0402,-0.5198,0.8596,7.0034
44708.77902,0.3403,-0.2238,0.3364,0.1754,0.1186,0.3471
45181.34572,2.2262,2.6005,-2.1599,-1.3532,0.7431,3.827
45311.4972,-1.0197,-0.806,0.7063,1.4491,-0.9791,-1.1354
45619.37349,-0.0543,0.0479,0.2092,0.1683,-1.0069,0.1537
44618.0362,-0.488,-0.0159,0.4175,-0.2612,0.0185,-0.2039
45033.49464,0.3646,-0.6816,1.0175,-0.2352,0.5252,2.5134
45146.3637,-0.4383,0.9825,-0.4619,-4.6049,-0.3579,2.0584
45065.54135,-1.2071,-0.6438,0.1806,-1.8149,-1.7298,1.0795
44910.16452,0.2851,-0.1002,0.1144,0.3247,0.1952,-0.2265
45031.34345,0.0433,-0.1453,0.0331,-0.1602,0.0008,-0.189
45298.22827,0.8864,-0.901,1.2613,-0.5523,2.3389,3.21
44983.05257,0.3142,-0.074,-0.0631,0.6652,0.3481,1.3292
45307.5467,-0.8096,0.5546,0.4813,-0.8659,0.0812,-3.2001
45298.52983,-1.1903,-0.4401,0.4796,-2.5332,-1.7445,0.749
44427.25498,0.9308,-0.5008,0.2502,0.9507,0.2873,0.8222
44585.16471,-0.6486,-0.0928,1.2477,-0.755,0.217,-0.1517
44724.09866,-0.1191,-0.831,1.4163,1.3565,0.7763,0.6659
44795.56983,-0.0112,-0.5561,0.6667,0.8599,0.1109,0.8581
44962.24447,-0.075,-0.1489,0.006,-1.2448,-0.3354,-0.2613
45043.0644,0.1003,-0.452,-0.2353,4.3636,-0.4075,0.5101
45434.46553,3.201,2.1313,-2.9645,-0.5647,1.3894,3.7109
45333.1396,1.2235,1.6673,-1.2519,1.9339,-1.9166,-4.6586
45295.57449,0.9986,3.5632,-1.1878,4.3227,-1.984,-5.5801
44387.9253,0.9008,-0.9474,0.8888,-1.2053,-0.5471,0.4742
44790.14165,-0.0278,0.5167,-0.114,-0.0309,0.018,-0.4668
44925.60453,0.6639,1.008,0.1211,0.0844,-0.3569,-1.216
45553.19074,-0.8778,0.6204,-0.0496,-1.2505,-1.9084,2.3409
45283.45654,-0.8046,-0.6054,0.4325,-2.2409,-2.2514,2.1232
44885.76779,-0.346,0.118,-0.0155,0.6994,-0.2276,-0.0131
44938.60185,0.0906,0.0092,-0.0066,0.0129,-0.4316,-0.0209
45142.11156,1.3748,-1.2656,1.3677,-0.6266,2.1712,-1.8451
45423.63941,-1.4278,0.1271,-0.0659,0.02,-0.5092,-2.7232
45555.45245,1.3908,1.8398,-1.3617,5.8651,2.6488,5.2516
44821.23288,-1.4042,0.3059,-0.7972,-0.8697,-0.6816,-0.5191
45374.81595,-0.7964,0.6977,-0.8226,-2.5466,-0.4853,2.2397
45387.63251,-1.8049,-0.5297,-0.0267,-2.8061,-1.5894,0.737
45594.53472,-1.9753,-0.6907,0.3805,-2.1483,-0.8886,-0.1019
45200.61588,-0.8576,-0.4379,0.4308,-3.8752,-1.9606,1.9468
44491.46387,0.0794,0.3352,0.485,-0.7859,-0.2237,-0.1604
44709.62341,0.1211,0.1495,0.6347,-0.875,-0.6955,0.4905
44738.51359,-0.2989,-0.868,0.3806,-0.2866,-0.2588,0.5705
44507.59871,-0.1825,-0.4895,-0.0673,0.396,-0.0212,0.5111
44560.55618,-0.3275,-0.3228,-0.1907,-1.2016,-0.397,-0.8222
44762.03575,-0.2608,-0.489,-0.0192,-0.7683,-0.9299,-0.1796
45345.0213,0.7624,-0.3723,-0.0807,-2.2333,2.2874,-3.9523
45294.94117,1.5478,-0.809,0.9647,-0.3279,2.6454,-1.5749
44383.06956,-0.1106,0.071,-0.0615,-0.0948,0.225,-0.0224
45064.99853,1.7149,2.9434,-1.1953,2.5447,-1.7879,-5.6825
44409.43031,0.2835,0.0143,-0.048,0.6394,0.3166,0.0006
45290.38255,-0.2971,-0.1355,-0.8868,0.2561,1.5737,1.5442
44546.89474,0.0328,-0.1608,0.3049,-0.878,0.0248,-0.2271
45403.07266,1.3865,1.736,-1.0228,0.8639,-0.6697,-5.2774
45297.32359,1.5286,-0.1975,0.7581,-1.8484,2.789,-2.5148
45426.23282,0.9387,-0.6694,0.3606,-2.3776,1.9409,-2.7871
45464.44095,-1.9913,-0.2596,0.2896,1.199,-0.2612,-2.4599
44490.07661,-0.2686,0.251,-0.2186,-1.0142,-0.0085,-0.404
45034.70089,-0.7557,2.3706,-1.1908,3.0092,0.6903,-1.7884
45481.78084,0.4142,2.0733,-0.9792,-3.216,-0.2252,2.1446
44882.81239,0.5446,-0.0759,0.1157,-0.3942,-0.4259,-0.0941
45105.62088,0.2003,3.8877,-1.4879,3.1187,-1.7084,-3.5131
44605.88286,0.3073,0.1364,-0.0701,-0.167,-0.3202,-0.0919
44803.62156,-0.0475,-0.2678,-0.0837,0.1584,-0.1651,0.7749
44956.21308,0.8444,-0.4949,-1.7618,0.6735,0.4764,0.4617
45304.01836,3.6154,2.7933,-2.4138,-0.7808,1.3169,4.0192
45306.069,1.9224,2.2464,-0.5412,0.6719,-0.09,-5.9236
45465.58692,0.6,-1.7299,1.1214,0.2799,1.8619,1.8641
45344.7499,-1.9483,-0.8833,0.1599,-0.2513,-1.0612,-0.2302
44458.8321,0.1502,-0.1047,0.2201,-0.3001,0.0893,-0.0323
44463.20514,0.2675,0.2497,-0.2877,-0.2646,-0.0912,-0.547
45198.8668,0.4556,1.5822,-0.773,-3.9399,0.3263,2.1349
45398.66983,0.1214,1.5769,-1.2747,-2.3459,0.0943,1.824
45264.91017,1.8592,2.0964,-1.5512,-2.6989,0.6272,2.5805
45352.10807,1.1385,0.4236,-0.4108,-3.3801,0.1153,-3.9882
45247.2383,0.8238,-0.7004,0.8612,-0.565,0.6138,4.2463
44522.07467,0.2216,-0.1,-0.1378,1.0074,-0.0821,0.3991
45512.60052,-0.0431,4.056,-1.2173,0.899,-0.6555,-4.6933
45623.26375,0.3258,0.3199,-0.2571,1.8966,-0.2668,0.3796
44498.91304,0.3963,-0.1633,-0.0529,1.1597,0.1308,0.5614
44960.13348,-0.947,0.0766,0.6209,-0.5366,-0.7874,-0.2467
44926.59966,-0.0268,0.1592,-0.026,0.5754,0.1976,-0.1267
44418.44829,0.0946,0.0281,-0.0354,-0.2917,-0.3055,0.0932
45111.54196,-0.253,0.0651,-0.7655,2.8116,1.5614,-7.5022
45400.78075,1.0882,-0.1671,0.1837,-3.7123,1.2787,-3.7927
45200.55555,-0.4817,0.0967,0.1399,-1.752,-0.881,2.41
44670.69077,0.0274,-0.0182,-0.1223,-0.1519,0.1098,-0.0373
44772.3493,-0.5525,0.2068,-0.4091,-0.2584,-0.5066,0.0563
44524.96984,-0.2003,-0.1225,-0.1009,0.2702,-0.0906,0.4431
44484.88931,-0.1085,0.1934,-0.0357,-0.2374,-0.5888,0.2269
44853.56048,0.1372,0.0522,0.0685,-0.45,-0.1206,-0.3667
45461.48565,1.056,-1.6786,1.038,0.4248,2.3942,-0.7736
44692.76565,0.09,-0.2827,0.8476,-0.0271,0.4835,0.2159
44433.73936,-0.2616,0.5475,0.0762,-0.3312,-0.1749,-0.0941
44488.35754,-0.5315,0.0172,-0.118,-0.2525,-0.4175,-0.1579
44363.16426,0.0057,-0.7219,0.2314,0.5207,1.2065,1.3505
44872.2876,0.242,0.1134,0.0385,0.5928,0.0227,-0.6584
44878.83168,-0.0821,0.7527,-0.7542,-0.0408,-0.1051,-1.072
44879.46497,-0.3541,0.798,-0.8985,-1.92,0.019,-0.5473
45277.78705,-0.2566,1.1079,-0.3998,-1.9382,-0.5026,2.6629
45204.08388,1.2041,2.8129,-0.8583,2.4794,-1.1067,-5.4476
44430.57256,-0.5385,-0.6197,0.6654,-0.249,0.5628,0.0633
44955.91154,-0.0561,-0.3074,0.1398,0.4067,0.2616,-0.4815
45508.04694,0.6982,-1.6733,0.8751,-0.6546,2.097,2.2069
44600.75608,-0.8442,-0.1901,0.1838,2.1307,0.5784,0.9734
44743.27832,0.0898,-0.2125,0.1425,0.4776,-0.0694,0.2841
44925.9061,0.5116,0.8041,-0.0388,1.5154,-1.7377,0.5093
45342.8802,0.8756,-1.0559,0.2088,1.5834,0.6745,5.8432
45015.04876,-0.5894,-0.7956,0.3869,10.6687,4.0635,-1.3448
45384.88826,0.8039,-1.6662,0.98,0.0499,1.577,1.6713
44867.58312,-0.4044,-0.0576,-0.0776,0.0443,-0.3978,-0.3147
44885.73764,0.0977,0.3883,0.099,0.9335,0.096,-0.0157
44618.39811,0.9533,-1.2731,0.1645,0.665,0.7779,0.2789
44953.37842,-0.0308,0.171,-0.1086,-0.0465,-0.0244,0.15
45524.54238,-1.5232,-0.6682,0.2006,0.74,-0.3567,-1.4066
45590.16209,0.6516,0.7703,-1.1841,0.7942,1.4761,4.8385
45176.85233,-1.2721,-0.8149,0.5546,1.5591,-0.2948,-2.3217
45344.87054,-1.5167,1.8388,-1.0473,2.5617,-2.1491,-3.0327
45579.09482,-1.5814,-0.6827,0.526,-0.2298,-0.6625,-1.9588
44466.10041,-0.1535,0.0422,0.391,0.182,0.1024,0.0722
44720.35923,-0.1308,-0.1098,-0.1253,0.7374,0.634,0.4918
45128.20912,-0.8738,-0.1577,0.1425,-2.821,-2.0338,1.7701
45043.21518,0.0539,-0.0079,-0.3242,2.4191,-0.426,0.162
45116.4929,-1.2071,-0.6321,0.2539,-3.5671,-2.7511,1.429
45226.4301,1.4557,-0.4873,0.689,-0.2402,3.5424,-1.6172
45447.40262,-0.7399,0.587,-0.5645,-2.4144,-0.5717,2.2927
44846.11189,0.2537,-0.3333,0.2288,0.1147,-0.0533,-0.2939
45245.12734,-1.0877,-0.5648,0.3977,-2.6774,-1.4756,1.2257
45229.62673,1.4481,-1.0363,0.8929,-0.4788,3.4286,-1.8484
45559.46318,1.3636,2.1039,-1.7257,3.0681,2.1249,7.0592
45448.15653,-0.1961,0.8668,-1.0739,-3.0271,0.07,2.1032
45571.34469,0.8887,-1.6084,0.5958,1.5235,1.1745,0.3995
45627.63648,0.0017,0.0105,0.0081,0.0351,-0.0249,0.0015
44691.4689,0.6914,-0.2321,-0.504,1.218,-0.2001,-0.5149
45316.081,0.6525,1.7723,-0.8637,-3.2364,0.2135,2.0398
44494.69086,0.9114,-0.0115,0.0066,1.5984,-0.0865,0.3197
45572.18908,0.6523,-1.3684,1.1112,0.3065,1.7259,1.7412
45528.52302,-1.9901,-0.8784,0.2728,0.2576,-1.0665,-0.6135
44787.18633,0.0267,-0.0847,-0.2205,-1.157,-0.1671,-0.0888
45068.0142,-1.3131,-0.2143,0.3601,1.536,-0.0168,-1.6854
45253.45061,1.3537,-0.7819,0.7681,-1.7259,2.9288,-2.0997
45461.54596,0.6213,-1.4562,0.9257,-0.9093,1.4719,2.2789
44579.16338,0.2568,0.0246,0.0977,-1.1181,0.1221,-0.3989
44932.60078,0.0575,-0.6961,0.029,-0.1384,0.2012,0.1698
45329.97316,1.0575,2.0908,-1.6508,2.4338,-1.8462,-4.8489
44487.72421,0.9755,0.2082,0.3236,0.3113,0.0866,-0.0657
45344.53881,0.1631,1.6028,-1.9807,-3.3616,0.8908,0.9484
44426.77243,-0.3933,0.1264,0.2551,0.2597,0.2523,-0.2057
44475.44961,-0.2255,0.4282,-0.4269,0.7073,-0.2434,0.1334
44949.36762,0.0517,-0.1821,1.3917,-0.0957,0.3028,1.1193
45512.81161,1.1394,-1.9869,0.7287,-0.0941,1.937,0.2812
45526.50253,0.4573,-1.4666,0.8636,1.0338,1.0298,1.9979
44422.70087,-0.1343,0.1531,-0.0837,-0.3045,-0.2135,-0.2581
45295.42371,-1.6163,-0.7488,0.3392,1.7239,-0.9178,-0.7367
44418.47844,-0.4911,0.1699,-0.2113,-0.7534,-0.3002,0.2712
44758.95977,0.2436,0.0087,0.2095,-0.2123,0.3863,-0.645
44675.54602,0.3918,-0.5416,-0.3776,0.3827,-0.4159,0.5926
45564.89128,1.2133,-1.4821,1.1956,-0.2035,2.5118,-0.1671
44800.66626,-0.3859,-0.1851,0.4963,-0.4042,0.2509,0.4586
44922.86031,-0.0297,-0.0214,0.4231,-0.3659,0.2713,-0.9156
44769.3035,0.1489,-0.906,-0.1588,1.3124,0.1037,0.8202
44578.31898,-1.3312,0.0921,-0.1203,-1.7573,-0.6711,-0.3179
45388.98956,0.908,-0.2338,0.0661,0.9717,1.7159,4.4533
44861.9439,-0.0001,0.1331,-0.2707,0.5091,0.2313,0.0083
44585.01393,0.8913,-0.4191,0.5917,-0.2805,0.3387,-0.8166
44933.86732,-0.1268,-0.2363,-0.2321,1.0402,-0.0187,0.7814
44696.74639,-0.0682,0.2089,-0.0814,-0.5026,-0.1248,-0.4952
45545.56123,0.0729,3.1433,-1.1163,0.9775,-1.8854,-5.6543
44523.88415,-0.3723,-0.3638,-0.2575,-0.1962,0.2334,0.5583
45177.5761,-2.3322,-0.8444,0.5687,-1.0541,-1.8129,0.1675
45319.86064,1.3379,-1.1652,1.4465,1.495,2.3493,-1.0624
44895.41799,-0.5063,-0.1839,-0.2631,-0.2201,-0.3324,0.3454
44944.39185,0.905,-0.947,-0.038,-0.6066,-0.2381,0.0793
45216.5537,-0.7009,-0.0122,0.184,-2.2409,-1.2344,4.0678
45408.22943,-0.0406,1.5071,-1.2617,-3.6889,0.086,2.2661
44965.22998,0.2833,-0.0442,-0.0146,-0.4933,0.5069,0.2454
45103.47965,1.1904,-1.554,1.0162,-0.1596,1.9214,-0.534
44663.96573,0.0326,0.0145,0.0786,-0.4543,0.1427,-0.4418
45617.43842,0.3883,0.5224,0.0269,-0.3415,-0.2622,-2.1581
44706.51722,0.5905,-0.4024,-0.0704,0.0021,-0.0115,0.5994
44892.6134,-0.922,0.6505,-0.6374,0.6567,-0.5974,0.382
44724.33993,0.8129,-1.0612,1.0269,0.899,-0.2457,0.8181
45402.22828,-0.8199,3.5798,-1.2752,3.1167,-1.2613,-4.1463
45468.33113,-1.4423,-0.2363,-0.2664,-2.1412,-2.0978,1.41
44430.45189,0.0388,0.1692,0.3089,-0.479,0.3009,0.4354
44614.71888,0.5789,-0.5404,0.4892,1.0429,0.332,1.2344
44369.04539,-0.1609,0.1553,-0.2663,-0.6856,-0.0589,-0.1012
44685.04546,1.2284,-0.499,-0.3668,1.3227,-0.235,1.3257
44887.06453,0.3217,0.659,-0.631,1.0187,-0.3525,-1.2522
45384.94856,0.8353,-1.1537,0.4806,-0.2913,0.9708,4.1702
44941.04451,0.3728,0.0506,-0.1107,-0.6622,-0.0786,-0.2672
45167.38309,0.4171,3.6556,-0.6989,1.6847,-2.2441,-4.702
44800.57578,-1.5221,-0.7799,-0.0984,-0.2547,-0.5413,1.2871
45305.3754,1.501,-0.5143,0.4173,0.1208,4.312,-1.6496
44421.977,0.3587,0.0705,0.0219,-0.3732,-0.1092,-0.4862
44497.40514,0.2771,0.0228,0.3982,-1.1758,0.1975,-0.1128
45177.5158,-1.0457,-0.6217,0.3784,-3.2627,-2.1333,2.2821
45320.49898,2.1189,3.5025,-1.2505,-0.7951,-1.2283,-4.889
44604.22419,-0.393,-0.3216,-0.0785,-1.7289,-0.24,0.2126
44994.2105,0.0958,0.0126,0.0739,0.1632,0.2972,0.4768
44566.19563,0.2307,0.0442,-0.0537,0.8323,-0.1104,-0.5564
45422.2522,0.8929,-0.4099,0.177,-5.2052,2.2311,-3.6378
45436.3654,-1.8623,-0.6779,0.0921,2.0604,-0.1799,-1.6271
45461.90784,-1.977,-0.8179,0.0447,-2.8807,-1.7469,0.3731
44736.37246,0.3378,0.0785,0.1137,0.1998,0.0486,-0.0769
45524.02975,1.0567,-1.0589,0.3539,-0.3613,2.7482,-1.4351
44463.02417,0.1056,-0.0234,-0.0209,-0.123,0.0387,-0.103
44613.42213,-0.0809,-0.0241,0.0578,0.0552,0.3227,0.2544
45072.2965,1.3379,0.5395,0.1713,2.575,0.982,4.3087
44608.14465,0.107,0.0082,0.2967,1.0597,-0.5046,0.1126
45124.74101,1.1105,-2.0414,1.6025,0.4623,2.9044,-0.4135
44537.00292,0.5036,0.1715,0.0822,-0.9179,0.0185,-0.6946
44660.28658,0.2807,-0.4312,0.0352,-0.2175,-0.1976,-0.3456
45233.75824,0.7277,-0.6362,0.9898,-0.169,0.7187,3.7631
44835.5873,0.1658,0.0452,0.1235,0.7023,0.3861,-0.1337
44774.82216,-0.2966,0.4333,0.0009,0.0025,-0.2251,0.263
45046.84404,1.0999,-0.4749,0.7173,0.8002,1.8529,5.2082
44789.17667,-0.6369,0.2705,-0.5006,-1.1813,-0.0282,0.0833
45381.99324,-1.2161,-0.3803,-0.4747,-2.0919,-1.6397,2.0435
44818.36805,-0.1826,0.1737,-0.8451,0.6439,0.3226,0.4819
45602.91811,1.1446,-0.9673,0.3838,0.0231,2.806,-0.7411
44920.41767,-0.279,0.1275,0.3787,0.1078,-0.0501,0.2035
44849.03705,-0.3677,0.3253,0.8793,0.3129,-0.9581,-0.4169
44891.22618,-0.2469,0.0887,-0.2254,0.5627,-0.1178,0.1148
44682.33133,0.6501,-0.7887,-0.2705,1.9307,-0.234,1.5575
44528.10629,-0.4856,0.5014,-0.0194,-0.714,-0.107,-0.1017
44673.2541,1.6742,-0.6515,0.0201,-0.6494,-0.9063,0.8786
45413.5068,1.2236,-1.4807,0.8599,-0.171,2.4263,-0.3452
45452.37843,-2.0643,-0.6824,0.1604,0.3217,-1.0038,-0.7873
45073.17104,1.0257,2.0724,-1.0563,-5.8607,-0.3292,2.0056
44569.57328,0.2099,0.168,-0.293,-0.3934,-0.3748,0.5941
44716.34838,0.3641,-0.2594,0.1726,-0.1287,-0.4366,0.0335
45483.25849,0.352,-1.1263,0.3265,-0.4331,-0.1873,4.6523
45604.24499,-1.7851,-0.652,0.4729,1.0213,-0.1633,-1.7824
44518.7874,0.2218,0.127,-0.2397,1.13,0.0232,0.0503
45032.21799,-0.5734,0.2841,-0.0659,-0.009,0.1983,-1.9339
44948.34233,-0.2105,0.3747,0.2034,-0.7229,0.3064,0.5292
45454.54969,-0.0437,1.5605,-1.3492,-4.1011,-0.6133,1.7031
44854.55562,0.1576,0.2105,-0.1226,-0.3101,0.0018,-0.4106
44548.64388,0.0889,-0.136,-0.1672,0.6139,-0.234,-0.1009
44747.22884,-1.082,0.2196,-1.6524,-0.6968,-0.3763,-0.2823
44403.24727,-0.2073,0.4343,0.1767,0.0924,0.2034,-0.0822
45153.26966,1.4381,-0.6414,0.3974,-2.266,2.7231,-2.5854
44791.80025,0.5738,-0.1589,-0.5929,0.9347,-0.0205,-0.1749
45135.47699,-2.1525,-0.6163,0.5165,-0.0994,-0.9187,-0.8974
44605.85268,0.205,0.1595,-0.0279,0.3617,-0.0035,-0.2311
45054.98643,1.3414,0.9303,-0.0355,-2.563,0.0716,-5.4217
44545.89954,0.2743,0.2812,-0.5065,-0.4851,-0.2385,-0.588
44836.28092,-0.0188,0.0547,0.1049,1.1985,0.5465,-0.1842
44744.09257,1.5789,-0.1648,0.6544,-0.2893,0.4959,-0.1887
44392.41928,0.3471,0.0693,-0.0988,-1.5114,-0.6983,-0.0322
44845.59921,-0.3061,-0.3172,0.0895,-0.1616,-0.0019,0.0591
44993.9391,-0.1899,-0.1235,0.1564,-0.3562,0.0544,0.9075
45046.33137,-1.3107,-0.4018,-0.0507,-4.1845,-2.7374,1.2411
45141.84013,-1.4229,-0.7711,0.5645,0.8668,-0.884,-1.7023
45145.851,-0.9458,3.0449,-0.1198,2.8714,0.9862,-3.6741
45260.29618,-1.1017,-0.7757,0.521,-3.1707,-2.3011,1.3975
44387.80466,-0.3334,0.235,-0.3732,-0.2554,0.2256,0.3528
45224.59051,-1.0154,-0.8471,0.7422,0.8086,-0.5202,-2.9244
45277.84739,-0.5109,-0.1515,0.3864,-1.582,-2.2423,2.876
44474.3639,-0.4226,0.1234,-0.231,-0.08,0.0354,0.0542
45054.50392,1.5963,1.6562,-1.5475,5.5419,2.5287,4.9081
45559.49337,2.4571,3.101,-2.592,-5.6963,-0.9966,3.6726
45344.65942,-1.2507,-0.2035,-0.0624,-2.1386,-1.208,2.3878
44391.21285,0.3288,1.9522,1.3422,-0.6593,0.0164,-0.1862
45585.2768,1.5691,2.2483,-1.7234,-2.9855,0.3536,2.6497
44411.08913,-0.1495,-0.0536,0.2396,-0.3255,-0.1786,0.3176
44584.98378,-0.5524,1.7264,0.5796,-1.6941,-1.014,-0.8456
44730.49192,0.0053,0.1919,-0.2338,-0.3513,-0.4697,-0.4633
44942.73326,0.5861,-0.2287,0.2219,1.5424,0.0086,0.8112
45250.94759,1.5007,3.1742,-0.7409,2.1872,-1.4411,-5.2173
44923.16188,-0.1069,0.0988,0.5661,0.0828,0.3848,0.0228
44428.79315,-0.3137,-0.3566,0.6372,0.8707,0.3851,0.1255
44630.49121,-0.1369,-0.0263,0.002,-0.2524,-0.0729,0.2147
44818.39823,0.3574,-0.2927,-0.2472,-0.6863,0.2778,0.1247
45350.75102,0.3545,-1.0446,0.1164,0.0061,-0.3148,4.8851
45368.48308,-1.0224,-0.2099,-0.3747,-1.2932,-1.7295,1.9722
44666.43863,-0.7955,-0.5244,-0.3225,0.4315,-0.2119,0.3953
44847.7403,0.0078,-0.1258,-0.2391,-0.3352,-0.2695,-0.2287
44406.8968,0.7674,-0.8467,0.3981,0.9027,0.1619,0.6202
44936.00843,0.1365,-0.1955,0.0713,-0.153,0.1304,-0.0885
45445.44247,0.9913,-0.7726,0.5438,-1.882,1.4365,-2.1207
45097.83992,1.3922,2.084,-0.9309,0.4266,-1.8962,-5.3705
45324.9772,-1.5298,-0.1358,-0.2789,-2.4186,-1.9938,1.22
45013.3298,-0.5559,-0.2458,0.0924,4.7415,-0.0975,1.176
45191.77993,-0.7554,-0.0547,0.2941,-3.1734,-1.0336,2.2744
44735.40742,0.3241,0.0601,-0.0218,-0.4496,-0.2823,-0.2963
44662.00553,0.2049,-0.2859,-0.0474,-0.8922,-1.0031,-0.3247
45276.15861,1.1773,2.1748,-0.9868,-2.6165,0.2391,1.2568
44875.18266,-0.0846,-0.1019,0.1044,0.7895,0.0153,0.8488
45383.9534,1.2323,-0.3019,0.0188,-1.3943,1.844,-4.0433
44373.02642,-0.0802,0.0849,0.1258,-0.7462,-0.1071,0.1154
44365.72785,-0.044,-0.4122,-0.2256,0.175,0.1333,-0.2324
44629.70712,0.2079,0.2601,0.2365,1.7891,-0.9491,-1.5498
44787.51806,0.4491,0.3161,-0.0048,0.9345,-0.0825,-0.339
45009.74116,-0.1888,0.0665,0.4278,-7.254,-1.7167,-0.7639
45103.4495,1.3209,-1.3303,0.8684,-0.3163,2.0548,-1.3845
44533.32365,-0.4293,0.2598,0.0635,0.2193,0.0678,-0.0788
44574.85086,0.0645,0.0214,0.4102,-0.5733,0.0091,-0.1723
44593.36755,-0.001,1.7885,0.4286,-1.5246,0.0398,-0.5926
45381.14885,-0.9782,0.4662,-0.4286,-3.6447,-1.1968,3.0726
45384.25498,0.756,2.0461,-1.8639,-3.0429,0.6186,1.6794
45358.04892,-1.0975,0.4677,-0.7754,-3.1581,-0.628,2.7866
44565.01949,0.2556,-0.2923,0.5992,-0.4698,-0.1461,0.139
45424.1822,-0.2531,0.9868,-0.8378,-1.0665,-0.6327,0.9849
45426.65505,-1.6287,-0.6476,-0.2638,-3.1485,-1.9613,1.6867
44423.54533,0.1685,-0.2606,-0.0779,0.1355,0.1173,-0.2122
45082.00702,-1.4068,-0.6684,0.3447,1.4191,-0.4715,-2.1382
45179.56643,1.1548,-1.5254,1.2018,0.4355,2.4699,0.5565
45134.84367,1.5444,2.6272,-1.0006,1.9795,-1.9953,-4.7479
45202.51573,1.7492,1.5191,-0.469,0.7975,-0.9874,-5.1504
45249.28899,-0.6051,2.6576,-0.1872,2.1256,-0.4593,-4.0496
45571.61612,-0.9039,0.5308,-0.5221,-3.4105,-0.0137,2.4528
44484.07502,0.3252,-0.1205,0.4561,0.4237,0.086,0.1045
44498.21942,0.6213,-0.5125,-0.1553,0.6188,0.1505,-0.0937
45147.60014,1.3538,0.1147,0.2978,-3.234,1.57,-4.5836
45477.16693,-1.8129,-0.6752,0.0272,-2.4582,-2.1534,0.4926
45417.66843,0.5266,-0.9641,0.2882,0.8502,0.7452,5.5123
44553.7104,0.5025,-0.1561,-0.0927,0.3105,0.0583,0.1629
44771.08272,0.3784,-0.2251,0.3367,1.2366,-0.0029,0.8492
44739.56908,0.5486,-0.0051,0.4474,0.0723,-0.3502,-0.095
45467.06459,1.003,-0.0703,0.1386,-2.9485,0.7591,-4.4288
44877.14288,0.1584,0.5241,-0.1329,-0.8833,-0.2394,-1.1586
45094.25104,2.9469,2.3202,-2.602,0.7393,2.0674,4.3135
45125.76636,0.2885,1.7454,-0.8532,-4.7769,-0.5762,2.0886
45554.90963,-2.0982,-0.8882,0.3796,-2.1803,-2.0056,0.2234
44546.80428,0.6358,0.8315,0.5636,-1.2259,-0.1957,-1.2111
44944.12043,-0.1889,-0.1813,0.1324,-0.0442,0.1408,0.5342
44839.77904,0.193,-0.1502,0.0721,0.5179,-0.0649,0.2221
45303.32477,-0.2414,0.5771,0.212,-1.2209,-1.3547,2.4328
44475.902,-0.0444,0.301,-0.1859,0.0925,0.2451,-0.4627
45269.4035,1.8855,1.6476,-0.573,0.6684,-0.6774,-5.4371
45429.00722,-1.2496,0.0701,-0.4884,-2.4035,-1.6119,1.778
44398.6627,0.0159,0.3641,-0.3192,0.0722,-0.5064,0.3596
44513.69068,0.0534,0.0859,-0.0886,0.8382,0.283,0.3792
45583.07541,-2.1083,-0.7231,0.5037,-3.8793,-0.9058,-0.6316
45142.0211,2.0001,0.6309,0.0995,0.1941,1.3221,-5.9255
44485.64326,0.3551,0.8829,-0.5955,0.8549,-2.1209,-1.9704
44719.48467,-0.0372,-0.183,-0.2549,0.1202,0.1525,-0.0645
44912.72778,-0.4188,-0.0465,0.1213,-1.7097,0.0969,0.2771
44691.92126,-0.0945,-0.6229,0.5653,-0.5216,-0.114,0.167
44609.38107,-0.3194,0.0586,0.169,2.7463,-1.9015,-2.622
45447.25183,1.0317,0.4261,-0.0081,3.4729,1.2518,5.1879
44408.01272,0.3163,-0.1302,0.3999,0.1873,0.8806,0.0011
44508.08126,-0.381,0.1766,0.0781,0.5017,0.5615,0.0097
45514.98284,-0.6294,3.3901,-0.4944,1.5281,-0.9685,-4.3173
44804.58658,-0.2001,0.2674,-0.1869,0.6423,-0.1274,0.3833
45354.24919,-2.1515,-0.035,-0.2117,1.452,-1.134,-0.9633
45466.25037,1.3968,0.2544,0.1847,-0.9034,0.5537,-4.3871
44964.47608,0.1551,-0.4139,-0.4217,-0.4481,-0.2624,-0.2416
44459.76702,0.0523,0.1839,0.1042,0.3257,-0.0681,-0.2679
45341.46283,-0.7721,1.2308,-0.876,-1.6422,-0.8008,2.1412
45025.78456,0.6651,-0.0224,-0.0027,-1.07,0.313,-0.406
44930.64062,0.2504,-0.2351,0.1702,-0.8747,-0.0589,-0.1871
45506.41847,0.4748,-1.7839,0.5694,-1.6554,0.8096,4.3319
44537.51562,0.9191,-0.2787,-0.1125,1.0535,-0.2014,-0.0124
44738.48344,0.2122,0.5784,-0.5426,-0.3083,-0.5068,-0.5299
45320.89604,0.2943,0.8703,-0.4439,-5.809,-0.0095,3.5707
44449.09068,0.0697,0.0657,0.233,-0.4882,-0.2786,-0.4727
44872.55899,-0.0954,-0.2171,-0.3458,0.6648,0.1418,0.0324
44928.86139,-0.233,-0.4689,0.1159,0.6604,-0.064,0.8052
45209.874,0.9679,-1.2634,1.2838,0.0048,1.8914,1.9805
44385.30137,0.0172,0.0741,0.0339,0.2095,0.2113,0.2314
44709.56308,-0.0231,0.2826,-1.0278,-0.7692,-0.1381,0.1044
44618.06638,0.2378,0.6192,-0.1978,-0.9366,-0.1688,-0.7987
45065.36041,2.6318,1.6947,-1.7301,-0.1124,1.7424,4.4682
45413.11477,-1.9784,-0.7487,0.1378,-2.6956,-2.4264,0.6004
44955.18779,0.0008,-0.158,0.7476,0.5201,0.0761,0.0488
44883.95835,0.0872,-0.0637,-0.024,-0.5325,0.0344,0.1777
44615.44267,0.3999,-0.9084,0.3382,1.2033,0.0878,0.391
44680.12987,-0.0693,0.1571,-0.055,0.585,0.3236,-0.6017
44807.36095,-0.2854,-0.6061,-0.1803,-0.849,-0.0866,0.2854
44921.74453,0.3013,-0.0588,0.6443,0.4997,0.2518,-0.0258
45391.19098,1.1425,-1.023,0.6314,-1.2586,1.3432,-2.342
44771.95727,-0.026,0.3773,0.2063,-0.9197,0.1029,-0.2245
44635.49734,0.3817,-0.3519,-0.2988,-0.9563,0.4655,-0.7748
44654.64721,0.0143,-0.1718,-0.0478,0.3828,0.09,0.3258
44434.64417,0.9712,0.113,1.2612,-1.3809,-0.0969,-0.8137
45445.77422,-0.6199,0.7402,-1.1665,-3.1813,0.0834,2.4582
44874.94142,-0.3019,-0.0819,0.0712,0.1524,0.0467,-0.2449
45010.49507,0.0422,-0.1224,0.2922,4.4028,3.119,1.6627
45120.2174,0.4701,3.5869,-0.2444,-15.099,-8.6182,1.0228
44720.44972,1.1219,0.6687,0.5261,-0.5132,-0.2586,-0.2855
45495.44162,-1.225,0.0944,-0.0606,-2.2919,-1.6019,2.6178
45572.46048,-0.8489,0.1482,0.2606,-5.1746,-0.5584,2.9118
45171.48443,1.6299,0.0835,0.4559,-3.0852,1.2414,-4.4211
45111.21024,-2.7199,-3.5785,0.5029,-2.0345,-0.9238,-2.6476
44628.95318,0.1622,-0.5402,-0.49,-0.2608,0.4087,-0.2609
44936.03858,-0.0677,0.3435,-0.0459,1.4482,0.3548,-0.2902
45041.94859,1.0873,3.4224,-1.8491,3.3991,-0.7012,-0.4388
45268.13692,2.6093,2.3126,-2.4651,-1.7162,1.9295,3.2899
44934.62122,0.0168,0.0027,0.3157,-0.3406,0.0887,-0.9373
44804.79767,0.1695,-0.211,0.4966,1.267,0.2104,0.5321
44782.93426,-0.1861,1.0758,0.1142,-3.6739,0.1779,-1.8821
44722.77177,-0.4265,0.2587,-0.2903,0.1356,-0.1563,0.2734
45064.6668,-0.3804,1.6363,-0.9254,-2.2809,0.0361,2.3467
45192.2926,0.8743,-1.3395,1.2611,-0.9485,1.4312,2.1663
44982.14787,-0.5964,-1.18,-0.075,-1.1522,-0.2952,-0.0973
45033.39912,1.1164,-0.5595,1.055,-0.6997,0.5452,-1.4006
44766.13707,0.1992,0.2233,0.2455,-1.4539,-0.2255,-0.7442
44897.58927,-0.0846,0.4973,-0.609,-0.5647,0.1367,-0.2676
45129.74715,-0.4895,0.7843,-0.3821,-3.6852,-0.7956,2.1772
45421.58877,0.593,-1.9604,0.7329,1.1482,1.6966,1.8565
44865.65312,-0.0055,0.3061,-0.1449,-1.2685,-0.5693,-0.0781
44626.84215,0.0752,0.9308,-0.1215,-7.3253,1.5112,1.9052
44356.43873,-0.0064,0.0118,-0.0068,-0.0123,0.0002,0.006
44379.96313,-0.0668,-0.3053,-0.1157,0.4797,0.1331,0.7253
44828.86246,0.0229,0.2953,-0.3637,0.018,-0.1302,-0.5566
44972.73899,-0.0423,0.0236,0.0593,-0.0135,-0.2567,0.0414
45518.78257,-1.3835,-0.242,-0.2061,-3.2657,-1.6846,2.2513
44866.10548,-0.1779,-0.0885,0.0176,-0.0717,-0.0962,-0.1222
44849.88139,-0.0867,0.1546,-0.3049,-0.6234,0.0715,-0.0564
44600.42435,-0.7856,0.9391,-0.0154,0.1062,0.5582,0.3001
45429.79129,-0.7078,0.4109,-0.5727,-3.0293,-0.416,2.9402
45502.64896,-0.7004,0.4584,-0.1377,-2.8348,-0.851,2.5126
45546.13422,-1.285,-0.172,-0.0107,-3.0581,-1.518,1.6078
44947.67889,0.2794,0.0779,0.1372,-0.3625,1.0434,1.0731
45459.55564,-2.0178,-0.7989,0.2647,0.6586,-0.7288,-1.4351
45601.16908,0.3567,2.9849,-0.7685,3.9076,-1.3628,-5.5514
44683.20588,-1.0923,0.3506,-0.3108,0.2147,0.4395,-0.2526
44726.66199,-0.4296,0.5017,-0.2069,0.4819,0.066,-0.839
44756.90914,1.0583,-0.8316,0.7613,2.9965,0.8134,0.6629
45040.21959,-0.1953,0.1957,0.7029,-3.2096,-0.4825,2.1298
44643.36841,0.6921,0.1998,-0.5752,-0.1801,0.0571,-0.9448
45273.71593,2.5277,2.4568,-1.7992,3.5709,2.6612,5.0253
45274.46985,0.891,-0.404,1.1816,-0.4041,1.4707,4.9032
44647.65072,0.3553,-0.4397,-0.1802,0.7933,-0.0728,0.0984
45119.82532,2.2312,2.4285,-2.3676,2.4178,-2.8569,-4.9345
44372.66451,-0.1191,0.1715,-0.2547,1.1691,0.516,-0.0261
44616.37755,0.4773,-0.1688,-0.5422,0.827,0.114,-0.7345
44878.59044,0.5653,-0.1516,0.1831,0.4678,0.1162,0.4962
45009.49991,-0.0483,-0.0081,0.0415,6.2709,2.4587,0.1596
45518.02864,-1.8281,-0.6806,0.1961,-1.6515,-2.0253,-0.2542
45126.30919,1.1205,-2.2601,1.4541,0.2542,2.629,-0.1132
44716.22778,-0.1997,-0.0244,0.4886,0.0307,0.2034,0.7123
45171.12253,-0.6997,-0.278,0.3748,-4.0677,-1.6623,2.536
44476.53534,0.1107,0.0805,0.4079,0.4935,0.3474,0.2734
45287.98506,0.4731,-0.0892,-0.4574,0.2379,-0.1963,1.0968
44665.65453,-0.314,0.0874,0.2877,-0.8679,0.1584,0.0691
44585.04408,-1.3245,0.0169,-0.1156,1.6499,0.9593,0.7318
45527.37707,0.5358,-0.6831,0.1245,1.7081,-0.8481,5.1742
44787.54821,0.0645,-0.5042,0.2721,-0.2186,0.2788,-0.1966
44893.30699,-0.2408,0.3809,0.1859,-0.7418,0.2915,-0.6229
45197.05737,0.7853,-1.2338,1.1884,-1.0002,1.6364,1.849
45284.87388,3.3934,3.0396,-2.1635,1.0414,1.5427,4.6104
45141.93062,0.952,4.0065,-1.2481,2.4214,-2.0397,-5.3081
44532.20778,-0.3089,0.103,0.0513,-1.2323,-0.1286,-0.1806
44824.12795,0.0092,0.8036,-1.2646,-1.2368,-0.1229,0.4034
44871.35273,-0.009,0.0043,0.0128,-0.1,0.0051,-0.0669
44725.69695,1.0559,0.0308,1.0436,0.2498,-0.509,0.3885
44910.85812,-0.2572,0.089,0.0833,2.5799,-1.5238,-2.136
45624.0478,0.3132,-0.1487,0.0967,1.5466,0.1017,-0.1956
45583.88963,-2.1467,-0.7847,0.3554,-1.1888,-1.347,0.2114
44503.82889,0.1207,0.1126,-0.2628,-0.6812,-0.1999,-0.4542
44815.29209,-0.2001,-0.0633,0.3249,0.0419,-0.0084,0.0904
44923.43328,0.1889,0.1145,0.134,-0.3862,0.2704,-0.2643
45184.60261,-0.2605,1.4022,-0.9162,-2.288,0.1681,2.5969
44419.86579,0.0916,0.087,-0.2542,-1.3051,-0.2102,-0.0251
44658.95965,-0.3655,-0.7513,0.3078,-1.6908,0.3101,0.0157
44699.21926,-0.625,0.5127,0.5101,-1.5032,0.3264,-0.6653
44647.68087,-0.2385,0.0679,-0.3851,0.8212,0.0756,-0.0855
44588.93439,0.007,-0.5471,-0.1983,0.5057,-0.0988,0.193
44942.94435,-0.1003,0.087,0.1631,-1.4792,-0.3246,-1.2616
44846.41343,0.0395,-0.07,0.08,0.0523,0.2494,0.0142
44880.49032,0.0991,0.095,-0.2904,-0.3441,-0.1426,0.1531
45372.64472,-1.6444,-0.0224,0.0061,0.7559,-0.3097,-2.5731
45367.63871,-0.4756,1.1284,-1.1242,-2.3977,0.1859,1.8984
44558.65626,-0.0847,-0.0318,0.1208,0.0348,0.1874,0.0534
45512.11801,0.4939,-1.1189,0.4612,0.0958,-0.3629,3.8398
44587.99951,-0.3569,1.1691,0.3713,0.3757,0.5141,-0.5128
44985.73651,0.0274,0.0676,0.0928,-0.1709,-0.2258,0.342
45165.24196,0.8695,-1.5556,0.9741,-0.0284,2.0252,0.8039
45385.00887,1.2849,1.2604,-1.9676,2.5067,2.423,4.6456
44500.08923,0.044,-0.0396,0.0908,-0.0832,0.2063,-0.2889
44393.59557,0.29,-0.1027,0.1148,0.0974,-0.0984,-0.324
45395.32245,0.703,-1.3693,0.5611,-0.7353,1.429,3.8254
44959.22875,-0.2061,0.2337,-0.1614,-0.6268,0.1925,-0.5924
45514.10832,-1.4521,-0.5243,0.2694,1.4696,-0.6996,-2.0874
45522.73303,-0.6151,0.5756,-0.4245,-1.5115,-1.0757,2.0976
44522.58734,0.0305,0.0869,0.2005,-0.1683,-0.0017,0.225
44867.82436,-0.0983,0.149,0.0265,0.1632,0.4425,-0.3639
45102.39391,-1.57,-0.8055,0.3258,1.2371,-0.8515,-1.339
45115.58816,0.1933,1.482,-0.8907,-4.9616,-0.5874,2.3215
45338.83923,1.1417,-2.0011,0.7329,0.5664,2.1296,-0.7626
44714.35803,1.1912,-0.7173,-0.5047,2.1483,-0.4529,-0.4279
45176.73169,-1.0678,-0.4983,0.4444,-2.6114,-2.1275,1.7343
45617.89081,0.15,-0.347,0.4058,-0.7084,-0.0857,1.2098
44912.84842,0.4366,-1.7819,0.4938,-0.7494,-0.062,0.366
44634.01966,-0.6935,-0.1321,0.3482,0.3978,0.2881,0.9027
45066.5667,1.7822,3.0527,-1.3491,3.4601,-1.3493,-4.6534
45157.19006,1.6393,0.3052,0.1267,-4.6815,1.9413,-4.6126
45483.16803,0.8163,-1.9231,0.9847,0.0144,1.7836,0.4695
44553.65007,0.4268,-0.0433,0.0077,0.2012,0.0239,-0.2193
44681.51713,0.3206,-0.4698,0.3054,1.0048,0.1564,0.9988
45431.99271,0.5609,-1.1687,0.7515,-0.6037,1.5161,4.3065
45390.70847,-0.3147,0.9321,-1.4688,-3.0112,0.5358,1.9131
44775.48558,-0.5934,0.9567,-0.2902,-1.1815,0.0158,-0.7699
45099.70979,1.358,1.3646,-0.1326,3.9026,-0.2028,4.5744
45326.31923,0.5923,-0.8178,0.3163,0.4784,1.701,4.49
44754.1046,0.3102,-0.2668,0.6349,1.9287,0.5179,-0.2712
45527.88975,0.7127,1.5875,-0.3583,0.7428,-0.3401,-5.1254
45026.71942,0.1883,-0.5039,-0.0544,-0.1888,0.6428,0.9656
45327.44002,-2.0269,-0.5999,-0.0246,1.4986,-0.4544,-0.7133
45136.08014,-0.3315,0.9566,-0.0756,-0.156,-0.3294,1.0044
44474.42424,-0.0846,0.036,-0.2087,0.5096,-0.0461,0.1688
44468.18134,0.7163,0.3996,0.0525,0.3246,-0.126,-0.0705
44900.69542,0.6137,0.014,0.0892,-0.0096,-0.3062,0.1063
44900.87636,0.3827,-0.0296,0.1249,0.8488,0.2969,0.0135
45357.02358,0.5531,-1.5832,0.5621,-0.775,1.8623,2.758
45215.19165,-0.5811,-0.3986,-0.5066,-0.3413,-0.993,-0.3111
45002.08138,0.0422,0.0042,0.0063,-0.669,0.1864,-0.1123
44914.4467,-0.387,0.0588,0.1953,-0.32,-0.0938,0.1823
44663.72449,-0.3872,0.071,0.2545,1.4057,0.2248,-0.1254
45023.19107,-0.4047,0.4178,0.0216,-0.0279,0.4458,0.4392
45534.67488,1.042,0.7416,0.3599,3.9336,1.0921,6.2547
45182.43134,-1.2285,-0.6909,0.5918,1.1105,-1.0438,-2.1118
45214.91519,-0.0323,-0.0323,-0.0249,-0.7171,1.05,-0.8279
44851.35908,0.2333,-0.2612,0.1288,-0.3211,-0.3927,0.655
44446.5271,-0.0838,0.1468,0.0401,-0.1886,0.1379,-0.0296
45356.39029,0.6087,1.4727,-1.5554,-4.4402,-0.1958,1.6416
44950.99609,-0.1074,0.0466,-0.5038,0.111,0.1231,0.1759
45432.08317,2.9187,1.9838,-2.7712,-0.6566,1.752,4.1916
44442.93814,0.0399,-0.174,0.0253,1.3576,0.2446,0.0256
44564.92901,0.1815,-0.9495,1.5226,1.7528,0.9829,1.1332
45453.07205,-1.4563,-0.3264,0.0706,-3.3306,-1.7986,0.7732
44986.09838,-0.2653,-0.0391,-0.0625,-0.8562,-0.0398,1.1447
44884.13929,0.0145,0.3554,-0.1808,0.756,-0.0298,0.2462
45064.75726,-1.2035,-0.4435,-0.2453,-1.7459,-1.6869,1.1644
44770.11772,-0.3331,0.3512,-0.2633,-1.0791,0.0983,-1.0526
45098.44312,-1.9366,-0.8028,0.2446,0.387,-1.4345,-0.7466
45355.09356,-1.6903,-0.197,0.2133,1.6831,-0.2635,-2.6251
45482.41411,0.6193,-1.5831,0.5739,-0.5021,1.0851,3.1654
44437.47923,-0.6961,-0.2836,0.3462,0.017,0.4571,0.6832
44623.13283,-1.5345,0.6354,-0.2191,0.0511,-0.3565,0.9167
45504.54879,0.4647,3.9304,-1.1793,3.7999,-1.3677,-5.5409
44547.2868,0.5463,-0.047,0.0234,0.6044,-0.0401,0.4781
45093.73835,-1.7325,-0.9559,0.4659,1.1483,-1.0443,-1.0379
44401.25658,0.0405,-0.1229,0.0911,0.1273,0.2104,-0.1944
45259.42164,-0.5015,0.2296,0.2596,-2.873,-1.0758,1.4648
44909.53123,0.0188,0.093,-0.3686,0.632,0.1477,0.1244
44695.5401,-2.0615,-0.3154,-0.0436,0.1532,0.608,-0.8268
44997.61819,0.0865,0,-0.1434,-0.45,-0.8763,-0.4365
45408.01834,0.7465,-1.6912,0.594,0.3908,1.8502,1.2951
44812.51773,-0.0017,-0.4682,-0.1868,0.7161,0.0983,0.276
45024.54813,0.3823,0.4077,0.5514,-0.5343,-0.7932,0.8186
45109.57165,0.1202,3.2249,-1.3523,-2.106,-5.6585,-9.3539
45007.50958,-0.2382,-0.173,0.2894,4.7994,1.8184,2.1541
44898.55428,-0.1152,-0.2226,0.3535,0.0351,0.0857,-0.079
45228.99342,0.925,-0.4465,0.7387,0.767,0.4381,5.3463
45516.97314,1.5437,1.6658,-1.3726,0.184,2.9727,5.0831
45597.94238,1.4212,1.801,-0.5724,2.3036,-1.6513,-4.6754
45016.91845,0.2693,-0.0895,0.4077,3.0007,2.6467,-2.0679
45069.25064,1.9877,2.3542,-2.0715,-0.2964,1.9244,3.8693
45459.76673,1.2886,0.2835,0.0007,-2.0196,1.0581,-4.2778
44688.06116,0.0298,-0.1712,0.7907,0.6937,0.46,-0.1374
45425.08688,-1.5043,-0.5316,-0.0783,-3.8994,-2.0599,1.4636
44512.90657,0.4023,0.0264,0.1002,0.0294,-0.1969,-0.1303
44744.69569,-0.375,-0.0649,-0.444,1.0813,-0.0059,0.5923
44475.29883,0.1026,-0.1643,0.1323,0.3102,0.322,-0.2939
44475.96231,-0.0876,0.1986,-0.0844,0.7061,0.3429,-0.1874
44519.93344,-0.2503,0.2017,-0.1159,-0.641,-0.3682,-0.5656
45143.49876,0.7011,4.0121,-1.0475,1.5304,-2.0377,-4.4643
44556.48488,-0.3979,0.4507,-0.1658,-0.0102,-0.3223,-0.0393
45546.49607,1.2715,-0.2726,0.5684,-3.914,1.3065,-3.9789
45014.2345,0.0974,0.1744,0.4472,-6.0243,-0.3138,-1.4139
45054.95628,1.4222,1.8076,-0.4886,-0.4062,-1.6751,-5.1143
45469.50721,1.1143,-0.33,0.2679,-2.2796,1.9163,-3.3444
45349.00196,0.9823,-1.0771,0.1026,0.9096,3.3367,-1.7104
45495.14005,0.6825,-1.8706,0.8577,0.8504,2.0275,0.774
45293.58414,1.7001,2.5314,-1.339,-4.2858,-0.3727,1.9571
44445.5017,-0.4311,0.3865,-0.017,0.0987,-0.0796,-0.2854
44599.00696,-0.7654,0.7716,-0.0302,0.1508,-0.0476,-0.3633
45162.13578,0.8367,-0.8885,0.8345,-0.9277,0.5431,4.056
45449.06125,-1.5168,-0.6028,-0.0334,-1.8481,-2.1458,0.6827
45063.94303,-0.7097,0.2542,-0.0041,-1.1914,-0.8406,1.6934
44685.67876,-1.7339,1.5836,0.3904,-1.0225,-2.2333,-1.5726
45110.45123,-1.8536,-2.7487,0.5502,0.7391,1.9981,-3.8083
45489.77227,-0.7728,1.0167,-0.4651,-0.8515,-0.3013,2.5952
45102.60503,1.9879,-0.245,0.4164,-1.93,1.8926,-4.8575
44598.97681,-0.1361,0.2227,0.1166,-0.9718,-0.1893,-0.0823
45092.41139,1.9231,-0.2111,0.3634,-1.8774,0.4489,-4.1249
44967.88377,0.0617,0.0157,-0.0909,-0.2534,-0.1544,-0.3956
44805.28017,0.2237,-0.5051,-0.2144,0.0723,-0.1774,-0.3868
44788.69413,-0.1095,0.2769,-0.0798,0.061,0.1068,-0.0702
45227.18401,1.5769,0.2284,0.3766,-3.4943,1.6323,-3.624
45054.71501,-1.3988,-0.7507,-0.0374,-1.8461,-2.2908,1.1565
44390.33817,0.36,0.1901,-0.1937,-0.2059,-0.2313,-0.3661
44499.21465,0.062,-0.2555,0.4256,-1.3985,0.4748,-0.5389
44767.28301,-0.6939,-0.2863,-0.3848,-1.2895,-0.0716,-0.8862
44955.85124,0.0736,0.3087,0.4623,0.2472,0.1008,-0.4326
45016.16455,-0.1692,-0.2252,-0.2308,-3.443,-0.5229,1.6083
45019.8738,0.6295,0.0968,-0.7401,2.2238,1.3872,-0.9563
45003.83045,0.0066,-0.0138,-0.1581,1.9228,0.7809,0.1896
45484.73615,1.0111,-1.8416,0.5963,-0.1275,2.7416,-0.9118
44635.88942,1.8558,-1.2211,-0.522,1.3521,-0.6141,1.6395
44780.28048,0.3852,-0.0574,-0.026,-0.6219,-0.2896,0.1302
45362.12004,-1.4534,-0.4429,0.0286,-3.1807,-2.1022,0.8696
45469.5374,0.9183,-0.9377,0.4279,-1.8348,2.0237,-1.9483
45375.99207,1.0003,0.2247,-0.258,-3.3328,-0.3307,-4.4171
45296.93153,-0.9509,-0.2814,0.2127,-1.3641,-1.9995,2.153
44503.49713,0.0383,0.1466,0.1675,0.4485,0.2364,-0.0495
44628.04847,-0.5968,0.8167,0.768,-1.2773,0.013,-1.0855
44688.99601,-0.3787,-0.3893,0.3084,-1.4675,0.2111,-0.3741
44736.79465,2.2299,0.1177,-0.1734,0.6764,-1.2319,0.0446
45089.03366,-1.6565,-0.9814,0.3718,0.7492,-1.1297,-0.9289
45112.45172,-0.4713,0.5298,-0.2105,-1.6054,-1.0187,1.8124
45258.18522,1.5006,0.9541,-0.0167,-2.4835,-0.389,-4.7758
45353.55562,-1.0503,3.4354,-0.8931,2.9269,-0.8614,-4.7275
45376.83647,1.1174,-0.8106,0.2065,-3.0693,2.3754,-2.9013
45093.88914,1.5081,2.5831,-0.9611,3.114,-0.9913,-5.0555
45337.75358,-1.9216,-0.6469,0.3607,1.861,0.0381,-2.1563
45350.44947,0.3733,3.5186,-1.2837,4.3945,-1.5382,-4.8719
44679.07441,-0.5957,-0.39,0.4371,-0.8628,-1.2156,1.9648
44575.48416,-0.6466,0.1889,-0.484,-0.6346,-0.2414,-0.3678
44754.40614,0.3484,-0.1984,0.34,0.7153,0.1163,0.2954
44441.49046,-0.7786,0.9525,-0.0539,0.0972,0.6565,0.6752
44992.09955,-2.1542,-0.4642,0.6721,-2.0617,-0.0512,0.9911
44912.45639,0.0258,-0.3194,-0.1076,0.0812,-0.2736,-0.5544
44403.21708,0.0621,-0.2622,0.518,0.9037,0.5214,0.1886
44888.90411,0.0111,-0.0535,-0.141,-0.4891,-0.3836,0.3725
44700.45569,1.9838,-1.0265,-0.0312,2.4075,-0.5434,0.3322
44633.98948,0.1665,-0.138,0.735,0.6033,0.3705,0.2234
45265.96564,-1.8521,-0.6834,0.7777,-0.2249,-0.694,-0.3782
45116.97541,0.8097,-1.1782,0.9478,-0.7209,0.883,4.7049
44942.88404,-0.3193,0.0472,-0.0232,-0.3806,-0.6711,0.1384
45240.06099,0.7932,-1.1976,1.0212,-0.4913,1.0018,3.1658
45359.91862,-1.4646,3.3124,-0.7472,1.7913,0.2876,-4.8552
44353.90532,-0.0185,-0.0084,0.0458,-0.0018,-0.0247,0.0443
45379.8521,-0.6484,3.399,-1.0193,3.0105,-1.1542,-4.4322
44929.37403,-0.3471,0.0652,-0.6037,-0.277,-0.1769,0.2748
45080.52935,0.7697,4.2845,-1.7283,2.5217,-2.716,-3.3546
45423.21719,0.278,-1.351,0.3641,-1.3249,0.5248,3.8586
45626.70158,-0.0427,0.0048,-0.0352,0.0521,0.0463,0.0502
44664.207,0.226,-0.136,-0.2907,0.9931,0.6623,0.0656
44741.43878,0.9215,-0.3133,-0.3973,-0.9387,-0.3479,-1.3659
44804.40564,-0.1472,-0.8433,-0.3285,1.2745,0.2136,0.8669
44490.70991,-0.5335,0.5807,0.1026,-0.4803,0.1901,-0.128
44839.99014,0.403,-0.0386,0.1255,0.7613,0.0829,0.138
44910.82794,-0.3987,0.2446,0.2307,2.8645,-2.1727,-1.9148
45231.5869,-0.7328,-0.2113,0.346,-1.9637,-1.6244,2.078
44545.08528,-0.3084,0.1363,0.1632,0.2331,0.0492,-0.0191
44784.86426,-1.4964,-0.1873,-0.0014,-1.8623,-0.9464,1.1986
45166.8101,1.1517,-1.5805,1.1928,0.3219,2.3678,-0.2413
45375.08738,-1.0626,2.8702,-1.0145,1.4677,-0.5296,-4.2627
44966.25533,0.1201,-0.0929,0.0668,0.2039,0.8123,-0.0883
45445.26153,-1.1142,2.9703,-1.2388,1.9989,-0.8042,-3.986
45400.50935,-2.2115,-0.5703,0.0233,-0.3307,-1.164,-0.6364
44760.37715,0.0752,-0.4353,0.7649,1.0594,0.6119,0.0439
44559.13878,0.0189,-0.3534,0.088,-0.5357,-0.2271,0.1597
44389.31272,0.162,-0.1387,-0.1137,0.3201,-0.4206,-0.0513
44785.52772,0.8814,-1.947,0.9206,2.1783,1.6129,2.4807
44865.2611,0.1045,-0.3166,-0.1262,0.3624,-0.0401,0.4617
44682.51227,0.4469,-0.0194,0.0833,-0.616,0.6741,-0.4145
45242.89576,-0.9158,-0.3881,0.4486,2.6418,-0.7257,-2.2166
45442.15541,1.0155,1.0629,-0.9485,-0.5256,-1.1179,-4.9873
44869.93535,0.1966,-0.0045,0.037,0.2064,-0.0374,-0.0027
45419.83967,1.045,0.3976,-0.3095,-2.9513,-0.5946,-4.3555
45489.56118,0.5116,-1.4732,0.5228,0.1612,0.8307,3.0306
44747.59071,-0.9303,-0.5031,-0.4969,0.5574,0.143,0.75
44621.77572,-0.3444,-0.1548,-0.066,-0.5759,0.1766,0.3627
45256.34567,-1.7174,-0.7513,0.6925,-0.368,-1.5326,-0.2531
45389.80375,1.4787,2.077,-1.2981,2.22,3.4117,5.4045
45003.34797,0.0385,0.0178,-0.0036,-2.7247,-0.7672,0.0555
45244.85595,0.7647,-0.8479,0.7806,0.1382,-0.2358,3.3104
45402.83142,-1.6012,-0.5222,-0.0304,-3.1879,-2.7851,1.2677
45565.97692,-0.6775,0.6793,-0.2275,-0.9379,-0.5515,2.5344
45467.45662,-0.6484,0.1774,-0.5972,-2.4245,-1.0691,2.4099
44825.54527,0.516,-0.0241,-0.3106,-0.2989,-0.2654,0.1062
44629.76742,0.178,0.1217,0.1957,0.9729,-0.5175,-0.9711
44917.16076,0.4496,0.1482,0.4508,0.968,0.2834,0.0381
44991.28531,0.152,-0.5079,0.4698,-0.6537,-0.3501,0.4196
44659.95485,-0.0044,0.0313,-0.1186,-1.4244,-0.7451,0.1397
45124.65056,1.6748,-0.0418,0.4589,-4.544,1.2076,-5.0436
45014.38529,0.177,0.3598,-0.1144,4.3796,4.2254,-1.7838
44615.23158,0.6772,-0.4952,0.1273,1.7666,0.2103,0.1926
45331.33021,-1.9614,-0.709,-0.2684,-1.3169,-2.0938,0.6816
44683.86934,0.7534,-0.0126,0.7136,-1.1524,-0.2817,-0.2052
45346.61959,0.9963,-0.8474,0.2032,-3.5879,2.2175,-3.2134
44849.73062,-0.125,0.1832,-0.1761,0.168,0.2105,0.3382
44363.70716,-0.1758,-0.3419,0.0728,0.2991,0.6202,0.3597
45135.14525,0.8919,-0.5013,0.5117,0.9212,-0.2774,5.0513
44926.81075,0.3159,-0.1371,0.0014,0.0107,0.2716,-0.0862
45289.35215,0.0788,0.1341,-0.5459,-2.0073,-0.5834,-1.1551
44596.89597,-0.8465,0.5595,0.3056,-0.2494,0.0403,0.0519
45286.80391,-0.646,1.7811,-0.2807,-0.2448,-0.1912,-3.1404
45332.62694,0.7307,-0.4092,0.1269,1.3303,2.026,4.4636
44520.62708,-0.2607,0.4884,-0.0712,0.1389,0.0561,-0.5144
45194.73531,0.96,-0.7531,0.6181,-0.1299,-0.4625,4.8838
44829.34497,0.2104,-0.1797,-0.0122,0.2073,0.411,0.1803
44569.06062,-0.3127,-2.3269,0.4418,2.7499,-0.115,1.722
44600.81641,-0.4358,0.4541,-0.3666,-0.2701,-0.4592,-0.1497
44447.16046,1.086,-0.2587,0.5514,0.3517,-0.3239,0.465
44775.45543,0.7826,-1.018,-0.0252,0.2239,0.1239,0.4766
44372.96611,-0.1567,-0.2524,-0.5583,-0.5759,-0.4505,0.0874
44918.97018,-0.8285,-0.3288,0.3777,0.1244,-0.1531,0.7675
44416.63869,-0.4456,-0.2283,-0.1974,-0.8597,-0.2945,0.3
45001.05604,0.004,0.1436,0.0046,1.1146,-0.0846,-0.311
45461.6666,1.7871,1.5207,-1.5451,-0.4338,2.4466,5.8003
45524.33129,-0.8148,0.7274,-0.5254,-0.7306,-0.4147,1.8843
45073.32183,-1.3519,-0.6851,0.2751,-2.6081,-2.1037,0.6853
44394.50042,-0.0866,-0.5802,0.2461,-0.8776,-0.4349,-0.101
45271.87637,1.4959,-0.0394,0.3616,-2.507,3.2579,-4.0288
44777.86795,-0.3695,0.2439,0.2533,-0.1451,0.0518,-0.3298
45464.13941,2.592,2.4665,-2.9065,-1.7161,1.101,3.5736
44502.65273,-0.2558,0.136,0.4787,-0.4781,0.1702,-0.0362
44654.70752,0.377,0.133,0.3974,-1.1302,-0.6328,-0.2538
45605.42108,0.6465,-1.3619,1.0729,-0.7938,1.2756,3.1439
44535.22361,0.3849,-0.6091,-0.2947,0.8489,0.0397,0.6683
44988.29981,0.2596,-0.4816,-0.2325,-0.1796,-0.3031,0.5713
45235.95969,1.8526,0.0202,0.4774,-3.52,1.1749,-4.5452
45469.47706,1.3204,0.4313,-0.1073,-0.7864,0.9171,-4.1949
45006.51438,0.1031,-0.0854,-0.0538,0.5891,0.8784,1.7833
44569.36219,0.4796,-0.4175,-0.5285,0.7737,-0.1569,0.5748
45625.97783,0.0527,0.0564,0.0296,0.3032,0.0051,-0.2055
44646.98729,-0.233,0.9509,-0.0694,-4.786,0.5498,0.8937
45120.00626,2.0386,-0.6616,1.4871,7.8872,5.0006,-6.1298
44435.36799,0.9705,-0.7702,-0.3604,-0.1775,0.0832,-1.3145
44689.02619,0.7566,0.4217,-0.4194,-0.0746,-0.3027,-0.8853
45190.09117,1.5863,2.485,-1.3714,-3.6988,-0.5837,2.444
44523.16034,0.061,-0.2718,0.1373,-0.2764,-0.2707,0.1223
44366.48181,0.3257,-0.908,0.3502,0.4018,-0.1489,0.4664
45054.44362,0.6096,-0.9925,0.482,-0.5004,0.0655,3.9321
45056.46412,-0.9892,3.0332,-0.0682,4.0112,0.2187,-2.7532
45271.84622,1.7881,0.6483,0.0356,-2.5174,1.8343,-5.0288
45277.66645,1.779,3.3952,-0.5513,6.0103,0.9409,4.6637
44427.07401,-0.1679,0.5036,0.1224,0.6503,-0.06,-0.091
44603.74168,-0.8723,0.1972,-0.0603,-0.4184,0.2101,0.5107
44655.15988,-0.153,-0.0853,0.4825,-0.3014,-0.751,-0.4322
44664.93077,-0.4941,0.8706,-0.4065,-0.3945,-1.4726,-0.7586
44787.66881,-0.1462,0.1218,-0.5493,0.2266,-0.0288,-0.6978
45106.07327,0.5934,1.7881,-0.9443,-3.3303,-0.2366,1.3754
44983.02242,-0.36,-0.2166,0.2154,0.2761,0.8368,1.3441
45282.9439,1.5646,1.4577,-0.3949,-1.7483,-1.1947,-5.2537
45088.12891,-0.9908,-0.3784,0.114,-2.913,-1.5681,1.5007
45309.95924,-0.8988,2.4636,0.1932,-0.25,-0.137,-3.9304
45364.05009,1.1733,0.446,-0.2555,-1.4967,0.2771,-4.2851
45434.82743,-1.2529,3.1432,-1.1407,2.1547,-0.6883,-4.6801
45537.26832,-0.9943,0.3633,-0.1883,-2.9378,-1.0723,2.7835
45560.48852,-2.1127,-0.7223,0.3481,-3.874,-2.3481,0.5823
44573.1319,-0.1056,-0.1612,0.2805,0.4271,0.2595,0.5058
45609.64295,2.9521,2.8379,-2.3655,-4.2188,2.0461,3.7785
45455.48451,-1.5615,-0.4878,0.0486,-2.4461,-2.2878,1.1151
44657.81369,-0.5748,0.1169,0.0536,0.1893,1.0298,-0.1787
44526.08569,0.0711,0.6018,0.1688,0.1488,-0.0212,-0.7855
44426.28988,-0.1255,0.0135,0.1534,-0.1011,-0.0488,0.3862
44668.7607,-0.0921,0.0075,0.1169,-0.6072,-0.3034,0.1184
45167.59418,1.2966,-1.4,1.1709,0.3158,2.3451,-0.6992
44401.64869,0.2019,0.2245,-0.0215,0.0893,0.0015,-0.2441
45071.63304,0.3088,1.6047,-1.0773,-4.37,-0.589,2.1083
45080.37857,-1.8786,-0.8188,0.0491,1.0615,-1.1897,0.023
45236.29142,-0.0456,1.2748,-0.7986,-3.3923,0.2337,1.8462
45461.75705,-0.3986,1.3207,-1.116,0.3384,0.2899,1.3027
45592.27304,-0.5986,2.9562,0.0818,2.9651,-0.1691,-4.4709
44759.68353,-1.8757,-0.4198,1.9421,-2.8622,0.0521,1.1267
44549.51845,0.0473,-0.0268,0.2443,1.3365,0.1079,0.0063
44682.18054,0.4864,0.2891,-0.6186,0.6246,0.0755,-0.5821
45534.19238,-1.7357,-0.6517,0.5699,1.3558,-0.4276,-1.4587
44543.96943,0.3015,-0.2173,-0.1775,1.1917,0.2355,-0.1266
45532.53379,-2.1016,-0.7832,0.1792,0.0934,-1.2143,-0.1047
44390.36834,-0.3631,0.3264,-0.222,-0.394,0.0294,-0.2403
45265.48312,1.4907,-0.8057,1.1604,0.8091,1.9557,-1.785
44757.7837,-0.4164,-0.1041,-0.4814,-1.182,-0.7114,0.1927
44793.36838,0.162,-0.1053,0.1585,-0.2908,-0.0061,-0.0223
44877.32382,-0.2736,0.1707,-0.4399,0.3154,-0.2377,0.1789
45413.3862,0.9639,0.8437,-0.3184,0.6282,0.894,-5.1152
45449.60405,0.4001,-1.0494,0.5641,-0.4119,0.998,4.0151
44449.48275,0.1937,0.0969,0.1559,-0.1102,-0.1191,0.1836
44884.19962,0.0316,0.0492,0.2414,0.7025,0.236,0.1433
44631.78797,-0.4129,-0.9688,-0.0314,-0.4916,0.0591,1.7919
45190.24196,-0.9405,-0.455,0.5505,-3.7498,-1.8259,2.0014
45340.2264,0.9716,2.0416,-1.1156,2.7797,-1.7302,-5.3695
45370.95592,-1.9733,-0.5481,-0.2489,-0.7466,-1.5967,0.5257
44491.91629,0.1585,-0.0166,0.1916,0.0236,-0.316,0.1405
44565.20043,-0.1005,0.0566,0.1395,0.0298,0.0244,-0.5008
45136.77375,2.0576,2.0551,-1.4366,1.951,2.2663,5.3518
44521.41117,0.2788,-0.5848,0.0926,0.3968,-0.3998,0.5907
44669.57494,0.1668,0.6704,-0.7472,-0.4861,-0.7304,-0.0119
44857.90295,-0.2514,0.5003,-0.4552,-1.0315,-0.3623,-0.7148
45460.7619,0.6474,-1.4289,0.7672,-1.0904,0.8246,3.4076
45568.17831,0.6144,-1.089,0.8265,-1.2639,1.0617,4.1963
44729.7078,0.5989,-0.5013,0.5084,0.7114,-0.2215,0.6865
45039.85771,0.1551,0.417,0.2076,0.5964,-0.3826,-1.2465
44451.7447,-0.181,-0.1285,0.1541,0.075,0.1915,0.2449
45390.25611,0.2004,2.5802,-1.1755,2.8009,-1.7608,-5.2777
45438.71759,-2.2864,-0.6119,0.312,0.2485,-1.5253,-0.0244
44783.20565,-0.235,0.2208,0.3982,0.261,-0.1873,-0.316
45193.80045,1.546,-1.0057,1.0907,-1.6722,2.8399,-1.9334
45237.49767,1.4988,0.5729,0.1472,-3.5315,-0.6505,-4.0358
45485.18849,-1.8195,-0.5761,0.2587,-2.3642,-1.2859,-0.7683
44808.17521,0.7004,-0.1603,-0.679,0.8498,0.0844,0.1755
45166.65931,1.5193,1.4941,-0.3885,1.7005,-0.6811,-5.7855
44473.39884,0.0955,0.263,-0.1258,0.3432,-0.1228,-0.248
45498.96987,1.1157,1.4957,-0.4219,1.2202,-0.2772,-5.304
44679.46646,-0.0937,0.8932,-0.7642,0.4025,0.1377,-1.2899
45370.1417,-2.2253,-0.3043,-0.435,0.4598,-1.9824,0.8163
45598.57565,-1.8499,-0.708,0.5773,1.1764,-0.3755,-1.4629
44697.16857,0.2994,0.1653,-0.2396,1.2229,0.7045,-0.183
44969.42178,-0.06,0.1891,0.0303,-1.3469,-0.3396,0.4701
45062.2844,2.9729,2.7315,-2.5298,0.3353,1.0265,4.3511
45617.74002,-0.0313,-0.3567,0.4287,0.6578,-0.8936,-2.368
44651.39023,-0.6245,0.8937,0.4215,-1.255,-0.6013,-0.4227
44556.15315,0.3538,-0.0726,0.1388,0.0844,0.0863,-0.0276
45018.24535,0.0616,0.4118,-0.0347,8.7321,0.0511,-3.2672
45592.15241,-1.5014,-0.9087,0.3486,1.5329,-0.4673,-0.8994
45349.69557,0.8391,1.349,-0.9128,1.5934,-1.4504,-5.3197
44478.94805,-0.6013,-0.3045,0.2507,-0.8993,0.0593,-0.0761
45211.59295,1.6874,3.3135,-1.1946,6.9474,2.7259,5.2547
45277.90769,-1.0531,-0.753,0.7735,-3.0322,-2.3444,1.8819
45393.06069,-0.111,1.2677,-1.4264,-2.3571,0.3111,1.1603
44985.254,-0.1381,-0.1963,0.1126,-0.4449,-1.0772,0.5609
45491.88316,0.8817,-1.1827,0.6383,0.3879,2.9796,-0.5992
45180.50132,1.3959,0.7211,0.3006,1.5592,1.7014,5.285
45184.78355,-1.7123,-0.8511,0.4861,-0.1601,-1.0367,-0.4491
44420.68015,0.1814,-0.1062,0.0147,-0.1401,-0.0385,0.1371
44852.08279,0.3404,-0.164,0.0627,-0.9553,-0.1592,-0.6436
44421.52461,0.0228,0.1749,0.1339,0.2984,0.154,-0.0567
44369.98034,-0.3327,0.265,0.3264,-1.0996,-0.4773,-0.3391
44775.6967,-0.2456,-0.6467,-0.4631,1.2979,-0.0076,0.7027
44619.27267,-0.6941,0.162,1.0611,0.1407,0.0214,-0.4515
44886.52173,-0.0346,-0.09,0.0484,0.4605,0.2912,0.2001
45312.2511,-1.5564,-0.7958,0.6553,-0.7902,-2.001,-0.5053
44655.25034,0.4064,-0.2102,-0.0648,0.6245,0.1526,0.0517
45017.00894,0.0475,-0.0968,0.4728,10.129,2.1667,-2.1137
45320.52916,1.6449,1.7686,-0.654,-2.238,-0.0408,-5.9473
45399.21264,1.2014,-1.3138,0.6535,-0.352,2.0904,-1.2892
45449.57386,0.5569,-1.2813,0.7141,-0.6877,1.1566,3.1453
45129.29479,1.5894,2.5812,-1.194,3.4906,-2.2961,-5.4134
44572.77002,-0.2288,-0.0593,-0.3744,-0.5603,-0.1721,-0.4025
45373.45891,-1.6169,1.0753,-0.1197,2.0977,0.2521,-3.5566
44439.892,1.2134,-0.5391,0.6856,-0.9423,-0.3953,-0.7533
44448.93986,-0.3191,0.0947,0.3125,-0.5083,-0.9284,0.1075
45167.47358,1.6096,0.886,-0.1001,-1.6503,0.218,-5.1093
45472.22133,0.4676,1.7552,-1.4452,-2.2432,0.1793,1.3071
45392.12582,0.8104,-1.1546,0.7069,-0.9005,1.556,3.9738
44454.91141,0.3759,-0.0157,-0.0435,0.3642,0.3578,0.0829
44753.35064,0.0416,-0.2215,0.4504,0.1428,0.1443,0.3569
44761.5231,0.323,-0.1043,0.1585,0.3356,0.1288,-0.2088
45247.29865,1.7799,3.1437,-0.5213,4.6952,1.2463,5.3199
45239.00552,0.883,3.7274,-0.5143,1.4019,-0.7379,-5.0334
44577.68567,-0.8846,-0.3598,-1.1759,1.5698,0.6678,0.783
45363.20568,1.1898,2.3163,-1.2699,3.7292,-1.3641,-5.3784
44635.19576,-0.4408,0.4651,0.1309,0.0498,-0.0704,-0.2266
44864.59764,0.1528,-0.1895,0.064,-0.1672,0.058,0.0521
45393.78445,1.5748,1.8098,-2.1128,2.4534,2.4847,5.7092
45541.15845,2.0249,1.946,-1.826,0.6252,0.936,4.7497
44391.00173,-0.2544,0.3339,0.2222,-0.4839,0.4742,-0.4178
45222.13775,-1.211,-0.613,0.5872,-2.8303,-2.064,1.3206
45559.79492,-1.4868,-0.5605,0.5509,0.6577,-0.4535,-2.0706
44710.46783,0.1115,-0.0052,-0.1115,0.4576,-0.1049,0.1768
45127.15362,0.9021,-1.4421,1.0372,-0.6302,1.4479,2.0042
44492.64008,0.283,0.0744,0.1069,1.3263,0.148,0.5959
45469.02472,0.2898,1.6763,-1.2779,-1.4594,0.2539,1.5942
44982.50975,0.5258,0.2614,0.3366,0.0329,0.4903,0.939
45551.71306,-1.7824,-0.7546,0.0866,-0.2974,-2.4099,0.2495
44756.03461,-0.2266,0.019,-0.4183,-0.2168,-0.0282,0.199
45499.15081,0.7975,-1.7842,0.6589,-0.5357,2.3337,1.5211
44863.42156,0.0441,-0.0336,0.1097,0.3088,0.3297,-0.0373
45050.49306,1.5662,-0.9977,0.5906,-1.7034,2.3828,-2.5615
45175.61592,1.0255,-1.4002,1.0898,-0.5286,1.546,2.1056
45014.68686,0.009,-0.6199,-0.3213,-1.8587,0.9712,3.4334
45579.78839,-1.2602,-0.4088,0.2543,-3.6932,-1.4926,1.7676
44846.74516,0.1189,-0.1721,0.0876,-0.0876,-0.0985,-0.088
45167.05134,0.5014,1.5401,-0.7832,-3.2556,0.1435,1.6542
44762.27699,0.1673,0.3302,-0.2602,0.5631,0.2866,0.6601
44840.925,-0.4185,-0.0688,0.7131,-0.0992,-0.068,-0.4964
45184.15029,0.6794,3.7647,-0.8801,2.5672,-1.0666,-5.7638
44524.09527,-0.306,0.1561,0.1844,-0.9061,-0.1438,-0.0583
45100.04152,-1.481,-0.5975,0.3632,1.3923,-0.5021,-1.4891
45449.93574,-2.0035,-0.6388,-0.026,-0.7314,-0.7367,-0.6851
44725.51601,-0.0063,-0.6356,-0.0258,0.1617,0.2563,0.1995
45089.81776,-1.9118,-0.8552,0.3086,0.9149,-1.1679,-0.914
45352.31917,0.4314,-1.2529,0.513,-0.3482,1.0682,4.0051
45150.34443,1.6392,1.5501,-1.4478,-4.2816,0.0614,2.5593
44595.62933,-0.649,0.0555,0.6512,-0.8142,0.1549,-1.0636
44591.1962,0.2067,-0.4109,0.5029,1.1235,0.5098,0.4358
44395.88783,0.0127,0.2273,-0.091,0.0157,0.1939,-0.0449
44529.58404,0.1225,-0.3276,0.2909,0.5358,-0.1857,0.5742
44787.60851,0.0293,-0.5237,0.0126,0.6366,-0.1311,0.2902
44809.77348,-0.1279,0.3572,-0.4814,-0.5307,-0.0789,0.1779
45123.38396,1.8336,2.0959,-1.758,-3.2638,0.21,1.7852
45218.09677,-0.682,0.2802,0.2798,-2.2567,-1.8004,2.4175
44462.90353,-0.2058,0.0827,0.171,-0.5363,0.2049,-0.0552
44633.11492,0.6525,0.0924,-0.0763,-0.4057,0.241,0.0136
45413.68774,1.5697,1.8456,-2.2603,4.6344,2.3539,4.6821
45552.61776,-1.4702,1.0898,0.2661,-2.2012,-0.2729,-2.9542
45331.11912,1.4823,2.1263,-2.2535,-2.4043,0.2587,2.2091
44556.42458,-0.0537,0.3828,0.3586,-0.8177,-0.5516,0.1826
45180.26005,1.5476,0.4713,0.0918,-3.7808,1.1887,-4.5197
44952.68482,0.241,-0.1124,-0.1521,0.0961,0.1066,-0.0681
45068.64751,-1.345,-0.9941,0.2067,-2.9805,-2.1838,1.1302
44427.97882,0.1928,0.6235,0.2855,-0.8115,0.0964,-0.419
45135.50714,-1.662,-0.5645,0.5919,-0.3015,-0.361,-1.9438
44548.70421,0.1849,-0.0405,0.2161,0.9628,0.2561,0.1609
45147.08746,3.667,3.3793,-2.4942,-3.3773,0.2437,3.7661
45161.65327,-1.4176,-0.7907,0.4738,-2.8808,-2.2821,1.0633
45227.27448,1.1768,-1.523,1.2779,-0.1714,2.0559,0.2841
45576.98389,0.8236,-1.5519,1.4254,0.589,2.1609,0.1565
45055.58954,-1.5988,-0.7997,0.1311,3.6156,-0.0249,-1.6282
45017.5819,0.4141,0.0209,0.4645,2.5397,3.2134,-2.1606
45540.85691,1.4795,1.052,-0.1496,-0.3051,0.5174,-5.0037
44999.30697,0.3145,0.0025,0.1796,0.0581,0.3131,-0.4259
44638.93529,0.046,0.1058,0.3176,-0.6254,0.5698,-0.6281
44502.894,0.0819,0.0236,0.3037,0.0435,0.083,-0.1474
45330.33503,1.7695,2.3002,-2.8272,-3.4341,0.6737,3.0313
45334.88871,0.8969,-1.8551,0.8818,0.417,2.4543,-0.1507
44850.03218,0.1503,0.2211,-0.2446,-1.3033,-0.0114,-0.7756
44904.04278,0.3048,-0.2644,0.2771,-0.5184,0.016,-0.3048
44517.85254,-0.7117,0.4794,-0.0053,-2.6306,-0.6529,-0.3243
44444.74772,-0.2599,0.6514,-0.2531,-0.4414,-0.0212,-0.4985
44631.99906,0.1635,0.0207,-0.0345,-0.3482,-0.182,-0.0087
44939.41607,-0.1968,1.3109,-0.2587,-3.9108,0.5276,0.5374
44918.27658,0.8519,-0.9821,0.8725,1.3716,-0.0764,0.7044
44958.92719,-0.2433,-0.2738,-0.5162,-0.6955,-0.2924,-0.2068
45045.36638,0.8536,-0.3612,0.6875,-0.3157,2.2997,4.9844
45165.39275,1.5479,2.3299,-0.6726,2.5857,1.5735,5.6426
44445.38105,-0.565,-0.2342,0.2058,0.5294,0.22,0.2971
44702.50637,0.383,0.1124,-0.1346,-0.6822,-0.5114,0.1317
45602.43563,-0.3977,0.9384,-0.0751,-2.7832,-1.4241,1.2495
44911.76278,-0.1315,0.1121,0.0672,-0.1608,0.1478,0.3565
45074.37734,1.0417,1.1406,-0.1719,-2.6589,1.6507,-4.9384
44485.10043,-0.1836,0.2037,0.1827,-0.2198,-0.1156,-0.1182
44687.85007,-0.001,-0.0757,0.1466,-0.0502,0.1128,0.0922
45226.88247,-1.431,-0.7607,0.3567,-1.1276,-1.5846,0.5841
45318.83532,0.7939,3.6299,-1.4817,0.5244,-2.2723,-4.9454
45051.18668,1.6626,0.4641,0.1465,-0.9404,0.5357,-5.2044
45273.98733,-1.5619,-0.8408,0.7211,-1.7485,-1.7695,0.0632
44723.67647,0.0427,0.3365,0.1977,-1.3851,-0.2291,-0.2372
45552.76853,1.6377,0.9629,0.1806,-2.6823,1.735,-4.5795
45578.97419,-1.2637,-0.5939,0.4496,-3.98,-1.801,0.6226
44375.28839,0.0444,-0.1182,0.2785,-0.1788,-0.6896,-0.0625
44649.73157,-0.3367,0.6141,-0.2403,1.0312,0.3976,0.0123
45300.73128,1.6798,0.8738,0.6507,2.7395,2.0123,5.7221
44842.46296,-0.1677,-0.4892,0.0693,-0.7557,-0.0896,-0.1573
44407.28889,0.1305,0.3178,0.5526,0.1604,-0.3281,-0.3706
45012.33466,0.1062,0.0704,-0.0416,-0.6326,0.4537,-2.6633
44978.0466,0.5383,0.4445,-0.0177,0.6383,-0.1127,0.4209
44523.00956,-0.0792,-0.1675,0.0493,0.263,0.1006,0.776
44638.66387,-0.0185,0.5621,0.6582,-0.2981,0.0188,-1.0543
44689.32773,0.7084,-0.1053,-0.4441,0.1677,-0.6619,0.3071
44640.26221,-0.4204,0.5469,0.048,-1.9634,-0.1676,-1.061
44727.35558,-0.1132,-0.6476,0.2177,-1.0227,-0.0649,-0.1371
44687.57864,0.277,0.0255,0.2338,1.0273,0.1317,0.4949
44737.7295,-1.2019,1.0168,-0.9771,0.0008,0.9416,-0.786
45031.79581,0.0846,0.0078,0.1865,-0.5983,0.0815,1.3609
44522.49688,-0.2295,0.429,-0.373,-0.1264,0.0005,-0.6445
45146.39385,-0.8381,0.3115,-0.0531,-2.6072,-1.3549,2.322
44995.83896,-0.0504,0.003,0.22,-0.3516,1.0956,1.2618
45509.25316,-1.9122,-0.7597,0.3559,-0.8335,-1.384,-1.1018
44892.70388,-0.185,-0.0645,0.3757,-1.2062,-0.0273,-0.6964
45288.41232,-0.4739,-0.2732,-0.4931,-0.6643,-1.1049,0.0535
45049.7391,1.3522,-1.6267,0.7493,-1.0679,3.1214,-1.6439
45351.8065,-1.6518,-0.7411,-0.2303,-2.0433,-2.2483,1.316
44596.26264,0.2411,-0.2392,0.131,0.2794,-0.0486,0.1931
45358.89332,-1.226,-0.0088,-0.422,-4.273,-1.6368,2.2161
44457.68607,-0.0108,-0.0932,0.0764,-1.2539,-0.3981,-0.2575
44602.14333,-0.2721,-1.2367,-0.8632,2.041,0.5959,1.4826
44736.58355,-0.0505,0.2911,-0.192,0.5673,-0.169,0.0941
45523.18539,1.2391,-0.9125,0.3426,-5.579,2.732,-3.195
44864.02467,0.3488,-0.1048,0.1541,-0.5185,-0.0887,0.0377
45337.30121,0.7579,-1.9748,0.8518,-0.2828,1.9221,1.9045
44819.90604,0.2246,-0.2728,-0.0493,-1.0975,-0.4157,0.1586
44859.71234,0.2292,0.0822,-0.1964,0.1622,-0.2628,0.3539
44514.29386,-0.0313,-0.0225,0.0365,-0.5143,0.0695,-0.298
44897.37815,-0.0595,0.1188,-0.4154,-0.1494,0.0168,-0.1963
45445.23138,-1.4715,1.5267,-0.4282,0.5806,-0.0876,-3.5878
45278.8124,-1.01,-0.6943,0.5825,0.5693,-0.2941,-2.3625
45401.98703,-1.2202,-0.1496,-0.3286,-1.8691,-1.2598,1.9418
44968.60753,0.0539,-0.095,0.2619,-0.4855,1.0218,-0.2738
44934.47043,0.0278,0.1152,0.153,-0.1066,0.0041,-0.4114
44451.23198,-0.2543,0.3431,0.2442,0.0024,0.1408,0.3728
45466.55192,2.7931,3.0591,-2.8182,-3.4109,0.6028,2.9024
44812.03522,-0.2968,0.0636,-0.0402,-0.7486,-0.136,-0.0849
45302.17878,1.3738,-0.6405,0.9751,-0.0106,2.2565,-1.7849
44718.9117,-0.2843,0.757,-0.4502,-1.3697,0.1192,-0.1051
45181.85839,1.555,0.1048,0.4456,-4.5037,1.2692,-4.3757
45577.43625,-1.7715,-0.7538,0.5462,1.8423,-0.7261,-1.4101
44692.22281,-0.3925,-0.2135,0.3571,-0.6915,0.0666,0.275
44700.84774,0.6103,0.696,-0.2058,-1.8748,0.1659,-0.3397
44587.39636,0.7453,-0.1244,-0.1967,0.7481,-0.0222,0.3982
44725.78745,0.4439,-0.8234,0.8565,0.0737,0.0052,0.6125
44999.60854,0.0559,-0.0175,0.0497,-0.8945,0.0848,-0.5915
45109.72243,0.3513,0.0621,0.1111,-1.3791,0.6497,-3.6725
45121.24276,-1.8801,-0.64,0.8252,-2.3812,-1.9681,-1.1114
44693.03704,0.1167,0.1138,-0.299,-0.7284,-0.1325,-0.4656
45001.87028,0.072,-0.3884,0.0665,-1.7253,-0.2005,0.2129
44976.90063,0.451,-0.0903,-0.0194,-0.4284,0.004,0.8343
44617.19181,-0.4291,0.7302,0.1567,-1.2734,-0.143,-1.2439
44889.71833,0.0293,-0.0186,0.0478,0.0152,0.0709,-0.2599
45130.2598,1.2077,-1.7341,1.4915,0.2874,2.3008,-0.7595
45317.20186,-0.2992,-0.2483,-0.6923,-0.4243,-0.9564,0.5287
45377.46975,-1.1271,3.2895,-1.0418,1.1644,-0.8857,-3.8058
44546.14079,0.1028,-0.189,-0.3,0.3438,-0.0497,-0.0015
45393.72414,0.9723,-1.0442,0.6263,-0.1158,1.5543,4.1577
45281.34558,1.5149,1.9329,-0.4428,0.6199,-0.6354,-5.44
45447.67405,-0.8808,3.385,-1.3681,2.5619,-0.8989,-4.7764
44430.87413,-0.2517,0.4818,0.0103,-0.8645,0.287,0.222
45491.00866,1.2225,-0.0588,0.2327,-3.1471,2.6681,-3.6897
44434.07112,0.0807,-0.3362,0.3814,-0.2444,0.1457,-0.1847
45128.75196,0.7994,-1.0264,1.0109,-1.2775,1.9521,4.1153
45373.0066,0.6685,-1.4167,0.7716,-0.9824,1.6886,3.5126
45498.93972,0.6169,2.9465,-0.7822,4.1158,-0.746,-5.4578
44652.65685,0.3989,0.3222,0.3775,0.6113,0.2443,-0.414
45583.1659,-1.3032,-0.1388,0.6096,2.9934,0.3491,-2.3632
44360.66106,0.0485,-0.2243,0.0047,0.1488,0.7372,-0.1156
44447.67316,0.676,0.4432,0.7598,0.2108,-0.0741,0.1019
45133.30569,1.9234,1.0959,-0.2272,-1.2208,0.3809,-5.6701
45092.53202,0.7912,-1.602,1.2138,-0.2252,1.8258,2.2354
45218.18722,-2.0496,-0.7553,0.7971,-1.9616,-2.547,0.3897
45206.73769,0.858,-0.7477,0.8801,-1.0909,0.6495,3.5785
45541.46003,-1.7093,-0.729,0.3638,1.9479,-0.9054,-1.0145
44869.36238,0.0853,-0.0029,-0.5823,2.0692,0.4234,-0.6086
44950.4834,-0.1154,0.1189,0.4368,-0.6042,-0.2102,-0.2724
45014.0234,0.5858,-0.4961,-0.519,-5.0857,0.411,3.9021
44793.85092,-0.1719,0.0659,-0.1602,-0.5753,-0.0748,-0.419
45148.08266,-1.0812,-0.9605,0.6014,-4.1435,-2.2216,0.7241
44935.61638,0.1429,-0.0519,-0.4077,0.0461,-0.0127,0.0786
44527.29203,-0.1949,0.5923,-0.0924,-0.1859,-0.1858,-0.5273
44628.89285,-0.0816,-0.5799,0.6832,-0.0018,-0.3299,-0.6832
44920.08594,0.6282,-0.0849,-0.0668,0.65,-0.0055,0.0206
45045.2156,1.895,-1.3327,0.8696,-1.3665,1.6381,-2.2779
45551.47182,1.6391,1.7283,-1.3646,0.5203,1.4798,5.1205
45192.26245,1.0049,-1.5445,1.4443,-0.0529,2.3298,0.2885
44842.88515,0.1626,0.7419,-0.5063,-0.4302,0.1409,-0.8536
45289.65369,-0.1226,-0.3397,-0.8815,-0.894,0.8573,-0.4648
44765.8958,-0.3783,-0.0913,0.078,-0.8438,0.1152,-0.205
45562.72008,-0.1467,1.2043,-0.8439,-4.9864,0.5182,2.2772
44656.36614,0.0402,-0.0899,-0.2496,0.1211,-0.2535,0.1229
44447.13031,-1.1512,0.0583,0.2308,0.8482,0.5224,0.5383
44704.22533,1.3462,-0.3225,0.1791,0.9471,-0.1224,0.0575
45089.87809,-1.3754,-0.5662,0.4585,0.8988,-0.0922,-2.0942
45597.45986,1.472,1.9425,-0.8493,4.3108,2.6642,6.1525
44413.17021,-1.0651,-0.0285,0.2933,0.2754,-0.3472,0.0219
45476.8352,0.5614,-1.4434,0.4391,-0.1144,0.7656,3.0555
44733.41709,0.4445,-1.0676,1.1539,2.246,0.6058,1.2722
44912.96905,2.0286,-2.648,2.1154,5.2476,0.3011,3.2535
44709.83453,0.1068,0.3586,-0.3429,0.9251,-0.4125,-0.0046
44835.67779,0.0504,0.254,-0.1131,0.9035,0.2968,-0.5116
44964.92842,0.1352,-0.0461,-0.31,0.1758,-0.0738,0.1992
45084.57035,1.6184,-0.211,0.4265,-3.1222,1.5258,-4.4426
45091.62725,1.4643,-0.1325,0.2933,-3.7878,1.5168,-4.6862
45574.69204,0.8244,0.1134,0.5269,2.3912,0.2612,5.9021
44361.17376,0.0101,-0.0519,0.2164,-0.1408,0.4457,-0.2519
44373.8709,-0.0123,0.7039,-0.224,-1.9971,-0.6844,0.2956
44428.0693,-0.723,0.2098,-0.0879,-0.6952,-0.0853,-0.3132
45420.68408,0.9653,-0.3453,-0.0697,-3.2272,2.0021,-2.868
44476.32421,-0.1783,0.4331,-0.1261,-0.1643,0.1062,-0.2673
45375.4191,0.5219,-1.1215,0.2862,-0.4859,0.4396,4.366
44504.94476,-0.5207,0.5127,-0.9075,-1.997,-0.4693,-0.7745
44704.58721,0.4807,-0.0258,0.1307,-0.0603,0.082,0.0727
45152.81728,-0.3381,0.7891,-0.3605,-2.1127,-0.3411,2.7537
44592.97549,-0.7639,0.4668,0.1689,-1.6627,-0.5737,-0.4241
44739.41829,-0.1078,-0.2891,0.7688,-0.8157,0.123,-0.1076
45570.92251,-1.592,-1.5534,0.3151,-3.6229,-2.1809,1.1326
45598.93751,1.1842,-1.2596,1.4323,0.6782,2.0022,-0.3088
44814.53819,-0.0241,-0.0021,0.2437,-0.0598,0.0502,-0.304
44551.11681,-0.2354,-0.1978,0.1444,0.1751,0.103,0.2936
44703.07935,-0.6165,-0.1052,0.6546,-1.1534,0.3581,0.2852
45248.77632,1.0892,-1.2902,1.3111,0.5948,2.0694,1.6008
45085.08302,-1.8789,-0.6796,0.12,-0.1969,-1.5456,-0.0091
45598.5455,-2.1128,-0.6943,0.5065,-1.0537,-1.3057,-0.3325
44602.02269,-0.0736,0.3303,-0.0275,-0.0812,-0.1411,-0.2648
44698.76693,0.3268,0.1844,0.2348,-0.2684,-0.0486,0.4341
44952.20234,-0.008,-0.0253,0.3199,0.6494,0.1908,0.0488
45619.46394,0.1003,0.0511,0.2246,0.2867,-0.3957,-0.1507
45002.41311,-0.0291,0.0607,0.0537,-0.0751,-0.124,0.5536
45128.45039,0.1029,4.0767,-0.8647,3.4234,-0.6831,-4.4196
44394.10832,-0.2266,-0.1297,0.2911,-0.2063,-0.215,0.4202
45310.95438,1.5485,-0.0596,0.647,-3.6452,2.5778,-2.8973
45129.23448,-0.1962,4.3198,-1.1277,4.7472,-1.2188,-4.4583
45598.8772,1.4276,-0.5877,0.5519,0.9093,1.7687,-2.028
44620.59959,0.5257,-1.0162,0.0116,0.9866,0.2684,0.8766
45457.505,0.9611,-1.9246,0.9896,0.5771,2.4286,0.0633
44951.59921,-0.3057,0.107,-0.0377,-0.3641,-0.2384,-0.0584
45402.52985,0.5361,-1.4729,0.5016,-1.5284,0.8534,4.234
44729.13483,0.0015,-0.3222,0.0763,-0.8257,-0.0756,-0.4375
44389.82545,0.2512,-0.1922,0.1878,0.9776,0.2714,0.3088
45446.67886,-1.5002,-0.3478,-0.0755,-3.1637,-1.574,1.757
44463.62737,0.0808,-0.0476,0.2136,-0.0393,0.1752,0.2104
45204.74736,-1.2355,-0.7489,0.7649,0.838,-0.7404,-1.9206
44629.10397,1.0633,0.479,-0.201,0.6992,0.0381,0.5205
44691.77047,0.9535,-0.501,0.0556,1.009,-0.1832,0.6519
44903.22854,0.0823,0.0817,0.2368,-0.195,0.1086,0.1712
45007.26831,0.4892,0.5122,0.6686,-16.9329,-3.3224,0.9562
44961.52068,0.1142,0.1109,-0.7608,-0.2438,-0.0228,0.3819
45119.39807,0.6563,-0.375,-1.2539,-0.5772,6.032,0.4695
45125.43463,1.5691,-0.1328,0.0211,-3.9943,2.0813,-4.4684
44582.36007,-0.0117,0.5696,-0.112,0.2727,0.1668,-0.0642
44691.25781,0.0428,0.0597,-0.0924,-0.7192,-0.0453,-0.2499
44770.60023,-0.0065,0.2225,-0.0634,-1.1392,0.0274,-0.2874
45246.60503,-0.237,1.4076,-0.611,-2.2712,0.2404,1.6284
45269.49398,1.5488,-0.4111,0.9554,-1.0745,1.7689,-2.4059
44594.03102,1.0005,0.5261,-0.5169,-0.9854,-0.3672,-0.3115
45516.7319,1.1054,-0.2139,0.4257,-1.7854,1.0694,-4.0517
44517.76206,1.3631,-0.6361,0.831,0.2322,0.6954,0.1494
44459.82732,-0.1752,-0.029,-0.2137,0.3527,-0.1061,-0.019
45391.04019,0.0769,2.6851,-1.3358,3.1526,-2.4845,-5.1126
44512.27326,-0.3905,0.125,0.1849,-0.3035,0.2968,0.4078
44751.51109,0.5401,-0.0993,0.0067,-0.2598,0.2915,-0.4768
44653.41075,0.1696,0.2842,0.438,-0.3002,0.1899,-0.4177
44732.33146,-0.2937,-0.2466,-0.0298,0.5207,-0.2808,1.243
44787.97037,-0.1848,0.5061,-0.6152,-0.0872,-0.4708,-0.494
44836.06983,0.0858,0.1157,0.1215,1.2897,0.2238,0.5953
45368.15137,1.1655,-1.9035,0.8243,0.9717,3.1354,-1.5096
45601.31984,1.1227,-0.9423,0.6605,0.1184,2.6708,-1.05
45157.12974,1.3335,2.1759,-0.8194,1.7388,-1.3524,-5.2172
45604.96875,-1.3606,-0.7476,0.3419,-2.2082,-2.0805,1.0827
44573.01126,0.6176,0.5317,-0.9354,1.7979,0.1941,-0.6203
44387.77451,0.3529,-0.3532,0.1499,0.5384,0.1413,0.0858
45154.92827,0.9751,-1.6289,1.3931,-0.185,2.3568,0.5142
44912.42624,1.2685,0.2155,-0.6818,1.9478,-2.0068,0.5196
44645.84132,0.0047,-0.0248,0.0092,-0.0867,0.0489,0.2575
44855.70158,0.1598,-0.0134,-0.4253,-1.063,-0.3182,-0.0898
45014.44562,0.4956,0.2577,0.2727,12.9275,3.3582,-3.1002
44602.3846,-0.5156,-0.1318,0.8901,-0.7772,-0.7143,-0.1352
45136.14044,-0.7712,-0.2778,0.2867,-1.6752,-1.8368,1.5067
44541.01397,-0.0986,-0.6013,-0.1027,-0.5745,0.2517,-0.1833
44484.28614,0.3488,0.181,-0.0598,0.4095,0.0967,-0.0431
44702.29525,-0.1691,-0.429,0.4144,0.1348,-0.067,0.3414
44871.44322,-0.0397,0.0172,0.1327,0.0524,0.0271,-0.1222
44997.85943,0.3306,0.4534,0.2069,1.2038,0.7264,0.7316
44872.37805,0.0389,-0.1254,0.1289,0.2283,0.2867,-0.0837
45111.51181,1.5715,0.6257,-0.7875,-1.641,-0.4715,-5.5037
45339.44235,0.4015,3.01,-1.4775,2.8858,-1.7495,-5.1053
44758.02494,0.1613,-0.1356,-0.0183,0.2241,-0.2872,1.1132
44862.33593,0.0128,0.2026,-0.0469,-0.3265,0.0083,0.0783
45034.03746,0.4325,1.2964,-0.9152,0.2986,-1.1243,-4.7585
45496.49709,-0.7715,2.409,-0.7203,2.5478,-1.2443,-4.2036
45063.79224,1.8615,2.6888,-0.3955,5.4963,0.418,6.1447
44752.65708,0.2222,0.0389,0.0974,-0.1441,-0.0204,-0.0618
44500.42098,0.2979,-0.128,0.1892,0.3978,0.1121,0.5474
44752.53644,0.3319,-0.3245,0.242,0.2224,-0.0373,0.6284
44835.04449,0.1653,0.4953,0.0025,-5.9557,1.4229,2.1523
45033.45943,0.6175,-0.845,1.3341,-1.4354,0.1935,1.013
45046.63295,1.9317,0.2973,-0.0311,-1.6816,-0.1241,-6.1879
44509.61931,-0.5732,-0.0189,0.114,-1.554,-0.2378,-0.4043
44699.64147,1.3036,1.6667,-1.5264,1.9878,-0.1692,-1.4036
44991.1647,0.0562,0.0751,-0.0998,-0.2809,-0.5458,-0.4681
45475.7496,-0.8911,3.0105,-0.7849,2.2273,-0.7469,-4.4131
45187.88973,-1.0824,-0.8044,0.5161,-3.2237,-2.2347,1.5723
44640.23206,0.7492,-0.0024,-0.1112,0.6401,-0.1206,0.0058
44933.3245,0.1696,0.3787,0.5945,-0.1327,0.4105,-0.4779
44610.40643,-0.3246,-0.0242,-0.1147,0.535,0.6612,0.0853
45604.75766,2.5512,2.8285,-2.7349,-2.8531,0.7478,2.5341
44545.74876,-0.3943,-1.0806,0.2076,0.318,0.4471,0.3263
44434.01082,-0.2335,0.1225,-0.1781,-0.466,-0.0373,-0.1404
45197.44944,-1.5953,-0.8055,0.3515,-0.5612,-1.5923,-0.1222
45070.78865,1.6089,1.6586,-0.5366,3.8908,2.0261,5.8926
45422.67437,-1.2528,-0.2136,-0.1162,-3.0214,-1.84,1.9884
44809.11006,-0.1092,-0.0267,0.1015,-0.078,0.0953,-0.1775
45520.7427,1.3163,0.2098,0.179,-2.6155,1.2129,-4.3245
44822.68041,-0.0193,0.1567,-0.7722,0.0359,0.2604,0.1512
44900.57478,0.193,-0.191,-0.1024,0.1807,-0.1379,0.0222
44640.74472,-0.0925,0.2316,0.59,-0.2539,-0.1619,0.1017
44354.65928,-0.0014,0.0101,0.0027,0.009,0.0022,0.0113
44619.09173,-0.0998,0.2346,-0.4283,-0.4557,0.0175,-0.0716
45331.84288,0.9944,-0.1522,-0.1848,2.7065,0.9672,4.8446
45238.10082,-1.3265,-0.7448,0.358,2.599,-0.4642,-1.6628
45560.42819,-1.1829,-0.1131,0.2873,-4.3852,-2.6677,2.1505
44867.16094,-0.1018,0.1503,-0.0992,-0.5529,-0.4835,0.1609
44957.26859,2.4895,0.8935,-2.8361,3.4829,-3.1062,1.1102
44859.4711,-0.0813,0.0673,-0.4233,-0.3122,-0.1603,0.2107
45504.12661,3.155,1.8301,-1.725,-2.9393,0.3772,4.9175
45140.51324,1.4221,-0.9165,1.0399,0.6576,2.4585,-2.4531
44423.03262,-0.281,0.07,0.126,-0.1431,0.2314,-0.1444
44614.83952,-0.0421,1.1813,-0.93,-0.9883,-1.3691,-0.6259
44952.65467,0.1921,-0.0104,-0.1439,0.4432,0.0659,0.0208
44554.07228,0.6715,-0.2537,0.1026,0.6297,0.108,-0.1615
45245.42892,1.4427,1.1314,0.0472,-0.2697,-0.1556,-4.3413
45589.43836,-0.589,0.6483,-0.114,0.0751,-0.1336,1.5794
44599.1879,-0.731,0.3799,0.6016,-0.6131,0.1481,-0.4954
45154.20452,0.7453,-0.8802,0.8757,-0.4197,1.3747,4.741
44661.46269,-0.0117,-0.0132,-0.2828,-0.8212,-0.8043,-0.2247
44726.4509,-0.6519,-0.2578,0.1181,-0.0672,0.035,0.4061
45430.96742,1.1752,0.8658,-0.4417,-0.5598,-1.0331,-5.0188
45092.01931,-0.694,0.1236,0.1019,-2.2141,-1.3249,1.8756
45067.53169,0.9239,-1.7715,1.1097,0.6633,1.568,1.6271
45003.49875,-0.1528,-0.1512,-0.0099,-0.4912,-0.4254,-0.1027
44548.76452,-0.2644,-0.1316,-0.6523,0.3428,-0.0608,-0.5909
45112.54218,-1.6798,-0.6728,0.3534,-2.102,-2.0216,1.0245
44356.07681,0.0048,0.0005,0.0083,0.0274,0.0257,-0.0109
45335.85369,1.592,2.0975,-2.3008,3.9257,2.6681,4.6888
44437.20776,0.7454,-0.2721,0.4215,0.2159,-0.2116,-0.113
45575.08407,-1.3285,0.543,0.4206,1.6714,-0.1138,-4.1364
45442.06495,-0.7011,3.2364,-1.2758,2.9829,-1.4743,-4.4742
45039.09873,0.1576,-0.1806,0.7616,4.555,0.7958,-1.5524
45171.66536,0.7592,-0.8656,0.6843,-0.8004,0.399,4.1139
45252.63639,1.2668,-0.5331,0.5003,-1.3855,3.788,-1.9207
45433.34976,1.4557,1.0238,-0.5357,0.7888,-0.1623,-5.7369
44601.8719,-0.8935,-0.7445,0.6112,1.0777,0.4584,0.6493
44756.69806,0.6159,0.0005,-0.1894,-0.1388,-0.0194,-1.0533
44873.88592,0.3918,-0.1867,-0.0028,0.5537,0.3839,0.3304
45199.25882,1.5529,2.7496,-1.1583,3.9456,-1.9842,-4.9378
45513.41473,-0.0049,3.4323,-0.849,4.2178,-0.5432,-5.6658
44427.04386,-0.3921,-0.5327,0.3006,0.308,0.2678,0.5036
45177.87768,1.415,-0.3613,0.5427,-2.3822,2.7762,-3.4547
45626.61113,-0.059,-0.007,-0.023,0.1638,0.1874,0.1166
45267.65444,-0.9567,-0.0422,0.4204,1.6966,-0.6219,-2.0469
44824.06761,0.1972,-0.9956,0.7021,-0.9581,-0.3176,0.0718
45094.97486,0.9699,-0.2549,0.4321,0.7373,0.583,5.1078
44472.04167,0.0858,-0.275,0.058,0.5539,-0.3271,-0.1862
44595.81027,-0.8349,-0.0093,0.4781,0.3342,0.4335,0.4321
45157.03928,-0.9917,2.5002,0.0872,-0.6502,-0.5068,-3.4181
45469.17551,-1.6516,-0.7394,0.0656,-3.91,-1.9977,0.9304
44597.46897,0.3288,-0.0591,-0.7832,-0.0539,0.1948,-0.3671
45294.24756,0.8392,-0.7746,1.1166,-0.9627,1.5559,3.2004
45071.66322,-0.4229,0.9282,-0.5599,-2.8052,-0.9073,2.2962
45086.56072,-1.021,-0.4384,0.1718,-2.1611,-1.8704,1.2866
45559.07118,0.3677,4.0213,-0.1878,0.9448,-0.6746,-5.9138
45113.65803,1.9329,0.4208,0.1569,-4.7207,0.5773,-5.2186
44428.76296,0.1923,0.024,0.1531,-0.0422,0.0608,-0.2578
44692.91643,-0.2984,0.0517,0.1404,-0.8059,-0.0208,0.1534
45008.65551,-0.3349,0.0735,0.3156,7.1621,3.0825,2.8019
45192.14181,1.6894,0.3468,0.4194,-3.1919,2.0879,-4.7615
45142.62421,-1.2405,-0.7048,0.6617,2.2756,-0.7713,-1.6569
45499.96507,0.6575,-1.7395,0.9201,0.6627,2.2502,1.1605
45583.58808,0.7156,-0.3903,0.6564,2.2706,2.5923,6.7194
45268.74006,1.2922,-1.2146,1.4394,-0.7995,2.3907,-0.8287
44856.48563,-1.1618,0.0231,0.3864,0.8295,0.2281,0.5873
44688.12147,0.2382,0.2491,-0.4751,-1.4114,-0.195,-1.8595
44628.98333,0.0403,-0.6989,-0.1784,2.1491,0.4651,1.471
44732.5124,0.1081,0.0866,-0.0345,0.365,0.2732,0.0758
44597.37848,-0.006,0.6055,0.5109,-0.4231,0.3994,-0.3564
45088.30988,-1.191,0.2202,0.3671,-0.3725,0.1132,-1.3852
45181.16477,1.2366,-1.2792,1.1059,0.3003,2.3082,0.2342
45493.90365,-1.6008,-0.6623,0.0643,-2.6628,-1.932,0.5966
44902.53495,0.0887,-0.2094,0.0932,0.2411,0.132,-0.1383
45522.16005,-1.4294,-0.4651,0.1831,1.8205,-0.1885,-2.6104
44476.4147,0.342,-0.0624,0.0279,0.707,-0.1024,0.4671
45380.4854,-2.0613,-0.6617,-0.2083,0.3049,-2.1583,0.0565
44418.78004,0.3338,0.0351,0.2959,-0.2077,0.5607,-0.9591
44805.43096,0.587,-0.3115,-0.1427,1.0325,0.0487,0.4482
45460.91269,0.5971,1.5533,-1.4637,-3.8172,0.2649,1.7784
44864.56749,-0.1175,0.1239,-0.0796,-0.3011,-0.0702,-0.0089
44969.3313,-0.129,0.3938,-0.0028,0.3147,-0.497,0.9684
45154.80767,1.5649,0.3346,0.3175,-4.0483,1.1167,-4.9121
45429.48973,1.2362,-1.4717,0.9951,0.2481,2.2271,-1.0606
45049.70895,1.2142,-0.9121,0.3713,-1.9833,3.2105,-3.3483
45215.61384,-0.2762,-0.6908,-0.6761,0.141,1.299,-0.6591
45371.2575,0.9326,-0.3166,-0.1656,-2.6821,2.138,-3.4802
44754.13475,-0.5001,0.1232,0.2641,1.5551,0.5552,-0.3035
44588.66299,-0.1576,0.6624,0.3645,-0.8297,0.0707,-1.2482
44537.96799,0.0685,-0.1307,0.0004,-0.1409,-0.0343,-0.3774
45336.60761,0.8575,-0.6337,0.1374,1.386,1.0131,4.8208
45333.59198,-0.759,0.4948,-0.696,-2.5618,-0.6304,1.7392
44405.56971,0.0959,0.0264,0.0315,0.5108,-0.1453,0.504
45517.81755,2.6571,3.1232,-3.1417,-1.5008,0.092,2.8764
45592.00162,-0.9774,-0.0309,0.208,-1.3143,-2.2864,1.2171
44378.69644,0.101,0.0215,-0.078,-0.0073,0.061,0.0086
45608.4367,1.3642,1.0927,-0.239,-0.4093,0.5802,-4.2344
45037.56074,-0.0445,-0.0003,-0.0471,0.1942,-0.056,-0.4221
45000.96559,-0.089,-0.13,-0.3004,-1.4024,0.584,-1.1018
44384.81879,0.2394,0.0911,-0.067,-0.0431,-0.1773,0.0549
44566.28611,0.0012,-0.0551,0.0344,0.3106,-0.2202,-0.3782
44974.36747,0.1684,-0.1094,0.1471,0.1627,-0.3887,0.0107
44473.64012,-0.284,0.07,0.1328,0.1164,-0.1503,-0.1137
45417.03511,-0.5773,0.6107,-0.8806,-2.8534,0.1196,2.2364
45323.51963,-1.9432,-0.0213,-0.0019,0.3775,-1.007,-1.6472
45192.95606,1.5476,-0.1123,0.3935,-3.0405,3.408,-3.5589
45618.22754,0.0553,0.131,0.0335,-2.6169,-0.2453,0.6938
44585.76788,0.4878,-0.1516,0.186,0.0544,0.4199,0.9257
45203.81249,-0.9392,-0.309,0.4449,-2.1473,-1.5068,1.5182
44972.55805,-0.0161,0.2384,0.2451,0.2112,-0.5906,-0.3448
45557.23163,-1.3428,-0.202,-0.0062,-3.08,-1.2198,1.9095
45168.28777,1.5258,0.2941,0.2572,-4.8499,1.3638,-4.385
45418.60327,-0.3865,1.3136,-0.9411,-1.3097,-0.3624,1.824
44849.45923,0.0081,-0.1464,-0.1898,1.0052,0.0074,0.4072
45512.44973,-2.0095,-0.7566,0.2105,-1.5187,-1.5729,-0.118
44673.28425,-2.1967,-0.7161,1.367,1.3687,1.5695,0.7178
45614.01561,2.566,1.382,-2.5097,-2.9073,1.1247,3.0995
44471.16708,-0.2846,-0.6025,0.0238,-0.7607,0.3147,-0.3617
44814.62868,-0.5346,0.8008,-0.0134,-0.1387,0.1283,-0.603
44889.89927,-0.0582,-0.1409,-0.1904,-0.137,-0.1071,0.129
45171.69552,0.8284,-0.6754,0.7301,0.6215,0.0882,4.5509
44479.85282,0.6507,0.0802,0.1914,-1.3365,-0.2731,-0.5486
45390.4069,1.105,-1.0028,0.6872,-0.0745,1.8238,-2.0577
45196.36376,1.8833,2.6169,-0.4215,6.6801,1.635,5.5243
45134.05959,1.6777,2.2439,-1.0532,2.785,-1.5842,-5.316
44840.95515,0.2494,0.0541,0.554,0.4342,0.1524,-0.1208
44629.91821,0.103,0.0388,0.0429,0.458,-0.0531,-0.5554
44459.46541,-0.1047,-0.0351,0.013,-0.2701,-0.2911,0.4719
44721.11314,-0.3243,0.1619,0.076,0.4469,0.2162,-0.0914
44955.97184,0.3163,0.0541,0.3471,0.4976,0.4193,-0.3241
45025.42269,-0.3436,-0.0841,-0.2261,-4.8487,-0.2688,-0.4847
44848.8561,0.003,-0.091,-0.1747,-0.482,-0.4544,-0.0912
45079.20245,1.3489,-1.8686,0.6782,-0.1393,2.4427,2.7236
45239.51817,-0.7719,-0.13,0.3726,-2.3033,-1.2575,2.0674
45397.79526,2.094,1.6402,-1.8257,-1.118,2.0758,4.8437
45451.59437,-2.0039,-0.7039,0.185,1.1731,-0.6041,-1.2806
44471.3782,1.6029,1.066,-0.4205,2.9315,-1.175,0.0277
45525.11534,-0.4558,1.311,-0.7335,-1.3556,-0.4221,2.323
44761.16122,0.022,-0.0175,-0.1827,0.9609,0.3257,1.262
44766.89098,0.2425,-0.63,0.2669,0.9364,0.2226,0.3831
45069.703,1.0363,1.3837,-0.5688,-0.1679,-1.2605,-5.4832
45205.07909,1.1949,-1.3534,1.2358,-0.0661,2.4543,0.0327
44784.74363,0.7377,-0.8856,-0.8497,3.3282,0.606,0.2746
45198.38429,-0.388,2.4692,-0.6937,1.3952,-0.7523,-3.7853
44902.5048,0.4047,0.0384,-0.3182,-0.2033,-0.1251,-0.5173
44787.03554,-0.0018,0.0079,0.125,-0.5612,0.1055,0.2605
45360.4313,-0.5301,1.1672,-1.0635,-1.7859,-0.6811,1.7355
44741.25784,0.495,-0.2803,-0.4513,1.8096,-0.2639,0.4918
44893.42763,0.1302,0.4606,0.1674,-0.5087,0.3216,-0.4822
44406.77613,0.1528,-1.8991,-1.0542,1.6217,-0.6564,0.4492
45342.51832,-1.4329,2.122,-1.1102,1.4578,-0.4904,-3.871
45478.7049,-1.3118,-0.0797,-0.04,-4.3655,-1.2808,2.2218
44475.81152,0.2095,0.0162,-0.0872,-0.1851,0.126,-0.1762
44754.34584,1.2403,0.2795,0.8669,0.7979,0.0292,-0.4988
45117.09605,2.3361,2.9089,-1.2667,-9.5207,-1.609,2.1091
45252.33481,-1.7669,-0.8741,0.4999,-0.0159,-1.8958,-0.3334
45454.00687,-1.7961,-0.4212,0.3019,-0.072,-0.8716,-2.4436
44728.92374,0.2487,0.2403,-0.1914,0.5672,-0.0319,-0.4621
45385.49138,1.0248,1.0152,-0.7763,0.378,-1.2958,-4.8923
44401.49787,-0.1681,-0.257,0.4164,0.445,0.3945,0.1689
44638.51309,0.0132,0.1607,-0.4563,-0.622,-0.1884,0.0165
44828.25933,0.4236,-0.1763,0.5335,-0.7708,-0.4845,-0.3421
45290.23173,0.2565,0.6574,0.013,1.4561,-0.346,0.2212
45304.92307,-0.1463,0.7723,0.163,-1.0151,-0.7536,2.4836
44504.22095,0.0498,0.1519,-0.0449,-0.6125,-0.2767,0.3111
44857.60141,0.6028,0.1788,-0.0557,0.4623,-0.2309,-0.1696
45438.23509,1.0909,-0.9195,0.4205,-0.6325,1.8337,-2.0209
45021.38166,-0.5064,-0.3204,-0.5846,0.1126,0.3311,4.367
44513.9018,0.0894,-0.2187,0.2523,-0.0633,-0.0857,0.0929
45408.1691,1.7131,2.1006,-2.073,-1.9134,0.6818,3.4654
44669.78604,-0.0642,-0.374,0.1264,0.3253,-0.1005,-0.2329
45015.53128,0.3859,-0.4791,0.1958,1.2801,2.083,0.9761
44553.92149,0.1314,-0.1252,0.3476,0.1646,0.1422,0.1815
44637.6687,1.4583,-0.414,0.1019,-0.4227,0.264,0.2694
45541.91234,0.9606,-0.1523,0.3839,2.8787,-0.7055,5.2206
45354.36983,-0.1001,3.8191,-1.674,5.9296,-1.7463,-6.0287
44715.20242,0.8952,-0.6875,0.2302,1.2634,0.4776,0.6849
44661.52299,0.2293,-0.6436,0.153,-0.6806,-0.5595,-0.1959
44923.31267,0.0137,0.0825,-0.1526,0.9825,0.6204,0.2674
44767.52425,1.3735,-2.8536,-0.4201,3.0644,-0.2452,2.9472
44969.271,0.0074,-0.1163,0.1296,-0.0888,-0.5886,1.0549
45432.35459,-2.3199,-0.6947,0.179,-1.3216,-1.286,-1.1852
45447.91529,0.7337,-1.8733,1.0717,0.7116,2.3432,0.1312
45626.09846,0.0325,-0.0403,-0.0732,0.4113,-0.0205,-0.29
45301.78676,-1.1382,-0.7373,0.927,-2.9113,-2.7647,1.3837
44683.89952,0.5668,-0.1325,-0.3236,-1.5525,-0.2786,-1.0528
45407.77707,0.0176,3.4653,-1.1601,4.2735,-0.9176,-5.7786
44873.37325,-0.2257,0.4225,-0.0683,-1.0569,-0.0864,-0.7502
45226.03806,-0.6971,-0.3612,0.6321,-2.2907,-2.4764,1.7664
45526.32162,1.2168,0.7687,-0.1626,-2.2982,0.4635,-4.4569
44844.51358,0.1356,-0.1397,0.2602,0.1611,0.1688,0.0116
44728.07935,-0.4923,0.1908,-0.281,-1.0571,-0.4453,-0.4159
44887.00419,-0.3587,0.4043,0.013,-0.9377,-0.3111,-0.2704
44971.74384,0.0605,0.0925,-0.0005,-0.0879,-0.3651,-0.4772
44989.89812,-0.0201,0.0838,-0.0784,-0.5549,0.4639,0.1605
45552.22573,0.6942,-0.2278,0.3078,3.395,-0.4082,5.6096
44793.57947,0.055,-0.0806,0.3238,-0.8353,0.0307,-0.1939
44727.08416,1.1209,-0.5598,0.2287,0.8363,0.2086,-0.5231
45567.93707,1.1646,1.7385,-0.8314,1.0299,-1.5728,-5.1513
45093.58756,-0.7907,0.2064,-0.1294,-2.4095,-1.2275,2.6494
45191.20696,-1.1176,1.8304,0.1245,2.8686,0.0169,-4.0835
45266.59897,-0.0419,1.2819,-0.7724,-2.8263,-0.1014,2.5482
44976.14672,0.0975,-0.1514,-0.0502,0.0177,-0.3188,0.0399
45007.32864,0.0121,0.6455,0.6504,-14.0429,-3.0485,-1.7355
45481.20786,-1.907,-0.7539,0.2143,-0.4733,-0.8953,-1.2924
45165.87523,1.5053,1.4192,-0.36,-0.3037,-0.5357,-5.4865
45567.6958,-1.8182,-0.4907,0.2752,-2.2504,-1.6736,0.6312
45024.48783,-0.4721,0.3267,0.1426,-4.8427,-1.969,0.6513
44699.37005,-0.4642,0.6802,0.4229,0.443,0.4355,-0.7957
45002.11153,-0.018,0.028,-0.0095,-0.522,0.1287,-0.2142
45611.90468,0.9157,0.209,0.0466,-3.1616,1.1022,-3.1548
44507.3876,0.136,-0.4338,0.3603,-0.6395,0.0921,0.1085
44528.61897,-0.1428,0.2208,0.1335,0.3616,0.1175,0.2255
45142.80515,1.7263,0.5112,0.0312,-2.4555,0.4701,-5.0229
44713.93582,-1.093,-0.3149,0.0901,-0.3263,-0.3851,0.3096
44783.77862,-0.3644,0.3315,-0.1691,-0.2471,0.0649,-0.2913
44761.10092,0.6076,0.134,-0.0405,0.0932,0.2496,0.4517
45554.54775,0.7347,-1.3712,0.8349,0.7145,1.1512,2.2797
44401.46772,0.2173,-0.1976,-0.2858,-0.5451,-0.2352,-0.4959
44922.92064,0.2276,0.0407,0.3394,-0.4549,0.0527,-0.5762
45105.13837,1.1146,-1.0588,0.7585,-1.5387,0.3287,4.3168
45388.80862,0.9202,-1.1788,0.5831,-0.591,1.3715,-1.928
45121.63479,1.0359,-0.9581,1.2738,-1.5767,2.4068,3.7247
44843.21687,0.1775,0.1758,-0.2314,0.2987,0.1931,0.6131
45319.83048,1.2854,-0.8761,0.8707,2.0141,2.8017,-2.3686
45396.28743,-0.3677,1.22,-1.4544,-3.2235,0.2089,2.0826
45541.00767,0.8348,-1.9391,1.1334,0.2858,1.8626,0.4309
45338.3567,-0.8212,0.1511,-0.4889,-2.7716,-1.117,1.9855
44606.33519,0.1921,0.414,0.1231,0.2073,0.0004,-0.2174
44988.54105,0.2126,0.0141,-0.0822,-0.6791,0.3584,0.3788
44859.80282,-0.2855,0.2831,-0.4122,-0.0613,-0.2437,0.0489
45263.61345,-0.9697,-0.3655,0.5779,0.6671,-0.4276,-1.942
45432.59585,1.219,0.2268,-0.0547,-1.0602,2.2495,-4.3971
45600.23422,-1.3832,-0.6639,0.3352,1.5792,-0.5892,-1.5698
44898.76537,0.2325,-0.0731,0.0916,-0.1963,0.1102,-0.2353
45169.55438,-1.056,-0.7183,0.3534,-2.6064,-1.6121,1.3061
44759.89464,0.4429,-0.3656,1.0466,0.0239,-0.429,0.7268
45325.86183,-2.4989,-0.5205,0.1779,1.786,-0.6111,-1.4681
44975.72452,0.474,0.19,0.3694,0.3849,0.7341,0.4761
45170.51938,-1.3427,0.0627,0.3816,0.7526,0.2155,-2.3467
45402.89172,-2.3873,-0.54,0.1584,0.9215,-1.7744,-0.4821
44865.56264,0.0138,-0.4438,-0.0723,0.2522,0.176,0.1508
44694.96713,-0.9059,0.286,-0.3002,-0.4786,-0.3046,0.034
44945.05527,0.3466,0.5661,-0.3976,-0.196,-0.3602,0.3302
44901.69056,0.1687,0.2232,-0.0758,-0.2396,-0.0141,-0.3068
44758.68839,-0.9497,-0.1107,-0.4834,-0.1112,0.4399,0.0786
44640.50348,-0.4115,-0.6018,-1.2958,2.6605,0.4801,1.7542
44509.52885,0.9347,0.053,-0.2722,0.4505,-0.4513,-0.0696
44575.00165,0.8014,-1.3205,0.1752,1.7867,-0.1855,1.609
44721.6258,0.1559,0.2383,-0.51,0.6431,-0.2145,-0.0248
44972.82947,0.0885,0.0761,-0.1382,0.0701,0.283,-0.2315
45068.82845,-0.8018,3.4907,-0.2094,2.5483,0.3444,-2.9563
45254.08391,0.5817,4.0643,-0.3076,0.8627,-0.8687,-5.5581
44963.17932,0.0543,-0.0232,-0.1274,-0.0899,-0.0367,-0.3913
44712.39784,-0.2866,-0.1344,0.3525,0.8033,0.3938,-0.5656
44440.58567,0.1216,-0.338,0.4965,-0.3179,0.0683,0.7676
44966.8283,-0.1366,0.0408,0.0964,0.0447,0.6049,-0.1083
45486.87726,-1.5227,2.9025,-0.0576,1.8781,0.0845,-4.5699
44471.92103,-0.194,-0.1045,-0.0964,-0.3261,0.052,-0.3567
45595.40923,-1.4324,-0.5511,0.4979,2.1693,0.211,-2.0508
45616.10146,-0.3023,-0.0128,0.0471,-3.9615,0.9623,2.2327
44931.99766,0.0571,0.3195,0.0839,0.1146,-0.1354,-0.3137
44945.74888,-0.1516,0.2653,0.2223,-0.262,0.0945,-0.0815
45426.71535,-2.2923,-0.8531,0.1823,-0.7286,-1.5945,0.1685
45447.19153,0.5481,-1.3831,0.6219,-0.3416,1.3645,3.604
44872.2273,0.1779,0.4375,-0.0587,-1.058,-0.0522,0.0822
44652.29493,0.585,0.0511,0.1936,0.7432,-0.0373,0.2579
44838.72355,0.032,-0.1522,-0.2783,-0.6463,-0.0138,-0.2186
44513.08751,-0.1413,-0.1324,-0.1347,1.5631,0.3728,0.1712
45205.53144,-1.396,-0.7193,0.5552,1.0129,-0.8205,-1.2225
45414.53214,1.6807,1.2385,-2.1706,-5.4274,-0.2804,3.0547
44372.84548,0.232,-0.5251,0.0123,-0.4178,-0.0053,-0.1689
44978.10691,-0.4905,-0.6998,0.0804,-0.4823,-0.7165,0.4673
45501.44271,1.1612,0.2391,0.2957,-4.9802,0.8744,-3.2669
45523.78851,-1.3451,0.469,0.2195,-0.1417,0.3356,-2.9331
44591.4676,0.2597,-0.6821,0.1833,-0.6109,-0.2308,0.9564
44837.90935,-0.0765,-0.4293,-0.4169,0.9478,-0.0781,0.1199
44890.98494,-0.3407,-0.2806,-0.1094,0.7873,-0.1513,0.5031
44571.50335,-0.1066,0.0274,-0.1425,0.1101,-0.0095,0.3878
44406.74598,1.056,1.9467,-2.012,-2.2853,-1.9469,-1.6062
45261.77387,-0.0106,1.173,-0.6972,-3.0491,0.5811,2.2086
45258.75822,-1.553,-0.8474,0.456,0.6106,-1.0044,-1.0661
45510.79115,-1.1701,-0.526,0.0705,-3.8582,-1.6212,1.9707
44424.90255,-0.1979,0.5542,-0.0292,-0.5639,0.0505,-0.4286
44824.33904,0.4691,0.4308,-0.7429,-2.1529,-0.6744,-1.0255
45292.46832,1.8127,0.8196,0.3038,-6.3836,0.6091,-5.3007
45235.86921,1.8251,3.3892,-1.4668,0.9795,-2.0865,-4.937
45336.93934,-2.5318,-0.7276,0.1407,1.167,-0.9168,-0.6487
44577.32376,-0.6855,-0.0798,0.0615,-0.4779,-0.0572,-0.0604
45624.92235,0.1687,-0.0519,0.0264,1.2828,-0.3327,-0.3864
45448.82001,0.6118,-0.546,0.5306,1.0864,1.7535,5.4955
45189.88005,1.0612,-1.3417,1.1526,0.9817,2.5028,0.029
45494.98926,1.2295,0.6291,0.1148,-0.971,-0.7638,-4.4141
45612.92999,0.7692,-1.2797,1.0805,-0.014,1.7938,-0.0963
45360.15986,1.0208,-2.1196,0.705,-0.1414,2.199,0.4318
45162.95001,0.6522,-0.8465,0.696,-0.3471,-0.083,4.1569
44625.72635,0.121,-0.025,0.3707,1.0501,-1.1729,-1.2465
44560.61651,-0.2934,0.2253,-0.0292,0.3761,0.0304,-0.1966
45279.92819,1.081,-1.4381,1.3424,0.3613,1.362,0.3395
45119.45838,5.0514,1.6318,-3.0426,-12.0522,1.2163,5.2319
44404.33306,0.0655,-0.001,-0.0879,-0.9338,-0.2434,0.2276
44802.74703,0.4142,-0.6505,0.3119,0.7485,-0.0078,1.1298
45491.21975,0.5582,-0.9461,0.34,1.4046,-0.3506,5.2706
45500.23646,-0.9019,0.0275,-0.215,-1.0493,-1.1183,2.2348
44396.15929,0.1315,0.6138,0.5218,0.0041,-0.0221,-0.1578
45217.15685,1.9672,2.0482,-0.8843,1.645,2.8948,5.4909
44529.70468,-1.2326,0.5749,0.2128,0.3035,0.0205,0.415
45194.34328,-1.0086,-0.2923,0.5053,0.6617,-0.1712,-2.2717
44597.0166,0.5548,-0.1937,-0.2489,0.557,0.4496,0.4196
44515.01765,-0.7909,-0.0017,-0.2108,1.3216,0.0521,-0.4401
45510.36896,0.8296,-0.7521,0.4072,-1.6452,3.8008,-1.246
45146.51446,-1.8896,-0.8758,0.5241,-3.2643,-2.0776,0.2728
45134.69289,-1.8317,-0.606,0.5179,1.0137,-0.4604,-0.7492
45202.27449,-1.554,-0.7645,0.4581,-2.764,-1.892,0.7669
45569.86705,2.0453,2.6243,-1.0315,2.7287,1.7715,5.9619
44704.37612,0.0727,-0.3932,0.4488,0.5312,0.3328,0.1567
44927.23299,0.0146,0.3101,0.0634,-0.0937,-0.0192,0.0334
45420.86502,0.8131,-1.3496,0.3543,-0.3195,0.7672,5.4446
44534.68076,0.5235,0.2226,0.2024,0.2032,0.1163,0.0306
44419.92612,0.6093,0.0939,-0.0646,-1.6271,-0.1194,-0.1243
44859.26001,0.0434,-0.1251,-0.183,-0.5731,0.0303,-0.1561
44927.3536,0.4546,0.0183,-0.0071,0.3336,-0.0379,-0.1876
45479.66991,-1.4042,0.4265,0.2247,2.0869,0.5274,-3.3406
44699.30974,0.3507,0.0571,-0.282,1.0095,-0.0266,-0.1074
44561.24981,0.1064,-0.056,0.1938,0.8321,0.7718,-0.3841
45532.71473,0.7177,3.3523,-0.9306,2.7098,-0.8251,-5.4088
44804.67704,0.172,-0.3885,0.5468,0.9503,0.3342,0.6086
44835.46667,0.1233,0.9372,-0.0146,1.455,-0.1084,-1.3364
45113.95961,3.0498,2.2918,-2.9002,-2.263,0.9384,3.0508
44489.65437,-0.1998,-0.0814,0.0709,0.7634,0.284,0.2989
44645.23816,0.3156,0.1116,0.1686,1.889,-0.9414,-1.3228
44838.24107,0.1576,-0.5264,0.5079,1.2666,0.2375,0.6414
44975.90545,0.1104,-0.3064,0.0046,-1.1894,-0.8746,0.5005
45079.44369,-0.3707,0.6863,-0.2553,-0.9663,-0.7306,2.0239
45210.89932,-0.0094,1.3605,-0.7141,-1.984,0.5456,1.6332
45252.72684,1.104,-1.2136,1.0463,-0.6586,2.437,0.6767
45487.11851,1.0538,-1.7663,0.6986,0.1931,2.7798,-0.7764
45137.91973,-1.1827,0.7722,0.2007,2.5567,0.2363,-2.5924
44415.67352,0.074,0.1193,-0.1085,-0.1222,-0.2319,-0.1734
44551.62952,0.3902,0.1629,0.1136,-0.1498,-0.05,-0.4225
45174.56042,0.1344,3.8148,-1.1998,1.9925,-1.2683,-3.5445
45004.49392,0.0288,-0.1437,0.2083,0.8919,0.0306,-0.1222
45096.42247,1.3569,-1.3573,1.0535,-0.2365,1.8747,-1.3558
45082.97204,1.5372,0.093,0.1781,-3.3806,0.125,-4.8117
45177.54595,-1.7517,-0.8089,0.4058,-2.3926,-2.4932,1.303
45003.07654,-0.0844,0.0455,0.0738,2.5569,0.3382,-0.015
45361.15506,3.0359,2.319,-2.6498,-4.0371,0.115,4.4777
45384.31528,-0.6636,0.6866,-0.9742,-2.4299,-0.0907,2.2439
44684.71373,0.3675,-0.5305,-0.0129,-0.158,0.0511,0.2842
44707.84413,0.7016,-0.1115,0.0517,0.1434,-0.1868,-0.4659
45272.11764,2.1625,2.6174,-1.2377,5.3625,2.0992,6.7218
45220.78071,1.618,2.0069,-0.7254,0.9164,-1.3979,-5.348
44564.80837,0.2227,-0.4423,0.0838,1.4219,-0.4555,1.844
44371.60893,-0.3323,0.6574,-0.1657,-0.6779,0.0324,-0.6974
44435.51881,-0.0256,-0.1948,0.1594,0.3118,-0.086,0.3801
44443.48101,-0.3994,0.0521,-0.0404,0.4404,-0.0368,0.4426
44408.94774,-0.8887,-0.5781,0.0526,0.4269,-0.0174,0.7658
44685.07561,-0.6466,0.0947,-0.5064,-0.1763,-0.1926,0.1689
44887.33592,-0.2096,0.0182,0.1519,0.3023,0.2427,0.8819
44934.10855,-0.2035,0.0215,-0.2712,0.1834,-0.2081,-0.1954
44378.60595,-0.043,-0.0047,-0.0569,0.0577,0.1362,-0.27
44994.8438,-0.1449,-0.2841,0.2583,-0.2762,0.8711,1.0709
45061.50031,1.7494,2.5976,-1.0105,6.161,2.0601,6.0648
45224.25879,2.0817,2.8852,-0.5761,4.6418,0.7989,5.6673
45235.26607,1.1722,-1.3812,1.4551,-0.2438,2.1436,-0.3474
45329.82237,-2.044,-0.5646,0.2187,1.3336,0.3663,-1.1598
45375.93176,1.2198,2.5041,-1.5688,3.2546,-1.9728,-4.8659
44918.42737,0.4915,0.3321,0.0913,-0.3748,-0.2678,-0.2939
44419.98646,0.1898,0.205,0.1034,-0.4049,0.2345,-0.0997
45612.99032,0.6189,-1.071,0.7885,-0.3416,1.3204,2.1673
44501.11462,-0.3808,-0.2356,0.0306,0.0545,-0.038,0.4004
44533.44429,-0.0181,-0.131,-0.13,0.3753,0.0311,0.1981
44605.18922,1.7004,0.6405,-0.3101,0.0786,-0.8057,-0.3326
44796.92686,-0.1355,0.0968,-0.1696,-0.5598,-0.237,-0.2918
45385.4009,-1.0203,2.7874,-1.1176,2.8217,-0.8231,-4.461
45597.58049,-0.4217,0.8773,-0.2329,-1.1457,-0.3586,2.0981
45209.1201,0.875,-0.8647,1.0464,-0.6499,1.1303,2.7302
45224.83178,1.283,-0.5941,0.4927,-2.4127,2.2884,-2.484
45550.29575,-0.2758,3.3433,-0.6639,-0.1033,-1.0989,-4.5995
45576.89343,1.0407,-0.2975,0.6765,-2.5147,1.9429,-2.998
44932.87217,0.0247,0.1243,0.185,1.7577,-0.0137,0.3032
44672.43986,0.0525,-0.2628,0.0484,1.6735,0.1623,0.2446
44808.80848,-0.0807,-0.2453,0.2365,0.8291,0.0603,0.4459
44661.58333,0.0746,0.2739,-0.4499,-0.3163,-0.835,0.1864
45447.31216,2.1235,2.2511,-2.8038,-2.9049,0.3814,2.7495
45343.06114,-1.2606,0.514,-0.4749,-2.1367,-1.1617,1.8266
45530.09115,-1.7761,-0.6205,0.0454,-0.8787,-1.4506,-0.0104
44408.9779,0.7365,0.105,-0.1645,-0.033,0.6479,0.2964
44750.54611,0.3875,0.5829,-0.2234,-1.5065,-0.1136,-0.0161
44549.60895,0.2183,-0.4369,-0.0188,1.0527,0.1803,-0.0844
45228.84263,1.6927,-1.234,1.2576,-0.5752,2.8092,-1.2894
45620.82102,-0.0693,0.1939,-0.011,0.4649,0.1901,-0.3536
44881.63629,0.1159,-0.262,-0.1889,0.0333,-0.0365,0.1608
44938.20982,-0.1184,0.0143,-0.0786,0.0013,-0.3005,-0.1311
45570.74157,0.1446,1.1592,-0.9893,-4.6387,-0.1955,1.8895
45302.26927,0.883,-0.9546,1.1873,-0.5577,1.6083,2.3991
44445.86361,0.5613,-0.0447,0.4347,-0.1986,0.0828,-0.2514
44452.58915,0.0471,-0.3563,0.2425,0.415,0.1184,0.2416
44736.46291,0.1669,0.0906,-0.0079,0.4441,0.2002,0.7374
45320.86586,0.5842,0.465,0.2183,-3.3869,-0.4125,3.6585
45010.88712,0.1333,-0.4169,0.6128,-2.0037,-0.7563,-2.0078
44572.83032,0.0869,-0.2001,-0.0995,-0.1633,-0.3321,0.0973
44589.38675,0.5691,-0.0682,0.0034,0.2603,-0.3102,0.8574
45312.1908,-0.8334,-0.5979,0.5627,-3.8928,-2.4931,1.2326
45476.80505,0.8082,-1.6544,0.5914,-0.5206,1.5469,1.6254
45591.70007,0.4244,-1.5118,0.7144,-0.2708,1.3428,0.6166
45142.8353,1.5123,-0.1656,0.3015,-3.5989,1.8951,-4.3795
45239.60865,-1.681,-1.0425,0.2474,-2.0872,-1.6846,0.0783
44465.82899,0.3202,-0.033,-0.0649,0.3675,0.1711,-0.1249
44866.98,-0.0206,-0.2425,-0.049,-1.0296,-0.1176,-0.0733
45566.94194,-1.9549,-0.6201,0.3547,-0.4384,-1.4283,-0.3112
44899.21774,0.1971,-0.175,0.3683,-0.2812,-0.3247,0.1903
45581.26603,0.6546,1.7806,-1.1852,-3.2027,-0.2998,1.6092
44525.12063,-0.4051,-0.0182,0.411,0.304,0.0082,-0.0086
45037.71152,0.1717,-0.0315,-0.0324,-0.1575,-0.0596,-0.1049
45226.85228,-1.0225,-0.6254,0.3423,-2.4775,-1.6412,1.413
44641.95103,-0.1918,-0.3932,-0.8728,0.171,-0.0815,-0.2587
44517.30968,0.6952,-0.4532,0.4562,1.4714,-0.1895,1.3113
44809.53224,-0.1349,0.4239,-0.3534,-1.0143,-0.0844,-0.0966
45084.72114,0.958,-1.197,1.0278,-0.8792,1.3718,2.7071
45035.31409,-1.5652,0.1684,-0.8475,1.2238,1.0134,-1.0492
44914.08482,-0.2,-0.2568,0.2962,0.6169,0.3456,0.5868
45577.88857,0.4558,-0.8392,0.6538,-0.2354,0.9978,4.5737
44411.8733,-0.3793,-0.0609,-0.0598,-0.7561,-0.3877,0.1037
44541.76789,0.149,-0.8649,-0.1059,1.5732,0.3288,0.5163
45404.39955,-1.6315,-0.4889,-0.1593,-1.3764,-2.2427,0.6291
45199.71118,-0.1852,0.9614,-0.5742,-2.2629,0.147,2.5358
44887.78828,-0.0737,-0.153,-0.0302,0.5442,0.0649,0.282
44645.08737,-0.0757,0.0597,0.2228,2.5385,-2.31,-2.0617
45039.34504,-0.3196,-0.08,-0.7162,0.9773,0.9444,-0.2842
45499.90473,1.0322,-1.4357,0.5677,0.0011,2.5862,-0.7674
45066.14449,3.0137,2.55,-2.4017,-2.1636,0.7848,3.4209
44551.05651,-0.0979,-0.1442,-0.0002,0.3463,0.2058,0.1223
44659.9247,0.2781,0.1053,-0.2126,-0.6796,-0.5594,0.4394
44801.32967,0.9413,0.0005,-0.7512,1.6602,-0.1808,-0.2019
45612.68874,1.1696,1.598,-1.164,1.1047,-3.164,-4.9075
45474.60364,0.2541,1.5509,-1.2109,-2.2545,0.4032,1.5515
44649.94266,0.2571,-0.5435,0.5826,-1.0945,-0.4195,0.0859
45228.36012,-0.3606,0.6062,-0.1189,-2.032,-0.2009,2.4864
45360.76303,-0.1014,2.7811,-1.0141,3.1203,-2.0183,-5.9991
45291.71441,1.4727,0.0401,0.6229,-2.7456,2.4311,-3.493
44917.37185,0.2772,0.2467,0.1832,-0.7468,-0.524,0.2983
45606.38608,0.4574,1.6934,-0.76,-3.6447,-0.3604,0.5793
44872.58917,0.1055,0.1801,-0.0377,1.0042,0.2276,0.226
44937.48609,-0.0661,0.0584,-0.1277,-0.0474,0.8571,0.4229
44904.85699,0.3623,-0.0272,0.3201,1.7118,0.8983,0.6908
45287.86442,0.5455,0.8127,-0.2084,0.7012,0.2099,-0.458
44436.06169,0.9757,0.1586,-0.2929,0.6617,0.1653,-0.4091
45609.8239,-1.9098,-0.218,0.0245,-3.8112,-0.9067,0.2851
44677.62688,-0.3443,0.1383,-0.2187,0.4048,0.0698,-0.0348
44639.20672,0.1578,-0.227,-0.4539,-0.1105,0.3158,-0.2047
45033.03723,-1.2723,-0.1569,0.7509,-1.4176,-0.3698,1.7308
45205.89331,0.9612,-1.3169,1.4006,-0.3412,1.8319,0.3635
45515.16378,1.2391,-0.8672,0.4369,-2.6933,2.6872,-1.8493
44886.97404,-0.3255,-0.0083,-0.0964,-0.5872,-0.2286,-0.5699
44464.07976,0.8594,-1.2486,0.8539,-0.0359,-0.5965,0.2924
44470.74487,-0.6061,-0.2271,0.338,1.4201,0.5624,0.0312
44525.9349,-0.3072,-0.0973,0.4755,0.1884,-0.382,0.6419
45471.07537,1.1814,0.5778,-0.3848,-1.3099,-1.0841,-4.5228
44954.88623,-0.0187,0.0967,0.151,-0.4384,-0.0985,-0.1655
45290.80473,-0.8314,-0.3753,-0.7152,0.1766,-0.8445,-0.1938
44363.8278,-0.3074,-0.2776,0.271,0.1073,-0.219,-0.3838
44746.89714,1.3361,-0.4524,0.5089,0.7301,-0.3598,0.7518
45216.85527,1.4755,1.2969,-0.4867,-2.7581,-0.307,-5.0269
45533.8305,0.7133,-1.0576,0.4686,-0.3912,0.0504,4.1921
45044.06963,0.3246,0.2379,0.5169,-1.6802,-0.1805,0.5586
44654.58688,0.1814,-0.0059,-0.0445,0.852,0.434,0.1364
45283.81845,1.3614,-0.0498,0.4241,-2.3643,2.4939,-3.414
44601.35923,-0.0985,-0.2228,0.0064,-0.5841,-0.6104,0.1781
44992.46142,0.3807,-0.1619,-0.122,0.3149,0.3886,0.928
45213.7039,0.8144,1.7204,-0.6538,2.3438,-0.1035,-6.7163
45057.33866,1.7123,0.6397,-0.0525,-1.6012,0.5844,-5.1589
44917.31155,0.119,0.283,-0.3428,-2.0434,-0.7103,0.0001
44442.18413,-0.3698,-0.7672,0.248,0.6192,0.4763,0.0724
45099.43834,1.4243,0.595,0.1419,-1.9401,1.3394,-5.1857
44518.33506,-0.0133,0.2519,-0.2018,0.4352,0.1398,-0.1315
45340.49781,0.5705,-1.4448,0.3116,-0.9344,0.8569,3.4252
44883.35524,0.0063,-0.2587,0.0251,-0.0236,0.0237,-0.1993
44600.78626,0.0168,0.684,0.1078,-0.5251,0.2359,-1.5824
45569.74644,0.6851,-1.5146,0.895,0.4654,1.6712,2.3132
44493.06232,0.2642,0.1965,0.1815,0.802,0.1814,-0.2216
45205.77268,1.4607,0.2341,0.3301,-2.6055,2.2221,-4.1543
45450.23732,1.0995,-0.8986,0.5651,-2.7215,0.9094,-2.3984
44551.87077,0.3425,0.0403,-0.1901,0.0854,0.0435,-0.1937
44570.14628,-0.3472,-0.1237,-0.1703,-1.0625,-0.032,-0.3893
45212.91982,1.8706,0.8283,0.1212,-0.5243,0.3824,-5.0959
45240.63401,1.7476,1.9249,-0.5794,2.033,-1.5087,-5.5421
45067.01903,-0.6405,0.5017,-0.0486,-1.4542,-1.5597,1.278
44718.33874,-0.324,0.7293,0.8266,-1.822,0.0075,-0.1793
44476.475,0.0924,-0.2645,-0.5586,0.6909,-0.3365,0.6728
45188.91506,1.6786,3.1597,-0.6361,2.7174,-0.3333,-5.6469
44835.28573,-0.0282,0.0566,0.0791,-1.8761,0.2175,-0.242
44555.03734,-0.8105,0.4291,-0.0368,-0.8825,-0.1948,0.2055
45494.95911,1.4906,1.6025,-0.4536,2.4617,-1.5654,-5.1954
44923.7047,0.093,0.5053,0.044,-0.8493,0.0462,-0.9318
44381.41081,-0.0945,-0.4362,-0.2001,0.5479,0.0615,0.6778
44798.16327,0.3356,0.1478,-0.4462,-0.755,0.3197,-0.8451
45032.7055,0.3994,0.233,0.5395,1.0343,0.001,-0.1072
45145.97164,1.6592,0.6414,0.1081,-1.9299,-1.2705,-5.1229
45343.15159,-1.8948,-0.8781,-0.007,-0.4801,-2.3004,0.31
44832.30028,0.0317,-0.2155,-0.0596,-0.027,0.0767,-0.1412
45465.07424,-0.9748,0.1953,-0.2596,-3.7208,-1.2612,2.8474
45383.77246,-1.7241,1.0933,-0.1082,-0.8424,0.0908,-3.2054
45117.39761,-1.7007,-0.465,0.6177,0.6908,-0.07,-2.5703
44988.99341,0.151,-0.2678,0.2096,0.0616,0.8024,1.0409
44548.855,0.1556,-0.1188,0.4001,0.6371,-0.0408,0.0546
45274.68094,-0.6449,0.0272,0.3611,-3.4931,-1.6966,2.4637
45310.86393,1.9361,2.0686,-0.7062,2.3353,-0.697,-5.7752
45028.95101,0.0397,-0.2366,0.0308,-1.4469,-0.2781,0.6105
45431.90223,0.8035,-1.8376,0.9764,0.3962,2.5826,0.1658
44434.76481,0.1797,-0.1639,-0.4509,-0.5548,0.022,-0.4919
44464.23055,0.1751,-0.4643,-0.1516,0.5513,0.3752,0.5496
45020.7785,1.615,-0.4681,-0.255,-2.3652,3.304,-4.823
45084.90208,0.1606,1.2811,-0.9796,-2.7448,0.5015,1.7484
45456.60031,0.9573,0.0785,-0.0482,-2.0987,1.2212,-3.3526
44553.40881,-0.1105,0.1635,0.0771,-0.2188,-0.131,-0.0584
44765.80534,-0.3212,0.1276,-0.2465,-0.7103,-0.3977,-0.4269
44767.40362,-0.2266,-0.0432,0.2109,-0.0575,-0.007,0.6058
44748.28433,1.8495,0.5731,-0.1892,-2.2453,-1.3493,-1.6178
44571.20178,-0.4314,0.1027,0.1158,-0.6961,0.2897,-0.0345
44392.178,0.1163,-0.327,0.0569,-0.3735,0.169,-0.0456
44682.99479,-1.3455,0.5738,0.2881,-0.974,-0.6527,-0.6045
45099.55898,1.2566,-1.594,1.1793,0.7424,2.7052,-0.6649
45102.15264,-0.1458,1.0278,-0.6419,-2.4328,-0.2484,1.893
44541.22506,-0.181,-0.14,-0.0035,0.1752,0.1872,-0.001
44581.33471,0.5337,1.1123,0.3491,-0.3788,-0.1685,-0.9285
44632.51176,-0.2043,0.6892,0.3302,-1.4112,-0.2116,-1.4275
45163.43252,0.4936,3.8548,-0.1528,-2.1784,-1.1426,-5.057
45254.32513,0.9621,-1.3352,1.0283,-0.769,1.7018,1.3118
45106.49548,2.0059,0.8363,0.164,-1.4142,-1.3417,-4.5345
44905.82199,0.1096,0.3903,-0.1801,2.0641,-0.1665,0.0918
44616.92038,-0.4939,-0.1152,0.5465,0.4874,0.3269,0.4539
45383.38041,0.9823,0.1304,-0.062,3.206,-0.1545,4.5075
44593.63896,0.5464,-0.77,0.3141,0.4352,0.4454,0.0044
45327.56063,-0.3574,3.2886,-1.2192,3.8481,-1.2093,-5.7739
44514.56529,-0.3944,0.4564,-0.3991,0.3652,0.0718,0.1898
44525.75397,0.1482,-0.1705,-0.5352,-0.2027,-0.2518,0.1193
45392.66866,1.0274,1.2605,-0.8439,1.2045,-1.1044,-5.031
45206.79802,1.5719,1.4609,-0.0288,3.7675,0.2281,4.0629
44357.31333,0.0114,-0.0109,0.0047,-0.1175,0.0134,0.0252
45500.4174,-1.6472,-0.5743,0.3809,3.5146,-0.1543,-1.7021
44720.81159,0.3264,-0.1095,-0.4636,0.5033,-0.4554,0.1764
45321.6801,-0.9147,1.7692,-0.4028,-0.243,2.9101,1.2038
45525.62801,0.9906,-1.2684,0.6495,-1.7721,2.7208,-0.129
44921.89529,0.4356,-0.9276,0.3421,0.1314,-0.1042,0.1336
44621.23289,-0.1926,0.4835,0.3295,0.3895,0.19,-0.2735
45088.37018,0.7368,3.7205,-1.1437,3.6978,-1.8991,-4.5224
45554.27636,-0.1716,2.8765,-0.2922,2.3564,-0.8676,-5.508
44587.21543,-0.519,-0.0614,0.0126,-0.4299,0.041,-0.4243
45082.88156,0.4974,3.8175,-1.5058,2.3075,-2.1684,-4.4717
45450.50871,1.4086,2.6926,-1.9079,-2.6414,0.2304,2.4567
44472.61472,-0.0361,-0.0852,-0.2567,-0.2674,-0.4053,0.1213
45066.50636,-0.9365,3.001,-0.5619,2.5833,-0.1779,-2.6393
45254.35531,0.8955,-1.0984,0.8832,-0.2764,1.1796,2.7589
44613.81418,-0.108,0.103,-0.3268,-0.4005,0.0451,0.4079
45445.17104,-1.8997,-0.8238,0.1761,1.7232,-0.7084,-1.0849
45466.61222,-0.0815,1.1618,-1.1526,-0.9972,-0.0645,1.7614
45376.44441,-1.333,-0.1499,-0.4537,-3.0538,-1.5266,1.9479
44734.95509,0.1311,-0.0108,-0.5401,0.7309,0.1118,0.49
45146.03197,1.1952,-0.6306,0.4582,-5.1673,2.108,-3.9435
45446.58841,-0.4242,0.7173,-0.8072,-2.4072,0.1716,2.6235
44405.44904,-0.0276,-0.0079,0.166,0.1065,-0.3768,-0.0587
45512.57037,-1.3747,2.671,-0.7313,2.1483,0.2813,-3.8119
44644.12233,-0.0005,0.1476,-0.2547,0.1441,0.1559,-0.2698
45460.8222,0.7408,-0.6441,0.3911,2.035,0.4313,5.4601
44379.72186,0.2336,-0.1618,-0.314,-0.5619,-0.3829,0.1842
44839.5981,-0.3807,-0.2868,0.2487,0.2879,0.0578,1.0741
44452.43837,0.0577,-0.1335,0.2052,-0.0435,-0.0561,0.1338
44408.19369,-0.5902,0.1908,-0.0848,1.1224,0.8579,0.0042
44885.01388,-0.0006,0.0862,-0.3114,-0.249,0.3492,-0.3223
44572.197,-0.162,-0.2192,-0.7489,-0.9119,0.1778,-1.0624
45195.54954,1.274,0.7681,0.2798,3.2311,-0.5916,4.7
44871.20194,-0.0041,0.0536,-0.0535,0.2439,-0.0533,-0.207
45001.96074,0.0145,-0.034,-0.0679,-0.2312,0.2063,-0.2089
44745.72102,-0.288,-0.4325,0.0199,-0.7736,-0.196,-0.0351
45091.80822,0.8212,-0.9588,0.6582,-0.7367,0.382,4.0722
44704.52691,0.1705,0.3221,0.0174,-0.5841,0.0608,-0.4062
44523.79369,0.4544,-0.2058,0.4201,-1.2254,0.0817,0.1526
44615.26173,-0.596,0.0316,0.0364,-0.0699,0.0395,0.2008
45019.05959,1.2167,-1.0078,0.1632,2.5533,2.1283,2.4487
44447.55252,0.4981,-0.3923,0.322,-0.8159,0.1691,0.2404
45384.34546,-1.0072,0.3011,-0.6339,-3.4355,-0.9534,2.2843
44616.95057,0.099,1.0811,-0.4024,-1.1827,-0.3726,-0.9835
45347.97663,-1.4572,0.3575,-0.1479,0.2767,-0.0548,-3.1515
45175.52543,1.6028,-0.8804,0.8196,-2.9783,2.3018,-2.8237
44539.26479,-0.0677,0.2222,0.2174,0.7701,0.3707,0.0888
45273.11277,-0.8002,-0.51,0.4983,-2.9912,-1.9887,2.3349
45478.10177,-1.5771,0.7098,0.214,0.3482,1.0705,-3.4746
45386.60719,1.2047,1.8884,-1.7255,2.0649,3.2582,5.7979
44428.8233,0.59,0.2782,0.2737,-0.5135,-0.2482,-0.1912
44563.36083,0.0696,0.7057,-0.0295,-0.1667,-0.3591,-0.1745
45056.55457,0.9946,1.1595,-0.4191,0.0674,0.3906,-5.3122
45402.77109,-1.1633,-0.2054,-0.1733,-3.7226,-2.0857,2.1792
45408.04849,0.6245,-1.5048,0.4635,0.0554,1.3084,2.7399
44563.78302,-0.2377,-0.069,0.0208,-0.1532,-0.0232,-0.2747
45432.2038,-0.8389,0.3793,-0.3432,-2.8339,-1.269,2.0849
44549.18673,0.452,-0.7628,0.2017,-0.0381,-0.3184,-0.1206
45287.5327,-0.0714,0.7978,0.2419,0.5998,-0.5853,0.8622
45301.48518,0.7998,-0.6108,1.0797,-0.4595,1.4797,4.5481
44920.47797,0.0714,0.038,0.0163,-0.0243,-0.1841,-0.2832
45214.31204,-0.1747,0.6923,-0.0573,0.4596,-0.283,1.1264
44669.3337,0.196,-0.002,-0.1438,-0.0278,-0.2993,0.3758
45074.49795,1.3327,-1.62,0.7037,-0.1369,3.6606,-0.4836
44424.84222,-0.6394,-0.109,0.8207,0.1442,0.1105,0.1835
44789.5687,-0.2148,0.6756,-0.1933,-0.6811,-0.0495,-0.959
45268.77021,0.8471,-1.0698,1.3763,-0.1505,2.1377,0.826
44579.67608,0.151,0.4137,-0.3897,-0.2305,-0.59,0.0686
45452.34827,-2.3325,-0.7593,0.1072,-1.9406,-1.6813,-0.0584
45273.74609,2.7873,2.9021,-2.043,-2.8366,-0.8165,1.8069
44633.5371,0.0215,-0.0183,-0.4769,0.1541,-0.2502,0.4128
45265.69424,2.6136,1.9519,-2.2771,1.9356,2.932,4.3193
45473.03552,-0.0501,1.2616,-1.2329,-0.5897,0.1963,1.2751
44422.30876,0.4188,0.1889,0.2096,0.1799,-0.1473,-0.2794
44825.36433,-0.1312,-0.0373,-0.1422,-0.1893,0.4693,0.2156
44935.43544,-0.0286,-0.2634,0.2041,0.2266,0.1881,0.122
44758.92962,-0.0237,0.1154,0.3323,0.3517,0.4046,-0.5821
45178.51093,-0.968,2.3286,0.4071,1.663,-0.2779,-3.5183
44622.28842,1.3796,-0.0486,0.4762,0.2099,0.4947,0.6324
45143.10672,3.4211,2.6153,-2.6979,-1.9884,0.5201,3.6074
45544.41531,-0.1672,1.4021,-1.0436,-1.7909,0.4652,2.0232
45099.73995,1.9964,1.8104,-2.0092,2.3595,1.8551,4.7396
44694.5449,-0.432,-0.2539,0.3753,-0.2127,0.5978,1.0155
45346.92117,0.1529,2.0729,-1.4633,-2.9084,-0.5424,2.5822
45394.35741,1.2465,-0.7897,0.3827,-2.6686,1.3676,-2.6035
45476.29241,-1.2544,-0.3547,-0.0861,-2.1008,-2.0093,1.3947
44791.64947,0.0274,-0.5812,-0.1513,2.1013,0.3222,0.8078
45222.44434,1.6564,0.2045,0.3282,-3.3093,2.6673,-4.0984
45585.72914,0.9129,1.8741,-0.5416,3.2952,-0.116,-5.6574
44358.30859,0.0282,-0.0113,0.0096,-0.1391,0.0358,0.2007
44390.21754,0.1866,-0.1597,0.1735,-1.1123,-0.0936,-0.1812
45467.6074,-2.2616,-0.4877,0.0676,0.4034,-0.9837,-0.3154
44405.20776,-0.6403,0.3697,-0.094,-0.1707,-0.2851,-0.1643
44784.20081,-0.1753,0.0517,-0.3973,0.1665,-0.172,0.3524
44845.38812,0.1579,-0.2567,0.3615,0.6442,0.2541,0.1787
44585.6774,0.5442,-0.255,-0.2779,1.8277,-0.1432,0.9784
44407.77145,-0.671,-0.2774,0.163,0.1429,0.131,0.3387
44695.72105,1.4207,-0.4128,0.2497,2.9637,0.5777,0.9713
45479.8207,1.2835,1.1448,-0.2353,-0.534,0.3605,-5.018
44710.40749,-0.1572,0.0378,0.1328,-0.1111,-0.0368,0.6301
44492.76071,0.1595,-0.1841,0.1614,0.1892,-0.0835,-0.2576
44658.23587,-0.7058,-0.3332,-0.2675,-1.2751,-0.2193,0.1438
45019.27068,0.9568,0.5222,0.2128,-2.8413,3.2077,2.3386
45179.41567,1.3294,1.324,-0.1576,-1.2806,-0.5573,-5.0569
45219.18241,1.7789,2.5086,-0.9858,2.5528,-1.7783,-4.861
44752.20472,0.3536,0.3182,0.1415,-0.6944,-0.0592,-0.4329
44950.51355,-0.2046,-0.0135,0.269,-0.7603,-0.3046,-0.0958
45553.82403,0.9175,0.0674,0.4494,2.5382,0.233,5.0229
44532.99193,0.5232,0.1723,-0.0489,0.499,0.2645,-0.968
45312.58286,1.3663,-0.7641,1.0596,0.1215,3.1254,-1.8167
44835.16512,-0.1076,0.5768,-0.1572,-0.901,0.77,1.3025
44498.27975,0.0516,0.4314,0.3438,-0.4405,0.0292,-0.3848
44488.47817,-0.3683,1.0124,0.3609,-0.1988,0.2144,-0.7853
45287.80412,0.2358,0.6425,-0.2971,0.3003,0.2639,-1.4196
45422.31253,1.0285,-1.5459,0.1384,-0.397,3.1702,-0.5935
45260.59777,1.8425,0.8006,0.2222,-1.9052,-0.2994,-4.8472
45333.53164,0.5701,1.6595,-1.6474,-2.7488,0.0901,1.4459
45330.81754,1.2477,0.1672,-0.1373,-1.758,0.7873,-4.0452
45165.48321,0.1072,1.6994,-0.4195,-2.1551,-0.6594,1.4614
45493.33067,0.9014,2.6247,-0.6967,1.9244,-0.6289,-5.5956
44768.88129,0.5512,-0.5632,-0.2556,0.1155,0.0766,0.1104
44885.25512,0.3145,-0.0971,-0.0372,-0.4691,-0.2246,-0.2905
44458.13843,-0.7375,0.2999,-0.2954,-0.0156,-0.1737,0.6314
45432.77679,0.6583,-1.3293,0.5413,-0.5624,0.6564,3.93
45118.87534,0.4995,-0.5487,0.8686,-5.0689,-9.6204,0.3319
45404.73128,1.4376,-0.9374,-0.1606,-0.7431,3.8932,-2.3169
45585.57837,-1.4561,-0.3793,0.4004,2.1075,-0.0266,-2.4249
45337.09012,0.5193,2.561,-1.5115,2.4481,-1.67,-5.3534
44733.68851,0.0792,0.3294,0.0787,-1.174,-0.1661,-1.0579
45540.70612,-1.3935,0.8356,0.0967,-0.1403,-0.1943,-2.752
44594.15166,0.0246,0.0632,0.0429,-0.9393,-0.0746,-0.9927
45099.80025,0.293,1.4995,-0.6929,-3.9179,-1.1634,1.4468
45237.31673,-0.9523,-0.4046,0.3366,1.5486,-0.1885,-2.0599
45416.25105,-0.9918,0.4131,-0.5929,-2.7133,-1.0564,2.6535
45504.03613,0.2373,-1.2981,0.5086,-0.8609,0.0481,3.908
44457.74637,-0.1492,-0.2586,0.0202,0.269,0.4958,-0.221
45043.27548,0.0856,0.0252,0.6411,0.8758,-0.29,0.0958
44991.79797,-0.1365,-0.5275,0.2157,-0.9296,0.4893,0.1495
45186.41204,-1.097,-0.6139,0.6412,1.8603,-0.5605,-2.0816
45421.61893,0.4189,-1.5968,0.5032,-0.2451,0.8896,3.3161
44858.29498,0.4583,0.3052,0.597,-0.3722,-0.2832,-0.7133
45528.31193,-0.4518,1.3727,-1.0353,-1.6076,-0.1999,1.3425
44861.37094,0.1558,-0.1233,0.023,-0.19,-0.1218,-0.0391
45272.02716,0.7978,-0.8869,1.0069,-0.8013,1.1443,2.9836
44571.11133,0.2367,-0.6,0.7949,-1.6884,0.336,-0.0194
44626.72154,0.3801,0.0099,0.6083,-6.6612,1.4726,4.4267
44606.8177,0.1979,0.1995,-0.3972,-1.1231,-0.5633,-0.2778
44971.05024,0.0863,0.0923,0.2974,-0.3519,-0.9064,0.3484
45160.32636,1.3318,1.8461,-0.5658,-0.5146,-0.386,-6.0204
45237.25641,-1.8041,-0.8264,0.5365,-1.3887,-1.1527,0.2255
45294.79039,1.4667,3.5791,-1.2668,3.2604,-1.5019,-5.5201
45373.97157,-0.1257,1.1071,-1.5776,-3.5602,0.3539,1.5452
45568.26877,2.3006,1.7313,-1.7719,1.6392,1.2698,4.4027
44360.90233,-0.1858,-0.2196,0.0464,0.4125,0.1456,0.3359
45404.03768,0.8086,-1.9598,0.6393,0.5133,2.0984,1.9688
44605.09877,-0.2655,0.8361,0.05,-1.3285,0.4549,-0.5111
44752.77767,-0.933,0.4976,0.0941,0.1108,-0.1459,0.1622
45043.46143,-0.1349,-0.0434,0.1146,2.4078,0.6093,-0.7074
45196.09236,1.7952,0.6561,0.2064,-3.1532,-0.2222,-4.6364
44441.67143,-0.2874,-0.1797,-0.0575,0.0515,-0.1082,0.0437
44595.59918,-0.1267,0.7854,0.6026,-0.0472,-0.5146,-0.1691
44895.29738,-0.4937,-0.0051,0.4258,1.0263,0.3559,0.012
44426.01846,0.484,0.0031,-0.0413,0.7599,-0.0766,-0.076
44559.98316,-0.2112,0.1765,0.0467,-0.6496,-0.6344,-0.5184
45527.01519,-1.1124,2.6062,0.8609,5.3322,1.6425,-3.2607
45502.40772,0.5447,-1.4172,0.6396,-0.3269,2.2433,3.1218
44760.70888,0.2634,0.1761,-0.3078,-0.8124,-0.319,-1.296
44918.66861,-1.0972,-0.6359,0.861,3.1472,1.0896,0.11
44742.85614,-0.0956,-0.3186,0.2602,0.0379,-0.2968,0.5909
45012.90763,0.2375,-1.0955,0.6032,3.0872,-0.2475,2.1279
44516.49541,0.4941,-0.0542,0.1967,0.6581,0.1068,0.6835
45136.8039,2.0095,2.2393,-1.6862,-4.9585,0.1346,2.468
45496.07491,1.2062,0.7833,0.1482,3.6745,0.7563,5.1962
45540.04266,1.2001,1.4897,-0.3368,0.5352,-0.4961,-4.8124
45606.14484,0.808,-1.429,1.0025,-0.2084,3.4629,-0.0905
44475.78137,0.253,0.1377,-0.0329,0.0829,0.0612,0.2397
44772.92228,0.4147,-0.0031,-0.34,0.3008,0.0407,-0.0972
45042.82313,1.9006,0.5705,-0.8359,1.4068,-0.3703,-6.2307
45406.993,0.5718,2.9429,-1.2083,3.7748,-1.3452,-4.8648
45283.9089,1.1864,-1.2072,1.3168,-0.0657,2.0964,-0.1154
45623.2939,0.1899,0.1864,-0.2814,2.0716,-0.4721,-0.0431
45169.79562,1.3301,3.2298,-0.9311,2.5082,-1.5123,-5.1746
44600.48469,-0.7158,-0.6678,0.4562,1.9816,0.3062,0.7327
44915.04983,-0.2342,0.2596,0.1302,-1.385,-0.1616,-0.4506
44771.50493,-0.3082,0.1421,-0.1693,-0.9538,-0.0864,0.1719
44540.16953,0.0101,0.0923,0.4034,0.2487,0.499,-0.2125
45389.44189,0.0946,3.105,-1.1481,1.4609,-1.5838,-5.2482
44677.47609,0.8133,0.1615,0.1048,0.3571,-0.1485,-0.1017
45060.59562,0.8509,-1.6279,1.0763,-0.2251,1.4746,1.6969
45516.03835,0.6091,-1.9791,0.7047,-1.4426,1.9828,1.7761
44412.29554,0.6035,-0.4306,-0.0837,0.9501,0.328,0.1562
45480.39367,-1.9908,-0.5945,0.3152,-0.7176,-1.8056,0.7584
44634.44184,-0.5081,0.8028,-1.0285,-0.4312,-0.1294,-0.4876
45520.59191,-1.5866,2.4557,-0.0179,0.4712,-0.3124,-4.2581
45490.34524,0.5912,-1.6374,0.8061,0.1179,1.5496,2.0626
44580.2189,-0.6812,0.7714,0.2159,-0.9094,-0.2203,-0.1188
45073.8345,0.7489,-1.015,0.4652,-0.8686,0.6086,3.9582
44487.42265,-0.3648,0.5187,-0.8636,0.2705,-0.6432,0.3405
45140.72433,1.782,1.6902,-1.3372,2.2505,2.8943,4.9654
44474.33375,0.5202,0.0812,0.248,-0.335,0.1941,-0.3556
45102.72567,0.9088,-1.5631,1.1424,-0.7135,1.5728,2.0875
45324.18308,-1.4763,-0.2684,-0.2369,-4.1394,-2.0822,1.7926
44676.72215,0.0662,-0.587,0.193,0.8405,-0.0789,0.8407
44655.0694,0.0145,0.2385,0.5691,1.1109,0.368,0.071
45586.66399,0.8585,-1.5483,1.0136,-0.1062,2.2707,-0.4533
45245.57971,1.0853,-1.2409,1.312,1.1456,1.6886,0.1301
44369.07554,-0.2958,0.0499,0.0998,-0.3384,0.1498,0.0623
44630.069,0.0767,0.0334,-0.0277,-0.3012,0.1658,0.3319
45282.70262,-2.0286,-0.6782,0.3467,-1.4964,-2.0983,0.5156
45598.96769,0.8557,-1.1981,1.2754,-0.6344,2.0135,1.5549
44639.96066,-0.4915,0.0062,1.14,-1.3817,0.0882,-0.0776
44356.49903,0.0027,0.0096,-0.008,-0.024,-0.0074,0.0305
45615.52345,0.8924,-0.2974,0.3034,1.6531,1.0035,-2.3204
45581.47715,-2.0762,-0.6632,0.256,-0.7776,-1.4082,-0.5319
45291.86519,0.8256,-0.8102,1.1319,-1.126,1.4503,4.131
44560.7673,0.2217,-0.3542,0.1265,0.7889,0.2277,-0.7786
44822.77089,0.3962,0.1096,-0.0819,-1.1736,-0.376,-0.1407
44404.03145,-0.1117,0.0476,0.2275,0.1397,0.1627,0.2213
44834.29059,0.126,-0.0149,-0.0133,-0.083,0.0519,0.1014
45115.40719,0.8264,-1.197,0.9318,-1.1929,1.5096,3.9485
45479.24771,0.7435,-1.2246,0.5837,-0.5682,0.5313,3.6211
45243.10685,1.3659,0.0329,0.4757,-4.1251,2.4475,-3.5289
45582.47227,1.4454,2.3776,-0.8128,-0.3925,-0.4121,-5.7178
44649.85221,-0.2713,0.6235,-0.0967,-0.8878,-0.0252,-0.0917
44428.09945,0.5858,0.0698,0.0137,0.7121,0.1117,-0.4319
45187.61831,1.0371,-0.6198,0.6175,-0.2216,-0.2211,4.2758
45102.96694,-0.4821,0.6944,-0.3944,-1.213,-0.5184,1.9589
45228.05857,1.3441,-1.2559,1.2009,0.1567,2.7311,-0.6495
45231.13458,1.6757,0.832,-0.0841,-2.1874,0.7917,-4.7399
45327.13844,1.8142,1.3621,-1.7378,-0.4175,1.6658,4.972
45391.76395,-1.8133,1.2347,-0.0563,0.4685,0.3132,-3.8866
45453.58469,0.5963,-1.5964,0.7151,-0.4346,1.1267,3.1155
44416.12595,0.1806,-0.3206,-0.0179,-0.9333,-0.2744,-0.4443
44985.40479,0.6636,0.4669,-0.028,-0.0352,-0.5318,0.3206
45580.39151,2.0214,2.2839,-1.5397,3.5692,3.0336,5.3927
45079.74527,0.8285,3.4947,-1.4261,4.6752,-2.4845,-4.0667
44738.00093,-1.2524,0.3286,-1.1948,-0.762,0.2051,0.0449
45221.35367,-1.8419,-0.7692,0.619,-3.8136,-1.583,0.1603
44637.69885,0.3836,0.2557,0.4662,-1.3705,-0.2372,0.0259
44443.9937,0.034,0.0849,0.0623,0.4832,0.3491,-0.2999
44951.32779,0.084,0.341,-0.6208,-1.1669,-0.1228,-0.3377
44975.84515,-0.3847,0.1712,-0.1593,-0.7774,-0.3426,0.3457
44818.18711,-0.1763,-0.0802,-0.449,1.2271,0.3881,0.6724
44500.81304,0.1511,-0.2636,0.0388,0.08,0.216,-0.5838
44785.43723,0.165,1.5533,-1.2378,-4.4527,-0.9563,-2.4756
44722.37974,-0.5244,-0.0891,-0.1572,-1.2559,-0.235,-0.7462
45069.09988,0.9433,-1.7779,1.2212,0.2423,1.3578,1.4057
44575.57466,1.06,0.0071,0.1905,1.8779,-0.4065,1.3583
44797.13795,0.1714,-0.1142,0.0022,-0.217,0.0706,-0.2153
45477.67959,0.5395,-0.9772,0.2532,-0.4723,-0.331,4.6095
44762.9103,-0.0057,-0.6517,-0.3255,-0.0582,0.289,-0.0712
44559.50065,-0.0792,0.6393,0.1453,0.1833,0.0752,-0.0414
44526.93013,-0.7107,-0.0159,0.1973,-0.6961,-0.2207,-0.0426
45275.91737,1.5162,-1.0527,1.2374,0.1113,2.4631,-1.1222
44835.55715,-0.2025,0.1302,-0.1604,0.3261,0.0454,-0.188
45126.55047,0.4286,1.7323,-0.7461,-3.5586,-0.7401,1.9296
44579.85702,-0.7127,-0.064,0.2846,0.2401,0.2725,-0.0388
45342.0358,0.6747,-1.5732,0.5301,-0.3674,1.7341,2.795
45337.84404,0.373,4.2676,-1.6351,4.5437,-1.2402,-5.9754
45115.52783,3.1583,2.6687,-2.4986,-3.7521,0.1391,3.5424
45443.48229,-1.7007,-0.6244,0.175,-3.4481,-1.6867,0.9001
45312.22095,-1.1049,-0.7195,0.6056,-2.7463,-2.4389,0.4312
44599.15774,1.2069,-0.5692,-0.7408,0.8114,0.3096,-0.0891
45231.91863,1.4084,1.1792,0.0169,-0.2655,-0.2047,-4.5128
45257.09957,-1.5506,-0.708,0.5989,-2.4809,-1.8665,0.9107
45306.03885,1.4295,4.3744,-1.0381,3.1452,-0.5951,-5.4408
44988.26966,-0.043,-0.1924,0.0156,-0.039,-0.2708,0.4306
44729.31577,0.229,-0.2932,-0.1195,0.9705,0.1162,0.4529
44942.37141,-0.2428,-0.0529,-0.0606,-0.7641,0.0375,0.356
44997.01506,0.0576,0.0987,0.0224,-0.4697,-0.5552,-0.2031
45364.1707,0.9753,-1.8964,0.7609,0.8272,2.3227,-0.5854
45565.28331,-2.0222,-0.4833,0.317,-2.2278,-1.4933,1.3032
44639.84003,-0.4751,0.0667,0.2868,0.0381,-0.087,-0.4621
45127.06313,1.388,-1.2274,0.9182,0.4394,2.7669,-3.2458
45292.43817,1.6966,1.5345,-0.2287,-0.9137,-0.6181,-6.0055
45536.75565,0.3237,3.3269,-1.1929,3.4752,-1.6172,-4.8651
44915.23077,0.3645,-0.0061,-0.4233,0.3056,-0.0086,-0.0815
45042.31047,1.7509,0.8817,-0.1441,-0.4278,3.8917,8.2776
44551.14696,0.4414,0.1217,0.0363,-0.0204,-0.1019,-0.0933
45370.68453,1.3971,1.5786,-0.523,3.9597,1.1148,4.3906
45409.94834,-1.7395,-0.7185,-0.1655,-3.1009,-1.867,0.604
45463.17443,0.8597,-1.4677,0.9576,-0.1901,2.2393,2.3177
44936.70203,0.1127,0.0031,0.1042,0.1541,0.3913,-0.0423
45052.60404,0.1366,3.2197,0.4486,2.0287,-1.618,-5.16
45301.45503,0.8447,-0.8455,1.211,-0.9242,1.8053,3.5959
45312.49241,1.9811,1.0204,-0.0372,-2.6018,1.489,-5.4144
44830.34012,-0.2684,0.897,-0.3456,-0.4068,-0.4386,-0.9391
45470.17067,-0.2628,3.5386,-0.7177,4.1711,-0.9923,-4.8969
44367.7787,-0.029,-0.6882,-0.0935,1.0729,0.1535,0.6032
45564.80083,1.1804,0.0657,0.5589,-3.1423,2.2594,-3.5836
44359.69593,-0.0442,0.2771,-0.1006,-0.2232,-0.0536,0.2171
45457.56533,0.6173,-1.3618,0.7302,-0.8395,1.2647,3.5417
44666.58941,-0.088,0.7302,-0.3612,-0.8671,0.2751,0.5256
45025.09096,0.2044,-0.3551,-0.4082,-0.9681,-0.9912,0.2026
45304.25961,-1.6475,-0.6707,0.5639,-1.4635,-1.7775,-0.7237
44473.3385,0.4499,-0.1479,-0.118,0.4299,0.1358,0.1754
44584.71235,0.4699,-0.29,0.1588,-0.5401,0.267,-0.1062
45227.72684,-1.2925,-0.9455,0.5201,0.3717,-1.2009,-1.7054
45500.74911,0.8807,-1.6981,0.6495,0.3839,2.1348,0.7175
44835.73809,-0.3072,0.0351,0.4312,1.5297,0.3698,-0.2033
45551.9543,1.3316,1.3549,0.0915,1.0376,0.8169,-4.742
44500.51147,0.183,0.0462,0.0588,0.0777,0.0193,0.1121
44359.78641,-0.0207,-0.0367,-0.1269,-0.3569,-0.3958,-0.2702
45212.13576,1.3698,0.3648,0.2231,-4.231,0.8824,-3.5514
44770.81133,-0.2759,0.6447,-0.0517,-0.3012,-0.3254,-0.6782
45357.65689,1.1706,0.2927,-0.319,-3.5968,0.8871,-4.7528
45087.88765,0.8027,-0.9405,0.682,-0.7198,1.0119,3.9197
44446.94934,-0.4171,0.5369,0.3455,-0.7545,0.1302,-0.07
44643.33826,-0.5769,-0.2142,0.0779,-0.4411,0.1506,-0.3454
45603.1292,2.4591,2.4128,-1.7106,-2.9903,0.3661,4.3569
44582.54101,0.5392,-0.0472,-0.5749,0.5391,-0.0756,-0.1031
44629.85791,0.0567,0.1439,0.0927,0.522,-0.15,-0.816
45031.76563,0.1232,0.0039,0.0648,-0.7191,0.1641,1.233
45113.38661,-1.8653,-0.5776,0.7419,-0.8645,-1.463,-0.5601
44958.95734,0.7554,0.0939,0.1316,-0.3678,-0.2121,-0.3106
44856.99827,-0.2746,0.1366,-0.0111,-0.0134,-0.0357,-0.1174
44700.18427,-1.1794,-0.0914,-0.3591,-0.3628,0.0823,0.0692
45524.27099,1.1299,2.8765,-1.898,-4.712,-0.4549,2.2661
45124.56007,1.713,3.0429,-1.1983,4.6842,-1.1329,-5.8043
44487.57342,0.0253,0.7319,-0.3098,1.26,-0.0038,-0.8139
45429.45958,1.1062,-1.0246,0.7649,0.4238,2.3655,-1.6188
44844.63421,-0.3481,-0.2568,0.3278,0.075,0.2346,0.1414
44580.94269,0.1686,0.6351,0.5456,-1.8146,-0.0952,-0.8079
45074.22655,-1.1059,-0.5801,0.4956,1.8809,-0.4289,-2.4667
45223.19825,1.7341,1.0403,0.1531,-0.6587,1.1807,-5.2324
45583.46744,1.0959,-1.6402,1.0716,0.8501,2.9318,0.5027
44486.12581,-0.0606,0.1842,0.0867,0.2998,0.2942,-0.4428
45475.93053,1.0725,-1.0872,0.2409,1.1167,3.2177,-1.4575
44413.92421,-0.4097,0.0523,-0.444,1.1348,0.1838,-0.1431
45303.38506,-0.9071,-0.3706,0.4202,-2.6444,-1.6574,1.5624
44883.26476,0.071,-0.2026,0.0855,0.2493,0.0813,-0.0509
45210.86917,0.8283,1.8695,-0.7612,-4.478,-0.336,1.3817
44878.77137,0.3276,-0.5428,-0.0814,-0.3703,0.0725,0.1086
45197.99225,1.9189,2.4523,-1.1146,5.9346,2.8214,6.2595
44536.39976,0.1371,-0.1065,0.2286,-0.0825,-0.0768,0.0512
44584.32034,-0.3507,0.5079,-0.0194,0.9946,0.4468,0.0298
45069.55221,-1.555,-0.9661,0.3091,2.2312,-0.1211,-1.4329
45412.57196,1.2965,1.3263,-0.6842,1.7402,-1.0311,-5.0351
45471.61818,-2.4058,-0.4986,0.4398,-0.567,-1.4576,0.513
44885.46621,0.1178,0.3247,-0.2489,0.0217,-0.4868,0.2622
44630.40072,0.0326,0.0371,-0.072,0.0435,-0.0902,0.1946
45453.61484,0.7183,-1.262,0.5501,-0.6392,0.6747,4.4649
44765.71486,0.3607,-0.0674,0.4066,0.5814,-0.2188,0.3569
44534.22839,-0.7645,-0.2704,-0.3292,0.263,0.2223,0.6154
44801.23922,-0.4968,-1.1136,0.9734,0.8925,1.0679,1.3338
45185.71845,0.1201,4.1197,-0.9305,1.3575,-1.6704,-3.989
44513.57004,-0.1668,0.1318,0.1693,0.3019,0.0652,0.1063
44793.51917,-0.1996,-0.1921,-0.0659,0.3074,-0.0846,0.1158
44776.54105,-0.2926,0.11,0.1102,-0.6964,0.1532,0.0896
45169.88611,1.6004,0.1746,0.2544,-3.1628,1.4792,-4.3018
44440.91742,-0.312,-0.0887,-0.1038,0.7234,0.1192,0.3864
44530.30786,-0.3489,0.2326,0.3076,0.8987,0.3961,0.1983
44558.59593,-0.0014,0.0457,-0.0793,0.8645,0.1872,0.3133
44441.03806,0.0272,0.358,0.2715,0.296,0.0188,0.0429
44905.06809,0.4643,0.0185,0.9664,0.4428,-0.0657,0.4017
45371.49872,1.7041,1.8232,-1.3889,4.321,3.158,5.1123
44675.63651,-0.2806,-0.2593,-0.322,-0.6299,-0.7989,-0.3784
44935.16405,0.0857,-0.0963,0.1127,-0.2192,-0.0463,0.5176
44523.64288,0.0164,-0.3652,0.3894,-1.3183,0.2358,-0.8079
44619.84566,0.7444,-1.5376,-0.9101,2.5974,-0.2092,2.0324
44704.94907,0.4222,0.1236,-0.5456,-0.0612,-0.0629,0.0193
45346.16727,-0.677,1.1196,-0.6036,2.1371,-0.9114,1.7666
45486.69633,-1.1465,-0.4909,0.3108,-2.8698,-2.1009,2.0871
44454.3384,0.3463,0.0953,0.7931,0.6851,0.8475,-0.4008
44569.96534,-0.1091,0.873,-0.2542,-1.1872,-0.0445,-1.6645
44598.94665,0.6369,-0.2907,0.1471,1.168,0.0368,0.2195
44385.24103,0.1383,0.0296,0.0208,-0.0516,0.0944,0.3296
44514.4748,0.5273,-0.2071,-0.6056,0.3289,-0.7069,-0.0984
44878.98246,-0.1326,-0.0191,0.5301,0.8303,0.9387,0.0589
44960.61599,0.5677,-0.923,0.0422,-1.2934,-0.5241,1.5491
44803.01844,-0.1155,-0.3298,0.507,0.4064,0.4321,0.4161
44984.50008,-0.1293,-0.11,0.1881,-1.0975,0.2767,0.4472
45224.13818,1.0747,-1.4309,1.0855,0.0845,2.2112,2.0141
44964.77763,0.1319,-0.1327,0.1758,0.9763,0.1273,-0.0999
45224.50005,-1.2748,-0.8937,0.4562,-2.0892,-1.9882,0.6098
44986.18884,-0.1659,-0.155,-0.0006,-0.6499,-0.3129,0.4562
45328.10344,-1.4212,-0.2032,-0.2643,-3.5393,-1.9737,2.7429
45357.20452,0.0265,1.539,-1.6205,-2.0498,-0.2268,2.0327
45352.25886,0.6904,-1.8149,0.9717,-1.0498,1.974,2.0322
44619.75517,-0.5889,-0.3139,0.5319,-1.9659,0.5066,-2.0913
44670.38919,0.2237,-0.6172,-0.014,0.5007,0.147,0.6686
45099.28755,-1.0736,-0.1329,0.456,0.331,-0.2151,-1.6584
45311.31626,-0.439,0.5951,0.1103,-3.0846,-0.5943,2.6543
45199.01759,-1.1847,-0.6773,0.3702,-3.2376,-1.6321,1.2206
45374.6652,1.2874,0.854,-0.3032,3.8267,1.2488,5.2354
45129.26463,0.832,3.6291,-1.1026,4.0017,-2.5271,-5.9022
44594.51353,0.4988,0.0802,-0.1189,0.2619,-0.1582,-0.181
44807.05941,-0.1634,-0.0357,-0.0699,0.7026,0.3134,-0.1171
44943.3967,-1.6053,2.1167,-0.644,-2.1701,0.8407,-1.934
44669.36385,0.2338,0.1836,-0.1988,-0.3273,-0.4773,0.0436
44906.69653,-0.1768,-0.0171,-0.208,0.7411,0.3108,0.5942
44642.58433,-0.9127,0.8035,2.6418,2.524,1.6497,1.5018
44804.04377,0.3569,-0.2468,0.286,0.2958,0.247,-0.1181
45528.28175,0.6353,1.9711,-1.2584,-5.202,-1.097,1.1675
45610.27626,0.8682,-1.0262,1.0286,1.4268,3.1121,-0.7135
44947.49795,0.0963,-0.0212,0.3412,-0.613,0.3152,0.2342
44819.96634,0.1824,-0.415,0.36,0.7818,0.3844,-0.2598
45488.50567,1.0402,3.6477,-1.1273,3.3948,0.1443,-5.8457
45600.11359,-1.3239,-0.6048,0.2421,-1.7675,-1.9659,0.5526
44739.17702,-0.5889,-0.194,-0.1594,0.2749,-0.1499,0.8255
45595.46954,-0.9849,2.7905,-0.7255,1.1091,0.1514,-4.4474
45324.76611,0.9677,0.0017,-0.3511,5.3097,0.0552,4.5695
44925.27283,0.4072,-0.0715,-0.4632,-0.622,-0.1198,-0.2055
44600.3339,0.4365,-0.1258,0.7798,0.2505,1.0146,1.2941
44476.02261,-0.1032,-0.063,0.144,-0.614,-0.0897,-0.2019
45182.5218,-0.3707,3.7162,-0.8512,0.5412,-0.9452,-3.8937
44601.99254,0.0691,-0.0567,-0.0446,-0.3712,-0.2957,-0.0898
44737.03589,-0.3448,-0.949,1.8532,2.9011,2.6816,0.8607
44364.73258,-0.002,-0.6647,-0.039,0.0319,-0.0205,1.5225
44748.25417,-0.5598,0.0359,0.7443,1.1559,-0.1093,0.6718
44690.59434,0.0983,0.0985,0.1806,-0.1223,0.0344,-0.4593
44600.12278,-0.957,0.3048,-0.2259,-0.7526,-0.1199,-0.7318
44422.48974,0.0268,0.2503,0.1592,-1.2864,-0.2467,-0.3537
45133.72787,-0.546,0.6681,-0.2905,-2.4057,-0.9137,2.333
45365.19602,0.3978,1.879,-1.338,-4.6649,-0.724,2.0652
45424.63454,1.1488,-0.5498,0.1101,-3.5759,1.8279,-3.2558
45161.77391,-1.0757,-0.3912,0.6514,2.0186,-0.1598,-2.7265
45358.01877,-0.5093,0.8702,-1.1903,-3.3368,0.3176,2.5282
45371.95108,0.9339,2.574,-1.4786,3.3947,-1.551,-5.2968
44904.13324,0.3112,0.037,0.2935,-0.2962,0.0915,-0.4131
44645.20801,0.3323,-0.0189,0.2628,2.2984,-0.9781,-1.4092
45456.72094,0.6253,-1.8005,0.9004,1.1625,2.2157,0.6796
44545.99,-0.4657,-0.7132,0.0589,-0.299,-0.2559,0.3224
44553.52942,0.2051,0.1919,-0.0272,-0.0847,-0.1184,-0.1234
45288.65356,0.6579,0.7254,-0.3651,0.2906,-0.6676,0.1093
44891.25633,0.3365,-0.1692,0.3075,0.9707,0.2176,0.1446
45503.6441,-1.5019,-0.5026,0.3597,1.3983,-0.5515,-1.6618
45601.28969,1.2074,-0.3342,0.5983,-3.1505,2.0191,-2.2592
45075.46298,1.392,2.082,-0.1319,3.7258,0.5447,5.6867
44935.46559,-0.1278,-0.0271,-0.074,-0.0917,-0.0845,0.2287
44893.12606,0.1269,0.0106,-0.0286,0.5579,-0.0301,-0.3947
44965.32047,0.2989,-0.044,0.1454,-1.3979,-0.3144,0.0713
44437.44905,0.3414,0.0713,0.0952,0.29,0.1538,-0.0203
44836.55231,0.2314,0.1855,-0.1433,-0.3817,-0.0729,-0.2048
45286.38173,0.7755,-0.548,1.0374,-0.4883,0.5795,4.6997
45112.30091,0.7824,-0.5844,0.7501,-0.4514,0.4284,5.7693
45445.53294,0.8338,-1.5701,1.1501,0.4529,2.0056,0.4931
45570.19878,-1.5884,-0.8205,0.5296,1.1835,-0.7058,-1.9103
45586.5132,1.62,1.8961,-0.6515,-0.0026,-0.4054,-6.052
45530.48318,1.1069,-1.6197,0.2884,0.9162,2.2421,-0.7442
44375.65032,0.0667,-0.113,-0.0346,-0.2566,0.1434,0.3297
44637.78934,0.7547,-0.0686,-0.3854,-0.7425,-0.2818,0.0082
44718.94185,-0.6244,-0.6754,1.2712,2.1382,0.919,1.3172
45072.9901,1.0271,-1.7878,1.1098,-0.0201,1.4081,2.4079
45538.02221,-0.3842,1.1481,-0.738,0.1059,-0.2277,1.245
44535.85692,0.7018,-0.0199,-0.027,0.4247,0.1254,-0.0386
45443.30138,2.0223,1.8107,-2.5643,-3.3044,0.6366,3.7178
45472.85458,0.4564,-1.5042,0.6406,-0.5861,0.7478,3.5221
45445.83452,-1.2289,-0.2215,-0.1467,-3.1703,-1.0117,2.1719
44695.38931,1.0448,0.1338,0.1013,0.7673,0.3398,-0.9404
45598.21377,0.4826,-0.8883,0.6886,-1.1701,0.7359,4.4668
45196.39395,2.4831,2.3397,-2.539,2.6799,2.5579,4.6415
44924.39827,-0.1914,-0.5217,-0.1277,-0.0837,-0.1349,1.2358
45614.25685,-1.7842,-0.6733,0.4996,-4.2132,-1.8702,-0.0595
44910.94857,0.1543,0.1606,0.2677,2.2282,-0.4232,-2.4534
45271.24308,0.7988,-0.8317,1.0322,-0.7886,0.9211,3.4622
45265.845,-0.6563,0.1337,0.3491,-3.8341,-1.6235,2.8136
45113.44694,-1.7522,-0.7356,0.6605,0.956,-0.4094,-1.9671
44517.49062,0.4023,-0.0441,0.0943,0.513,-0.2701,0.4399
44754.94895,0.1806,-0.186,0.0809,-0.415,-0.0852,0.0828
44712.72956,-3.322,-0.0398,0.5436,-2.6961,-1.9763,-0.6188
44980.79084,-0.4666,-0.3204,0.4415,-1.3019,-0.2068,0.3727
45197.41925,-1.3445,-0.737,0.3484,-2.2641,-1.8938,0.8466
44436.63473,-0.0169,-0.1312,0.0795,0.095,0.0673,-0.034
45031.85611,0.0225,-0.0632,0.1783,-0.6634,-0.3374,1.6069
44375.07727,0.0405,0.1953,0.1729,4.1713,-1.1425,-2.0946
45320.74526,0.8143,-0.0626,0.5991,2.016,0.8896,-2.646
45174.89214,0.7268,-0.702,0.769,-0.0306,0.556,4.3685
44550.54381,-0.3444,-0.2141,0.2283,-0.1131,0.12,0.3586
44451.11134,0.3988,0.1441,0.1378,-0.496,-0.3316,-0.3651
44618.9711,1.233,-0.3024,0.4546,0.9577,-1.152,0.3836
45375.84128,-1.5436,0.4756,-0.1686,1.5529,0.4957,-2.9961
45001.44807,0.076,0.0554,-0.007,-0.5262,-0.0258,0.0638
44748.79701,0.3816,0.238,-0.138,0.9692,0.3915,-0.3322
45148.05251,-0.907,-0.5418,0.4813,-2.6284,-1.8624,1.3844
44841.25672,0.431,0.007,-0.1769,0.0762,-0.0692,-0.6053
45287.59303,-0.4165,0.1304,-0.3567,0.8605,-0.5596,0.6617
45349.27335,0.7565,1.5897,-1.688,-4.7896,-0.2118,2.0571
45355.06341,-1.862,-0.5853,0.1748,1.4561,-0.8447,-1.7666
45555.33181,0.6769,-1.6702,1.0599,0.4936,1.809,1.3056
45162.79925,1.2408,-0.9611,0.4744,-0.8366,3.4977,-2.3596
45615.01079,-0.4707,0.7234,-0.3861,-3.4538,-1.3625,2.7989
45158.66774,0.4554,3.9834,-1.2819,2.458,-2.0266,-5.217
44885.49636,-0.0612,-0.4336,0.0591,-0.0827,-0.2661,0.4081
44946.05044,-0.3124,0.5504,0.3592,-0.4039,0.3091,-0.9496
44637.39728,0.3532,-0.1719,0.0586,0.1087,-0.1721,-0.069
45523.39648,0.9099,1.2356,0.4326,5.8667,-0.7807,5.4154
45419.62858,-1.749,-0.6802,-0.1364,1.7269,-0.2066,-1.2202
44438.26338,0.2574,0.1501,0.0324,0.5372,0.1076,0.1722
45315.50803,-1.1518,-0.7408,0.7657,2.2451,-0.727,-1.3839
44749.06843,-0.4628,0.0493,-0.5473,-0.1054,0.5572,-0.2168
44546.11063,-0.2627,-0.5568,-0.2948,0.9726,0.0334,0.7262
44580.88235,-0.5328,0.2038,0.1902,-2.0577,0.0324,-1.034
44814.23665,1.1868,-0.7318,0.1837,0.7519,0.3004,0.3674
45250.25397,1.5512,-0.3258,0.6362,-3.8781,2.0851,-2.8414
44738.3025,0.3691,0.0101,0.2144,1.1267,-0.1629,0.7334
44831.84795,-0.2106,-0.1355,-0.1082,-0.1714,-0.169,-0.0298
45454.6703,-1.4165,-0.5847,0.136,-2.7226,-1.8447,1.4999
44537.18389,-0.0171,0.2811,0.068,0.2905,0.0416,0.289
44390.79061,-0.2695,0.3357,-0.1831,-0.3877,-0.0176,-0.0877
44728.71262,0.0622,-0.0803,0.1141,-0.1415,-0.2939,0.1212
44533.2935,0.3533,-0.2302,-0.0141,0.6339,-0.0266,0.3435
45271.39389,0.9178,1.7116,-0.8331,-4.7834,0.1381,1.9506
45374.45411,0.9828,-0.6602,-0.0231,-1.7719,2.0999,-2.8739
45535.67004,-0.883,0.31,-0.0567,-2.461,-1.3442,2.6998
45604.3053,-1.4537,2.0793,-0.2247,1.85,0.2869,-4.4711
44417.63396,-0.1489,0.1207,0.4222,-0.6556,0.2935,-0.1125
44544.81386,0.2348,-0.3572,-0.102,0.7955,0.326,0.2062
44726.02869,-0.2965,-0.1137,-0.1215,-0.0614,-0.069,0.6278
44899.24789,-0.0582,-0.1158,0.1752,-1.9225,-0.3636,-0.1865
45569.08298,2.2096,2.917,-2.1203,-1.639,0.6848,4.2925
45605.60202,0.3896,1.7307,-0.9857,-1.7737,0.3529,1.5379
44821.89635,-0.1953,-0.1253,0.4074,0.3489,0.062,0.2068
44926.41872,-0.2177,0.2827,-0.0481,0.7074,0.4392,-0.0915
44656.72803,0.1161,0.0042,0.0217,-0.9519,-0.4351,0.0891
45319.34799,-0.2226,0.8961,0.0296,-1.1578,-0.7457,1.524
44611.43175,-0.4949,0.886,-0.3006,-3.3547,-0.2186,0.4171
44574.27785,-1.0532,-0.3534,0.3662,1.8913,1.5321,1.007
45340.34704,1.0525,-0.9157,0.1197,-3.7654,2.187,-2.325
45438.08431,0.37,3.504,-1.5196,2.5062,-1.2594,-4.8091
44934.98311,0.1434,0.2083,0.1456,-0.5592,0.0103,-0.0611
44953.01654,-0.6608,0.0387,-0.0285,-0.2429,0.043,-0.2219
44446.64777,0.1008,0.0126,0.1842,0.2515,0.0666,-0.052
45167.83545,0.3546,1.7253,-0.8124,-3.157,-0.3149,1.2873
44796.5348,-0.153,0.3478,-0.5298,1.3702,0.0416,0.7941
44611.91428,-0.2438,-0.3442,0.2069,0.1193,-0.0274,0.0037
45625.40486,-0.0527,0.1583,0.0757,0.9661,0.0396,-0.8974
45523.60757,-1.2042,-0.3926,0.1445,-3.4917,-1.4578,2.0227
44549.30736,0.1117,0.0289,-0.1677,1.1919,-0.3883,-0.2939
45453.31329,-0.0994,3.6928,-1.1234,3.4778,-1.1406,-5.5653
45232.88367,0.8992,-1.2036,1.1508,-0.1838,1.6327,1.9923
44893.21654,0.2262,-0.0257,0.3189,-1.1608,-0.0847,-0.5952
45343.48333,1.0376,-0.7047,0.0917,-2.6029,2.3452,-2.5426
45348.24805,1.1205,-1.6033,0.7254,3.0542,2.395,-1.6804
44657.93433,-0.4297,0.404,0.1448,-0.2323,0.3161,0.332
45147.93187,-0.0363,1.365,-0.7747,-3.5378,0.2247,1.3571
45048.62333,-1.3482,-0.7336,-0.0203,-2.451,-2.49,0.6933
45254.86798,-0.5083,3.7384,-0.7143,1.5264,-0.8947,-3.506
45451.86576,1.1254,-1.0034,0.5282,-0.7846,2.1145,-1.7281
44604.13374,-0.3922,-0.1195,0.497,-0.005,0.0732,0.3947
45026.68923,0.2155,-0.6593,0.065,2.912,0.9668,0.6169
45136.89438,-0.3812,0.6195,-0.1417,0.3307,-0.418,1.9552
44459.88766,0.0112,0.163,-0.0221,-0.2413,0.0262,-0.3899
45196.30346,0.8921,-0.7286,0.8504,-0.5135,0.6948,3.7379
45165.18161,1.2906,-1.0811,0.892,-2.3734,2.604,-2.088
45245.45907,1.4158,0.4106,0.392,-2.5407,0.9887,-4.0597
45213.10076,0.8652,-0.79,1.0197,-0.6218,1.6518,3.1513
44503.64795,0.3994,-0.378,0.1039,0.0069,0.1585,0.097
45311.88923,0.9993,-0.7274,1.1728,-1.248,1.4211,3.7755
44671.32404,0.0638,-0.6417,-0.0999,1.4524,0.4769,0.8135
44817.011,1.0566,0.171,0.8822,0.568,0.5219,0.2822
45084.11802,-0.1425,1.3987,-1.0125,-3.6385,0.1893,2.6081
44476.38452,0.0299,-0.4359,0.1178,0.1362,0.1179,0.3396
44583.02354,0.1915,-0.2549,0.6013,-0.3041,0.1136,-0.0054
45228.722,1.6061,1.4968,-0.3918,-1.0717,-0.554,-5.3903
44686.6438,0.0074,-0.1257,0.043,0.8446,-0.1327,-0.271
44675.69682,0.2738,-0.0545,-0.2252,-1.3459,-0.988,-0.3412
44918.8194,-0.765,-0.378,0.7138,1.0316,0.4709,-0.1016
45613.50296,-1.5283,-0.1762,0.3012,0.3736,-0.3122,-1.241
44813.18116,-0.0019,-0.2151,0.2058,0.2978,0.1334,-0.0644
45221.14259,2.8479,3.0906,-2.4949,-2.2233,0.1553,3.537
44614.62843,-0.617,-1.9667,-0.3022,1.0532,0.0578,1.8367
45013.14886,-0.2797,0.5977,-0.3314,-3.9046,0.3513,-1.434
45034.4295,-0.1512,1.0137,-0.9337,-1.8549,0.1384,2.8999
44567.70351,-0.2075,-0.7066,0.2255,0.9893,0.8147,-0.0413
44843.63905,0.3772,-0.5677,0.5384,1.0995,0.5118,0.2988
45173.62553,-2.0217,-0.7962,0.4404,-0.1651,-0.7865,-0.6537
44397.66736,-0.071,-0.4535,0.0346,-0.0446,-0.3261,-0.1943
45212.64842,-1.3645,-0.8269,0.5194,-2.6848,-1.8373,0.3385
45023.372,0.4111,-0.2412,0.0905,-0.0261,0.4515,-1.9331
45510.97209,-1.1702,2.8936,-0.4267,3.0107,0.0789,-3.2016
44515.0478,0.5602,-0.5285,0.0449,1.6586,0.0555,0.6074
45069.31097,0.0348,1.4993,-0.8607,-3.0622,-0.0556,1.5877
44571.05099,-0.7301,0.0497,0.2454,-1.9644,-0.2936,-0.8898
44941.61748,-0.133,0.1976,0.3159,1.0812,0.0151,0.8096
45346.22757,-1.2806,0.0091,-0.1872,-0.0523,-1.8959,2.1864
45378.91727,-1.9456,-0.6255,-0.0831,0.6467,-0.8808,-1.878
44364.09922,0.1489,0.2667,-0.1156,-0.8197,0.1398,0.1471
44998.19117,-0.101,0.0828,-0.155,-0.9337,-0.4216,-0.5429
44527.89517,-0.051,0.1164,-0.191,-0.4537,0.0149,0.1851
45172.11773,-1.1876,0.1521,0.487,1.2717,0.6484,-2.2851
45253.17921,-1.2396,-0.8654,0.7085,0.2178,-0.9297,-1.2564
44678.29033,0.3937,0.182,-0.6191,-0.4981,-0.2612,-0.2256
45011.33946,0.4179,-0.0826,0.1626,-2.4694,-1.2513,-3.0742
45384.55654,-1.5926,-0.5475,0.1461,0.2732,0.1946,-2.5764
45421.40783,0.9967,0.846,-0.3109,-1.6579,-1.1595,-4.1527
44971.83429,0.051,0.1357,-0.3356,0.1238,-0.0796,-0.3571
44920.05579,-0.4352,-0.4643,0.2778,0.2451,0.2037,0.5008
44568.60826,0.4947,0.4301,0.9232,-1.4165,0.3854,-0.7663
44606.0638,-0.0287,0.1991,0.0309,-0.5937,-0.49,0.0592
44822.8312,0.2728,-0.2355,0.551,-0.2128,0.0686,-0.2388
45073.02029,0.9622,-1.3576,0.8148,-0.8744,0.8724,3.7912
45358.19971,-2.1628,-0.5153,0.201,1.1215,-1.3345,-0.931
45361.09476,0.5456,-0.936,0.3935,0.5857,-0.1521,5.8967
44895.53862,0.0562,0.0835,-0.0859,0.0313,0.2655,-0.2991
45296.59983,1.2198,-1.074,1.6037,0.7203,1.8083,0.2546
44359.99753,0.1402,-0.2587,0.1111,-0.0701,-0.3375,-0.4223
44750.03344,-0.0658,0.2823,-0.015,0.0173,-0.0935,0.0523
45347.61475,0.9056,0.5514,-0.0222,3.0735,0.7728,5.3923
45397.58417,1.1633,-1.16,0.5706,-2.5218,1.8002,-1.7252
45080.10714,1.6075,2.0084,-0.8577,4.7344,1.9466,5.507
44805.12938,0.3308,0.4877,-0.3876,-0.8013,-0.1206,-0.933
45175.49528,1.6802,-0.1069,0.5067,-2.8035,1.616,-4.4105
45378.19351,-1.5725,-0.1754,-0.0649,-0.3928,0.6298,-2.9869
45390.97989,-1.3789,1.5923,-0.722,0.0107,-0.9525,-3.5276
45111.39117,2.538,1.0316,0.2739,-1.1075,2.0364,2.6819
45429.73099,0.0262,1.3661,-1.5703,-2.7748,0.8021,2.1742
45457.92721,-2.3511,-0.7193,0.0672,-1.3539,-1.0681,-0.8349
44955.54966,0.0856,0.3208,0.1205,0.0976,-0.0686,-0.2298
44359.60544,-0.1394,-0.2296,0.1094,0.1856,0.5814,0.3218
44610.01437,-0.1231,-0.042,0.1336,-0.4579,-0.4258,0.2781
44666.89098,-0.0455,-0.4627,-0.131,0.2374,0.4366,-0.1456
45418.93497,0.069,3.975,-1.3957,2.0708,-2.0434,-4.9856
44545.17576,-0.4322,0.11,0.0688,-0.1089,0.1375,-0.0477
44422.64053,-0.2038,-0.5687,-0.1385,0.5392,0.0773,0.2351
44466.58294,-0.2004,0.031,0.3474,-1.4639,-0.3158,0.0488
45024.18626,-0.2635,0.0803,0.0909,-0.9154,0.9016,0.6243
44557.57057,-0.0163,-0.0804,-0.0723,0.1878,0.0889,-0.0114
44566.16548,0.1442,-0.0051,-0.0167,0.7683,-0.0454,-0.494
44628.38019,-0.1347,-0.5215,0.1786,1.2525,0.9273,0.1973
45163.31189,-1.3412,-0.7973,0.6692,-0.9822,-0.9689,-1.254
45335.88384,2.0163,2.2618,-2.6283,-3.3825,0.6429,2.6386
44413.10987,0.6812,-0.4566,-0.0088,-0.5467,-0.2652,-0.4983
44779.10436,-0.0511,-0.0567,-0.0796,0.5036,0.165,-0.1345
45036.95761,0.1939,0.1057,-0.0044,-0.6719,-0.2729,1.3795
44440.73646,0.4957,-0.994,0.0333,0.6242,0.3323,-0.117
45278.05848,-0.9111,2.3917,0.0923,0.0017,0.7016,-3.1452
45592.87615,-1.3365,-0.5155,0.3574,-2.5418,-2.0226,1.1287
45444.20605,-0.7229,0.4868,-0.5156,-2.3477,-0.558,2.77
45558.89025,-2.1994,-0.8521,0.604,-3.8287,-1.7808,1.1899
44434.79496,0.127,-0.5394,0.6351,2.3848,1.0138,1.0541
45524.78364,1.037,-0.5347,0.1447,-3.0451,3.4954,-2.6994
45401.68546,0.6336,-2.0379,0.9086,0.7704,2.1072,0.7414
44498.70195,-0.0224,0.0011,-0.0737,-0.6485,-0.1039,0.03
44940.89372,-0.2395,-0.9248,0.52,-0.2902,-0.0642,0.3698
45224.22864,0.8548,-0.4761,0.7832,0.1527,-0.4371,5.5421
44963.72214,0.1413,-0.0348,0.3506,-0.0904,-0.222,-0.1456
44393.6559,-0.117,-0.2036,-0.1508,-0.2164,-0.1144,-0.1053
45006.84611,-0.2441,-0.3728,0.207,-3.3766,-0.5971,-2.4865
45440.34604,-2.1211,-0.8159,0.3532,-1.2029,-1.6235,-0.1286
45369.71952,0.8423,-1.4655,0.2358,0.7953,2.6338,-0.7692
44764.32767,-0.1803,-0.1986,0.0917,0.4209,-0.1979,0.0542
45030.04165,0.127,0.0376,0.1132,1.6175,-0.1638,-0.6489
44661.82459,0.3836,-0.0032,-0.0876,-1.4086,-0.8389,-0.2289
45087.07339,0.8685,-1.2541,0.7672,-1.0173,0.9633,2.7381
45179.74736,2.7364,3.0179,-1.7664,-3.0336,0.6821,4.2522
44759.05026,0.2537,0.5425,0.3205,-0.3463,0.5213,-0.7682
45181.37587,0.712,1.5262,-0.8677,-4.4014,0.168,2.3374
44658.32635,0.119,0.0666,-0.1643,0.9209,0.2426,0.4357
44530.97129,0.2463,0.9384,-0.7688,-2.5326,0.2751,-1.5462
45274.59045,0.4062,1.7281,-0.995,-4.1142,0.0688,1.9328
44867.2514,0.3026,-0.3673,-0.0911,-0.9578,-0.6894,0.2648
44556.54522,0.0259,0.0448,0.0205,0.0859,-0.1129,0.218
45174.01759,0.9252,-1.3503,1.3996,-0.081,1.7766,1.2897
44501.98924,0.0727,0.4994,-0.3131,-1.1322,-0.0326,-0.8856
44493.63532,0.1256,0.1163,0.054,0.4923,0.041,0.4187
45340.95015,-1.7812,2.4398,-0.3081,0.994,0.7162,-4.6551
44987.21419,0.285,-0.0258,0.0868,-1.5313,-0.3156,0.3609
45422.10141,-1.0133,2.7462,-0.8416,2.2416,-0.1301,-4.0149
44875.78581,0.2271,0.6312,-0.5073,-0.3036,-0.1299,-1.1795
44760.22636,0.633,-0.0455,0.6515,1.6049,0.4404,-0.2679
45024.45768,-0.281,0.062,0.6331,-9.5136,-2.1708,0.6074
45082.03717,-1.485,0.5584,0.177,1.3651,0.195,-2.6039
45565.19285,-0.9119,0.1219,0.0543,-3.2935,-1.1726,3.2048
44515.77163,-0.0624,-0.3186,0.2304,-0.4709,0.001,0.2021
44537.33468,0.1539,0.1341,-0.0478,0.5331,-0.3434,0.6854
44425.95812,1.0387,0.5197,-0.4193,1.1617,-0.1688,-0.3254
44619.54409,0.459,0.3585,0.0937,1.0755,0.0741,0.1383
44500.27019,0.3312,-0.1393,-0.314,-0.2219,-0.1617,0.075
44661.49284,0.0652,-0.3196,-0.035,-0.6915,-0.8439,-0.1489
44741.64987,-0.4479,-0.1288,-0.2362,-0.0695,0.1777,0.1408
44901.14774,0.0781,0.0071,0.2947,0.0686,0.0593,-0.1626
44978.40848,-0.1025,-0.2284,-0.013,-0.7333,0.2304,0.8987
45580.45181,0.5706,1.7178,-1.1606,-4.1902,0.0937,1.4312
44462.30036,-0.3058,-0.013,-0.0385,-0.3974,0.0029,-0.14
45551.04964,-1.4237,1.1958,0.177,-1.9873,0.3715,-3.5
45555.72384,-2.3648,-0.3658,0.3068,-1.0014,-1.2908,0.6281
44784.9246,-0.3534,-0.6479,-0.2206,-2.7394,-0.4621,-0.7124
44882.54097,-0.0131,-0.0605,0.0977,-0.0077,0.2145,0.3444
44450.74943,-0.1271,0.1935,-0.1204,-0.106,0.0815,0.0503
44789.87023,-0.1157,0.282,0.4687,0.2812,0.115,-0.179
44646.41428,-0.0354,-0.0062,0.017,-0.0759,-0.0435,-0.0031
44447.94461,1.1077,-0.0398,0.0904,0.5715,-0.0563,-0.1071
44411.63203,0.1837,-0.2722,-0.0817,0.1687,-0.1809,-0.0155
44805.6119,-0.4416,0.1592,-0.0561,1.14,0.5095,0.6144
45131.46609,-1.7958,-0.7573,0.4547,-2.9891,-2.1257,0.2429
44400.05011,0.0839,-0.092,-0.1628,-0.0812,-0.1717,-0.2489
45051.27713,1.3107,-1.8795,0.85,2.29,2.9121,-2.4583
44359.27367,-0.1186,-0.1177,-0.029,0.283,0.0991,0.3429
44729.10468,0.2436,0.105,0.0409,-0.1797,-0.0675,-0.3564
44565.29089,-0.7017,0.5449,-0.2268,-0.6732,-0.223,0.1296
45380.18383,0.6187,-1.034,0.1308,-0.4039,0.0014,5.349
45300.00752,1.1643,2.2027,-0.8938,-3.0748,-0.1502,1.6811
45554.15572,-1.9987,-0.4358,0.5298,2.6748,-0.2096,-0.6329
45438.89853,0.8303,3.7444,-1.5409,3.7919,-0.9128,-5.1803
44498.37021,-0.15,-0.3608,0.0865,-0.0007,0.2412,0.3693
44544.57261,0.2774,-0.5211,0.2022,0.1738,-0.1165,0.3786
45058.87669,1.4197,0.8922,-0.1254,-0.5428,0.3536,-5.0865
44991.01391,-0.0102,-0.4504,0.0213,-0.4633,0.3322,0.9768
44802.86768,0.2887,-0.0192,-0.0343,0.1003,-0.2557,0.3025
45286.29127,1.1012,-1.249,1.4766,0.3013,2.593,-0.2043
45622.69073,0.3042,0.2522,0.2426,0.1703,1.0648,0.689
44475.87182,0.4794,0.2331,0.2998,-0.3053,0.2293,-0.2141
45215.13132,-0.283,0.2474,-0.5624,1.3778,-0.0605,0.5687
44917.94485,0.1221,-0.2194,-0.1055,-0.1271,0.0454,0.3098
44494.2385,-0.1617,0.79,0.8757,0.1558,-0.0038,-0.0142
45200.254,1.0485,-1.3271,1.2741,0.2118,2.184,0.3391
44725.57635,0.0893,-0.0416,0.1396,-0.2974,-0.0142,-0.0823
44775.15388,-0.1601,-0.287,-0.1587,0.4661,-0.1618,0.3807
45317.41296,0.2043,0.7418,-0.1805,-0.0738,-0.0482,-0.9443
44715.6246,-0.6627,0.0387,-0.7998,-1.2645,-0.6378,-0.2262
45200.88727,1.5576,2.2272,-0.6764,1.7761,-1.0788,-5.2739
45280.92337,0.8332,2.3221,-0.6067,-4.8903,-0.1475,1.9344
45105.80185,1.1384,-1.3385,0.55,1.2548,3.0497,-1.9719
45623.3542,0.0122,-0.1732,-0.1081,1.5848,-0.929,-0.5477
44540.59176,0.4624,0.3406,-0.255,-0.5737,-0.5146,-0.2746
44671.35422,-0.204,0.3853,-0.0756,1.835,0.5153,0.3865
44993.21534,0.016,-0.3765,-0.168,-0.9717,-1.1251,0.5952
45465.10442,-1.2243,-0.1327,-0.1142,-3.8245,-1.7476,2.6586
44589.86928,0.0338,-0.0429,-0.3907,0.5471,0.0295,-0.3461
45551.41152,0.5842,-0.9026,0.3758,-0.4623,-0.0963,4.8059
44975.36264,-0.2485,-0.253,-0.1117,-0.9325,-0.2583,0.8039
44769.78599,-0.2762,0.1806,0.0713,0.4816,0.1106,-0.1403
44855.36985,0.3727,-0.0968,-0.2719,0.9616,-0.0606,0.0569
44453.04155,0.2641,0.2445,-0.1318,-0.2465,-0.0604,-0.0344
44732.87427,-0.0092,0.0613,0.3601,-1.5655,0.0285,-0.9671
44540.29017,-0.1319,-0.2472,-0.0356,0.9945,0.3049,0.8437
44924.60937,0.3829,0.1046,0.4003,-0.9004,-0.6743,-0.1415
44989.02357,-0.0893,-0.2976,0.1994,-0.461,0.5585,0.8202
45114.80402,0.3122,1.3571,-0.64,-2.9309,-0.8607,1.4707
45214.55332,0.1415,0.1664,-0.3309,0.0228,-0.266,-1.1865
45503.07114,0.9907,-0.3639,0.2709,-3.8536,2.4527,-4.212
44404.48388,0.0506,-0.1039,0.0893,-0.3715,-0.0641,0.158
45223.31891,1.39,-1.4165,1.1698,-0.4046,2.3239,-0.3591
44568.30666,-0.4415,-0.6146,0.2681,-0.8992,0.3917,0.028
44439.01738,-1.332,1.0004,0.5414,0.4486,-0.2991,0.368
44510.04152,-1.5738,-0.1596,-0.3772,2.2236,0.3051,0.4207
44784.47221,0.5518,-0.3638,-0.2336,0.5656,-0.082,0.8478
44965.19983,0.07,-0.2412,0.2919,-0.6361,0.1899,0.4803
44680.64253,-0.4356,0.2782,0.143,-0.4239,0.0461,0.4346
45595.80128,0.5165,-1.1552,0.6317,-0.8655,0.1638,4.018
44862.24544,-0.1987,-0.072,-0.1737,0.3995,0.156,0.0065
45038.85749,-0.2868,-0.0588,-0.4175,-1.4479,-1.8175,-1.323
44454.18761,0.1804,-0.0831,0.1044,-0.1831,-0.2098,0.0566
44504.67334,0.2152,0.2173,0.0935,-0.12,-0.1945,-0.2192
45011.15852,0.3211,0.4307,-1.1344,-1.2989,0.0842,1.4637
45134.18022,1.3218,-0.811,0.6281,-1.4627,2.6043,-2.4729
45330.45567,-1.1862,0.0531,-0.435,-2.8919,-1.3048,2.384
45174.59057,1.5181,3.8202,-1.3255,3.0534,-1.5757,-5.3434
44944.21091,0.9756,0.3184,-0.0885,-0.6665,0.0812,-1.5249
44559.4102,-0.0401,0.2526,0.0583,-0.7057,-0.0573,0.2955
44727.53652,0.1989,-0.955,0.3389,-1.2193,0.2769,0.0032
44842.82484,0.0657,-0.0275,-0.6491,0.6279,-0.1187,-0.13
44886.43124,-0.5334,0.1097,0.364,-0.524,0.3466,-0.374
44950.09137,-0.7963,-0.0907,0.2608,1.8554,0.509,-0.158
44752.50629,-0.9122,0.2466,0.0435,0.0447,0.32,0.0083
45088.46066,1.4881,0.4541,0.0824,-2.3809,0.4383,-4.6016
45546.76748,2.7573,2.9202,-2.5733,-2.3161,0.6302,3.9853
45579.517,0.5566,-0.9091,0.8651,-0.7321,0.8616,4.3581
44824.58028,-0.2293,-0.3483,0.185,0.6784,0.3294,0.5633
44490.37818,-0.2027,0.1267,0.1648,-1.2142,-0.2961,-0.2128
44681.03462,0.3335,0.3126,-0.4236,0.2677,-0.2371,-0.3849
45003.43842,0.1128,-0.0038,0.0208,-0.897,-0.4347,-0.0263
44834.26044,0.0922,-0.0363,0.0108,0.0363,0.0601,0.0631
44914.71812,-0.003,0.062,-0.1363,0.8871,0.14,0.2979
44364.52146,-0.1901,-0.1116,0.0639,1.1192,-0.023,0.1217
44804.88814,0.0614,-0.295,0.1233,0.568,0.1559,0.0613
44921.47311,0.1599,-0.1251,0.1471,-0.4181,-0.2465,-0.2532
45264.51814,0.917,3.0687,-1.1407,2.1141,-2.0352,-5.4432
45400.29826,0.4623,1.9406,-1.361,-1.3306,-0.3316,1.1921
44814.14617,-0.4441,-0.1723,-0.2953,0.2693,0.1528,0.5978
45099.2574,-1.2489,-0.7123,0.5004,1.1161,-0.8946,-1.3598
44403.09645,-0.0517,0.3759,-0.0756,-0.368,-0.2738,-0.5997
45427.55971,-1.9591,-0.7672,0.2995,0.137,-0.8816,-1.3749
44919.18127,-0.0767,0.0722,0.2777,-1.2491,-0.6619,-0.313
44881.30456,0.1238,-0.2901,-0.0978,0.2233,0.4022,-0.1063
45544.14392,0.958,-1.2018,0.861,-0.3247,1.4174,-1.1284
44848.88626,-0.0005,-0.219,-0.0713,-0.1408,-0.3437,-0.1188
45248.98741,-0.0014,1.5046,-0.6853,-2.3428,0.1921,1.7242
45335.6426,0.9896,-0.9091,0.2212,-0.2798,1.9186,-1.6968
45469.65801,0.6377,-1.4616,0.7852,-0.323,1.2857,3.3949
44987.15389,-0.1075,-0.1005,0.2027,-0.5087,-0.2612,0.4386
44754.67756,-1.131,-0.4061,0.6048,-0.5269,0.0865,0.6968
44611.58254,-0.2806,-0.4244,-0.0127,-1.6014,-0.231,0.7091
45553.43198,-1.338,2.9262,0.0754,1.576,-0.043,-3.9616
44462.45114,-0.1315,0.2139,-0.1404,-0.3328,-0.1871,-0.2023
44630.1293,0.1506,0.0278,-0.0553,0.0544,0.0145,0.1868
45164.84988,-1.7204,-0.7956,0.4526,-3.0076,-2.436,0.3379
44722.4702,-0.4665,1.0744,-0.9333,-1.3865,-0.5212,-1.1442
44939.65734,0.9199,2.4356,-0.4316,0.2312,-0.6922,-0.3391
45403.79644,-0.7045,3.9742,-0.4066,2.6544,0.445,-5.0486
44724.76211,0.5392,-0.5199,0.4037,0.1632,-0.073,1.2431
44855.03812,0.298,-0.1289,0.032,-0.2205,-0.1039,0.023
45603.27998,-1.0173,-0.1761,0.3398,-2.1259,-2.1075,1.9062
44454.73044,-0.0207,0.3623,0.1565,-0.7068,-0.0517,-0.3911
45164.3674,1.428,-0.5674,0.5067,-1.4757,3.4711,-2.8954
44996.5627,0.3514,-0.1276,-0.1595,-1.0314,-0.6966,-0.7087
44430.09,0.2452,0.4225,0.0313,0.9326,0.0638,0.0569
45058.0926,1.1735,1.2263,-0.3006,0.6936,-0.0153,-5.4385
44545.80906,0.2319,-0.1699,0.0354,-1.587,0.2474,-0.928
45194.85595,0.1904,1.48,-0.7509,-4.3279,0.1072,1.6098
44410.9082,-0.1877,-0.1925,0.1449,-0.1926,-0.0407,0.3744
44912.54684,0.4274,-0.0054,0.3387,1.2234,-0.058,0.283
45065.87307,1.9479,0.0058,0.2383,-3.6617,0.9573,-4.993
44741.1372,0.2004,0.187,0.0001,-0.9975,-0.2012,-0.7135
44545.32655,-0.4277,0.5204,-0.2526,0.1922,0.0753,-0.2307
44711.46297,-0.7559,-0.3236,0.0064,-0.2817,0.4507,0.0303
44691.55936,0.2286,-0.7013,0.3488,-1.1004,0.0516,0.0808
44955.7306,0.1907,0.2545,-0.0226,0.2414,0.1061,-0.593
44818.94102,-0.0586,0.1584,-0.6472,-0.5245,-0.013,-0.4377
45061.74155,-1.9111,-0.7917,-0.0521,-1.7489,-1.5221,-0.3585
45561.5138,1.3709,1.6765,-0.7362,0.0272,-1.7068,-5.99
44575.21277,0.1704,-1.0401,-0.5913,1.119,0.0676,-0.2146
44768.36865,0.1678,0.1709,-0.0792,0.4515,-0.0419,0.3495
44886.61218,-0.0809,-0.2327,0.2313,0.3196,0.4972,-0.0135
44893.75936,-0.1955,0.1515,-0.2306,-0.6481,-0.2893,-0.0581
44746.80666,1.2531,-0.4646,0.7389,-0.4023,0.2183,-0.4561
45220.72041,0.5626,3.6449,-0.7305,1.5856,-2.6106,-4.9337
44364.00876,0.7566,0.827,-0.3375,-1.0389,0.333,-0.1694
45354.49044,1.0911,-0.1443,0.0103,-4.3082,1.726,-4.633
45134.39131,1.9033,1.9174,-0.9913,2.979,2.5913,6.0369
45327.31938,-1.3807,-0.3294,-0.2453,-2.722,-1.8296,1.3214
45465.04409,-0.6317,0.6694,-0.6798,-2.8162,-0.4729,2.8256
45591.88101,2.2291,2.8059,-1.516,-7.0162,-0.7091,2.2976
44813.51288,0.1462,0.1482,-0.2864,-0.5045,-0.2668,-0.1893
44827.71651,-0.1022,-0.0728,0.2926,0.2617,-0.1098,-0.0791
44870.50832,-0.1836,0.2249,-0.0556,0.3862,-0.0179,0.156
44472.19245,-0.5647,0.0572,-0.1853,-0.5597,-0.5422,-0.124
44808.68784,-0.3724,-0.2396,-0.0998,-0.4588,-0.2281,0.579
44995.92944,0.2393,-0.4929,0.2525,-0.0696,-0.2648,0.5076
45493.96395,-2.3402,-0.7245,0.382,-0.288,-0.7481,-0.9028
45401.62516,0.9594,-1.2007,0.3873,-1.0579,3.1358,-1.5582
45444.95995,-0.3828,1.0042,-1.3027,-2.8769,0.3839,2.187
44640.95584,-0.9468,0.1371,-0.6765,0.889,0.7061,0.3118
45037.01792,-0.0307,0.0021,0.0302,-1.5838,-0.0788,1.2782
44939.77795,0.6257,-0.3591,-0.2764,0.6582,0.0575,0.0125
45055.89112,1.0475,-1.5478,0.9374,0.054,2.0304,-1.38
45093.79869,-1.1569,0.3906,0.2839,0.8601,0.2189,-1.7754
45053.68965,1.1595,-0.4836,0.2338,0.7236,0.6755,5.4945
44574.70007,0.0495,-0.1504,-0.2347,1.5333,0.0902,0.6139
44777.77749,-0.0251,0.2117,-0.022,-0.2324,-0.1308,0.0666
45476.41302,-1.8413,-0.776,0.0832,-1.1871,-1.458,-0.7969
44579.70623,-0.5226,0.0186,0.1777,-0.8958,-0.1895,-0.6052
44604.25434,-0.367,0.5377,-0.0489,-3.1232,-0.0759,-0.3548
45453.46408,0.9018,-0.9587,0.4086,-2.6945,2.7695,-2.1888
44510.40342,0.3316,0.0393,0.1733,-1.3967,-0.0296,-0.3405
44827.11339,0.282,0.1429,-0.1692,-0.5549,-0.0828,-0.0275
45139.81962,0.958,-1.145,1.0684,-0.8177,1.2901,3.5847
44537.84736,-0.1985,0.1395,-0.0646,0.949,0.21,0.0216
45497.79378,-0.3677,1.4424,-0.992,-1.9414,0.1434,2.1885
45501.50301,0.9188,-0.916,0.1783,0.574,3.2433,-0.7328
45107.46056,1.1177,-1.3144,1.2987,-1.3337,1.539,2.8126
44966.55691,-0.142,0.054,-0.2263,0.7557,0.6771,0.0889
45244.8258,0.7425,-1.057,0.8615,-0.2949,0.6142,2.1749
44719.00216,-0.0165,-0.3606,0.7382,0.8143,-0.1358,-0.0925
44420.49918,0.4853,0.0769,0.0642,0.5958,0.2169,0.0758
44940.41121,-0.2962,-0.0273,0.2849,-0.1988,-0.2219,0.2478
45105.259,0.8025,1.9046,-1.1649,-4.2984,0.1577,2.2349
45523.00445,-0.9617,2.7397,-0.2215,2.7113,0.6939,-3.622
44792.49383,-0.0046,-0.5003,-0.0389,-0.7027,0.1967,-0.3668
44707.06009,0.2847,0.1044,0.0679,-0.7305,-0.77,-0.3174
44674.43024,0.4196,-1.0418,-0.4444,0.4446,0.2016,1.515
45106.73675,0.6994,-0.9554,0.7511,-0.3387,0.518,4.385
45564.68019,-0.4565,3.3009,-0.7327,2.2227,-0.8515,-4.7551
44983.83666,-0.1595,-0.0627,0.0865,0.0471,-0.1876,0.0559
45385.37074,-1.7051,0.7576,-0.1692,-0.1726,0.1594,-3.2382
45229.17436,-0.5889,0.2183,0.2719,-0.5796,-1.3676,1.8164
45589.25742,0.6004,-0.0633,0.3108,2.0601,-1.1618,4.8771
44981.75584,-0.0504,0.0637,0.0698,0.1312,-0.2221,-0.1314
45295.90622,1.2214,0.0206,0.8728,1.679,0.1235,4.929
44876.81115,-0.4421,-0.2699,-0.275,-0.05,0.3085,0.3836
44604.0131,0.2759,0.2127,0.0346,0.4273,0.1319,0.0845
45278.20926,1.6778,0.5421,0.3303,-3.53,0.6859,-4.7328
45281.22495,-0.8309,0.112,0.8125,0.0388,-0.5009,-2.537
44451.92567,0.2622,-0.0705,0.1886,-0.43,-0.3559,0.0413
44630.70231,-0.099,-0.0116,0.0585,-0.0834,0.0652,0.2074
44997.22616,0.1812,-0.014,0.1123,-0.2302,0.2513,-0.0727
45314.87475,2.0831,2.4595,-0.9793,1.8765,-0.8403,-6.4015
45406.1788,-0.4375,3.1258,-0.9113,2.3356,-1.4632,-5.0536
44946.38217,-0.0335,0.1649,-0.2356,-0.2896,-0.2563,-0.9783
45529.78957,0.1217,-0.9607,0.3694,-0.5355,-0.2699,4.6098
45212.28655,1.002,-0.9451,1.1503,-0.1935,1.3646,1.663
45069.82364,1.5064,-1.6933,0.7243,-0.5655,1.8099,-1.0145
45386.1548,-1.5428,-0.0232,0.0835,0.5583,0.1864,-2.9954
45610.63814,-1.0645,0.0805,-0.0319,-3.9653,-1.2408,1.0215
45392.00519,1.3659,-1.4236,0.9667,0.2404,1.9121,-1.8962
45177.93798,1.3998,-1.1168,1.1986,-0.2523,2.5434,-0.8803
44940.44139,-0.064,0.0917,0.2046,1.8285,0.2601,0.3663
44808.83864,0.2261,-0.1589,0.3603,0.3387,0.1139,0.4532
44773.28413,2.6328,-0.9182,-1.3878,3.4341,-1.5003,1.8794
45271.66528,-0.8817,-0.37,0.7612,1.4114,-1.1536,-2.5262
45593.47924,2.3213,2.0698,-1.9004,-0.4226,0.3942,3.079
44701.69213,0.3098,0.0105,-0.1349,-0.1426,-0.1963,0.3914
44388.89045,0.5272,0.4968,-1.3425,1.4031,-1.0254,-0.4812
44871.05119,-0.0704,-0.0578,-0.0381,-0.0762,-0.2753,-0.162
44708.17586,0.0761,0.0293,0.1582,0.8926,0.4027,-0.0188
45576.32045,1.418,1.629,-0.8478,1.6549,2.3627,6.3276
44993.69786,0.0272,0.2378,-0.0833,-0.5811,-0.8787,0.1879
44576.96188,-0.246,-0.2048,0.2092,-0.8685,-0.193,-0.0779
45377.95227,-0.6518,0.6531,-1.0041,-1.8617,0.1095,1.9231
45524.72331,1.1466,0.7857,-0.0987,-2.3191,-0.0258,-4.4168
44402.46306,-0.6399,0.1982,0.7662,0.0406,0.4067,0.5535
45590.88584,0.5674,-1.1767,0.7111,-0.7066,1.696,2.4755
45123.23317,0.9144,-1.1786,0.9858,-1.2103,1.957,3.4683
45026.11627,-0.0509,0.0742,0.1878,-0.2879,0.1305,0.3338
45160.29621,1.2587,3.1872,-0.8853,0.6914,-1.1017,-5.5718
45505.15193,-2.2322,-0.6124,0.2495,-4.0238,-2.4523,0.1247
45027.68444,-0.1624,0.4373,-0.1656,-1.6838,-0.2194,-1.3638
45554.42715,1.1132,-0.7404,0.5889,-3.5045,1.2601,-2.7188
45059.14807,2.3067,2.0139,-1.2077,1.3147,1.9883,4.6965
45247.69068,-1.1544,1.9558,0.2553,0.4922,0.5055,-3.5653
44757.45195,-0.0931,-0.6022,0.482,-0.3399,-0.2128,-0.5545
44655.40112,-1.1331,-0.1507,0.6045,-0.6352,0.7162,0.3591
44704.91892,-0.2838,-0.0379,-0.0216,-0.2344,-0.2393,0.1707
44912.87857,-1.0047,1.2925,0.1374,0.2135,0.4571,-0.6675
44994.02956,0.0684,-0.0674,0.1791,-0.6393,-0.5539,0.0555
44524.30636,-0.8957,0.6601,-0.097,-0.5054,-0.0355,-0.4164
44477.50041,-0.5942,-0.0906,0.0123,-0.0171,0.0506,0.6267
44996.35161,0.0179,-0.1771,0.3944,-0.6259,0.8481,1.0895
45140.09104,-0.9106,0.001,0.1647,-3.4699,-1.4662,2.1703
44459.58605,-0.0868,0.5186,0.0901,-0.3053,0.0061,0.2955
44516.79699,-0.0211,-0.1321,0.0686,-0.7351,0.1072,-0.5023
44860.07421,-0.0642,0.1325,-0.1846,-0.2776,-0.0673,-0.3105
44756.60758,0.0986,-0.3506,0.4824,0.4223,0.5241,-0.6132
45113.35646,-1.7839,-0.65,0.6389,-2.0991,-2.065,0.1215
44656.60741,0.6923,0.4736,-0.2299,2.1623,0.489,-0.4112
44811.7638,-0.0804,-0.2583,0.0204,0.4049,-0.153,0.5475
45326.16337,1.1055,-1.4927,0.4333,1.3829,2.4204,-1.7326
44563.33065,-0.3908,0.3471,-0.1128,0.0821,-0.3067,-0.1984
45121.09198,-0.8162,1.1957,-1.1609,-5.7578,-0.2223,2.4194
44521.89373,0.2278,-0.2906,-0.1072,0.1037,-0.1867,0.0592
44794.48419,-0.0846,-0.3022,0.2863,-1.1442,-0.2789,0.013
44770.90181,-0.1269,0.2476,0.0709,-1.0628,-0.3011,-1.0759
44801.08843,-0.197,1.5554,-0.5953,-2.1176,-0.4099,-2.3112
45386.4564,1.2697,-1.7021,0.892,0.2573,2.0879,-0.0231
45559.91555,1.3407,2.3359,-0.8096,2.4856,-0.9971,-6.219
45055.64988,-1.3183,2.2102,0.4958,2.3605,1.3362,-2.9117
45342.66911,1.0635,0.0726,-0.1172,-4.0927,1.5842,-4.0059
45138.22131,0.8279,-1.8038,1.421,-0.3056,2.0153,1.3896
45621.30354,-0.3912,0.094,-0.0995,0.0428,-0.2828,-0.2464
44925.54423,-1.3525,-0.1449,-0.9873,-2.4789,-0.2807,-1.2187
45529.15631,-0.5661,0.414,-0.1263,0.2386,-0.3369,1.8508
45513.86705,-0.4605,1.0405,-0.7369,-1.4066,-0.4158,1.3882
44597.89113,0.4664,-0.2846,-0.5135,0.6213,0.0858,0.3122
44668.88134,0.0678,-0.2587,0.136,-0.3749,-1.0376,-0.3168
45227.24434,1.2722,-1.217,1.0877,0.2591,2.4214,-1.057
45003.01622,0.0752,-0.0897,0.1751,0.8045,-0.1957,0.09
45280.53134,1.5172,2.2608,-0.7666,2.8684,-0.7564,-5.7279
45257.88367,-1.1892,-0.7377,0.5885,-2.7293,-2.3818,1.4927
45318.95596,1.6519,0.5127,0.205,-3.8035,1.9629,-4.6391
44458.53053,-0.1171,0.2582,-0.073,-0.4433,-0.2945,-0.03
45365.79914,0.734,-1.8298,0.7165,0.3274,2.4037,0.9655
45178.32999,-1.0749,-0.5818,0.443,-3.4011,-2.0145,2.1738
44876.87148,0.4717,-0.0831,0.4428,-0.9706,-0.2422,0.1579
44419.89597,-0.3502,0.2503,-0.5875,-1.4872,0.2429,0.2326
44710.31704,-0.9447,0.5119,0.2142,-1.4231,-0.3282,0.5835
44499.96862,-0.3637,0.2164,0.4375,0.005,-0.0172,-0.4798
45377.65069,1.1244,-1.3395,0.39,-0.0643,2.0341,-1.7139
45622.78124,0.2117,0.2018,-0.1127,1.29,1.6757,0.3645
45194.16232,-0.7659,-0.1549,0.3039,-2.3027,-1.8469,2.2074
45620.57978,-0.3001,-0.1086,0.0464,-0.3161,0.2951,1.166
44967.40126,-0.0176,0.1693,0.0962,0.0769,-0.4253,1.2767
44607.93353,-0.2283,0.2693,-0.3731,-1.4275,-0.9075,-0.8295
45019.99443,-0.3127,-0.7547,0.3623,1.3206,1.6824,-1.0291
45337.36155,0.5142,-1.3275,0.2349,-0.6293,0.9818,4.3709
44491.01151,0.0227,-0.0658,0.0844,0.3317,0.2275,0.4273
45569.65596,0.9355,-1.1405,0.667,-1.219,3.0724,-1.0562
45025.03065,-0.4751,0.0457,-0.4744,0.1631,0.1801,-0.077
45581.11528,0.5518,-1.1393,0.8944,-0.4672,1.4175,3.7604
45072.71871,-0.7559,3.0791,-0.4321,3.3139,-0.3497,-2.7156
45163.6738,1.13,-1.3834,1.0175,-1.0484,1.7247,1.7758
45553.0701,2.0001,1.9732,-1.5122,-3.4458,0.4669,4.4544
45572.76201,1.2896,2.1442,-1.2522,2.6869,-2.2828,-4.9224
44964.17451,0.1535,0.0529,0.1485,0.1549,-0.0572,-0.374
45059.81152,1.1656,-1.6936,1.1165,-0.4605,1.5547,2.0384
44457.14318,-0.2451,0.5027,-0.3656,-0.0306,0.2131,0.122
44389.73496,-0.3424,0.0758,-0.0708,-0.6006,-0.8395,-0.1743
44529.49357,-0.3324,0.5491,-0.0389,-0.1299,-0.0076,-0.3836
45011.39977,0.3584,-0.9788,0.2579,-2.5276,-0.2833,-2.4178
44901.20807,0.1676,-0.2657,0.0643,0.1828,0.0419,-0.354
44380.92821,-0.2108,0.0583,0.028,0.2898,0.4279,-0.1338
45217.40316,-1.5439,-0.9654,0.5387,-1.9784,-1.9462,0.4701
44591.25651,-0.2115,0.6904,0.1269,0.0174,0.3173,-0.2024
44870.68926,-0.0162,0.0067,0.009,0.3297,-0.3441,-0.2241
45444.50762,0.0208,3.133,-1.306,3.6876,-1.2093,-5.3345
45219.36336,1.0814,-1.7045,1.4077,0.8876,2.539,0.1105
44386.50777,0.5996,0.3945,-1.5544,0.8821,0.6258,0.384
44636.46239,0.3514,-0.4592,0.868,0.0004,-0.0671,0.6226
45291.47317,-1.1325,-0.1921,0.1515,-1.1778,1.014,0.4537
44440.10312,0.1348,-0.1443,0.2399,-0.9037,-0.5329,-0.4741
44683.62809,-0.9086,0.0623,0.3517,-0.981,-0.9932,-0.4713
45496.31615,-1.4876,-0.5075,0.056,-3.1589,-2.0714,1.5447
45086.77182,-0.4945,2.8815,-0.8558,3.3533,0.1749,-2.7662
45395.56367,-1.0875,0.0156,-0.2593,-3.5434,-1.3169,2.2526
44981.09242,0.2089,0.0418,0.1331,0.0608,-0.4328,-0.0347
45540.76643,-0.2185,3.0812,-0.546,1.4797,-1.4145,-5.6747
45442.51729,1.2128,1.7581,-2.1715,-2.7479,0.7675,2.3879
45440.79838,0.6816,-1.2576,0.7059,-1.0561,1.0287,3.6926
45465.31551,-0.4606,2.6648,-1.3432,1.5352,-1.3741,-3.5395
45267.32271,2.5758,1.9733,-1.8885,-0.0722,1.2991,4.1162
44491.43372,0.0563,-0.0147,-0.2091,-0.9343,-0.6256,-0.3401
44764.53876,-0.7149,0.8364,0.3064,0.5954,0.3394,0.2349
45588.41305,0.6832,-0.3899,0.6076,1.6406,-1.1295,5.4629
44949.24702,-0.337,-0.2341,0.4684,0.2462,0.082,0.3191
45359.64722,-0.6906,0.5603,-0.4737,-2.1763,-1.4471,2.2149
44669.09243,-0.1993,-0.8076,0.1336,0.2148,0.0453,0.2632
44829.40527,0.0453,-0.1593,0.023,-1.0406,0.1428,-0.2008
44994.87395,-0.3232,-0.3156,0.1676,-1.7198,0.9888,0.6122
44365.24528,0.3629,-1.6553,-0.4252,1.1557,-0.1473,2.2984
45525.23598,-1.5999,-0.7257,0.1288,-2.4087,-1.8752,0.8723
44655.79317,-0.1103,-0.8965,0.7263,1.1213,0.7553,1.4419
44740.83566,-0.9598,-0.1147,-0.704,-0.3927,-0.1518,0.292
44904.31418,-0.1262,-0.0261,-0.0304,-0.0472,-0.3931,0.3569
45232.00911,1.5062,-0.7191,0.8623,-1.11,3.0812,-1.3352
45262.91982,1.3022,2.9125,-1.2528,2.5671,-2.247,-5.2367
44678.92362,-0.9144,-1.0496,0.3575,3.8886,0.9432,1.9015
45066.74764,1.0484,-1.8361,1.2851,0.1391,2.0326,0.2009
45308.7228,0.9159,-0.537,0.8105,0.153,-0.4706,5.0948
44783.98972,-0.3707,-0.201,0.3575,-0.9471,-0.1451,0.148
44735.43758,0.0074,-0.304,-0.04,-0.3153,-0.1756,-0.0547
44526.32696,-0.2806,0.2939,-0.4232,-0.1378,0.0065,-0.5771
45129.17415,-1.3617,-0.8064,0.4916,1.7913,-0.4092,-0.9735
45386.75798,-0.8819,0.3705,-0.4711,-2.8406,-0.7415,2.2717
44933.44514,0.0042,-0.0673,0.167,0.0077,0.257,-0.9602
45329.06848,-1.7575,0.6614,0.0005,0.8381,1.0148,-3.314
45009.37928,0.1891,-0.4876,0.2488,2.6095,1.0767,1.5243
45451.1722,0.4962,-1.4636,0.8326,-0.8036,1.6945,2.7898
44408.43502,-0.017,0.1446,0.2655,1.2798,0.2697,0.8461
45583.19605,-1.3355,2.1043,0.0963,0.1751,0.0469,-3.951
44743.85133,1.2225,0.0314,0.0749,0.5898,-0.0399,0.6042
44930.61046,0.1697,0.1496,-0.0958,0.0481,-0.1307,0.1633
44547.13601,-0.0134,-0.5811,-0.1768,0.9568,-0.0698,0.519
45184.54231,2.4029,2.3985,-2.2934,-1.9456,0.3541,3.3121
44435.82041,0.755,0.0013,-0.0661,0.5561,-0.1966,-0.3702
45588.35271,0.4849,-0.9614,0.7914,-0.0562,-0.6304,3.0226
45621.03211,-0.0396,0.0292,-0.1426,0.3969,0.4002,-0.0986
44640.83521,-0.7062,-0.2888,0.8061,-0.639,-0.3209,0.208
44864.2961,0.2667,0.2145,-0.0083,-0.202,0.0935,-0.2953
44697.44,0.4958,-0.0309,0.1922,-0.1277,-0.0825,0.2907
44358.76098,-0.1164,0.144,-0.1523,-0.7886,1.3495,-0.4738
44686.61362,-0.0966,0.4167,-0.2275,-0.4565,-0.2856,-0.768
45586.21166,-1.1553,0.0507,0.0161,-3.579,-1.2635,2.2711
45167.71482,0.7232,-0.6904,0.625,-0.1756,0.1244,4.6582
45103.96219,-1.4148,-0.7589,0.4982,1.1151,-0.9189,-1.2487
45302.45023,0.9105,1.7778,-0.8561,-3.9664,0.1277,1.9676
44813.75412,0.1956,-0.194,0.4246,0.2757,0.3357,0.5435
45304.6215,1.2446,-1.3752,1.3317,0.9562,3.0799,-0.8288
45369.80998,0.5097,-1.6389,0.5456,-0.14,0.9334,2.7337
44882.0283,0.5847,0.1015,0.1293,-0.5568,-0.3176,-0.7031
45341.28187,0.6977,-1.3929,0.0677,-1.1577,0.2844,4.7458
44489.38293,0.2292,-0.3489,0.1143,-0.979,-0.196,-0.0118
44389.13175,-0.7772,1.0451,0.0578,-0.503,-0.1186,-0.7282
44528.07614,0.1303,0.1128,0.1062,0.1102,0.0978,-0.0092
45298.07748,1.8827,0.7561,0.1316,-4.1794,1.2742,-4.2362
45300.88206,-0.3211,0.8264,-0.1505,-3.1108,-0.7848,1.9084
45340.52797,0.3755,-1.1718,0.1918,-0.7717,0.1569,4.3624
44497.55594,-0.1436,0.2179,0.2684,-0.43,-0.0713,0.2862
44593.21677,0.5082,-0.296,-0.135,1.1414,0.2187,0.5128
44897.348,0.1953,-0.3567,0.5285,0.4703,-0.349,0.421
45061.22889,1.3899,0.8609,0.078,-1.8501,0.3833,-5.2527
44703.8333,0.1034,-0.25,-0.3464,0.6916,0.6866,-0.3368
44667.91631,0.6406,0.0766,0.1648,1.0582,-0.0152,0.4018
44862.54702,0.0469,0.1504,-0.147,-0.0963,-0.2001,-0.0685
45009.22849,-0.1737,0.2248,-0.0674,-4.5483,-2.2803,-0.3186
44669.69559,-0.3119,0.1656,-0.2532,0.5082,0.285,0.4697
44761.46279,-0.3127,0.1846,0.0229,-0.0487,-0.0559,-0.0962
45072.14571,1.561,-1.7409,1.1652,-1.4369,2.2663,-1.7641
45321.31822,-0.2305,2.3589,0.6685,-1.3484,0.9324,-2.8275
45588.11147,2.0449,1.9298,-0.6373,-1.9852,-1.8448,-5.4781
45605.9639,0.9013,4.1236,-0.976,3.3822,-0.4836,-5.3541
44888.24066,0.0394,-0.4127,-0.0612,0.0172,-0.0538,-0.4683
45517.24457,-2.1135,-0.62,0.0372,-0.2842,-1.9859,0.0773
44689.84041,-0.5301,-0.4005,0.0067,-0.9776,-0.0755,-0.336
44365.90879,-0.0247,-0.2033,-0.0466,-0.9102,-0.6171,-0.5057
45249.6207,0.7203,-0.8012,0.7641,-1.1701,-0.0372,4.1209
45286.65313,-1.0706,-0.7159,0.632,-2.8379,-2.3584,2.0853
44662.42774,0.1291,0.1332,-0.2056,-0.59,-1.1725,-0.4411
45519.92849,1.1649,0.2079,0.2065,-1.5202,2.5952,-4.0154
45079.35324,2.5793,2.3616,-2.1633,-2.0276,-0.1593,3.6472
45491.94349,0.5442,-1.6689,0.7038,0.2305,1.6505,1.5694
44438.02211,-0.0471,0.0391,-0.063,1.0509,0.3062,0.4717
44451.26213,0.2478,0.2056,0.1563,-0.5106,-0.3365,0.0702
45428.97707,-0.8331,0.6711,-0.8222,-2.2462,-0.4859,1.9428
44476.80676,1.2897,1.2919,0.818,-2.4745,-0.5366,-1.2409
45448.57874,1.2803,0.3663,-0.1663,-1.752,-0.0213,-3.7047
44468.0004,0.5691,-0.4456,0.3427,0.4414,-0.0708,0.2381
44435.79023,-0.3108,-0.118,0.1428,-0.4074,-0.1843,0.0971
44707.51242,0.3081,-0.119,0.1664,1.0315,0.3618,-0.0724
44844.60406,0.1582,-0.1514,0.082,0.4827,0.0908,-0.0495
45598.39471,-0.4039,0.9462,-0.3079,-2.494,-0.9991,2.698
45159.90417,1.1774,1.9957,-0.7676,-5.2935,-1.0054,2.1072
45231.55675,-0.5032,0.3833,0.0823,-1.2895,-1.0666,2.1964
44552.32313,0.1557,0.0798,-0.0565,-0.5274,-0.0865,-0.1109
44573.0716,-0.2416,0.6169,-0.2905,1.0798,0.4791,-0.3998
44575.0318,0.5478,-0.1075,-0.7628,0.1121,-0.1526,0.2285
44953.95139,0.0708,0.1196,-0.1088,0.2885,0.1483,-0.0429
44372.48357,-0.333,0.1657,0.096,0.3555,0.3735,-0.0165
44943.69825,0.2305,0.5372,0.0832,0.9607,-0.0918,-0.4096
44626.99294,-0.8963,0.5913,-0.0684,-2.6783,-0.0091,0.8816
44736.674,-0.4182,0.0948,0.1486,0.1108,-0.3124,0.1524
44663.03089,-0.2808,-0.1813,-0.356,-0.2617,-0.6704,0.6295
44714.32788,-2.1886,0.1098,-1.5309,-2.8281,-0.3963,-0.4157
44755.34098,0.2007,-0.0492,0.1629,-1.1942,-0.5318,0.0143
44896.29254,0.3058,0.108,-0.495,0.5864,-0.5578,-0.082
45024.60847,0.346,0.5731,0.1713,1.7437,1.0098,-0.3865
44734.68366,1.2825,0.6285,0.9006,-0.2097,0.4753,0.4563
45074.19637,-1.4053,-0.7327,0.1168,2.7956,-0.6833,-2.2652
45614.82985,0.5961,0.0985,0.3075,1.942,0.5727,5.46
45070.57753,1.4707,-1.0202,0.41,-1.812,2.1763,-2.4349
45377.2888,-1.5633,-0.8048,-0.0173,-2.7995,-2.0575,0.9517
44811.25114,-0.0493,0.0537,-0.3203,0.2764,0.3352,-0.203
45170.30829,-0.8135,0.2177,0.1349,-2.9968,-1.0098,2.7497
44970.32647,0.0063,0.1429,0.0443,-1.2435,-1.556,0.5478
44731.18547,0.0707,-0.4932,0.1116,-0.7861,0.1125,0.5074
45081.88638,-1.3652,-0.6357,0.2314,-2.2213,-2.1462,1.1946
45496.55739,1.0251,2.6106,-1.2572,2.1823,-1.8198,-4.9527
44366.2707,-1.5775,-1.353,-1.3678,2.9693,0.6946,3.4162
44441.24918,0.3513,0.0126,-0.2178,-0.6481,-0.444,-0.5298
44594.96588,2.697,-0.1487,-0.1401,2.2848,-1.2025,1.4438
45431.75147,1.2276,1.0793,-0.7184,-0.1785,-1.2508,-5.1687
44763.27218,0.1912,0.2218,-0.3384,-0.7055,-0.1951,-0.0564
44615.29188,0.5592,0.5569,0.7445,0.1876,0.374,-0.5023
44937.09406,-0.0132,-0.0719,0.0174,-0.0608,-0.1703,0.2505
45095.12564,-0.5349,0.4958,-0.1903,-1.8254,-0.4543,2.073
45545.25966,-0.4108,0.8205,-0.5955,-3.1543,0.0157,1.8416
45183.06464,-0.6343,0.1572,0.2219,-3.038,-1.2513,2.4794
45406.51048,0.3164,-0.6934,0.0648,1.4581,-0.7389,5.8196
44874.36843,-0.1308,-0.5226,0.0469,0.0802,-0.0498,0.2035
45109.27007,-0.7402,0.6645,-0.229,-3.5948,-1.1119,2.329
45398.63968,1.4309,2.1989,-1.9185,-3.3773,-0.2298,2.324
44741.95145,-0.0849,-0.2524,0.4753,-0.6673,-0.0569,-0.3109
44964.35545,-0.0473,0.3668,-0.222,0.1714,0.0009,0.2083
44511.67008,-0.498,0.3663,0.2201,-0.0365,0.043,-0.3382
44979.88612,0.4578,0.0273,-0.1746,-0.6403,0.8854,0.4534
45467.00425,1.5512,1.3453,-0.726,0.5701,-1.9307,-5.2851
45437.99385,-1.6038,0.3936,0.0254,1.7679,0.208,-2.9391
45478.28271,0.9107,-0.2312,0.1696,-2.0594,2.4493,-3.1819
45212.16591,1.3714,-0.3261,0.4968,-3.1224,1.6612,-2.4211
45594.77596,1.4522,1.0435,0.0892,-1.4102,-0.7777,-4.4255
45063.00816,1.3227,0.2305,0.3972,2.6744,-0.1429,5.1037
44449.51291,-0.3594,0.1891,-0.0985,-0.2251,-0.1812,0.1359
45159.78354,0.6826,-0.7892,0.9718,-0.146,0.8586,4.7332
44892.16104,-0.2822,-0.79,-0.0365,-2.0885,0.386,-0.3736
45108.36532,1.9995,1.7281,-2.2675,1.4874,1.8146,4.7008
44715.9262,0.2864,0.3255,0.4642,-0.1735,-0.2424,-0.0699
44565.32107,1.0696,-0.0829,0.0196,1.5517,-0.0127,-0.5045
44609.98422,0.0727,-0.0797,0.0186,-0.2323,-0.1757,0.2396
45307.21495,3.307,3.3005,-2.0983,-5.2174,-0.3275,3.5862
44539.68699,0.133,-0.1902,-0.0426,0.3429,0.0585,0.2881
44716.68011,-0.2484,-0.023,0.9453,0.9552,0.7469,0.2138
44746.35434,-0.0857,0.4428,-0.0363,-1.4945,-0.5798,-0.102
44506.60348,-0.0916,0.358,-0.4038,-0.0725,0.0801,-0.4417
44840.26153,0.618,-0.3246,-0.0615,-0.0016,-0.1553,-0.2937
44616.28707,0.0657,-0.3537,-0.1574,0.6406,-0.0263,0.4461
44762.51827,-0.3163,-0.0339,-0.1461,0.1187,-0.4426,0.13
44680.37114,-0.3845,-0.3943,0.533,0.2025,0.3104,0.0694
44549.4883,-0.3761,-0.0241,0.1854,1.3854,0.3762,-0.0697
45249.01756,-0.3012,0.7134,-0.2384,-1.2288,0.1008,1.9741
44502.74321,0.0565,-0.0302,-0.1374,0.2238,-0.0455,-0.2283
44735.04555,-0.1726,0.0163,-0.1307,0.1897,-0.2144,0.1307
45309.89891,-1.0744,-0.8298,0.6511,2.2115,-0.4925,-1.4538
44757.96463,0.8038,-0.6171,-0.5174,-0.2731,-0.0816,1.0766
44787.39742,0.2784,0.3866,0.2321,0.396,0.035,-0.6073
45199.53025,0.6944,-0.6774,0.8577,-0.5986,0.3894,3.6264
45322.34356,1.2053,0.9748,-1.0204,2.6219,3.3927,5.2338
44763.6039,-0.0839,0.4609,-0.1978,1.2301,0.109,-0.2698
45349.90666,0.6502,-1.501,0.6471,-0.6179,1.6744,2.9643
44659.44216,0.1626,-0.0485,-0.027,-1.3556,-0.6579,-0.0147
45160.02478,-1.1876,-0.2843,0.1925,-1.7964,-2.1302,2.0488
44620.56944,-0.2067,0.1231,-0.4109,-0.2762,0.0123,-0.2265
45173.11288,1.5205,-0.2452,0.7074,-4.1681,0.8394,-3.4009
44587.66779,-0.5845,0.6746,0.0172,1.1978,0.0531,-0.1793
45077.60411,2.3947,-0.799,0.3803,-1.6718,2.173,-2.8486
44392.66056,0.4431,0.3898,0.4912,-0.0321,0.037,-0.0376
44899.85101,0.0192,0.0167,0.104,0.5452,0.1416,-0.017
44946.71389,0.0027,0.0007,0.5051,2.1974,-1.9895,-1.6886
45258.99946,2.0831,0.5459,0.348,-3.5485,0.6486,-4.4026
45368.00058,1.1887,2.0399,-1.1434,1.8226,-2.3018,-4.9771
45071.75367,-1.1457,-0.5283,0.2509,-3.8958,-2.5503,1.1573
45409.0135,-0.0009,1.4968,-1.6215,-2.6708,-0.2173,2.018
44408.91759,0.3566,0.4734,-0.3487,-0.9974,0.1644,-0.5363
44645.9921,-0.0494,0.1479,-0.1155,0.192,0.2005,0.2151
45131.37564,-0.8571,0.0363,0.2011,-3.6203,-1.958,2.0231
45330.12394,0.9584,-1.4729,0.9471,2.0655,1.8119,-1.778
45334.31573,0.9108,1.9772,-1.7189,-3.6336,-0.0215,2.3317
45283.60733,-0.7674,-0.2148,0.869,1.4756,-0.0986,-2.5385
45412.08948,1.5267,1.575,-1.4992,3.3681,2.5381,5.3802
44482.4163,-0.779,-0.1703,0.1821,-0.2716,0.0678,0.2949
45129.14399,-1.7179,-0.881,0.4801,2.4339,-0.5551,-0.6807
44526.20633,0.3163,0.3121,0.0283,0.1598,0.07,-0.3698
45120.24756,-0.4684,2.6173,-0.3278,-1.9806,-4.1304,-2.6362
45047.02498,-0.8234,0.1749,-0.0352,-5.1446,-2.3554,1.3379
45343.75472,0.7499,2.3775,-1.756,-2.3243,0.0192,1.8555
44654.01391,-0.0672,0.1742,0.0033,0.0082,0.1961,0.0384
45147.87154,2.4569,2.5024,-2.6483,3.8943,2.0691,5.1828
44513.23829,-0.0084,-0.1402,-0.1161,-0.2357,0.2237,-0.3906
45269.9765,-1.6249,-0.7415,0.6087,-1.3157,-1.6659,-0.5805
45091.02408,0.8701,-1.11,0.6475,-0.2267,1.17,4.2328
44415.4624,0.0355,0.0388,0.2021,0.1337,0.2669,0.2937
44498.09878,0.425,-0.0387,0.0306,-0.7788,0.053,-0.0214
44535.55534,-0.0117,-0.0857,0.174,0.2124,-0.1819,0.3878
45030.10199,0.1358,0.0548,0.156,1.1996,-0.1568,-0.0975
44470.11153,-0.132,-0.4255,0.1675,0.5508,-0.189,0.9261
44820.53931,-1.169,0.4583,-0.8056,1.2308,0.6102,0.0174
44427.34546,0.9386,0.048,0.4925,1.0342,0.069,0.1618
44522.37624,-0.103,0.291,-0.1208,-0.8769,-0.1666,-0.1772
45425.81064,-1.0665,-0.0792,-0.1827,-3.3024,-1.5201,2.7765
45513.56551,1.0852,-0.9272,0.5806,-4.5016,2.2423,-1.5875
44534.92203,0.2147,-0.2244,0.0732,0.4123,0.2014,0.0999
44399.53736,0.2014,-0.8854,0.7514,1.9275,-0.1616,1.1678
44529.40309,0.1133,-0.0394,0.2265,-0.4067,-0.207,0.1108
45343.18174,-1.9562,-0.9397,0.2467,-0.7993,-1.9933,-0.3812
45427.22801,1.3738,1.3376,-0.561,4.2836,2.6489,5.4026
45039.18922,0.4209,-0.1865,0.4861,1.2218,0.297,0.3947
44501.02416,0.6466,0.0442,0.0338,-1.4871,0.0878,-0.4157
45274.92218,-0.0883,3.6559,-0.9417,0.258,-1.0253,-4.1792
44970.05505,0.0473,0.0009,0.3781,-0.9363,-2.0041,1.3994
44984.71117,0.2811,0.0107,0.0733,0.5294,-1.0855,-0.193
45463.38552,-0.0619,0.9507,-1.1835,-3.9222,-0.7269,2.1271
44550.2121,0.3177,-0.3891,0.1249,0.6754,0.2591,-0.1014
44870.05598,0.0873,-0.1066,0.0488,0.2376,-0.0709,-0.128
44370.40255,-0.4471,-0.1696,-0.2239,0.2961,0.061,-0.0499
44879.88718,-0.1169,0.3146,-0.3321,0.0744,-0.0971,0.2491
45040.46084,-0.5252,0.6466,-2.1193,0.3469,-0.1641,-2.1426
45044.64259,1.0801,1.6546,-0.7447,5.3604,1.1562,7.3726
45048.68363,-2.419,-0.9472,0.4538,2.3119,-1.2666,-1.0595
44813.00022,-0.0055,0.0222,-0.239,0.5005,0.2172,0.0392
45362.36128,-0.1151,3.6545,-1.5024,3.5508,-1.2582,-5.5928
45161.86436,0.8462,3.4389,-0.8557,3.3699,-0.7889,-5.6933
45007.17785,0.5795,-0.5331,0.4417,0.358,0.9947,3.2942
45588.20196,1.1439,-0.6818,0.4033,-1.5905,2.2022,-3.8056
44363.46589,-0.1654,-0.0001,0.0612,0.3141,0.1794,-1.1977
44553.37863,-0.3781,-0.1154,0.0674,0.1607,0.2904,0.066
45275.3444,2.835,2.8364,-2.3299,-3.0812,0.0725,3.424
45458.62079,-1.3313,-0.4456,-0.116,-2.3139,-1.0244,1.2007
45331.81273,0.4496,-1.1907,0.3619,-0.2629,1.1729,4.284
45028.52884,0.3804,-0.2,-0.0084,-0.1867,-1.7249,3.7534
45008.50472,0.6616,-0.4735,0.8495,-1.1979,-2.9393,0.5354
44640.47333,-0.9317,0.2071,-0.8906,0.201,0.5853,0.4993
45247.08751,1.5603,-0.5058,0.6256,-2.7971,1.8068,-2.2218
45571.88751,-0.8912,2.9299,-0.82,1.7392,-0.9995,-4.145
44386.93001,0.1148,0.0275,0.0498,0.8207,0.0918,0.2623
44705.2808,0.1245,0.0476,-0.0515,-0.3068,-0.2839,0.0216
44837.6681,0.1712,-0.3101,0.042,1.1846,0.2093,0.7577
45103.72092,0.0659,1.347,-0.8578,-2.2376,0.4062,1.7688
45488.80725,0.7124,-0.8955,0.5025,0.7096,0.2801,4.3663
45559.70446,-1.9795,-0.7594,0.29,-1.6365,-1.5548,-0.3576
45117.15634,-0.3033,1.2736,-0.1881,0.1584,-0.9202,1.6368
45483.40927,-0.4088,1.4484,-0.9572,-0.2473,0.2638,1.8087
44535.67598,0.0977,0.0724,0.1001,0.6064,0.2964,0.1362
44656.78837,0.0135,0.4342,-0.1376,-0.1902,0.1778,0.0508
44803.44065,0.0058,-0.1751,-0.0796,-0.103,0.0187,0.3043
45028.86056,-0.13,-0.1857,0.1387,-0.5166,-0.5373,0.0461
45302.29942,0.9402,-0.7193,0.9917,-0.7798,1.0127,3.834
44688.84522,0.5005,0.1399,-0.2063,-0.2308,-0.0092,-0.5699
45464.50129,-0.6994,2.3611,-1.1058,2.6252,-0.7719,-3.8234
44832.54152,0.3887,0.8826,-0.3852,0.3541,0.1729,-0.2737
45135.98965,3.1168,2.0686,-1.4665,-3.3311,0.2199,4.9254
44366.24055,1.4754,-4.9811,0.9876,5.4081,1.5352,2.94
44740.89596,-1.1621,0.3441,-0.8512,-1.834,-0.66,-0.333
44538.45054,0.3209,0.0457,-0.1595,0.6616,0.0664,-0.3532
45201.06821,1.0094,-1.4059,1.2703,0.0816,2.1534,0.3814
44914.47685,-0.1572,0.3087,0.2267,0.3207,0.129,0.4426
45048.32175,0.7235,-1.4698,0.8737,-1.8495,1.0401,4.68
44368.38188,-0.0886,0.1339,-0.0399,0.8329,-0.0869,-0.2032
45091.20504,-0.3642,0.574,-0.4413,-2.0475,-0.2903,1.9745
44549.27721,0.2189,0.1674,-0.2078,1.388,0.4673,0.3759
44617.37275,0.0375,0.6478,0.6711,-1.4418,0.0893,-0.867
45252.06341,1.9894,2.2745,0.1458,4.3683,-0.3843,5.6806
44383.52195,0.2519,0.1166,-0.1037,0.0716,-0.3348,-0.1109
45155.62186,1.4859,-0.1873,0.4575,-4.7389,2.6127,-4.521
45217.49362,-1.2567,-0.7186,0.6676,2.5438,-0.2715,-1.6849
44549.33752,-0.3427,0.2989,-0.3485,0.5841,0.5492,0.1937
45282.03915,-0.8183,2.5052,0.0908,-0.4974,-0.2776,-3.7981
44914.29591,0.2368,0.0543,0.2928,-0.2959,0.0362,-0.1236
45295.72528,1.5205,-0.672,0.8034,-0.5294,3.2851,-2.0816
45535.70019,-1.2343,-0.1443,0.1944,-3.6532,-1.6177,2.1026
45551.26073,1.1265,-0.7689,0.5915,-1.8829,2.6465,-1.7705
44805.31032,-0.049,-0.8575,0.5591,-0.3008,0.1175,0.354
44714.08661,-0.4088,0.5603,-0.0443,0.7297,0.6752,0.5809
44400.5327,0.0531,-0.5737,0.2481,0.1593,0.0227,-0.0984
44879.67606,0.1171,0.0422,0.1457,0.7062,0.373,0.0952
45296.90138,-0.7656,0.3846,0.0004,-2.2047,-1.2975,2.3967
45034.88687,1.2654,-0.2179,0.8201,-0.7597,-0.6241,-3.8748
45046.36152,-1.7826,-0.5967,0.1461,-1.271,-2.7753,0.6702
45106.97802,-1.2429,-0.406,0.0875,-3.5187,-1.947,1.4276
45345.80539,1.0631,-0.2679,-0.0513,-3.1972,2.0922,-4.4363
45450.81032,-1.5434,-0.5323,0.1056,1.344,-0.0835,-1.4819
44827.62606,-0.0033,0.3525,-0.0085,-0.1973,0.087,-0.1167
45451.14204,0.6005,-1.7533,1.0429,0.0682,2.2874,1.6274
44463.86864,-0.2376,-0.3512,0.2824,0.057,-0.4627,0.5021
44552.71518,0.2582,0.037,0.1515,0.2064,-0.2738,-0.1017
44463.77815,0.027,-0.0398,-0.2642,0.4398,-0.0687,-0.2518
44701.3001,0.8428,-0.4391,0.4501,1.1728,-0.0292,0.0072
44737.88029,-0.1492,-0.2117,-0.431,-0.1279,-0.2345,-0.1586
45387.4214,1.9991,1.1717,-1.9586,0.0559,2.1481,4.864
44904.07294,-0.2795,0.0949,-0.1227,-0.0768,0.0185,0.1525
44964.20466,-0.0085,-0.0817,-0.0211,0.2488,-0.0053,-0.212
45480.96662,0.944,2.2549,-1.2336,-5.1958,-0.884,1.9232
45192.2323,1.2318,-1.2388,1.3366,0.2152,3.0835,-1.3506
44993.45658,0.133,0.1473,0.2405,-1.2599,-0.4235,0.661
45417.84937,-0.861,0.5362,-0.7411,-0.8594,-0.9127,1.5232
44900.18275,0.8343,-0.1733,-0.1077,-0.2514,-0.1497,-0.1432
45425.72019,0.4805,1.6234,-1.5666,-2.7834,0.3706,1.5281
44533.26335,-0.1295,-0.7243,-0.1331,0.9282,-0.1785,0.9941
44851.2686,0.1099,-0.3902,0.2602,1.1785,0.3697,0.5685
44444.71757,0.0302,-0.2229,0.1509,-0.0156,-0.0675,0.2343
45483.0474,1.4322,0.2354,0.1256,-3.5302,1.8475,-4.0193
44782.54221,0.7726,-0.3252,0.28,-1.4786,-0.0081,0.0007
45434.52586,0.081,1.2341,-1.658,-3.5446,0.4521,2.0273
45314.15101,1.4983,-0.1254,0.4381,-3.237,2.6784,-3.2223
45512.90206,0.5474,-1.1257,0.6002,-0.2425,0.3477,4.5292
44419.44358,0.0087,0.0227,-0.4668,0.0145,-0.3571,0.4076
44721.86708,0.1307,0.664,-0.7213,-0.6049,-0.5975,-0.655
44855.09846,0.1427,-0.0909,-0.1368,1.0404,0.0115,0.7389
45003.40827,0.0187,-0.0121,-0.1531,-0.6897,-0.255,-0.2162
45122.14748,-0.82,3.7154,-0.9596,2.639,-1.9281,-4.0449
44906.18386,0.0198,0.0852,0.5682,0.2007,-0.1594,-0.2967
45401.92673,-0.328,1.2357,-1.2473,-0.6993,-0.1111,1.8117
45552.49712,-1.5952,-0.8197,0.3133,1.6357,-2.311,0.3875
44449.15098,0.7237,-0.0291,-0.2137,-0.9274,-0.2715,-0.5802
44508.02092,0.155,0.08,-0.0146,0.1581,0.1393,0.1452
45186.17078,0.009,1.7578,-0.7724,-2.966,-0.0632,2.36
45209.48197,-1.9045,-0.7897,0.5336,-0.3099,-1.7137,-0.0298
45020.53726,0.1883,0.3505,0.0246,-2.9601,-4.3431,-2.5791
45382.05355,-2.102,-0.647,0.0252,-1.8381,-2.4785,1.0931
44757.30117,-1.4012,-0.0972,0.1185,1.7394,0.8799,0.7174
45029.22244,0.0125,-0.0161,0.5039,-0.6944,3.0306,-1.4152
45000.66402,-0.2105,-0.0348,0.1713,-0.862,-0.5345,-1.9544
44607.51133,-0.05,-0.0254,-0.4229,-0.4066,-0.192,0.0884
45289.68388,-0.1161,-0.2967,-0.5536,-1.4663,0.7628,-0.7978
45509.22301,-2.3153,-0.7117,0.1859,-1.7265,-2.0319,-0.3377
44381.38063,0.2069,-0.1072,-0.2596,-0.4024,-0.1574,0.2214
44772.74136,0.4062,0.0529,0.2607,-0.8546,0.0817,0.1969
45359.3758,0.7875,-1.9779,0.7611,-0.3954,2.4355,1.0311
44412.26539,-0.588,0.2633,-0.1234,0.2643,0.0537,0.2934
45144.19239,-1.3132,-0.8055,0.5309,1.4236,-0.7073,-1.1901
45193.07669,0.8195,-1.2681,1.0579,-0.7573,1.5836,2.0682
45470.53255,0.4629,-0.8733,0.4291,0.9318,1.209,5.2506
44701.23977,-0.6755,0.49,-0.1068,-0.1451,-0.3217,-0.5368
45217.03621,0.9146,-1.2223,1.2304,-0.0955,2.5418,2.3928
45484.58537,1.2457,2.9464,-1.0682,3.2942,-0.8935,-5
44374.3233,0.0716,0.0269,-0.0169,-0.8092,-0.8645,0.0295
45489.16913,-1.8074,-0.6764,0.5616,0.2902,-1.6092,-0.6197
45169.91626,1.768,-0.524,0.5894,-2.6085,2.2439,-3.2172
44365.21513,-0.0536,0.2049,0.2449,0.8181,0.2155,0.9456
44455.27332,0.2387,0.0069,0.0601,0.072,-0.1353,0.2478
44697.83205,-0.1961,-0.3519,-0.0684,0.8837,0.7836,0.0567
45608.73829,0.8778,-0.4101,0.0117,4.1796,3.562,4.668
44615.53315,0.1819,-0.1325,0.1124,-1.3807,-0.1615,-0.7843
44362.65156,0.5451,0.7315,0.4957,0.1432,0.4828,1.0761
44710.73922,-0.201,0.1158,-0.2938,-0.0365,0.0261,-1.225
44880.64111,-0.0079,0.142,0.6876,0.5396,0.0711,-0.5073
44982.78117,0.4369,0.2311,-0.214,0.2424,-0.8795,-0.7758
45103.57013,0.7007,-1.0482,0.6306,-0.9796,0.3822,3.7382
44476.35437,-0.2964,0.2826,-0.1905,-0.2177,-0.1352,-0.0595
44465.13531,1.6172,0.4541,0.709,0.7692,0.2182,-0.5968
45178.17922,1.1705,1.777,-1.139,-3.2451,0.1506,2.2019
45270.76057,-1.151,-0.7037,0.5495,-2.5894,-2.1598,1.0817
44605.76222,0.6571,0.397,-0.2549,0.0053,-0.4793,0.1104
44815.50318,0.2104,-0.2651,0.3151,0.2098,0.445,-0.4558
45494.68772,-1.5772,-0.6622,-0.0752,-2.7185,-1.735,1.3842
45359.16472,0.1827,2.7667,-1.2427,3.35,-1.9188,-4.8718
44777.89813,-0.0126,0.1445,0.2123,0.2356,0.0941,-0.0541
44431.20592,0.5641,0.0663,-0.1551,-0.5414,-0.3966,-0.0062
44570.50819,0.541,0.3203,-0.481,-0.0078,-0.8137,-0.0216
44705.06971,0.3125,0.0478,-0.0477,0.5114,0.0219,-0.1366
44831.30512,-0.0446,0.0015,0.1838,-0.3056,0.0551,-0.2241
44366.5723,0.4557,-0.0375,-0.1395,0.0769,-0.1977,0.6538
45080.19763,-0.0445,1.1156,-0.7013,-3.7676,-0.1615,1.632
45093.6479,-1.2356,-0.6974,0.18,-3.4806,-2.1667,1.8538
44627.68659,-0.47,-0.1073,-0.1803,-0.1066,-0.5004,0.4855
45187.28661,0.3896,4.078,-1.0768,0.5039,-1.7533,-4.7458
45273.92702,-0.9817,-0.6675,0.6327,-1.4566,-3.004,1.8095
44856.39514,-0.0195,-0.0855,0.2915,0.278,-0.0887,0.2708
45368.90526,1.0319,-1.1947,0.2578,-1.5753,3.4344,-1.6091
45152.6665,1.1688,0.3793,0.4184,1.9458,0.6108,4.5223
44629.4357,-0.1511,0.8184,-0.1747,6.6836,-1.918,-1.31
44784.26112,-1.3821,-0.4006,0.6547,0.7972,-1.0096,1.5834
44890.3818,0.3419,-0.0722,-0.1906,-1.205,-0.2399,-0.1868
45511.27364,0.3146,-1.5562,0.5788,-1.6733,1.681,3.04
45586.78464,0.4851,-0.8978,0.7997,-1.0148,-0.4528,4.672
45154.71718,1.1574,4.1715,-1.3326,4.5562,-1.3719,-5.5881
44977.71487,0.599,0.2216,0.0234,-0.2071,-0.7339,-0.0095
45439.59213,-1.5059,-0.7694,0.0991,1.2567,-0.1304,-1.9283
45267.17193,0.8965,-1.0335,1.432,-0.115,2.2071,0.9773
44745.99246,0.8315,0.1307,-0.352,-0.1232,-0.0558,-0.3904
45393.21148,-1.7962,-0.6164,0.1455,-2.2535,-2.6802,1.5381
44536.30931,-0.098,-0.1013,-0.217,-0.1966,0.0652,-0.1906
45046.09013,0.5872,-1.1333,0.7707,-0.392,1.5631,4.9809
45444.59808,1.1476,0.1753,-0.1113,-2.4635,0.3103,-4.2508
44707.75368,-0.1107,-0.0708,-0.1473,0.378,0.2201,-0.3118
45174.80166,1.0387,-1.6479,1.2747,0.5455,1.8589,0.9884
44866.7086,0.0096,-0.1241,0.1287,0.1022,0.4546,0.1303
44860.91861,0.0146,0.0886,-0.2614,-0.6629,0.2284,-0.3452
44996.89443,0.0026,-0.0542,0.2623,0.089,0.5091,0.4569
44483.32107,-0.455,-0.1628,0.0012,-0.1552,0.2298,0.0952
45130.56138,-0.7536,0.3938,-0.0671,-2.2767,-1.5322,2.4227
45314.63348,-1.397,-0.9156,0.4111,-1.8182,-1.9796,0.0647
45276.94271,0.984,1.802,-0.8778,-6.9388,-0.1006,2.1268
44950.87543,0.1673,0.0851,0.4179,-0.3091,0.0052,-0.1164
44702.2651,-0.0413,0.1973,0.058,0.7801,0.2963,0.1706
45480.87614,0.7041,-0.7641,0.3963,1.6514,-0.238,6.0076
44369.34697,-0.0854,0.3165,-0.127,0.4102,0.2387,-0.365
44588.7836,-0.2704,-0.572,-0.1042,0.5065,0.0408,-0.084
45228.78233,1.624,-0.0191,0.4112,-2.1609,2.2369,-3.7868
45577.04422,0.7174,-1.036,0.9049,-0.7214,1.3367,3.8804
44577.11267,-0.0613,0.0219,-0.299,0.9354,0.1799,-0.1081
45137.43721,0.9373,-1.8716,1.2206,-1.0927,1.0373,2.2434
45572.33984,1.5112,2.3105,-2.3153,0.6048,1.2645,2.1852
45594.32363,0.3906,1.7877,-0.6463,-4.3466,-0.6891,1.545
45560.18694,0.4576,-0.9989,0.5592,-0.0189,-0.0606,5.0677
45178.57127,0.5071,3.9236,-0.7234,3.5243,-1.0174,-6.1504
44865.80391,-0.067,0.1005,0.0065,0.3308,-0.008,0.1367
44763.03094,0.5175,0.2969,0.0936,-2.0453,0.3551,-0.085
45397.67463,0.7408,-1.7994,0.7695,0.4719,2.2242,2.1901
44378.5758,-0.1085,-0.0232,-0.0306,0.0496,0.0731,-0.2448
45366.19117,-2.509,-0.4678,-0.1495,-0.2475,-1.6746,0.6423
44924.27767,0.3127,0.0447,0.3506,1.009,0.3468,0.6044
44861.64233,-0.3492,0.1594,-0.1594,-0.0322,-0.1,-0.0666
44876.60006,-0.0034,-0.0546,-0.4478,0.5856,-0.2317,0.0445
45386.12465,-1.761,-0.6525,0.1687,0.7699,-0.483,-1.876
45238.76428,-1.0059,-0.7546,0.6738,-3.067,-1.8676,0.8512
45399.81574,-1.2134,2.4299,-0.8747,2.3409,-0.0598,-4.5522
45130.10903,1.6917,1.6324,-0.6743,0.7451,-1.0273,-6.0407
44651.32993,-0.141,-0.6332,0.413,1.493,0.6495,0.5229
44423.21356,-0.0644,-0.3723,0.2487,-0.1141,0.0832,0.1348
44512.54466,-0.0112,0.3629,0.0702,-0.7229,-0.173,-0.2958
45009.43958,0.1896,0.1033,0.2801,8.9071,2.8427,1.4515
44431.53769,1.338,0.0725,0.2496,0.2732,-0.0053,-0.0033
44366.90405,0.0045,0.0337,0.143,-0.2175,-0.1058,0.5194
45204.71721,-1.4818,-0.8049,0.6006,0.9907,-1.1602,-1.1887
44933.29435,0.0314,-0.3333,0.5388,0.8725,0.6958,-0.4081
45042.46125,-0.2214,0.4567,-0.2216,-3.9863,-0.4197,0.5955
44404.66485,-0.0718,-0.0069,-0.0353,-0.458,0.1131,0.0737
44924.36812,0.0118,-0.4197,-0.5938,0.1287,-0.4863,0.7522
44792.88587,-0.184,0.0468,0.1958,-0.2243,-0.1518,0.0045
45214.46283,-0.7376,-0.596,-0.8194,-0.0288,-0.6481,-0.8525
44589.14551,-0.854,0.9312,0.1163,0.2635,-0.2491,-0.3336
44361.92775,0.2147,0.6563,-0.071,-0.0447,-0.7099,-0.992
44639.41781,-0.4992,-0.4925,0.1458,1.227,0.3817,0.3472
44398.57221,-0.1586,1.0621,0.8849,0.2708,-0.0975,0.5725
44655.64239,0.5441,0.3858,-0.3014,0.3225,-0.155,-0.2312
44370.88512,-1.1539,-0.0989,0.2168,0.0616,0.1262,0.2894
45316.56353,1.1475,0.643,0.2276,1.7629,0.6869,-4.6458
45404.3091,-0.9622,-0.0448,-0.2762,-2.5806,-0.9422,2.0716
45299.28377,-0.3912,0.494,0.3644,-3.1328,-1.1041,2.2451
45232.52179,-1.2632,-0.7694,0.4859,1.9359,-0.7329,-2.0678
44386.41729,0.2258,0.0871,0.3085,-2.6939,0.1903,0.4949
45451.74516,1.2447,2.1974,-1.1866,2.1631,-1.4912,-5.5557
45481.02693,-0.6496,0.917,-0.4448,0.1606,-0.6778,1.7744
45388.41657,-1.4175,-0.4179,-0.3682,-1.8283,-1.7174,2.4743
45155.65204,1.594,-0.8585,0.7162,-1.5802,3.094,-2.14
44876.47942,1.2212,0.1649,-0.4224,0.292,-0.3715,-0.588
44758.14557,-0.224,-0.8035,0.3631,1.421,-0.6493,0.4147
45367.21651,1.1027,1.5279,-1.0431,1.2827,-1.2623,-4.9551
45348.00681,-0.987,2.6365,-0.8668,2.0718,-0.7539,-4.3813
45127.00283,2.025,0.0784,0.1311,-2.3321,1.8424,-5.4136
45139.9101,1.9566,2.7744,-0.9333,3.6601,2.5257,5.7709
45465.25518,-1.7875,-0.4043,0.3405,2.4735,-0.2461,-1.7651
44758.17572,-0.078,0.4087,0.0093,0.4397,-0.8699,-0.4311
45463.56644,-2.7309,-0.552,0.2467,-0.4983,-1.0331,0.0499
44688.03101,-1.3418,0.6098,0.1172,-1.405,-0.0798,-0.6875
44713.51362,0.5447,-0.0293,0.1995,0.2537,0.4654,-0.1625
44834.04935,0.1928,0.0789,-0.0335,0.1527,-0.1185,-0.1413
45420.35233,-1.8021,-0.7191,-0.0598,-2.6055,-2.0106,0.8218
44420.86112,0.4277,-0.0483,0.0374,-0.2148,-0.1234,-0.2145
45280.83292,1.2435,0.1284,0.6751,1.1039,0.451,4.4227
44370.19146,-0.3661,0.2115,0.2607,0.2601,0.0115,0.1968
44530.51893,-0.2099,0.0813,0.1009,0.9896,0.1243,0.6991
44793.03665,-0.058,-0.1455,0.1864,0.3633,0.1244,0.1313
44794.72543,0.4785,-0.2079,0.2716,0.2242,0.2787,0.3227
45043.67252,0.2931,0.1714,0.1895,0.0755,0.0131,-1.1116
44435.30768,0.2276,-0.5406,0.7957,0.0925,-0.0557,0.3233
44841.89,0.2473,-0.3137,0.198,-0.011,0.0941,0.1285
44775.66652,0.1031,-0.1713,-0.4014,0.7372,0.0198,0.1792
45611.99513,0.7286,-1.1576,0.8807,0.8262,2.7672,-0.6216
44687.12628,0.8404,0.246,-0.2819,0.1425,-0.4498,0.2391
44969.81381,0.199,0.0857,0.2165,-2.909,-1.5999,-0.044
45122.17765,1.03,4.4513,-1.7743,5.7352,-2.9497,-5.2411
44459.5559,0.2199,-0.4155,0.5571,0.2019,0.2334,0.439
44488.44802,0.0443,1.3734,0.4239,-1.1484,-0.0771,-1.0967
45292.34771,-0.4484,2.8442,-1.0195,0.2366,-0.9108,-3.3719
44574.09691,0.2389,0.2463,-0.0104,1.7032,0.3563,-0.5262
44471.52897,-0.4925,0.4399,-0.3942,-2.5255,-0.5167,-0.321
44405.41889,-0.2366,-0.0127,-0.0675,0.4002,0.0497,-0.1578
44385.90455,0.2337,-0.0959,0.3529,-1.0606,0.4918,0.726
44536.91247,0.1932,-0.482,0.2515,0.2476,0.1103,0.2648
44579.13322,0.224,0.3412,-0.1863,-0.3028,-0.1137,-0.3697
45149.62065,-0.5015,0.3505,0.2084,-3.8293,-1.135,2.4087
44647.10793,-0.0989,0.4371,-0.2894,-1.5568,-0.2145,0.9318
45351.77635,-1.3096,-0.3301,-0.4474,-2.4249,-1.7714,1.6902
45462.08877,-0.4554,3.3437,-1.0912,1.2509,-1.3316,-5.2819
45517.33502,-1.4571,-0.1897,0.2673,0.9682,-0.5228,-2.3135
45531.17675,1.4433,0.8425,0.0903,-1.9051,-0.921,-5.0272
44498.00833,-0.5888,0.4277,-0.4489,-0.8603,-0.0716,-0.0182
44842.94545,0.0219,-0.0343,-0.1457,-0.1088,-0.0067,-0.0713
44887.4264,0.4456,0.052,-0.5831,0.9603,0.3478,0.9895
44703.23013,-0.0579,-0.1461,-0.2061,0.1271,0.3026,0.1645
45006.42393,0.0794,-0.2331,-0.0447,0.9798,1.1686,1.555
44372.81533,0.1275,0.0806,-0.0455,0.1876,0.1992,-0.5314
44820.59961,-0.367,0.2109,-0.3469,-1.1995,-0.4509,0.0566
44981.5146,-0.6578,-1.165,0.2138,-0.627,0.1691,0.7165
45461.93799,-2.0369,-0.7111,0.0278,-1.0886,-1.2381,-0.5096
45626.79209,0.0219,0.0003,0.0091,-0.0547,0.0321,0.0189
45462.72207,-1.8898,-0.5842,0.3491,-1.8751,-1.6213,0.1999
44529.192,0.5106,-0.3966,0.1353,0.1218,0.213,0.1692
44436.33311,0.4258,-0.0148,-0.0422,-0.1027,0.2425,0.0996
45023.67358,-0.1751,-0.2649,-0.1641,-0.8158,0.087,-0.3229
45114.38181,1.6958,3.2876,-1.5706,3.4178,-2.1075,-5.2805
44512.96687,0.189,-0.2602,0.2824,-0.0529,-0.083,0.0042
44656.87882,0.8978,0.0566,0.0029,-3.5036,-0.4411,-0.9164
45006.45408,0.0589,-0.1761,-0.0528,0.8772,1.103,1.6977
44777.05373,-0.129,-0.4535,0.4559,-1.6155,0.8753,-0.9138
45018.3358,0.2419,-0.5868,0.0913,0.6586,-1.88,-1.6256
44912.39606,0.3782,-0.5276,0.146,1.3685,0.2699,1.9948
45283.36608,-0.2477,1.0122,-0.3869,-1.9959,-0.1286,2.1822
45330.66679,-1.4196,3.5083,-1.1938,3.3681,0.1297,-4.2126
45305.25477,1.7108,2.365,-0.8255,-0.7936,-1.5391,-4.8796
45382.6265,2.4613,1.9221,-2.8189,-1.4629,1.7655,3.8602
45592.51428,0.6016,-1.8275,0.9013,0.7387,2.5744,1.0197
45492.63707,0.926,-0.7085,0.1813,-4.3176,2.9394,-3.0035
45486.42492,0.3667,-1.3003,0.6564,-0.7024,0.4015,3.1514
44940.65248,0.1872,-0.3027,-0.0464,-0.318,-0.4154,0.3692
44992.06939,1.0734,-0.1556,-0.4764,-0.4283,-0.8357,-1.1175
45128.17897,-0.5684,0.4995,-0.0235,-2.1956,-1.3349,1.7355
44658.53744,1.0895,0.9839,1.0811,4.7449,0.4034,-0.6321
44510.46373,1.1274,-0.2853,0.2724,1.8785,-0.1622,0.9227
44819.42353,-0.0343,0.1452,0.2526,1.0639,0.1458,-0.0687
44768.30832,0.1647,-0.3185,-0.1372,0.8882,-0.1896,0.5714
44752.92846,0.1669,0.1115,0.978,0.4848,0.0187,-0.126
45029.85571,-0.0375,0.1483,0.4333,14.4347,3.0079,-0.2515
45102.99709,-0.8609,0.1102,-0.0661,-1.5512,-1.3394,1.9919
45231.19488,1.4598,-0.53,0.7731,-1.678,2.301,-2.3182
45394.47806,0.6725,-1.591,0.8021,-0.3393,1.9075,3.2113
45072.35683,2.5377,2.4173,-1.9038,-2.4597,0.5887,2.2468
45156.13453,-2.0654,-0.7128,0.6495,-0.172,-1.2905,-0.5056
44398.69285,-0.0783,-0.5617,0.6597,0.9525,0.3584,0.4164
44825.63572,-0.5689,-0.4518,-0.116,0.2968,0.3108,0.2524
44371.66926,-1.8757,0.3047,1.1348,0.2623,0.7477,0.6451
45517.75722,0.9477,-0.0828,0.4307,2.756,0.4866,6.4562
45446.61856,-0.8394,0.353,-0.3101,-2.7315,-0.6432,2.6768
45200.43494,2.8225,2.9631,-2.1759,-2.3744,0.505,3.2431
44519.60168,-0.4216,0.3412,-0.268,0.7207,0.0849,0.0503
45332.56664,0.6889,-1.377,0.6101,-0.7472,1.8523,3.1301
45481.90145,-1.3759,-0.5432,0.2433,-0.7185,-1.9743,1.4202
44941.10481,-0.9113,-0.8491,1.2161,1.7997,0.8135,0.856
44746.38449,0.1744,-0.1564,-0.9235,0.1741,-0.7091,0.172
45218.88084,-0.8718,0.0176,0.2689,-2.1054,-1.0937,1.6999
45221.05213,0.7911,-0.7857,1.0346,-0.5976,0.7172,4.307
44876.32864,0.5177,0.309,-2.716,1.4305,-0.5241,-0.1117
44428.67248,0.2322,0.5922,0.3095,-0.3347,-0.0845,0.1311
44473.51948,-0.1345,0.1853,-0.019,0.5806,0.1373,0.6516
44734.89476,0.655,0.2946,-0.6787,-0.6405,-0.2764,-0.4034
44977.23236,0.55,-1.0802,-0.1,-1.058,0.2237,-0.6377
45015.35034,0.3437,0.0206,0.5714,3.5085,3.0357,-2.9767
44589.74864,-0.5548,0.6099,0.3298,-0.7894,-0.3036,-0.8808
45257.67255,2.0765,2.0091,-1.6875,1.6993,2.2832,4.9002
44703.92376,-0.4608,-0.3153,-0.046,-0.0715,0.3383,-0.089
44792.31289,-0.2538,-0.7376,-0.8545,1.578,0.6209,-0.0752
44421.79603,0.5057,-0.0711,-0.0602,0.0817,0.0223,-0.3435
45029.76526,0.1263,0.229,0.3638,3.5271,0.8466,5.0566
44801.7217,-0.2889,0.0739,-0.0095,-0.273,-0.0241,0.2717
45376.65553,-1.5224,2.8392,-0.6494,1.8107,-0.5617,-3.8518
44680.25051,-0.2572,0.3778,0.1568,-0.1198,0.2746,-0.2799
44607.81292,-0.1362,0.1191,0.8029,-0.294,0.2263,-0.2645
44625.30414,0.1142,-0.4224,-0.3375,0.2256,0.6921,0.1504
44822.65026,0.2668,-0.1918,0.4677,0.6094,0.0892,0.2672
44495.92738,-0.4372,0.6672,-0.202,-0.8557,0.2222,-1.0235
44557.44994,-0.0761,0.019,-0.0462,0.3812,0.3363,-0.4307
44772.0176,-0.0759,0.262,0.0278,0.1603,0.1355,0.2103
45258.30586,1.2926,-1.3084,1.2748,-0.3019,2.3731,-0.118
44942.79359,0.1533,0.1852,-0.0548,-0.1548,0.4048,-0.0811
44974.27701,-0.1463,-0.2268,0.2273,-0.1034,0.1938,0.1377
45352.01759,-0.1079,3.203,-1.7155,4.3494,-1.1572,-5.7771
45615.25203,-1.6355,0.4958,0.321,-5.866,-0.7696,-3.3883
45025.66396,-0.1195,-0.2273,0.0657,-2.0562,0.3765,0.4146
45249.8921,-0.8817,-0.4288,0.5521,-1.9331,-1.9823,1.7267
44851.44954,0.1315,-0.2218,-0.3999,0.3374,-0.2922,0.3164
44819.75526,-0.3017,0.6171,-0.8168,-1.4824,-0.4166,-0.9179
44569.7844,-0.2961,0.3077,0.3215,0.4791,0.2409,-0.442
44701.84292,0.2909,0.3835,-0.6004,-0.6658,-0.0194,0.0028
44714.87069,-0.5307,-0.7102,-0.4767,-0.0382,0.523,1.8815
44622.22809,-0.4409,-0.0855,-0.4661,-0.2751,0.2719,0.0942
44852.53515,0.3294,0.171,0.0286,1.1187,0.1897,0.8697
44861.43124,-0.2732,-0.069,-0.5493,-0.0965,0.1717,0.0787
44937.12421,0.0205,-0.0727,-0.0139,0.0137,0.0234,0.1473
44566.88927,-0.1749,-0.0431,0.1682,-1.3129,0.1624,0.7766
45374.7858,-0.4649,1.2458,-1.318,-2.8416,0.5039,2.4296
45008.47457,0.7861,-0.1452,0.7366,-1.5293,-3.3352,0.0582
45565.94677,-0.3813,1.2385,-0.6858,-0.6678,-0.0983,2.2825
45590.13193,0.8383,1.5322,-0.3655,5.3751,0.8085,4.4608
44528.64915,0.1992,0.0448,-0.0956,0.0931,-0.0158,0.0701
44510.91611,-2.6529,0.7588,0.1444,-0.1452,1.1459,0.9502
44726.99371,-0.1814,-0.2852,0.77,0.5754,-0.0017,-0.0094
44871.83524,0.1308,0.2401,-0.0634,-3.2649,1.7107,2.5932
44826.66106,0.2264,0.0437,0.2706,-0.162,-0.0086,-0.0618
44409.09853,0.2064,0.2253,0.0366,0.944,-0.3956,0.0749
44423.81678,0.5456,0.3456,-0.1594,0.862,-0.3375,0.2163
45092.68281,2.4119,2.4498,-2.3742,-0.9427,0.8745,3.0553
45280.80274,1.0279,-0.5602,1.0669,-0.8727,0.479,3.8524
45386.6675,0.5193,1.6141,-1.5558,-3.8639,0.3316,2.242
45169.28296,0.9317,-0.7126,0.7942,-0.7844,0.5084,4.0228
44485.73375,-0.4634,0.3302,0.5569,5.7061,-2.579,-2.5729
45417.42714,1.1496,0.4424,-0.1656,-2.4859,-0.4014,-4.1781
45527.82942,0.5863,3.6225,-0.9513,4.5004,-1.4585,-4.393
45550.38623,1.1645,1.2595,-0.2161,0.6648,0.8284,-4.7531
44597.40863,-0.2342,0.8777,0.6968,-1.3605,0.3905,-1.2614
45313.45741,0.8583,-1.1159,1.3713,0.308,1.628,2.5212
45294.03647,1.739,1.2587,-0.3251,-2.0329,-0.7142,-4.5231
45344.6896,-1.3362,-0.4768,0.0384,-1.7396,-1.3558,1.8278
44902.9873,0.0107,-0.1379,0.6388,-0.6518,-0.0977,0.045
44682.96464,0.9325,-0.7046,0.6875,0.2243,0.2642,-0.5651
44694.72586,-0.0283,-0.2416,0.5113,-0.5782,-0.1922,0.069
44683.35667,-0.487,0.5335,0.1962,-0.176,-0.1758,0.2076
45147.44936,-0.3141,3.0258,-0.7341,3.2811,-0.1695,-3.6352
44909.68199,-0.1741,0.5762,-0.8255,0.5519,-0.3662,0.0434
45301.60582,2.1246,2.0942,-1.813,-3.1253,0.8291,2.39
45442.00465,-1.5905,-0.5779,0.3782,0.7655,-0.6502,-1.6184
45563.14226,1.3429,1.2113,0.4239,-3.6744,-0.6145,-3.8881
45171.87646,-0.4741,0.6221,-0.194,-1.8057,-0.3879,2.9966
45092.07965,-1.1302,-0.7146,0.2793,-3.1629,-1.9093,1.2786
45156.04407,-0.9595,-0.4232,0.4009,-2.6318,-2.2375,2.0672
45368.57353,-1.8918,-0.6265,-0.3511,-1.5855,-2.3374,0.8934
45048.44239,1.9883,2.5646,-1.6818,-5.4619,-0.1797,1.5527
44657.75336,1.8567,0.0501,1.8292,2.3214,1.9408,-0.9168
45552.94947,0.5141,-1.4327,1.0427,-1.8502,0.9642,2.2001
44644.96677,0.1435,0.4769,-0.091,4.2483,-2.8396,-2.349
45198.95726,-0.6907,0.1387,0.0906,-2.5021,-0.8576,2.3023
45138.16097,1.1901,-1.51,0.9801,1.6275,3.063,-2.3393
45206.49645,1.2724,2.0005,-0.7626,1.1658,-0.4618,-5.9354
45354.70153,0.4905,-1.055,0.3979,0.0952,0.6485,4.6731
45573.15404,1.336,2.205,-1.681,-3.5109,0.4756,1.8317
45368.63387,-1.9496,-0.6822,0.023,0.7105,-1.4972,-0.567
45487.69146,-0.4219,3.6747,-0.6528,3.5856,-1.1558,-5.1128
45513.95754,-1.1135,-0.4218,-0.0776,-2.2262,-2.273,1.8107
45302.48038,0.1603,1.4433,-0.8325,-3.1277,0.2041,2.0955
45568.32907,0.3815,1.6698,-1.2792,-4.4234,-0.3171,2.045
44466.43217,0.2024,-0.3618,0.3495,-0.2139,0.0322,0.4744
44850.72575,-0.3426,0.0753,-0.0214,-0.7929,-0.2626,0.2093
44500.69241,-0.0275,-0.0638,0.0203,-0.336,0.138,-0.4416
45064.48586,1.0733,-1.4307,0.7598,-0.9601,0.5881,3.7333
45254.8378,-0.9378,1.0499,0.1517,-0.3316,0.0163,-2.4705
45435.85273,1.047,-1.606,0.8773,0.1485,2.6886,-1.6745
44973.10087,0.5241,-0.2138,0.1869,-0.1934,-1.035,-0.5337
45505.87568,-1.4273,-0.3806,0.2387,-1.7973,-1.9831,1.2583
44534.16805,0.0569,0.111,0.3208,-0.127,0.0817,0.1754
44431.50751,-0.9415,-0.276,0.8226,-0.8351,-0.2151,-0.2726
44646.86665,0.1072,0.5653,-0.1965,-5.1592,1.5702,2.7587
44858.59656,0.0001,0.0415,0.2467,0.3741,0.03,0.5114
45150.61585,-1.2901,-0.7279,0.5529,0.7983,-0.9882,-1.3898
44854.34453,0.2539,-0.3243,0.2997,0.3325,0.1332,0.4405
45479.3985,0.4769,1.9157,-1.0082,-3.5057,0.6359,1.8169
45567.54505,0.1829,0.9843,-0.8763,-3.108,0.2585,1.4156
45503.5838,-1.963,-0.6496,0.0104,0.2381,-1.735,-0.456
44525.78412,-0.173,0.0891,-0.0729,0.2248,-0.1515,0.1366
45161.985,1.3462,-0.484,0.5217,-3.1481,2.6706,-2.7366
44836.25074,-0.1586,0.0133,0.0502,0.3558,0.5056,-0.0241
44892.25152,0.0348,0.116,0.4199,0.5056,-0.0692,-0.2614
45210.32636,-1.3191,-0.8836,0.5824,1.259,-0.4647,-1.5896
45607.20029,0.0645,1.7124,-0.7224,-2.0435,-0.5457,1.2934
44729.40622,-1.0063,0.872,-0.838,-0.5705,-0.6934,0.1048
44781.42642,0.7405,0.0545,0.0358,0.3863,-0.4443,-0.1392
45090.54154,-1.4415,-0.8427,0.1321,-3.3312,-2.086,0.9851
45157.97411,1.8951,0.44,0.1517,-4.0837,0.5546,-4.8329
44920.50812,-0.1205,-0.0589,0.2979,0.0706,-0.0588,0.259
44506.84475,0.5968,0.2624,-0.0862,0.3634,0.0262,-0.1849
44450.20657,0.3413,-0.0954,-0.07,-1.237,-0.2216,0.0134
44900.78587,0.0975,0.086,0.2824,-0.0402,-0.1951,0.1124
45296.72044,1.4713,0.3191,0.6961,1.8511,3.2586,5.2403
45374.7255,1.5247,2.4517,-2.3678,-4.1022,0.8711,2.5548
45453.64499,0.9084,-0.8062,0.3862,1.0663,0.5573,6.1679
44937.18451,0.0356,-0.1135,-0.014,0.3764,0.2004,-0.0734
45390.22596,-0.241,3.1536,-1.0551,3.2534,-1.3002,-5.1571
45473.69897,0.5791,-0.8869,0.3721,0.9497,0.2739,5.4854
45330.30488,1.3192,1.3063,-1.9447,-0.1586,2.2627,4.9661
44448.69859,-0.0404,-0.154,0.0121,1.1401,0.0675,0.9695
44713.21205,-0.0764,-0.1959,-0.198,0.1401,-0.0397,0.2443
45313.09553,-1.4224,-0.8759,0.5387,1.8547,-0.8634,-1.317
44633.4768,-0.0141,-0.2695,0.4577,0.102,0.131,0.3054
44761.40249,-0.2246,0.0281,0.2572,0.0001,0.2104,-0.1926
44906.48544,0.1821,-0.5634,-0.1062,0.1681,0.3472,0.1723
45230.59173,1.2543,0.0846,0.7738,1.5666,0.9379,5.5863
45446.46779,1.5547,2.563,-1.6483,4.5433,3.2409,5.9966
44581.39505,0.4114,-0.0477,0.0354,0.9658,0.0111,0.0425
44979.82582,-0.0923,-0.1215,-0.1018,0.5143,0.7476,0.6015
44808.65769,0.52,-0.1725,-0.0223,0.9746,-0.234,0.4396
45443.06011,1.0993,-1.0701,0.6073,-0.3935,1.9896,-1.8633
45481.26817,-1.4771,0.2758,0.3581,-1.0775,0.4768,-3.2809
44425.65655,-0.1364,0.2635,-0.1951,-0.3664,-0.3412,-0.4538
45425.75034,-0.2026,0.9483,-1.4163,-1.9459,0.2612,1.9701
44718.30856,0.3424,-1.134,-0.366,-2.2081,-0.1814,-0.5716
44572.40809,0.3435,0.1625,0.7569,0.4725,-0.1166,1.1683
44491.49408,-0.0983,0.5657,0.2936,-0.5078,-0.1837,-0.6068
45096.33198,1.6231,0.0283,0.1602,-0.8434,1.3485,-4.427
44527.38252,-0.5634,0.0058,-0.1508,-0.0776,0.4848,-0.2601
45256.73769,0.8682,-1.1785,1.3362,-1.0155,2.2189,2.4576
45484.67585,1.205,-0.4283,0.3192,-4.4365,2.606,-4.2041
45234.99465,-1.1669,1.2726,0.3984,2.1006,-0.0561,-3.4615
45152.39507,1.9534,0.9861,-0.2122,-2.0402,-1.4199,-5.0643
44641.46851,0.1157,-0.2981,0.2518,1.4458,-0.0187,1.3296
45256.70754,0.9381,-1.4047,1.4406,-0.222,2.6805,0.355
44868.78939,-0.2195,-0.225,0.1009,0.4375,0.1063,0.0768
44515.80178,0.1366,0.2304,-0.1829,0.5053,-0.1602,0.2878
44814.38741,-0.5546,-0.4437,0.3439,1.3193,0.6928,-0.2685
44378.18371,0.0249,0.0553,-0.0162,-0.1763,-0.0122,0.3886
44852.35421,0.3557,-0.0446,-0.1095,0.2502,-0.0654,-0.1697
44495.65596,0.2954,0.1838,0.1319,0.0892,0.0022,0.1002
44511.18753,0.5609,-0.4593,0.246,-0.542,0.0248,0.1969
45164.63879,3.0145,2.7738,-2.1627,-3.9661,-0.0996,1.9499
44565.53216,-0.6956,0.1483,0.5463,1.2802,1.098,0.2061
44446.16518,-0.2603,-0.1447,0.0013,0.394,0.0567,0.5502
45321.86104,-1.173,-0.7993,0.7965,-0.4636,1.9895,-2.1158
45582.26118,-1.9933,-0.6571,0.4987,-1.4453,-2.3188,1.0467
45306.55153,-0.4263,0.2051,0.3177,-1.6531,-1.1255,1.989
44570.05582,0.4123,-0.8739,0.1213,-0.2144,-0.0811,0.1451
44610.31594,0.0313,-0.1325,0.0941,-0.3702,-0.1083,0.1651
45506.87085,-1.4249,-0.5896,0.0561,2.8685,-0.1119,-2.0117
45531.74974,-1.8555,-0.8618,0.1077,-0.0346,-1.0711,-0.6803
44889.23582,0.2899,0.0225,-0.3377,0.1901,-0.3006,-0.4186
44904.16339,-0.3406,0.0727,-0.6042,-0.2426,-0.2632,0.0528
44842.49312,0.3522,-0.0964,0.5967,0.1925,0.0788,0.2046
44627.98817,-0.4086,0.0976,1.2845,-0.2519,1.1242,-0.5807
44726.08902,-0.0144,-0.073,0.4476,0.1045,0.1879,-0.4118
44538.08863,0.0047,-0.0737,-0.2234,-0.1381,0.0246,-0.393
45097.71928,-1.3236,-0.3926,0.3059,1.5272,-0.1286,-1.7001
44457.32414,0.834,0.5158,-0.2095,1.7351,0.059,-0.1315
44516.61605,0.0603,0.1511,0.1073,-0.6142,-0.0214,-0.2014
45439.71277,0.4437,3.1691,-1.4572,5.3337,-1.624,-4.6745
44886.58203,-0.3348,-0.1576,-0.1437,0.3351,0.4347,0.0663
45560.00601,1.2529,-0.2518,0.4028,-4.5322,3.6611,-2.9631
44522.19531,0.1559,0.0322,0.1019,0.4354,0.0672,-0.1331
44729.61735,1.8026,0.244,-0.3239,0.5406,-1.4196,-0.0596
44685.88986,0.1082,0.2472,0.5528,1.3354,0.374,0.2938
44638.21155,0.6117,-0.4523,-0.0409,-0.1522,-0.3582,0.0062
44430.72335,1.1636,-0.3229,0.4716,1.4637,0.2484,0.1894
44475.05756,-0.1778,0.1512,-0.5585,0.3364,-0.2095,-0.3749
44606.39552,0.1031,0.0842,0.2479,0.4283,0.0858,-0.3833
44664.65935,-0.0833,-0.3659,0.6221,-0.1113,0.1496,-1.1044
44600.03232,-0.0582,0.1039,-0.1542,-1.3547,-0.1945,-1.1514
45215.2218,-0.7538,-0.5712,-0.6825,-0.0104,-0.9433,-0.6408
45368.60372,-2.4333,-0.577,-0.2744,0.4478,-1.9207,0.1943
44683.80904,0.1879,-0.2109,-0.5745,-1.0234,0.4054,-0.524
45413.62743,0.69,-1.0955,0.4631,-0.1554,0.8057,4.6558
44754.8585,0.3179,-0.0982,-0.2402,0.5248,0.0611,0.2199
45017.18988,0.1731,-0.4308,0.0108,-1.5773,0.498,1.0975
45004.55422,0.0922,-0.1899,-0.0432,2.8821,-0.2272,-0.3686
45030.40354,-0.3365,0.0139,-0.8873,0.9364,1.7945,0.5938
45070.00457,1.8845,2.4686,-0.738,4.844,2.0275,5.4746
45008.59521,-0.5931,-0.1737,0.1222,4.5609,0.8982,2.0881
45162.0453,1.2485,-1.5691,1.1208,-0.0916,2.4917,-0.1082
45562.2074,-1.112,2.5296,-0.2475,-0.8624,-0.5562,-4.2263
44551.71998,-0.1623,0.0256,0.2088,0.1953,0.2421,0.0722
44547.49792,0.2524,0.0206,0.094,-0.1355,-0.626,-0.0417
44409.52079,0.0392,0.1464,0.1033,0.0086,-0.3252,0.1234
44808.26566,0.0904,-0.0204,0.0935,-0.2314,-0.1681,-0.4492
45144.43364,1.4542,-0.6628,0.2018,-2.878,3.0131,-2.8845
44929.43436,-0.0393,0.0011,-0.0021,-0.1205,-0.1589,0.1842
44979.79564,-0.0749,-0.2869,0.0715,-0.408,0.872,0.2097
45395.74461,-1.6501,-0.7621,0.1678,1.8336,-0.1869,-2.2029
45163.76425,0.8939,-0.5285,0.6522,1.3969,-0.0584,5.3519
45037.53059,-0.087,0.0074,-0.076,0.2226,0.087,-0.4157
44760.79934,0.0993,0.4264,-0.1961,-0.8936,-0.0725,-0.7049
44754.28553,1.8362,0.0759,0.7423,1.1262,0.1336,-0.1938
44724.24945,-0.3656,0.3511,-0.3004,-0.6006,-0.1825,-0.5845
44485.82423,-0.0341,0.102,-0.0768,3.3799,-1.3058,-3.0274
44900.36369,-0.1714,0.1318,-0.0376,-0.1479,-0.1954,0.0791
45138.76413,0.6929,3.2195,-0.6716,0.8889,-1.9326,-5.2194
45467.09474,0.9525,-0.9024,0.5411,-2.5716,1.4272,-3.1399
45490.52614,0.3037,1.4938,-0.9684,-2.9985,-0.3044,1.8469
44629.22461,0.2602,-0.8421,0.0207,0.4819,0.0009,0.6611
44556.30394,0.1394,-0.201,0.1303,-0.2801,-0.2479,0.2187
44850.12263,-0.121,-0.213,0.2264,-0.1459,0.3261,0.021
45454.79094,-1.6587,-0.6157,0.1884,2.7858,-0.5206,-1.6597
45434.64649,-1.6808,-0.5093,-0.0224,-3.2086,-1.4488,0.9279
44874.45891,-0.1969,-0.1016,-0.174,-0.1084,-0.0806,-0.0259
45239.9102,1.5895,0.1877,0.5741,-4.0187,1.8435,-4.1825
44672.95252,0.12,0.1614,-0.4304,-0.4538,-0.1289,-0.2245
44727.98887,-0.125,0.2588,-0.2754,-0.1359,0.1215,-0.3709
45539.16813,0.5219,3.6783,-1.2562,4.3047,-1.1067,-5.3041
44856.60623,0.6909,-0.3008,0.1648,-0.3617,0.1071,0.0308
45291.38268,0.1812,-0.1442,0.46,-4.6152,2.2306,5.9378
44780.09954,0.1042,-0.3855,-0.2741,1.1353,0.2146,0.9673
44648.40466,-0.9838,-0.0218,-0.1698,1.1441,0.7904,0.7876
45162.16593,1.0638,-0.4951,0.6551,0.5152,0.1224,4.4729
44374.95664,-0.4478,0.9253,0.6874,8.8275,-1.7197,-1.3122
44523.58257,0.3872,-0.4722,-0.1417,0.4791,0.0789,-0.1683
44993.48673,0.3435,0.1203,0.335,-0.505,-0.3487,-0.0637
44555.15795,0.2943,-0.079,0.2685,1.5159,0.6331,0.0821
45002.77498,-0.0803,-0.3227,-0.0364,0.3012,-0.3729,0.272
45170.8511,0.8672,-1.0705,1.0442,-1.0627,0.9218,2.3987
45377.89193,0.8736,1.7806,-1.8772,-4.1618,0.4197,1.3845
45473.30691,-1.2334,0.9959,0.0527,1.3799,-0.8205,-3.6436
45587.41791,1.1807,-0.7255,0.7697,-2.4258,1.6634,-2.1229
44956.78605,0.0916,0.3382,0.3423,0.4109,0.3765,-1.2358
45448.09623,1.8676,2.0381,-2.1103,-2.6833,0.1929,2.1687
45516.64145,1.4089,2.2008,-1.4059,2.7966,-2.2603,-5.3403
45272.14779,3.6918,2.8312,-2.8436,-1.9389,0.1114,4.0023
45588.5638,-0.1967,0.9352,-0.1463,0.9457,-1.1175,2.1315
44457.56543,-0.4131,0.2656,0.0484,-1.0417,-0.3514,-0.0483
45440.19525,-0.8263,0.6627,-0.8762,-3.7359,0.0439,3.0369
44785.61817,1.3307,1.1324,-1.7049,-4.8424,0.3977,-3.3045
44799.82187,-0.6503,0.1885,-0.2107,-0.3034,-0.2582,0.3191
44852.38437,-0.4375,0.1523,-0.2024,-0.9301,-0.1365,-0.2103
44465.85914,-0.0162,-0.0058,0.1274,-0.1821,-0.0267,-0.0095
44359.4245,0.0122,-0.0709,0.0516,0.7313,-0.286,0.1117
44802.53594,0.0695,-0.3996,0.2343,-0.0274,0.3,0.5097
44687.03582,0.1585,0.1426,-0.1935,-0.7361,-0.3852,-0.5295
45481.81099,-0.4318,1.4756,-0.8431,1.0232,-0.0132,1.7601
45394.29711,1.6055,0.7097,-0.5757,-0.0037,-0.3514,-4.9842
45554.18587,-1.72,-0.4678,0.4548,0.1357,0.1823,-1.5638
45053.81029,0.1059,1.1227,-1.1372,-2.8657,0.0234,1.7779
45109.78274,0.6873,0.5244,0.6787,5.019,2.3806,1.9511
45505.90583,-1.6029,-0.6355,0.2436,-3.6271,-2.0332,0.9262
44405.90146,-0.3315,0.0154,0.0803,-0.1885,0.1512,-0.3974
44490.43849,0.2387,-0.246,0.0278,-0.3547,-0.2484,-0.1333
45118.06109,-0.303,-1.3361,1.5732,6.3328,-2.2909,6.0828
45151.67131,1.3043,-0.4797,0.6335,-1.5968,2.0973,-2.756
45473.3974,0.986,2.2876,-1.0553,1.9734,-1.7702,-4.2082
45519.7777,-1.554,1.9097,0.147,-0.9657,-0.0694,-4.1137
45434.73695,-1.9723,-0.6631,0.0984,1.3295,-0.8148,-1.1857
45201.03806,1.3211,-1.089,1.1656,-0.0468,2.3147,-1.0176
44905.94262,-0.583,0.0312,0.0964,-0.0664,-0.1508,0.3876
44745.75119,-0.1826,0.0916,-0.3541,0.841,0.0194,0.3205
45029.73511,0.2259,0.0215,0.1178,1.3386,-0.0721,5.1966
45264.06578,2.0097,2.3628,-1.4671,3.6583,3.1657,5.7179
45142.35282,0.9306,1.5986,-1.0178,-3.4401,0.0671,1.5529
45400.02683,0.9301,-1.2686,0.7379,0.451,2.3401,-1.0125
44931.27391,-0.0934,-0.6708,0.3268,-2.1938,-0.2919,-0.0162
45012.30451,-0.2109,0.6769,-0.3313,-0.1227,0.4981,-2.3008
45108.03356,1.34,1.568,-0.6451,1.4921,-1.1173,-5.3623
44427.19464,0.2976,0.2723,-0.3423,0.8666,0.182,-0.3488
44702.17464,0.0502,-0.4187,-0.2794,0.5772,0.0956,-0.1884
45255.38062,-0.3204,0.665,0.0003,-1.6739,-0.535,2.1817
44932.78172,-0.95,-0.1965,0.29,0.5408,0.2362,0.5485
45124.01726,0.9418,-1.2605,1.072,-1.3116,1.8648,4.4355
45320.10694,0.7424,1.6868,-0.7271,1.1122,0.1277,1.3902
44564.62744,0.2554,-2.8762,-0.3715,-1.4092,0.8208,0.1225
45601.19924,1.1584,1.9668,-0.6527,2.2361,-1.0753,-5.3364
45609.16047,-1.2375,2.804,-0.1521,3.2009,0.6494,-4.5308
45398.24762,0.7405,3.0128,-1.2299,4.2307,-0.769,-5.7669
44744.39414,1.1677,-0.0429,0.1923,1.6222,-0.4876,1.3595
45086.71151,-1.35,-0.8467,0.477,2.2596,-0.0998,-1.9311
44554.94686,0.014,-0.0848,0.3891,0.2788,0.15,0.2095
44634.59263,-0.1023,0.4721,-0.4014,-0.1984,0.1543,-0.1076
45050.7946,-0.3775,0.5559,-0.3375,-1.4444,-1.5601,1.001
45595.65047,1.0148,-0.6909,0.498,-2.3572,2.9373,-1.6406
45442.21574,1.0765,-0.3336,0.2763,-2.4209,1.0353,-3.4378
45081.91656,-1.8021,-0.7742,0.3019,-1.3955,-1.8912,0.3002
44389.67463,-0.0537,0.0788,0.2015,0.2633,0.1018,0.1322
44576.20796,0.2314,-0.0191,-0.1006,-0.6316,-0.3067,0.1526
44398.9643,0.6624,0.4909,-0.4769,0.1783,-0.1896,-0.6508
44473.82106,0.2558,0.0051,0.0746,-0.2802,0.2752,0.1157
45497.34146,0.8512,3.4128,-1.0343,4.8939,-1.182,-5.3231
45387.66266,-2.4581,-0.5567,0.0823,-1.4641,-1.1749,0.0669
44845.32782,0.4455,0.0617,-0.1718,0.4923,0.1322,-0.1807
44856.33484,0.1798,-0.3174,0.3886,0.5036,0.1869,0.4315
44420.74048,0.2278,0.3253,0.1323,-0.0527,0.0595,-0.2183
44551.32793,-0.1361,-0.1502,0.2936,-0.2229,0.0099,0.1116
44898.886,-0.2457,-0.1554,0.1632,0.3653,0.2605,0.2179
44794.81592,-0.1155,-0.6729,-0.0216,0.7002,-0.3519,0.6951
45537.60001,1.4206,1.5759,-0.7439,1.2479,-1.7657,-4.8755
44474.27345,0.0012,-0.0751,-0.0597,-0.2156,0.2186,-0.1039
44701.78258,0.9279,-0.203,0.4114,0.1795,0.4212,-0.2046
44966.49657,-0.1322,0.1041,-0.0846,0.9633,0.8408,0.068
44933.2642,0.3602,0.387,-0.0608,-0.0713,0.3145,-1.2016
44669.15276,0.252,0.7098,-0.7209,-0.0639,0.2811,0.1694
44521.65246,-0.1574,-0.0078,0.1549,-0.6816,0.1295,-0.5309
44594.81509,-0.1439,-1.1455,-0.1845,0.4048,0.1203,0.4202
45354.30952,-1.6066,0.6985,0.0551,-0.7798,-0.3581,-3.8643
44399.89929,0.0706,-0.1092,-0.427,0.5746,0.1676,-0.6872
44408.25403,0.5143,-0.0992,0.2107,0.1943,0.4235,-0.3435
45411.48633,-1.401,-0.3837,-0.3866,-1.8728,-1.8329,0.7192
44401.58836,0.7929,-0.0757,0.122,0.09,0.0593,-0.586
44409.18902,-0.6254,-0.1571,-0.0891,1.0576,-0.0292,0.4885
45105.50024,-1.7128,-0.9082,0.2722,0.3062,-0.4761,-1.4155
45215.00565,0.0785,0.5534,-0.0461,-0.2432,0.3572,0.4232
44702.53652,-0.0806,0.5446,-0.5368,-1.1961,-1.5663,-0.541
44674.49055,0.7322,-0.195,0.8641,-0.0692,0.0963,1.1724
44869.2116,-0.1275,-0.0213,0.0295,-0.6836,-0.3344,-0.3248
44985.55557,0.3513,-0.0154,0.1273,-0.6986,-0.0054,1.3301
44856.78717,-0.3677,-0.4592,0.3301,0.5118,0.4263,0.0718
45082.30859,0.8683,-1.6205,1.164,0.1348,1.7973,0.4099
45382.11385,-2.2766,-0.6754,0.0665,-0.6079,-1.1467,-0.7896
45439.92386,1.0499,-1.5637,1.14,0.9719,1.3936,-0.7012
45307.87843,0.9215,-1.0264,0.9589,-0.274,-0.1869,2.4877
45462.23956,1.0161,-0.6441,0.4498,-2.7321,1.8785,-2.4618
45508.43897,-1.8341,-0.8145,0.0821,-1.5508,-1.2757,-0.6324
45519.50632,-0.5473,1.1228,-0.7775,-2.6403,-0.1927,2.153
45193.25763,1.2531,1.6834,-0.8556,-2.7648,-0.3434,1.4405
44975.69436,-0.4396,0.0061,0.1655,-0.2771,1.0634,0.0809
45046.48216,-1.6817,0.0837,0.3497,1.3377,0.7303,-1.2993
44624.91208,1.9747,-0.7444,-0.2309,2.6207,-1.1392,0.9826
44859.62189,0.2786,-0.0385,-0.2661,-0.4796,-0.1842,0.2424
44662.18646,0.1484,-0.2894,-0.2518,-1.4136,-1.0016,-0.1606
44867.22124,-0.217,-0.0793,-0.1204,-1.3941,-0.6555,-0.0457
44670.2384,0.0057,-0.1002,0.0256,0.4085,0.4707,0.2271
44841.07579,-0.269,-0.1204,0.1992,0.0778,0.1291,0.4305
44604.46546,-0.0332,-0.1692,0.1051,-1.1114,-0.7321,-0.9401
44920.14628,0.3777,-0.039,0.0686,-0.4383,-0.4381,0.1625
45065.14929,1.3326,-1.557,0.7083,0.2543,2.8002,-1.9976
45311.52735,-0.8094,-0.4388,0.7565,0.8789,-0.8412,-2.0486
44357.55462,-0.0093,-0.0327,-0.0416,-0.0715,0.1024,0.0965
44465.97978,0.4922,-0.0014,0.1365,0.2,-0.0258,-0.1052
45364.23103,0.6539,-1.5765,0.5917,-1.2735,1.3465,3.1032
45103.14789,-1.5041,-0.8786,0.0744,1.3359,-0.6335,-1.2677
45310.47187,0.1929,1.7243,-0.8377,-2.2258,0.4965,2.7962
44559.95301,-0.1938,0.0665,0.1639,-0.1618,-0.4118,0.2069
45315.7493,1.617,0.4737,0.2153,-3.1034,1.7806,-3.8887
45216.70448,-1.1481,-0.4725,0.8604,0.8459,-0.4642,-1.8629
45022.55774,0.1399,0.5456,-0.3797,2.2178,1.0013,2.2302
45370.86547,-0.9881,0.1688,-0.4496,-2.2586,-1.5698,2.2641
44435.76008,0.9761,0.5112,-0.1684,0.508,-0.0644,0.0393
45377.56021,1.273,0.717,-0.3605,-0.8359,-0.0829,-5.087
45380.90761,0.7183,-1.7594,0.4626,1.2366,1.0019,2.5252
45518.66193,0.7181,1.668,-1.0859,-2.6446,0.1229,1.5746
45556.02542,0.9712,-0.7171,0.596,-2.6963,2.3141,-2.6179
45473.18631,-1.9834,-0.6822,-0.026,-2.4139,-2.2435,0.6887
44788.03068,-0.4752,-0.1373,1.077,-0.3638,0.0294,-0.0125
45487.54069,-2.1274,-0.7575,0.2233,-0.4412,-2.431,0.6556
44940.35091,-0.0416,0.3728,-0.0676,-0.0481,-0.2556,-0.4389
45299.55516,0.0362,3.4425,-1.2166,2.1424,-1.907,-4.1545
44967.49174,-0.366,-0.0524,-0.0139,0.0267,-0.4905,0.1745
44807.60222,0.1987,-0.315,0.0221,-0.8187,0.0841,-0.2085
44957.66062,5.1599,0.7503,1.4753,-0.2093,2.3592,-2.3352
45396.25728,0.6082,1.6417,-1.5683,-4.2362,0.0201,1.9665
44685.73907,1.9976,-2.9443,-2.0553,5.266,-1.5007,1.4251
44874.48906,0.02,0.3605,-0.0723,0.6207,0.2611,0.1177
44777.44576,-0.0838,-0.2888,-0.5867,0.3112,-0.2422,0.8762
45043.00407,0.2348,-0.9847,0.9529,2.6769,-0.2718,-0.4173
45143.80034,0.7001,-1.0307,0.813,-0.7973,0.4858,3.7413
44453.16218,-0.166,-0.1443,0.0875,-0.1174,0.0261,0.359
45079.32305,1.7551,2.4769,-1.0485,5.1253,1.5144,5.4872
45282.009,-0.7531,-0.2082,0.8163,1.4236,-0.6673,-2.914
44796.8062,0.1689,-0.4606,-0.1647,-0.5257,-0.0882,0.1243
45103.60028,0.7804,-0.5741,0.3427,0.5955,-0.046,4.5467
45528.43254,-1.1493,-0.8025,0.1189,-3.0612,-2.1689,1.5131
45574.57138,1.0198,-1.7778,1.0892,0.088,2.7534,0.4041
44695.11792,0.4485,-0.189,-0.149,0.5392,0.0599,-0.2614
45424.48377,-1.1787,2.657,-0.4857,3.8899,0.2262,-4.3256
44898.1321,0.2019,0.0078,-0.4946,0.6313,0.4923,0.189
45027.38287,0.1062,-0.5086,0.2764,1.5798,0.0805,0.2492
45019.08974,1.3452,-1.058,0.2007,1.8412,3.1613,2.939
45405.96771,-1.1957,-0.6611,-0.0111,-3.1436,-2.5114,1.6901
45328.52566,1.2749,-1.4666,0.4128,0.4556,2.2112,-1.729
44992.76297,-0.083,-0.1584,-0.0881,-0.7646,0.092,0.0163
44640.35269,0.4598,0.1324,0.241,-0.0308,-0.0817,-0.0707
44506.51299,0.1869,-0.0831,0.0411,0.0185,-0.0877,0.3454
44921.05093,-0.0255,0.1392,-0.1195,0.009,-0.0765,-0.2631
44544.02976,0.0297,0.2478,-0.3656,-1.7115,-0.1709,-1.5581
45127.42501,-0.8957,-0.1631,0.1094,-2.1324,-1.9917,2.3553
44840.59326,-0.1736,-0.1048,0.0707,-0.4271,0.3133,0.0718
45278.32989,1.2107,-1.2687,1.3883,-0.4349,1.2868,0.1615
44497.76706,-0.0431,-0.0122,-0.0005,0.7775,0.0752,0.1925
45573.8175,0.6646,-1.2555,0.9674,-0.7681,1.6092,2.909
44530.79035,0.3436,0.6722,-0.2181,0.7379,-0.5763,-1.2756
44687.15646,-0.4832,0.7854,-0.6929,-1.4415,-0.5828,-0.1682
44638.45279,-0.6906,0.7083,0.074,0.2261,-0.3672,-0.8704
44690.44356,0.2506,0.1345,-0.126,0.4457,-0.0759,0.0006
44897.89082,0.106,-0.2289,0.2908,0.2851,0.0041,0.1261
45578.22027,-2.022,-0.3785,0.2072,0.8396,-0.9003,-0.1656
44509.98121,0.005,-0.4025,0.8159,-0.2258,0.2395,0.6224
45321.40868,0.1307,1.3078,0.0128,-2.9493,2.7416,-2.4792
44416.87996,0.3429,0.0508,-0.1153,-0.2879,0.3691,-0.351
45184.33122,1.5001,-1.1065,1.0251,-0.0858,2.6765,-1.6064
45349.78602,0.9394,-0.6879,0.3056,-1.6672,1.5392,-2.2876
45172.08755,-1.2881,-0.6723,0.4781,1.586,-0.0969,-1.7255
44886.67249,-0.3598,-0.3336,-1.0138,-0.9885,0.283,-0.4436
44409.24935,-0.4859,0.1257,0.1819,-0.3889,-0.4774,0.3335
44642.2526,1.3354,-0.9617,-0.1002,-0.7902,0.4397,0.2884
44756.96944,0.172,-0.3212,-0.0581,-0.5656,0.3303,0.0215
44761.73422,0.0825,0.1484,-0.0943,0.2377,0.2038,0.1703
44830.82261,-0.0192,0.1382,0.1184,0.2184,-0.0127,0.9526
44946.08059,0.1726,-0.5174,-0.0035,0.6784,0.2449,0.2556
45527.70881,-1.9523,-0.7294,0.2682,-1.0889,-1.1731,-1.4824
44558.74672,-0.0685,0.0452,-0.0765,-0.0125,-0.1566,0.2711
44692.8561,-0.48,-0.5623,0.4176,-0.4138,-0.1302,0.2793
44950.72464,-0.008,-0.0054,0.0693,0.3413,0.3198,0.1424
45008.23333,0.6539,0.4316,-0.1451,1.7545,1.1679,-2.5469
45045.48699,0.4809,1.2091,-0.865,-4.2249,-0.8095,1.0854
45368.81481,0.9923,0.9324,-0.2646,-1.2708,0.691,-4.5448
45610.81904,-1.6297,-0.0709,0.099,3.3555,-0.5375,-1.9597
44849.1275,0.0184,0.2714,0.0319,0.4439,-0.3968,-0.2725
44942.5825,0.2118,-0.147,-0.1752,-0.3673,0.0903,-0.3362
44899.36853,0.0438,-0.127,0.1211,-0.8585,0.0457,-0.1863
45003.55906,0.0608,0.0751,-0.1092,0.2053,-0.0482,0.0143
45150.52537,-1.5724,-0.7163,0.4052,-2.4717,-1.7188,0.5322
45278.84255,-1.0544,0.3858,0.688,-1.6947,0.3744,-3.3252
44757.33132,1.2076,0.5425,0.0793,-0.4829,1.3568,-1.7098
45119.36792,1.0905,1.2869,-0.6961,8.8424,5.8858,-2.5047
45234.87401,-1.5792,-0.6586,0.44,0.2126,-1.6054,0.3418
45393.57336,1.273,-1.0218,0.446,-0.5999,2.1019,-1.5654
45526.95489,-1.3055,-1.0054,0.424,-4.3193,-0.0689,-1.2366
45469.20566,-1.9322,-0.7289,0.0676,-2.1906,-1.8035,0.1971
44525.03018,0.3254,-0.006,0.1976,-0.0369,-0.0579,0.2279
44548.04072,0.1777,0.8138,0.0686,-2.2301,-0.0995,-0.1603
44819.0918,-0.2686,-0.0768,-0.6068,-0.2828,-0.2275,0.0156
44910.04388,0.307,0.3969,-0.1735,-0.6765,-0.2112,-0.5656
44588.7233,-0.0175,0.2614,0.0328,-0.5078,0.1787,-0.0137
44892.88482,-0.2772,0.2083,-0.3597,0.5151,0.0427,0.2646
45025.9655,-0.0887,-0.0609,0.1468,-2.9736,-0.7972,1.2411
45209.78355,1.5296,-0.6911,0.6519,-1.7012,2.4527,-2.4861
44391.96687,-0.3262,0.0866,0.0734,0.0932,-0.2312,-0.4427
44547.61851,0.0241,-0.1326,-0.1444,-0.5948,0.1039,-0.2775
44837.99983,-0.038,0.2863,0.7538,-0.4805,0.2075,-0.5419
44895.47832,0.3218,0.5141,0.076,-1.4749,-0.2644,-1.1606
44969.72336,0.2665,-0.0914,0.2098,-2.3394,-1.2349,0.0846
44586.22024,0.0402,0.4487,0.271,-0.4674,-0.0034,-0.2995
45254.95843,1.968,1.4907,-0.091,-0.2591,-0.9685,-5.4875
45327.1686,2.3874,2.8626,-2.6712,-4.278,-0.5114,2.9304
45537.75082,0.9478,-1.5804,0.8416,-0.0522,2.7016,-0.2371
44821.47415,0.1246,-0.4158,-0.0205,0.1596,0.3241,0.2791
45594.29345,2.202,2.5279,-2.1072,-3.9191,-0.3717,2.6816
44390.57949,-0.0043,-0.1136,0.1012,0.0255,-0.155,0.3824
45473.8196,0.0092,1.4141,-1.1838,-2.7341,0.1956,1.6285
45066.59685,1.0374,1.2743,-0.4654,-0.1192,-1.8592,-5.2672
45569.8369,0.9439,-0.2738,0.7254,1.9356,0.0424,5.5512
45348.54963,-0.9634,0.2236,-0.5991,-3.953,-1.3676,2.2945
44872.92092,0.1103,0.2563,0.0426,0.4078,0.0624,-0.0477
45255.16952,0.9581,-0.8831,0.912,-0.1159,0.988,3.3609
45557.56336,1.3111,0.7379,-0.0519,-3.3453,-0.7191,-4.4671
44373.59945,0.2031,-0.3491,0.0397,-0.4987,-0.0411,0.3034
45288.8345,-0.2193,-0.2311,-0.6206,0.7869,0.3007,-0.0208
45296.44904,2.0075,1.2549,-0.3696,-2.778,-1.287,-4.7583
44972.28666,-0.031,-0.1705,0.0557,0.3146,0.055,-0.1644
44560.31492,-0.4493,0.1692,-0.0545,0.133,-0.0349,-0.3161
44686.85488,0.1073,0.0018,0.5184,0.0479,0.2751,0.1791
45046.0298,1.2145,-2.2063,1.4603,-1.0111,2.5749,3.0668
44770.57008,0.249,0.1385,0.2471,-0.1292,0.2086,0.0201
45484.13305,2.0635,1.6205,-1.3505,2.2182,1.7733,4.9078
45615.07109,-0.9691,0.0773,0.0865,-3.5145,-1.841,2.0198
44669.93683,0.7142,0.033,0.2049,-0.4573,-0.4811,-0.5972
44720.20844,-0.5262,0.1077,0.2711,-0.0191,-0.083,-0.7071
44951.90076,-0.1685,0.0041,-0.0522,0.2192,0.0227,0.0994
45061.0178,-1.7393,-0.9652,0.1796,1.5714,-0.8915,-1.2127
45338.32655,-0.5411,0.6906,-0.7685,-1.0371,-0.175,1.706
45626.52064,0.0125,-0.0001,0.0104,0.1078,0.2502,0.0293
45042.34065,3.9825,1.8205,-1.85,-6.3883,1.8401,5.6855
45498.15565,0.7759,2.4008,-0.8368,2.3021,-1.438,-5.2909
44400.4724,-0.3576,0.294,0.3232,-0.0566,0.0845,0.0847
44454.54951,0.2421,0.0143,-0.1617,0.2729,0.0835,-0.7097
44738.66438,1.2511,-0.0276,-0.8219,2.3369,-0.1141,0.2262
45444.77902,0.7246,-1.2404,0.8057,-0.6484,1.2269,3.4732
45119.1518,0.6534,-0.1492,0.1653,-9.2995,-6.0657,0.7466
44867.3117,-0.1224,0.4581,-0.0825,-0.1913,-0.495,-0.2975
44378.12341,-0.0438,0.108,0.0987,-0.2014,-0.0613,0.3967
44739.23735,1.0933,0.0402,-0.2075,-0.3529,-0.5581,0.0055
44999.27682,0.4079,0.1537,0.0073,0.4118,0.3991,-0.1093
45229.14421,-0.2463,0.9959,-0.172,0.3421,-0.5751,1.7946
45504.8202,0.2583,-1.6869,0.5836,-0.6712,0.7205,3.0063
45051.39777,0.6819,-0.9266,0.4398,-0.3548,0.2891,4.5961
45458.01769,-1.4171,1.204,-0.1167,1.8199,0.082,-3.7988
45029.9462,-0.3651,0.7051,-0.5819,5.691,0.6646,-1.2589
45504.45831,-1.4165,-0.5016,0.2185,0.9552,-0.2189,-2.2289
44639.32735,-0.4846,0.2854,0.3597,0.0323,-0.4407,0.0754
45300.79158,2.6284,3.0722,-2.2994,-1.5326,0.3504,2.9168
45253.99345,-1.1178,-0.4432,0.5457,1.8394,0.0685,-1.7261
45454.88139,-0.2917,3.5271,-1.3306,1.9861,-1.8634,-4.8399
45624.47002,0.0902,-0.1411,0.0413,1.359,-0.4208,-0.5249
45205.80283,1.2829,-0.3731,0.6194,-1.6047,2.7927,-2.9338
45526.14068,-1.4848,-0.6231,0.2449,1.321,-0.9781,-1.5249
45369.11635,1.7266,1.4477,-1.4237,-0.6013,1.3778,5.8745
44958.80655,0.5251,-0.0707,0.3947,-0.2064,0.3347,-0.5898
44969.69318,0.3436,-0.3337,0.0731,-1.908,-0.9226,-0.1329
45498.78896,-1.9755,-0.7139,0.1604,0.1225,-1.0961,-1.3979
45158.2154,1.1157,-0.3679,0.7213,0.927,1.2322,5.6305
45367.81964,-2.1553,-0.6562,-0.2755,0.4614,-1.0627,-0.5266
44957.1178,-0.0319,0.1494,0.243,0.0463,0.3416,-1.1852
44709.86468,-0.176,0.0237,-0.0675,0.9213,-0.2284,-0.2289
45085.26397,1.5316,2.6894,-1.1631,3.056,-1.4594,-5.3286
45233.78839,1.4617,0.6854,0.6087,3.0905,0.6436,4.8876
44578.95229,-0.5251,0.0975,-0.2696,-0.34,0.0935,-0.1703
44617.28229,0.4628,-0.0377,-0.2233,0.7205,0.2602,-0.6372
44420.89127,-0.121,-0.6627,0.3957,0.5739,0.3026,0.5459
44677.05388,0.0614,-0.2109,-0.1736,0.6226,0.1377,0.2002
45178.84266,0.9864,-1.0045,0.7042,-0.578,0.786,3.5534
44724.30978,-0.4664,-0.6115,0.6106,0.0299,0.3354,0.6117
45439.1398,0.575,-1.6228,1.0091,-0.2108,1.6092,1.3407
45594.92675,0.8714,-1.9096,1.1205,0.056,1.7262,0.7237
45605.48138,0.6601,-0.834,0.7447,0.2776,0.7906,5.514
44682.24088,-0.2832,-0.0768,-0.1267,0.0482,0.2571,-0.006
44662.69914,-0.1535,-0.0556,0.0133,-0.1418,-0.8913,-0.3111
44711.76454,-0.037,0.2806,-0.2708,-0.4691,0.6892,1.0993
44799.49017,-0.5451,-0.2962,-0.1027,-0.283,0.0296,1.2165
44389.28254,-0.0261,-0.1197,0.0557,-1.167,-0.5287,-0.5845
44374.26296,0.1776,-0.4351,-0.2201,-0.5178,-0.8847,-0.3617
44894.48313,-0.0256,0.0846,-0.0628,0.205,-0.2054,-0.4489
45018.72786,-0.1191,1.0783,0.1483,-1.4186,1.0112,1.3935
45183.54714,1.0627,-1.2097,1.3658,-0.2006,2.2911,-0.7249
44602.74648,0.7298,-0.1,0.1131,-0.8688,-0.2931,-0.1247
45608.52718,0.2646,-0.2005,0.549,-1.1756,1.2521,-1.6976
44643.5192,-0.0918,0.2658,0.2945,-1.1357,-0.0399,-0.2697
45394.14632,-1.7615,0.8074,0.0516,-0.5721,0.4853,-3.8043
44807.57204,0.2785,0.7634,-0.1522,1.3107,-0.2228,-0.0668
45206.1044,0.194,1.5,-0.7745,-3.8394,-0.2436,1.827
44428.85345,-0.3687,-0.3889,-0.233,-0.2153,-0.2921,0.2709
44799.18859,-0.3026,0.5221,0.0966,0.994,0.775,-0.6908
44803.86283,-0.5295,0.2385,0.0642,-0.0159,-0.0088,-0.3108
44354.8704,-0.0047,-0.008,-0.0199,-0.0438,0.0278,0.0478
44661.40236,0.0518,-0.1024,0.1069,-0.8996,-0.8289,-0.3266
45078.65962,-0.5144,0.8035,-0.1519,1.6621,-2.1396,0.6327
45407.86755,1.2082,0.2114,-0.1864,-2.3512,0.7197,-4.0604
45584.70383,-2.4097,-0.5053,0.4983,0.3877,-1.1999,0.5814
44932.69124,-0.0483,0.0828,-0.0806,0.4816,0.3899,0.1132
44678.77283,0.6702,0.0282,-0.3172,-0.5997,-0.4625,-0.2347
45401.74579,0.3406,-1.3949,0.5466,-0.6816,0.5625,3.3506
45608.25576,-1.5158,-0.4003,0.8576,3.964,0.3676,-1.1468
44945.68854,-0.2506,0.0922,0.1269,0.4155,0.2151,0.0925
44655.76302,0.4562,-0.2745,0.3477,0.7242,0.1618,0.5332
44828.74184,-0.3698,0.0669,-0.4571,0.3598,-0.2878,0.2898
44807.66253,-0.1824,0.1032,-0.2756,-0.0973,-0.327,0.4033
44895.2672,0.4149,-0.3709,0.185,0.1259,0.0136,-0.0602
45050.37242,1.2808,2.5294,-0.8314,2.5383,-1.3058,-5.2458
45206.37581,-1.0315,0.4034,0.512,1.6831,-0.2742,-2.6198
45533.49879,-0.4353,3.7941,-0.8412,1.9457,-0.7166,-4.6132
45247.35895,1.1411,2.0195,-0.9924,-4.1967,0.0134,2.6403
44567.61306,-0.5806,-0.9372,0.0262,2.2097,0.3498,0.2756
45325.15814,-1.5965,1.9636,-0.5168,-0.6962,-0.4112,-4.1416
45184.6931,-0.7856,-0.3014,0.3223,-2.6741,-1.815,2.8372
44752.95861,0.3077,0.0939,-0.0781,0.0858,0.4194,-0.193
45074.55828,0.9379,-1.7249,0.326,-2.8873,0.905,2.5502
45217.88565,1.0069,-0.6369,0.9906,-0.6414,1.6223,4.4302
45346.4085,-1.8243,0.0596,-0.1509,1.5963,0.6067,-3.1823
45084.41956,-0.6805,3.215,-0.642,2.9582,-0.0537,-3.47
45373.54939,1.1309,2.5551,-1.5261,3.7797,-1.8975,-5.1705
45422.91564,-0.2169,3.903,-1.1621,1.9651,-1.9778,-4.6365
44622.65031,0.4398,-0.0329,0.1998,1.1282,-0.223,0.1169
45048.53284,-0.7363,0.3601,-0.1016,-2.1984,-1.2054,1.699
45606.32578,1.9575,2.288,-1.3822,5.3368,1.9699,5.9165
45112.78345,1.5877,3.4561,-1.3043,5.2062,-1.5329,-5.6002
44685.61845,-1.3178,0.5433,2.1124,0.4108,4.9063,-0.9271
44422.55005,-0.0442,-0.2922,-0.4641,1.0002,0.1621,0.1668
44885.31542,-0.0737,0.1068,-0.4429,-1.0557,-0.4272,-0.3987
44843.6089,0.0943,0.2981,0.2833,-0.0495,-0.3316,-0.5678
45354.5206,0.9077,-0.8262,0.3326,-1.925,2.6083,-2.7666
44949.21684,0.1789,0.154,-0.0863,0.2585,0.0775,-0.1494
45468.81363,0.5672,-1.6545,0.9388,-0.3226,1.7158,0.9563
44421.43413,0.6364,-0.146,0.3364,0.8967,0.1168,-0.3471
44473.30835,-0.3411,-0.3746,-0.2547,-0.3629,-0.1624,-0.0417
44371.54859,-0.2448,-0.3492,0.0492,-0.6836,-0.1101,0.7016
44481.27026,-0.3347,0.0199,-0.231,-0.3449,-0.0418,0.1271
44578.8618,0.0214,-0.5317,-0.0421,0.5648,0.4324,0.2719
45324.48971,1.0482,1.0081,-0.5836,-1.415,-0.3592,-4.8876
45366.6134,0.7167,-1.6867,0.7085,-0.6581,1.768,2.0547
44479.21947,-0.3906,-0.1043,0.4147,1.4286,0.3434,0.8553
45625.64611,0.0917,0.1089,0.0493,0.496,-0.0308,-0.4108
45485.79162,-0.2894,1.3791,-1.0296,-3.1003,-0.4822,2.3235
45592.03177,-1.0532,-0.376,0.1953,-0.948,-2.4193,1.361
44644.03188,-0.3747,-0.001,-0.6294,-0.4385,0.2547,-0.5939
44449.3621,-0.1233,0.219,-0.1122,-1.4435,-0.4214,-0.1498
45290.56349,-0.2806,0.4948,-0.0709,-0.2672,0.8107,0.4918
44479.97346,-0.9202,-0.2501,-0.9515,-0.9759,-0.004,0.1993
45093.07487,0.9685,4.1844,-1.4833,3.6146,-1.8468,-4.4441
44997.52774,0.0893,-0.1917,0.1122,-0.331,-0.8029,-0.4872
44938.11937,-0.0312,-0.0648,-0.0864,0.1449,-0.7563,-0.437
45474.75443,-1.4261,-0.5904,-0.0064,-2.114,-2.6666,1.8037
44837.21574,-0.1612,-0.0037,0.2089,1.3528,0.3468,0.5236
44883.05367,0.375,-0.1217,0.114,-0.0795,-0.2355,-0.0462
44943.15546,0.7502,-0.5756,0.272,0.8312,0.1295,0.4817
45018.81832,-0.2152,0.7125,-0.2922,-0.5315,0.6145,-2.3379
44721.20362,0.6444,0.133,-0.1814,0.0244,0.2973,-0.255
44667.67507,0.4211,0.4555,-0.3647,-0.3598,-0.7905,-0.2283
45382.17418,-1.5622,1.3814,-0.3426,1.2877,-0.4081,-3.7647
45477.58911,0.7155,-2.0076,0.6322,0.9964,2.0278,1.1186
45040.06881,0.4509,0.1102,-0.834,0.29,1.0327,0.6183
45607.07966,0.6061,-0.2277,0.4648,2.6649,-0.2681,5.2974
45542.12343,-1.0808,-0.2441,0.1872,-3.1968,-1.7215,2.6211
44449.57324,0.3469,-0.4152,0.3775,1.1016,-0.0284,0.2981
45348.36869,0.6948,-1.0006,0.5254,0.1334,2.3068,3.8802
44763.66421,-0.0144,0.0017,0.2969,0.8611,-0.2751,-0.2272
45376.77614,0.9309,0.6985,-0.469,-1.4051,0.0598,-4.7786
44400.08026,0.2606,-0.4553,0.4073,-0.0168,-0.209,0.0237
45389.7133,0.9258,-1.33,0.9237,-0.6831,2.3378,2.659
45409.55632,1.1361,-1.4369,0.4197,0.4365,2.7316,-0.1047
44878.4095,-0.203,-0.7043,-0.2019,-0.4227,-0.0362,0.45
44790.98601,-0.0218,0.1107,0.1996,-0.3306,-0.004,-0.1539
45499.48254,-1.375,-0.3452,0.1653,-1.834,-2.1847,1.2333
45562.32803,1.1633,1.1345,-0.0211,-0.6713,-0.3992,-4.6945
45374.93659,-2.2462,-0.6916,-0.0342,-0.6296,-2.2719,-0.2012
45425.44875,1.023,-0.9711,0.4595,-1.0455,2.3345,-2.1888
45027.71459,-0.1107,0.3318,-0.0967,0.0497,0.1933,-1.5371
45603.91327,1.7797,2.5357,-0.6748,3.3632,2.7872,6.4976
44722.86223,-0.1965,0.1544,-0.0622,-0.9279,-0.4487,0.012
45094.79389,1.3598,-0.8259,0.5149,-2.264,2.0139,-2.8954
45241.14667,-0.7595,-0.4628,0.3798,-3.5341,-1.506,1.9196
45354.09843,-1.0407,0.5682,-0.5829,-2.7355,-0.6832,2.2605
45031.88627,-0.023,-0.0426,0.2743,-0.5739,-0.4692,1.7697
44794.45404,0.7724,-0.1147,-0.0984,2.0524,-0.497,1.0123
44739.02626,0.0244,0.2514,0.2981,-1.1491,0.347,0.345
44848.25298,-0.6028,0.0613,-0.5144,-1.6152,-0.5054,-0.7893
45119.64438,-2.3106,-0.0383,-0.1621,-0.8339,-1.4054,1.4083
45420.29203,-1.239,-0.1245,-0.2164,-2.7641,-1.656,2.096
45540.94736,0.9857,-1.1464,0.6299,-0.541,2.7537,-1.6546
44428.22009,0.5132,-0.0921,-0.2106,0.8798,0.0465,0.2813
44619.96629,-4.248,-2.3665,1.8932,-8.6953,-6.0093,3.1393
44956.93684,0.0136,0.3346,0.5762,0.1857,0.0859,-1.5516
44597.25784,-0.2568,0.4149,1.0097,-0.6795,0.5182,-0.3751
45060.44483,1.6832,0.8192,-0.0137,0.3039,1.3786,-5.4885
44591.40729,0.8599,-0.6057,-0.3439,1.187,0.1147,-0.1211
45165.6943,-1.747,-0.8312,0.4085,0.3597,-0.7423,-0.9436
44566.97973,0.6838,-0.0206,0.5363,-1.9971,0.9157,1.7354
44592.70407,-0.3828,-0.2798,0.392,0.2081,0.3153,0.1326
44518.36521,0.2,-0.4909,0.3985,0.954,0.1813,0.6642
44550.36289,0.6191,-0.3659,0.2123,1.4658,0.3375,-0.0934
44424.45016,0.4908,0.1249,0.1627,0.7777,-0.0453,-0.3046
45188.67381,-1.158,-0.6691,0.4683,-2.9567,-1.983,1.7724
45285.17545,-0.9659,-0.6312,0.7376,3.7159,-1.3184,-1.857
45305.61664,3.1192,2.6534,-1.9122,-3.6026,-0.2197,3.7335
45329.76207,-2.2471,-0.616,0.0464,0.6457,-1.0765,0.4832
44700.66678,0.1606,0.1356,-0.7225,-1.5517,0.1646,-0.5436
45567.75613,-1.7429,-0.6243,0.2174,-0.2362,-1.2722,-0.6596
44994.39144,-0.0034,-0.1834,0.155,-0.9922,0.3806,0.323
45132.09939,0.1068,1.3131,-0.7705,-3.2328,-0.3896,2.1551
44604.58607,0.2213,-0.3175,0.319,1.2343,0.5738,0.1957
44550.06131,1.0473,-0.0358,0.064,-1.0808,-0.5177,-0.5769
44376.52494,0.0348,0.0392,-0.1228,-0.1733,-0.4568,-0.2319
44935.1339,0.1422,0.1526,-0.26,0.4361,-0.3695,0.7984
45591.94132,-0.334,1.4632,-0.3027,-2.0753,-0.9785,1.3617
44466.85436,0.16,-0.0121,0.1728,0.5668,0.2347,-0.0354
44790.05117,-0.2752,-0.1051,0.313,-0.5313,0.0657,-0.22
45209.66291,1.2461,3.3145,-1.0642,2.4841,-1.5184,-5.0442
45123.86647,1.9703,-0.2466,0.5388,-2.3798,1.6835,-5.079
44388.67933,0.9732,-0.4725,0.348,-0.2878,0.1585,-0.8018
44799.42983,-0.3648,-0.2268,0.5533,-1.4854,-0.1256,-0.6526
44604.43528,-0.278,-0.9731,1.6231,1.0053,-0.3016,-0.3587
44784.53254,0.2545,0.4837,-0.1767,0.1094,0.2019,-0.6064
45181.7679,1.3467,2.9302,-1.1893,3.6494,-1.4876,-5.204
44807.75298,1.1138,-0.3961,-0.1092,0.2806,-0.2069,0.2143
44789.84008,0.1473,-0.2493,0.5063,-0.172,0.2289,0.2181
45026.53848,0.1221,-0.4387,0.1184,-1.8536,0.8481,-1.3089
45026.77972,0.0086,0.0821,-0.0087,-1.035,0.2521,1.0675
44960.37475,-0.4942,-3.6906,1.4668,4.1341,2.4957,3.2771
45474.54334,1.4808,1.8052,-1.8438,1.0938,2.4226,4.5785
44627.92783,0.3061,-0.2983,-0.5779,-0.0417,0.072,-0.3851
44954.31326,-0.3022,0.1113,-0.1717,0.0941,0.0429,0.2042
45232.49161,-1.6058,-0.8131,0.4433,-0.1114,-0.8853,-1.433
44944.3617,0.6479,0.0482,-0.0701,1.8951,0.3833,-0.5739
44979.70518,-0.2465,-0.2459,-0.2189,0.1609,-0.1232,-0.2462
45129.68681,1.0608,1.5166,-0.9524,-4.3375,-0.5795,1.287
45009.0777,-0.0178,0.2743,-0.6114,2.2909,1.3093,0.6304
44812.93992,0.2719,-0.1844,0.2497,0.7706,0.4055,0.4623
44595.93091,-0.0227,-0.0717,-0.9776,1.9134,0.3109,0.0663
45245.97174,-1.5954,-0.7696,0.4591,-1.7455,-1.1959,0.7263
44789.80992,0.4067,-0.1894,0.0221,2.1907,-0.3407,1.019
44720.47987,-0.5718,0.1267,0.2062,-0.0967,0.4385,0.2818
44422.67068,0.0065,0.082,-0.1939,-0.4867,-0.0942,-0.0713
44455.96696,0.613,-1.1435,0.3569,0.8914,0.7068,-0.6026
44721.74644,0.1414,-0.4485,1.6618,0.5797,0.7038,0.5542
44794.21277,0.223,-0.8793,0.6113,1.3809,0.335,1.3343
44886.55188,0.0974,0.0113,-0.0047,0.0877,0.204,-0.0866
44634.98467,-0.1131,1.0853,0.7625,-1.6169,0.8873,-0.7693
44935.2545,0.2059,0.1121,0.111,0.3977,-0.2904,0.493
45159.57245,1.8913,0.2073,0.1658,-3.7381,1.5037,-5.035
45249.0779,-0.7155,-0.2412,0.1473,-1.9965,-1.3455,1.7442
45315.93024,0.86,-0.5986,1.1002,-0.9581,0.7644,3.3795
45169.82577,1.088,1.7197,-0.4349,-0.259,-1.5272,-5.2981
45215.64399,-0.1366,-0.6153,-0.6784,0.0859,1.4487,-1.134
44961.46038,0.4655,-0.1095,0.3738,-0.1933,-0.6276,-0.0974
44913.48172,-0.5305,-0.2499,0.1997,-0.6188,0.3645,0.8827
44838.30137,0.3305,0.9076,0.4517,0.07,0.4693,-0.6419
45389.14035,-0.8457,0.4573,-0.5583,-4.6403,-0.8755,2.3443
44555.21828,0.2099,0.6737,-0.1129,-0.5243,-0.3054,-0.2944
45396.40807,-1.5819,-0.788,-0.0291,-2.7257,-2.4124,1.4304
45542.24404,-1.9824,-0.6962,0.3734,0.7167,-1.116,-1.0743
45600.47546,1.0904,-0.2422,0.5421,-3.0653,3.1711,-2.0943
44804.61673,0.2931,-0.7314,0.017,-0.0344,-0.106,0.8746
44552.68503,-0.2165,-0.0241,0.2605,0.4739,0.0162,-0.2083
44562.75768,-0.0062,0.2798,0.3905,0.6377,0.682,0.1027
45208.63759,-1.4538,-0.6889,0.3544,-1.8089,-2.0632,0.9422
45284.72312,0.9938,-1.2176,1.1426,-0.042,1.6384,1.9946
45359.79798,-2.1923,-0.5428,-0.2796,-0.1818,-1.3492,-0.6804
45367.54825,1.7295,1.6505,-1.9999,1.788,2.1125,4.6381
45411.36572,-0.0781,1.6171,-1.3589,-4.1843,0.2604,2.2582
45232.09957,1.0449,-1.1801,1.1274,-0.7321,1.8979,3.0043
45490.94835,1.1727,1.5412,-0.5244,1.2536,-0.1618,-5.0036
45482.38396,0.7392,-1.8595,0.8103,0.5036,2.0557,1.4615
45081.22296,-1.3319,-0.9669,0.387,1.5437,-0.6199,-1.9166
45529.4277,-1.3995,1.2514,0.6881,-1.1549,0.9484,-3.3096
45619.25285,0.0562,-0.1843,0.0557,-1.3484,-1.0902,-0.3976
44426.86289,0.1712,-0.5343,0.1346,0.165,0.2546,-0.1588
44487.4528,-0.1815,0.0989,-0.3065,2.2504,-0.4742,0.8406
45342.54847,-0.7394,3.6824,-1.7247,1.4578,-1.4753,-5.0067
44966.28548,0.1834,-0.055,-0.1032,0.3565,1.1803,-0.1303
44626.63106,0.3912,0.4081,0.7469,-4.2716,1.0353,2.2478
45201.00791,1.2314,-0.9868,0.7185,-0.6674,2.5915,-1.5789
45547.06902,-1.7715,-0.5926,0.4752,1.8719,-0.8278,-2.0525
44610.58737,-0.2047,-0.0551,-0.0165,-0.2323,0.1791,0.2048
44658.35651,-0.036,-0.4735,0.1601,0.0574,0.1079,0.4325
44841.58842,0.039,0.1428,0.0991,-0.1931,0.0959,-0.184
45397.34294,-1.4293,-0.4816,0.1192,2.5921,-0.5542,-2.4346
44844.03109,0.5028,-0.064,0.198,0.3142,-0.1524,-0.1403
44491.61469,0.0565,0.8096,0.1812,0.1289,-0.026,-0.0337
44510.16215,0.0821,-0.5707,-0.0056,-1.1912,-0.1048,0.2379
45492.48628,-0.7548,3.2119,-0.9383,3.7028,-0.4792,-3.4669
44484.49725,-0.5554,-0.0275,0.063,-0.2786,0.101,0.2876
44706.06489,0.0907,-0.3625,0.1798,0.1726,0.0402,0.4182
45356.75219,-0.6844,3.8067,-1.4434,1.3284,-1.7344,-5.1414
44684.50264,0.5515,-0.2915,-0.5158,0.3185,-0.1633,-0.1083
44602.08302,0.1816,0.3599,-0.2996,0.6842,0.0799,0.3486
45184.66295,-0.5781,0.1833,0.1763,-1.8037,-1.4426,3.0689
45476.59396,1.0162,2.0007,-0.6389,0.5737,-0.4638,-5.533
44958.47486,-0.1208,0.1718,-0.1878,-1.2101,0.0476,-0.5386
45332.446,1.0763,-1.0644,0.2333,-0.5186,1.8883,-1.954
44944.15061,0.597,0.2623,0.5294,0.4129,0.4033,-0.0965
45518.45082,0.6097,-1.7939,0.7461,0.3809,2.14,1.0812
45542.33452,-0.9018,2.9458,-0.7554,2.0817,-0.5377,-4.1229
45532.95597,0.5622,-1.6742,0.7447,0.5715,1.1524,1.5394
45547.03887,-2.2,-0.5596,0.359,0.8522,-1.129,-0.978
44635.2561,-0.4708,1.3172,-0.7164,-1.098,-0.1025,-1.192
45555.30166,1.0275,-1.7701,1.0124,0.0649,2.2313,-0.1015
44638.06076,-0.0273,-0.1522,0.3144,-0.4631,0.1588,0.0482
44640.41299,0.0568,0.2004,0.1321,-0.409,-0.0733,-0.1053
44693.94178,0.6211,-0.2517,1.091,-2.0661,0.2085,-0.0177
44895.05611,-0.4509,-0.6507,-0.2458,-2.0345,0.3688,-0.7309
44971.11054,0.0089,0.0113,0.0159,0.1995,-0.873,0.3964
45570.53047,1.0512,-1.5948,0.9593,0.9989,2.4782,0.5027
44816.6793,0.2883,0.0071,0.6926,0.3187,0.1362,-0.5125
44946.8345,-0.0149,0.076,0.3975,0.4381,-0.8734,-0.5552
45213.0103,1.5655,-1.115,1.354,0.5897,1.9928,-1.5786
44916.85922,0.2538,-0.772,0.0586,1.2705,-0.1089,0.8602
44877.05243,-0.1186,-0.0611,0.6663,0.167,0.365,0.4024
44779.40593,-0.1226,-0.0865,-0.4833,-0.8206,-0.2745,-0.0849
44506.99554,0.1651,-0.5211,0.1227,0.488,-0.1014,0.2999
45146.54464,-1.8234,-0.776,0.301,-1.3713,-1.1657,-0.5939
45253.75218,0.0285,1.6892,-0.5277,-2.972,-0.0608,1.8274
45548.18481,1.1778,-1.727,0.9082,0.1898,2.4987,0.567
45576.50139,-1.0875,0.0866,0.0109,-2.9164,-1.179,1.9228
45595.56002,1.3366,1.2943,-0.1189,0.135,-0.4028,-5.0657
45270.54948,3.1275,2.5784,-2.5448,-0.2621,1.6959,3.827
45625.31441,0.0808,0.0633,-0.0583,1.1333,0.2732,-0.8206
44393.02249,0.0731,0.0951,-0.1715,0.3959,0.2339,0.4222
44514.53513,0.1036,0.1593,-0.3569,0.5256,-0.0068,0.3445
44580.52047,0.3378,-0.4499,-0.2185,0.6862,-0.2024,0.3967
45346.10694,0.7338,2.4666,-1.2979,-8.4498,-0.9832,1.8092
45553.40183,-1.6189,-0.2501,0.5307,0.9307,0.1866,-2.1531
44789.14648,-0.0286,0.1607,0.4607,0.281,0.1101,-0.2411
44800.93764,0.0153,0.189,-0.0974,1.0358,0.1359,-0.164
44796.65544,-0.0653,0.0236,0.4425,-1.9087,0.4019,-0.4973
44797.8014,-0.3792,0.2919,0.1116,-0.2209,0.1676,-0.1728
45100.10185,-0.6516,2.5301,-0.4097,3.4096,-0.1708,-3.4874
44746.65588,-0.6134,-0.4504,0.1581,0.0223,0.0956,0.2066
45137.55785,1.9446,2.4745,-0.2968,6.9565,0.9923,6.4429
44579.52529,0.1501,-0.514,0.4649,1.2558,0.3873,0.957
45116.40241,-0.3644,0.6067,-0.0475,-1.5236,-1.3024,1.5216
45187.01516,-0.6499,0.3689,0.2217,-3.0803,-1.3151,2.7869
44550.1518,0.406,-0.3162,0.0877,0.0571,-0.046,-0.0361
44519.39058,-0.0848,-1.0198,0.922,1.5272,0.9072,2.1174
44624.4899,-0.6799,1.4977,0.2661,-3.7733,1.3631,1.8926
45179.92833,-1.1562,-0.514,0.2531,-2.3861,-2.5711,1.6244
45357.41565,-2.2467,-0.6924,0.0011,1.8165,-1.1567,-0.194
44810.13535,-0.0205,0.3539,-0.2882,-1.1678,-0.3793,-0.6327
44854.0128,-0.0844,0.509,-0.429,-0.5418,-0.6641,0.0034
45071.57273,2.3795,2.242,-1.8862,1.1395,1.7152,4.2781
45286.71346,-1.3887,-0.6528,0.5735,0.0925,-1.4116,0.3463
44796.74589,-0.1732,0.0035,-0.2166,-0.0847,-0.1175,0.5354
44860.04405,0.1495,-0.5488,0.4884,1.3739,0.265,0.4353
44380.44567,0.0128,-0.0977,0.0892,0.2041,0.0482,-0.1453
45102.78597,0.7823,-0.9353,0.6905,-0.3205,0.7893,4.0437
45174.07789,0.8027,-0.7983,0.9159,-0.8938,1.0658,3.6353
45016.58676,0.166,-0.229,-0.413,-3.1609,-0.3157,2.0637
45208.3662,0.8647,-0.6085,0.9272,-0.1921,1.256,4.4302
44907.05842,-0.3698,0.0833,-0.4747,-0.5578,-0.2335,-0.0137
45538.59518,0.7349,-1.4339,1.1264,0.884,1.6649,1.0067
44613.87449,0.0382,0.1149,-0.0739,-0.5261,-0.1584,-0.0676
44372.57402,-0.0341,-0.151,0.0552,0.1398,-0.413,-0.1264
45179.83785,-0.3254,0.9406,-0.2313,-0.4647,-0.3986,2.0067
44445.68264,0.2196,0.1612,-0.0473,0.3458,0.2029,-0.0659
45257.19006,-1.1403,-0.6862,0.7124,2.0255,-0.7938,-2.1291
45331.39055,-1.9486,-0.6081,0.1395,2.1935,-1.1432,-1.2405
45361.60737,0.9528,2.6625,-1.3362,3.0204,-0.6677,-5.849
44362.28966,0.2196,-0.2306,-0.0016,0.2477,0.3188,0.7467
44737.30732,0.0728,-0.1691,0.0231,-0.2824,0.0545,0.345
45491.61177,-1.4854,-0.5546,0.3244,1.3268,-0.2968,-1.6813
44437.63002,-0.1387,0.2426,0.0136,0.9717,0.0775,0.5511
44681.9393,0.0758,-0.4507,0.0684,1.3132,0.2522,0.1613
44718.03717,-0.36,-0.6357,0.0815,-0.5892,-0.1916,-0.0166
44871.62415,0.1596,-0.1158,0.3384,-1.5585,0.7966,0.8195
44881.72674,0.0354,0.2447,-0.0118,-0.4345,-0.081,-0.0562
44914.92921,0.3143,-0.1233,-0.0395,1.1987,0.3105,-0.1903
45478.97629,0.6449,2.9989,-1.1913,4.7156,-1.7323,-4.9841
44573.6747,1.5029,0.5249,0.8407,1.8594,-0.5865,0.3098
44517.24935,-0.8442,-0.5011,-0.4623,-0.18,-0.2546,0.8669
44362.38011,-0.36,-0.3775,0.114,-0.0059,-0.6431,-1.1133
44607.02882,-0.0938,0.0119,-0.179,0.5114,-0.1939,0.0308
45297.50451,0.9114,-0.4192,0.9673,0.3015,1.1314,5.0021
45021.86414,-0.6601,0.9068,0.6359,7.3334,2.1757,5.1591
44851.23845,-0.0081,-0.0397,0.1841,1.691,0.5183,0.6729
44949.54856,-0.0655,-0.7192,0.8957,1.9368,0.887,1.122
45163.82455,2.818,2.9332,-2.5536,-1.073,1.0333,3.9996
44862.66765,-0.0161,0.0365,0.1914,-0.2685,-0.1836,-0.0172
44564.41635,-1.4967,0.5444,0.3487,-2.5038,-0.1947,-0.0972
44672.89222,-0.4966,0.2441,0.2342,-2.0094,-0.0782,-0.1652
44494.2988,-1.6273,0.3604,-0.1968,1.0677,0.0118,1.2053
45029.0415,-0.123,-0.2455,-0.0185,-3.444,-0.3774,1.4094
44451.71455,-0.0557,-0.0646,0.1862,-0.6514,0.004,0.0415
44453.70506,-0.0962,-0.0048,0.4568,0.0368,0.0161,-0.0238
44569.99549,-0.3289,0.213,1.1037,-1.0344,0.8259,-0.278
44695.96232,-0.6188,-0.3182,-0.189,-1.182,-0.685,-0.5708
44921.95564,0.6009,-0.276,-0.1011,-1.1589,0.1698,-0.3291
45023.70373,-0.159,-0.1863,-0.0749,-0.527,0.4349,-0.3188
45110.20495,1.5141,0.9109,0.1417,3.274,3.5344,5.3373
45243.46874,-0.3898,0.5557,0.163,-1.356,-1.156,2.693
45359.94877,-0.3109,4.0004,-1.2545,3.0476,-1.4259,-5.3936
44608.35574,-0.1864,0.459,-0.1247,-0.8357,-0.6604,0.3336
44775.60621,-0.2902,0.3549,0.1793,-0.0537,0.2577,-0.1923
44853.1986,-0.0582,-0.0924,-0.0213,0.2215,0.4353,-0.1168
45136.83405,0.5137,1.7335,-0.6109,-4.5949,-0.1793,1.5164
45224.43972,-0.8336,-0.2061,0.4705,-0.2026,-2.2697,1.6348
45263.13091,1.1265,-1.0004,1.4278,0.1029,2.2925,1.159
45282.3709,0.7868,-0.863,1.0196,-0.6191,0.7799,3.3715
44744.12272,-1.5604,-0.039,-0.1161,-0.6449,-0.0613,0.3597
44955.06715,-0.1438,0.0689,-0.2934,0.0348,0.1562,-0.0988
45603.37047,-1.8123,-0.7212,0.2974,-1.0301,-1.9349,0.1644
44970.80899,0.1769,0.4852,0.489,-1.0913,-0.045,-0.3477
45045.81871,1.0481,3.3335,-1.4613,3.0728,-2.2062,-5.47
44729.85862,-0.1576,-0.2126,0.7269,0.7557,0.2491,0.3852
45193.70996,1.4893,0.9844,-0.0611,-1.9713,0.4798,-4.8938
44975.03091,-0.2675,0.0195,0.0434,-0.0917,-0.3178,0.1339
44946.32186,0.3561,0.0034,-0.1464,0.4826,0.2181,0.4124
45053.99123,-2.1307,-0.9707,0.2544,1.7047,-1.3424,-0.4565
45097.14628,1.459,-0.4641,0.5578,-3.9156,1.9822,-3.5502
44458.98289,-0.1846,-0.2881,-0.2791,-0.5285,-0.2756,-0.4075
44802.47561,0.2644,-0.7166,0.1406,-0.1695,-0.0533,0.4138
45189.94038,0.9215,-1.3016,1.1863,-0.7877,1.3376,2.4877
45410.91336,-0.7507,3.1019,-1.1364,2.0224,-1.4144,-4.6012
44433.10601,0.086,0.2103,-0.2805,-0.2351,0.0476,-0.8828
44889.95962,0.0172,0.1057,-0.1009,0.7907,0.2185,0.4674
44963.45075,-0.2207,-0.022,-0.2057,-0.6698,-0.1229,0.1496
45144.01143,-0.6177,0.0757,0.2025,-1.2263,-0.8978,1.9731
44387.17129,-0.0227,0.3343,0.2705,3.9771,0.0123,0.1823
45032.51956,0.3199,0.1982,-0.2328,1.1345,-0.2551,-1.7027
44636.22115,-0.1857,-0.4874,0.3908,-0.1976,0.4058,0.8055
45486.15349,0.8612,3.0493,-0.8385,3.6067,0.0078,-5.3715
44693.8513,0.6722,0.1666,-0.2587,-1.1964,-0.1242,-0.9014
44468.57343,0.3731,0.1707,0.0971,0.5839,-0.0263,0.0119
44888.51205,0.0543,0.1629,-0.065,-0.0936,0.3247,-0.2881
44720.51002,0.4757,-0.8723,1.1446,1.6927,0.596,1.2094
44656.1249,-0.4375,0.1497,0.3645,-1.0691,-0.3929,-0.0733
45088.76224,1.839,1.5386,-2.0289,3.3859,2.4886,4.7874
44396.09895,0.1502,0.1932,-0.3058,-0.5423,-0.171,-0.8559
44452.07645,0.4072,0.1134,-0.021,0.2698,0.0353,0.1488
44452.0463,-0.3478,-0.3851,0.1613,0.077,0.2269,0.3853
44497.64642,-0.3689,-0.2775,0.1602,-0.9185,-0.1278,0.2958
44632.9038,-0.0753,-0.7821,0.2425,0.4537,0.0217,0.7586
44873.79546,-0.2186,-0.2614,0.0453,-0.0717,0.1678,-0.1491
45213.67375,0.7689,2.6122,-1.0131,1.9378,-0.6698,-6.8772
45222.86652,-0.897,-0.281,0.1073,-1.5463,-1.9832,2.0855
44367.4771,0.0738,0.1529,-0.2622,-5.674,-2.4279,1.248
44671.56531,0.5829,-0.6122,0.4188,1.0012,-0.0968,1.1787
44864.20561,0.4327,0.0863,0.0805,-0.3726,-0.1355,-0.0983
45403.55516,-1.2774,0.0137,-0.2247,-4.8646,-2.6642,1.4739
44881.24426,0.3457,0.4399,0.5735,0.3063,0.1466,-0.4461
44750.15408,1.0757,0.4498,0.6822,-0.3612,0.0075,-1.0876
45409.49601,0.7894,-0.5677,-0.066,-3.9839,2.254,-2.2948
44434.82511,0.6838,1.0932,-0.1537,-1.0882,-0.6333,-0.8259
44904.19357,0.7729,-0.0756,-0.237,-0.539,-0.4968,-0.7633
45180.10927,-0.8672,2.7627,-0.5489,0.9633,-1.411,-3.6849
44374.14233,0.1125,-0.013,-0.1854,-0.3493,-0.5408,0.332
45372.22248,0.6268,-1.3345,0.7098,-1.7721,1.0819,3.7648
44471.04644,-0.9946,0.1497,0.0671,-0.9717,-0.016,-0.4286
44531.78557,-0.3023,-0.0346,0.0535,0.4177,0.1847,0.1982
44794.2731,-0.0245,0.4037,-0.321,-0.1789,-0.1241,-1.1804
44561.58155,0.446,0.6563,0.3913,-0.6807,0.2764,-0.7908
45180.89335,-1.2524,1.1313,0.2872,-0.0977,-0.2216,-3.333
44379.90279,0.0634,-0.0643,-0.4164,0.0071,0.2123,0.89
44567.25115,-0.1803,0.891,0.1617,-6.9022,0.7692,0.9002
44732.39176,0.674,0.2691,-1.4218,-0.5039,-0.6665,-0.4693
45350.41932,-0.8013,3.5212,-1.2662,1.9872,-1.3516,-4.2051
44977.83551,-0.4569,-0.2216,-0.1284,-0.6752,0.4907,0.7349
44965.26013,0.0712,0.2009,-0.0525,-1.5551,-0.2062,-0.1805
44393.68605,-0.2254,-0.3323,-0.2166,0.0128,0.1669,0.1677
44573.22235,0.4281,0.0958,0.3493,0.0372,0.0925,-0.7977
45000.09105,0.3934,0.0165,-0.0201,1.3472,0.4297,0.752
45237.10563,-0.4369,0.5786,0.0021,-1.1241,0.0491,1.3054
45545.89298,0.7863,-0.7795,0.7685,-0.0778,1.5262,4.1671
45205.68219,1.3291,2.8639,-1.0922,2.2008,-1.355,-5.3225
44621.05195,0.3778,0.2884,-0.057,1.0374,-0.4673,0.3129
45260.74856,0.9524,-1.1727,1.2778,0.0918,2.2978,1.3366
45085.62585,3.0839,2.7197,-2.4912,-1.9216,0.4403,2.8379
45433.71162,1.1702,2.0069,-1.9512,-3.3847,0.3942,1.9436
44928.80106,-0.0519,0.0866,0.5381,0.4301,0.14,0.308
45187.91988,-1.7859,-0.9139,0.4559,-2.7374,-2.0037,0.5179
45394.7193,-0.8352,0.6124,-0.8586,-1.8239,-0.4044,2.0894
44388.19675,0.1372,0.9321,-0.5945,-0.5673,0.3457,-1.3109
45341.19142,1.1843,-2.096,0.5196,-0.1864,2.2181,-0.0195
45466.70271,-1.2281,-0.1347,-0.1352,-4.4767,-1.8612,2.0473
45214.73425,0.4038,0.0625,-0.5469,1.0412,0.2083,1.1896
44918.84955,0.9066,0.5248,0.0944,0.7088,0.538,-0.6684
45425.69004,2.2728,2.9778,-2.6192,-1.7458,0.7711,2.5796
45511.9974,0.9017,-1.4676,0.8348,-0.5079,3.0196,-1.0151
45525.74865,0.4539,-1.168,0.3854,0.2444,0.0121,3.876
44750.30487,0.337,0.1408,0.7404,-1.2662,-0.138,-0.385
45580.93434,1.2676,0.3829,0.2995,-2.3555,1.5555,-3.6542
44511.8812,-0.6414,0.094,0.0045,0.8451,0.1244,0.7994
45096.36217,1.4475,-0.6376,0.4485,-1.0937,2.0312,-3.4468
45196.81613,0.1513,3.9645,-1.1424,2.7489,-1.0753,-5.8706
44367.86915,-0.0049,-0.1947,0.0347,3.0899,0.3686,0.8812
45433.50053,1.0758,-1.9184,1.0533,-0.1663,2.754,0.1781
44452.86058,-0.508,-0.0392,0.2929,-0.4931,-0.0219,0.3079
44355.65457,0.0056,-0.0095,-0.0033,-0.0143,0.0088,0.0017
44395.8275,0.1421,0.0803,0.2415,-0.5327,0.0964,0.0756
45180.47117,0.9861,-0.6714,0.9193,-0.3136,1.1833,4.3653
45305.19447,-0.1082,3.1762,-0.7644,2.352,-1.6785,-4.1311
44738.18187,-0.2447,0.4792,-1.0742,-0.8203,-0.1536,-0.4455
44659.01995,-0.654,0.3899,-0.36,0.1528,0.4611,0.9133
44929.97716,-0.4379,-0.1055,-0.0413,-0.6398,-0.5607,-0.381
44680.22035,0.6939,-0.4409,0.104,0.115,-0.0679,0.1521
44816.73961,0.1883,-0.3199,0.5031,0.4383,0.5766,-0.4952
44997.49755,-0.0529,-0.0562,-0.0957,-0.4668,-0.5603,-0.9038
45189.48802,-1.4132,-0.8432,0.5536,-4.1362,-2.0559,0.6976
44631.06419,0.1986,0.836,-0.3034,-4.3729,1.185,2.2863
45191.14665,-1.5358,-0.6038,0.447,0.3416,-0.8399,-1.5262
44413.71309,0.203,-0.2891,0.282,-0.2346,-0.0201,-0.1549
44831.12418,-0.2326,0.1803,-0.5252,-0.4226,-0.1507,-0.3584
44566.10517,0.0312,0.0727,0.0742,0.6484,-0.1914,-0.4557
44935.3148,-0.2829,0.1843,-0.1327,-0.3206,-0.5482,0.0912
45163.94519,-0.5647,0.1249,0.2716,-1.7027,-1.3157,2.2004
45579.36622,1.1113,-0.912,0.7883,-1.2201,2.1894,-1.927
44487.24171,-0.4689,1.1164,0.3245,-6.8844,1.2105,1.6918
44783.95954,0.3417,0.1525,-0.1435,0.7546,-0.0304,-0.1624
45164.39755,1.1906,-1.2685,0.879,-1.3446,3.3971,-1.6198
45215.70432,0.0923,-0.061,-0.202,-0.7015,1.1341,-0.6326
45227.12371,1.6793,1.644,-0.3804,0.6464,-1.0362,-4.921
44517.12871,0.0685,-0.3963,0.1496,-0.2045,-0.211,-0.5778
44488.38769,0.0337,0.1592,-0.2629,0.1495,-0.3906,-0.1508
44878.89201,0.2705,-0.1546,0.7306,0.769,0.3048,-0.3149
45022.16571,0.5608,-0.0868,0.2648,1.3946,-0.6324,-1.1928
45399.5142,-0.6366,0.8566,-0.9756,-2.9863,-0.7378,2.6384
45487.6613,-1.3215,2.5624,-0.2198,-0.224,-0.7909,-4.2422
44381.89336,0.3508,0.2061,0.2129,1.8896,-0.8634,-2.1233
45320.92619,-0.2064,1.927,-1.0471,-3.6732,0.0373,3.0123
45459.91752,0.6467,-1.7714,0.9104,-0.185,2.3764,0.7699
45459.10327,1.1315,-1.7162,1.1137,1.3172,2.3436,0.2775
44592.22154,1.0452,-0.2198,0.2312,0.3662,-0.5198,-0.1569
44358.1578,0.008,-0.0055,0.0162,-0.0613,-0.0039,0.0198
44909.10902,0.1621,-0.3111,0.2682,-0.4214,-0.2681,-0.2106
44892.82449,-0.4281,0.0027,-0.0553,0.5208,0.3553,0.4777
45222.35386,1.5281,3.5703,-1.1626,3.0773,-1.3018,-5.2739
44644.72549,0.0788,-0.2313,-0.1524,-0.5127,-0.1498,0.4009
44985.97775,0.3286,0.1524,0.4076,-0.6916,-0.0045,0.851
45571.97799,1.2119,1.5083,-0.5544,0.9209,-0.7183,-5.5718
44829.94809,0.7564,0.007,-0.2526,-0.0109,-0.0693,0.1219
45089.99873,1.4804,1.8249,-0.647,1.9246,-1.4745,-5.2906
45081.49435,1.6003,-1.313,0.9372,-0.3306,2.7463,-1.8094
45288.44247,-1.0384,-0.4497,-0.6321,-0.0643,-0.9999,-0.607
45610.5175,3.3063,1.8091,-2.6554,-0.6741,1.1229,2.5568
45520.98394,1.2143,0.5795,0.2089,3.3387,0.719,5.9217
45193.64966,1.4072,2.9322,-0.9112,2.5502,-1.405,-5.1192
44967.12986,0.0536,-0.0338,-0.0269,0.2103,0.3721,0.5951
44664.59903,-0.3772,1.2009,-0.2579,0.4885,1.1512,-1.0085
44715.59445,0.4806,0.0862,1.0995,-0.0063,0.2575,-0.3655
44730.85378,-0.2042,0.066,-0.3589,-0.1487,0.0876,-0.5776
44561.15932,0.2812,0.1384,0.0935,0.7643,0.2817,-0.3643
44731.24581,0.6529,0.405,-0.7404,-0.1038,-0.3563,0.1518
44742.22287,2.051,-0.2149,0.4326,1.8487,-0.5406,-0.1894
44923.34282,0.0824,-0.2553,0.2573,0.2814,0.3678,0.2079
44508.20189,0.3293,-0.1942,0.2102,0.0522,0.1385,0.0188
44488.26709,0.1866,0.4889,-0.0166,-0.7862,-0.3931,-0.5638
45078.20726,-0.6173,2.5411,0.6205,-2.2034,-0.2585,-4.3467
45170.76065,1.4357,-1.1356,0.9682,-0.3992,2.0519,-1.5751
45421.49829,0.8727,-1.1276,0.0474,-2.5652,2.9172,-1.3329
44856.8475,0.0747,-0.0133,-0.3138,-1.4828,0.2197,-0.2083
45510.8213,-1.3665,-0.6347,-0.0043,-1.9121,-1.7048,1.2378
44827.17369,0.0158,0.175,0.199,-0.0906,-0.0804,-0.0793
45058.39417,1.915,1.896,-1.7376,-0.0661,1.465,4.3817
44977.59424,-0.0965,0.2076,-0.1907,0.0949,-0.3617,0.0204
45059.329,-1.032,-0.5472,0.2477,-2.6613,-2.6841,1.3012
45494.38613,0.5834,-1.2281,0.652,-0.4641,0.9147,3.0583
45282.28043,1.3819,-1.1798,1.1461,-0.3086,3.3024,-1.1207
44654.13455,0.2766,-0.1853,-0.0539,-0.6018,-0.481,0.1588
44701.17947,-0.3209,-0.4728,0.7026,0.2883,-0.0781,-0.5344
45601.62142,-0.3596,1.1135,-0.8098,-2.8525,-0.3632,2.0787
44650.84742,0.4123,-0.3637,0.0024,1.3751,0.1893,0.0914
44512.48435,0.1924,0.0427,0.1797,-0.5563,-0.1682,-0.165
44731.54735,0.0365,-0.079,0.311,0.3747,0.0188,0.1038
44743.97193,0.1465,0.8054,-0.675,-0.1923,0.0887,-1.2162
44914.17531,0.3551,0.0604,0.0436,-0.2013,0.2145,-0.8377
45093.46693,2.2608,1.8485,-2.2057,2.3224,2.2929,4.776
45145.48912,3.1772,2.5581,-2.5827,-1.4531,0.6851,3.4607
45387.27064,0.9124,-1.8387,1.1387,0.5096,1.8362,0.5604
45156.37583,2.1755,0.7782,0.1342,-1.5605,0.4708,-5.6228
44408.16354,1.1817,0.075,0.1835,-0.7063,0.087,-0.8274
45345.08163,0.9793,-1.5218,0.5451,-2.0713,2.4928,-1.8039
45368.99575,0.7282,-1.761,0.58,0.9645,1.3599,1.7061
45400.53951,-1.9237,-0.7008,-0.0306,1.7809,-0.5348,-1.3809
45434.91789,1.4483,1.3312,-0.985,2.3114,-1.7629,-5.4238
45596.4044,1.2844,0.1002,0.137,-3.3696,2.7805,-3.4046
45403.10281,1.2289,0.8145,-0.4839,-3.4186,0.0083,-4.9099
44499.63686,-0.2203,-0.1693,-0.3208,0.1589,-0.1766,-0.0508
45530.99581,-1.5205,-0.4586,0.0889,1.5251,-0.0427,-0.9904
44848.1625,-0.2831,0.305,0.0529,0.4855,0.5386,0.0715
44852.71609,-0.3617,0.3387,-0.08,0.6926,-0.5039,0.5881
45467.18519,0.6805,-1.6983,1.1747,0.6218,2.1942,0.2787
45539.68082,-1.1354,0.1415,-0.1901,-3.7278,-1.2306,1.9203
44929.04233,0.1975,-0.022,0.2591,-0.0709,0.0434,0.5783
45082.51968,0.5511,1.1741,-0.8828,-5.3494,0.0713,1.7975
45330.69694,-0.2319,3.5213,-1.6733,3.085,-1.4613,-5.2313
44857.87281,-0.0274,-0.137,-0.1086,0.7919,0.2969,0.2155
45186.74377,1.2414,-1.4437,1.2155,-0.6011,2.1497,0.4672
44515.28907,-0.0176,-0.0541,0.1007,0.5963,-0.1484,0.0527
44655.19003,-0.0984,0.115,0.2506,0.7403,0.2819,0.1074
45105.71136,1.411,0.5952,-0.1159,-2.0575,-1.7133,-4.076
45400.26811,2.2727,3.1228,-2.4228,-3.6255,-0.1641,2.0814
44519.36043,0.027,0.4733,-0.3234,1.7359,-0.0656,0.2804
44750.09375,-0.0947,-0.0059,0.119,0.549,0.1306,-0.139
44621.92651,0.297,-0.2542,0.5917,-0.5527,0.154,-0.291
45160.26606,0.7487,3.6488,-0.656,0.1689,-2.4564,-5.4467
44417.72444,-0.3676,0.1407,-0.0954,0.1253,0.1242,-0.1084
44981.54475,0.6509,0.4093,0.0937,1.0217,0.3942,0.7064
44619.81551,-0.866,-0.8903,-0.1416,-1.6116,-0.3041,0.7963
44438.20305,0.1418,-0.0203,0.1071,-0.2582,0.058,-0.1629
44747.31932,1.0672,-0.0312,-0.9361,-0.7104,-0.1565,-0.3973
45542.63608,0.6206,-1.2628,0.8427,-0.488,1.7032,2.8598
44479.55122,1.3844,-0.3922,-0.0189,-0.3342,-0.4931,0.5366
44579.91732,-0.5485,0.1211,0.5055,0.027,0.1968,-0.0642
45264.75939,0.9918,-0.7687,1.3607,-0.6148,2.2703,1.9804
45619.94648,-0.0139,0.1564,0.2167,-0.4434,-0.2007,0.2905
45262.1659,1.9687,1.2525,-0.0337,-0.6634,-0.2884,-5.3097
44968.63768,0.646,0.0287,-0.1582,1.6777,0.6169,0.1431
44877.98729,-0.1025,-0.0394,0.2008,-0.0617,0.1561,0.0027
44377.21861,0.0408,0.0116,-0.0703,-0.091,-0.0599,-0.0588
44569.69392,0.6958,-0.4006,-0.2283,1.0433,-0.3151,-0.101
45264.09596,2.5843,2.5617,-2.4639,-1.3614,1.1838,3.5575
44521.8334,-0.1329,-0.0411,0.0738,-0.652,0.039,0.0621
45165.81493,0.9319,4.4522,-1.0668,2.2452,-2.0007,-4.6053
44794.09216,-0.5439,0.0164,0.4851,-0.6136,-0.0496,-0.498
44915.07998,0.0587,0.1682,0.398,-0.2522,0.1936,-0.7043
44708.92981,0.2372,-0.211,0.8057,-0.1626,0.2119,0.203
44981.786,0.028,0.1027,-0.0643,-0.648,-0.4987,-0.2158
45304.83259,2.666,2.8008,-2.0433,-4.7293,-0.6557,2.2806
44354.74976,0.0308,-0.0133,0.0098,-0.0491,0.0148,0.0873
44370.34225,-0.4453,0.0411,0.7039,0.9689,0.0238,-0.0792
45032.48941,0.3474,0.3265,-0.5781,1.6659,-0.2804,-1.9728
44921.50326,0.2463,-0.0249,-0.25,-0.0428,0.0238,-0.2079
45033.91682,-1.5314,0.9384,0.1528,-0.4649,-0.2901,-0.0675
44605.5511,-0.2784,-0.2537,0.0497,0.1344,0.1123,0.1984
44980.70036,0.5209,0.4774,-0.6345,-0.5774,-0.3848,-0.8705
44453.76537,-0.0161,-0.3846,0.1533,0.2844,0.0589,0.2806
44619.78536,-0.1663,0.7072,0.2987,0.2493,-0.084,-0.0874
44817.37287,-0.038,0.2478,-0.354,0.3589,0.0698,-0.022
45374.06203,-1.1803,-0.2614,-0.3629,-3.0448,-1.2681,1.768
45213.7642,1.2653,0.5105,0.3822,5.5357,0.4461,-4.8609
45455.54485,-2.1965,-0.6608,0.2483,-0.615,-1.5538,-0.4258
44408.70644,-0.2907,-0.0067,-0.1177,-0.0443,-0.2566,-0.0409
44605.24956,0.2292,0.6902,-0.2235,-0.5111,-0.5849,-1.0152
45062.46534,-1.1666,-0.606,0.0913,-1.8078,-2.3611,1.4192
44392.11769,0.2492,-0.141,0.2269,0.4196,0.1039,0.0244
44485.07028,0.0818,0.0424,-0.2596,-0.2984,-0.2166,0.0253
45249.1382,-1.3219,-0.9498,0.4063,-1.2953,-2.1142,0.1852
45477.34787,-0.6229,3.2924,-0.693,1.0544,-0.9067,-4.1206
45619.283,0.1394,-0.0483,0.1645,-0.833,-1.3222,-0.2382
44744.06242,-0.6933,0.0884,0.1335,-0.0283,0.2877,-0.053
44375.22809,0.1141,-0.0004,0.2027,0.6366,-0.7559,-0.3251
44649.39986,0.0288,-0.1972,0.0243,-0.0129,0.0457,0.3699
44448.18588,-0.3168,0.0333,0.008,1.1485,0.4587,0.4216
44689.65946,-0.2886,0.3851,0.1185,-0.5374,0.2176,-0.3985
44733.05521,1.02,0.0676,0.0043,0.5882,-0.052,0.1613
44905.12839,0.149,-0.0028,-0.0723,0.6321,0.1147,0.2739
44371.3375,-1.5876,-0.7869,0.2064,-0.4112,0.1368,0.6439
45363.65806,-0.7251,0.4774,-0.8591,-1.9386,-0.6049,2.6236
45428.3438,-2.0704,-0.7425,-0.0668,0.092,-0.9357,-1.2374
44705.94426,0.7326,0.18,-0.0023,-0.3973,-0.0997,-0.0028
44714.75006,-1.323,0.6995,0.2569,0.1492,-0.0948,-0.0064
45349.21305,1.065,1.8804,-1.0353,5.1775,2.132,6.4074
45307.93873,1.115,-0.3653,0.7254,1.389,-1.0599,5.1326
45429.5199,0.9542,-1.4772,1.0673,0.4454,2.2227,0.2926
45177.33486,2.0272,2.3739,-2.4318,1.9011,1.5847,4.7455
44698.4955,-0.4036,0.6277,0.6255,-1.3469,0.2637,-1.165
44820.17743,-0.0117,0.1286,-0.5362,-0.3751,0.205,0.4326
45392.51787,-1.6735,-0.2726,-0.0156,2.1391,-0.8374,-1.7549
44881.75693,0.238,-0.417,0.0237,0.6078,0.2362,-0.1509
45222.38401,1.7731,1.6599,-0.3189,-0.0671,-0.3794,-5.3941
45024.36719,0.0334,0.1314,0.58,2.4375,0.0599,1.3272
44763.75469,-0.1476,0.2719,-0.0535,-0.0583,-0.3331,-0.3357
45356.42046,-0.2732,1.1814,-1.5879,-3.3992,-0.0348,1.7382
45411.0943,1.2167,-1.3437,0.4942,0.4957,2.3245,-1.6115
45474.57349,1.9403,2.6627,-2.3799,-2.8687,0.6429,2.0959
44914.02452,0.0056,-0.3147,-0.0136,-0.5372,0.1424,-0.3531
45513.14333,-0.982,-0.3594,0.1842,-1.9912,-1.6807,1.7117
45004.43362,-0.0167,-0.0193,-0.1859,0.3135,-0.0511,0.2252
45230.32034,1.4088,1.432,-0.1163,0.0179,-0.4954,-5.3531
45040.37038,-1.5904,0.1748,-0.5111,-2.6945,-0.6989,0.2111
45458.37957,0.5846,-1.1642,0.5324,-0.5895,0.4351,3.9861
45241.17682,-0.9787,-0.7578,0.3987,-2.9768,-1.7609,1.2991
45349.63523,-0.3205,3.9626,-1.8363,1.6343,-1.8962,-5.123
45625.67629,0.1291,-0.0709,0.0145,0.4845,-0.1297,-0.3078
44365.3961,-0.2928,-1.1912,-0.9212,1.9441,-0.4254,0.7893
44486.21629,-0.1342,0.1047,0.0226,0.3421,0.023,-0.1678
44421.40398,-0.1061,-0.1122,0.2992,0.0966,0.0366,0.2513
45383.04868,0.6283,3.2532,-1.2898,3.3512,-0.5707,-5.0756
45011.00773,0.2976,-0.8951,0.576,-0.6925,1.3963,1.4262
44459.40513,-0.2134,0.2584,0.0289,-0.9755,-0.2175,-0.4814
44671.77641,0.0851,-0.2248,-0.2117,-0.8262,0.1054,0.3105
44414.67825,-0.1802,0.1619,-0.1297,-0.573,-0.2076,-0.3033
44557.93248,0.0948,0.0557,0.0952,-0.2989,-0.0777,0.3333
45057.97193,-1.306,0.6121,0.5319,-0.1231,-0.0464,-1.3476
44503.52732,-0.3637,0.3107,0.2362,-0.928,0.0032,-0.4733
44695.20837,0.6642,-1.0063,-0.0292,0.6286,0.189,0.5162
44521.38102,-0.3533,0.7828,-0.1029,0.0035,-0.3865,-0.182
45073.92498,3.4384,2.7125,-1.7593,-5.1569,1.2952,4.1599
44730.58237,0.5475,0.0634,0.15,-0.4346,0.1063,-0.1244
45401.59501,1.0248,-0.6494,0.3207,-4.3301,2.447,-3.3163
45222.41416,1.7559,0.9274,0.0252,-2.7669,1.1154,-4.9832
45090.66217,-1.2769,-0.3956,0.295,1.3617,-0.2475,-1.3643
45397.55402,1.1167,-0.5034,0.2836,-3.4218,1.5092,-3.4773
44360.05783,-0.2426,-0.3223,0.0815,-0.4066,0.0571,0.0882
44557.60075,0.0665,-0.1285,-0.0082,0.0619,0.0624,0.0385
44841.40748,-0.0117,0.0864,-0.1165,-0.6432,0.0072,-0.6623
45271.90652,1.3239,-0.4138,0.9302,-1.1927,3.6642,-2.7428
45432.44505,-1.5594,2.7453,0.0729,3.9259,0.3893,-5.3094
44356.16726,0.006,0.0112,0.0066,-0.0023,0.0333,0.0041
44790.86541,-0.1305,-0.0357,0.1815,-0.1439,-0.1293,0.0924
44698.28441,0.2333,-0.172,0.4876,0.8234,0.4906,-0.0118
45301.54552,2.0976,1.6249,0.0462,4.5266,2.2084,5.1461
45309.59736,2.092,2.7945,-1.9275,-4.043,-0.1984,2.9095
44574.51912,0.5905,0.2861,-0.1544,0.6935,-0.1233,-0.2722
45269.28288,-0.6518,2.0857,-0.1875,0.5113,-1.2394,-3.4713
44541.25521,0.0044,-0.8502,-0.2617,-0.2415,-0.0459,0.1743
45215.25195,-0.5133,-0.5983,-0.7031,-0.4524,-0.88,-0.8494
45021.41181,-0.7757,-0.0177,-0.3899,2.8268,0.5375,4.8138
44401.85981,0.3868,0.0696,0.1596,0.4623,0.1988,0.0231
45284.21048,-0.5738,0.2909,0.2178,-2.2705,-1.4412,2.3688
44437.59987,0.0875,-0.2666,0.1151,-0.0267,0.0179,0.4168
45241.77993,2.5595,3.2307,-2.3183,-1.1153,0.9241,3.2479
44521.68261,0.0833,0.1544,0.2119,-0.7332,0.03,-0.2932
44403.30757,-0.1585,-0.0862,-0.0254,-0.2868,-0.175,-0.2491
44712.63908,0.3775,0.1273,-0.0696,0.5988,0.4179,-0.0116
44997.16586,0.2128,0.2952,-0.2279,-0.1786,0.1877,-0.0186
45564.01675,1.1475,-0.7219,0.7189,-4.3275,3.0697,-1.3383
45420.11109,1.1909,0.7374,-0.0153,3.9666,0.8225,4.9885
44363.34525,0.1049,0.5615,-0.1112,0.8775,-0.4342,-1.1919
44584.01876,0.1869,0.0084,0.4217,-1.0188,-0.3991,0.0177
45220.59977,-1.5671,-0.7383,0.6968,0.484,-1.072,-0.7566
44734.17099,-0.9381,0.5574,-0.2321,-0.4757,-0.0159,-0.182
44568.54794,-0.5452,-0.6867,-0.2442,0.3425,0.1852,0.0067
44400.26123,0.1092,0.001,-0.0556,0.1548,-0.0338,-0.2775
44498.97338,-0.2546,0.107,0.5085,0.8178,0.4271,0.0957
44443.36038,0.2116,-0.4109,-0.3048,0.1869,0.054,-0.2052
44626.7517,0.0205,0.1627,0.2043,-7.674,1.5687,4.1695
45028.70977,0.1716,0.776,0.4409,-1.4407,-1.5054,0.9522
44862.18514,0.1562,-0.2414,0.0625,0.8115,0.159,0.2199
44518.84773,-0.5453,0.1943,-0.1342,0.6819,0.1802,-0.1191
44436.12199,-0.0022,-0.3953,0.5495,-0.3338,-0.0994,0.1246
45358.71238,1.5341,1.6417,-0.9143,2.8636,2.4016,5.3828
45497.13037,-2.1141,-0.6383,0.0552,-2.1637,-1.791,0.2175
45138.19116,1.0174,-1.7803,1.3248,1.3109,2.5472,-0.8002
45542.21389,-2.4657,-0.6629,0.3665,-1.229,-1.6278,0.0595
44860.37578,0.1473,-0.0295,0.0325,-0.7502,-0.2323,-0.2193
44370.64385,-0.4926,0.3578,-0.3923,0.9433,0.5925,0.0416
45222.71573,2.915,2.4198,-2.0334,-2.4222,0.3136,4.3102
44500.87334,-0.932,-0.2959,0.7166,-1.345,-0.3815,-0.1334
44446.91919,0.0538,0.2554,-0.0263,0.3581,0.0396,0.072
44646.53492,0.0792,0.0077,0.0266,0.0278,0.3167,0.0522
44375.34875,0.0385,0.094,0.1728,0.2737,-0.241,0.0997
44702.38573,1.0265,0.0843,-1.603,1.1881,0.1484,-0.8835
45233.27572,-1.9523,-0.6458,0.1092,2.1712,-0.6523,-0.4914
45278.7521,-1.6128,-0.9433,0.4767,-0.5627,-1.4063,-0.9722
45369.38777,-2.2168,-0.5162,-0.2356,0.8446,-1.1832,-0.512
45389.86409,0.8091,1.5826,-1.8839,-3.8798,0.5681,2.0213
44789.44806,-0.0461,0.2417,0.1849,-0.3716,-0.0302,-0.5275
45514.28926,1.0197,0.6369,0.0326,0.46,1.0721,-4.7965
45528.61349,-1.0117,2.329,0.1054,3.231,-0.5778,-3.0565
45550.08466,-1.2614,-0.3255,0.0201,-2.668,-2.1436,1.4346
45354.21904,-2.6943,-0.1886,-0.108,-0.5552,-1.2247,-0.0029
44454.57966,-0.4345,-0.0785,0.1333,-0.3377,0.0354,-0.2552
44731.12517,0.3557,-0.989,0.9024,1.5667,0.5284,1.351
45010.16337,0.0398,0.1578,0.2158,-4.5761,-1.9875,-0.478
44409.40013,-0.4933,0.2108,0.0079,-0.4005,0.1447,0.2568
44529.34278,-0.5224,-0.1987,0.0686,-0.4055,-0.3058,0.186
45293.97617,1.0156,3.2014,-1.071,3.0322,-2.2616,-4.9785
44407.92224,-1.3174,-1.5835,0.7269,-2.4032,-0.0045,0.8575
45372.94626,0.9004,-2.0475,1.0381,0.5306,2.2814,-0.2556
45273.62545,0.7284,-0.8513,1.1101,-0.9273,1.0669,3.8107
44655.28052,-0.2577,-0.3792,-0.086,0.1936,0.4318,0.4618
45551.17028,1.3543,1.2786,-0.0506,0.5947,-0.586,-5.152
44528.43802,0.1504,0.2275,-0.3783,-0.5932,-0.3462,-0.0263
44495.74641,0.5443,-0.0355,0.0537,-0.2008,0.11,-0.6759
44809.80363,0.0419,0.0639,-0.2,-0.5014,-0.181,0.4221
44519.63186,0.6633,-0.166,0.2411,0.1036,0.0445,-0.1893
44991.58688,-0.1367,0.0361,-0.0373,-0.5555,-0.5187,-0.1741
45152.87759,-0.8956,-0.216,0.2139,-3.0005,-1.459,2.356
45163.16113,-0.7269,0.151,0.0077,-1.3863,-1.0719,1.9288
44917.3417,-0.3661,-0.1798,0.457,-0.1771,-0.707,0.5983
45384.43592,-1.7404,-0.6406,0.1698,-2.0386,-2.0464,0.9859
45523.66787,-1.6784,-0.7578,0.081,-2.5763,-1.4422,0.4303
44650.60612,-0.0782,-0.1039,-0.1643,0.717,0.2018,0.1281
44900.424,0.1778,-0.3025,0.212,0.0773,-0.2105,0.2654
44825.99761,0.0258,0.0283,0.1309,0.2385,0.0312,0.0909
44906.3648,-0.1316,-0.7032,-1.2538,-0.326,0.0683,-1.2679
45310.5322,-0.3607,0.3352,0.2211,-2.2139,-1.1909,2.4285
45132.22003,-1.1643,-0.5953,0.3016,-2.5559,-2.5518,1.0756
45374.09221,-1.4562,-0.5984,-0.1596,-3.9662,-1.6408,1.2795
44823.7359,0.0571,0.4637,-0.8143,-1.1776,-0.2452,-0.5472
44375.74081,0.0216,-0.1235,-0.1314,0.3989,0.0726,0.0616
45125.64572,1.201,-0.2007,0.5677,1.494,0.5938,5.5195
45150.22379,0.5722,-0.8018,0.9716,-0.3144,1.4621,4.3557
44932.90233,0.132,-0.0377,-0.0951,-1.063,-0.6292,0.1153
45374.39375,1.0487,0.7907,-0.3295,-0.9309,-0.0689,-4.5501
45405.3344,-1.6394,1.3498,-0.1531,-0.1419,0.1058,-4.06
45514.56066,1.5515,2.2723,-0.438,4.4164,1.5395,6.2544
44401.70902,0.4389,-0.085,0.1746,0.7432,0.0109,-0.0293
44419.23247,0.3351,0.0141,-0.1941,-1.1907,-0.5061,0.2285
44748.76686,-0.0842,0.3421,-0.3092,1.2997,0.1035,0.203
45623.53514,-0.0645,-0.1766,-0.0412,-0.3663,-0.6925,0.3179
44721.17347,0.0265,-0.3085,-0.009,0.7405,0.1454,0.0721
44507.99077,-0.2581,0.0915,-0.0137,-0.2499,0.0952,-0.322
44432.50283,-0.4385,-0.0321,-0.4042,0.3099,-0.3023,0.3068
45412.96399,-0.0154,1.566,-1.4024,-3.0274,-0.0498,2.1333
45593.50942,0.9886,1.7098,-0.9854,-6.5775,-0.918,1.4067
45281.67728,3.3078,2.998,-2.0207,-4.6361,-0.1454,4.3991
45520.53161,-1.7731,-0.7506,0.272,1.4706,-0.6752,-1.5674
44383.22035,0.0975,-0.0293,-0.2357,-0.1122,0.125,-0.0585
44472.70517,0.2012,-0.0067,0.2968,-0.1294,-0.1727,0.0612
44370.76449,-0.3345,-0.4155,-0.166,2.2549,0.8223,0.2022
44542.31074,0.4674,-0.0772,0.2374,0.1373,0.0233,0.095
44776.72199,0.7661,-0.1096,0.1066,-0.0838,-0.4348,0.7202
45183.09479,-0.8452,-0.237,0.3846,-3.5207,-1.6235,1.9155
44699.4002,-0.8706,0.7495,-0.6145,-0.3993,-0.3367,-0.6688
44459.94796,-0.3713,-0.0101,0.2364,-0.349,0.143,-0.2073
44842.31218,0.0528,0.2279,0.047,-0.0304,0.2304,-0.4598
45365.34681,-1.6817,-0.4757,-0.1053,-2.1116,-2.1249,1.1243
44718.24826,0.004,0.2197,0.5592,-2.5573,-0.4584,-0.4233
44405.99195,-0.1918,0.2657,0.0466,-0.031,-0.2008,-0.4127
44811.0702,0.2502,-0.7264,0.1751,2.1285,1.1073,-0.0569
45089.00348,-1.5261,-0.8615,0.2299,-0.3515,-1.6102,-0.1306
45037.65122,0.0881,0.0003,0.0359,-0.0984,-0.1814,-0.4662
45020.86899,0.5262,-0.7608,-0.2816,-1.4391,1.0248,0.2962
44522.82862,-0.1119,0.6442,-0.1996,0.6291,0.0457,-0.7534
44966.10454,0.2152,0.058,0.2276,0.2295,1.4363,-1.1479
44816.83006,0.0095,0.1368,-0.1108,0.0809,0.1983,-0.1915
45214.94534,-0.0003,0.2101,-0.1492,-0.5244,0.9475,-0.1588
44931.69609,-0.1028,0.2125,-0.0447,0.2801,-0.5124,0.5597
45433.22912,-1.3581,1.5356,-0.1295,0.0059,-0.4826,-4.1872
45208.81853,0.1614,3.8087,-0.8558,2.073,-0.6642,-4.0383
45612.7189,0.9694,1.0854,-1.0987,1.1022,-2.7426,-4.6583
44759.65338,3.5598,-2.3954,0.0431,-0.7108,-1.5394,-1.105
45129.8376,-1.4511,-0.7107,0.2652,-3.2581,-2.1646,1.176
45291.3224,0.2215,0.7774,0.3674,-3.6097,2.6663,5.861
44851.05751,0.3992,0.1725,-0.0549,0.3722,0.0719,-0.1953
45094.76374,1.5598,-0.2192,0.2375,-3.1062,1.4462,-4.1639
45421.67923,0.7046,-0.4659,0.1051,2.2152,-0.4309,5.5395
44446.10488,0.0719,-0.1803,0.267,0.3645,0.0626,0.3096
45084.29896,-1.8346,-0.8416,0.2388,0.376,-1.6948,-0.1539
45188.52303,0.5765,1.5655,-0.7015,-4.2529,0.2308,1.9242
45343.45318,0.9376,-0.069,-0.1288,-3.7907,2.0854,-4.113
44875.75566,-0.2001,-0.1832,-0.6401,-1.1741,-0.0385,-0.2964
44792.64461,0.1753,-0.0089,-0.208,-0.2268,-0.1148,1.0444
44801.51061,-0.0176,-0.3155,-0.4416,-0.3663,-0.2196,0.1856
44707.66321,-0.2155,0.2045,0.1365,0.1576,0.0435,0.0781
45038.0131,0.6625,0.0627,0.3454,-2.3813,-0.171,1.7535
44923.67455,0.0844,0.0976,0.0848,-0.2778,-0.0528,-0.4152
45098.92563,1.7666,1.6522,-0.4541,5.0523,0.7088,4.1324
44823.0423,-0.3556,0.2987,-0.6259,-2.3147,-0.4635,-0.484
45205.26001,3.4162,3.4258,-2.4434,-3.5187,0.1725,4.1344
44919.15109,0.6638,-0.2359,0.1094,-1.222,-0.0365,0.0671
45354.43011,2.0079,1.0388,-0.6899,-0.3712,-1.6346,-5.6327
44411.57169,-0.1342,0.4669,-0.0612,-0.3594,-0.1155,0.1576
45351.08274,-2.3369,-0.6153,0.1537,0.0275,-1.4127,-0.9223
44563.3005,0.0662,0.329,0.1917,-0.1452,-0.2128,-0.0226
44821.17258,-0.9459,-0.2107,0.1571,0.6201,0.6501,1.0651
45417.00496,-0.1513,1.1299,-1.341,-2.931,0.5228,2.051
44721.32426,-0.5512,-0.1227,0.0106,-0.301,0.1606,-0.1901
45499.87458,0.9423,-0.8121,0.4154,-1.9734,2.4443,-1.6448
45557.71414,0.8664,-1.595,1.1449,1.5421,2.2635,1.5992
45187.73894,0.2055,1.6869,-0.7676,-4.5046,0.0795,2.0639
44843.78984,-0.068,0.0179,0.202,0.7913,-0.1367,0.0508
45324.42938,0.1623,3.604,-1.4343,4.5545,-0.7705,-5.4424
44668.15758,0.6684,-0.2082,0.018,0.8291,-0.3699,0.4235
45615.28221,-0.8998,3.7544,0.0016,2.4844,-1.2723,-3.6231
45557.74429,0.8007,-1.2728,1.0128,0.6434,1.8346,3.0184
44709.1409,-0.2057,0.0158,-0.6469,-0.5303,-0.1725,0.9601
44827.65621,0.3242,0.1181,0.0791,-0.229,-0.0623,-0.1296
45609.40171,1.2383,-0.8434,0.7307,-0.0304,2.6378,-1.7842
45501.56335,0.928,-1.8056,1.1709,1.4648,3.3003,0.7126
44366.2104,-0.1349,0.0403,0.0883,-0.4298,-0.1491,0.2685
45273.68575,1.4867,0.7936,0.5109,2.616,0.1638,5.6011
45475.41785,-0.0548,1.5814,-1.1059,-2.456,-0.255,1.7335
45101.1574,0.8554,-1.642,1.0534,-0.2679,1.7901,1.6939
44742.25302,-0.996,-0.3188,-0.3158,-0.0132,-0.2201,-0.3338
44524.54763,-0.1879,-0.424,0.1563,-0.4621,0.0003,0.2995
45475.17661,0.962,-2.0089,0.7842,0.255,2.3903,-0.5535
44630.28009,-0.108,0.0928,-0.0522,0.0497,0.2738,0.0572
44447.25095,-0.1996,0.0561,-0.0891,-0.5944,-0.1429,-0.2419
44656.99946,0.2586,0.3205,-0.4753,-0.3755,-1.182,-0.2772
44890.47228,0.1511,-0.212,0.3221,0.6413,0.1223,0.4216
44966.61721,-0.0503,-0.0173,0.0198,0.5207,0.8176,0.0105
45299.97737,3.1537,3.2152,-2.5686,-2.529,0.4425,3.1088
45309.98939,-0.2518,3.6461,-0.3397,2.2936,-0.4059,-4.3377
45432.74664,0.6311,-1.6217,0.7813,-0.7684,1.5551,2.3589
45474.90519,-1.4788,1.0392,0.1477,-0.6243,0.097,-2.6767
44374.89633,0.1718,0.4365,0.2841,7.7309,-2.5262,-1.3014
45571.22409,0.9128,0.187,0.3095,-2.4355,2.4411,-4.1258
44986.88244,0.6092,-0.2372,-0.3108,-0.7656,-0.2289,0.2674
45604.90842,-1.0943,-0.169,0.166,-2.949,-1.6628,1.9555
45021.50226,-0.4074,0.6629,-0.0196,5.9153,1.138,0.3471
44677.17451,-0.1136,0.1094,-0.6631,-0.3327,-0.1814,-0.121
44778.56155,-0.2911,0.2427,0.2875,0.3136,0.1403,0.1827
44776.75214,-0.3886,-0.0827,0.1724,-0.7166,-0.2027,0.4762
44726.72229,-2.1497,1.0299,-0.0108,0.4945,1.5157,0.0874
45037.77186,-0.0498,-0.2163,0.0233,0.0627,0.0529,0.0117
45322.88638,0.9003,0.2055,-0.3121,-1.6164,2.0532,-3.6976
45568.96238,0.8535,-1.2782,0.7701,-0.4848,1.3921,2.7409
45457.32406,1.0542,2.469,-0.913,2.2308,-1.1377,-5.4332
45536.30331,1.2312,1.0646,0.1514,1.7911,1.9232,5.9886
45279.50601,-0.8645,-0.7381,0.4762,-3.2611,-2.2987,1.759
45414.2607,1.0874,-0.8506,0.1003,-2.4403,3.0319,-2.9865
44662.12616,0.4311,-0.0971,0.1171,-0.8576,-1.0644,0.0578
45177.48565,-0.7982,-0.1841,0.335,-2.7721,-1.6515,2.8853
44751.99363,0.2419,0.0218,0.385,0.0146,-0.1108,-0.0709
45262.52779,0.6444,1.5363,-0.8446,-3.5732,0.2712,1.4526
45566.58004,0.4154,-1.1073,0.901,-1.2591,0.8525,3.5167
44675.5762,0.0129,-0.2767,0.2832,0.2331,-0.1404,0.3859
45221.86633,1.3056,0.891,0.2708,3.4196,-0.2299,4.2901
45065.72229,-1.1904,2.5368,-0.1342,1.0317,-0.3511,-2.465
44912.18497,-0.2308,0.4994,-0.1955,-7.3588,0.8185,0.8486
44682.15039,-0.4164,-1.0141,0.2972,-0.2992,-0.1212,0.1094
45080.68011,1.4312,-0.998,0.6548,-1.2934,2.2474,-3.0765
45330.87788,1.1581,-1.2242,0.4156,-0.1274,2.185,-1.7117
45431.66099,-1.3761,2.7535,-1.034,1.9944,-0.555,-4.3585
44385.33152,0.0158,0.0225,-0.0079,0.1643,0.3176,0.3497
45586.06087,2.5227,3.2077,-2.6319,0.3966,1.1946,3.8946
44539.83781,0.5842,-0.1567,0.2921,0.1877,-0.3501,-0.3344
44831.27497,0.286,-0.3896,0.4655,0.7278,0.3106,0.1246
45035.28394,-1.3692,0.4871,-1.0281,0.0768,1.8499,0.0786
45256.22501,-0.6241,0.111,0.2406,-2.7394,-1.0167,2.6398
45327.47017,-1.8192,-0.4574,-0.0425,1.347,-0.1466,-1.6267
45408.92305,1.2403,1.8487,-0.4897,4.2728,1.7565,4.5167
44927.62502,0.3516,-0.0616,0.7087,0.601,-0.0094,0.981
44464.29085,0.2684,0.1013,-0.6053,-0.9594,-0.083,0.0094
44649.67124,-0.5878,2.1443,-1.2444,-2.2668,0.1487,-1.5275
44730.31095,-0.652,-0.255,0.2417,-0.3282,0.068,0.6049
45305.04368,-1.608,-0.8001,0.4364,-0.5849,-2.0155,0.0885
44393.50508,0.0089,0.0396,0.4074,-0.291,-0.346,0.0897
44592.43266,-1.297,0.4161,-0.2852,0.67,0.5308,-0.1743
45374.3033,-0.6679,3.2343,-0.6868,2.8521,-1.299,-5.3844
44732.5727,0.3255,-0.5366,0.594,1.0617,0.4703,-0.3604
44642.22245,-0.5383,0.1284,-0.1039,-0.1894,0.0908,0.2919
45177.1539,1.3644,-1.3941,1.0911,-0.5503,2.3689,-0.7761
44592.46281,0.793,-0.4335,-0.7106,1.1623,-0.1532,-0.4526
45290.04575,-0.7324,-0.5415,-1.0404,-0.3959,-0.6527,-0.7054
45398.15714,-1.4558,0.6532,0.0679,0.7112,0.4056,-3.3101
45246.51454,1.9687,2.8508,-0.7936,6.2198,2.24,6.1069
44438.44435,0.6109,1.2189,0.0633,-1.5586,-0.8194,-0.9434
45566.8213,-1.1,0.1959,0.007,-2.9388,-1.0957,1.9523
44759.95497,-0.152,-0.3802,-0.0954,-1.3768,0.0703,0.5266
45288.17103,0.0804,0.1322,-0.4034,-0.7173,0.2609,0.1331
45244.13219,2.4263,2.3628,-0.4457,2.1541,0.8957,5.8937
45321.19759,-0.3894,0.1532,1.3785,-0.6835,0.7558,-2.7745
44660.6183,-0.3072,0.2084,-0.546,-0.9722,-0.6124,0.1081
45310.50205,0.0085,0.9779,-0.1923,-1.64,-0.2543,2.6876
44884.16947,0.107,-0.2245,0.0582,0.8843,0.1723,0.2811
44807.14986,-0.7842,-0.147,0.2047,0.6693,0.4872,-0.21
45022.28635,0.1555,-0.1029,0.4737,1.4882,-0.6848,-0.0893
45310.41156,2.6857,2.7218,-2.1311,-2.5184,0.6375,3.3413
44524.39684,-0.3819,0.2984,0.1484,0.5163,0.2848,-0.3207
44813.57319,-0.1424,0.5371,0.5879,-0.0435,0.3056,-0.5064
45171.75582,1.5583,1.5089,-1.7477,5.9257,3.1472,4.9346
45155.01876,0.7979,-0.7758,0.8867,-0.3876,0.4716,3.9781
44738.39296,-1.329,-0.2313,0.2301,-0.3151,0.0134,0.611
44462.39084,-0.0921,0.1398,0.0399,-0.0463,-0.0121,-0.5536
44424.51046,0.3042,0.0535,0.3382,0.3789,-0.2442,0.0164
44974.91028,-0.1427,-0.6523,0.1054,-0.1454,-0.5762,0.333
44687.42785,-0.2518,0.8628,-0.5685,-1.5307,-0.0824,-1.0106
45602.94829,1.0885,-1.7948,0.6758,1.1767,2.598,-0.3123
44532.02684,-0.4852,-0.0481,-0.163,-0.0037,-0.2153,-0.4011
45135.35635,-0.9244,-0.0018,0.1222,-2.8879,-2.0392,2.8096
44480.21473,0.1454,0.0926,0.2658,-0.1591,0.1712,-0.2411
45623.59548,0.033,0.0669,-0.0184,-0.0847,-0.2609,0.421
44662.66899,0.2684,-0.1596,-0.1098,0.1346,-0.6265,-0.1794
44913.99437,0.7967,-0.1973,0.063,0.5109,0.0304,-0.3066
45285.11515,-1.6462,-0.8201,0.3532,0.0009,-1.5275,-0.4783
45493.11958,-1.6842,-1.2507,0.2414,-2.9393,-2.0304,0.4811
45558.22678,-1.6965,2.2847,0.3702,0.9136,1.2609,-4.2747
44659.35168,0.0012,-0.0116,-0.031,-0.7367,-0.1119,0.4918
45169.07186,1.6896,0.3271,0.3491,-2.501,0.1488,-4.6863
44415.4021,-0.0208,-0.2569,0.0355,-0.3956,0.292,-0.0693
44418.84038,1.0517,0.3037,0.0905,-0.5507,-0.7237,-0.9435
45064.0938,-1.8118,-0.9377,0.1782,1.391,-0.7157,-1.0255
44705.8538,0.1447,0.0026,-0.1223,-0.3075,-0.0537,-0.0805
45101.70028,-0.0166,4.124,-0.941,2.3349,-0.9359,-2.8025
44720.78144,-0.4213,0.6542,-0.3466,-1.018,-0.6145,-0.1989
44605.34001,0.9891,-0.9313,0.0457,1.5344,-0.1752,0.0269
45304.07867,0.6748,1.5687,-0.8729,-1.8685,0.784,1.8383
45139.2768,-0.6297,0.148,0.0546,-2.9081,-1.2428,2.7246
45152.21413,-1.5056,-0.7035,0.591,2.1625,-0.72,-1.9134
44811.94477,-0.1492,0.3439,-0.457,-0.2077,-0.0437,-0.2193
44531.69508,-0.0328,-0.0713,0.0348,0.3751,-0.0845,0.2486
45309.71797,-0.2208,0.2475,0.3045,-1.721,-1.5026,2.2204
44665.02126,0.2438,-0.368,-0.2811,0.8366,0.228,0.1285
45112.21045,0.8656,-1.3142,1.3037,-0.3438,-0.2461,3.4691
44383.25053,0.2074,-0.1583,-0.1367,-0.044,-0.1153,-0.1137
44534.8014,-0.6249,-0.0989,0.0722,-1.759,-0.4146,-1.161
44548.46293,0.1869,0.0387,0.3106,-1.7329,0.1015,0.597
44737.12638,-0.6038,-0.3334,-0.3999,1.3664,0.7196,-0.3164
44926.29811,0.0692,0.115,0.0864,-0.6885,-0.8666,-0.1213
45003.10669,-0.0531,0.0007,0.0202,3.2087,0.2663,-0.1131
45586.24181,-1.3075,-0.3003,0.1174,-2.8258,-1.7044,1.6859
45521.01409,1.8582,1.7778,-1.7411,3.5755,1.9113,6.0293
45012.6362,-0.2654,1.1269,-0.4387,-0.1231,-0.3065,1.2238
45395.11133,1.3791,0.8188,-0.5253,-0.874,-0.8236,-4.4904
45071.96476,-0.2345,4.0612,-0.5934,2.6494,-0.4018,-3.0805
45045.57747,-1.1848,-0.1381,-0.0612,-3.3547,-2.3468,1.6622
45541.76155,0.9281,-1.3257,0.7411,-0.1572,2.7229,-1.1484
45286.62297,-0.6323,-0.4733,0.5131,-2.1965,-1.8664,2.5026
44415.13065,0.087,0.035,0.3122,-0.8408,-0.2624,0.112
44965.80295,0.4613,-0.1357,0.148,-0.4232,-0.2939,-0.0107
44370.46288,-0.0334,-0.1035,0.1111,0.489,-0.0056,0.1991
44620.14723,1.3495,2.9609,-1.7398,-3.5957,-0.8079,-2.2658
44868.36721,-0.2485,0.2396,0.1367,-0.3122,-0.3123,0.4427
44840.02029,-0.5099,0.217,-0.0246,-0.593,0.1053,-0.0144
44702.68731,1.4512,-0.0213,-0.1835,0.4116,-0.2433,-0.0136
45057.61006,1.5695,1.9696,-1.48,3.8554,2.7385,4.4208
45548.21496,0.811,-1.4854,0.7333,0.1384,1.664,2.3587
44602.4449,-0.5201,0.19,-0.0124,-0.2501,0.3835,0.1657
44384.06483,-0.0726,-0.0163,-0.0935,0.2238,0.1684,-0.4225
44356.01647,0.0076,-0.0159,-0.0063,0.0328,0.0245,0.0126
44982.57008,-0.0602,-0.7562,0.1132,-0.7804,0.1006,0.349
45464.01877,0.7866,-1.1827,0.872,-0.714,2.1496,3.0372
45032.79596,0.6325,0.072,-0.4603,-0.781,-0.577,1.4199
45464.16956,0.7255,1.6667,-1.6918,-3.1014,0.4851,2.2227
44625.1232,0.4476,0.7518,0.2468,0.0894,-0.3227,0.7791
44715.32302,0.1258,-0.1563,0.355,0.1364,0.2495,0.6101
44995.71835,-0.3348,-0.1176,0.1928,-1.073,0.3182,0.608
45005.70017,0.0168,0.4068,0.0338,1.4306,0.2547,1.8226
45571.40503,0.7812,-1.1698,0.8084,-0.0032,-0.2739,4.1837
45585.75932,1.2689,0.9929,0.0265,1.591,0.6347,-4.5501
44889.56755,0.4111,-0.0653,0.1961,-0.7153,-0.1387,-0.3373
44831.15433,-0.1921,-0.2113,0.3255,-0.1665,0.2404,-0.0899
44863.81359,0.0439,-0.126,0.1868,0.3106,0.1739,0.0996
45391.25128,1.0924,-1.9274,1.1966,0.7522,2.4357,-0.4916
45253.72203,0.9107,2.1269,-0.6741,-5.8341,-0.543,1.8436
45065.20962,1.0082,-1.8821,1.3377,-0.1314,2.1467,1.0764
45013.42028,1.011,0.4165,0.3735,-1.7018,-0.3043,2.209
45393.45272,1.0055,1.7556,-1.0913,1.8054,-1.2358,-5.7981
45608.16531,-1.4338,-0.3639,0.5976,-1.8919,-2.3597,2.4212
44386.89983,0.1445,0.0116,-0.1694,-0.0353,0.0348,0.3025
44642.79541,-0.8582,-0.047,1.0126,0.4513,-0.2977,-0.0588
45453.67515,1.9496,2.0439,-0.8156,3.497,2.1993,6.3137
45037.44013,-0.1759,0.0028,-0.1131,0.0681,0.2937,-0.225
45091.74789,0.8927,-1.6167,1.2596,-0.2753,1.7022,1.398
45122.47922,0.8298,-0.9515,0.8551,-0.5039,1.2921,4.7061
45118.27219,-0.9316,-3.1064,-1.1718,-6.2525,-7.1731,-5.9736
44630.09915,0.1479,0.1304,-0.1413,0.089,0.1413,0.2103
45414.41149,0.5856,-1.2168,0.5085,-0.8647,0.9509,3.8688
44603.04805,0.5675,0.6343,-0.1002,1.1035,0.1487,-0.3595
45279.77743,1.7271,1.5225,-0.1808,0.6637,0.1144,-5.6462
45059.29885,-0.933,-0.0246,0.0257,-1.4867,-2.6122,1.5364
45455.3036,2.3409,2.9013,-2.6523,-3.2599,0.3158,2.5913
44967.76316,0.0723,0.179,0.2102,0.8316,0.6246,-0.9275
44969.36148,-0.0409,-0.0677,0.0439,0.2202,-0.2443,0.767
45214.13109,-0.1058,-0.2569,-0.0153,-0.3316,0.7888,-0.5331
44749.03828,0.3171,-0.8035,-0.4226,0.5408,-0.2853,-0.0693
44898.07176,0.2784,0.0469,-0.3578,0.044,0.3247,-0.2205
44644.15251,-0.3752,0.348,0.4728,-0.731,-0.2685,-0.7361
45623.32405,0.0837,-0.0538,-0.2058,1.9122,-0.7855,-0.359
44910.07403,-0.097,0.0001,-0.1917,-0.5133,-0.0328,-0.1972
44531.24271,0.1868,-0.2134,-0.2614,-0.4336,-0.4769,-0.257
44946.17108,-0.1654,0.0001,0.086,-0.1862,-0.4559,1.0846
44887.18513,0.627,-0.0142,-0.2289,0.8637,0.3603,-0.5379
44641.6796,-0.0644,0.1061,0.2269,0.0856,-0.0313,0.1363
44730.97438,-0.6601,-0.055,0.1182,-2.1873,-0.6403,0.0143
45269.85586,-0.4939,0.6195,-0.0044,-2.4132,-0.4053,2.6598
45434.10365,1.4513,2.1517,-1.665,3.1482,-2.3945,-5.482
45492.12443,2.6264,2.9531,-2.2153,-5.4612,-1.1102,2.7319
45583.98011,-1.4012,1.0049,0.4336,-0.4507,0.5608,-2.1885
45133.51678,0.8748,-0.9871,0.8066,-0.7444,0.7426,4.2845
45428.43425,-1.3105,2.6462,-0.7834,1.1671,-1.2321,-4.2502
45000.51323,0.1878,0.0908,-0.148,-1.4853,-0.8378,-1.5018
45163.58331,1.224,-0.6957,0.7038,-0.5058,3.4347,-2.2783
44368.14061,-0.04,0.0043,-0.1659,0.0039,-0.124,0.2061
45238.28177,1.7917,1.041,0.3788,-3.3484,0.2515,-4.5797
45541.82186,0.5218,-1.6303,0.9622,0.494,1.5793,0.9841
44524.18572,-0.3356,0.2012,-0.1995,-0.5615,-0.2801,-0.3702
45321.9515,-1.4995,1.2765,-0.5847,1.2172,-0.5123,-2.4521
44561.88312,-0.0989,-0.3486,-0.4127,-0.873,-0.5549,-0.0988
44481.5417,-0.1416,0.1013,0.0726,0.4248,-0.2603,-0.1741
44950.5437,-0.1293,0.2298,-0.1161,-0.4643,-0.2171,-0.1397
44804.31516,0.3458,-0.5001,0.1549,0.4807,0.037,0.5159
45283.69781,1.4689,3.8504,-1.0705,4.085,-0.9603,-4.9792
45148.4747,1.4222,-1.313,1.3905,-1.2218,1.5821,-1.1476
44915.80374,0.4421,-0.2881,-0.3027,1.7439,-0.1757,0.9202
44579.82687,0.037,0.4814,0.1245,-0.0844,0.0343,-0.2988
44421.10239,0.1067,-0.0368,0.2022,0.084,-0.0514,0.3159
45398.21744,-0.2617,3.5991,-0.8195,1.9166,-0.9491,-5.7958
45486.81696,-1.8892,-0.7257,0.5355,1.3111,-0.9458,-2.0531
44679.76799,0.306,-0.6112,-0.7122,0.9844,-0.1609,0.8584
44482.02424,-0.619,0.1735,0.2059,0.0004,0.1984,0.2106
44623.22331,0.1707,0.3615,-0.5397,0.0174,-0.1263,-0.4795
45620.24806,0.1917,-0.1002,-0.204,0.3482,-0.0865,-0.4339
45178.2094,0.1734,1.4573,-0.8088,-2.7771,0.303,2.0721
45028.67962,0.403,0.822,0.5875,-5.1579,-1.9368,1.8459
45479.18738,0.8397,-1.8932,1.0358,0.4283,1.1965,0.6026
44978.34815,-0.0521,-0.164,0.2741,-0.3439,0.2317,0.7356
44756.42664,0.0101,0.2614,-0.1768,1.0272,0.1427,-0.2089
45153.05852,-1.1157,-0.0546,0.6939,1.2038,-0.123,-2.1957
44786.01022,-0.1999,-0.307,0.1068,1.189,0.2049,1.1127
44429.93921,-0.7559,0.121,-0.0819,-0.055,0.0643,0.3647
44806.12456,-0.299,-0.2698,-0.168,-0.4599,-0.0979,-0.2393
44778.16952,-0.6638,1.6341,0.0392,-0.6189,0.4859,-1.5475
44825.09293,0.2445,0.0858,-0.3622,0.3818,0.3797,-0.3844
45033.27849,0.5497,0.8516,-0.758,-0.6829,1.3041,-4.3192
44392.20815,-0.561,0.0828,-0.1689,0.7406,0.2168,0.6632
44626.51044,-0.0631,-0.0152,0.2886,-0.6361,0.3676,0.4282
44742.55457,-0.6951,-0.1575,0.2639,1.4681,0.4533,1.4818
45279.68694,-0.2086,3.7346,0.0154,4.0384,0.6682,-3.9178
45300.85191,0.2288,1.3331,-0.8178,-2.8415,0.0951,1.7335
44914.14516,0.0495,-0.0212,0.3028,-0.2263,0.1906,0.0648
45084.44975,0.5519,3.9091,-1.1113,2.6864,-1.749,-4.2125
45203.54107,0.614,-0.8942,0.8027,-0.45,0.404,3.4149
45590.46366,-1.2497,-0.7486,0.3106,-2.6149,0.6008,-2.1578
45533.19721,-0.5041,0.7346,-0.4756,-1.338,-1.1387,2.2984
44390.12705,0.1706,0.1026,0.1381,0.0986,0.1345,-0.179
44947.64871,0.2591,0.0762,0.0843,-0.3368,1.0101,0.9253
45255.77268,2.1346,0.9951,0.1527,-2.5873,-0.5891,-4.801
45156.16471,-1.7964,-0.8262,0.6511,1.611,-0.7244,-1.1526
45334.67762,0.0469,3.4596,-1.6038,5.6065,-1.7023,-5.9775
45034.73107,0.5945,3.1947,-1.9072,4.8628,-0.5085,-3.41
44558.29436,0.1255,0.1327,-0.0001,-0.3576,-0.1201,-0.1719
44890.89446,-0.1851,0.1585,-0.0373,-1.2273,0.1947,-0.1611
44994.27084,-0.2493,-0.1055,0.4817,-0.8817,0.4399,0.9707
45597.03768,-1.4091,1.3546,0.2045,0.6879,0.3011,-4.4864
44703.71267,0.683,0.616,0.9508,-0.4877,-0.2737,-0.2791
44583.44575,-1.6376,-1.5798,0.8508,-1.1552,-1.9755,0.7865
44686.40253,-0.0657,-0.094,0.0248,-0.1694,0.4109,-0.3474
45211.14057,-1.2234,-0.8751,0.5835,2.197,-0.2677,-2.1848
45287.44224,0.023,0.6761,-0.1018,0.588,0.0349,0.7577
44928.62015,-0.0256,0.1343,-0.418,-0.9309,-0.1841,-0.601
44740.74517,0.3005,0.6401,0.5888,-0.2881,0.2491,-0.1755
45442.27604,0.9599,-1.168,0.6112,-1.0434,1.8999,-1.5568
44646.17304,-0.0454,0.0874,-0.0267,0.194,0.192,-0.1133
45291.35253,0.2842,0.3724,0.695,-4.061,2.924,5.9896
44473.85121,-0.0919,-0.1519,-0.0271,-0.0378,0.2114,0.553
44817.82524,0.3102,-0.329,-0.8393,-0.3596,-0.1043,-0.1515
44392.14784,-0.051,0.5219,-0.3515,0.7645,0.0535,-0.1915
44382.19493,0.1447,-0.1061,0.0049,-0.1246,-0.145,0.0817
44553.95164,0.1147,0.025,-0.0649,0.0736,-0.0153,-0.008
44579.79668,-0.4695,0.364,0.1162,-0.0244,-0.0074,-0.3364
44707.57275,0.1909,0.3139,-0.268,0.3523,0.032,-0.2758
45412.02915,0.5771,-1.1026,0.4163,-0.503,0.556,4.2192
45242.2323,1.7353,1.7563,-0.3123,0.862,-1.5145,-4.9425
44719.9672,0.425,0.1374,-0.2027,-0.4499,-0.3615,0.5513
45411.84821,0.9253,-0.5098,0.1073,-2.4576,2.7498,-2.9459
45438.14461,0.778,1.1303,-0.5072,0.2322,-1.1639,-4.7001
45411.51651,-1.8237,-0.6785,-0.1572,-1.0604,-2.1649,-0.079
44930.42953,-0.1937,-0.2302,-0.022,-1.0538,-0.3668,-0.0143
45132.49145,1.3805,1.6901,-0.5395,1.6458,-0.6307,-6.0997
44730.0094,0.167,-0.0402,0.365,-0.0142,-0.0351,-0.3559
44680.79335,0.6612,-0.1066,-0.1939,0.4524,-0.7064,0.8761
45548.15466,1.4524,-1.4733,0.7294,0.0506,2.9387,-0.6406
45607.29075,-1.0094,-0.1541,0.3,-0.9958,-1.5287,1.589
44750.75718,0.1491,0.0664,0.3198,0.8908,0.4459,0.5719
45063.12882,-0.1795,1.3073,-0.6057,-1.6631,-0.9286,1.1188
45150.04283,1.9352,-0.3461,0.4768,-3.4975,1.7146,-4.2823
45454.27826,1.2132,-1.0234,0.7648,-1.0771,2.2455,-0.7938
45402.59015,1.2077,0.1926,-0.1771,3.2296,0.1958,5.4952
44420.77063,0.1031,0.11,0.1737,-0.0545,0.0392,-0.0398
44504.16062,0.3602,0.3057,-0.4064,-0.7137,-0.1615,-0.7599
44772.31914,0.9469,-0.2392,0.0044,-0.4709,-0.153,0.1945
44943.7284,0.2651,-0.6407,-0.0303,0.0527,0.0154,0.3686
45330.1541,0.9596,-1.7619,1.3031,0.9046,1.6792,-0.2328
45270.79072,-1.4211,-0.7207,0.6087,-1.0929,-1.7997,0.2937
45356.69188,-1.6696,-0.0322,0.0907,0.4711,-0.2067,-3.0861
44484.79886,0.0285,-0.6412,0.2601,0.714,0.3541,0.5614
44505.97015,0.076,0.031,-0.3577,-1.0134,-0.3378,-0.5327
44419.20228,0.0059,-0.0199,0.3623,-0.3635,0.0989,0.3667
45070.66802,0.9755,-1.6299,0.9648,-0.6963,1.195,2.0023
45053.90074,-1.1094,-0.3749,-0.1125,-4.1923,-2.0432,1.749
45588.83524,-1.3169,0.4287,0.6642,1.3831,0.1368,-2.384
44512.78593,0.1555,0.2856,0.0924,0.3526,0.1393,0.0042
44665.2625,0.6082,-0.7815,0.6794,4.0692,0.334,0.1815
45381.96309,-0.9043,0.0423,-0.5809,-1.5628,-0.7322,2.0402
45097.65898,-2.1842,-0.6617,0.2603,1.0637,-1.0898,-0.049
44798.88702,1.0215,-0.634,-0.4183,1.3092,-0.5645,0.4312
45294.85072,2.1672,1.1059,-0.0887,-1.9446,0.268,-5.3639
45387.33095,0.768,-1.2782,0.696,-0.6051,1.7018,3.8266
44692.52438,-0.4913,-0.1231,-0.0398,-1.2364,0.01,0.0065
44582.45055,-0.2155,0.4156,0.4394,-1.2696,-0.3171,-0.7393
44522.31594,0.0666,-0.2936,-0.0321,0.2355,-0.1178,0.0396
44886.34079,-0.3735,0.657,-0.6099,-0.463,-0.0301,-0.4752
44540.83303,-0.3139,-0.335,0.1782,-1.2271,-0.0015,-0.6855
45289.83463,-0.2636,0.663,0.0505,-0.1046,0.4273,-0.1141
44449.87481,0.0585,-0.0522,0.1243,1.4705,0.2956,0.1405
44588.90424,0.1193,0.8183,0.3978,-1.9739,-0.3462,-0.349
45325.67589,-0.5302,0.9557,-1.3545,-2.8134,-0.2147,2.0468
45426.77565,-1.5928,-0.5515,0.162,1.2613,-1.1802,-1.4377
45155.32032,-1.8088,-0.838,0.5486,-2.8159,-2.1135,0.7074
44720.54017,0.0081,1.0784,0.0529,-1.0167,0.328,-0.7791
45529.69912,0.6538,-1.7897,0.7262,0.0329,2.1585,1.7751
45493.54176,0.801,-1.8062,0.7092,0.6169,1.9745,1.2215
44516.94777,-0.0922,0.098,-0.4119,-0.1004,0.5811,-0.7642
45294.97132,1.4527,-1.2102,1.2666,0.2169,2.2303,-0.221
45095.72882,0.6222,-0.8778,0.7208,-0.7563,0.4214,3.4586
44367.56758,-0.4114,0.2526,-0.6313,-0.7962,-1.3723,-0.5743
44475.20835,0.7286,0.1696,0.3847,1.0654,0.1204,-0.5565
45030.2226,0.3607,0.0826,0.3342,-1.1071,0.2991,1.9405
44987.9078,-0.3276,0.31,0.2473,-0.6457,0.2216,0.3672
45287.41209,0.0317,0.4922,-0.0628,0.8724,0.3021,0.3622
45357.17437,1.0878,2.253,-1.8761,-3.9753,-0.3457,2.0111
45452.43873,-1.5894,-0.3482,0.2644,0.4446,0.147,-2.1091
45534.10192,-1.5611,-0.4722,0.0445,-1.6581,-2.2624,1.5613
44643.63982,-0.2575,0.3909,0.0853,-0.1888,-0.3596,0.5688
44434.67432,-1.6906,-0.2644,-0.5618,0.3444,0.1087,1.1324
45209.42167,-0.9532,-0.5621,0.2301,-2.1705,-2.3056,2.0202
44661.91507,0.0218,0.3603,-0.334,-0.554,-0.7581,-0.4657
44701.08898,-0.3321,0.7157,-0.0645,-0.6615,0.4734,0.4279
44817.10148,-0.0275,0.2118,0.2397,0.5936,-0.2834,0.7618
44819.39338,0.2748,-0.3968,0.3295,-0.8274,-0.1257,-0.1234
44962.87774,0.1434,0.1531,0.0296,0.1413,-0.3962,-0.2985
44483.77344,0.4258,-0.2256,0.2331,-0.5202,-0.2809,-0.4311
44485.31155,0.0652,0.0236,0.2957,0.9571,0.4367,-0.335
44713.45332,-0.2162,0.5474,0.3864,0.9177,0.34,-0.2546
45011.5204,0.4054,-1.0948,0.3117,1.0715,-0.1341,2.9305
45455.90673,0.9553,-1.7662,0.942,-0.0303,2.112,-0.4019
45476.23208,-0.4117,1.1799,-1.0439,-0.881,-0.0643,0.8193
44441.21903,-0.0612,-0.3949,-0.222,-0.8634,-0.3255,-0.0382
44828.28948,0.5152,-0.3257,-0.1445,-1.1269,-0.4241,-0.0116
45052.18183,1.0247,0.886,0.4395,1.208,0.8492,6.0301
44844.39297,-0.0506,-0.2224,0.3287,-0.1046,-0.0482,0.0664
44453.3733,-0.2631,-0.0852,0.1765,-0.5231,-0.13,0.0311
44988.36011,-0.0741,-0.0593,0.3267,0.2071,0.3458,0.6911
45167.14183,-0.8356,-0.0044,0.2019,-2.9496,-1.3086,2.355
44953.52921,-0.3978,-0.025,0.3172,0.1713,0.1653,0.2138
45182.09963,1.8498,2.7799,-0.6949,5.5437,1.6126,5.6895
44367.02469,-0.0693,0.0834,-0.0205,-0.2643,-0.2537,0.1449
44535.70613,-0.4545,0.4354,0.2746,-0.1414,0.2285,-0.2182
45452.83081,0.685,-1.0814,0.5781,0.097,0.9877,5.234
45577.13468,2.2057,1.8524,-2.0285,-0.4578,1.1814,4.5844
45506.5391,2.9165,2.7119,-1.4206,-4.2054,0.7303,4.4243
44696.53529,0.9183,0.0218,0.1654,0.7124,0.521,-0.5048
45470.05004,-1.8841,-0.6951,0.1778,-0.3757,-1.4723,-1.4848
45575.05391,-1.4208,-0.6097,0.5186,2.7677,-0.7872,-2.5549
44975.54358,0.069,-0.1569,0.2187,-0.3636,-0.5109,-0.1888
45341.01048,0.5569,3.3018,-1.2957,3.5857,-1.6511,-5.8075
45452.28797,-1.4387,-0.4663,-0.0209,-3.4438,-1.9191,1.4803
44568.81938,0.1832,-1.2087,-0.0582,-0.0429,-0.1233,0.9194
45273.14292,-1.2781,-0.8171,0.4763,-2.7101,-2.3426,1.3732
45586.84494,1.8525,2.3118,-1.0361,3.9743,2.5013,6.1637
44676.60154,-0.7188,0.8878,-0.9457,-0.3293,-0.1632,-0.7936
44933.17374,-0.1347,-0.3949,0.619,-0.4972,0.5331,-0.347
45581.68824,1.4769,1.4881,-0.3993,0.1378,-0.7954,-5.2986
45354.85232,-0.3621,0.5101,-1.1958,-2.3498,0.1374,1.7644
44605.03843,-0.444,-1.3008,0.3493,0.6944,0.1675,0.8241
44925.57438,-0.5603,-0.3881,-0.1861,-0.387,-0.2099,0.0166
45240.93555,1.3545,1.0003,0.4137,3.6633,-0.1297,5.4612
44638.90514,1.0251,-0.6428,0.5894,0.8392,-0.8539,1.1119
44683.95983,0.7059,0.3565,0.8858,-0.8167,0.2193,-0.4577
44903.19839,0.0127,-0.3094,0.1004,0.102,0.0531,0.6118
44874.00655,-0.0835,0.1192,-0.2445,0.1818,0.5295,0.7139
44711.22173,0.6225,-0.1664,-0.4712,0.4615,0.3195,-0.8778
44822.25823,-0.8976,0.0417,0.2459,0.6424,0.2184,0.7389
44931.42469,0.6789,1.4411,0.6233,-1.1832,-1.1361,0.1317
45420.56344,0.1016,3.5196,-1.3287,4.5095,-1.4062,-5.3809
45472.7641,0.9912,-1.5306,0.6968,0.8566,2.5895,-1.0721
45166.50853,-1.2759,-0.7411,0.4561,2.4401,-0.5255,-1.8014
44496.7718,-0.046,-0.5196,0.2419,-0.1369,-0.0673,0.6042
45173.44459,-0.1691,1.3463,-0.8878,-3.7534,0.3594,2.6595
45344.96099,0.4055,1.1984,-0.7158,-1.3182,-0.5193,-4.648
44856.54593,-0.1696,0.139,0.2063,-0.8553,0.3709,-0.7593
45041.2801,0.1656,-0.2532,-0.7453,-4.0991,-2.4833,-0.3013
45206.5266,1.6638,1.0627,-0.1107,-0.3762,0.6202,-5.6416
44558.35469,0.0795,-0.0037,-0.0704,-0.4691,0.0857,-0.2015
45329.79222,-2.0873,-0.6882,0.0763,1.4468,-0.1811,-0.3252
45415.46698,-0.9969,-0.0206,-0.1072,-3.5276,-1.0932,2.9912
44765.65456,0.4363,-0.1661,-0.2258,1.4193,-0.3444,0.9891
45474.51317,1.0434,0.5531,0.1424,2.0372,1.3873,4.7774
44408.55566,0.6759,-0.209,-0.2767,0.3184,0.2401,-0.1554
44885.40591,0.2462,-0.0366,-0.1921,0.0001,-0.4664,0.4313
45321.52932,0.2988,-0.5779,0.4687,-0.8305,2.4161,-2.2543
45627.2746,0.0194,-0.0095,0.0326,0.0204,-0.0044,-0.0091
44553.28818,0.7128,0.2427,-0.2662,0.0372,-0.19,-0.3762
44586.76306,-0.2051,0.0424,0.3585,-1.1466,-0.334,-0.5414
45371.58921,-0.0246,1.159,-1.5253,-2.927,0.269,1.6588
45117.4881,1.5081,4.5489,-1.2917,2.4983,-0.5586,-6.636
45464.71239,1.0489,-1.295,0.5819,0.4152,1.8967,-2.1196
45626.40004,0.0303,0.0066,0.0026,0.2295,0.0924,0.0539
44383.1902,0.0089,0.003,-0.1239,-0.3508,-0.0206,-0.1658
45401.89655,0.4212,1.8793,-1.3797,-3.6746,-0.7806,1.497
44765.05144,-0.1487,0.1335,0.1688,-0.1785,0.3069,-0.1086
44909.38045,-0.1651,-0.2056,-0.1463,-0.4895,0.1374,0.2234
45396.61919,-0.0363,3.1463,-1.112,3.7864,-1.4285,-5.536
45057.09739,-1.8361,-0.8814,0.1869,-0.3495,-1.5095,-0.1994
45142.14171,1.1525,-1.5162,1.4148,-0.5233,2.0933,-0.6198
44801.42015,0.7859,-0.4658,-0.0523,-0.1987,0.0001,-0.557
44435.88072,0.6237,0.2825,-0.167,0.6161,-0.077,-0.4056
44812.69867,0.2169,0.3032,-0.6763,-0.2191,-0.019,0.4376
45166.23713,1.4496,2.1012,-1.3672,-3.5286,-0.3946,1.6552
44895.96081,0.3361,-0.2109,-0.0843,0.7371,0.0505,-0.2773
45063.09864,0.7156,2.0545,-0.8192,-5.8146,-0.5943,1.1844
44978.89096,-0.0352,0.1621,-0.2829,-0.1584,0.2646,0.6344
44377.73132,0.1641,-0.1094,0.0482,0.1571,-0.0861,0.0119
45203.63155,1.8991,1.784,-1.5845,4.1547,1.4591,5.6705
44535.10297,-0.3104,0.7559,0.1602,-0.0183,0.1469,-0.4026
44848.58468,0.3041,-0.1124,0.0108,-0.9929,-0.2875,-0.2585
45400.38871,-1.1514,-0.1416,-0.0941,-3.8259,-2.2574,1.8922
45522.70287,-0.3392,1.289,-1.0023,-3.2336,-0.6796,1.7368
45402.56,0.5787,-1.0935,0.3764,-0.7159,0.3115,5.1862
45101.54946,-1.6285,-0.8338,0.3771,-2.0862,-1.3915,-0.4649
45340.55812,0.9365,0.2511,-0.0003,4.1067,-0.76,5.333
44569.24156,0.8089,-0.6729,0.1256,1.9406,0.0887,1.0487
44839.14577,0.2104,-0.0107,0.1776,-1.0836,0.0944,-0.7799
44982.63039,0.1069,0.0142,-0.0608,-0.0471,-0.5031,-0.4792
44733.02506,-0.5878,0.1031,-0.66,0.3868,-0.0804,0.8967
45488.7771,0.5311,-1.1422,0.5711,-0.5543,1.0285,3.3574
44383.67274,-0.2146,-0.1355,-0.112,0.6296,0.3968,-0.0341
44544.12021,0.0153,-0.0902,0.0136,-0.4258,-0.1886,0.0714
44736.94544,-1.3291,-0.1103,-0.5118,1.9308,0.6848,1.0135
45206.43615,0.384,3.7533,-0.8466,0.4344,-1.907,-4.8818
45509.88645,-0.4492,0.6456,-0.2684,3.512,-2.0488,1.4016
45581.17558,1.2477,0.7581,0.2863,3.2901,1.2047,5.1691
44513.9621,-0.4027,-0.2602,0.1695,-1.3476,0.0849,-0.0797
45214.79456,-0.343,-0.1356,-0.5889,0.3212,0.9343,0.1128
44462.27021,-0.013,0.5799,-0.0681,0.0675,0.0031,-0.0207
45108.90817,1.4575,-0.4195,0.5593,-2.6605,1.1683,-3.3162
44418.56892,0.4293,0.1681,-0.2948,1.1296,0.132,-0.5542
44685.10579,0.3032,-0.4475,-0.3976,0.1395,0.037,0.0983
45023.94497,0.5123,0.1814,0.1368,1.3871,2.4251,5.3127
45221.02195,0.7987,-0.9209,0.955,-0.3947,1.2386,3.141
44667.4338,0.2393,-0.1277,-0.0114,-1.294,-0.3961,-0.0821
45597.30907,0.9196,-1.6062,0.9469,0.0488,2.4048,0.4988
44882.0886,0.9483,0.1626,0.1003,-0.3165,-0.333,-0.474
45443.02996,1.1238,-0.5588,0.3124,-2.5259,1.1808,-2.8989
45613.71403,0.9971,-0.2716,0.0385,-2.238,1.668,-4.6201
45619.64488,0.0225,-0.2417,-0.0845,0.5509,-0.2916,0.0825
45050.46288,1.6569,-0.2149,0.4176,-3.9298,1.5846,-4.6763
45537.08738,0.6711,-0.6718,0.6588,1.0803,0.8502,5.4545
44535.34424,-0.5018,-0.5124,0.0411,0.7792,-0.0169,0.7309
44484.61789,0.1491,-0.1743,0.2372,-0.6512,-0.0162,-0.1405
44599.64027,0.3744,-0.1759,-0.5456,0.739,-0.0526,0.3231
44922.89049,-0.3222,0.3834,-0.2213,0.609,0.4471,-0.2403
45218.42851,1.8175,1.1729,-0.1811,-0.9496,-0.4674,-5.5028
45311.01468,1.489,-1.0638,1.2346,0.2748,2.7999,-0.6392
45357.7775,0.8979,-2.0632,0.8129,0.2462,2.1853,0.4525
45386.42623,1.3956,-1.4011,0.68,-0.4547,1.9528,-1.2422
44375.71065,-0.0371,-0.1197,-0.128,0.2024,0.1272,0.0189
44744.90681,0.4777,0.3867,0.181,-0.5617,-0.0283,-0.6849
44729.22529,-0.4027,-0.1944,0.5877,-1.4265,0.0514,0.6836
45430.33411,0.7372,-1.7589,1.0276,-0.0024,2.0353,1.85
45611.81422,0.8097,2.2832,-1.0321,3.4681,-1.8764,-5.7302
45060.41468,1.2046,1.7741,-0.6814,1.7499,-0.0652,-5.7509
45607.10984,1.6798,2.8438,-0.9482,4.1518,2.1626,5.7196
44958.14313,0.1012,-0.7495,0.9246,0.1222,-0.168,0.7738
44635.91958,-0.8289,0.7032,-0.3504,-4.6987,-0.8233,-1.3721
45267.77505,1.7729,2.011,-0.9404,0.2881,-2.3416,-5.2874
45414.35119,0.9259,-1.9166,0.9631,0.199,2.4075,0.7974
45213.97529,0.3365,-0.0585,-0.359,1.9763,1.1382,-1.0922
45534.82564,-0.6039,0.5883,-0.3833,-1.7463,-0.6192,1.8676
45558.04584,-1.302,-0.3297,0.303,-3.7559,-1.8641,1.2909
44374.11218,-0.0378,0.3304,-0.2319,-0.834,-0.637,0.3766
44624.128,0.0737,-0.121,0.1796,0.0734,0.2019,0.0909
45334.79823,0.7961,-0.2318,0.0388,-4.0515,1.3186,-3.7619
45558.13632,-2.1563,-0.704,0.3883,-1.3797,-1.071,-0.8745
44644.4239,-0.2702,0.4906,-0.0818,-0.8027,0.2584,-0.5654
44385.51249,-0.1515,-0.0078,0.0096,0.0308,0.6212,0.0673
44421.94685,-0.0299,-0.0436,-0.2189,-0.0939,0.002,-0.2113
44461.27496,-0.1837,-0.562,0.2773,0.5647,0.0902,0.8448
44453.19233,0.1841,0.0244,-0.08,-0.2493,-0.0613,0.1068
44816.046,0.1528,0.0073,-0.6215,0.3278,0.2633,0.143
44960.64614,0.0076,-0.1228,-0.4227,-1.1371,0.0311,1.2946
45367.45777,0.4815,-1.36,0.4271,-1.3857,0.8911,3.7457
45328.01299,-0.5946,1.3217,-1.39,-3.7301,-0.5181,2.7289
45406.23911,0.9418,1.1202,-0.5367,-1.0368,-0.0127,-4.8995
45441.85386,-1.3903,-0.4967,-0.1564,-2.2584,-1.9866,1.6364
45061.7114,-1.4263,-0.7796,0.1659,-3.3307,-1.9802,0.7762
45013.63137,0.4505,-1.4224,-0.6932,-4.9206,-0.5461,2.9807
44375.01697,-0.0418,0.02,0.2994,5.9719,-0.5535,-2.6612
44764.0864,0.1514,0.0308,-0.2921,-0.809,-0.2525,-0.5126
45246.90657,-0.407,2.8586,-0.4932,2.3752,-0.046,-4.2248
44424.6311,-0.0764,-0.1345,0.1206,-0.5056,-0.1265,-0.1881
44425.29461,0.2355,0.0712,-0.3711,0.4451,-0.2052,0.5558
45264.69908,1.4011,-1.0137,1.4724,0.1504,2.6289,-1.522
45199.37946,1.3122,-0.5953,0.564,0.012,2.603,-2.0454
45265.60376,0.9374,-0.5578,1.2132,-0.4862,2.3998,3.3282
45552.34633,-0.5592,1.2313,-0.4486,-0.6736,-0.4174,1.4201
45273.89687,-0.7341,-0.524,0.2256,-1.7755,-2.6739,2.3699
45462.26971,1.0138,-1.0134,0.4936,0.2499,2.3384,-1.2716
44424.23902,-0.3473,0.0344,-0.007,-0.4014,-0.0783,0.2156
44533.3538,0.426,-0.043,-0.027,-0.3136,-0.17,0.0984
45375.60004,-0.4838,0.5259,-0.6625,-1.2542,-0.0975,2.44
45000.84496,-0.2443,-0.1488,0.1807,-0.6628,0.0803,-1.0554
44366.18025,-0.0334,0.0726,0.2936,0.0806,-0.2679,0.0993
44779.13451,0.0282,-0.2641,0.3506,-0.5428,0.1827,0.0365
44377.18846,0.0404,0.0256,-0.0683,-0.1084,-0.092,-0.0409
45584.91492,1.62,1.5366,-0.5601,0.271,-1.0032,-5.4743
44773.73649,-0.3729,0.172,-0.1415,0.6914,0.3255,0.3365
44851.72093,-0.4144,-0.0107,0.039,-0.1013,0.0119,-0.1386
44858.38547,0.0332,0.157,-0.1303,-0.2256,0.0786,0.0404
45107.85262,-1.7026,-0.9583,0.435,0.5656,-0.8322,-0.8713
44764.38797,0.3186,0.2894,0.0719,-0.0368,0.005,0.0615
45123.53474,-1.354,-0.6403,0.4445,-4.2302,-2.838,1.6393
44533.05223,0.2846,-0.414,0.2482,-0.3387,-0.1357,0.0943
45508.86114,0.5587,-1.6218,0.6379,-0.493,0.6195,3.4796
45512.54022,-1.4057,0.1202,0.557,2.2365,0.1008,-2.8826
44591.34699,0.0064,-0.1266,-0.3128,1.2701,0.041,-0.174
45225.01272,1.0692,-0.1703,0.7455,0.9408,0.5267,5.3878
45524.8138,1.0057,-1.1068,0.4122,-0.607,3.7968,-1.7121
45433.77192,-0.3255,0.8867,-0.9353,-1.7146,0.4012,2.4506
44846.9864,0.1258,0.1038,-0.0407,0.1504,0.0165,-0.0473
45042.18986,0.6086,-1.8461,1.7923,0.0236,0.8318,2.6379
45078.68977,-0.5754,-0.0463,0.236,0.0369,-2.585,0.8348
44450.08593,-0.0199,0.0544,-0.006,0.3131,-0.0473,0.0092
45427.95177,0.4889,-1.4585,0.741,-0.0365,1.2416,2.8923
45455.24327,1.0368,-0.179,0.2831,2.6386,1.3056,5.5669
45560.60912,-1.2978,0.0803,0.4876,1.7055,0.5116,-3.5958
45626.30955,0.0792,0.0464,-0.037,0.2381,0.089,0.0785
45490.73726,-1.9991,-0.7447,0.4045,-2.0185,-1.7027,-0.0009
44460.06859,-0.0167,-0.2521,-0.5244,0.0538,-0.213,-0.1218
44616.40771,-0.185,-0.175,0.7166,-0.1929,0.3533,-0.1607
44498.24957,-0.2037,0.0402,0.3238,-0.2608,0.2482,-0.0289
44667.85601,-1.3547,0.0632,-0.3959,-0.063,-0.0744,0.7967
45573.75717,0.8874,-1.649,1.2139,0.6808,2.8096,-0.2953
44514.80653,0.0331,-0.0352,0.105,-0.315,-0.2393,0.2423
45146.60494,-1.1943,-0.153,0.4304,4.6635,-0.1795,-2.1072
44742.31333,-0.8589,-0.4363,-0.1186,0.5863,0.1523,0.4474
44483.01949,0.3969,-0.0281,-0.0362,-0.1373,-0.0392,-0.2651
44669.51464,0.0658,-0.0229,0.1371,-0.5085,-0.4542,0.5741
45273.44451,1.8948,0.6115,0.3037,-3.404,1.6836,-5.1808
45551.86385,-1.0526,2.794,0.1636,0.4935,1.3141,-3.9293
44880.55062,0.2081,-0.031,0.0968,0.2954,0.0959,0.2926
45223.74109,-1.8529,-0.8902,0.3868,-1.0232,-1.8261,0.2038
44495.95753,-0.4808,0.1359,-0.1794,-0.7382,0.1914,-0.476
45078.59929,0.5208,2.8662,-0.8208,-3.702,-1.4019,2.302
44426.92322,0.2787,-0.2766,0.175,0.1779,0.1045,0.0936
44724.43039,0.1098,0.5713,-0.3374,-0.9132,-0.2293,-0.5617
44776.5712,0.4461,-0.7035,0.1034,1.0365,0.2529,0.9065
45281.91855,-1.7871,-0.7875,0.6052,-1.567,-1.9157,0.089
45494.92896,1.1134,2.9621,-1.1656,4.8167,-1.596,-5.5017
45617.01117,0.2489,0.744,-0.0708,0.8282,1.4947,3.4279
44763.84516,-0.0232,-0.215,0.0119,-0.2749,0.2471,-0.044
44670.78123,0.8306,-0.2839,0.7003,0.8294,-0.0594,0.3113
44467.84962,-0.0279,-0.2968,0.2425,0.1657,-0.0613,0.2945
44792.25259,0.1237,-0.0854,0.7616,-0.586,0.563,0.0521
44801.90264,-0.2486,0.1755,-0.3026,-0.291,-0.1492,-0.1849
44357.13239,-0.0049,0.0216,0.0228,-0.0812,0.0163,0.0434
44597.22769,-0.3636,0.1598,-0.1083,0.2616,-0.4139,-0.2814
44954.73544,0.3411,-0.082,0.2246,-0.2562,-0.0018,0.1136
45451.56422,-2.1093,-0.7113,0.0603,-0.3418,-1.0831,-0.7481
45427.31847,-0.0213,1.4907,-1.4774,-3.7417,0.6964,2.3925
44382.91877,0.038,0.0652,-0.0904,0.2901,0.1393,-0.2504
44977.68472,-0.3302,-0.0754,0.1486,-1.2569,0.0411,-0.1644
45035.18842,0.4685,0.9644,-0.8636,-1.9946,2.2983,1.8035
45282.52168,1.2178,2.244,-0.5025,-3.6119,-0.7027,1.7886
45503.49332,-1.2616,-0.45,0.0006,-3.5746,-1.8039,1.4382
45622.75108,0.2752,0.2946,0.028,1.0893,1.565,0.6286
45360.31064,1.7551,1.38,-0.581,3.4852,2.1522,5.831
45046.15043,2.5366,2.0441,-1.3068,3.7925,4.3198,6.1973
45523.0346,-0.1925,3.6104,-0.8338,1.7051,-1.7024,-4.1043
45598.63595,-1.2825,-0.4385,0.6109,1.0034,1.0994,-2.3056
45578.3409,-0.3118,2.831,-0.4917,3.2362,-1.4092,-4.1494
44766.61955,0.7836,-0.4931,0.3264,1.3976,-0.2294,1.4039
45119.24729,1.9995,0.6651,3.6921,5.9577,8.5763,1.5943
45502.58866,0.4725,1.6302,-1.2132,-2.7333,-0.3243,1.5904
45073.38216,-1.9622,-0.7667,0.2237,-0.7924,-1.3086,-0.8905
45154.65688,-1.0654,2.2727,0.0011,0.3038,0.5509,-3.6775
45223.68078,-0.7577,-0.544,0.4647,-2.8662,-1.8815,2.0204
45151.55067,1.6944,2.8325,-1.1873,3.9098,-1.7065,-4.9069
44389.19206,-0.3245,-0.4375,-0.1192,1.8765,0.3957,0.4018
44519.33025,-0.3322,-0.2858,-0.3686,-2.8367,-0.1373,-0.4715
44990.35046,-0.5584,-0.0439,-0.102,-0.6321,0.197,0.6996
44360.2388,0.2859,-0.0184,-0.2563,-0.0964,0.4156,0.0753
45552.79871,1.5911,-0.0508,0.2644,-4.5977,2.7597,-3.2545
45322.5245,-1.1328,-0.2579,-0.7652,-2.3157,-2.1139,0.8888
45603.73233,1.1353,-1.4179,1.0643,-0.1521,2.4539,-0.5129
44630.37057,0.0319,0.0819,-0.0917,0.2209,-0.0264,0.1162
45555.15087,1.1886,1.1099,-0.118,0.5986,-0.1,-5.1666
44389.49366,-0.7016,-0.233,0.1352,0.3953,0.2328,0.5912
44797.89184,-0.6329,0.2929,-0.5644,-0.163,0.2322,0.0277
45104.47488,0.8723,1.6721,-1.0596,-3.7221,-0.0809,1.207
44779.46623,-1.0131,0.3451,0.9566,-1.7157,1.242,0.259
44759.44229,-4.0713,2.5958,1.7035,-0.7415,3.3034,1.0329
45570.50032,1.2248,-1.4067,0.7667,-0.2871,2.501,-0.9203
44648.91735,-0.6244,1.1595,-0.3983,-1.8698,-0.1699,-1.431
44929.07249,0.0953,0.3567,-0.0509,0.4437,-0.0852,0.4326
44880.8522,-0.2731,0.5105,-0.0134,0.4108,-0.3874,-0.358
45250.85713,-0.9889,0.3711,0.654,0.1228,0.3416,-1.9059
44888.84378,0.4972,-0.3271,0.2511,-0.2603,-0.1343,0.9533
45122.63001,0.3296,1.7728,-1,-3.0189,0.0219,2.4601
44909.16936,0.2447,-0.1862,0.4509,-0.8348,-0.4172,-0.3053
44395.43541,-0.6426,0.0441,-0.0398,0.4176,0.095,0.0896
44867.76406,0.1319,0.297,0.6564,1.3158,0.6135,-0.3964
44487.875,0.1721,0.2461,-0.1553,-0.4493,-0.1432,-0.1444
44854.67625,0.262,0.2566,-0.2026,-0.1328,-0.3111,-0.3817
44783.65801,0.0305,0.682,-0.0951,-0.8666,-0.2937,-0.3846
44892.64355,0.7216,-0.2212,0.3928,0.6405,-0.1851,0.062
45001.11635,-0.0984,0.1945,0.1151,1.0428,0.093,-0.1375
45002.98607,0.0684,0.3408,0.0034,0.6425,-0.2604,-0.0262
44832.05904,0.1377,-0.0671,0.011,0.6016,-0.0723,-0.5201
45255.19967,0.9998,-0.7016,0.9138,-0.0374,0.8802,4.2886
45263.19124,0.9922,-0.5365,1.0034,-0.5231,1.857,3.8877
44651.11881,-0.0569,0.2493,0.0693,-0.2832,-0.0982,0.0166
44736.19152,0.4722,-0.0924,0.1139,-0.569,0.4216,-0.3885
44626.14856,-0.084,0.0193,-0.0204,-0.1263,-0.1893,0.1209
44917.46234,0.2804,0.0339,-0.2247,-0.2571,0.0843,-0.1521
44544.99479,0.192,-0.5563,0.0221,0.3699,0.0477,-0.2093
44646.47462,0.0101,-0.0151,0.0233,-0.1089,0.121,0.0227
45031.43393,0.0788,-0.1699,0.1398,-0.3971,-0.2918,0.139
44651.66166,0.368,-0.1829,0.3343,0.4052,-0.1414,0.246
45057.36881,1.6866,-0.2889,0.3158,-3.7996,1.405,-4.2497
45223.37921,0.924,-1.0048,0.9636,-0.1847,0.9741,2.5874
45274.5,1.8273,2.3262,-0.3604,2.2623,2.168,5.7868
45303.77709,1.3866,-0.3126,0.8466,-1.0648,2.6582,-1.8656
45331.48101,-0.906,3.1893,-1.3325,2.1773,-1.4148,-3.8309
45393.03054,0.9059,1.9453,-1.817,-3.2901,0.0524,1.2331
45436.24476,-1.5922,-0.3099,0.006,-4.0553,-1.6281,1.3576
45259.21055,0.8347,-0.5844,1.0264,-0.2275,1.2729,3.9768
45521.49661,1.4894,1.429,-0.7959,-3.768,-1.171,-4.9662
44611.00954,-0.0942,-0.0644,0.306,-1.1391,1.3354,0.9439
44570.53834,-0.4282,-0.7752,-0.5063,-0.77,-0.0519,0.4976
44672.19862,-0.1923,-0.1778,0.2137,-0.1057,0.0475,0.3099
45117.88013,0.3496,3.5017,-3.2042,6.0202,0.2106,-2.4662
45193.61951,0.5275,3.7671,-0.6855,1.7254,-1.981,-4.9609
44840.8345,-1.3013,2.578,-1.4414,-5.0527,-0.2674,-2.5461
44877.29367,-0.1738,-0.3003,-0.619,0.6165,-0.084,0.4735
45476.35271,-1.5396,-1.1323,0.3162,-4.4281,-2.5115,0.8328
44789.3576,0.0734,0.5785,0.2707,-1.2053,-0.3897,-0.6499
45543.99313,1.4124,2.0296,-0.8588,2.4382,-0.9793,-5.7986
44387.89515,0.6549,1.1099,0.5194,1.1459,1.2013,-1.2638
45018.42629,0.2683,-0.4631,0.5144,-0.0355,-1.1599,-0.3205
45611.2714,0.6594,-0.9697,0.9446,-0.3663,2.2689,4.3145
45102.24313,-0.8347,-0.2559,0.1275,-2.3822,-2.01,1.9238
45004.70501,0.2364,-0.1263,0.077,-0.9554,-1.0339,-0.6373
45573.66671,1.2301,-0.0006,0.4245,-2.9739,1.829,-3.8797
44526.14602,0.3555,-0.3033,-0.0615,0.9138,0.0745,0.1938
45355.45545,0.634,-1.3964,0.498,-0.9054,1.2869,4.1354
44619.42346,0.2432,0.1748,0.1996,-0.1036,-0.0763,-0.5157
45406.11847,-1.5707,0.5374,0.1594,-0.4755,-0.2163,-3.2243
44577.77613,0.3243,-0.0397,0.1057,-0.0976,0.135,-0.1601
45585.81963,1.1805,-0.4823,0.8056,-2.0284,1.7852,-2.591
45549.81327,0.5822,-1.2027,0.7541,-0.9986,0.63,4.5336
45159.6629,1.4491,-1.6326,1.5234,0.8005,3.0834,-0.922
44613.30153,0.2752,0.686,-0.4661,-0.0342,0.5003,-0.3926
45004.19234,0.0505,0.1284,0.0369,1.7215,0.2747,0.1706
45013.35998,-0.1324,-0.5991,0.0623,3.2103,0.1057,2.2644
45393.66384,0.8066,-1.5308,0.904,0.0772,2.27,1.8444
44495.71626,-0.2455,-0.2037,0.1902,0.1833,0.1279,0.0809
45255.7425,1.8591,2.1021,-0.6439,2.2989,-1.5814,-5.4075
45254.71719,-1.3026,-1.0575,0.604,-2.0477,-1.3673,0.1941
45287.19594,0.7548,0.6525,-0.252,5.5149,2.0444,0.2111
44372.09147,0.0226,-0.2052,-0.0739,0.1895,-0.2943,-0.6869
44515.98272,0.0866,0.0844,0.0618,-0.8389,0.227,-0.7978
44404.60452,0.0184,-0.0859,-0.3006,-0.135,0.1112,0.135
44431.65833,0.575,0.3264,-0.2382,-0.139,0.1487,-0.5578
44554.88656,0.3784,-0.6695,0.1385,0.4243,0.1733,0.303
44668.33852,0.2358,-0.8862,0.2126,1.1295,-0.0033,0.9838
45256.97897,-0.1604,0.7246,-0.1042,-2.4575,-0.4968,2.8045
45240.33243,-0.8765,-0.3003,0.3868,-2.3242,-1.5757,2.3988
44845.65951,-0.0588,0.2878,-0.3019,-0.3146,-0.0886,-0.1396
45150.85709,1.6514,-0.2123,0.5828,-2.9384,1.4065,-4.1288
45172.47961,0.6902,-0.9294,0.7946,-0.8548,0.8956,3.8234
45575.77763,-1.9604,-0.8003,0.2737,-1.9808,-1.0926,0.0968
44566.648,0.1073,0.1371,0.0025,-0.6686,0.2046,0.5489
44779.31545,0.2427,-0.2394,-0.0658,0.3563,0.2308,0.1899
45580.08997,1.2412,0.7962,-0.2505,-2.321,-1.3879,-4.367
44852.89703,-0.2431,0.0286,-0.2121,-0.4893,0.0316,-0.2576
45602.0436,1.1872,0.6453,0.2834,-3.5863,1.3464,-3.6188
44957.90186,1.3128,-0.2397,0.7493,1.8028,0.702,0.591
45202.63637,1.1583,-1.1076,0.9524,-0.3919,2.5813,-1.3615
44490.52897,0.3568,-0.2499,-0.0623,0.6211,0.1402,-0.0008
45482.53475,2.5839,2.8084,-2.2705,-2.9299,-0.5013,4.328
45019.21034,1.1147,0.0166,-0.2186,0.0722,3.9685,2.9566
45246.30345,1.474,-0.6589,0.6493,-2.3816,3.1717,-2.5105
45222.92682,-1.2471,-0.8177,0.6636,-1.8964,-2.368,0.7388
45176.49045,0.8641,-0.735,0.6457,-0.0336,0.0432,5.0578
44957.35904,-5.1851,-0.0851,-0.3144,-4.2271,-0.333,0.89
45381.69167,0.4524,-1.7624,0.5627,0.1434,1.1695,1.5282
44950.78498,-0.412,-0.05,-0.4838,0.8992,0.721,0.1365
44888.05972,0.2105,-0.1789,0.1704,0.4201,0.0907,0.0125
45042.52159,-1.4327,-0.3118,-0.4371,-3.0886,-1.1836,0.1311
45020.62772,1.1128,0.9113,0.2918,-4.1833,-0.3458,-6.4163
45430.30396,0.9545,-1.8557,1.0128,0.5384,2.3803,0.1334
45446.7995,-1.88,-0.6196,0.2124,1.6092,-0.6005,-1.8234
44740.68485,0.3402,-0.1216,0.7414,0.6517,0.5804,-0.0799
45453.7053,3.1658,3.223,-2.9766,-1.3492,0.6109,3.2827
44479.0385,-0.2256,-0.0431,-0.9637,-0.3257,-0.686,-0.0221
44747.19869,1.9033,1.3311,0.2295,-2.275,-0.6317,-0.7622
45121.39354,1.1428,4.631,-1.3836,4.7141,-0.876,-7.0655
45327.07814,0.5238,-1.2689,0.3673,-0.3365,0.7353,4.6176
44675.03336,0.9785,-1.9251,-0.2733,0.806,-0.6135,1.4377
45409.25474,-1.6226,-0.736,0.288,1.4242,-0.4186,-1.7452
44527.56344,1.6554,0.8436,0.8564,1.5728,-1.0616,-0.4973
45514.86221,-1.9746,-0.8222,0.3095,-0.2507,-0.9642,-1.0423
44727.11431,-0.2679,0.2075,0.1531,0.3499,0.5013,-0.8392
45521.94896,-0.8002,0.5821,-0.2922,-2.1932,-0.5096,1.9405
44436.39344,-0.0448,-0.5814,0.1546,0.4499,0.0916,0.2372
44809.65284,-0.3169,0.3463,-0.2129,-1.0291,-0.2095,-0.2312
45307.90858,0.8779,-0.7651,0.8559,0.0731,-0.855,3.6554
45580.87404,1.3834,1.832,-0.6403,2.0926,-0.6964,-5.3616
45315.20648,2.261,2.8732,-1.6616,3.3067,3.1961,6.2375
44970.26617,-0.157,0.2022,0.1649,-1.1003,-1.7087,0.6014
44944.33155,-1.5531,0.0624,0.1339,-2.2077,-1.7662,0.0455
45042.67237,-1.5558,-0.4896,0.0904,-0.9027,-0.7295,-0.344
44362.95314,0.0978,1.3534,-0.1067,0.3493,-0.7267,-0.6547
44544.63292,-0.2241,0.458,0.1353,-0.7656,-0.3699,-0.539
44433.52824,0.3812,-0.1078,0.2033,-0.3385,-0.071,0.1986
45311.28611,-0.0424,1.0981,-0.4482,-3.4453,-0.0513,2.3499
45314.39224,2.2989,2.0454,-0.5656,0.8262,2.2396,5.8368
44880.39986,0.1798,-0.0585,0.1072,-1.5135,-0.2843,0.1377
45251.61105,-0.833,-0.8791,0.4575,2.4886,-0.4296,-1.9771
44459.01304,-0.1065,-0.1999,0.2657,-0.724,0.1307,0.1579
45448.18668,-0.6369,0.5523,-0.4926,-2.9498,-0.4266,2.2151
44645.05722,-0.2025,0.2475,0.1552,2.7602,-2.6323,-2.1108
44533.47444,0.3787,-0.1529,0.091,0.0431,0.098,0.0121
44675.18414,-0.5231,0.8714,0.4178,-1.0984,0.1063,-1.1188
45116.73414,1.747,2.713,-0.7013,2.2319,-0.5921,-6.5371
45572.06845,1.0335,-0.3782,0.6329,-3.4513,2.0137,-3.0211
45547.88323,-1.218,0.2123,0.5732,-1.4096,0.0584,-2.9026
44558.77687,-0.1636,-0.0643,-0.0527,0.4348,-0.0171,0.3379
44908.50591,0.0205,-0.2647,0.4208,-0.6342,-0.0354,-0.0262
44687.27706,-0.5797,0.7562,0.0188,-1.6483,0.6275,-0.8846
45153.48075,2.041,2.7027,-0.6316,5.5089,1.3929,5.3381
45257.31067,1.3731,4.0362,-1.2708,4.6954,-1.2012,-6.3343
44375.46938,0.0615,0.0377,0.1789,-0.303,0.0978,0.3176
45008.92694,-0.2039,0.2312,0.2695,-2.6595,0.5817,1.1609
44955.57981,-0.0832,0.0566,0.2883,0.4655,0.1843,-0.1312
44550.30258,0.3863,0.2424,-0.1152,0.0521,-0.2262,-0.2428
45353.04295,0.8048,-1.9385,0.9798,-0.1996,1.9719,1.7263
44436.18232,-0.6646,-0.8172,0.6889,0.3215,0.3346,1.4047
44949.06608,0.505,0.0394,-0.0409,-0.2401,0.1884,0.084
45254.05376,-0.1352,2.7736,-0.282,-0.0121,-0.1464,-4.1377
45379.46007,0.5541,1.3273,-1.6445,-5.1626,0.8743,4.9921
45132.55176,1.8053,-0.1548,0.5554,-2.7822,0.9422,-4.4443
45482.89661,-1.5956,1.9358,0.0747,1.0767,0.5316,-3.7494
44946.53295,0.2736,0.3487,-0.1123,5.342,-1.53,-2.2127
44360.38961,-0.041,0.2189,0.4035,-0.7296,-0.0036,-0.7084
45525.8391,2.671,2.6288,-1.8883,-4.0215,0.0192,3.7625
44888.27081,-0.0861,-0.0824,-0.2566,-0.7958,-0.332,-0.4479
44984.68102,-0.0861,-0.1679,0.2743,-0.6301,-0.6134,0.162
45009.40943,0.072,0.0242,0.2333,6.232,2.0914,1.9868
44432.89489,0.1979,0.0983,0.0733,0.0764,-0.2143,0.2483
44582.29976,0.6669,0.5474,-0.1015,0.4547,0.185,-0.206
45599.48032,-1.3144,2.2647,-0.165,0.8864,-0.303,-4.6949
45023.40216,0.3961,-0.3171,0.1194,-0.3596,0.6044,-1.2265
45248.59538,1.4042,1.5496,-0.252,-0.4786,-1.1215,-4.6151
44696.02262,0.9774,-0.356,-0.1007,0.3356,-0.4658,-0.2421
44765.68471,-0.0321,-0.4504,0.0901,0.5553,-0.0893,0.6594
44896.0513,0.7505,-0.3477,-0.1491,-0.4913,-0.0176,-0.0719
45350.50978,0.8729,0.4162,-0.3252,-4.6166,0.1085,-4.1759
44826.23888,0.1761,0.1105,-0.1295,-0.0064,-0.1673,-0.0863
44837.6078,0.0679,-0.1935,0.1396,-0.4217,0.1508,-0.2406
45144.886,-1.0711,-0.6749,0.4289,-2.9738,-1.6455,1.1278
44989.86796,0.0449,0.0701,0.002,-0.7735,0.0545,0.0438
45001.80995,0.0893,0.1415,-0.0026,0.1054,-0.0143,-0.0411
45198.89695,-0.1559,1.1631,-0.8208,-2.7609,0.7275,2.4774
45485.0377,-0.8476,0.4355,-0.5662,-0.9026,-1.4458,2.0796
44872.86057,0.4191,-0.0682,-0.093,0.0085,-0.199,0.029
44931.72624,0.2268,0.169,-0.264,-0.4621,-0.5402,0.4387
44520.95881,0.258,0.3583,0.1779,0.3305,0.0217,0.5402
45215.06598,0.0538,0.7367,-0.0069,0.5052,-0.1964,0.4243
44470.89566,0.4871,-0.4734,0.5684,2.3056,0.3497,-0.089
44502.92415,-0.3003,0.6924,-0.0366,-0.1647,0.0795,-0.5991
44719.78627,-0.4608,0.2161,-0.3015,-0.4464,-0.442,0.2855
44830.55121,-0.3162,-0.336,-0.1541,0.4404,0.2951,-0.0716
45082.70062,-1.5022,-0.8773,0.4003,-2.5529,-1.8232,1.1987
44419.53404,0.4602,-0.0246,-0.0244,-0.0103,-0.4429,-0.0038
45007.8413,0.4867,-0.4275,-0.528,-1.4894,-2.1837,2.653
45067.23015,-1.4709,-0.7684,0.2876,1.8164,0.0776,-1.9549
44730.2808,0.2894,-0.043,0.4465,0.7848,0.132,0.2935
44502.23051,1.1965,-0.0822,0.6779,1.4505,-0.0072,1.0431
44437.3284,0.2173,0.2266,-0.0494,0.2761,-0.1725,-0.0816
45383.68201,-2.2,-0.5917,0.0716,-0.4707,-1.333,0.1729
45061.25907,1.6765,0.0408,0.2721,-4.1181,1.7515,-4.5866
45148.35406,1.6087,1.1784,-0.3773,1.8354,1.3433,-6.1136
44411.54154,0.1434,-0.2756,-0.0228,0.2356,0.0799,0.2315
45280.89322,2.7624,3.4495,-1.7528,-6.1011,-0.1259,3.6101
44628.41035,0.3062,0.9125,-0.0471,-0.7288,0.1543,-0.7126
45566.09753,-1.578,-0.5724,0.1415,-0.7163,-1.9024,0.8582
45234.57247,1.1051,-0.4019,0.8722,-0.0472,2.0406,4.7101
45388.71814,1.0194,0.9276,-0.8819,-0.9825,-1.371,-4.6411
44975.242,-0.5822,-0.3367,0.1384,-1.0473,0.1963,0.7814
44557.14837,-0.0219,0.1506,0.0788,-0.2446,0.1509,-0.2008
44768.67019,-0.0968,-0.1092,0.0579,-0.434,-0.2859,-0.0824
44865.11031,0.2118,0.1506,-0.1595,-0.6846,-0.4168,0.0243
45011.88228,0.3747,-0.1526,0.1252,-0.0014,0.2589,-3.3902
45038.43528,0.5624,-0.3867,-0.2046,-1.2935,-1.8799,1.448
45061.16859,0.8951,2.9306,-0.7876,2.0127,-1.4919,-4.9826
45383.74231,-1.7858,-0.6187,-0.0006,1.247,-0.6558,-1.5975
44484.76868,0.2456,-0.0723,-0.3271,0.4737,0.2063,-0.0336
45385.70247,0.6525,-1.5251,0.7764,-0.3909,1.4409,2.5703
44735.10588,0.3348,-0.3695,0.1449,0.2542,-0.173,0.1247
44837.39668,0.0884,0.0885,-0.1068,0.2625,-0.0392,-0.101
45248.35414,-1.478,-0.8571,0.4332,-2.0936,-1.8137,0.2282
44706.99975,-0.6508,0.1437,0.4753,0.5698,-0.0152,-0.3892
45058.7862,-0.1841,3.9881,-0.8134,4.7452,-0.3272,-2.9467
45602.88796,1.1474,-0.6404,0.6146,-3.0974,2.3052,-1.7863
45424.81548,0.5359,-1.229,0.3835,-0.7118,0.7443,4.4867
45457.14312,-2.2693,-0.8103,0.1825,-2.3666,-1.145,0.2328
44717.19278,0.1941,-0.2417,0.3833,-0.4198,0.4679,-0.2233
44505.60825,-0.0002,0.1007,0.1112,0.325,-0.0394,-0.2549
44929.46452,0.2086,-0.2653,0.2361,-0.0833,-0.1479,0.1063
44938.36061,-0.0247,0.0254,0.0303,0.3162,-0.414,-0.4856
45024.30689,-0.2312,-0.8397,-0.2045,-1.089,0.2571,0.8246
45276.82207,0.9353,-0.5561,1.0468,-1.025,0.9429,3.7327
45448.33747,-2.3579,-0.5967,0.1307,-0.624,-0.9788,-0.1573
45612.62843,-0.204,2.3851,-1.6383,3.3263,-1.8915,-3.126
