44664.44825,-8.1099,-0.0818,2.4373,1.8801,8.3116,3.3807
45037.34965,0.0843,-0.0308,-0.0172,-0.4048,0.0921,0.2349
44769.33365,0.0919,-0.4637,-0.5536,0.8148,-0.184,0.5885
44807.30065,-0.1903,-0.3577,-0.01,-0.4817,0.1749,-0.125
44894.78471,0.2838,0.031,-0.0959,0.1761,0.151,0.1153
45603.06889,0.8532,-0.7988,0.5638,0.2596,0.6328,5.4925
45424.30283,-1.4972,-0.5951,0.0252,-4.118,-2.2744,1.2585
44570.3574,0.0791,0.7061,0.0632,-0.2728,-0.0605,-0.1981
44530.48879,0.1405,-0.7153,0.1654,1.3229,0.1242,0.6385
44378.2742,0.0129,-0.0208,-0.0856,-0.2374,0.0929,0.2064
44447.5827,-0.5746,0.0432,0.0813,-0.9164,-0.063,0.0385
44807.48159,-0.3536,-0.0682,0.1791,-0.7515,0.0793,0.152
44691.83078,0.0069,0.407,0.3697,1.1198,0.0507,0.4109
44812.06537,0.4008,0.0768,0.0184,-0.2656,0.2027,-0.2881
44847.19749,-0.2439,0.2169,0.1246,0.1167,0.0422,-0.0375
44912.78812,0.1173,-0.1415,0.0242,-2.5873,-0.5969,0.0334
44594.3326,1.2278,-1.1597,-0.8084,2.0098,-0.5546,1.8697
44516.85729,-1.9826,0.078,0.496,-1.0712,-0.0038,0.0612
44708.3568,0.4884,-0.2631,-0.1806,0.5267,0.0321,-0.0755
44729.6475,-0.7643,0.3569,-0.5577,-2.3395,-1.3916,-0.9562
45140.06089,-0.5652,0.4385,0.078,-3.0759,-0.9275,2.6508
44792.76525,-0.0043,0.2215,-0.3812,-0.5714,-0.3313,0.1043
44404.15212,0.1925,0.0834,0.3956,-0.1572,0.0376,0.1291
44986.76183,-0.0921,0.2216,-0.2055,-0.5561,-0.3814,0.4013
45265.12126,-1.6367,-0.6242,0.6027,-1.4985,-1.2867,1.0318
45323.82121,0.6503,-2.1485,0.9645,-0.621,3.0887,-0.3729
45420.02061,0.6433,-1.6568,0.7113,-0.4348,1.4655,2.4196
45613.89497,0.5612,-1.1117,0.8549,-0.5607,0.6462,3.5171
45310.11,1.6377,0.7586,0.1933,-4.406,2.3516,-4.0231
44527.35234,0.577,-0.1925,-0.1106,-1.565,0.3578,-0.5015
44562.6672,-0.4082,0.8046,0.1595,0.7282,-0.0655,-0.3145
44482.11473,0.2846,-0.1016,0.3848,0.0843,-0.0918,0.2792
44484.67822,0.1203,0.1293,0.3418,-0.299,-0.0751,-0.379
44716.55947,0.2636,-0.0252,0.4126,-0.4247,-0.0629,-0.0529
45548.9689,0.8261,-1.7254,0.9447,-0.725,2.278,0.853
44933.38483,0.3981,0.0822,-0.0952,0.56,0.0889,-0.8045
45539.40937,0.6735,-1.4428,1.221,0.4417,1.6105,1.4881
44744.54493,-0.0076,-0.1825,0.2747,0.0218,-0.1344,0.2627
44734.23133,-0.4162,0.1954,-0.0388,-0.5802,-0.1686,0.052
45535.06691,-1.2284,1.1118,-0.2606,1.7352,-0.7718,-2.6919
44443.66194,-0.4192,0.2254,0.1571,0.133,-0.0748,0.1018
44858.86795,0.3126,0.0598,-0.1801,-0.8011,-0.1427,0.1706
44464.41149,1.2041,0.2154,0.2898,-0.7679,-0.3441,-0.7121
45150.646,-1.0784,-0.4666,0.5992,1.2775,-0.6386,-2.1235
45295.00151,1.0797,-1.2861,1.3682,0.0921,1.9489,1.4474
44811.40192,0.3199,-0.1801,-0.0862,-0.0316,-0.3761,0.187
44725.54619,-0.37,0.9157,-0.2817,-0.259,-0.167,-0.4364
44936.37031,0.0423,-0.2201,0.0079,3.0637,-2.5198,-1.5684
45010.58555,0.3529,-0.3102,-0.5685,3.0576,1.7148,0.2857
45485.67101,0.6389,-0.5211,0.2198,1.9976,-0.4731,5.618
45204.95845,2.0502,0.4092,0.5027,-3.265,1.0258,-5.1321
45252.93796,0.3544,1.7876,-0.402,-6.3306,-0.5954,1.3977
44829.85761,0.3456,-0.3092,0.3989,0.1295,-0.1265,-0.042
44904.97763,0.1176,-0.0024,0.3383,0.8036,0.5643,1.1417
44613.54277,-0.3457,-0.1854,0.2615,-0.5876,0.4124,1.066
44945.35685,0.3109,-0.7078,-0.1266,-1.3613,-0.1471,-0.7307
44980.39881,0.411,-0.0966,0.1412,-0.55,-0.1639,0.7965
45425.65985,1.8025,1.5915,-1.598,1.3104,2.0815,4.9891
44847.46891,-0.11,-0.0367,0.3514,-0.9979,-0.6461,-0.1243
45506.35816,0.9313,-2.1831,0.5026,-0.8398,2.0788,1.3541
45543.29953,1.0001,-0.5732,0.5659,-3.3413,1.5667,-3.173
44484.43692,0.133,-0.1138,-0.2194,0.6743,0.2366,0.5819
45046.57264,2.4262,2.2964,-1.2081,0.7578,-1.852,-5.865
44450.9907,0.2031,-0.2493,-0.2454,0.6251,0.1858,-0.2689
45563.26286,0.8861,-1.626,1.2291,0.1337,2.8101,-0.8051
44921.83499,-0.018,0.0991,0.043,-0.6601,-0.211,-0.1174
45128.26945,-1.7135,-0.8663,0.482,-2.5804,-2.4171,0.9033
44514.05259,0.3483,0.0398,-0.1152,-0.6894,0.3745,-0.589
45118.45312,3.0386,2.9964,1.3599,23.839,7.1554,-5.352
45054.68486,-1.0838,-0.3849,-0.0346,-2.3647,-1.9908,2.0416
44466.37184,0.0769,0.0302,-0.048,-0.1663,0.1696,-0.1609
45076.27723,2.1581,2.6239,-1.3148,-7.597,-0.7516,2.7051
45034.00731,0.2516,1.4943,-0.9117,0.3077,-1.3731,-4.2758
44465.22579,1.1586,-0.2568,-0.3381,1.1079,0.2234,0.3246
44563.54177,0.0045,0.0955,-0.0608,-0.0694,-0.115,-0.0111
44434.28224,-0.3056,-0.4157,-2.3267,0.1038,0.3469,-0.34
44535.88707,-0.4554,0.0049,-0.2554,-0.7094,-0.1011,-0.0278
44659.83422,0.1431,-0.0868,-0.6585,-1.0476,-0.6136,0.1818
44845.68967,0.0777,-0.0724,-0.0628,-0.1893,-0.1671,0.0226
45450.90077,-0.1809,3.3685,-1.3071,4.0062,-1.3896,-5.6018
45270.85105,-1.4032,-0.8273,0.6853,1.0642,-0.8988,-1.2134
44944.18076,-0.4821,0.0385,-0.1744,-0.0504,0.4711,-0.3297
45555.69369,-2.1414,-0.4534,0.2804,-2.4558,-1.9478,1.3904
44671.7161,-0.3076,-0.2784,0.0614,-1.2867,-0.123,0.4622
44409.46046,-0.4965,0.1763,0.2983,0.5984,0.215,0.2116
45105.16852,1.1058,-0.7634,0.6572,-1.0184,-0.0415,5.2035
45336.12511,-2.5742,-0.5455,-0.0421,-0.1467,-0.784,-0.5617
45364.9246,1.1568,-1.2017,0.3235,0.0585,2.8774,-1.2368
45422.9458,0.8614,2.9839,-1.2338,3.8872,-1.2012,-4.9224
45509.61505,0.6991,-1.8522,0.6839,-0.0105,2.5118,0.5177
45249.53022,1.3335,-1.3145,1.1997,0.8665,2.7972,-0.4844
45167.56403,1.2837,-1.1556,0.9347,-0.781,2.7457,-2.0549
45235.0248,-0.5264,2.4275,-0.805,2.1302,-0.9542,-4.3292
45532.83534,1.0647,-0.3719,0.5513,-3.7621,2.3968,-3.0743
44749.7922,-0.2826,0.8605,-1.6128,-1.1497,-0.184,0.5464
45037.07825,-0.1364,-0.1314,0.0667,-0.5701,0.2413,0.914
45462.99349,1.2267,0.9497,-0.3047,0.0425,0.3258,-4.8528
44701.90322,-0.0987,0.1806,-0.1675,-0.27,-0.1935,-0.1221
45032.57986,0.2733,0.1917,0.3705,0.0729,-0.205,-1.4052
45572.37002,0.1332,1.1065,-1.194,-2.4536,0.9987,1.5996
44678.35063,-0.496,-0.1198,-0.0377,0.13,0.0152,0.1859
44799.91235,-0.4092,0.4192,-0.5193,0.2682,0.1211,-0.2806
45609.2811,1.1862,1.2633,-0.2181,-1.5279,-0.9032,-5.0876
44907.11872,-0.0389,0.0562,0.0153,-0.0076,0.0476,-0.2729
44889.44694,-0.4354,0.0069,0.2986,0.5255,0.1713,-0.3087
44951.08655,-0.3044,0.0223,0.1246,0.2818,0.1226,0.2959
45097.96055,1.381,-0.9574,0.5729,-1.8855,2.3347,-2.4038
45385.73262,0.7133,-1.239,0.6302,-0.7523,1.1168,4.0552
45591.39848,-1.0929,1.8443,0.2969,1.4715,0.0585,-3.0636
44727.50637,0.5444,0.4596,0.3418,1.6016,0.1409,0.8069
45235.47718,0.7393,1.7732,-0.9701,-3.7642,-0.5684,1.2835
45096.69389,-0.3339,0.8517,-0.7316,-1.0392,0.4368,2.2732
45012.09339,0.3244,-0.3327,0.1821,0.5559,0.5857,2.4785
44688.21195,0.9705,0.0668,-0.5466,-0.1593,-0.0579,-0.0279
45513.98769,-1.3144,-0.68,0.1328,-2.3235,-2.4844,1.5416
45558.79976,-0.8649,0.3028,-0.1718,-0.9537,-1.6919,2.9997
45002.44326,0.0155,-0.0269,-0.0309,0.2493,-0.0885,0.5981
45229.5664,1.6072,0.2931,0.2889,-3.5873,2.0715,-4.4188
45299.61549,1.9577,2.1107,-0.9446,0.7379,-1.9073,-5.2301
45278.57116,0.0453,1.6931,-0.5656,-3.6244,0.2676,3.0494
44371.48829,-2.5049,-1.5273,-0.0068,0.7544,2.0424,1.5688
45569.68611,1.0947,-1.5703,0.7088,-0.4094,2.7533,-0.2094
44848.43392,-0.2576,-0.032,0.2825,0.4068,0.2155,-0.2797
44963.81262,0.1167,-0.0994,0.1718,0.0797,-0.4431,0.2412
45132.7327,0.7772,-0.9769,0.8735,-0.6772,1.1737,3.9669
44625.99777,-0.0067,0.0129,-0.0373,0.2726,0.1571,-0.3958
44926.17748,0.2847,-0.7287,0.5106,1.6859,0.5629,1.2155
44502.10987,-0.5456,0.0766,0.1893,-0.034,-0.0692,0.1605
44392.26848,0.0985,0.3981,-0.0064,1.4808,0.0283,0.0456
44970.17569,-0.0561,0.3436,0.493,-1.6919,-2.1291,1.1258
44791.01616,-0.0985,0.1719,0.0107,-0.0815,-0.006,-0.1868
44919.75424,0.1065,0.0875,0.0557,-0.177,-0.0654,0.1367
44414.43695,-0.461,-0.1028,0.16,-0.4366,0.3602,0.16
44690.98639,0.2561,0.0225,-0.4268,0.347,-0.3578,0.5502
44707.69336,0.4251,-0.074,0.1846,0.6663,0.1945,-0.0207
44882.60127,-0.2176,-0.2235,0.1421,0.4162,0.3333,0.4999
45130.80262,-0.6702,3.2972,-0.5848,1.4744,-1.2801,-3.3196
45017.09942,0.3611,-0.7288,0.1482,2.9846,0.9977,-0.4224
45207.19005,-1.1414,1.2472,0.4188,0.6495,0.5002,-3.0271
45260.11524,2.3799,2.2557,-2.3119,-2.1206,0.88,2.5382
44812.3971,-0.553,-0.1712,0.5365,-0.7088,0.0121,-0.2217
44830.06873,0.7462,0.7199,0.2495,-0.4082,0.2709,-0.168
45314.3018,1.0354,-0.678,1.0823,-0.4428,0.4997,3.6306
45463.26488,1.2699,0.226,0.2151,3.1035,1.7066,5.4935
45538.41424,1.075,1.2529,-0.4859,0.7007,-1.2689,-5.004
44501.41622,1.0441,-0.5077,-0.2576,1.5237,-0.2436,0.2328
44735.37727,-0.2088,-0.3185,-0.1014,-1.5906,-0.6239,-0.3078
44774.94279,-0.075,-0.1624,0.1638,-0.9746,0.0912,-0.369
45109.20974,0.3091,1.7153,-1.1074,-6.0437,0.1042,2.3691
45575.98872,0.9252,1.9014,-0.5578,2.1847,-1.1118,-5.6127
44546.62334,-0.4597,-0.1982,0.0328,-0.093,0.1639,0.1536
44555.79127,0.3734,0.0065,0.1297,0.5454,0.1546,-0.0329
44895.68941,0.1583,0.0238,0.0104,-0.1066,0.2277,0.031
45127.54564,-1.8447,-0.6797,0.4028,1.0724,-1.049,-0.7674
45294.88087,1.9969,0.3479,0.3265,-4.1256,1.6727,-4.6171
45379.3093,1.5998,-1.578,0.7698,-0.037,1.5183,1.0696
44391.30333,-0.1341,-0.052,-0.5562,-0.1695,-0.0446,-0.0373
45195.12734,-0.989,-0.5873,0.6271,0.9531,-0.1442,-2.5353
44576.50954,0.2772,-0.7342,0.0605,1.3443,0.0757,1.1772
44530.39831,-0.506,0.2534,0.7894,1.4361,0.3027,0.3715
44750.90797,-0.3062,-0.3083,-0.4178,0.7683,0.3173,0.3986
44385.78392,0.1253,0.0611,0.0101,-0.3166,0.2694,0.3841
45437.23995,-1.0944,2.4796,-1.162,0.5399,-0.6589,-4.7269
45563.77551,-1.3452,-0.4712,0.2653,0.4796,-0.5179,-2.5419
44405.78083,-0.2093,0.1822,-0.0189,-0.2563,-0.3344,-0.0824
45258.72804,-1.5512,-0.7041,0.4986,-1.1758,-1.6125,-0.0151
45453.34344,1.1702,2.9584,-1.3162,4.1886,-0.5366,-5.5139
44413.29084,0.3857,0.0705,-0.1001,0.5744,0.0704,-0.3671
45113.92945,2.2682,2.6232,-1.7679,3.8933,3.4583,5.7493
44396.49109,-0.0126,-0.0691,-0.3892,-1.3762,-0.2792,-0.692
45252.69669,1.3129,-1.3238,1.1009,0.0125,3.2802,-0.5675
44915.38156,-0.1224,-0.121,0.2545,-0.8598,0.2466,-0.0319
45578.49169,0.9785,-0.1113,0.2765,-3.2709,1.75,-3.8368
45069.37127,-0.6706,0.1008,-0.05,-2.5798,-0.9865,1.821
44653.3806,0.3292,0.4465,0.5873,0.6319,0.3093,-0.2402
45029.97635,0.0428,-0.5385,-0.1143,4.5063,0.182,-1.0779
45399.96653,0.8926,0.0223,-0.0914,-3.0522,1.7353,-3.6879
44943.03482,0.0005,-0.1444,0.6521,0.5743,0.7191,0.8206
45171.72567,1.7122,1.7052,0.0685,6.5246,-0.4063,4.1976
44924.33797,-0.0269,0.0386,-0.2026,0.2245,-0.0321,0.3097
45583.61823,2.1399,1.1674,-0.8109,-0.6763,3.4504,6.6568
44691.10703,0.295,0.2795,-0.6076,-0.0302,-0.8168,0.3014
45146.84619,1.4941,-0.7985,1.0601,-2.8247,1.8955,-2.8554
44501.56703,-0.3361,0.6213,-0.3074,-0.1064,0.2169,-0.2514
44949.91044,0.9691,-0.085,0.1577,-0.4873,-0.0635,-0.5878
45179.29503,-1.3119,1.6081,0.4811,1.4137,0.5951,-3.572
44363.25474,-0.2262,0.09,0.113,-0.1942,-0.3938,-0.0432
44545.50749,-0.234,0.2395,-0.1339,-0.76,-0.2556,-0.2152
44401.28676,0.2145,-0.1047,0.0334,0.5415,0.2613,-0.1122
44961.27944,0.199,-0.2142,0.3862,-0.5351,-0.154,0.0789
45278.93304,1.5856,3.3916,-0.4528,3.1166,0.4802,-5.8788
45495.32099,1.9498,3.0407,-2.2389,-4.0072,-0.3216,2.6092
44368.77394,-0.1602,-0.3001,-0.0428,0.2619,0.3628,0.0561
45109.84307,2.9597,0.6939,-0.2609,5.9633,3.275,4.8319
44624.79144,-0.3228,0.0999,1.1176,2.5577,0.7201,0.3964
45277.12365,-1.4108,-0.8971,0.672,-3.3985,-2.4636,1.0955
44668.09725,0.2527,0.2148,0.2269,-1.076,-0.3503,-0.3885
45405.93753,-1.1063,-0.4606,-0.1453,-2.9177,-2.2913,2.167
45276.03801,0.9354,-0.6112,1.0265,0.2567,1.23,4.3087
45470.5024,0.4289,-1.0773,0.5972,-0.3493,1.0506,3.76
45611.42219,0.1111,1.295,-1.5017,-3.3624,0.3262,1.5517
44724.94305,0.1034,-0.129,-0.0482,-0.2511,-0.2105,-0.1575
44436.90619,-0.0512,-0.3926,0.193,-0.349,-0.0449,0.1346
44726.60169,1.0904,0.1386,0.3395,-0.2991,0.1172,-0.4172
44902.927,-0.0551,-0.0169,0.2455,-0.2519,-0.3667,0.2125
44490.92103,0.3687,-0.4802,0.0607,-0.4284,-0.5937,0.4684
44980.18772,0.0766,0.1687,0.1382,-1.1712,-0.6352,-0.3608
45379.76165,-1.8917,-0.7947,-0.1033,1.8237,-0.1552,-0.8154
44436.60458,0.1982,-0.2917,0.1695,0.0593,0.1419,0.1782
44537.54578,-0.2526,-0.12,-0.1401,-0.8373,-0.3371,-0.1025
45298.40922,1.0167,1.7524,-1.1196,-3.3272,0.3843,1.9639
45464.68221,1.1177,-0.5732,0.5136,-2.2554,1.0931,-2.574
45534.37332,1.2605,1.2506,-0.4667,0.8947,-1.0061,-5.3163
44681.30601,0.2216,-0.113,-0.3222,0.1353,-0.0014,-0.3972
44989.68703,-0.2469,-0.3036,0.4662,-0.6682,-0.7002,0.2362
45177.60625,-1.6875,-0.8507,0.6037,0.4994,-1.0807,-0.9064
44853.92235,0.254,-0.4877,0.208,0.5292,0.0651,0.5889
45388.02454,1.3714,-1.2034,0.726,0.4699,1.5114,-1.8668
44616.98072,-0.1344,-0.6028,0.4505,0.0118,-0.1301,0.1098
45030.64985,0.0069,-0.1234,0.0346,1.4729,-0.9963,-0.9623
45116.91511,1.0883,-1.9068,1.3345,0.2395,2.5252,2.5728
45049.25659,0.0269,1.1045,-0.8664,-3.7747,-0.3816,0.6464
44632.66256,0.1274,-0.4511,-0.0068,-0.4028,-0.0158,0.9112
45193.98138,1.5552,1.6351,0.2322,3.2439,-0.3571,5.7564
44744.33381,-0.2989,-0.2643,0.108,-0.0783,0.382,0.2589
45290.13621,0.1046,0.174,-0.4952,-0.9373,-1.021,-0.9891
44864.83891,0.3579,-0.0028,-0.0251,-0.5648,-0.3001,-0.2741
44971.41211,0.0366,-0.3872,-0.1391,-0.2791,-0.1404,1.4249
45035.86191,0.1312,0.0814,0.4084,-0.6002,-0.211,-2.9517
44940.26045,0.2895,-0.1651,-0.322,-0.6247,-0.4625,0.2754
45296.56965,1.469,-0.9237,1.4375,1.0634,1.9058,-1.6984
45427.01692,0.9586,-0.7628,0.2343,-1.9692,2.375,-3.6486
45475.8702,1.3046,0.4641,0.0313,-4.9178,1.1159,-4.3175
44500.24004,0.3292,-0.2135,-0.3125,0.5987,-0.1454,0.4195
45467.39631,0.6007,1.6386,-1.4351,-1.3855,0.1749,1.3584
45452.49906,-0.4905,3.6069,-0.7918,1.7597,-0.9497,-4.5949
44657.30103,-0.1077,0.029,-0.4937,1.3441,0.4524,-0.2628
45055.74033,1.4768,1.4398,-0.3877,-0.1994,-1.4342,-4.6909
45028.61929,0.3222,0.0244,0.187,-3.9405,-1.313,3.9238
45042.58189,-1.9243,-1.0247,0.2517,-0.3477,-1.9963,-0.7293
44991.04407,0.1381,-0.5166,0.2188,-0.0762,-0.2302,0.6201
44543.66785,-0.3092,0.6873,0.0385,-1.1499,0.0977,-0.8965
45051.24698,1.4904,-1.2392,0.247,-0.4863,3.1272,-2.9651
45283.72796,1.6365,1.8033,-0.5617,2.0078,-0.8248,-5.4258
45610.39686,0.4591,-1.0527,0.7676,-0.7056,2.3535,3.535
45035.52521,1.867,2.8956,-0.7286,-0.0755,-4.2258,-1.8504
45310.04969,1.5697,2.3633,-0.6977,1.9405,-0.7365,-5.1599
45058.42432,1.6872,2.2828,-1.6756,-3.7259,-0.0272,1.8074
45030.25278,0.2517,0.0331,0.443,-1.5182,0.6141,2.0899
45434.0132,-1.3806,1.5768,-0.4281,0.2054,-1.1568,-4.1203
45423.45846,-1.2228,-0.2987,-0.0616,-3.6496,-0.9633,2.3193
44468.81471,0.3967,0.966,-0.0405,-0.7701,0.0043,-0.4132
45281.37573,1.8587,1.1551,-0.0229,-2.9537,0.4509,-5.1499
45158.18523,0.8419,-0.8026,0.94,-0.1928,1.3682,4.7466
45584.61339,-1.0579,-0.1517,0.1791,-3.2102,-1.6193,2.685
44783.71832,-0.5252,0.0582,-0.3235,0.6152,0.8309,0.199
44657.57243,0.1313,0.1629,0.0136,0.1589,0.0212,-0.4365
45010.43476,0.2663,-0.3372,0.2191,3.4411,1.9182,1.7595
44732.12037,1.0191,0.1242,-0.1668,-0.1941,-0.0256,0.6076
44814.41759,0.1241,-0.1087,0.1106,-0.4166,-0.1445,-0.1669
44393.3241,0.0941,-0.2043,0.1226,0.3061,-0.1878,0.2927
44692.19265,0.4139,-0.2022,0.5032,1.3953,0.5649,-0.0384
45207.1599,-0.9878,-0.6115,0.6945,2.2747,-0.4882,-2.3383
45196.66534,-1.5974,-0.8685,0.5097,-0.7872,-1.3511,-1.094
45362.05974,-0.8602,0.8809,-0.7087,-1.119,-1.3789,1.1354
45297.2331,1.906,1.6937,-0.6774,-0.7314,-0.5459,-5.5823
45393.24163,-2.3172,-0.6406,0.2792,-2.1374,-1.8374,0.6141
45580.33121,0.6991,-0.8878,0.9426,-0.2599,1.1744,4.8584
44735.46776,0.2253,-0.1884,0.4162,-0.4698,0.1865,-0.4425
44456.87175,0.5678,-0.4351,0.2961,0.2927,0.3779,-0.3267
45468.93424,1.3769,1.0929,-0.0494,2.9894,1.4446,5.7898
45621.1226,-0.0264,0.0639,-0.202,0.3278,0.3939,0.2788
45107.79232,-2.0149,-0.9361,0.3037,-0.8363,-2.1757,0.9683
44460.15908,-0.2214,0.2163,-0.212,0.3288,-0.117,-0.1346
44630.67216,-0.0143,-0.0784,0.0878,-0.0382,-0.1244,0.0969
44768.4591,-0.2094,0.4261,0.2108,0.4222,-0.1852,0.4019
45548.84826,1.3528,0.1464,0.4816,-2.0722,2.6529,-3.9515
45076.24705,2.1221,1.8109,-0.8412,0.3051,1.4352,5.5788
44529.22215,-0.0421,-0.3143,0.1447,-0.7121,-0.102,0.4492
44968.33613,-0.5011,0.0052,-0.2549,3.5772,1.1313,0.1216
45383.32011,0.6832,-1.4398,0.4908,-0.459,0.556,3.3636
44386.176,0.141,0.1952,0.476,-4.2859,0.5693,1.5278
45070.36644,-1.2717,0.1256,0.3966,-0.1265,0.5445,-2.0448
45475.84005,1.2732,0.9603,-0.3554,-3.4446,-0.8442,-5.0393
45431.84193,1.3038,-0.9197,0.4206,-1.6907,2.2624,-2.1357
45374.84613,-1.2088,0.2343,-0.6248,-2.0323,-1.3419,1.8682
44876.93179,0.4939,-0.2713,0.1603,0.2952,-0.1042,-0.3015
44356.55936,0.0196,0.0018,-0.001,-0.0102,-0.0172,0.0486
45000.18151,0.035,0.1001,0.1496,-0.8354,-0.6591,0.4384
44711.94548,-1.1893,0.36,0.7491,-0.1922,-0.5946,0.413
44715.83572,0.4504,-0.0629,0,-0.651,-0.7292,-0.24
45497.22086,-1.5974,-0.6695,0.2481,1.1673,-0.6264,-1.9653
45482.02208,-1.5279,-0.6784,0.2314,0.8243,-0.7954,-1.3328
45126.70125,-1.9581,-0.6001,0.2525,-2.0379,-2.1531,0.3156
45265.09111,-1.0606,-0.4563,0.5591,-2.8375,-1.646,2.0863
45280.77258,1.0972,-0.7759,1.1021,-0.6024,0.926,2.7394
45337.57264,-1.0772,0.2543,-0.5097,-0.8337,-1.831,1.4714
45273.80639,-0.097,0.7324,-0.1043,-4.2466,-0.3596,0.9005
44417.57365,-0.5995,-0.2333,-0.4861,0.1895,-0.1362,0.6512
45209.63276,0.188,3.6883,-0.7773,0.6621,-1.9722,-4.7152
44494.60037,-0.5054,-0.0936,-0.2206,0.0635,-0.3283,0.0325
44518.66679,0.1644,0.309,-0.1864,-0.3694,-0.2981,-0.1989
44517.61127,0.581,0.0898,0.0616,0.7702,-0.0094,0.2304
44664.90062,1.5695,-0.7231,0.2275,0.0955,0.2317,-1.0704
44792.61446,-0.1109,-0.7122,0.7939,1.7743,0.3228,1.4524
45076.72956,1.5718,1.1803,-0.1429,-1.4273,0.8558,-5.1321
45440.13495,0.2983,1.4227,-1.5776,-3.6798,1.1024,2.4833
44716.58965,-0.067,0.4224,0.1874,-1.1038,-0.2831,-0.019
45581.14543,0.7228,-0.8702,0.8679,0.0373,1.0415,4.7102
44404.9363,-0.1734,0.1353,-0.0205,-0.2565,-0.2869,0.3394
44649.91251,-0.0564,-0.3881,-0.2175,-2.294,-0.9877,0.3175
45069.79348,1.5264,-1.174,0.5218,-2.3458,1.9567,-2.265
45313.51771,0.9999,-0.6039,1.0338,-0.3254,0.6567,4.7122
45290.86506,-0.2865,-0.3427,-0.7627,-1.185,-0.5694,-0.2919
44777.23467,-0.4338,0.2718,-0.6858,-2.6881,0.1858,-0.8497
44760.07558,-0.4472,0.0036,0.3258,0.2745,0.0491,0.2729
45267.50365,-1.1413,-0.2782,0.3894,-3.5726,-1.4594,2.0108
45219.69508,-0.8273,-0.2607,0.2911,-3.072,-1.6117,2.2371
44692.07202,0.0434,-0.0838,0.0317,-1.286,-0.2572,-0.4298
45138.28162,0.6522,-0.9538,0.7561,-1.0839,0.323,4.3537
44873.85577,-0.1742,-0.0603,0.1682,0.0173,0.3854,0.4912
45548.36575,1.5766,2.392,-2.0222,-5.86,-0.5433,2.7335
45387.75311,-1.6559,-0.4997,-0.0381,1.1779,-0.5583,-2.2546
44554.67543,0.4572,-0.0712,-0.0746,0.7903,0.1963,-0.2248
44924.69985,-0.2434,0.0504,0.4799,0.7907,0.8371,0.0891
45072.62823,-2.0189,-0.9492,0.285,1.5433,-0.7745,-1.1242
45180.04894,-1.2938,-0.819,0.5417,1.3871,-1.0705,-1.8175
45142.92578,1.2387,-1.7884,1.3003,0.3681,2.2703,-0.3992
45364.14054,1.1966,-1.5284,0.4027,0.5392,2.4748,-1.6028
45626.88254,0.0288,-0.0102,-0.0479,-0.0489,0.0738,-0.0032
44665.23235,-0.7429,1.1677,-0.7595,1.3306,-0.4214,-0.7314
45497.97472,-1.8829,-0.7905,0.1546,-1.4726,-1.2408,-0.6363
44688.33256,-0.0572,0.7472,0.1384,-0.4337,0.1188,-0.2323
44382.70765,-0.029,0.0777,0.0532,0.2376,0.1203,0.0724
44485.79405,-0.446,0.2274,0.1841,4.801,-1.1908,-2.5327
45383.22962,1.0284,-1.6453,0.5485,-0.0789,1.9767,-0.7495
45526.77395,-0.769,-0.1226,0.1833,-2.1379,-1.4911,2.052
45314.96521,1.6462,-0.0583,0.6885,-1.9591,1.7803,-3.8488
45539.37922,0.772,-1.6124,1.1856,1.4169,1.9496,0.0223
44388.31739,-0.0164,-0.0112,-0.0492,0.3528,0.1351,-0.3006
44407.68097,-0.3681,0.1719,0.5738,0.0238,-0.0783,-0.7422
44741.9816,-0.0322,0.359,-0.7715,0.8489,-0.101,-0.0473
45002.47341,0.0269,-0.1139,-0.0346,0.1855,-0.0917,0.6408
45077.96601,-0.699,-0.4598,0.1007,-1.1191,-1.8942,2.7081
45592.99675,-1.374,-0.5964,0.5464,0.7239,-0.5032,-1.858
44809.71318,-0.5474,0.2491,-0.1975,0.2481,0.0531,0.336
45363.839,-2.0728,-0.7336,0.0049,1.6304,-0.7208,-1.3985
44675.96824,-0.6155,-0.1254,0.501,-1.4021,-0.5019,-0.8115
45010.25382,-0.2179,-0.034,0.1134,-2.4455,-0.5958,-1.2338
45308.87359,0.0436,1.2554,-0.2428,-1.2186,-0.5063,1.8787
45185.65811,-1.1139,-0.2184,0.6074,1.4104,-0.3847,-2.5172
44554.76592,0.0844,-0.1954,0.2127,0.4907,0.1371,0.2311
45228.26966,1.9375,2.1662,-1.8035,-2.8108,0.1065,2.5968
45487.78191,1.0608,0.7895,-0.1888,-2.6655,0.5261,-4.6185
44561.21966,-0.1695,0.1895,-0.0606,0.2801,0.4277,-0.1189
45506.68991,-1.2128,-0.0387,0.1073,-3.3068,-1.931,1.399
45284.90406,1.6112,2.3257,-1.1341,-3.611,0.2716,1.9242
45302.42008,2.7339,2.7488,-2.476,-1.892,0.9445,3.1315
44529.79516,-0.084,-0.0879,-0.2014,0.4769,-0.2244,0.0006
45491.03881,0.992,-0.7307,0.2926,-2.6133,3.3151,-2.2306
45390.73865,-0.7754,0.5405,-0.8073,-3.1203,-0.2809,2.2716
44868.97032,-0.215,-0.1428,0.1017,0.2693,0.0072,0.156
44587.87891,0.7809,0.8075,0.3504,-0.8589,-0.4813,-0.5999
45335.91402,0.2876,1.4333,-1.5611,-5.5682,0.0185,2.2011
45078.99135,-0.3389,2.575,0.9877,-0.5435,0.763,-3.6428
44372.45339,0.202,0.2207,0.5138,0.6558,0.5968,0.0744
44652.14417,-0.1888,-0.4584,0.3874,-0.0164,-0.1475,0.0123
45104.02249,-0.7051,3.0233,-0.6507,2.7348,-0.9127,-3.3975
45241.65933,0.9727,-0.8402,1.0702,-1.1064,1.1884,3.3237
44599.79105,-0.1333,0.2544,-0.6861,0.5827,-0.2554,-0.4102
44755.37116,0.2794,-0.0017,-0.1133,-1.4458,-0.4788,-0.5653
45139.94025,2.7647,2.4837,-2.3561,-2.0229,1.3011,4.4068
45460.46031,-0.5776,2.9218,-1.1124,2.5459,-1.4769,-3.5871
44655.12973,0.1518,0.2105,-0.3923,0.2273,-0.1856,-0.2187
45236.6533,1.885,3.5601,-1.2428,3.8748,-1.743,-5.0206
44825.96746,-0.044,-0.2755,0.4489,0.9002,0.262,0.2529
45154.26482,1.9939,2.211,-0.4351,4.6188,1.784,5.6286
44859.01877,0.0805,-0.0442,0.2141,0.2459,0.3291,-0.0705
44477.34961,0.1335,0.004,-0.3578,0.0539,-0.1287,0.22
44463.23529,0.1782,-0.0319,-0.0986,-0.375,-0.0916,-0.7375
45003.28763,0.0547,0.3398,-0.0075,-0.7778,-0.3231,0.1426
45056.9466,-0.5183,0.7029,-0.4022,-1.4334,-0.1828,2.0477
44728.29044,0.3378,-0.1433,0.0038,-0.3309,-0.0669,-0.3319
45129.89794,-2.0887,-0.7516,0.3371,0.1157,-1.225,-0.4341
45395.53352,-0.7906,0.5159,-0.6761,-2.0434,-0.768,2.1538
44953.40857,0.0281,-0.2706,0.1923,0.5573,0.1025,0.2277
44488.6893,0.0313,0.0677,0.5379,1.885,0.6832,0.6595
44608.02401,-0.059,0.4772,-0.3384,-0.34,-0.2156,-0.2774
45328.82721,-0.7759,0.7295,-0.9492,-2.3942,-0.5638,2.8715
44879.70621,-0.1804,-0.4016,0.5218,-0.0358,-0.0911,0.3838
44906.45525,-0.4271,-0.2379,-0.0548,-0.1311,0.3275,0.2948
44519.87311,-0.7808,-0.0196,-0.0735,0.1194,0.2596,0.2401
45238.94522,-0.9547,2.1703,0.263,-0.4782,0.0751,-3.5163
44529.94595,0.5254,0.0797,0.0598,0.2615,0.0816,-0.2552
45519.89834,1.1341,1.0205,-0.2134,-0.507,1.258,-4.7535
44634.38154,-0.2903,0.4788,0.2743,-0.1919,-0.3608,-0.0676
45263.7039,0.4728,3.1486,-0.9656,2.0493,-2.1011,-5.7796
45522.1902,-1.3757,1.6481,-0.2022,3.9696,-0.4148,-4.2084
45567.57521,-0.4488,0.6527,-0.5662,-2.7726,0.3681,1.8971
44503.25591,-0.3271,0.1603,0.0593,-0.6818,-0.0462,-0.2712
44796.29356,0.6861,-0.9751,0.5736,-1.7373,0.4989,-0.582
44639.90033,-2.3766,2.1075,1.1397,-2.7578,0.4412,-1.9763
44987.93795,0.6061,0.1561,0.1651,-0.3701,-0.0143,0.815
45010.37446,0.3354,-0.5835,0.4885,1.0787,0.7597,0.7991
45136.11029,-0.5502,0.242,0.1918,0.0759,-1.0277,1.2872
45166.20695,2.6257,2.3728,-2.2718,0.6391,1.5132,3.8428
45194.58452,1.1826,-0.8769,0.8405,-1.269,2.6739,-1.4924
45200.04288,1.0654,4.2412,-1.4359,4.2895,-1.3218,-5.5528
44561.00854,0.1212,0.4001,0.1034,0.6005,0.246,0.1636
45240.60382,1.1581,4.0866,-1.2415,5.0291,-1.4595,-5.601
45304.53102,1.6009,0.495,0.1459,-5.3388,2.6081,-4.5186
44986.6412,0.3104,-0.3245,0.2322,-0.8687,-0.3318,0.3959
45015.95346,-0.3337,-0.241,0.1977,5.6911,2.3613,0.1217
44745.66072,-0.9183,-0.9214,0.7555,-1.0785,-0.1021,-0.4519
44413.04957,-0.0294,-0.4147,-0.2588,-0.6162,0.0524,-0.1709
45050.28194,-1.4288,-0.107,0.3886,-0.5984,0.0867,-1.2595
44743.88148,-1.2758,0.4593,-0.3406,-2.4141,-1.104,-0.4536
45381.26949,-2.7263,-0.4994,0.0509,-1.0733,-1.4151,0.2624
45397.37309,-1.5291,1.8753,-0.4693,1.6417,-0.4564,-3.4886
44578.98244,-0.0474,0.2061,-0.0786,0.5118,0.2228,-0.1575
45394.20666,-0.3446,3.5403,-1.2179,2.1208,-1.7557,-6.069
45423.76002,1.1249,1.6706,-0.8979,1.3144,-1.3726,-4.5943
45526.56286,0.5056,-0.4963,0.228,1.5869,-0.3378,3.9799
45591.30802,-1.5701,-0.8422,0.3331,-0.6235,-1.0349,-1.392
45268.83052,0.8859,-0.6183,1.0809,-0.415,1.3834,3.8758
44790.53368,-0.1053,-0.0812,0.2749,-0.1854,0.0298,0.1267
44506.33206,0.2235,-0.2071,-0.1597,0.1246,0.0988,-0.4948
44508.0511,-0.102,0.0702,0.1198,-0.5794,-0.0943,-0.3495
44665.50377,-1.741,-1.3881,-0.3653,-2.9681,-0.7745,0.5461
45273.26356,-1.045,-0.2773,0.7577,0.2517,-0.5321,-2.1508
44364.5818,0.5415,2.5091,0.2866,1.2673,0.9003,-1.7205
44554.04213,0.0317,-0.1543,0.2016,0.0653,0.0129,0.2703
44536.4601,0.6546,0.0368,-0.2254,-0.1247,-0.0445,-0.2866
44622.31857,-2.4424,2.8343,0.2311,-4.8858,-0.7811,-3.3112
45056.70536,0.8914,-1.8237,1.0101,-1.592,1.2918,0.7462
45171.57488,1.3258,-1.477,1.3103,0.8957,2.2891,-0.7139
45252.4253,-0.9682,0.5099,0.649,-0.1559,0.2706,-3.1112
45322.64511,-2.0191,-0.6211,-0.0976,0.8632,-1.5438,-1.8987
45461.96814,-1.8419,-0.7349,0.095,1.5344,-0.8439,-1.2894
44390.30802,-0.5147,0.1326,-0.184,-0.623,-0.0495,-0.2583
45128.39006,-1.3023,-0.4822,0.5461,0.8132,-0.4723,-1.7261
44820.87104,0.0177,-0.3581,0.7051,0.7178,0.4353,0.1748
44668.97179,0.1133,-0.1054,-0.6002,0.9789,-0.175,-0.1011
45258.51695,1.2043,1.6095,-1.1091,-5.1441,0.0185,2.2241
45536.5144,-1.3325,-0.3554,-0.0785,-2.4717,-1.6018,1.7406
44996.65319,0.0032,-0.2949,-0.2403,-0.5781,-0.7348,-0.0902
45470.35161,0.934,-1.0814,0.4936,-0.8571,2.6494,-1.8194
45580.96449,1.025,-0.4288,0.6003,-3.2987,2.2468,-2.5133
45148.89691,-1.7289,-0.5794,0.1238,-1.7036,-1.6777,0.7078
45448.97077,-0.673,0.8251,-0.6824,-1.4877,-0.1862,1.4593
45048.2916,0.7358,-1.9696,1.1189,-0.3841,1.8607,3.0462
45626.43019,0.0243,-0.0072,0.0214,0.1525,0.1647,-0.0034
45190.33241,-1.6737,-0.7837,0.4886,0.6236,-1.02,-0.3015
44810.55753,0.6111,-0.8312,0.4862,-0.063,0.0852,-0.1069
44775.03325,0.2744,-0.4006,-0.2695,0.3717,-0.2618,0.5574
44487.63375,0.0078,0.3555,0.3231,0.9817,0.0496,-0.4588
44883.11397,0.2396,-0.0272,-0.1318,-0.3182,-0.0896,0.3685
45091.92886,0.9139,1.6471,-1.0347,-4.7187,-0.4746,1.544
45437.08916,-2.4835,-0.5386,0.2237,-1.9256,-1.815,0.791
45415.10511,1.074,-1.2693,0.4466,-0.361,3.2077,-0.8028
45595.22829,-0.9747,0.0836,0.2124,-2.1694,-1.7877,2.361
44518.00333,-0.0126,-0.0316,0.0649,-1.2055,-0.1971,-0.18
44960.70648,-0.0249,0.1549,-0.4158,-1.2794,-0.4239,0.5722
45065.42071,0.335,1.8966,-1.0687,-2.6687,-0.4484,1.5832
45016.37564,0.1727,0.0167,0.1263,3.3678,2.4149,-0.6787
44644.00172,0.5373,0.1485,0.4975,0.2811,-0.0216,-0.3522
45285.77864,-0.3068,0.4456,0.0168,-2.9868,-0.2888,2.7423
45117.97061,-0.117,-1.0544,0.761,-2.9496,-2.8849,0.2009
44468.06074,0.002,-0.1766,0.1088,0.2149,0.0182,0.3508
44879.28403,0.2543,-0.0902,0.324,0.6434,-0.0782,0.2072
44706.54741,0.244,-0.057,-0.4509,-0.2114,0.0079,0.0731
45048.08048,2.2148,2.4979,-0.9796,-0.7342,-0.7953,-5.8259
44762.63887,0.108,-0.1415,-0.2571,-0.1707,-0.1157,-0.3439
45070.99974,-1.446,-0.8791,-0.0277,-2.1145,-2.2734,1.1285
45231.73769,-0.9472,-0.7346,0.4621,2.1218,-0.414,-2.1379
45082.33874,1.0394,-1.5752,1.1405,-0.0282,1.7317,2.5847
44828.07839,0.0039,-0.2155,-0.0157,0.3597,0.2809,0.3657
45555.4826,2.131,2.2153,-2.6332,0.271,1.2079,2.5897
45329.58113,-0.3636,1.8549,-1.6198,-3.0046,-0.0801,3.0155
45089.7273,-1.0747,-0.3945,0.1634,-3.7196,-1.8758,1.6322
45104.53519,-0.4279,0.4128,-0.0927,-2.258,-0.0863,1.9619
44499.8178,0.8059,0.4033,-0.6988,1.3286,-0.7103,0.028
44790.26226,0.032,0.4398,0.2722,-1.1415,0.1425,-0.7454
44737.60889,0.1262,-0.5634,0.9729,-0.4176,0.2479,0.604
44694.18303,-3.9729,0.4208,0.1784,-0.8943,1.6982,0.1436
45067.2603,-1.5325,0.9969,0.1578,1.5126,0.9886,-2.2255
45516.12881,0.4903,-0.9638,0.202,-0.024,-1.0732,4.7628
45056.52442,1.2277,2.4193,-0.7295,-0.2748,-0.5493,-5.0608
45303.17399,2.3528,2.2118,-0.1452,3.6259,1.2641,4.9967
45612.08562,0.3597,-1.1051,0.6687,-0.1893,2.0514,2.3141
44760.98028,-0.6869,-0.0163,0.1979,-0.826,-0.283,0.2562
45204.50612,0.2178,1.3122,-0.6683,-3.8436,-0.454,1.3324
45236.95484,0.9094,-0.3632,0.9708,0.9778,0.4998,5.3887
44764.78002,-0.0021,0.1078,-0.1249,-0.3552,-0.3126,-0.3124
44836.58246,0.0136,-0.283,0.2058,-0.2168,0.1864,-0.2797
44907.35997,-0.1997,-0.0674,-0.0667,-0.0344,0.2496,-0.1228
45115.70876,-1.1634,-0.6732,0.303,-2.4099,-2.4298,0.6104
45605.63217,-0.3517,1.1427,-1.0599,-0.4514,0.2069,1.8315
45247.47959,-0.6625,-0.0129,0.3085,-2.3989,-1.5216,1.8536
45219.75539,-1.7543,-0.7798,0.6241,-3.3124,-1.9818,0.8532
44400.98512,0.278,-0.1006,0.4214,0.1158,-0.0213,-0.2015
44416.66884,0.2353,0.2817,-0.2994,-0.3703,-0.0766,-0.3908
44501.44637,-0.0005,-0.3198,-0.0772,-0.7566,-0.4636,0.9032
44418.50862,0.3695,0.4384,0.2231,-1.2421,-0.098,-0.4103
44847.37842,0.5117,-0.0997,-0.0414,0.2298,0.1531,0.248
44432.92507,-0.005,0.2063,-0.1793,0.6158,0.3114,-0.0219
44856.63641,-0.324,0.3333,-0.4129,0.3226,0.0483,-0.2971
44621.86621,0.442,-0.4584,0.6855,0.24,0.0514,0.7788
44941.34605,-0.1023,-0.1132,0.3178,0.1065,0.0371,0.1068
45098.77484,1.5544,-1.7831,1.1561,0.6,2.5703,-1.6726
44895.62911,-0.1218,0.1358,-0.2637,-1.3753,0.147,-0.2761
45418.21124,0.9573,0.5729,-0.0417,-1.1888,0.0203,-3.9529
45315.38742,-0.6575,-0.308,0.4351,-2.3927,-1.6209,2.4967
45440.1651,-0.4058,1.0946,-1.4507,-3.7076,0.9745,2.9519
45451.65467,-1.512,2.0789,-0.3752,0.7254,-0.0882,-3.6079
45003.46857,0.0276,0.1976,-0.038,-0.6549,-0.5513,-0.1723
44782.21048,-0.0082,-0.249,0.2363,-0.1572,0.2136,0.2533
45069.19033,0.8272,-0.5392,0.368,0.6836,0.1947,4.2298
45510.54987,0.679,-0.4068,0.147,1.248,0.4785,5.6766
44829.64651,-0.4671,-0.0169,-0.5252,0.2817,0.091,0.0615
45208.60744,-1.0299,-0.3721,0.2398,-2.7816,-1.9562,1.7942
45217.67456,1.7627,0.8956,0.0724,-2.3378,-0.5392,-4.611
44497.948,-0.4301,0.121,-0.0802,-0.1371,-0.1131,0.0926
45393.39241,-0.709,3.3876,-1.2533,0.4397,-1.1786,-4.3983
44596.05155,-1.1675,0.9573,0.9341,-2.1004,-0.5313,-0.2083
44548.73437,-0.0005,0.1439,-0.2093,0.9824,0.5694,0.0831
45404.58049,-0.9256,2.6684,-0.3517,2.0032,-0.8328,-4.8483
45615.70437,0.4732,-0.1485,0.3487,3.3312,0.6908,0.2153
44933.56577,-0.3164,0.2685,-0.2335,-0.1925,-0.096,-0.2336
44955.88139,0.1271,0.0319,-0.3532,0.6954,0.2272,-0.6589
45272.84138,0.7201,-0.7093,1.0596,-1.2449,1.1125,3.9336
44691.95141,-0.6112,0.2168,-0.0364,0.2238,0.0583,0.0537
44972.88978,0.1124,0.1805,0.0892,-0.2991,0.1568,0.3896
45329.67158,-1.264,0.0588,-0.3017,-3.3386,-2.1597,2.2829
45451.11189,0.6757,-1.8135,0.9585,1.054,2.5981,0.2555
45518.87302,-2.3581,-0.598,0.2166,-1.8011,-1.1659,0.2451
44547.43758,0.1455,0.4617,-0.5116,0.0584,0.4236,-0.1449
45218.66975,0.6306,-0.7514,0.8547,-0.2813,0.5865,4.4658
45066.89842,2.3539,2.1344,-1.1577,1.638,2.0187,5.3795
44773.91744,-0.0306,-0.4646,-0.3558,2.096,0.1088,1.2768
44422.12779,0.5183,-0.4077,-0.1031,-0.2671,-0.2151,-0.5382
44747.53041,0.266,-0.0589,0.3192,-0.1147,0.5522,0.2291
45236.0803,0.9502,-1.3141,1.3395,-0.3502,1.9449,1.727
45420.74438,0.9973,-1.5532,0.6573,0.7928,2.3914,-0.9518
45083.42441,-0.9548,-0.2338,0.0131,-4.0244,-1.8087,2.0183
45317.05107,-0.0294,0.7565,0.112,0.0148,-0.3313,0.4901
45186.92471,2.1207,2.1917,-2.0371,-2.6003,0.0505,3.0084
44737.54856,-1.0523,0.435,0.1421,-1.0752,0.052,-0.3406
44376.76621,0.0451,-0.0079,-0.0602,0.1027,-0.3806,-0.4941
44878.74122,0.6854,-0.2121,-0.2764,0.7871,-0.061,0.414
45345.20224,0.581,-1.1808,0.3766,-0.4348,0.6442,3.9098
44951.02625,0.2325,-0.1771,0.5995,-0.2515,0.0631,0.3151
44612.12537,0.4575,0.0696,-0.4513,1.1917,0.1019,0.374
44725.30492,0.1734,-0.643,0.2245,-0.9616,0.1213,-0.7282
45138.10066,1.5876,-0.1246,0.3191,-5.4898,1.6204,-4.2802
45323.00698,1.0101,-1.8055,0.3468,0.5176,2.8506,0.7562
44901.72071,-0.0268,0.1113,0.2206,0.3245,0.2142,-0.0199
44859.32031,0.7953,-0.1466,0.0243,-0.7641,-0.0723,-0.1817
44536.94262,0.1721,0.1135,0.1161,0.404,0.03,-0.1388
44799.30923,0.6381,0.2559,-0.1117,-1.8526,-0.3414,-1.3595
44660.55797,-0.1134,-0.0606,-0.1426,-0.8763,-0.6184,0.1392
44745.60039,-0.5902,-0.9372,-0.2725,0.5013,0.1601,0.7928
44815.17148,-0.1492,-0.3662,0.4214,0.1588,0.0847,-0.3559
45493.17989,-1.7583,-1.0006,0.1876,-0.4984,-0.8633,-0.9307
44376.34397,-0.1598,0.1593,0.0053,0.2686,0.1232,-0.2345
45080.71029,1.2456,-1.6542,1.1721,0.877,2.2866,-2.4648
45300.58049,1.4083,-1.1994,1.3259,-0.0522,2.3676,-0.2674
45541.70125,1.0376,-0.2434,0.3677,-3.9085,2.7435,-3.5617
44713.06126,-0.3186,0.044,0.1109,-1.0292,-0.4195,-0.1216
44933.92762,0.0143,-0.1581,-0.1683,0.3691,0.1017,0.989
44583.35526,-0.4601,0.5266,-0.2051,-0.13,-0.2365,-0.1672
44643.42871,0.1833,-0.428,0.3975,0.1762,0.0207,0.294
45266.53863,2.2069,1.5599,-1.742,-3.7623,0.6109,2.9116
45376.50474,-1.7391,-0.5865,-0.2464,-0.814,-2.414,0.6125
44725.33507,0.2551,0.4044,-0.0788,-0.0688,0.1651,-0.8882
44979.3433,-0.4617,-1.9223,0.5731,-0.7873,1.1028,-0.0254
45272.78104,1.0661,-1.1645,1.3769,0.3198,2.6384,0.6923
44809.3513,0.7763,-0.0028,0.1301,-0.5042,-0.1545,-0.5425
44355.86569,-0.0012,0.0178,0.005,0.0018,0.0259,-0.0184
44706.03474,-0.0923,-0.0107,0.088,-1.0478,-0.3131,-0.0438
45083.36408,-0.4979,0.2884,-0.213,-2.4528,-0.4716,2.2143
45166.38789,-1.1714,-0.6156,0.4393,-4.4256,-1.9959,1.871
44631.87845,-0.2914,-0.2069,0.0691,0.3806,-0.3215,0.88
44576.66031,-0.3286,-0.0951,-0.4107,-0.1985,-0.1588,0.413
45296.62998,1.1362,-0.818,1.4053,0.0636,1.5895,2.2169
45562.05661,-1.9407,-0.9605,0.1519,-2.1803,-1.9049,0.1675
44756.63776,-0.4429,0.1365,-0.1922,-0.2895,0.2224,-0.1821
45078.81038,-0.6002,-1.0675,-0.6239,0.6449,-1.7386,-0.1924
45582.92466,-0.5425,1.1868,-0.337,1.2629,-0.749,2.5699
45618.83064,0.398,0.254,-0.2681,-5.4827,-0.2585,-4.4151
44362.0182,0.106,-0.2602,0.0746,0.4456,-0.1365,-0.1752
44526.80949,0.2102,-0.1817,0.4048,-0.2206,0.3459,0.1826
44688.96586,0.7702,-0.2122,0.1648,-0.7036,0.018,-0.2997
45102.00185,0.8763,-0.9233,0.5576,-1.0235,0.6942,4.7352
45309.05453,-1.3467,-0.8837,0.5363,-0.2902,-1.6034,-0.922
45315.1763,1.3334,0.1088,0.6947,2.0337,0.4503,5.3244
44908.44561,-0.0344,0.0622,0.2141,-0.4983,-0.2488,-0.3335
45333.10945,0.6108,2.5798,-1.7859,3.2492,-2.4722,-4.9434
45556.17617,0.596,-1.0997,0.7354,-0.8874,0.3854,4.9426
45560.91069,0.8259,-1.6962,1.0765,0.353,2.6049,1.5328
45590.76521,1.3431,-0.5612,0.5662,-2.8261,2.6506,-2.2166
45623.95735,0.2852,-0.1593,0.0498,2.5417,0.3488,-0.1562
45250.13337,1.1717,4.0399,-0.8819,3.0647,-0.967,-5.51
44480.45596,-0.0888,-0.1209,-0.2994,0.1151,-0.7018,0.6052
44642.01133,1.1542,-0.5593,-1.1308,1.2184,0.0434,-0.3441
44504.34159,-1.1562,-0.442,0.1373,-1.3832,-0.3893,-0.3881
44913.42141,0.1028,-0.198,-0.0723,-0.1039,0.1313,0.2335
45112.87393,1.739,0.1013,0.2477,-4.102,2.6696,-3.5304
45121.15227,-1.7491,-0.3924,-0.3145,-2.2975,-2.3604,1.1918
45277.00301,-0.2769,0.9157,-0.3465,-2.8784,-0.7214,2.66
45489.62148,0.742,-0.6493,0.5908,2.1042,-0.4814,5.6641
44499.03368,0.636,0.2921,-0.0409,-0.2397,-0.0081,-1.0351
44394.28929,-0.5503,-0.0786,0.0169,0.146,0.2975,0.0138
44365.33576,-0.5376,0.3906,0.7766,1.5431,0.8907,-0.44
44456.17809,-0.0415,-2.1136,-0.3556,1.5735,0.3385,1.187
44519.08901,0.0525,0.3818,0.2247,-1.8634,-0.1433,-0.5901
44630.52136,-0.0622,-0.0092,-0.0546,-0.2094,0.0619,0.1569
44880.73159,-0.9327,-0.27,-0.3505,2.7741,0.9716,-0.1844
45309.08468,-1.0974,-0.9167,0.667,0.5322,-1.3074,-2.0461
44618.57905,-0.1241,0.0293,-0.3684,-1.3827,0.0507,-0.8971
45487.90255,1.0724,-1.4467,0.7455,-0.1781,3.006,-0.4714
45516.18911,2.0238,2.0127,-1.1647,1.8599,0.1415,5.1443
45422.76486,-2.3002,-0.6991,-0.0826,-2.2719,-1.3358,-0.3867
44382.61717,-0.1261,0.0507,0.0164,0.263,0.4175,-0.1489
44838.87435,-0.5486,0.0014,-0.0512,-0.465,-0.2516,0.4131
44937.87812,-0.4707,-0.0362,-0.0095,0.1196,0.6727,0.0699
45102.33361,-1.6194,-0.8971,0.2749,-1.0273,-1.7646,-0.0289
45276.09831,2.213,2.6856,-1.1372,2.2897,3.4895,6.2106
45098.14151,0.9804,-0.0427,0.3124,1.9188,0.4226,4.7765
45161.412,1.6136,2.1742,-0.1532,4.4083,-0.317,4.9763
44827.20388,-0.3687,-0.3931,0.2986,0.0648,-0.05,0.3971
44830.6417,0.0758,-0.2377,-0.191,0.2336,0.4607,0.2417
44932.05797,0.5804,0.0457,0.6891,0.9006,0.054,-0.4557
44680.97429,-0.1262,-0.0148,0.2215,-0.6073,-0.0731,0.1714
44863.93422,-0.4257,-0.0335,0.0485,0.2375,0.2808,-0.18
44889.11521,0.2886,0.2778,-0.2242,-0.7302,-0.2767,-0.134
45373.82079,0.5497,-1.2115,0.521,-0.6565,1.0597,4.2335
44821.65509,-0.0326,-0.1709,-0.1429,0.666,0.3374,0.328
44494.78134,0.5089,-0.5858,0.6817,0.6104,0.4405,0.4817
45295.87607,0.8286,-0.6636,1.098,-0.6773,0.4924,4.2709
44896.6846,1.1147,-0.4153,-0.9227,1.3237,-1.6271,1.4041
44598.52443,-2.1239,1.72,-0.3068,-1.4857,2.4789,-0.8984
45157.15989,1.6847,0.9544,-0.1138,-2.2217,-0.0117,-5.008
44429.87887,0.7203,-0.2076,-0.1625,-0.1434,-0.0921,-0.319
45060.47498,1.896,-0.2028,0.4626,-2.0881,2.4602,-4.5166
45320.80556,0.5104,0.3104,0.4584,2.4363,-0.077,0.1892
45528.16114,0.3825,-1.0869,0.416,-0.6528,0.3322,3.5895
44517.88269,0.1567,0.664,-0.1907,0.7847,0.1269,-1.3719
44906.00292,-0.2258,0.0628,-0.2227,-1.2917,-0.0255,-1.0859
44437.75065,0.0939,0.1604,0.4702,-0.2766,-0.5841,0.551
44551.44854,0.5028,-0.2321,0.0297,0.2073,0.0245,0.0149
44676.23967,-0.5755,0.9226,-0.7916,1.1342,0.4983,-1.1034
44705.19034,0.127,-0.0437,0.0885,0.241,-0.1359,0.1753
44590.74384,1.0757,2.3235,1.0209,-2.8688,-0.5984,-1.0023
45472.40223,-1.9042,-0.7299,0.3777,-2.353,-2.2212,0.6569
45442.69823,-1.9482,-0.8384,-0.2064,-1.269,-1.9034,0.9313
44646.92699,-0.1297,0.4769,-0.1933,-4.6765,1.2411,1.759
45469.29612,-1.597,-0.4047,0.1246,0.4721,-0.4552,-2.166
45285.68815,2.3041,2.567,-1.978,-2.7493,0.4868,2.3591
45315.26678,0.9353,1.873,-0.7432,-5.0556,-0.118,2.1141
44720.63066,0.0535,-0.7377,0.3339,0.5804,-0.187,0.8962
44863.57235,0.1494,-0.0487,0.3036,0.0601,0.046,-0.0825
44829.04339,0.0207,0.0973,0.3743,0.4174,-0.0288,-0.0141
44372.03117,0.0416,0.363,-1.1575,-1.431,-0.2357,0.0302
45239.78959,0.5357,3.6206,-0.818,3.3585,-1.4851,-5.5455
45477.31772,-1.3881,2.0517,-0.1229,0.4137,-0.0668,-3.8766
45275.37455,0.8115,1.8512,-0.7684,-4.2168,-0.2577,1.7997
44463.17496,-0.2811,0.116,0.3888,-0.3282,0.2425,-0.413
44494.87183,0.2752,-0.0487,0.1599,-0.6926,0.3659,-0.5741
44532.11729,0.0081,0.0188,0.1103,-0.1243,0.0796,0.0128
45052.03107,2.3664,-1.3019,0.4814,-0.6583,1.8555,-1.2421
44390.60964,-0.1129,0.3272,0.353,0.2161,-0.0025,0.1047
45601.50078,1.5746,1.8707,-0.1154,2.7678,2.1073,5.8661
44898.46382,0.0589,-0.107,0.4061,0.4901,0.0351,-0.1879
44462.33051,0.3618,-0.4116,0.3518,1.2912,0.4064,-0.0268
44541.04412,0.2268,0.4682,-0.012,-0.1679,0.0729,-0.2462
44687.09612,-0.0798,-0.4464,0.8854,-0.8533,-0.4621,0.3821
44860.52657,-0.0061,-0.263,-0.1197,0.679,-0.1979,-0.4782
44539.74732,-0.4869,-0.1719,-0.0143,0.3539,0.1497,0.3733
44371.24703,-0.2687,0.0984,-0.0386,-0.0968,-1.2703,0.483
45047.83924,-1.2859,-0.5017,-0.0515,-3.5029,-2.759,0.9338
45288.56307,0.1111,0.1092,-0.5365,-0.1782,-0.0817,-1.4581
45596.58533,0.3545,-1.1634,0.6073,-0.9467,0.6783,3.3008
44628.77225,-0.0885,0.2399,0.3862,-0.3413,-0.2388,0.6775
45491.3102,1.1595,2.1384,-1.2149,-7.018,-0.9474,1.9984
44753.53158,0.3228,-0.3236,-0.2841,1.5879,0.9293,0.7807
45596.19331,-1.387,-0.0326,0.255,-0.1603,-0.5856,-1.8523
45137.82924,-2.0402,-0.7118,0.3434,-0.6709,-1.3045,0.3836
44978.13706,0.0853,-0.4046,0.2311,0.2169,0.1788,0.4065
45172.26849,1.9631,0.6979,0.2505,-1.7984,0.0314,-5.0456
44609.56201,0.1241,-0.0318,0.2647,1.0186,-0.8758,-0.9245
45133.81835,-1.4417,-0.7196,0.4026,-2.9029,-2.1465,1.5745
44896.02114,-0.3487,0.4724,-0.5056,-0.4846,0.1131,-0.1383
45456.11782,0.884,2.2473,-1.454,-3.2927,-0.3157,1.8272
44848.07204,-0.2076,-0.0981,-0.2642,0.4786,0.2811,0.5883
44670.44949,0.5271,-0.203,0.1515,0.8225,0.0588,0.6887
44765.59426,-0.0939,-0.1091,-0.1286,1.1724,0.0297,0.9617
44434.37273,-0.9622,-1.0108,0.078,-2.5953,-0.7382,0.6442
45090.78281,1.497,1.9132,-0.9943,1.4329,-1.6843,-5.3452
44430.30112,0.3341,0.3062,0.2942,-0.1029,0.0523,-0.5446
45451.02141,1.0285,-0.192,0.1917,-4.3829,1.4343,-3.5753
45018.15487,-0.2503,0.468,0.0259,3.9813,2.1468,-2.2939
44945.23621,-0.0658,0.0986,-0.9846,-0.0287,-0.4819,-0.4737
44911.52154,-0.092,0.0931,-0.0102,-0.2278,0.3285,0.3835
45623.83671,0.1213,0.0675,0.0298,1.2686,0.4186,-0.1102
45527.55801,-0.8413,0.3704,-0.0471,-3.6745,-1.4993,2.6329
45239.09601,1.46,0.5822,0.432,-0.6921,1.0451,-3.8954
44581.75692,-0.1235,1.269,0.0958,0.6454,-0.0003,-1.0928
44943.33637,2.7446,-0.3099,0.252,1.7832,-2.4506,1.7183
45567.60536,-1.0125,0.3971,-0.0961,-2.4952,-0.3593,2.1969
44923.13173,-0.0633,0.241,-0.2635,0.4955,0.3009,0.1467
44585.55677,0.2559,0.1748,0.5126,-0.1969,0.6703,-0.2899
44955.70045,0.0802,0.252,0.0815,0.1368,0.038,-0.3915
44542.37104,-0.413,0.5202,-0.0836,-0.1621,0.0632,0.2533
44634.71325,0.037,-0.5326,0.3759,-0.0136,-0.2561,0.6243
45020.83884,0.9675,-0.7008,-0.473,-0.7662,1.9781,-1.4574
45280.04882,1.9978,1.7923,0.3622,1.7928,0.5988,5.3402
44420.28803,-0.9795,0.0852,-0.1924,2.0263,0.5862,0.5531
44839.71874,0.1032,-0.2277,0.044,-0.4805,-0.3588,-0.0188
44674.85242,-0.4915,0.1703,-1.0737,-1.904,0.0221,-0.5483
45222.04727,-0.5167,0.1481,0.3517,-2.8234,-1.3474,2.972
45494.62738,-1.1901,-0.1514,0.0005,-1.5486,-1.1242,2.033
45586.90525,0.5481,1.7516,-1.0494,-3.9513,0.1676,1.5626
45626.03816,0.0465,0.0164,-0.0034,0.1897,0.0627,-0.2747
44931.57548,-0.0117,0.8966,-0.2897,-0.4522,-1.1258,0.4857
44384.99976,0.0026,0.028,-0.0156,0.091,0.198,-0.109
45416.61293,1.1306,0.7545,-0.3656,-0.6093,-0.3517,-4.8117
44462.36069,-0.136,0.1558,0.175,0.161,0.1925,-0.4684
44709.53293,-0.4217,-0.0221,-0.8571,-0.8781,-0.2532,0.1419
45065.84289,1.6646,1.0056,-0.1962,-0.9476,-0.2492,-5.3868
44355.35296,-0.0029,0.0036,-0.0023,-0.0067,0.0258,0.0062
44762.18654,0.0404,0.2286,0.0176,-0.8524,-0.0118,-0.3846
44366.51196,-0.2514,-0.015,0.144,-0.5663,0.0566,0.1115
44965.65216,-0.0239,-0.1268,-0.1694,-0.114,-0.7887,0.3132
45422.22204,0.9205,0.3374,-0.0929,-3.056,0.2291,-4.3142
44390.42867,-0.0892,-0.0747,0.1169,0.4592,0.2205,0.6307
45277.0935,-0.9057,-0.8822,0.6013,-2.6687,-2.7377,2.1565
45436.72729,0.9266,-1.7114,1.2812,-0.4065,1.9799,1.9593
45010.34431,0.0521,-0.642,0.3928,0.0277,0.4405,-0.1084
45570.37971,1.3051,1.1069,-0.0885,1.6977,0.2361,-4.922
45128.32975,-2.0033,-0.8553,0.3433,1.5697,-1.1003,-0.6281
45166.11651,0.6431,-0.8657,0.8568,-0.4125,0.238,4.1196
44529.10151,0.6302,-0.0659,0.0705,0.5995,0.0731,0.8169
44742.19269,-1.3638,-0.3546,0.252,-0.6027,-0.0979,0.6964
44958.11295,-0.3536,0.0162,0.0005,0.8686,-0.4305,1.0135
45609.76359,-1.0568,0.5521,0.0565,-1.5836,-0.7752,0.7767
44620.11708,-0.99,0.3074,3.0031,3.4078,2.5719,1.7772
44931.12312,-0.127,0.1513,1.4526,0.4359,-0.2553,0.6452
45510.91176,-1.6655,-0.9193,0.5205,0.7922,-0.7018,-1.084
44537.09341,-0.1765,0.2676,0.4775,-0.4897,-0.0228,0.0918
44468.69407,0.7785,-0.04,0.1801,-0.6414,-0.2206,-0.588
45590.58427,-0.8922,3.4752,0.06,2.6519,1.1646,-3.3608
45594.59503,-1.4659,-0.5467,0.3655,2.3857,0.2031,-1.6463
45616.4382,0.0193,0.0673,-0.1219,0.7331,-0.6349,-2.4686
45580.66295,-1.9823,-0.6967,0.2826,-1.2219,-1.4815,-0.9244
44491.2226,0.1435,0.537,-0.0529,0.6787,0.5549,-0.2522
44604.88765,0.4216,0.0261,0.1094,0.4561,0.0877,-0.364
45054.32298,1.2428,-1.4457,1.0117,0.0004,2.9973,-1.5643
44370.22161,-0.0852,0.1355,-0.5179,0.2302,0.0515,0.6516
44392.60025,-0.0919,-0.2445,-0.1671,-0.3018,0.1329,-0.4512
44667.13222,0.3826,-0.0566,-0.5081,-0.0924,-0.0961,0.05
45406.81206,-2.2445,-0.8219,-0.2806,-0.6592,-1.4319,-0.0827
44883.44569,-0.1148,-0.1487,0.1207,0.0472,0.0522,0.14
44761.37234,0.3739,0.1833,0.2126,-0.3272,-0.3243,-0.5029
45610.36671,0.4451,-1.2156,0.8736,-0.7522,2.768,2.3957
44915.35141,0.1059,0.3184,-0.578,-0.2143,-0.0893,-0.7523
44688.2421,-0.5291,0.174,-0.0472,-1.3348,-0.0207,0.0297
45043.97409,0.3035,-0.389,-0.3191,-0.4666,0.4726,0.0719
45334.91886,0.6814,-1.7333,0.8888,0.1088,2.2967,1.3281
45487.35975,0.0119,1.8395,-1.3067,-1.2336,0.094,1.5313
45107.97326,0.3381,3.7129,-0.9642,1.9904,-1.9758,-4.7744
45021.47211,-0.8932,0.3715,-0.1563,7.0315,1.5027,2.7653
45073.68371,1.5251,-0.9725,0.8098,-3.5346,2.7189,-3.155
45248.23349,-0.2084,0.8325,-0.0365,0.3795,-0.1037,1.3682
45219.09193,-0.7839,1.5013,0.0562,1.3261,-0.2734,-2.9786
44735.0757,-0.2012,-0.0681,-0.2983,-0.9161,-0.4698,-0.1988
45190.06099,2.3206,1.9916,-1.5237,-0.2111,0.7386,4.5076
45167.08149,-0.2371,0.8353,-0.4622,-2.5579,0.2839,2.054
45213.25154,0.7995,1.5945,-1.04,-3.2465,0.1138,1.9374
45396.80013,0.9156,-1.2409,0.5956,0.0145,2.4808,-1.1521
44954.52435,0.0739,0.2556,0.2107,0.3525,0.2343,-0.0208
45011.97276,0.3779,-1.4311,0.1779,-1.1475,0.1933,-1.1568
44782.42157,-0.4613,1.5929,0.203,-2.4025,-0.2585,-1.3939
45459.19376,0.7867,-0.9897,0.4261,0.0292,1.6521,5.4378
45054.41344,0.6531,-1.3156,0.6112,-0.9511,0.7862,3.1465
44414.13533,-0.1189,-0.08,0.4149,0.0902,-0.0488,-0.405
44897.77021,0.0326,0.0352,-0.4778,-1.529,-0.9721,-0.0204
45309.56718,1.5153,2.5837,-1.4319,3.0853,1.9895,5.0357
44890.20086,-0.2256,0.0166,0.0741,0.5867,0.2577,-0.1658
44996.95473,-0.0632,-0.1208,0.0002,-0.6035,-0.1458,0.0094
45400.81093,1.0198,-0.6787,0.4585,-3.2287,1.5386,-2.2051
45450.3881,0.6392,-1.206,0.7325,-1.2429,1.3044,3.8142
45584.76416,-1.5865,-0.1149,0.4535,2.0508,-0.4889,-1.7375
44549.09624,0.0492,-0.4363,0.3553,0.144,0.0828,0.2987
44374.7757,-0.0746,0.0904,-0.7869,-1.306,-0.9512,-0.0798
44629.34521,0.3106,-0.3947,-0.2682,1.6462,0.1497,-0.2561
45384.67714,0.7835,1.8883,-1.126,3.0594,-1.2837,-5.2621
45280.16946,-0.2138,1.2151,-0.5429,-0.323,-0.1977,2.2266
44688.57383,0.3863,-1.1317,0.6486,0.192,-0.0412,1.4316
44962.90792,0.1167,-0.0941,-0.0145,-0.321,-0.3983,-0.2831
45593.29833,0.6592,-1.5071,0.7549,0.8199,2.6348,0.5421
45455.27342,2.45,1.6345,-1.9969,0.1193,2.394,5.098
45302.93271,1.6501,0.6547,0.2291,-4.9912,1.5916,-4.1536
45006.24299,-0.0902,-0.4195,0.029,0.2658,0.3845,-0.7054
44506.27173,-0.0146,0.4655,-0.2385,0.1899,0.0725,-0.6136
44447.88428,0.3789,-0.1854,0.1325,0.3801,0.2353,0.189
45232.67258,1.8854,2.115,-0.8646,2.2248,-1.4527,-5.7521
44980.48927,-0.3621,-0.4436,0.2896,-0.5501,0.0587,0.8805
45489.13895,-2.1859,-0.669,0.328,-0.6408,-2,0.5474
45138.3721,3.5236,2.618,-2.4518,-0.8638,0.7917,4.3831
45210.5073,1.7314,0.7523,0.0732,-2.571,-0.4035,-4.775
44652.17432,0.4269,0.3036,0.1773,0.9922,0.2435,-0.2488
45505.27256,-1.3709,1.0645,0.3013,2.354,1.1665,-2.9365
45292.40802,1.5248,3.3951,-1.0809,3.6214,-1.2001,-6.0479
44751.90314,0.1783,-0.4384,0.0807,0.4567,0.0502,-0.0199
45170.24798,-0.358,1.2133,-0.6047,-2.2216,0.5427,2.9217
44609.86358,-0.0478,-0.1023,-0.0204,0.0508,0.4807,-0.0664
45117.66904,2.0299,-1.5214,0.6588,-0.2017,2.15,-2.1784
45116.28178,2.2401,2.2987,-0.9928,0.6187,2.5109,5.5027
45245.54956,1.2683,-0.9553,1.1709,0.2332,2.1789,-1.2001
45563.4438,2.6564,2.3874,-0.7662,-2.8547,1.3541,5.572
45585.30695,0.4369,1.5666,-0.8833,-2.6716,0.1763,2.2563
45369.84013,0.5009,-1.3067,0.2764,-1.1876,0.2452,3.8909
45209.60261,-0.6721,2.5315,-0.5773,0.7993,-1.2581,-3.915
45298.37907,2.5585,2.5962,-2.0986,-1.7321,0.8185,2.6826
44704.85862,-0.3627,0.0923,-0.1412,0.0723,0.4638,0.387
44712.51845,-0.229,-0.7437,-0.051,-1.4202,0.1967,-1.4908
44628.35004,-0.5902,0.0685,0.3184,-0.0933,0.1281,-0.4211
44798.43466,0.6444,-0.1475,0.1843,-0.0059,-0.1124,0.5216
44991.37579,-0.2419,-0.2679,0.2587,-0.6283,0.3208,1.0471
45401.77594,0.3983,-1.0459,0.4794,0.1101,0.129,4.0671
44594.9357,-2.8138,-0.1716,0.8447,-0.7186,0.1793,0.37
45329.61128,-0.8052,1.0836,-1.0051,-3.2491,-1.0043,3.0853
44478.91787,0.6259,0.254,-0.1438,0.6209,-0.0434,-0.661
45089.75745,-1.3706,-0.6522,0.1367,-2.6885,-2.0527,0.9776
44385.99504,0.1346,0.2367,0.5539,-3.2817,1.6223,1.9477
45176.67139,-0.6666,0.296,0.0961,-1.4042,-1.083,2.3437
45556.14602,0.4393,-1.5363,0.9607,-1.3549,1.0717,3.7032
45315.41757,-0.9739,-0.733,0.3803,-2.7134,-1.9665,1.8424
44880.82205,0.3169,-0.5421,-0.0011,0.655,0.3798,0.0641
44579.55544,0.1008,0.9121,-0.3147,0.3875,-0.3327,-0.2068
45123.14267,1.4586,-1.5281,1.4907,0.6858,3.4225,-2.4127
45497.88426,-1.4012,-0.2693,-0.0114,-1.7509,-1.611,1.6505
45067.19996,-1.9783,-1.0816,0.2414,1.4243,-0.2182,-1.5063
45596.10282,-1.8506,-0.6199,0.1541,0.9818,-1.5568,0.8448
45525.65817,0.9182,-1.6595,0.5652,-1.2124,2.183,0.7137
45388.95941,0.6675,-1.1542,0.7939,-0.4111,1.6755,4.2876
44795.05716,-0.2481,-0.2674,0.2489,1.6761,0.4131,0.1095
45079.95636,1.0268,-1.7497,1.0841,0.5285,2.3636,0.0916
45148.32391,1.2764,2.2492,-0.7313,0.7576,0.2877,-5.926
44729.97925,-0.0649,0.035,-0.3515,0.1068,-0.232,-0.3893
44855.94281,0.2836,0.2465,-0.0572,0.1045,-0.3139,-0.4434
44799.00765,-0.6834,0.2356,-0.0407,-0.0865,0.2093,0.0405
44510.22249,-0.5295,0.0256,0.1543,-0.2338,-0.0265,0.4814
45180.41084,1.0981,-1.1099,1.3515,-0.5745,1.4851,1.6527
45455.75594,1.1137,1.6592,-0.7727,1.5946,-0.7289,-5.7454
45366.34196,-0.4191,3.609,-1.3383,3.5223,-0.8828,-5.0018
44456.0876,0.0442,-0.4363,-0.2464,-0.2928,0.0428,0.3942
45441.9745,-1.8502,-0.7901,0.381,1.6167,-0.8382,-0.916
45534.79548,-0.1106,1.1426,-1.1538,-1.965,-0.0216,1.7851
45603.76251,0.9987,-1.7836,1.3068,0.1144,2.3649,0.8462
45032.73565,0.5176,0.1977,0.3731,-0.0481,-0.0802,0.1924
44504.76382,0.4065,0.1907,0.7914,0.3322,-0.0419,0.6253
45183.60748,0.6597,-1.0747,1.0169,-1.1053,0.9931,2.473
44542.67264,-0.0346,0.042,0.5772,-0.377,0.0856,0.2457
44919.99549,-0.2279,0.0368,0.3016,0.0376,0.0509,0.17
45301.36458,1.4226,-0.8925,1.1173,1.1736,2.8925,-1.0844
44881.90767,-0.3595,-0.0198,0.3072,0.1767,0.0195,0.14
44389.43336,0.1262,0.1789,0.0012,-0.3676,-0.0294,-0.415
44808.08472,-0.007,-0.2901,0.0388,-0.1088,0.0438,0.3858
44634.35139,-0.2643,-0.0212,-0.3459,-0.5564,0.1528,-0.1038
45033.15785,-0.8308,1.4672,-0.3591,-1.5023,2.1175,-0.9953
45120.94119,0.2959,0.003,0.9417,-6.335,1.9032,3.8325
45389.74345,0.7721,-1.186,0.7629,-0.9178,2.1021,3.7564
44871.17179,0.0074,0.075,-0.0974,0.1395,0.0174,-0.1692
45427.49941,-1.7828,-0.8007,0.3132,-1.819,-2.5103,-0.1082
45427.98192,0.4673,-1.2799,0.6058,-0.7032,0.7518,4.153
44648.13324,0.1163,-0.081,-0.4964,0.4226,-0.1574,0.4042
45496.70819,0.9638,-1.3259,0.6675,-1.587,2.3928,-1.2361
45574.60156,0.6923,-1.5892,1.0795,0.2497,2.2593,2.2071
44976.02611,-0.2625,-0.013,0.2991,0.2855,-0.6999,0.3101
45172.17803,0.4551,4.3372,-0.8747,1.7761,-1.6046,-5.5538
44626.08826,-0.115,-0.0126,0.007,0.0614,0.036,-0.013
44770.69069,0.1494,-0.1051,-0.4833,-2.2655,0.0911,-1.5451
45112.51203,-1.1713,-0.4406,0.3949,-2.584,-1.9886,1.7151
45115.55798,1.0917,1.7705,-0.9874,-5.823,-0.6936,2.1934
45232.28052,0.486,1.8316,-0.6772,-3.8254,-0.4913,2.467
45589.40818,-0.4044,1.1403,-0.4697,-0.1739,0.2112,1.9603
45604.21484,-2.0575,-0.6698,0.4209,0.1308,-0.527,-1.0386
44565.77342,-0.1738,0.4311,-0.2806,5.0518,-2.1177,-2.0998
44722.74162,0.5323,-0.6742,0.3058,1.2984,0.0668,0.5878
45620.51945,-0.0581,-0.3926,0.2039,-0.1898,0.5628,0.9639
44839.38701,-0.2959,-0.6374,-0.1903,0.3467,-0.1744,0.4286
44854.58577,0.069,-0.1486,0.0223,0.1989,0.129,-0.3031
45488.20412,-0.7673,0.605,-0.3282,-1.5374,-0.7353,2.0113
44980.36866,-0.0943,0.1248,0.3561,1.7726,0.4522,1.4234
45526.26128,0.7944,2.8901,-1.1145,1.5048,-1.9589,-4.7482
45467.57722,-1.7799,-0.5281,0.0369,-2.4771,-1.5688,0.6156
44630.31024,0.03,0.1215,-0.0702,0.0118,0.1197,0.1309
44699.18911,0.6734,-0.2064,-0.4879,1.0546,0.0951,-0.1343
44729.28562,-0.79,-0.8772,-1.065,-0.7898,-0.1241,0.5911
44818.85056,0.3122,-0.1184,-0.1711,-0.6704,-0.0025,-0.4667
45036.71137,0.2494,-0.2529,0.3217,-1.0516,0.0087,-1.0949
44541.5568,-0.455,0.0414,-0.3878,0.002,-0.0989,-0.3948
44596.77533,0.5251,0.8914,0.6881,-1.3444,-0.0884,-0.0532
44785.88958,0.2829,0.2868,-0.0009,0.7805,-0.1088,0.2168
45229.80767,1.4344,1.1284,0.3418,3.7427,-0.4762,4.9882
44402.91548,-0.3263,0.177,0.3502,-0.4377,-0.0896,0.1898
45456.02733,0.7101,-0.9348,0.7402,0.0144,1.0122,4.649
45586.4529,-0.0847,4.0043,-0.8892,2.5588,-1.1841,-5.2673
45049.1058,0.5453,-1.1611,0.735,-0.9383,0.4787,5.5946
44446.97949,0.3582,-0.2577,0.2458,0.8427,-0.1093,0.618
44987.8475,0.2171,-0.0117,-0.1475,-0.3471,0.0827,0.0028
44913.69281,-0.1353,0.5681,-0.396,-0.4161,-0.1771,0.0832
44356.89112,0.0001,-0.0383,-0.0235,-0.0097,0.0462,-0.0151
45152.45541,1.5115,-0.0952,0.2986,-3.6792,1.307,-3.8887
44780.8233,-0.265,-0.3059,-0.5113,0.4508,-0.0855,0.3096
44757.4218,-0.6247,0.2017,0.2179,-1.4485,-0.4216,-0.0002
44787.7593,-0.0316,0.6683,-0.6073,0.1912,-0.1879,0.1609
44935.79732,0.176,0.0206,-0.458,0.3461,-0.458,-0.3051
45153.32996,1.0933,-1.6251,1.2953,0.6538,2.6179,-0.3566
45425.96143,-1.9778,-0.6107,-0.0713,1.3708,-0.6249,-1.0142
45468.12004,1.5414,1.4611,-0.204,3.5507,2.2121,5.1149
45594.41409,-0.7735,0.3431,0.1561,-2.3517,-1.4558,2.3622
44902.41432,0.0346,0.2349,0.1391,-0.1537,-0.0773,-0.181
45184.05981,-0.9115,-0.1753,0.6164,1.4972,-0.5527,-2.6938
44386.23631,-0.2038,0.2996,-0.3709,-4.3761,0.823,0.9969
44644.39375,0.0398,0.0342,0.129,0.0686,0.1614,0.081
44828.53075,-0.1059,0.0906,-0.5114,0.1947,-0.0538,0.3951
44888.02954,-0.4345,-0.1282,-0.2168,0.013,0.174,-0.0195
45105.59073,-0.9137,2.8818,-0.474,3.8327,0.7632,-3.3911
45313.93992,-0.8369,-0.5721,0.7744,0.9987,-0.2864,-2.3801
44875.39378,-0.025,-0.3038,0.1202,-0.3587,-0.3566,0.0723
45008.56506,-0.0572,-0.4363,0.4779,0.1723,-0.5144,1.121
45514.01784,-1.7909,-0.8817,0.2812,-2.481,-2.3901,0.6041
44429.69794,0.4366,0.0977,0.2815,-0.4844,0.0815,-1.3203
45250.01273,-1.3894,-0.8569,0.5068,-0.4719,-0.2759,-1.6033
45558.43787,1.191,-0.8188,0.6092,-1.9339,2.4098,-1.7937
44471.83055,0.0604,-0.5101,0.5026,0.4738,0.1252,0.2941
44601.69096,0.6407,-0.1599,0.1973,-0.0095,0.1286,0.0881
44617.82511,-0.0347,0.6872,0.5391,1.3174,-0.2154,0.2916
44622.95189,-0.3763,-0.1002,-0.205,-0.0845,-0.4024,0.6798
44745.26869,0.2645,-0.0153,-0.0451,-0.3021,-0.1613,0.3669
44568.72889,0.4875,-0.5968,0.0013,1.0759,0.1544,0.5999
44627.89768,0.5935,0.4701,-0.1353,-0.1502,-0.0197,-0.649
44826.08809,0.0508,-0.3697,0.2556,0.2399,-0.0726,0.2827
44648.88719,0.2765,1.1416,0.0247,-1.4439,0.018,-1.2408
45559.10134,0.765,3.2022,-0.7243,4.0124,0.0106,-5.7678
45038.22419,-0.3512,0.2787,0.033,-2.8913,-0.3138,1.7475
44855.24924,0.5475,-0.1522,0.1365,-0.7317,-0.2825,0.1044
45344.56897,-0.6603,1.0203,-1.37,0.1009,0.4926,1.5167
45101.42882,-0.6842,0.0568,0.079,-1.3153,-1.29,2.2685
45176.55075,2.0699,2.2017,-2.1708,1.7358,2.4821,6.1467
44450.14627,-0.1198,-0.3214,0.2704,-0.4929,-0.2009,0.0755
44830.40043,0.2761,0.6198,0.3087,0.8251,0.3893,-0.3773
44448.21603,0.5174,-0.1566,0.0547,0.0537,0.2004,0.215
45041.2198,-0.7643,0.1395,-2.1591,-3.8791,-2.309,0.4949
45565.82614,0.8001,0.5498,0.6953,2.3787,0.2627,5.0176
44679.40613,1.357,1.267,-0.0893,-0.0942,0.4282,-3.4137
44891.85948,0.0194,-0.3096,0.0983,0.4525,0.5431,-0.2729
45604.06406,-0.7528,0.3686,0.1535,-1.9943,-1.4619,2.2171
45088.06859,-0.4683,0.534,-0.4697,-2.6034,-0.6245,1.691
44912.75793,0.7515,-0.364,0.2531,0.7503,0.3519,0.3303
44838.27122,-0.0679,-0.0027,0.2728,-0.0159,0.3747,0.1723
45531.44814,0.9786,0.4101,0.4708,3.7357,-1.036,5.3316
45580.42166,2.5378,2.7373,-2.629,-2.0727,0.5871,2.7008
44798.94735,0.0106,0.7183,-0.3006,-0.0483,-0.5083,-0.4953
44624.21848,-0.064,0.1651,0.5551,-1.3332,0.6511,0.8615
44521.562,0.2412,0.4495,-0.2794,0.5038,0.1924,-0.2262
44396.52124,0.244,-0.4486,0.0011,-0.1603,-0.0218,-0.2543
44913.33093,-0.4493,0.3973,-0.0441,-0.8253,0.1372,0.1673
45269.58444,1.0033,-1.0609,1.3066,0.1096,1.9052,1.4214
44645.14771,0.1613,0.3027,0.3645,3.0074,-1.4616,-1.9799
45458.22878,0.8193,-0.8788,0.4276,-1.3211,2.6189,-1.8726
44358.61019,0.0404,0.1289,0.2671,-2.5676,0.3231,0.8383
45509.82614,0.1682,1.7572,-1.1044,-3.1624,-2.0139,1.2435
44559.86255,0.2331,-0.3267,-0.2021,-0.6063,-0.4289,-0.1339
45368.75447,0.204,3.1125,-1.1133,3.4902,-1.267,-5.517
45481.08723,-1.3416,-0.3556,0.0407,-1.8477,-1.8693,1.6891
45092.44154,1.4731,-0.8365,0.6941,-2.0475,1.1438,-2.4546
45133.33584,2.0026,0.2262,0.0484,-1.8755,1.8511,-4.9402
45125.04258,-0.8694,0.2205,-0.1572,-2.285,-1.5228,1.8045
45312.37177,-0.4042,3.0975,-0.5036,1.6117,-0.7409,-4.3935
45483.07755,1.2577,-0.4657,0.1977,-3.5087,2.5472,-2.7263
44416.699,-0.5502,-0.3824,0.3694,-0.2878,0.0755,0.4714
45373.73033,0.9525,-2.0525,1.0362,0.7002,2.4345,-0.436
45576.26015,0.6185,-0.9703,0.8568,-1.0446,1.1957,3.9645
44375.19791,0.1605,-0.0729,0.4207,0.4811,-0.9555,-0.5503
44978.64972,0.2489,0.264,-0.0154,-0.2428,-0.795,-0.2784
45288.11073,-0.0715,-0.4202,-0.6013,-0.3623,0.5849,-0.3603
45227.66651,-1.2867,-0.853,0.4846,-1.8658,-1.9362,-0.0013
44395.34494,-0.0279,0.2978,0.1035,-1.5775,-0.0899,-0.4042
44585.49644,1.4335,-0.7384,-0.3542,0.2889,0.1217,1.1089
44699.67162,-0.572,-1.9812,1.2425,-2.916,-1.4412,-2.1125
44800.51547,0.6683,0.3799,0.0046,-0.908,-0.0747,-0.1926
44896.38302,0.0279,0.3307,-1.3959,1.2103,-1.3367,-0.1619
44910.88827,-0.1129,0.0829,0.1374,1.8544,-1.2113,-2.356
45159.54227,1.9337,1.0232,-0.1487,-1.0347,-0.2612,-5.6073
44981.72569,-0.1234,-1.0674,0.1801,-0.0419,-0.6069,-0.4511
45194.70516,0.8354,-1.049,0.8681,-0.4662,-0.1772,3.9421
44719.03234,0.1534,-0.7417,0.8511,1.7867,0.3431,0.2899
45328.64627,0.6817,-1.3098,0.2608,-0.2853,1.345,4.266
45533.98129,-0.6057,1.0969,-0.8156,-2.3381,-0.1615,2.5537
45435.43055,-1.5619,-0.17,-0.1961,-3.8473,-1.247,2.2377
44432.77425,0.2581,-0.4175,0.0131,-0.558,-0.3504,-0.0423
45057.24818,0.8244,4.1553,-1.5834,3.91,-2.3716,-3.6284
44515.10813,-0.284,0.1404,-0.2114,1.3199,0.3208,-0.359
44653.19966,0.1666,-0.2401,-0.0764,-0.2269,-0.2922,-0.5784
44384.63785,-0.2188,0.1149,0.0504,0.1278,0.1474,-0.0634
44609.41122,-0.0982,-0.0355,0.1274,2.0957,-1.5726,-2.4717
44448.84938,0.3833,0.02,-0.3435,1.4737,0.4325,0.5961
45010.6157,0.3734,-1.0083,-1.0576,-1.8158,0.0991,0.6845
45136.1706,-0.9729,-0.4771,0.3309,-2.6766,-2.3195,1.412
44438.86656,0.1498,0.2242,0.1445,-0.0293,-0.0995,-0.5884
45150.40476,-0.2385,1.1411,-0.6305,-3.8617,-0.0408,2.3516
45453.52436,0.8398,-1.8663,0.7903,0.6068,2.4233,0.3659
45459.28421,1.0673,2.2394,-1.8394,-4.3129,0.3742,2.5787
45361.24551,-0.6995,1.1165,-0.895,-0.1148,0.2229,1.1069
45116.64369,-1.3418,0.7738,0.5727,-1.8933,1.4216,-2.9176
45015.1694,0.6169,-0.8857,-0.2489,-10.0966,-0.5632,4.1312
44635.04498,0.8832,-0.8775,0.4391,1.6292,0.8894,1.1591
44891.16588,0.6204,0.2569,0.4461,0.3918,-0.312,0.3774
45174.92229,1.4031,1.1287,0.2904,3.4664,0.3857,4.8552
44680.55208,-0.5859,-0.5179,-0.2332,0.5701,-0.0005,-0.0265
45224.86193,1.5346,-0.9554,0.8905,-0.7928,2.2696,-1.2488
44487.48294,-0.1358,-0.0827,0.1574,2.5539,0.0527,1.3926
45067.44124,1.6459,-1.0219,0.5753,-3.3661,1.7998,-3.5231
45522.31084,0.99,1.0714,-0.5412,-2.4678,-2.2781,-4.1803
44905.49027,-0.4445,-0.2074,-0.1175,-0.1062,0.1633,0.0776
45006.48423,0.0728,-0.1507,-0.0407,0.7387,0.9996,1.7684
45564.07705,0.7944,-1.559,0.7752,1.2017,3.1665,0.2781
44388.83015,0.548,-0.4551,0.1467,0.4118,0.2821,0.2172
44783.68816,0.0821,-0.8379,-0.0624,0.4139,0.2841,0.0075
45582.38182,-1.4419,2.3438,0.3638,1.0684,-0.149,-4.0368
44874.51921,0.0892,0.1712,0.1996,0.1091,0.2685,0.3364
45524.09005,0.7925,-1.5253,1.0132,1.026,2.2385,0.5673
44587.33606,0.2289,0.2145,0.0948,0.4779,0.227,0.22
45028.22726,0.7695,-0.0315,0.6854,4.5482,0.7366,-4.9648
45408.53099,-1.1597,2.5784,-1.0415,2.8174,0.3885,-4.5333
45156.9488,-1.7338,-0.7953,0.4302,2.2004,-1.1824,-0.6237
45342.72941,1.1988,-1.3559,0.2525,1.6115,2.2131,-1.7136
45416.70338,1.0891,-0.9073,0.2943,-1.6581,2.4034,-1.8233
44974.4881,-0.2339,-0.1647,0.1322,-0.1169,-0.1356,-0.4424
44554.79607,0.1473,0.0269,0.079,-0.0912,-0.0885,0.0404
45508.1374,1.1608,1.2327,0.1249,5.9171,0.822,5.6113
44477.86232,0.263,-0.0777,0.2912,0.6448,0.1013,-0.0994
44532.17763,-0.0177,0.4348,-0.2616,0.1394,0.0002,-0.4666
44537.93784,0.04,0.0056,0.2678,-0.7708,0.1653,-0.8859
45589.31773,1.78,1.5323,-1.8101,-2.8158,0.1487,4.4881
45245.33844,0.4825,3.6752,-0.7866,0.0534,-1.9027,-4.1165
45173.05258,1.6539,1.0343,-0.234,-1.2669,-1.8834,-4.6368
45423.36798,0.2167,1.3516,-1.1819,0.0078,-0.4966,0.9541
44964.83796,0.1618,0.1063,-0.0919,1.0632,0.0378,-0.2021
45307.69749,1.6138,1.0708,-0.0444,-2.6409,3.2087,-3.7524
44509.80027,0.5053,-0.2983,-0.2808,1.404,0.0622,0.5868
45283.99939,0.9687,-0.591,0.9101,-0.351,0.6853,4.2632
45028.77008,-0.2481,-0.0102,0.2833,1.8907,-0.8574,-0.1254
45185.98984,0.8368,-1.1001,1.1014,-0.8766,0.7202,3.0552
45263.10075,1.2377,-1.1811,1.43,0.3028,2.2756,-0.5083
44683.08527,0.2463,-0.0999,0.4591,-0.493,0.0395,-0.1549
44533.80618,-0.1636,-0.1062,0.1756,-0.3897,0.1149,-0.137
44625.36444,0.2187,-0.0856,-0.2203,1.0347,-0.4345,-0.3008
44703.56186,-0.1475,0.3784,-0.6665,0.7466,0.0093,-0.177
44627.20406,0.4586,-1.0833,0.3473,1.3896,0.1017,1.9059
44458.19876,0.2739,0.366,-0.3768,-0.2209,-0.317,-0.0234
45408.35004,-1.7317,-0.399,-0.3873,-2.9557,-1.6084,2.2993
44387.74436,0.1783,-0.5177,0.7554,1.868,0.6969,0.5655
44596.35309,-0.4259,-0.2183,0.4576,0.0116,0.303,-0.2977
44367.17547,-0.1656,-0.104,0.0653,-0.4895,-0.1269,0.1937
44844.45327,0.1507,-0.2013,0.0686,-0.3848,-0.1311,0.0504
45169.37344,2.5998,3.082,-2.831,1.2135,1.4748,3.7502
45193.43857,-1.5061,-0.6952,0.26,-2.2323,-2.221,1.0485
45545.50093,-1.3555,1.1153,-0.0752,3.1392,-0.0852,-3.3631
45432.47523,-0.6529,3.1011,-0.5707,3.1766,-0.8089,-4.7771
45313.7288,-0.3179,0.4744,0.1777,-2.9353,-1.1651,2.2716
45416.31135,-1.4568,-0.4001,-0.1662,-2.9023,-1.826,1.2196
44566.40675,0.1419,0.0232,-0.0942,-0.1148,0.0861,0.3059
44567.46227,0.0073,0.0756,-0.0356,-0.6135,-0.6353,0.4186
44774.97294,0.3511,-0.1071,-0.332,0.6345,0.0406,-0.332
45529.00552,0.6006,0.4826,-0.2613,5.317,-0.6499,5.5739
45158.45665,-1.3385,-0.4909,0.3387,-1.4485,-1.9558,1.581
45521.70772,0.3292,-1.4767,0.8472,-1.7903,0.9876,2.4988
45076.33753,-0.2316,1.2457,-0.221,-0.1765,-0.7592,1.9006
45024.75922,-0.0034,-0.6497,0.0973,3.2146,-0.4251,-0.5515
45463.35537,0.5939,1.3285,-1.3303,-3.8782,-0.4398,1.7891
44456.26857,-0.1718,0.1035,0.0137,0.8496,0.2051,0.5541
44501.17495,-0.359,-0.1819,-0.3029,-0.0418,-0.005,-0.177
45107.76214,-1.2927,-0.6004,0.0496,-1.9726,-2.1304,1.8978
45490.79757,-1.7102,-0.4365,0.3237,0.2444,-0.3748,-2.0395
45564.49923,-1.8855,-0.7713,0.232,-0.5883,-2.1829,0.0455
44915.17047,0.0093,0.0424,0.3337,-0.3831,0.4043,0.1624
44432.02024,-0.0952,-0.0425,-0.219,-0.6113,-0.4398,0.28
45560.03616,1.2848,-0.9217,0.4632,-1.5803,3.93,-0.7989
45105.37964,-1.0855,-0.1689,0.1438,-2.5806,-1.7457,2.1555
45387.99439,1.2531,-0.6225,0.4565,-1.1223,1.1872,-2.758
44429.39633,-0.03,0.1444,-0.0068,-0.433,-0.3791,0.1662
44548.1312,0.0693,-0.1731,-0.0206,0.1853,-0.0068,-0.4067
44612.03492,0.0944,0.8927,0.1657,0.675,0.5073,-0.8376
44950.15167,0.5303,-0.1818,0.6705,0.2498,0.0868,0.0806
45191.26727,1.385,4.1611,-1.9936,3.7665,-2.0489,-5.0401
45622.05746,0.2045,0.2768,0.0305,-1.0422,-2.1121,0.9995
45091.83837,0.9966,-0.2082,0.2791,1.3589,-0.0665,4.5058
44354.418,0.026,0.0069,-0.0115,-0.0123,0.09,-0.0105
44859.5314,0.4357,0.0246,-0.3255,0.3499,-0.0912,0.1115
45258.45664,2.0896,3.2023,-1.1911,6.6434,2.4764,5.4236
44794.99686,0.396,-0.067,-0.6109,0.2196,-0.1654,-0.0496
45111.11975,0.5392,0.7437,-0.0783,-6.8346,-7.1727,-6.7616
45546.91827,-1.1478,-0.091,-0.0419,-3.214,-1.5821,2.051
44586.46149,0.2847,0.5214,0.132,-0.1742,0.0902,0.0481
45606.74796,-0.2311,3.8401,-0.421,1.7751,-1.5106,-4.9125
45614.31715,-1.6062,-0.537,0.3407,1.1214,-0.7737,-1.436
44963.66184,-0.1729,-0.0205,-0.0924,-0.0544,-0.0605,0.1262
45023.58309,-0.0027,-0.2404,-0.1733,-1.5897,-0.0986,0.2149
44680.7632,0.334,-0.8918,0.259,1.8188,0.0012,2.2672
45589.28758,1.0867,1.5087,-0.5012,4.2953,1.0355,5.9905
45437.45104,1.1836,-1.3321,0.7374,0.4011,1.9159,-2.2746
45129.2043,-1.2645,0.7779,0.2157,-0.1409,-0.0458,-1.9092
45087.22417,0.8723,1.258,-1.0545,-5.2093,0.1224,2.0708
44382.07429,0.0796,-0.0418,0.1573,0.5195,0.2282,-0.4591
45423.69971,-0.5977,3.155,-0.7578,1.8108,-1.7966,-4.6354
44381.92351,0.3725,-0.076,0.3005,1.4868,-0.7955,-1.7564
44476.9877,-0.1618,-0.1187,-0.1854,-0.0102,0.0864,-0.3004
44505.78922,0.1768,0.1539,0.1528,0.0043,0.05,0.0277
45456.57016,1.0572,0.7817,-0.3533,-0.8499,-0.2062,-4.0258
45464.62191,1.6432,0.8523,-0.3891,-0.1064,-0.7738,-4.8259
44431.11544,-0.7948,0.0489,-0.1085,0.2574,-0.148,0.5945
45275.4047,-0.0955,1.3884,-0.7053,-2.0119,0.3644,1.9313
44666.55926,0.9647,-0.6031,-0.0277,2.1788,1.478,0.5577
44386.80938,0.1682,-0.0355,0.0756,0.0321,0.0491,0.6781
44807.21016,-0.033,-0.2649,-0.1415,-0.9116,0.0248,-0.3823
44865.59282,-0.0437,0.0848,0.1656,-0.1463,0.2492,0.1926
45099.01611,0.3444,1.3799,-0.9574,-5.2073,-0.7752,1.816
45111.18009,-3.1903,-2.5947,0.7051,-3.1961,-3.7164,-4.8165
45533.92098,2.6011,3.3505,-2.5238,-2.6381,0.4591,2.9291
45318.23221,1.1898,0.7089,0.8182,-3.3542,1.7484,-0.0474
44631.66733,-0.1324,-0.635,0.1321,-0.8522,-0.3119,0.4517
44881.87753,0.2295,-0.0013,0.2972,0.2531,0.1774,-0.2235
44903.62057,-0.2329,0.2117,0.2405,0.9405,0.0541,0.0032
44504.79398,-0.291,0.5275,-0.0728,-1.2686,0.0756,-0.3427
44372.42324,0.052,0.3241,0.4674,0.46,0.465,0.2913
44733.14566,-0.0945,-0.4164,-0.0072,0.9125,0.042,0.9047
44914.26576,-0.0629,0.3079,0.278,-1.4329,-0.0486,-0.5375
44940.2906,-0.3255,-0.1613,0.063,0.0259,-0.0138,0.1096
44391.39382,-0.2718,-0.3599,0.4764,-0.3839,0.2497,0.6908
44658.08508,-0.838,0.0528,-1.1638,-1.1951,-0.4826,0.1815
45139.30695,-0.8612,-0.2028,0.2374,-3.038,-1.9829,2.6451
45276.3094,-1.44,-0.5618,0.0417,-2.9847,-1.965,1.6388
45182.12978,2.3821,2.4629,-2.8101,2.3652,2.5724,4.776
45552.64792,-0.9471,3.4424,-0.4613,4.3783,-0.0425,-4.1099
44562.00376,0.1628,0.5797,-0.0657,-0.804,-0.5998,-0.3108
44668.7004,0.5228,-0.2841,0.2679,-0.1641,-0.4544,-0.6416
45067.3206,1.1575,4.544,-1.3064,2.7189,-1.8302,-4.7222
44548.37247,-0.084,-0.2353,-0.1511,-1.7504,-0.0695,-0.1883
44764.84032,0.1838,-0.377,0.2668,0.2508,0.3464,-0.265
44974.51825,0.3854,0.4545,-0.167,0.0507,-0.2335,-0.6204
44395.13382,-0.0869,-0.2256,-0.1559,0.9134,0.3117,-0.2525
44714.62942,1.4516,0.2905,-0.0402,1.6416,0.3045,-1.2347
44835.22543,-0.018,0.1891,-0.3136,-1.0502,0.5405,0.2396
45325.5251,0.4828,-1.1149,0.4375,-0.3436,1.2123,4.5163
44581.30456,-0.667,-0.6103,0.2417,0.719,-0.2928,0.6539
45568.81159,1.2477,0.0763,0.3825,-2.9732,1.8375,-3.7128
44877.47461,0.0673,-0.2484,-0.0462,1.1744,-0.0059,0.6994
45308.14985,-0.6347,-0.1726,0.2186,-2.2819,-2.0398,2.1279
44411.14947,-0.2688,-0.0146,0.0702,-0.1582,0.0165,0.2498
45141.59889,-0.2919,1.45,-0.7898,-2.9914,-0.0063,3.1551
45226.73168,0.0298,1.4702,-0.6383,-3.4945,0.6362,2.5977
45456.38921,-1.6974,-0.8041,0.2539,1.2444,-0.313,-1.4249
44875.72551,0.3412,-0.5866,0.9731,1.312,0.8223,0.5335
45081.31341,0.333,4.3809,-0.8433,1.6489,-1.4482,-3.3837
45470.26113,1.3702,0.6954,-0.3142,-1.6247,0.0426,-4.4303
44577.65549,0.7694,-0.7668,-0.6762,-0.7141,0.0059,0.1056
45105.832,1.1185,-1.4426,1.2176,1.7894,2.8516,-0.9598
44370.16128,0.1351,-0.2026,-0.263,0.3346,0.3487,-0.1397
44510.52405,-0.382,-0.0379,0.0115,0.9636,0.4494,-0.6665
45538.14285,-1.5443,-0.6016,-0.0903,-3.3248,-1.7056,0.914
45572.73186,0.1774,2.9917,-1.1631,4.3019,-1.7636,-5.2908
44892.22137,-0.1941,0.6031,0.0381,0.7993,0.01,-0.009
44610.43658,0.0363,0.1241,-0.1334,0.3997,0.3871,0.1205
45030.92127,-0.1386,0.0255,0.153,0.2448,0.1868,-0.5122
45443.84417,1.127,-0.8346,0.6921,-2.8645,0.9522,-2.3074
44430.78368,-0.0557,0.261,-0.0859,-0.0884,-0.0017,-0.1332
45451.77531,1.4228,1.2125,-0.5282,0.5518,-0.5203,-5.1933
44684.38201,0.4231,-0.0761,0.0226,0.8069,0.1709,0.0553
44524.81906,0.3285,0.0854,0.2147,0.2581,0.0362,0.4889
44432.80443,-0.5291,-0.0143,-0.0209,-0.0366,-0.2573,0.3741
44738.45326,-1.0447,0.2831,0.2961,-0.8548,-0.7275,-0.3611
44708.86947,0.2966,-0.6913,-0.77,-0.2845,0.4378,-0.7805
45090.57172,-1.8507,-0.8574,0.1536,-1.1826,-1.8652,0.1114
45216.10135,-0.1515,0.2158,1.0645,-8.4102,-2.4338,1.8198
44440.85709,-0.5407,0.1256,-0.3405,0.1512,-0.1977,0.2582
45363.35647,0.8543,-1.6335,0.7033,1.3214,2.1418,-1.553
45439.10962,0.8436,-1.7558,1.0235,0.1946,1.8128,-0.2156
44720.9322,-0.41,-0.1091,-0.4255,-0.4338,-0.1001,-0.4008
44713.15175,0.3068,0.2751,-0.1607,-1.1894,-0.6194,-0.4709
45563.83581,-1.0393,3.1575,-0.5125,3.7422,-0.1138,-5.5027
44638.15122,-0.6287,0.0244,0.3537,-0.0822,0.641,0.3496
44983.65572,0.0735,-0.3518,0.0058,-0.2202,-0.5623,-0.1066
45163.97534,-0.7712,-0.2545,0.3764,-3.1999,-1.865,2.1933
45487.601,-1.621,-0.6836,0.4936,2.115,-1.4021,-1.4522
44930.67077,-0.4176,0.0839,0.188,-0.4202,0.0941,-0.225
44727.41589,-0.1127,-0.4637,0.3724,-0.1595,0.0169,0.2935
44931.18345,-0.0177,0.1068,0.7327,0.4227,-0.5019,0.8006
45575.86812,-1.3567,-0.588,0.5884,0.3646,-0.5042,-2.2628
44460.03844,0.2918,0.4793,0.017,-0.456,-0.2828,-0.3465
45340.1058,-1.7495,-0.6089,0.3414,1.4791,-0.6173,-2.1049
45596.07267,-1.673,-0.4362,-0.1377,1.3294,-1.5229,1.4562
44526.56825,-0.6602,-1.0221,-0.1281,0.0969,-0.4443,0.5889
45474.87503,-1.5534,-0.422,0.2276,1.395,-0.4657,-1.7071
44634.62281,-0.4681,1.4147,0.4714,-0.039,-0.2567,-0.9159
45038.94795,0.1268,0.3959,-0.6523,2.2781,-0.7581,-2.2226
45083.21329,0.9647,-0.1238,0.4773,1.1241,0.4663,4.0271
45096.87486,-1.9945,-0.9201,0.194,0.9841,-0.7046,-0.4259
44595.71979,-0.7436,0.0092,-0.3335,-2.2563,-0.6209,-1.2776
44920.99063,-0.1186,0.236,0.2265,-0.1424,-0.2102,-0.1189
45089.15427,-0.3381,3.5515,-1.2029,2.6595,-0.5406,-2.7435
44450.65895,-0.2161,-0.1688,0.0859,0.9796,0.1255,0.2178
44825.00245,0.2021,-0.2896,-0.0194,0.0394,-0.1894,0.3372
44879.91735,-0.1929,-0.1999,0.4517,0.6937,0.0462,0.7633
44695.50995,3.1572,-0.6971,-1.0538,-1.8194,-0.8585,-5.1646
45087.43529,-1.7036,-0.8423,0.2476,-0.4007,-0.6437,-0.593
44749.94299,-0.1902,0.1141,-0.0449,1.3616,0.425,0.3124
44845.02624,-0.2451,0.1403,0.0275,-0.0416,0.098,0.2162
44669.12258,0.4244,0.6699,0.1294,-0.5097,-0.318,0.3184
45236.35172,-0.6543,0.1663,0.0945,-2.1174,-1.577,2.783
45453.19265,-1.9983,-0.7064,0.2777,0.6324,-1.1295,-1.3922
44554.31355,-0.2959,0.1484,-0.137,-0.9319,-0.1399,0.1769
45484.43459,-1.7974,-0.6959,-0.0477,1.3009,-0.3857,-1.7804
44517.52079,-0.0998,-0.8204,0.4225,-0.1312,-0.2151,0.3368
45258.06461,-0.281,3.0394,-0.8279,2.3135,-1.021,-4.3722
45015.47094,0.0416,-1.2199,0.3253,12.458,2.7985,-0.2652
45023.0101,-0.2376,-0.0017,0.0824,-0.2577,-0.21,0.1088
45082.64032,-0.9164,-0.3292,0.1437,-2.3774,-1.5122,1.8729
45245.67016,0.9865,-0.4057,0.5295,0.2126,-0.2551,4.2719
44379.60122,0.2051,0.636,-0.2395,-5.3509,-0.5956,-0.0738
44627.08342,-0.3261,0.7401,-0.3294,-2.6683,-0.0031,-2.2073
45169.31311,1.0919,0.0449,0.4672,1.1965,0.2996,4.3072
44593.30722,-0.3503,0.059,-0.0059,-1.5444,-0.0092,-0.5919
44581.12362,0.7744,-0.2745,-0.1223,0.5086,-0.0642,-0.3608
45205.13939,0.7906,-0.889,0.8367,-1.1248,0.9271,2.9452
44805.97377,0.8451,0.2014,-0.6627,0.229,-0.5233,-0.3614
44701.60165,-0.3794,0.2092,0.2668,-0.3078,-0.1274,0.7522
45609.85408,-1.8392,-0.3708,0.0392,-2.9224,-1.3675,-0.1407
45303.41521,-1.0868,-0.6366,0.4012,-1.7407,-1.8128,0.6479
44926.99172,0.3295,-0.1292,0.2862,-0.1331,0.281,-0.45
45517.54611,1.2083,-0.4669,0.515,-4.7383,2.0211,-3.381
45120.51898,-0.1787,0.3429,0.9559,-2.5189,-4.5867,-4.8596
44823.28354,0.4028,-0.3389,0.4499,-0.9438,-0.5956,-0.3763
45322.04198,-0.8846,0.8342,-0.5167,-2.0833,-1.0977,-3.8234
44639.71939,0.1751,0.6805,0.1204,0.7599,0.1177,0.2238
44652.32511,0.1192,0.0604,0.0661,0.1419,-0.1682,-0.0315
44607.33039,0.0284,-0.0456,0.5449,0.2032,0.3671,0.0581
45442.54748,0.0261,1.3763,-1.5148,-4.1108,0.4198,1.9899
44863.39141,0.2534,0.0421,0.0583,-0.2646,0.0033,-0.1805
44917.88452,0.4019,0.1843,0.4678,0.4005,0.0991,-0.4464
45437.63198,1.5722,1.2247,-0.2984,2.0385,2.4146,6.7798
44497.37498,0.846,-0.4835,-0.032,1.0501,-0.0726,0.3875
45543.42014,0.739,-1.5434,1.0857,0.0639,1.7321,2.1206
44621.26304,-0.0949,0.4794,0.3041,-0.0426,0.144,-0.6177
45549.0292,0.4601,-1.1578,0.5186,-0.6238,0.4553,3.8514
44368.593,-0.4286,-0.1027,-0.4577,-0.2311,-0.0156,-0.3677
45586.30211,-2.1441,-0.6477,0.4305,-0.9378,-1.7309,-0.0703
44531.51415,-0.0086,-0.7815,0.3642,1.2404,-0.3181,0.8768
45078.53899,1.0986,1.2892,0.3702,-3.5822,-1.8798,2.95
45621.1829,-0.1295,0.0554,-0.2461,0.622,0.1358,0.0077
44985.9476,-0.0244,0.0436,0.0513,-0.5613,-0.0311,0.4135
44738.87547,-0.7326,-0.5816,0.8171,-0.5677,-0.3718,0.0922
45028.10662,0.5507,0.4825,0.445,3.6103,0.5568,-6.0305
44812.09552,-0.292,0.1846,-0.698,-0.0115,0.3086,-0.1747
44881.78708,0.1173,0.2687,0.1283,0.2111,0.1018,-0.3952
45609.07001,-1.7801,-0.4125,0.6775,1.2148,0.1683,-2.5016
44666.37832,1.864,0.0636,0.7401,3.2685,1.7358,-0.7941
44772.86195,-0.0494,-0.0974,0.0746,-0.1079,-0.0445,0.0001
44629.31506,0.398,0.8225,-1.0287,1.0244,-0.9325,0.0751
45449.00092,-1.0116,0.1931,-0.4078,-2.0947,-1.1608,1.3197
45621.63526,0.3758,0.0936,0.0173,0.6981,1.6583,0.8577
45507.11209,1.1819,-0.8213,0.4772,-4.9745,2.198,-2.9875
44576.3286,1.1265,0.2453,0.3324,-0.2729,-0.527,-0.3995
44645.87147,-0.0614,0.0449,0.0265,-0.0351,0.0991,0.2216
45356.90297,1.149,-0.657,0.2505,-2.6978,2.1913,-2.2883
44976.20705,0.5095,-0.0854,0.3619,0.5325,0.1373,-0.002
44857.0586,-0.0727,0.4051,-0.4967,-1.1419,-0.1985,-0.8688
45373.70015,0.9909,-1.5297,0.542,1.1018,2.5683,-1.6046
45244.46392,-1.1248,-0.6106,0.6454,1.1554,-0.5535,-1.9797
45256.40597,-0.904,-0.0315,0.7961,0.8905,-0.9747,-2.5501
45624.25889,0.0477,-0.1009,-0.1701,2.0169,0.0733,-0.6081
45083.24344,1.6505,2.0562,-1.0778,3.2501,2.2599,5.2112
45621.09245,0.0275,0.0276,-0.1308,0.3231,0.374,0.208
44588.96454,-0.2124,0.611,-0.0074,-0.5315,-0.1506,-0.4483
44627.74689,0.9242,-0.5013,0.3121,-0.1147,-0.7191,0.4603
45331.90319,2.6166,2.2989,-3.2154,-2.8238,0.348,2.912
45588.89555,0.1503,3.3444,-0.4912,0.4158,-1.0088,-3.2195
45605.11951,-1.2407,2.655,-0.1419,2.0354,-0.4249,-4.3628
44416.60854,0.7145,0.0945,0.0203,-0.727,-0.3131,-0.0711
45492.0038,0.2676,-1.2425,0.3991,-0.6953,0.0757,3.3105
44396.5514,-0.1574,0.0695,0.2262,0.6672,0.1183,0.427
45295.06181,0.9527,-0.7724,0.9492,-0.8682,0.6812,4.4539
44919.81454,0.1263,-0.3383,-0.1053,0.0881,0.0695,0.2333
45603.9736,1.0289,2.3904,-1.2578,-3.3934,-0.4829,1.6654
45089.27491,1.6367,0.005,0.4098,-2.3492,0.8736,-4.7127
44707.39181,0.5562,-0.31,0.0578,0.209,0.1972,-0.1089
44640.05112,0.5273,0.0948,-0.7989,-1.6188,0.3905,-1.0671
45126.03778,-1.4331,0.4107,0.5663,1.853,0.2203,-2.403
45418.66357,-1.1665,0.1527,-0.245,-2.4143,-1.5622,1.8565
44956.15278,0.1872,0.2347,0.7271,0.889,0.4022,-0.113
44519.84295,-0.0836,0.348,-0.0279,-0.285,0.3394,-0.9096
44650.03315,-0.2491,0.3063,0.0177,1.4081,0.1902,0.4241
44987.18404,-0.4463,0.1363,-0.0528,-1.3287,-0.0967,0.212
44568.12573,0.0561,0.2615,-0.0132,-0.7836,-0.4423,0.0947
45140.63385,0.6849,-1.0565,0.8291,-0.7131,0.7414,3.1208
45502.28708,0.8585,-0.7406,-0.3571,0.0357,3.3372,-1.8078
44381.74254,-0.5636,0.1893,0.5161,5.438,-1.8827,-2.8472
44429.6376,-0.3835,0.2628,0.1387,0.8915,0.3499,-0.2363
44496.92259,0.0772,0.1948,-0.1421,1.0528,-0.1855,0.3343
44838.18077,-0.384,0.2717,0.0796,0.619,0.375,0.1688
44428.8836,0.7212,0.4698,0.5091,-0.8773,0.1728,-0.9469
44596.68488,0.452,-0.3254,-0.521,0.4144,-0.1527,-0.153
45058.06242,1.0362,2.28,-0.7123,1.2173,-0.7681,-5.0146
44962.75713,-0.038,0.041,0.1315,0.2283,-0.0169,-0.5501
45149.98253,1.8871,1.6107,-0.645,0.6593,-1.0914,-5.6466
44373.99154,0.1485,0.3517,-0.4152,-0.8599,-0.8609,-0.8283
44391.63512,0.7368,-0.2918,0.0643,0.0757,-0.195,0.2571
44815.32224,0.4605,0.2135,-0.337,-0.933,-0.2236,-0.4302
45537.41907,-1.8148,-0.6413,0.3514,0.023,-0.8153,-1.3019
44946.47262,0.5488,0.7298,-0.1597,7.2395,-0.477,-1.5992
45552.82886,1.0807,-0.6314,0.2132,-2.2291,3.6613,-1.7045
44531.93636,-0.0684,-0.1397,-0.1429,0.0978,-0.0027,-0.1523
44387.865,-1.0349,-0.9391,-0.0603,-2.3915,-1.1923,-0.7868
44761.13107,-0.2078,-0.0904,-0.0851,-0.7061,0.3563,0.8975
45280.07897,2.6995,2.4367,-1.3173,-0.489,1.2219,4.9665
45326.01259,0.3342,2.8704,-1.5068,4.2206,-1.1533,-5.128
44448.42717,0.33,-0.4092,-0.4383,-0.2238,-0.0919,-0.471
45454.70045,-2.0747,-0.7932,0.2717,-2.8335,-2.0052,0.8076
45018.48659,0.1326,-0.5293,0.5436,-1.2793,-0.5195,0.3255
45126.09808,0.7942,4.1892,-0.8114,0.732,-1.7887,-4.8923
45095.60819,1.1303,-1.2736,0.7848,1.0971,1.8763,-1.752
45466.22019,1.3638,1.0978,-0.6014,0.5804,-0.506,-5.2873
45313.69865,0.0771,1.1112,-0.3649,-2.0622,-0.1781,2.6149
45549.54187,0.9146,3.0553,-0.8801,3.0534,-1.2626,-5.2213
45087.94795,1.5351,1.8483,-0.6551,3.5642,2.1298,5.6288
45120.09674,0.9306,-0.491,0.8705,0.0357,0.1435,3.0532
44430.33127,-0.3243,0.3991,0.4126,-0.6515,0.0143,-0.3798
45317.71954,-0.0141,-0.1375,-0.6702,-0.7276,1.1344,0.1664
45616.31756,-0.6571,0.2395,-0.6661,0.2833,0.5676,-0.6291
45511.57521,-1.3103,-0.4144,0.2168,-2.5933,-1.7937,1.1261
44791.10665,-0.2492,-0.0538,0.2571,-0.0744,0.1471,0.0743
45159.1201,0.82,1.6837,-0.9156,-3.5742,-0.3082,1.7071
44401.19628,-0.6452,0.0221,0.3882,0.799,0.5104,-0.1699
44753.29034,0.0549,-0.2695,0.0821,-0.7387,-0.2527,0.1207
45528.6738,0.5149,3.1833,-0.8936,2.1538,-1.6722,-4.4757
45277.54581,1.2319,-1.2991,1.3914,-0.3124,2.3618,0.6435
45077.75489,1.215,0.1695,0.3865,1.0547,-0.2745,4.8268
44777.17437,-1.3964,0.2618,-0.1378,1.7624,-0.7639,-0.62
44708.32664,0.0988,0.3711,-0.4046,-1.0289,-0.6917,-0.3108
44598.28319,-0.6315,0.0776,0.9464,-0.6954,0.448,-0.0719
44760.61839,0.3019,0.0139,0.4172,0.182,0.6886,-0.439
44480.72741,0.2778,-0.2473,0.3074,0.135,-0.1537,-0.2656
44842.55342,-0.0174,0.2878,-0.6177,-0.4585,-0.2093,-0.3599
45444.05526,0.8454,2.0204,-1.267,3.8047,3.3807,5.0641
44586.67261,0.6363,-0.1874,-0.0546,0.8757,-0.0345,0.0581
45183.9995,-1.6185,-0.7669,0.5262,0.7863,-1.1562,-1.174
44780.8836,0.2196,-0.0109,0.0697,0.1271,-0.1347,0.2318
45432.95773,-0.3044,1.4165,-1.1725,-1.1555,0.319,3.0326
44733.83927,-0.1777,-0.1015,0.2206,0.4402,0.1282,0.4855
44875.33345,0.161,-0.253,0.2017,0.6577,-0.1053,0.4306
45072.68856,-1.4976,-0.1635,0.3965,1.2841,0.3304,-1.8468
44940.98418,-0.5354,-0.3153,-0.2209,0.0143,0.7156,0.2936
44959.13827,0.3069,0.0019,-0.19,-1.4537,-0.4187,-0.935
44868.39736,0.2507,-0.372,0.6546,0.7595,0.0001,0.5577
44354.08626,0.0039,-0.0244,-0.0257,-0.0563,0.1227,0.0827
44710.01547,0.0333,-0.3504,0.4013,0.1052,0.0967,-0.1783
44419.4134,0.4723,-0.1668,0.1135,-0.8012,-0.3352,0.1083
44720.2386,0.3544,0.5381,-0.7293,-0.9584,-0.7453,-1.6566
45123.41411,0.4998,1.4751,-0.9658,-3.8631,-0.5461,1.5552
45510.64037,0.5205,2.1407,-1.3756,-3.6666,0.1296,1.4482
45570.40987,1.3746,0.1292,0.5414,-1.5625,0.8706,-3.8583
44547.5582,0.5053,-0.7688,0.4693,0.2536,-0.4069,0.4728
44920.87,0.3075,0.1501,0.0821,-0.2743,-0.1529,0.0279
45183.33605,0.2399,3.6956,-0.9895,1.6608,-1.954,-4.9533
44466.28135,-0.0538,0.0687,0.0781,0.2534,0.2563,-0.1736
44752.80782,0.2442,-0.5474,1.644,0.0484,-0.6067,-0.2125
45557.41257,-1.216,1.1555,-0.0033,-0.5663,-0.3427,-3.4372
44928.83124,0.0054,0.4986,0.2141,0.3432,-0.143,0.1988
44996.59285,-0.4691,0.1809,0.4194,-0.9779,-0.3579,-0.6152
44514.44464,0.0184,-0.4995,0.2565,-0.154,-0.4682,0.5039
44612.15553,0.3664,-0.1071,0.1807,0.182,-0.2529,0.4824
44816.52852,-0.0678,0.3458,0.5091,0.4294,0.0122,-0.0726
45080.58966,1.4863,1.2608,-0.4388,0.154,-1.6249,-5.0245
44390.76043,0.8404,0.1475,0.0728,0.3984,-0.123,0.2773
44414.10518,0.2809,-0.1631,0.1015,0.7506,0.5166,-0.6202
45196.63519,-1.3828,-0.817,0.5324,-2.8728,-1.7565,-0.1211
45318.92578,2.0684,0.9741,-0.2596,-2.8107,0.1473,-5.2236
44564.26557,0.2863,-0.8799,0.6568,-0.9858,-0.7247,-1.0104
45309.14498,-1.0853,2.2761,0.5173,0.1341,-0.6122,-4.5485
44594.60397,0.1688,0.3163,0.5656,0.3427,-0.328,0.0937
44977.4133,0.1886,-0.0739,0.242,-0.3537,-0.0208,0.3165
45383.92325,1.2674,0.5716,-0.3452,-0.399,0.6422,-4.5687
45434.40522,0.5222,-0.8272,0.5709,0.5155,2.0626,5.3463
45625.88737,0.1189,0.0552,0.035,0.5659,-0.2636,-0.298
44923.58406,0.3137,-0.2286,0.8067,0.0533,-0.0538,-0.1645
45064.18429,-1.1737,2.9356,-0.2407,1.6528,-0.626,-3.0235
44462.69241,0.1869,-0.1254,0.0018,0.7851,0.1999,0.0748
45528.37224,-0.7377,-0.1602,0.099,-1.7359,-1.6561,1.8481
45199.43976,1.1863,-1.3002,1.5004,0.286,1.8656,-0.183
44763.36263,-0.0759,1.0599,-0.4537,0.0466,-0.1571,-0.2123
44497.46544,0.5754,-0.4933,-0.2842,-0.0305,0.1459,0.0979
45388.83877,0.9991,-1.6465,0.7238,-0.0745,1.6125,-1.5887
44465.67817,0.1286,0.1303,0.071,-0.2231,0.0697,-0.2013
44534.10775,-0.2378,-0.7939,-0.0586,-0.6332,-0.2823,0.5132
44836.00949,0.2517,-0.063,0.2512,1.4109,0.5074,0.419
44913.72296,0.0922,0.5022,-0.1363,-0.787,-0.2441,-0.0258
44957.60031,0.6989,0.2819,-0.742,0.8165,0.7075,0.624
45559.28228,1.3584,-1.7911,0.8511,-0.0247,2.5592,-1.0286
44609.83343,0.0055,-0.0436,0.0034,-0.0237,0.6233,-0.2622
44675.27463,-0.765,1.0613,-0.142,-0.9705,-0.0774,-1.3725
44395.10367,-0.0039,0.3905,-0.4253,-0.6318,0.0541,-0.4201
45275.58564,-1.505,-0.7875,0.6328,-0.6437,-1.8802,-0.4721
44638.33216,-0.2614,-0.4458,0.0776,-0.5215,0.4949,-0.5098
45162.55798,-1.4001,-0.5771,0.4768,1.6002,-0.0845,-1.6708
45579.33606,1.0565,-0.4088,0.492,-2.0798,1.9413,-3.237
44364.88337,0.4604,0.9372,-0.4252,0.6433,1.2357,-1.6044
44955.33857,0.1911,-0.28,0.5777,0.975,0.2272,0.1361
45333.41104,0.5026,-1.1299,0.3564,-0.2718,1.7346,4.3032
45357.7172,1.0698,-1.1429,0.3968,-1.2802,2.3682,-1.7824
44642.97635,0.152,-0.5256,0.0747,0.446,0.4876,0.5577
44818.91086,0.1982,-0.0969,0.299,-0.2977,0.1506,-0.1367
44927.44408,0.442,-0.1714,0.0297,0.854,0.2542,0.1661
44991.19485,0.1274,-0.1212,-0.0655,-0.6924,-0.796,0.3659
45076.63911,-0.542,2.8571,0.1519,3.9217,0.336,-3.821
44470.17183,0.2981,0.5307,0.5134,0.2182,0.0723,-0.4339
44975.00076,0.2943,-0.1465,-0.1684,0.3896,-0.3536,0.2048
44778.83296,-0.6613,0.2527,-0.0806,-1.2422,-0.5217,-0.6852
45094.07011,1.1582,-1.6464,1.1478,0.4185,2.5853,-0.5657
45241.93072,-0.6991,-0.1975,0.2728,-3.4712,-1.8666,2.6486
44814.08586,-0.1011,0.3001,-1.511,-1.4609,-0.3939,0.0203
45018.96911,0.4794,-0.8517,0.29,-0.7196,-0.3996,-1.6131
44767.10207,-0.0264,0.2829,-0.2121,-0.2244,0.0202,-0.667
45208.30586,0.9988,-1.1127,1.1897,-0.3389,1.5932,2.5961
45345.68476,-0.5177,4.0653,-1.0697,1.108,-1.7336,-5.1054
44544.18055,0.5127,0.2142,0.0722,-0.1859,-0.0433,0.5615
44398.63255,0.0141,-0.2512,-0.3103,0.2584,0.1262,-0.4858
44489.14166,-0.2401,-0.2686,-0.0624,1.4692,0.7909,0.4972
44771.71602,-0.3179,-0.5618,-0.2716,0.4749,0.3666,0.4093
44976.05627,0.6026,-0.0749,0.2641,-0.0418,-0.4153,-0.1791
45172.96209,-0.0588,3.7339,-1.1776,3.9826,-0.7404,-4.2247
45305.88806,-1.4872,-0.8719,0.5765,0.2383,-1.5459,-1.1252
45325.98244,-0.5892,3.3838,-1.3422,3.4888,-1.0426,-5.1945
44501.47654,-0.3903,0.1893,-0.0798,-0.099,-0.4873,0.1252
45304.13897,-0.6334,0.6176,0.0438,-3.3647,-1.1278,2.4371
45369.68934,0.7765,-0.9026,0.0891,-2.2768,2.6786,-1.8167
45437.75258,-0.5974,0.7384,-0.854,-4.534,-0.1088,1.6239
45216.61403,-1.496,-0.559,0.8849,-0.5921,-1.9291,2.101
45081.85623,-1.0849,-0.2736,0.121,-2.8615,-2.1682,1.9369
45258.24555,1.5532,-0.3503,0.8739,-2.9301,1.5815,-2.6204
45561.18208,-0.7346,0.1972,0.1064,-3.2799,-1.0363,3.2486
44768.03692,0.1173,-0.2346,-0.1059,-0.2022,0.153,-0.2499
44920.02564,0.6487,0.2943,-0.0663,-0.707,-0.5504,-0.4473
45394.5987,1.2115,1.403,-2.3515,4.0975,3.1396,3.9824
44626.93263,0.0632,0.6778,0.0029,0.012,1.9834,-0.6895
45072.0854,1.9198,-0.1548,0.3908,-1.5243,1.7139,-5.4702
45470.98489,0.3048,2.8009,-1.0167,3.4713,-2.1109,-5.1511
45149.89205,-0.2008,3.1518,-0.9686,3.8445,-1.6113,-4.3832
44884.6218,-0.1361,0.0136,0.0601,0.315,0.1179,-0.3115
44470.68454,-0.2162,0.8656,0.7206,-0.0017,0.091,-0.0223
44546.23127,0.0938,0.0597,0.2619,-0.4901,0.2244,0.0112
45555.78415,-1.5498,0.4803,0.0486,0.6941,-0.6577,-2.2314
44835.19528,-0.0988,0.4316,-0.4005,-0.2739,0.7775,0.837
45062.76689,1.7923,0.1731,0.0535,-2.9777,2.1217,-4.8658
44842.13124,-0.078,0.3452,-0.5318,-0.1602,-0.0848,-0.1736
44362.74205,-0.0222,-0.0131,0.1409,-0.3864,1.122,0.2288
45126.39968,0.7632,-0.9694,0.9413,-0.9357,1.4055,5.1449
45087.01309,1.176,-1.5381,1.1556,1.2978,2.1503,-0.6844
44370.01049,0.021,0.2569,0.1928,-0.1082,-0.1001,0.0596
44701.33026,0.6025,-0.5482,0.5955,0.5344,-0.5515,-1.0019
45436.03367,1.5141,1.2511,-0.334,2.6533,1.7673,6.6806
44838.84419,0.0348,0.0746,-0.0491,-0.0624,0.1289,0.2335
44442.03334,0.2638,0.3927,0.2162,0.6722,0.1151,0.0655
44525.15078,0.1805,0.1576,0.2867,0.0033,-0.0378,0.073
44469.87026,-0.1537,0.6536,-0.0526,-0.8844,-0.2343,-0.2654
45107.12881,-1.3982,-0.6393,0.3765,0.9398,-0.2553,-1.6761
44677.08406,-0.0475,-0.0908,-0.069,0.5268,0.022,0.3255
45426.7455,-1.9599,-0.8416,0.2322,-0.1246,-1.1572,-0.5174
44648.85701,0.0507,-0.3128,-0.0099,1.4983,0.079,0.7111
44660.88969,0.1437,-0.0343,-0.4836,-1.1296,-0.404,0.3608
44862.42638,0.3295,-0.2819,0.0327,-0.1735,-0.2796,0.4004
45560.85035,1.4996,-1.0419,0.7432,-1.1287,3.2522,-0.858
44590.65336,0.6741,0.0039,-0.3532,0.3433,-0.3315,-0.0346
45422.64422,-1.0072,0.1065,-0.2719,-1.3975,-1.2974,2.2833
44740.77532,0.4465,-0.5531,0.3968,-0.0163,0.7514,-0.1019
45282.58202,-0.1323,0.8416,0.106,-1.7195,-0.6961,1.866
44467.06548,0.3222,0.0772,0.151,0.4497,0.0784,-0.056
44739.78016,-0.3996,0.3636,0.0444,-0.0455,0.0975,-0.0287
44390.88109,1.4614,0.3322,-0.6914,2.068,-0.171,-0.1231
44396.76252,0.4142,0.421,-0.0995,-0.4003,0.4434,-0.1794
44847.83079,0.0811,0.006,0.1137,0.026,-0.2747,-0.1844
44592.16124,0.5031,-1.0546,-0.2482,0.8879,0.3172,0.1613
45404.79158,0.9887,-2.1755,0.7901,-0.7902,2.6884,0.5308
45080.25793,-0.7269,0.1196,0.0327,-3.7285,-1.0876,2.1043
45188.34209,0.9374,-1.3662,1.0851,-0.3302,1.0035,1.95
44985.01276,0.1295,0.5599,-0.0293,-0.9405,0.3881,0.4482
45145.54946,0.0704,1.3912,-0.7277,-3.6754,-0.1325,1.3778
44414.34648,0.1605,0.8944,-0.1133,-0.141,0.1463,-0.5183
45375.32862,0.7676,-1.8763,0.8232,0.7797,1.9478,0.6097
45561.90585,0.3991,1.8926,-1.2365,-4.1309,-0.217,1.537
45597.97253,1.3889,0.7861,0.1615,-1.4629,-1.015,-4.0177
44852.47482,0.146,-0.5838,0.0881,0.6386,-0.1418,0.9522
45099.92088,-1.038,-0.4467,0.1926,-2.3616,-2.0151,2.0329
44956.12263,-0.208,0.0827,0.3609,0.8516,0.326,-0.1981
44812.42725,-0.0622,0.1615,0.1602,0.3113,0.2482,0.6798
45345.56412,-2.2778,-0.7221,0.1489,-0.0225,-0.9436,-0.751
44429.5773,0.4397,0.4084,0.0096,0.4406,0.151,-0.1923
44618.79016,0.1903,-0.5291,0.5613,1.377,-0.0727,1.9623
45217.06636,0.703,-0.874,1.0182,-0.6373,1.7737,3.4688
44663.33244,0.0842,-0.0818,-0.1671,0.0468,-0.4902,0.7767
44402.1916,-0.1583,-0.2766,-0.288,-0.8951,-0.252,-0.2901
44870.41786,-0.1837,0.0123,-0.025,0.0089,0.1803,0.3345
44876.05724,-0.5412,-0.5187,-0.111,1.8178,-0.1482,-0.0592
44394.56076,0.08,-0.2013,0.2455,-0.143,0.0487,-0.1093
44877.95713,0.2037,-0.3404,0.1648,-0.1572,0.0221,0.3096
45027.83523,0.0509,-0.1516,0.1167,2.5164,0.5309,-1.0533
45048.20112,1.548,-1.0624,0.8608,-0.4043,2.4412,-2.9659
45121.66494,0.7998,-0.7928,1.0635,-0.9227,2.1575,4.6243
45413.98931,-1.7946,-0.6201,-0.0243,0.7312,-1.0362,-0.863
44825.81666,0.1144,-0.2345,0.0907,0.3174,0.2103,0.0838
45443.75372,0.9961,1.2917,-0.7729,1.4856,-1.1855,-5.0933
45484.01241,0.3467,-1.5973,0.5197,-0.4317,1.2784,2.7722
45622.2384,0.1326,-0.0671,-0.0765,0.3565,-0.7357,-0.965
44363.28489,-0.203,-0.7329,0.1015,-0.1456,-0.346,-0.0332
44443.84291,-0.3622,0.2714,-0.0402,-0.381,0.2475,-0.3071
44600.84657,0.186,0.2925,-0.7007,-1.1189,-1.0155,-0.2095
44718.39904,-0.1059,-0.0938,-0.2708,0.9759,0.2639,-0.0871
45168.49889,0.7781,-0.679,0.6416,-0.4272,0.481,4.8691
45082.76095,-1.7884,-0.8605,0.234,0.0408,-0.8156,-0.4408
44532.44905,-0.2774,-0.1436,0.1869,0.2251,0.2094,0.4934
44627.17388,0.2269,0.2667,0.5293,0.5187,1.2054,0.499
45129.11384,-2.1151,-0.9392,0.3036,1.1815,-1.2082,-0.3417
45161.80406,-1.0906,3.0266,-0.3487,0.9792,-0.021,-4.1034
45361.3963,-2.0255,-0.7796,-0.037,-1.4552,-2.1321,-0.721
44412.98924,0.1247,-0.0157,0.3251,-0.0776,0.1986,0.0994
45448.06608,1.6467,1.644,-1.9515,2.0411,2.0243,3.8794
44924.24749,-0.1554,-0.1697,0.286,1.3409,0.2071,0.9899
45602.28484,1.043,0.5222,0.4327,2.9255,0.7063,4.721
45163.85474,1.1504,2.1325,-1.0581,-4.0116,-0.2665,1.6897
45269.19239,-1.5638,-0.7203,0.6805,-1.0761,-1.2987,-0.386
44406.29355,-1.4188,1.5143,1.4382,-3.9158,-0.6255,-0.9321
45576.38075,0.8899,2.0587,-1.2835,-1.7428,0.7166,2.423
44973.2215,-0.4132,-0.0857,0.1283,-0.4305,0.5691,0.6567
45357.47596,-1.5601,-0.1617,0.0868,0.0273,-0.4989,-1.5112
45338.7789,1.0586,-0.7325,0.3151,-3.8635,1.2226,-2.9259
45567.30378,0.6873,-1.7864,1.1208,0.5637,2.9261,-0.0646
45604.00375,0.2015,1.81,-1.0764,-1.2913,-0.5221,1.5565
44461.57654,0.277,0.2974,0.1511,-0.8728,0.1338,-0.7097
45158.60743,-1.0417,0.5979,0.4851,-0.259,-0.2507,-3.3462
45213.16109,1.3258,0.5461,0.5547,1.6707,1.8087,4.4581
45221.95682,0.812,1.6065,-0.7161,-3.3315,-0.8755,1.5513
45417.09544,-1.4125,-0.1091,-0.3341,-3.5968,-1.1281,1.8272
45542.39482,1.0789,2.4842,-0.8897,1.2801,-0.6987,-5.9007
45617.07147,-0.0945,0.3827,-0.023,-2.668,0.2248,1.2096
45131.40579,-1.0614,-0.389,0.313,-4.0059,-2.3287,1.8284
45049.22644,0.9741,1.7339,-0.8279,-6.1618,-0.6105,0.3111
44422.45959,0.0966,-0.1785,-0.1561,-0.7382,-0.062,0.0923
45233.18525,-0.9762,-0.2244,0.5257,-5.9782,-1.0202,2.2634
45141.62904,-0.429,0.9826,-0.2373,-2.0619,-0.8762,3.0461
44569.12092,-0.4683,1.3765,0.5831,-0.1582,0.1678,-0.5727
44593.27707,-0.6925,0.099,0.0833,0.6303,0.4845,-0.0763
45427.77083,1.3006,0.3129,-0.1362,-0.0736,1.298,-4.3206
44379.3901,-0.1162,0.4536,0.0208,-4.7207,0.8718,2.2878
44614.53794,-1.0354,-0.9815,0.3043,1.4513,0.1944,0.9012
45271.78591,1.7976,2.5402,-0.8898,2.2092,-1.0089,-5.6686
44398.4214,-0.526,0.3,-0.6843,1.0835,0.1353,-0.0312
45121.36336,-0.0215,4.1001,-0.6979,2.533,-0.1195,-4.8668
45547.40075,0.9786,-1.5733,1.0761,0.6116,1.856,0.3949
45410.43086,0.6259,-1.3648,0.5472,-1.3884,1.3853,3.9665
44403.85048,-0.2176,0.1549,0.5021,-1.5404,-0.3898,-0.3112
45621.90668,0.2429,-0.1952,-0.2871,-0.024,-0.2919,-0.115
44938.5114,-0.0464,0.0509,-0.0119,0.1065,-0.1536,-0.1385
44735.16618,0.216,-0.3622,0.378,0.674,0.2289,0.2577
44869.06081,0.2974,-0.0115,0.0505,-0.1094,-0.2451,-0.025
44694.36396,0.7818,0.0532,-0.2201,0.7386,0.1439,-0.1867
45130.1995,1.4443,-0.6575,0.6579,-1.234,2.5248,-3.2358
45316.53337,1.2841,1.2947,0.0061,2.3941,0.5675,-5.3101
44840.80435,0.4572,-1.089,0.6715,0.4996,0.2437,2.2245
44640.1416,-0.3325,0.5159,0.1249,-0.0452,-0.1582,0.0421
44586.37103,0.0334,-0.1535,0.6195,-0.1339,0.4835,0.1356
44864.4167,-0.3316,-0.5074,0.1453,0.6345,0.5086,0.4693
45417.63825,0.5041,-1.2096,0.4318,-0.8478,1.0346,4.4523
44382.97908,-0.0203,-0.0048,0.0195,-0.3707,0.0063,0.1531
44834.98419,0.3895,0.4595,-0.1867,-3.9288,1.9584,2.9129
45172.66055,-0.2692,0.8021,-0.54,-1.9356,0.2992,2.0378
45466.46146,0.6587,-1.057,0.5348,-0.6185,1.5817,4.4096
45358.53145,0.9927,-1.3808,0.8264,-1.0269,1.992,-1.1047
44453.64473,-0.1842,-0.2552,0.234,0.211,0.0766,0.2368
44709.59323,0.297,0.1394,0.1938,-0.0823,-0.4784,0.3605
45297.08231,-0.9747,-0.5362,0.835,0.2808,-1.21,-2.3922
45543.51062,0.912,0.2125,0.4988,3.1491,0.757,5.464
44891.46742,-1.385,0.4823,-0.1514,-1.617,-0.3655,0.0492
45076.30738,0.6457,1.9802,-0.7586,-4.6851,-1.1434,2.0214
44955.00685,-0.0445,0.1329,-0.1959,0.0656,0.1192,0.3181
44982.02727,0.4763,0.4362,0.1608,-0.6174,0.5292,0.024
45062.49549,-1.4966,-0.7849,0.2027,-1.4716,-2.364,0.6409
45200.46509,0.958,1.9363,-0.8238,-3.3614,-0.1543,1.3759
44354.90055,-0.0045,-0.0139,-0.0072,-0.0896,0.0205,0.0638
44500.14956,-0.7664,0.3447,0.0208,-0.7732,0.0368,-0.8173
44613.99512,-0.3192,0.7537,-0.4067,-0.231,0.2881,-0.4661
45024.63862,0.3066,0.2556,0.0317,4.2614,0.8719,-0.7233
45106.85739,0.4411,1.6698,-0.9046,-3.7202,-0.2468,1.7652
44521.13975,-0.1037,-0.0911,-0.3402,0.7517,-0.4249,0.0882
44393.4146,-0.1163,-0.4927,-0.0814,1.9907,0.8734,-0.0395
44530.27767,-0.1447,-0.6479,0.1782,-2.382,0.1107,-0.5118
45106.8272,2.2645,2.7781,-2.0605,-3.3943,0.2461,2.4346
45481.32847,-0.1603,3.9014,-0.6092,2.8569,-0.8631,-5.9106
45001.17668,0.0429,-0.014,0.0236,0.2343,0.2227,0.0528
45329.24942,1.1042,-0.202,0.0739,-4.4747,-0.1269,-3.5486
44359.72608,-0.2624,-0.0209,0.1213,-0.1868,-0.1177,0.1877
45380.87746,0.7263,-2.0263,0.5094,1.0966,1.6901,0.7622
45256.07423,1.866,1.6363,-2.0859,1.0687,2.1733,4.6772
44556.93725,0.0087,-0.0896,-0.0352,-0.1621,-0.0562,0.0588
44729.55701,0.5983,0.1345,-0.5239,0.8575,-0.3947,0.0992
45372.91611,1.0759,-1.6468,0.704,0.5226,2.1509,-1.2149
45438.53666,-0.2057,1.1739,-1.4165,-3.1643,0.4287,3.0554
45555.90478,1.3479,2.4706,-1.2602,2.9248,-1.5814,-5.5351
45154.50609,-1.4188,-0.8606,0.3689,-3.7559,-2.061,0.7098
45297.41403,0.8501,-1.0326,1.2835,-0.4982,2.1657,1.8771
44439.2285,0.3252,-0.224,-0.021,0.1256,0.0118,-0.2366
44820.90119,0.3779,0.172,-0.5034,-0.5994,-0.0261,-0.1812
45514.95269,-1.4751,2.4171,0.0071,0.2141,-0.1603,-3.9674
45603.58156,1.4013,2.5789,-0.7543,2.9987,-1.0437,-5.839
45620.00678,-0.0923,0.1416,-0.0376,0.6203,0.344,0.0093
44507.87013,0.4839,-0.0183,0.1794,0.6142,-0.1985,-0.1445
45605.14969,-0.3763,3.449,-0.7897,3.0868,-1.3971,-4.5858
45550.7481,0.3403,1.7974,-0.8758,-3.0334,-0.7593,1.6948
45086.8623,1.4052,1.1997,-0.2286,1.2492,-1.3037,-4.9479
44799.94251,0.1611,-0.3232,0.283,0.4885,0.254,0.1378
44411.81299,-0.0387,0.1528,-0.0479,0.7498,0.1285,-0.0702
44918.63846,1.0193,0.5974,0.0778,-0.1017,0.686,-1.1635
45036.83698,0.212,-0.0429,0.254,0.8415,0.0239,0.7837
45490.76741,-1.8398,-0.6901,0.341,-1.0609,-1.0292,-0.9604
45064.42553,1.2788,-1.9849,1.1804,0.7434,1.3432,-0.3404
44761.88496,0.1232,-0.007,0.0218,-0.1116,-0.1674,-0.6501
44519.20964,-0.2442,0.1402,0.0629,-0.4679,0.0538,0.2795
45186.14063,1.3339,2.4664,-1.0282,-5.313,-0.3585,2.4981
44431.92975,-0.3176,0.0269,0.0307,-1.1622,-0.4795,0.048
45533.52894,0.8052,3.3333,-1.0776,3.4881,-0.9583,-5.6891
45416.9145,1.4139,2.0769,-0.8774,4.4052,1.9218,5.6069
44865.77373,0.0985,0.1026,0.1153,0.2556,-0.0863,0.2419
45610.48735,2.7225,1.8531,-1.2415,4.0759,3.0091,5.6799
44767.34332,0.2318,0.1101,-0.3619,-0.0887,-0.0886,-0.1297
45097.29707,0.686,-1.0971,0.5994,-1.1515,0.8777,3.0475
44380.23455,0.2514,-0.043,0.1267,0.4669,-0.1069,0.3534
44527.50312,0.7109,-0.3119,0.1062,-0.6758,0.0003,-0.2163
44642.52402,1.0481,0.0131,0.021,0.9185,-1.5598,0.0468
44716.19759,0.4773,0.0873,0.0784,1.5667,0.2127,0.2993
45173.9874,1.07,-1.2888,1.38,0.4869,1.9826,-0.4226
44525.30157,-0.2461,0.0642,0.0292,-0.059,0.2319,-0.1379
44778.98375,0.0739,-0.4975,0.0413,-0.4635,0.2098,0.0796
44919.12093,-0.2759,0.3338,-0.1225,-1.379,-0.3283,0.0616
44908.56625,-0.1265,-0.3654,0.0511,0.5157,0.1665,0.6142
45001.56871,0.1779,-0.2118,0.0621,0.6335,-0.3382,0.4459
44584.1997,0.0226,0.9054,-0.1718,0.842,-0.1927,-0.2223
45410.88321,-1.3339,2.2373,-0.5469,1.5398,-0.6956,-4.4072
45497.16053,-2.0959,-0.6302,0.0122,-0.8984,-1.3871,-0.7308
45351.32402,1.2244,0.3179,-0.2185,-2.947,1.4855,-4.4501
45236.59296,-0.6812,2.361,-0.6847,1.6493,-0.3605,-4.4516
45583.55793,0.5557,-0.8714,0.7719,0.7349,1.5927,4.8414
44571.29226,-0.5162,1.0281,-0.0586,-0.9195,0.0632,-1.0077
45074.25671,-0.9179,1.2189,0.5361,0.6023,-0.0246,-2.4386
44402.70436,0.228,-0.1266,-0.1634,-0.0077,-0.0985,-0.2225
44791.52883,0.2463,0.091,0.0317,-0.1669,0.0473,-0.4475
45448.36762,-1.988,-0.539,0.1538,1.6905,-0.6388,-1.246
44428.40106,0.0862,0.621,-0.2382,-1.1364,-0.3052,-0.5037
45019.84364,-0.2852,3.8932,0.5091,2.1341,0.5641,-2.1038
44965.89343,-0.0171,0.0787,0.0374,-0.14,1.0591,0.6393
44653.29015,-0.745,0.275,-0.0293,-0.4144,0.3671,-0.4871
45589.37803,-0.2014,1.9417,-0.8055,-2.7005,0.2272,2.3219
44741.89115,-0.5999,-0.8302,0.5781,1.4227,0.2062,0.9152
45537.38892,-2.2836,-0.6615,0.3736,-1.3846,-1.3511,-0.3376
45070.48708,1.122,1.538,-0.5237,0.5166,-0.4127,-5.6193
45122.38874,1.2259,-1.9016,1.8388,0.2633,2.2302,-0.3878
44969.78366,0.2192,0.1554,0.2384,-2.7542,-1.5816,-0.0137
44965.68234,0.0818,-0.3513,0.0435,-0.4441,-1.1052,0.2773
44374.62488,0.1012,-0.2509,-0.0214,-0.6989,-0.9473,0.1948
44770.05742,0.433,-0.1277,0.3399,-0.2236,0.0569,0.0927
44527.77453,0.4431,0.2578,-0.2387,0.9234,-0.3155,0.055
44597.49912,0.9792,-0.7819,0.3149,-0.5588,0.0153,0.3401
44631.75782,1.1903,0.9652,-1.1662,-1.4153,0.0622,0.1639
44672.56049,0.7396,-0.8913,0.6219,2.3044,0.0693,1.9539
45132.12957,-0.3285,0.8098,-0.2515,-2.3583,-1.0246,2.2702
45204.32518,0.5387,-1.0431,0.8896,-0.756,1.1147,3.8937
44734.98524,-0.3586,0.0197,0.1705,-0.5841,-0.2009,0.2657
44546.6535,0.4714,-0.1128,0.0406,0.7999,0.1954,0.4116
44778.32031,-0.8431,0.9189,-0.2636,0.4213,-0.2022,-0.1181
44536.42991,0.2656,-0.0082,-0.0319,-0.0141,-0.1641,0.1181
44850.6956,0.1989,-0.1182,0.0778,-0.3038,-0.2411,0.1459
45078.87071,-1.243,-1.4115,0.3552,4.6629,-0.4988,-0.7876
45323.36886,-1.2346,-0.1476,-0.1082,-1.2271,-1.5282,2.5
45517.96834,-1.3599,-0.2574,-0.0916,-1.805,-1.4316,1.3609
45399.66496,-1.8264,-0.4081,0.1306,0.3716,-1.8652,0.7593
44655.73284,-0.0965,-0.0456,0.3039,-1.2185,-0.7554,-0.0612
45370.59404,0.862,-1.7663,0.7251,-0.1233,1.508,2.4
45530.453,1.1734,-1.3952,0.1648,-2.2826,2.8889,-1.1413
44813.84462,-0.0996,-0.4483,-0.0702,0.8518,0.1121,0.6742
44986.12853,0.1774,0.146,0.2076,-0.2235,0.1884,0.5664
44488.87023,0.5264,-0.1548,0.3834,0.1176,0.1156,0.5439
44503.79874,0.044,0.2342,-0.0144,-0.0752,-0.1344,-0.1235
44372.69466,-0.2949,0.2473,0.2929,1.7091,0.4784,-0.2193
45051.97074,1.0719,0.488,-0.3508,0.9993,2.4494,-3.7865
44649.15859,-0.4713,0.6024,-1.1522,-0.9359,-0.4848,-0.6663
44379.20913,0.3116,-0.0601,0.5815,-3.6563,0.8925,2.2733
45278.54101,0.7405,2.0869,-0.7825,-4.5029,0.4529,3.1074
45535.278,1.1827,-0.5596,0.7095,-3.4904,0.989,-2.9261
45601.92296,-0.8746,3.4578,-0.6532,2.6387,-0.0769,-4.6054
44502.41145,0.2161,0.3943,-0.4972,-1.7746,-0.4325,-0.6745
45603.94345,3.1995,2.9914,-2.5034,-3.0714,0.2165,3.9289
44506.12094,-0.0955,0.0377,0.0363,-0.4366,-0.2856,0.0663
44527.53329,-1.9885,0.1739,0.3164,-1.3133,0.1031,0.5419
44425.50573,0.321,-0.4414,-0.1769,1.2577,-0.0423,0.5292
45052.54374,-1.2423,0.4526,0.3515,-2.5069,-1.2836,-3.3322
45379.27915,1.8241,-1.3105,0.5504,0.4135,1.6495,-1.0605
45456.47969,-0.1192,3.6624,-0.9892,2.6673,-1.9244,-4.493
45621.87649,0.2132,-0.2128,-0.2553,0.0678,0.1148,-0.3098
45105.07803,0.997,-1.6038,1.2899,0.8738,1.659,0.4783
45009.77131,-0.1994,-0.006,0.3311,-5.8735,-0.5401,-0.7212
44790.32259,-0.1051,-0.471,-0.3585,-0.4222,0.2132,0.0155
44867.34185,-0.0218,0.0519,-0.1578,-0.4863,-0.5639,-0.3369
45212.79921,-0.5319,2.9658,-0.9725,1.804,-0.6254,-3.3945
44800.48532,-0.3213,-0.5511,-0.145,1.9412,0.3609,0.8764
45066.44606,-1.3625,-0.8395,0.3414,1.5788,-0.1577,-2.0586
45405.75659,1.4634,1.8029,-1.9068,1.3095,2.1139,4.2674
44623.25346,-0.3745,-0.1497,0.0729,1.1557,0.1911,-0.5206
44806.78798,0.1577,-0.1534,-0.7678,0.4803,0.018,0.4772
44470.83535,0.5455,0.0358,0.2748,0.1528,0.0023,-0.6174
44431.29637,-0.6535,0.0274,0.043,0.1332,-0.0158,0.5644
44494.26865,0.5616,-0.055,-0.7328,-2.6302,0.3735,-1.1594
44563.39098,-0.143,-0.2501,0.1034,0.7483,0.1089,0.2708
44650.78708,-0.4092,0.0321,-0.1005,1.2036,0.5712,-0.3691
45068.40627,0.9753,-0.5359,0.2241,1.2707,0.7919,4.6051
44511.73042,-0.6722,0.5556,-0.1064,-1.0074,0.0509,-0.1875
45377.01741,0.7851,-0.7724,0.1516,1.1125,0.1804,5.1287
45072.65838,-1.5347,-0.8976,0.4161,2.0038,-0.392,-1.8213
44691.49906,-0.9767,-0.2858,0.4649,-1.2218,-0.3228,-1.0591
44774.06822,0.1452,-0.19,0.1623,0.1283,-0.1996,0.1885
45510.12769,-1.1012,-0.6067,0.639,-5.1833,-1.2064,-2.4217
45600.56595,0.8342,-1.7748,0.9302,-0.6313,2.2186,1.7126
44528.37771,0.1791,-0.0631,0.0999,-0.6744,0.085,-0.4296
45349.4543,-1.9567,-0.5382,-0.0421,-2.6384,-1.5002,0.8641
45492.24504,-1.1326,-0.0173,-0.1037,-0.5838,-1.1654,1.4254
45610.15562,1.3438,0.4856,-0.0486,-1.8816,0.0419,-4.4638
45417.54779,0.9781,-1.8505,0.8612,0.5304,2.5284,0.3656
44628.68176,1.3296,0.4666,0.508,0.2313,-0.1606,0.5484
45090.27014,0.7641,-1.0258,0.6577,-0.3734,0.6803,3.9209
44387.59354,-0.6788,0.2114,0.1723,0.4131,0.1357,0.2193
44699.58114,-0.0654,0.4105,-0.2082,0.5631,-0.2217,-0.6614
45052.09137,1.8359,-1.62,0.6955,0.5348,1.1373,2.0954
45114.77387,1.2196,1.7611,-0.9161,-5.1849,-1.0868,1.4254
45132.03909,2.7412,2.6154,-2.0696,-3.5201,0.183,2.6767
45579.93918,-1.3776,-0.2717,0.4565,1.7994,-0.2578,-2.2826
45509.46425,1.1262,0.7088,-0.0775,-1.137,0.4447,-4.3797
44589.11533,0.0719,-0.178,-0.2591,-0.012,-0.1611,-0.1985
45091.65744,1.3604,-0.8126,0.5374,-2.8718,2.3838,-3.1598
44452.89076,0.7604,0.2477,-0.1364,0.154,-0.253,-0.2845
45060.89719,-1.0483,-0.0729,-0.0428,-3.2632,-1.7314,1.5664
44592.67392,0.158,0.3154,-0.3196,1.5143,0.0809,0.0726
45505.69474,1.1745,0.4123,0.3538,4.8034,0.4177,6.6765
44630.76262,-0.0633,0.0747,0.0979,-0.2343,0.2819,0.1756
45292.19692,-1.5412,-0.861,0.7,-1.8675,-1.764,-0.1958
44574.97149,0.0107,-0.1708,0.7187,-0.3745,0.1328,0.2096
44965.83313,-0.2443,0.2278,0.2795,-0.8458,0.4623,0.1334
45040.52117,0.1011,0.0609,-0.5445,2.2744,-0.9202,-2.4174
44731.57753,-0.036,0.1598,-0.3637,0.0698,-0.2235,-0.354
44920.23673,0.0643,-0.0465,0.4007,0.7297,0.2181,0.3935
45150.49522,-1.2778,-0.4591,0.1834,-2.7097,-1.4002,1.146
44783.14535,1.0802,-0.4213,0.2364,0.8603,-0.417,0.406
45059.72106,1.5933,-0.9794,0.6192,-0.4261,2.6308,-2.8714
45305.52619,0.7483,-0.5698,0.8026,-0.0249,0.5849,4.695
44387.29192,-0.1768,0.2288,0.1925,-2.1736,0.3369,0.3993
44700.09378,-0.0735,0.3547,-0.7127,-0.2697,-0.4788,-0.5906
45013.45044,0.7882,0.4351,0.421,0.775,0.9455,1.0247
45054.5944,-0.2698,0.8147,-0.6588,-3.6813,0.2498,1.7058
44646.7762,0.0804,0.0525,0.5276,-3.4922,2.3765,2.8599
44944.87433,0.1589,0.3344,0.0232,-0.875,-0.1089,-0.7159
45446.98044,1.0347,0.8836,-0.6518,-0.8864,-0.9108,-4.6975
44859.86313,0.677,-0.3615,0.4135,0.0507,0.0655,0.2118
45320.19743,-0.3757,0.1475,0.484,-3.8917,-1.9551,1.7725
45378.70618,0.3229,1.7572,-1.2794,-5.7182,-0.0765,2.2975
45536.99689,0.653,-1.594,1.0837,0.2097,2.1192,0.9514
44418.53877,0.091,0.4016,-0.1524,-0.0012,0.19,-0.2803
44479.27977,0.251,0.0702,-0.3098,0.6818,0.0173,-0.1824
45081.67529,2.0765,2.6207,-1.1412,4.8025,1.6772,6.4869
44367.50725,-0.4958,0.113,-0.6423,-4.9147,-1.7967,0.6964
45039.40534,-0.3524,-0.3123,0.2877,-0.2292,0.2745,-0.5197
44872.25745,0.1833,0.857,0.1891,0.8198,0.2886,-0.9781
44676.26982,-0.7975,0.7442,0.3085,-0.1918,0.4426,-1.4296
44400.32157,-0.2232,0.3645,-0.0845,0.6006,0.2688,0.0088
44593.0358,-0.4751,0.0178,-0.2427,0.5747,-0.1017,0.4401
45205.59174,-0.9089,1.3849,0.2854,1.3358,-0.4271,-3.3305
45316.38259,-0.9211,1.2972,0.4821,1.1642,0.6527,-3.8703
44658.47714,7.8663,-3.4202,1.4962,-2.0004,-1.949,-6.1816
44561.94342,-0.1107,0.142,-0.0625,-0.6591,0.0797,-0.2831
44843.57875,0.1556,0.085,0.0635,-0.6054,-0.3348,-0.1685
44768.94162,-0.1395,-0.0605,-0.06,-0.0561,0.1423,-0.1782
45185.32639,1.9113,2.2312,-2.3503,1.5962,1.2405,5.0089
45424.03144,0.434,-1.1298,0.3463,-1.6682,-0.371,4.8932
44840.86466,-1.201,-0.6716,-0.1856,1.3516,1.2518,0.6266
45055.07689,1.2893,-1.8098,0.4437,-0.7497,3.5354,-2.6373
45538.32378,-0.7394,2.517,-1.0276,1.8909,-1.1028,-3.6386
44524.99999,-0.1778,0.0243,0.1009,0.6125,-0.0022,0.2206
44741.58956,-0.5465,-0.5876,0.3132,0.2492,-0.0773,1.1747
45405.99787,-1.5998,-0.8609,-0.0055,-2.3797,-2.3152,0.6776
44689.23728,-0.5526,0.3342,-0.1443,0.3121,0.1304,0.3977
45543.11859,-1.356,2.4192,-0.3308,0.954,0.3978,-3.6158
44889.3263,-0.1624,0.09,-0.1316,0.6849,0.1693,-0.1075
45561.00114,0.6949,-0.5691,0.6966,2.072,0.5279,5.3454
45610.00483,-1.1125,1.3455,-0.0136,-2.0473,0.2859,-3.9339
44546.92492,0.1806,0.301,0.2115,-0.7105,-0.0398,-0.2584
45118.24203,-0.4192,-1.8822,-0.3021,-8.0589,-7.9752,-9.2805
44503.43685,-0.2526,0.2384,-0.2365,0.2091,0.3004,-0.5156
44565.56233,0.0458,-0.1229,0.1755,1.0144,0.5736,0.0735
44734.47257,-0.1818,0.2434,0.1528,-1.1859,0.0863,-1.102
45213.91499,0.814,1.0965,0.1664,3.6376,1.7395,-0.6503
45016.46612,0.0621,0.0039,0.1246,8.6061,2.7846,-1.0821
44488.56866,0.1737,-0.0122,-0.4045,1.0394,0.1709,0.4054
45342.00565,0.5886,-1.9465,0.6497,-0.4809,2.1573,1.6707
44651.9632,-0.0307,0.1077,-0.5614,0.0734,0.1798,-0.459
44417.09109,-0.2947,-0.4405,0.0425,-0.8294,-0.16,-0.0465
44798.13308,0.3599,0.002,-0.1559,0.7455,0.3826,0.0461
44896.83535,-0.0112,0.1684,-0.1559,-1.0968,0.1426,0.1991
44904.73636,0.1915,0.7072,-0.1253,0.3441,0.3272,-0.3378
44511.45896,-0.0561,0.0772,-0.087,0.3062,0.1089,-0.0485
44510.10185,-0.5923,0.4931,0.0905,-1.3469,-0.1574,-0.2601
44935.52592,0.1693,0.2207,-0.2007,-0.1578,-0.5553,-0.2552
44990.13937,-0.1139,-0.0611,0.2429,-0.8159,-0.6095,0.0238
45039.76722,-0.1476,-0.0141,-0.3286,-0.14,-0.765,-1.1915
45294.42851,0.2425,1.5963,-0.6966,-3.6834,-0.404,1.902
45547.21981,1.248,1.6333,-0.6421,0.9374,-0.8422,-5.5834
44819.27274,-0.181,0.05,-0.6545,0.0149,-0.0962,0.3015
45034.30886,1.3346,1.0487,-0.1541,1.5736,1.2191,4.3734
45376.14285,0.9159,-1.8596,1.0619,0.3043,1.5773,1.6042
44416.48788,-0.8149,-0.1268,-0.1447,0.4775,0.0983,0.8341
45101.94155,0.9822,-1.7832,1.2981,0.1123,2.1415,2.2447
45607.47168,-1.3084,0.037,0.5822,2.2497,0.0145,-2.7624
44531.06178,-0.792,0.2924,0.1837,-0.4725,-0.0201,-0.182
45146.6351,-1.0548,2.1701,-0.0822,5.5325,-0.1001,-4.1163
44694.51475,0.7302,-0.9578,0.2026,2.2997,0.6409,0.9367
45322.73559,-1.4808,1.4291,-0.3368,-1.2879,-1.2616,-3.3433
45577.25531,-0.6662,0.7747,-0.2991,-2.1525,-0.8147,2.5159
44924.54906,0.0142,0.3054,0.3466,-0.7059,-0.7169,-0.1277
45621.54478,0.3261,0.0755,0.4054,-0.685,0.9537,0.8325
44632.69271,0.7763,-0.242,0.6268,0.7365,0.2057,1.5069
44797.49983,0.0798,-0.4365,0.018,1.0993,0.1015,0.8156
45205.01878,1.5979,-0.7737,0.8696,-1.6058,2.7261,-2.3759
45479.70006,-1.1143,2.7132,0.1397,2.3933,0.4892,-4.9374
44731.42674,-0.0277,-0.0952,-0.0092,-0.3435,-0.3072,-0.3273
45384.61684,-0.6691,3.3418,-1.166,3.3135,-0.3559,-4.7243
44586.34088,-0.0584,1.2145,0.4322,-0.7501,-0.1854,-1.3452
44451.80503,-0.0656,0.0499,-0.1176,-0.1617,0.1044,-0.1464
44819.93619,0.2828,-0.2242,0.3886,0.034,-0.0524,-0.5282
45604.09421,-1.1254,-0.1074,0.4252,-3.6481,-1.7651,1.9357
44546.95507,0.0458,-0.1561,0.1771,-0.7542,0.0317,0.4437
44968.2155,0.5243,0.0857,0.2331,-0.2787,-1.995,-0.1623
45155.95359,-0.0926,1.2664,-0.7087,-3.6577,-0.4185,2.3169
44522.135,0.3457,-0.0177,-0.2341,-0.05,-0.1711,-0.0895
44756.30603,-0.4769,0.4985,0.3873,-1.2978,-0.5329,-0.3998
45133.03427,-1.566,-0.6645,0.3132,-3.7062,-1.7309,0.6642
44629.73727,0.1533,0.2393,0.3196,1.3154,-0.7514,-1.2152
44644.09218,0.0727,-0.496,0.5573,-0.4443,0.0553,0.0229
44762.6992,0.1185,0.1189,-0.0327,-0.6087,0.0423,-0.662
45194.04169,1.8315,2.5645,-1.5478,-3.4587,-0.6063,2.6323
45403.52501,-0.9763,0.1799,-0.1062,-4.4678,-2.0198,1.7894
45571.25424,0.9636,-0.4217,0.753,-3.6175,2.6913,-3.3061
44708.80917,0.3721,-0.2004,0.0147,-1.345,-0.1605,0.0286
44402.10111,0.3778,-0.2229,0.058,0.3791,0.1185,-0.0397
45624.31923,0.1451,0.0103,-0.1594,1.4479,-0.1932,-0.2761
45086.68136,-1.679,-0.9573,0.2796,1.7563,-0.4237,-1.5202
44928.07734,0.453,-0.1043,0.118,-0.3737,0.0004,-0.3101
44778.04889,-0.2259,0.0636,0.1647,0.0242,0.2416,-0.4105
45128.84242,2.5362,2.4411,-1.7862,2.4677,3.0623,4.9242
44562.42597,0.3632,-0.2767,-0.3837,0.2654,-0.1072,0.3573
44716.01666,-0.1323,0.0608,0.0632,0.4333,0.1215,0.0298
45061.80189,-1.6329,-0.9812,0.229,2.2199,-0.5054,-2.101
44902.77619,-0.2649,0.1891,-0.5719,0.0417,-0.3464,0.3296
45360.88364,1.2212,-0.4894,0.1048,-3.6975,2.0589,-3.5473
44653.80282,0.0155,-0.1857,0.2022,-0.4685,0.0538,0.4421
44456.44951,-0.414,0.1022,-0.1026,-0.9286,-0.3162,0.2152
44698.82723,0.1619,0.1577,-1.0923,1.2372,-0.2264,0.2368
44804.5564,0.0982,-0.1097,0.197,-0.356,0.1581,0.5671
44820.56946,0.6061,-0.8137,0.2259,0.6587,0.2462,0.7284
45149.1683,2.0263,0.8542,-0.2776,-0.3248,-0.0224,-5.7276
45285.95957,-1.2154,-0.5959,0.7707,1.1866,-1.2081,-1.0316
45454.03702,-1.5261,1.3735,0.1643,-0.5701,-0.3327,-3.9933
45103.87171,-1.5104,-0.6884,-0.0664,-1.5322,-1.9691,1.0856
44580.09826,-1.1969,0.3828,0.2151,-1.6178,-0.4119,-0.0324
45537.44925,-1.4601,-0.4582,0.3123,1.8142,-0.5183,-1.9722
44643.94139,-0.2102,0.5405,-0.9972,-0.2289,-0.1663,-0.063
45115.37704,0.9039,-1.8606,1.3984,-1.4241,2.0012,2.7518
44952.56422,-0.378,-0.5157,0.0082,1.0794,0.1095,0.2552
45453.37359,1.6516,1.2481,-0.4317,0.0875,-0.2359,-5.2367
45482.65537,-0.7634,0.3416,0.0137,-1.2968,-1.4864,2.2071
45289.53309,0.1192,0.4388,-0.3041,0.7585,-0.0535,0.7627
44554.52464,0.1582,0.0646,0.0252,0.268,0.0648,-0.1526
44981.66539,0.6449,0.6172,-0.2891,0.4939,-0.2455,0.0892
45001.35762,0.1053,-0.0956,0.0814,-0.9552,-0.1241,-0.1193
45029.49383,0.2024,-0.2883,-0.6234,0.637,-0.0015,0.2345
45460.00797,0.4958,-0.9207,0.2271,0.4817,0.5582,4.9735
45603.34032,-1.286,-0.6475,0.2503,-2.0927,-2.2154,1.0562
45305.4357,1.0958,-1.5598,1.4187,0.7014,3.1092,0.2771
45395.8954,0.7241,1.1249,-0.7051,0.9378,-1.3391,-5.216
45059.96231,2.6618,2.5646,-2.1079,-2.9863,0.0282,3.6046
44849.82111,-0.1205,0.0254,-0.1465,-1.0278,0.0058,-0.3312
45287.71364,-0.5142,-0.5959,-1.0043,-0.0268,-0.4562,-0.9634
45151.30943,-1.1151,-0.5814,0.453,-4.0859,-1.7235,1.451
45233.81854,2.1103,1.9072,-1.3364,4.6623,3.4513,5.747
45412.14979,0.5708,1.3995,-1.3419,-3.6472,0.471,1.8283
44887.24547,0.1036,-0.0969,0.141,0.4224,0.1702,0.104
44956.96699,0.0426,-0.0674,-0.0796,0.0015,0.0846,-0.893
45397.64447,0.8251,-1.9888,0.7613,0.5703,2.4363,0.2109
45269.91616,-1.0521,-0.5015,0.4077,-2.5647,-1.5777,1.2251
44884.74244,0.0053,-0.2683,-0.1259,0.1875,0.1627,-0.0376
45459.61595,-1.4312,1.4091,-0.0503,-0.9342,0.0784,-3.2024
44927.02187,-0.1203,-0.1464,0.3335,-0.7309,0.1681,-0.3842
45166.29744,-0.3392,0.7161,-0.2195,-1.0461,-0.5069,1.8447
45073.26153,-0.8142,0.2179,-0.1448,-0.9407,-1.4395,1.794
45197.35895,-0.8144,-0.1128,0.2836,-3.3607,-1.3507,2.2226
44984.86196,-0.241,-0.5768,0.2612,-1.1425,0.0374,-0.0199
44364.1294,-0.1722,-0.4695,0.0739,-0.7093,0.5705,0.3494
44940.2303,-0.1178,0.0254,-0.0019,0.4041,0.1158,0.2704
44871.47337,-0.0432,0.0593,0.137,-0.1472,0.0398,0.0509
45512.38943,-1.3421,-0.7919,0.1941,-2.8856,-1.9151,1.4425
44823.61526,-0.5011,-0.1492,-0.0235,0.9139,0.0892,0.2077
44902.5651,0.0232,-0.2678,0.3199,1.0856,0.4496,0.1743
44481.24011,0.3273,-0.2598,0.3665,-0.4204,-0.1305,0.1841
44563.81321,-0.0253,0.0848,0.0712,0.5687,0.1284,-0.2983
45137.49751,0.6365,-0.953,0.5801,-0.1931,-0.1812,4.0355
44468.33216,0.3993,-0.1188,-0.1854,0.0915,-0.3356,0.149
44575.60481,-0.1526,0.0145,-0.4335,-0.989,0.0007,-0.2178
45507.59458,-1.6245,-0.6317,0.0881,-1.8409,-1.9186,0.724
44361.80711,-0.3215,-0.6874,-0.0309,-0.2859,0.8731,0.9779
44380.11392,0.0444,-0.2136,0.1265,-0.3241,-0.1161,0.5416
44888.21048,0.2213,0.1111,-0.0294,-0.5153,-0.1403,-0.4023
45269.76538,1.1826,1.9078,-1.0799,-3.9554,0.652,3.2978
44607.36054,-0.1485,0.3129,-0.052,-0.3597,0.0935,-0.0046
45362.60256,0.8592,-1.7813,0.8639,0.2347,2.3867,1.0273
44944.48231,0.044,0.2744,-0.5845,-0.2269,0.0275,-0.1525
44520.86835,-0.9028,-0.1458,0.1043,-1.5073,-0.5761,-0.1426
45189.00551,1.5944,-0.0526,0.7152,-2.4962,1.148,-4.1109
45598.33438,0.405,1.3867,-0.9503,-5.1176,-0.1919,2.0151
44436.66488,0.1903,-0.2868,0.3314,-0.3258,-0.0765,-0.1169
45522.49178,0.6054,-1.5598,0.9474,-0.0249,1.7945,1.4535
44633.92918,0.4931,-0.4342,-0.2988,0.5678,-0.4522,0.6279
44381.53145,0.1005,0.3341,-0.4053,-0.125,-0.2705,-0.5032
45003.98124,0.0882,-0.1526,-0.0348,0.9084,-0.2619,0.172
45181.13459,1.4794,-1.0617,0.9466,0.6805,2.6426,-1.0602
44492.12738,-0.5643,0.4661,0.4703,0.665,0.3487,-0.3863
44364.31034,0.398,-0.1276,0.0591,-0.2895,0.0137,-1.7152
44382.64732,-0.1434,0.0898,-0.0196,0.4112,0.422,-0.1294
44824.1581,0.3141,0.1239,1.3497,-1.4213,-1.0006,-1.8217
44919.66375,0.3373,0.1522,0.1724,0.2674,0.1971,0.1799
45127.72658,1.3451,2.065,-0.9702,1.5366,-1.1559,-5.8898
45574.93328,-1.4836,-0.4825,0.399,-3.7595,-1.6288,1.2446
45583.34684,1.3128,0.3724,0.3213,-2.5927,1.5907,-4.3099
45302.3899,1.8242,1.8444,-1.535,3.2293,3.0805,5.182
44865.3817,0.076,-0.1277,-0.064,-0.093,-0.1805,0.213
44922.95079,-0.3097,0.1154,0.1292,-0.01,0.2342,-0.401
44400.01996,0.2613,0.1646,0.0931,0.116,-0.1641,0.0734
44681.81867,-0.7389,0.193,-0.0129,-0.3076,-0.2606,-0.2938
45430.27381,1.0554,-1.4502,0.7398,-0.0906,2.4761,-1.0111
45328.85739,-1.056,0.283,-0.5032,-2.6004,-1.1915,2.8088
45562.38833,1.2154,-0.2975,0.6253,-4.3089,1.961,-2.5028
44363.55637,-0.1879,-0.2039,0.0654,0.5357,0.4798,0.5889
44567.00991,1.0005,-0.1136,0.6407,-3.299,1.0583,3.0899
45262.67857,-0.9899,-0.8082,0.5327,-2.6682,-1.8691,1.6132
44599.7609,0.1721,0.0254,0.3916,0.3679,0.2465,-0.2421
44830.97339,0.2006,-0.1281,0.3541,0.2407,0.2644,0.2082
45410.52133,2.4147,2.2535,-2.2547,-1.9178,0.6855,3.4055
44672.28907,-0.3378,0.7004,0.3445,-0.9026,-0.2456,-1.1715
44818.76008,0.3696,0.2487,0.1723,-0.6869,-0.2611,-0.9253
44477.10833,0.1639,0.2087,0.3972,-0.4714,-0.0276,-0.4911
44889.266,0.4788,-0.2703,0.1927,-0.3637,-0.065,-0.2753
44755.12989,0.8938,0.1978,0.0991,0.2477,-0.185,-0.5022
44808.86879,0.1575,0.0447,-0.0954,-0.6659,-0.394,-0.2086
44620.41866,-0.7782,-1.742,-0.1741,-0.3363,-1.9307,0.1847
44414.3163,-0.319,0.087,0.1008,-0.7471,0.0089,-0.6238
45150.5857,-1.6027,-0.7338,0.5059,-0.2763,-1.3012,-0.7539
45568.23862,1.6895,1.3156,-0.1248,4.9047,0.9248,4.8172
45262.58809,-0.4329,0.6924,-0.1034,-2.6578,-0.2518,2.2189
44398.30076,-0.3765,-0.519,-0.1789,2.0312,0.4067,1.0759
45563.9263,1.4292,1.7912,-0.333,2.6796,-0.5622,-4.5844
45317.50345,0.2805,0.581,-0.1796,0.3934,0.1578,0.3969
45606.53687,-1.1182,-0.5469,0.2794,-4.1377,-2.4298,1.3515
44453.22252,0.0954,-0.2308,0.0902,-0.0859,0.0554,0.1089
44387.3221,-0.1852,-0.0682,0.0617,-1.1406,0.2396,0.6566
44739.87061,-0.6517,0.0653,-0.2385,-0.316,-0.06,0.9067
44783.32629,0.2448,-0.422,0.0913,-0.1502,-0.1106,0.6776
44865.08016,0.1437,0.0191,0.0309,-0.6298,-0.1759,-0.1107
44906.51559,-0.3741,0.3018,0.2723,-0.1425,0.6403,0.4982
45010.91728,0.1335,-0.8069,0.644,-1.9441,-0.3478,-1.6324
44372.90578,0.0523,-0.1363,-0.4172,0.4722,0.294,0.1286
44527.08091,0.4329,-0.0524,0.3923,-1.5807,0.1994,-0.7711
45062.82722,1.1553,-1.3467,0.4421,-0.3886,3.6588,-2.4958
45257.06942,-0.9477,-0.4788,0.4548,-3.0134,-1.795,1.9737
45274.01748,-1.377,-0.6148,0.566,-0.5717,-0.9794,-1.0867
44784.08018,-0.7668,0.4654,-0.4996,-0.2102,-0.33,-0.2086
45487.3296,1.2392,2.7858,-1.7869,-3.7382,0.0319,1.7522
45525.44707,0.2912,3.5488,-0.8221,2.9121,-0.9221,-5.7484
44583.92828,0.4923,1.195,-0.4961,-0.4078,-1.2709,-0.3881
44781.66766,0.1151,0.2357,0.3895,-1.0403,-0.3299,-0.2642
44810.1052,0.2831,0.2334,-0.0697,-1.9832,-0.5738,-0.34
44509.49867,-0.0027,0.1648,0.4304,-0.7692,0.0527,0.0118
44888.15017,0.3768,-0.1339,-0.0986,0.327,0.1216,-0.2334
45297.11247,-0.829,1.3851,0.3301,-2.1587,-0.6343,-3.5719
45531.05611,-0.7602,2.7022,-0.387,1.6991,0.0058,-3.3236
44959.53033,-0.2613,-0.0827,-0.028,-0.5652,0.182,0.6632
44467.6385,0.0646,-0.0641,-0.1504,-0.465,-0.1348,-0.108
45479.03662,1.4096,0.6447,-0.0736,-1.8032,-1.0607,-4.2987
45017.70254,-0.0148,-1.1429,0.4585,11.5095,2.8694,-0.3023
44628.47068,-0.521,0.1602,0.2079,-0.2325,0.3067,-0.0242
45556.74915,1.3086,1.0235,-0.2464,-0.1551,-0.4379,-5.0353
44640.62411,0.2867,-0.62,-0.4598,0.6694,0.058,0.7741
45068.97924,1.8825,-0.0335,0.3413,-1.1575,1.3513,-4.9868
44371.45814,1.4198,1.2053,0.337,-1.5658,-0.7711,-3.2865
44784.77378,0.3394,-0.4923,0.198,-2.0111,-0.0069,0.0385
45479.4588,-0.9193,0.4559,-0.4924,-2.1474,-0.9829,2.4194
45016.43597,-0.4555,-0.0491,-0.0018,12.0529,2.8445,-1.8077
45485.00755,-0.2706,1.0721,-1.1786,-2.7816,-0.0856,1.2135
45316.29209,-1.4019,-0.8649,0.5223,-1.8847,-1.0146,-0.786
44969.54242,0.0766,0.0131,-0.0477,-1.2159,-0.4587,-0.3756
45590.10178,0.6299,-0.3388,0.4275,1.8183,-0.8015,4.4976
44774.33962,0.8769,-1.5082,0.1801,0.9538,0.5668,0.4884
45599.26923,-1.1738,-0.1182,0.0358,-2.6593,-1.5151,2.0201
45395.29227,0.9571,-1.644,0.794,-0.1681,1.9849,2.5008
45337.6631,-2.2822,-0.8093,0.0458,-1.5767,-1.7784,0.1639
44817.43321,0.1398,-0.5032,-0.0384,0.986,0.3263,0.1636
45445.5631,0.6712,-1.2977,0.9053,-0.428,1.7395,2.166
44781.51688,0.7107,-0.6591,-0.1244,0.3511,-0.0334,0.2553
44797.98233,0.7496,-0.4452,-0.6944,0.7185,-0.0306,-0.4501
44728.83326,-0.5174,0.0232,0.3866,-0.6966,0.079,-0.004
45573.48577,-1.2213,1.3814,-0.1965,2.5932,-0.3193,-4.249
44768.51944,-0.3272,0.1149,0.0431,0.2899,-0.1754,0.6264
44783.74847,0.2092,0.3963,0.0509,-0.6436,0.0046,-0.4345
45352.13823,1.0565,-0.2911,0.0333,-2.8418,1.3752,-3.1599
44395.91798,-0.1074,0.0808,-0.2313,0.721,0.1408,-0.453
44477.53056,0.4304,-0.0858,0.3091,-0.2388,-0.257,0.4615
44358.67049,-0.07,0.0677,0.1911,-2.4439,0.6386,0.6697
44443.9334,-0.1902,0.3847,0.1107,-0.3464,0.1367,-0.7101
45504.15676,1.7865,3.0833,-1.9366,-6.8322,-0.9647,1.5579
44453.40345,0.2331,0.0178,0.0363,0.0296,-0.1565,0.0797
44650.15375,0.4881,-0.4766,-0.1279,1.3767,-0.1382,0.2002
45025.30208,0.1362,0.3139,0.158,1.2955,0.2799,-0.1476
44508.92567,0.0006,0.1176,0.036,-0.0442,0.2571,-0.574
44904.43481,-0.1085,-0.2825,-0.1539,0.6122,0.067,-0.0955
44410.09382,-0.7459,0.1683,-0.1428,0.4543,0.1308,0.4579
45084.51005,1.2126,1.3137,-0.4002,1.5022,-0.5658,-5.6202
45114.11039,-1.0175,-0.2373,0.2091,-2.8744,-1.655,1.8734
45468.27082,-0.8808,0.749,-0.567,-2.8614,-0.6789,2.5064
45493.57192,0.5347,-1.4986,0.6197,0.9309,1.2738,2.8189
44517.43032,-0.5995,1.0775,-0.5342,1.7944,0.4074,-0.2315
45521.4363,-0.2429,3.0846,-1.6725,2.8581,-2.87,-5.072
45349.42414,-1.6315,-0.4495,-0.0974,-4.0158,-1.808,1.7338
44369.52794,-0.2543,0.2982,-0.0863,-0.2225,0.0479,0.3718
44496.25911,0.0354,-0.2181,0.13,-1.3202,-0.0908,-0.1783
44481.75282,0.0154,-0.5319,0.0608,0.8182,0.1656,0.5644
44816.40788,-0.017,0.2096,-0.5838,0.2517,-0.0376,0.1578
44635.58782,0.0402,-0.4038,0.2924,0.0269,-0.2234,0.8311
44373.0566,0.2351,-0.4221,0.5778,-1.6778,-0.1356,0.0873
44485.97502,0.4038,-0.0707,0.4101,1.4814,-0.2894,-1.419
44718.06732,0.6605,0.0148,0.1618,-0.2469,-0.5753,-0.3987
44441.39997,-0.3525,0.2406,0.033,-0.9306,0.0168,-0.0689
44456.66063,0.2103,0.2296,-0.2344,-0.3924,-0.198,-0.1287
44853.77157,-0.2477,0.2808,-0.2231,-0.2714,-0.2191,0.1943
45365.01508,0.4291,-1.7701,0.6018,-0.7508,1.6897,2.9963
44713.42317,0.0331,-0.0947,0.2026,0.6594,0.7157,-0.1847
44951.50873,-0.2661,-0.2256,-0.0119,0.9615,0.266,0.0808
45400.17762,0.5173,-1.0168,0.4875,-0.5498,1.002,4.4952
45460.36985,-1.6592,-0.6608,0.0416,1.4845,-0.9975,-1.6233
44748.70654,1.686,-0.7088,1.2299,0.6216,-0.2076,-0.75
44887.60734,0.3426,-0.1326,0.008,-0.0239,-0.4979,0.3658
44827.8673,-0.2411,-0.6261,0.2766,0.3294,0.373,0.5268
45460.55081,1.1182,1.0803,-0.6134,0.2024,-0.407,-4.6249
44439.13801,0.3529,-0.2075,-0.3394,-1.0692,-0.0133,-0.9357
44625.42474,-0.2872,1.2251,-0.5343,7.9588,-0.6634,-1.5258
44453.0717,0.0448,0.0113,-0.1832,-0.7232,-0.2006,-0.3088
44424.99303,-0.1912,1.017,-0.6369,0.1471,-0.1279,-0.2793
44657.12009,0.6044,0.0272,0.1133,0.983,-0.0126,-0.1042
44830.94324,-0.1582,-0.0168,-0.3862,-0.3305,-0.1533,0.1348
45596.64564,0.657,0.2998,0.4685,2.7731,-1.1765,6.2994
45105.98279,1.0328,0.6173,0.3269,2.7643,1.0668,5.4423
45571.04315,-1.1562,1.9876,0.3307,-1.6966,-1.4193,-3.2744
44521.20008,0.278,0.0928,0.1261,0.5156,0.0585,-0.0015
44679.22519,0.9422,2.0879,-0.8556,-2.3708,-0.4861,-2.8843
45282.43123,1.0715,-0.0509,0.7737,0.8054,0.3394,6.0461
45228.48075,-1.5309,-0.8056,0.4837,-1.3876,-2.1386,0.7283
44562.69735,-0.3888,0.9606,-0.364,-0.7185,-0.1452,-0.64
45195.51939,0.8606,-0.7628,0.7685,-0.4778,0.1701,4.2538
44887.48671,0.3219,0.0932,0.2431,0.0237,0.0371,0.5078
44754.37599,-1.2967,-0.2279,-0.1136,-0.7572,0.3113,0.1195
45077.81523,0.2841,3.0295,-1.0569,-4.5956,-0.6376,3.02
44487.03059,0.6638,-0.0997,0.7277,-4.6431,0.3875,3.448
45251.5206,-1.4921,-0.8299,0.2478,-1.9236,-1.3689,0.6788
44965.47122,0.3315,-0.0098,0.0823,-0.6178,-0.035,0.0733
45323.42918,-1.7124,-0.5243,0.0119,-1.7253,-1.7316,1.1352
45483.10773,1.0047,-1.1126,0.2188,-0.4908,2.6974,-1.4132
44770.4796,1.1841,0.1364,0.4104,-0.3875,-1.0589,-0.8165
45408.25958,-0.3107,0.9039,-0.6494,-2.4376,-0.296,2.283
45302.60102,-0.7829,-0.6027,0.463,-2.8565,-2.0704,1.4927
45311.70829,1.7544,0.7937,0.2108,-3.059,0.8915,-4.1788
45281.9487,-1.2919,-0.7412,0.583,0.4554,-1.494,-1.0475
45310.26078,0.8669,-1.0881,1.2215,-0.3487,0.873,2.6538
44473.57978,0.1334,-0.3177,0.558,1.064,0.6175,0.6943
44406.53486,-0.3413,-0.0264,-0.3757,1.0736,0.8373,1.0928
45162.07545,0.8704,-1.4932,1.1899,-0.1754,1.8321,1.5328
45355.99826,0.9051,2.3133,-1.4297,2.7522,-1.8685,-5.1064
45587.71944,0.0117,1.408,-0.9247,-1.718,0.157,1.7268
44407.37936,0.275,0.1866,-0.1909,-0.4431,-0.1728,-0.4804
44635.52749,-0.3667,0.5422,-0.2567,0.1703,0.2605,-0.454
45198.35414,-1.1296,1.371,0.2692,1.5557,0.3617,-3.58
44901.56992,0.2452,-0.0352,0.1703,-0.3389,-0.0865,0.2262
45220.41883,-0.1715,0.6729,-0.2635,-2.4835,0.0737,2.1424
45331.63179,0.9087,-0.4173,-0.169,-2.6216,2.6049,-3.0434
44397.93882,-0.6946,-0.8733,-0.9029,-2.6324,0.6388,-0.0097
44502.01939,-0.3419,-0.2285,0.239,0.4654,0.173,-0.158
44518.03348,0.2887,-0.0616,-0.0821,-0.1212,-0.2162,-0.5028
44686.43268,-0.2979,-0.4769,0.4859,-0.1929,0.6609,-0.0023
44355.44344,0.0133,0.0003,-0.0003,-0.0218,0.0033,0.0188
44825.15324,0.4493,0.0329,0.1604,-0.2246,-0.217,-0.1629
45127.78691,2.1306,0.0023,0.4111,-2.5135,0.971,-5.4556
45329.27957,1.0554,-0.7317,0.1461,-2.1449,0.8414,-2.38
45052.57389,-1.1499,3.2919,0.4845,2.0047,-0.7952,-4.5346
44755.58225,0.1514,-0.1531,0.045,1.7922,0.1476,0.1173
45514.31941,1.1905,-0.023,0.457,-1.6563,2.3095,-3.8327
45530.69426,2.4884,3.3996,-1.9413,-1.7442,0.4689,3.234
44768.60989,0.074,-0.0494,-0.226,0.1838,-0.2495,-0.2289
45371.73999,-1.9319,-0.7633,0.0223,-3.271,-2.3268,0.8261
45592.75551,-0.1295,1.1876,-0.7555,-3.0633,-0.2847,2.1507
45592.63489,1.1361,1.1793,0.2045,4.9822,-0.5757,4.252
45178.02846,0.7356,-0.9799,0.8251,-0.25,0.525,2.8834
45136.29124,-1.8421,-0.7661,0.3299,-4.0817,-0.6725,-1.5445
45252.75703,0.8751,-1.0039,0.7732,0.1034,1.4832,2.0974
45108.21454,1.0862,-1.4452,1.3125,-0.3392,2.0203,1.4838
45606.44638,-0.5388,0.533,-0.072,-1.2329,-0.6797,1.4464
45369.5084,-1.3838,3.3378,-0.761,2.5607,0.2405,-5.2428
45490.58648,-0.5403,0.4971,-0.1945,-0.7622,-0.7034,2.1227
44604.79719,-0.1971,0.3878,-0.7208,-0.129,0.0812,-0.4183
44783.41677,0.3,-0.1279,-0.0387,0.4515,-0.1658,0.1785
44402.64403,0.0118,-0.1204,0.0567,0.6292,0.3467,0.3207
45034.79638,1.5077,1.4536,-1.0595,-0.143,-2.187,-5.0986
45017.61206,0.4532,0.1078,0.276,5.2848,3.733,-2.2708
45107.09863,-1.6116,-0.9201,0.2079,1.4813,-0.4973,-1.3125
44792.37322,-0.1919,-0.0127,0.2529,-1.3623,-0.0058,-0.6002
44426.53113,0.9287,0.1772,0.2768,0.9581,0.0045,-0.0484
44637.84964,-0.2901,1.2564,-0.8377,-1.373,-0.205,-2.1526
45622.96217,0.2751,-0.3672,-0.2787,0.971,0.4831,-0.7882
44790.2321,-0.0587,-0.1692,0.4778,0.5161,0.2279,0.1922
44537.48547,-0.6387,-0.1612,-0.3223,-0.4405,-0.5765,0.6118
44678.86332,0.296,0.5829,0.6114,-0.3084,-0.0103,-0.8449
44753.07925,0.3103,-0.5117,0.1824,0.3035,-0.061,0.4411
45102.12249,0.6981,1.5385,-0.809,-5.0988,-0.7743,1.4461
44410.06367,0.2864,0.2045,0.096,0.0031,0.6742,-0.1644
45314.93505,2.1784,0.5608,0.3057,-1.0333,1.1675,-5.0747
44895.74971,0.259,-0.377,0.3982,0.4701,0.1213,-0.1199
45391.88458,0.8048,1.3332,-1.0146,0.5781,-1.1573,-5.4772
45454.94172,1.4839,1.2105,-0.7248,0.8101,-1.4372,-4.48
45555.27151,0.8747,-1.2745,0.8943,-0.5668,2.3316,-0.7818
44981.93678,-0.0454,0.1531,0.1037,0.1616,0.9795,0.3428
44700.75726,0.6237,0.6495,-0.5298,-0.2301,0.4057,0.337
45319.98634,1.0697,-0.2833,0.9741,0.9323,0.885,5.9776
44553.19769,0.0812,-0.0813,0.1066,0.3848,0.1451,0.0642
45033.21819,-0.2769,1.8557,-1.0092,0.4699,1.2962,-4.5958
45263.85469,1.3451,-0.2963,0.7436,-0.5502,2.5285,-2.3258
45381.63137,0.9962,-1.5314,0.4753,-0.0194,2.1882,-0.6388
45070.27596,-1.8088,-0.8791,0.1238,0.0322,-0.7529,-0.7109
45022.19587,0.2198,-0.1603,0.264,2.3013,-0.4101,-0.714
44729.91892,0.1089,0.0495,-0.1311,-0.725,-0.1758,-0.5418
44922.8,0.1451,0.2398,-0.5514,1.0643,0.2566,-0.3502
45516.88269,0.6245,-1.1095,0.8643,-0.5312,2.0313,3.0323
45260.02479,0.9351,-0.6038,0.9028,0.0076,1.1686,4.587
44844.00094,-0.4698,-0.402,-0.1013,1.2165,0.2113,0.0967
44485.00995,-0.0743,0.2918,0.0637,0.3135,-0.0614,0.1941
44598.01177,-0.3761,0.5031,0.0664,-0.9405,-0.2036,-0.537
44628.07862,1.1669,0.8228,-0.1561,0.3215,-0.5233,-1.0832
44509.10661,-0.1651,0.0905,0.0137,-0.069,0.0729,0.0149
44798.19342,-0.3928,-0.1156,0.1053,0.3466,0.4205,-0.2365
44903.01745,-0.1988,0.3363,-0.1384,-1.6707,-0.4139,0.1322
45534.97642,-1.9936,-0.6292,0.3243,0.1064,-0.7822,-0.3731
44453.886,-0.2422,0.1888,0.0027,-0.484,-0.4889,0.3268
44509.04631,-0.29,-0.0508,0.2762,-0.3406,0.1859,-0.407
44673.43504,0.6082,0.5378,0.7869,0.3024,0.8834,1.0664
45064.36523,1.5263,-0.8706,0.2293,-2.731,1.814,-3.212
45301.51533,1.064,-0.3687,1.0099,0.6435,1.3355,4.9036
44676.51106,0.7253,-0.3483,0.0022,1.3572,0.2755,0.4867
45020.98959,-0.615,-0.0591,-0.6621,2.6125,-0.7457,5.7034
45599.72156,1.1302,-1.6441,0.8498,-0.26,2.9216,-0.7406
45235.65812,-1.3613,-0.7932,0.4833,-2.3443,-1.8786,1.0317
44997.98007,-0.2374,-0.1635,0.1329,0.2311,-0.1452,-0.197
45376.05237,1.0553,-0.981,0.1974,-1.575,2.1751,-1.9276
45056.8863,1.3632,2.0454,-1.4109,-4.6353,-0.3752,1.9512
45271.48434,-0.8924,0.1039,0.1927,-2.2366,-1.4145,2.5188
45582.80402,1.7477,2.2816,-0.8255,1.4455,1.7923,6.6653
44970.14553,0.293,-0.228,0.4984,-1.9327,-2.4695,1.4321
45176.70154,-0.9114,-0.2013,0.2334,-2.0859,-1.8457,2.3575
45503.82504,1.2819,0.7461,-0.2615,-3.5358,0.7054,-4.6204
44806.69753,0.6853,-0.1048,-0.0385,0.634,-0.2321,-0.1031
45346.52914,1.2756,1.8293,-0.9195,1.6223,-1.4904,-5.7617
45537.11753,1.6616,2.1698,-0.7622,4.4685,2.5592,6.2524
44769.63522,-0.1132,-0.4153,0.0397,0.2261,-0.0088,0.6842
45215.34244,0.1177,0.1701,-0.1304,-0.4617,-0.5402,-1.0448
44406.68565,1.302,-1.987,0.4133,3.3998,-0.125,1.3699
44908.20437,-0.1266,0.1459,0.082,0.1001,0.0273,0.1388
45151.36973,-1.8761,-0.6727,0.2871,0.0656,-1.0494,0.1992
44473.12741,-0.3448,-0.0376,0.0496,-0.0631,-0.1134,-0.4089
44960.79693,0.0677,0.0783,-0.1889,-1.3445,-0.8559,0.2138
44969.84396,0.1922,0.0791,0.2104,-2.8033,-1.7311,-0.1422
45388.59753,-1.0596,1.7268,-1.0033,2.3926,-1.6166,-3.6568
45389.56251,1.1997,-0.3844,0.1921,-2.1685,0.7529,-3.3797
45584.67368,-1.6196,-0.4306,0.393,-0.7808,-1.7606,1.441
44851.99234,-0.199,0.038,-0.0269,0.3935,0.1716,-0.5945
45383.50107,-0.2763,1.0752,-1.2029,-1.5944,0.5433,2.1973
45049.34707,-1.1627,-0.4919,-0.0406,-3.1884,-1.8386,0.7475
44666.64972,0.6299,0.0904,0.5204,0.8728,0.7559,0.0544
44788.72428,-0.1228,-0.1145,0.0491,0.7083,0.2295,0.308
45221.414,-1.2531,-0.7124,0.3588,2.2699,-0.7203,-1.9485
44991.43609,0.314,-0.0776,0.1466,0.1327,0.84,1.129
45382.92808,-1.8111,-0.4721,0.0771,1.525,-0.4031,-2.2348
45185.68827,-0.8824,3.0918,-0.4471,0.7353,-0.6848,-3.8445
45227.03325,-0.568,3.289,-0.5219,2.8989,-0.6622,-4.2907
45429.5802,0.6765,-1.1353,0.743,-1.0795,1.3552,3.4362
45485.45991,0.8918,-0.1853,0.138,-2.699,2.8037,-3.3426
45190.39272,-1.1997,-0.8146,0.7102,1.4198,-0.243,-1.7974
44602.89726,0.4175,-0.1545,-0.4701,0.2297,0.1996,0.0098
44633.02444,-0.3098,-0.4926,-0.2542,0.1142,-0.5042,0.2536
45121.18242,-1.8768,-0.5978,0.3447,-2.9236,-3.1238,0.611
45519.83801,0.548,3.9393,-0.9497,3.0663,-0.3997,-5.217
44860.0139,-0.1895,-0.0003,-0.1306,-1.0494,-0.1983,0.0255
45069.85379,1.0933,-1.898,1.019,0.6166,1.5763,0.7051
45054.8055,-1.6254,-0.83,0.4669,1.3965,-0.9321,-1.4218
45207.43129,1.4144,-1.0982,1.0533,0.7544,2.9712,-1.2234
45185.11528,1.4492,-0.907,0.9897,-0.7796,3.1996,-2.0526
44502.04954,0.1929,0.1823,0.4119,-0.1046,-0.0059,0.1748
45131.9486,0.8523,-0.8909,0.8708,-0.7005,0.9689,5.1002
45534.43362,1.2397,-0.0403,0.3986,-2.9039,1.5238,-3.4701
44370.43273,0.1778,0.1498,0.6003,-0.4297,-0.3137,-0.3723
45267.26239,0.8748,-0.2636,0.9442,0.25,0.8736,3.9338
45327.62096,1.0967,1.3088,-0.8927,1.2891,-0.7826,-5.1483
45455.45436,-1.3652,-0.1458,-0.1614,-3.0349,-2.0137,1.7763
44661.2516,0.1467,-0.1734,0.0245,-1.2783,-0.8236,0.4559
45442.72841,-2.1926,-0.6824,0.0189,0.543,-1.5222,0.1054
44901.29853,0.5726,0.0378,0.0534,-0.0177,0.0115,-0.6369
45600.32468,-0.739,3.6212,0.2075,0.4791,0.155,-5.5263
45171.54473,1.4403,-1.2135,0.7915,0.2547,2.7809,-1.8116
44387.56339,0.4642,0.3876,0.1351,-0.0265,0.3921,-0.2949
44766.71004,-0.505,0.3699,0.1757,-0.4132,0.0382,-0.1719
44575.72545,1.4308,-0.9095,-0.9838,-0.5279,0.1072,-0.6689
45121.84591,0.3269,1.7794,-0.7582,-3.748,-0.3243,1.7014
45338.92969,0.5695,-1.3804,0.3483,-1.0513,1.409,4.3425
45607.56217,1.1122,3.8273,-0.5546,1.8157,-0.1877,-4.7068
45123.98707,1.0261,-1.8212,1.5125,-1.037,2.3676,2.77
44670.87171,0.2397,0.084,-0.0687,0.4236,-0.0238,0.5464
44915.14032,0.1868,-0.2107,-0.1378,0.8401,0.4626,0.3313
44390.9414,1.5205,0.0714,-0.0073,3.331,0.1162,-0.0552
44894.21171,0.1766,-0.0925,-0.0884,0.0042,-0.0093,-0.0616
44997.94992,0.0085,-0.2781,-0.0181,0.5495,0.0724,-0.0635
45113.53739,-0.1029,3.8431,-1.3022,4.2148,-0.9241,-4.8803
45437.30025,1.1241,2.8589,-1.3757,5.8603,-1.5966,-5.003
45439.4715,-1.9101,-0.7464,-0.5137,-2.3554,-1.5348,1.2086
45403.37421,2.0579,1.998,-0.7221,-0.7775,1.7695,5.5499
45529.3674,-1.5287,-0.8207,0.2173,-0.4663,-0.4026,-1.0106
44396.61173,-0.715,1.5942,-0.1354,-2.2644,-0.7377,-0.4752
45253.48079,1.4061,-1.0815,1.1546,-0.0126,2.7568,-1.0292
44721.23377,-0.5999,0.3409,0.1772,-1.541,-0.2399,-0.9423
44376.31383,-0.1821,0.1417,0.0427,0.0957,0.1664,-0.1766
44537.66642,-0.0756,-0.4288,0.1051,0.6354,0.1446,0.4592
45181.07429,1.5872,-0.1812,0.3625,-1.9806,2.0941,-3.8047
44384.96961,-0.0038,-0.0717,-0.0449,-0.1641,0.208,0.0276
45310.07984,1.7531,1.1877,-0.0009,-2.3705,0.3541,-4.6482
44516.0732,-0.6779,0.021,0.2526,0.0711,0.2025,-0.3058
44371.30734,1.0718,-0.2313,0.3794,0.4845,0.0462,-0.0455
44444.38579,-0.3512,0.161,-0.7976,-0.7648,0.1799,-0.1466
44690.26262,-0.1431,-0.1841,-0.3269,-0.9167,-0.4586,-0.4372
44699.46053,-0.0682,0.0594,0.2386,1.4458,0.5287,0.5711
45229.74734,0.6987,-0.8223,0.8169,-1.1023,0.5482,4.0623
45462.17923,1.1194,0.6106,-0.2754,-0.7664,-0.329,-4.4138
44946.26153,0.2231,0.0651,-0.1965,0.0616,-0.1277,1.0179
45607.86373,0.612,-0.7352,0.6405,0.2107,-0.4784,3.607
44439.34913,-0.4934,-0.7096,-0.7254,0.2056,-0.2275,0.0505
44655.46146,0.2943,0.1551,-0.6402,-0.4262,0.2248,-0.6123
44694.03224,0.0338,-0.7604,0.4779,1.5845,1.2232,0.5914
44762.42778,0.6612,0.2533,0.4912,1.3358,-0.3027,0.061
44840.62341,1.9814,1.3423,2.5529,-0.8205,1.6851,0.9511
44973.88496,-0.0363,-0.0818,-0.0781,0.0265,-0.3884,0.0672
45265.03081,-0.5572,0.3731,0.2464,-3.027,-1.0667,3.16
45407.02315,0.8282,1.2949,-0.6559,1.0655,-1.5112,-4.9465
45619.97663,-0.0777,0.1781,0.0829,0.1301,0.1331,0.1204
45539.74112,-1.583,-0.538,-0.1465,-1.5703,-2.0655,0.6163
44691.31812,-0.3598,0.2791,0.0385,-0.3139,0.0867,0.0179
44763.12139,-0.0093,-0.4299,-0.1062,-2.0219,-0.2979,0.1219
44893.81966,0.5247,0.0572,0.0552,-0.2511,-0.6737,0.3032
45483.28864,0.6567,-0.4148,0.2396,3.4019,-0.4934,5.7395
44821.29322,-0.0877,0.4668,-0.2309,-1.3449,-0.1283,-0.676
45477.25741,-1.5039,-0.577,0.2501,1.1108,-0.5822,-1.8185
45088.94318,-1.0912,-0.4233,0.1153,-3.0611,-1.6131,1.3109
44852.41452,0.251,0.0254,-0.0102,-0.1592,0.0436,0.2819
44435.12671,0.2734,-0.536,0.2776,0.7209,0.0632,0.4662
45262.2262,1.4881,-0.1393,0.5947,-3.5223,1.8992,-3.4285
45266.44818,0.8666,-0.4891,0.9355,0.1108,1.6381,4.0719
44941.91902,-0.2468,0.1513,0.2605,0.8572,0.1469,0.253
45592.48413,1.0512,-1.5847,0.6886,0.6062,2.8825,0.0485
45349.39399,-1.3214,-0.182,-0.0779,-4.1696,-1.7537,2.3779
44679.85848,0.2814,0.219,-0.076,0.2432,-0.1985,0.44
45083.0625,1.1484,-1.4715,1.0602,1.2516,2.1664,-1.8203
44877.53491,0.131,-0.3226,-0.2457,0.0078,-0.1581,-0.0231
44593.15643,-0.1743,-0.4208,-0.314,-0.4016,0.0011,-0.7166
44416.39739,0.0082,-0.2285,-0.1303,-0.4225,0.0112,-0.0608
44734.08054,-0.2706,0.2813,0.3848,-0.7464,-0.1952,-0.5035
44978.28785,0.0746,0.1814,-0.0931,-0.4862,-0.1979,0.5439
45046.42186,-2.5706,-0.8858,0.4629,0.787,-0.439,-0.4263
44903.98245,0.1961,0.0423,0.2172,-0.0147,0.3679,-0.4224
44639.17657,-0.3572,0.1165,-0.3834,-0.3417,0.1637,0.0259
45282.88356,1.2498,4.1683,-1.226,3.3433,-2.0254,-5.2223
45311.46705,-1.4285,-0.8192,0.5614,0.7242,-1.1727,-0.5496
44448.45732,0.352,-0.1303,0.2241,-0.0842,-0.0838,0.1689
44483.47184,0.4265,-0.5697,0.2296,0.5118,0.027,0.2443
45482.92679,-1.0069,3.0463,-0.4587,2.9712,0.2402,-3.8486
44603.65122,-0.0262,0.1893,-0.0542,0.2158,0.3093,-0.4258
44649.76173,-0.0016,-0.2064,0.1061,1.32,-0.2536,-0.082
44632.39112,0.6438,-0.8299,-0.1444,-0.0156,-0.8479,0.6402
44897.52894,-0.0651,-0.5334,0.2821,0.48,-0.1816,1.1207
45069.97442,1.0021,-0.2073,0.2872,1.999,0.0729,4.5943
45130.01857,-0.0766,3.6359,-1.0831,3.7796,-1.3405,-4.0882
45199.19853,-0.3666,2.863,-0.9525,1.9856,-0.988,-4.1093
44912.2453,-0.0129,0.9839,-0.0868,-0.2765,0.4191,0.1177
45151.00788,0.7762,-0.9937,1.0053,-0.7555,1.7764,3.4793
45599.45017,-1.1998,0.3425,0.2562,1.4881,0.2149,-3.1469
45162.22625,1.9968,2.1276,-1.7966,0.4494,1.384,3.9881
44951.65952,-0.0397,0.3369,-0.1895,0.3665,0.051,0.0709
44687.78974,0.4755,-0.3661,0.3702,0.3396,0.043,0.0248
44429.54712,-0.2069,0.102,0.2464,0.2571,0.1197,0.1612
45554.5779,0.72,-1.1841,0.7232,-0.5121,0.7432,3.6858
44884.35041,-0.252,-0.0977,0.0818,0.2302,-0.1794,0.314
45158.87886,1.1338,-1.425,1.5737,0.434,2.4423,-0.4438
44614.74907,-0.2268,0.3565,0.8878,-1.3635,0.7365,0.4011
44967.52189,0.1204,-0.4052,-0.1826,-0.0454,-0.4505,-0.1794
45455.12266,0.7697,-1.6215,1.192,-1.2185,2.2655,0.5154
45421.19674,-2.0659,-0.6995,-0.1995,-0.7891,-1.0132,-0.9899
44433.25683,0.2231,0.3682,0.3013,-0.9748,0.1878,-0.2217
45497.76363,0.4227,1.7454,-1.0417,-4.2651,-0.3793,2.1378
44624.58036,-0.2775,-0.6174,-0.5307,1.9758,-0.0552,1.2926
45121.54433,1.7504,-1.2648,0.9859,1.2941,3.4032,-2.0088
45216.58388,-0.8834,-0.3119,0.5838,-1.6849,-1.8483,3.4575
45605.33063,1.1757,-1.0688,0.7292,0.1394,2.8464,-1.469
44614.26655,-0.1139,0.2862,0.3459,-1.0833,0.1356,-1.1881
45552.25588,1.5073,2.4697,-0.5973,2.1295,1.5772,5.8988
45221.44415,-0.9231,-0.5839,0.635,3.2092,-0.582,-2.5581
44452.73994,0.0084,-0.0962,-0.1245,0.0193,-0.0562,0.1061
44932.57063,-0.1955,0.3581,0.0741,0.135,0.0461,-0.3262
45316.26193,-1.2227,-0.9039,0.6024,-2.9698,-1.6487,0.1235
45367.33715,0.8847,-1.2308,0.4097,0.3711,2.6712,-1.6166
45028.01617,0.0674,1.2543,-0.6653,-1.7476,-1.4105,-3.9247
44703.29044,-0.1906,-0.8907,0.4183,1.3825,0.439,0.1158
45137.19594,1.0161,4.0876,-1.2305,4.3207,-2.0179,-5.4402
44698.01299,-0.1632,0.2965,0.3385,-0.5111,-0.0898,-0.296
44388.13645,0.2122,0.2373,0.1063,-0.708,0.0136,-0.7178
44681.4568,0.4168,0.0074,0.3625,-1.1762,-0.0541,-0.2067
44996.74364,0.0335,0.3522,-0.1236,-0.2343,-0.1508,0.8387
45374.99689,-1.8098,-0.6445,0.1091,1.0094,-1.0894,-1.5935
44418.99116,-0.2199,0.277,0.1001,0.1101,0.4754,0.4247
44911.3406,0.0625,-0.0447,0.0076,-0.0363,0.0466,0.0607
45110.87848,-0.7076,-1.8373,1.1919,1.5918,6.6935,2.4634
44952.95625,-0.4337,-0.3356,0.1136,0.0773,0.0699,0.506
45320.43868,-0.2493,2.2501,-0.4935,0.6932,-0.9831,-2.2659
44872.83042,-0.3832,-0.3187,0.0727,0.6155,-0.1565,0.444
44450.2669,-0.2772,0.3738,0.3467,-1.0647,-0.2855,-0.4692
45617.13684,-0.1317,0.7442,0.2641,-5.1863,-0.4971,0.3988
44992.43127,-0.3182,-0.6029,0.4365,-0.7029,0.9433,1.2859
45491.79271,1.1619,0.133,0.1546,-1.8102,1.9135,-4.0904
45114.17072,-1.7156,-0.7579,0.3878,-2.1202,-1.314,0.279
44871.594,0.1416,-0.0309,0.2537,-1.1232,0.4624,0.6539
44869.84487,0.0497,-0.0063,0.1515,0.3342,-0.201,-0.392
44412.59715,-0.1619,0.6276,0.0039,-1.6597,0.1463,-0.0528
44901.38901,0.2396,0.0681,0.1382,-0.22,0.089,0.0908
44382.88859,0.0977,0.0251,-0.1611,0.1589,0.2124,-0.2308
44695.26871,-0.9293,0.901,0.5412,-1.9285,0.3532,-0.2004
44403.39806,-0.285,0.7264,0.2099,-0.3998,-0.078,-0.3127
44874.27797,-0.1148,0.1509,0.2367,-1.167,-0.0301,0.54
45003.13688,-0.0269,-0.3802,0.1372,2.9341,0.3504,-0.0412
45237.79924,3.4152,2.8988,-2.8117,-0.6138,1.3573,4.1042
44741.04675,0.5821,0.0239,-0.1852,-0.9703,-0.6232,-0.2214
44910.43591,0.071,0.0656,-0.0047,-0.7888,0.1012,-0.5623
45089.09397,-1.2462,-0.6489,0.504,0.8391,-0.234,-1.5895
44536.97277,-0.413,0.0119,-0.2617,-0.6551,-0.1945,-0.3258
44921.26202,0.3581,-0.32,0.1128,0.7599,0.1065,-0.0394
44801.05828,0.4346,-0.1313,0.4706,0.0807,0.5425,-0.2413
45071.21086,0.9185,3.6569,-0.9749,2.4785,-1.6086,-4.4609
45295.33323,-0.7908,-0.4337,0.4819,-2.9894,-1.8379,1.9777
44491.82581,-0.2353,-0.0683,0.3121,-0.3276,-0.1146,0.7908
44606.6066,-0.1104,0.1132,0.0442,0.2161,0.2736,0.4585
45523.3663,0.4877,-0.8068,0.1982,-0.069,-0.4538,4.301
45581.29622,0.0507,1.3843,-1.0364,-2.1441,-0.0994,1.7265
44838.45216,0.0906,-0.0466,0.4845,0.886,0.5171,0.7842
45488.08348,1.9585,2.1983,-1.8636,2.4149,2.009,6.4682
44961.82226,-0.1389,0.4529,-0.1667,-1.3151,-0.5694,-0.0236
44524.75875,0.4598,-0.2515,0.2264,-0.247,0.236,0.0181
45197.81131,1.2826,-1.1404,1.141,0.1955,2.3224,-1.2258
44814.2065,-1.0448,1.3169,-1.6894,-1.499,-0.0469,0.7266
44385.8744,0.2015,-0.0683,0.1407,-0.4895,0.4977,0.3995
44427.91852,-0.007,-0.6112,-0.291,-0.7877,-0.5976,-0.2915
44459.22416,-0.023,-0.0821,0.044,-0.3447,0.1442,0.1039
44538.90289,-0.1719,-0.1976,0.048,0.0982,-0.0056,-0.3555
45298.65047,-1.1181,-0.7225,0.8108,1.5766,-1.0701,-1.8472
44374.20266,-0.1013,0.1834,0.0434,-0.5281,-0.6608,-0.1387
44640.986,0.8621,-0.0619,0.096,0.8204,0.0556,0.3689
44909.44075,-0.0005,0.0613,0.0372,0.2229,-0.0562,0.24
45005.09702,0.0175,-0.2166,-0.1778,-1.1465,0.22,0.3205
44645.72068,0.0572,-0.019,0.0196,-0.0787,-0.2392,0.2019
44553.58977,0.2904,0.2391,-0.0106,0.0052,-0.0606,-0.2223
44666.52911,-1.0513,-0.106,-0.0792,-0.9185,-0.2102,1.2963
44885.52654,0.0898,0.4267,-0.1149,0.2833,-0.5387,0.0001
44958.59546,-0.0963,0.3915,0.1996,-0.5897,0.1948,-0.6405
45145.15739,1.2609,1.2005,-0.2936,0.5416,-1.6317,-4.7566
45027.80508,0.0799,-0.0514,0.0699,2.7713,0.5367,-1.3182
45411.06415,1.2964,-0.8061,0.3979,-3.0022,1.7298,-3.0472
44583.89812,-0.4227,-0.1979,0.4221,0.0984,-0.2176,0.5413
44652.02353,0.6048,-0.4662,0.1189,0.9584,0.2651,0.0786
44862.12484,-0.1501,-0.1591,-0.1153,1.3133,0.2529,0.202
45066.6873,1.4905,-1.1001,0.4724,-3.1152,2.2873,-2.6165
45346.64975,1.0748,-1.2473,0.31,-0.8692,2.693,-1.7741
45424.42347,-1.6335,-0.6658,0.2403,0.7699,-0.2246,-2.1949
45162.34689,-0.4137,0.3516,0.0234,-1.5482,-0.8883,2.2241
44450.90022,0.294,0.1559,0.0221,0.8201,0.1517,-0.4261
45356.36014,2.741,2.4749,-3.1064,-2.3681,0.4009,2.975
44386.14582,0.0918,0.082,0.269,-5.1272,0.2309,1.614
45472.94504,1.9012,2.3221,-1.0274,3.523,2.8005,6.1418
44696.83685,0.6096,0.1086,0.012,0.5986,-0.0943,-0.0775
44396.21962,-0.5087,0.1222,-0.0275,-0.0015,0.1416,0.1269
45599.66126,1.1683,-0.1273,0.4382,-4.0701,2.2256,-2.4716
45621.48448,0.0378,-0.0795,0.3437,-0.2222,0.2373,0.4545
44870.0258,0.1366,-0.1,0.0067,0.2346,-0.0494,-0.1471
44895.93066,0.0374,-0.2501,-0.0089,-0.4052,0.1454,-0.3989
45584.04042,0.1226,4.0052,-1.2408,3.1996,-1.0677,-4.9137
44537.99818,-0.0409,-0.2713,-0.35,-0.8139,-0.1816,-0.0542
45561.06144,2.9036,2.8482,-2.8158,-1.8663,0.312,3.6424
45311.67814,1.7452,1.3999,-0.3198,-1.3549,-0.9606,-4.7498
45175.73652,1.475,2.0382,-0.8867,4.1747,2.5286,6.101
45590.25257,-0.3529,1.6913,-0.8436,0.5584,0.5879,2.3009
45073.14089,3.0326,2.433,-2.0854,-3.7449,0.951,3.9945
45539.49985,0.7601,-0.3608,0.6261,1.3217,0.875,4.9117
45272.29858,-0.7521,-0.1932,0.3113,-1.2805,-1.8682,2.7669
45263.91502,1.3139,-1.1352,1.5998,-0.0938,2.5717,-0.7483
45064.69695,-0.5344,0.7618,-0.3716,-1.1425,-0.4012,1.917
45260.9898,-0.1648,0.7696,-0.1103,-1.8691,-0.3626,2.095
45428.73583,0.538,-1.6138,0.7833,-0.1432,1.8745,2.7172
44489.41308,0.3124,0.2281,-0.2578,-0.4493,-0.1575,-0.7434
44647.62059,-0.2056,0.6177,-0.0134,0.6881,0.3116,-0.316
44924.15703,0.076,0.1422,0.4763,1.2592,0.3777,0.7579
44881.12363,-0.3529,0.2142,-0.4482,0.2559,-0.0596,-0.7312
44431.0551,0.6829,-0.0671,-0.3783,0.7231,-0.8034,0.5271
45141.90047,-0.2269,3.4708,-0.8126,3.5083,-0.732,-3.6851
45441.67292,1.9649,1.8923,-1.6787,2.3005,2.7223,5.9204
44495.98769,0.1837,1.0657,-0.1824,0.6006,-0.016,-0.7721
44533.86648,-0.1306,0.3774,0.0838,-0.6041,0.1384,-0.6377
45370.02107,-0.3645,0.6083,-0.693,-1.3114,-0.064,2.4231
45369.62904,1.2717,0.7217,-0.2721,-1.8944,1.1395,-4.4075
45421.89032,-1.2589,-0.3736,-0.0513,-2.9291,-1.6852,1.6057
45469.3263,-1.5245,1.8849,-0.2132,-0.7792,-0.3355,-4.0695
45328.13363,-1.7159,-0.4943,-0.278,-2.2698,-1.9882,1.7337
44640.92569,0.3529,-0.4955,0.0723,-0.3264,0.3162,-0.4392
45062.16377,0.9735,-1.7002,0.8521,-1.0928,1.6392,3.1431
45379.06806,-0.7157,2.3234,-0.5606,2.5694,-1.1182,-5.5492
45438.65729,-1.5623,-0.3539,-0.3329,-0.5453,-2.1628,1.0351
44795.99199,0.5144,-1.1065,-0.3673,0.2453,-0.4024,0.5786
44680.1902,-0.4451,0.1812,0.2605,0.0484,0.2939,0.2542
44608.83825,-1.1711,-0.2717,0.6021,-0.3248,0.3305,0.3181
45576.16966,0.9388,-1.3786,0.9548,0.2097,2.4924,-0.4491
45418.54294,2.3862,3.4759,-2.4472,-3.665,-0.318,3.2856
45332.14446,-2.4875,-0.4343,0.1999,-0.0263,-1.2785,-0.3171
45018.78817,-0.1817,0.7769,-0.1036,-1.7269,0.9165,-1.2484
44598.88635,0.9322,-0.6137,-0.357,0.3552,-0.1991,0.7974
44570.23676,-0.2467,-0.3132,0.1606,-0.7781,-0.0802,0.4214
44620.08693,0.9861,0.4102,-0.742,-2.747,-1.195,0.9967
45410.18959,1.0813,1.6877,-1.0828,1.2741,-1.3837,-5.4908
44702.56667,1.0508,-0.158,-0.0064,-0.2512,0.1973,-0.1095
44824.82152,0.4003,-0.2181,0.3648,0.3391,-0.3427,0.0305
44960.97787,-0.1662,-0.0349,0.2824,0.2602,-0.6379,-0.1686
45283.15499,0.9205,-0.99,1.2135,-0.7417,1.579,2.6051
44739.65953,0.1258,-0.3505,0.4183,0.5272,0.3869,0.0405
45094.22089,1.5963,1.5874,-0.3585,4.1347,1.7868,6.0784
44676.96342,-0.8126,-0.2713,0.8459,-1.1371,0.1108,0.3636
44479.06865,0.0826,0.0547,0.3202,-1.8304,-0.484,-0.276
44921.71438,-0.0335,-0.0495,0.1882,0.5865,0.3565,0.0745
45607.23044,-0.2694,0.9782,-0.2582,0.7852,-0.5214,1.5817
45463.62674,-1.8542,-0.4014,0.3219,1.2234,-0.1877,-2.4561
44471.95118,0.3211,-0.2767,0.4262,1.2092,0.2272,0.6606
45623.92717,0.2813,-0.0631,0.0364,2.3485,0.3921,-0.1026
45531.71959,-1.7696,-0.8344,0.0324,-0.3687,-1.5302,-0.1365
44950.21201,0.6474,-0.2553,-0.4091,-0.1824,-0.0859,0.5109
44523.46192,0.6238,-0.5563,0.008,1.4831,0.0141,0.8593
45532.02113,1.194,-0.1561,0.4705,-4.2694,2.4653,-3.7183
44779.04405,0.5185,0.1795,-0.108,-0.3912,0.02,-0.1923
45245.64001,0.8511,-0.7438,0.8345,-0.1803,0.3298,3.1184
45369.56874,1.1985,2.6757,-1.1385,3.2441,-0.3959,-5.5996
45367.42762,0.5268,-1.6987,0.6531,-1.3289,1.5023,2.5022
44515.25892,0.0032,-0.3888,0.0906,-0.2948,-0.2296,-0.1192
44398.11979,-0.8662,0.1169,-0.6687,0.3708,-0.0825,0.1524
45570.44002,1.1211,-0.5077,0.7601,-4.3496,1.4752,-2.9878
45302.54069,-0.4365,0.3508,0.2624,-2.9559,-1.2497,2.1651
45107.67168,-0.4488,0.6559,-0.5288,-3.8539,-0.27,2.3146
45076.36768,-0.5585,0.5265,0.0509,-0.0555,-1.3307,2.0035
45117.24682,-1.1541,-0.4788,0.0955,-0.902,-2.7175,0.5588
45407.11363,1.2096,-0.6788,0.2112,-3.4471,2.0872,-2.6633
44780.64235,0.1208,-0.0432,-0.188,-0.0097,-0.0225,-0.0114
45418.51279,1.7283,1.558,-1.1689,0.3722,1.553,5.8086
45554.66839,1.0726,2.0636,-1.3182,2.2238,2.5087,4.8106
44722.98286,-1.2369,-0.5163,0.6403,-0.3908,-0.5861,0.8888
44466.55275,0.3491,-0.0565,0.1368,-1.0228,-0.224,0.0543
44498.15912,0.3735,-0.129,0.202,-0.1141,0.2152,0.0074
44703.65234,0.0527,-0.234,0.5657,1.3033,0.5914,0.7318
45073.50277,-0.4543,3.4002,-0.5173,3.0903,-0.4881,-3.4367
44578.25864,-2.0823,0.241,-0.2075,-1.6255,-0.5174,1.5947
45343.21193,-2.0107,-0.8828,0.3282,-0.0724,-1.2441,-1.1597
45605.87341,-1.1234,0.0487,0.43,2.7031,-0.8128,-2.9947
45375.90158,0.1732,3.7982,-1.8561,3.3704,-2.02,-5.096
44606.36537,-0.0064,-0.1154,-0.1405,-0.217,-0.1635,-0.3325
45402.74094,-0.8423,0.249,-0.4166,-2.2967,-1.2756,1.8855
45049.6788,1.4429,-0.1845,0.2177,-1.8968,1.7405,-4.5089
44378.06308,-0.0194,0.0707,0.1149,-0.078,0.0349,0.2949
44450.80973,-0.4992,0.0687,-0.2599,1.1149,0.6254,-0.0575
44769.27335,-0.2352,0.2683,-0.1186,-0.5808,0.1008,-0.4893
44685.13594,-0.9394,0.0146,-0.4068,0.7014,-0.2404,0.3098
44797.04749,0.2854,0.0295,-0.3427,0.6523,0.2265,0.1453
44923.55391,-0.5296,0.1506,-0.5694,-2.4146,-0.423,-0.5651
44969.60272,0.0914,-0.7717,0.0173,-1.2842,-0.4416,-0.152
44366.66278,0.0581,0.1516,-0.3329,0.543,-0.1158,0.5192
45393.8146,2.2173,2.1845,-2.9674,-1.727,1.0906,3.2109
44420.80078,0.0882,-0.1311,0.2888,0.0837,-0.1,0.0727
44641.43836,-0.3078,-0.2049,0.133,0.2341,0.0013,1.1047
45124.43944,-1.5447,-0.5327,0.6672,0.9121,-0.6059,-1.9462
44561.85297,0.3406,-0.484,0.0856,-0.4888,-0.3556,-0.3161
44999.54824,0.0855,0.1129,0.0794,0.2173,0.2906,-0.1981
45355.12371,-1.5019,2.1821,-0.6619,1.3197,-0.0633,-3.7524
44877.5651,0.2258,0.4475,-0.413,0.1803,-0.4338,-0.6175
44388.46821,0.5838,0.1911,0.2794,0.4293,0.2875,0.3627
44359.96735,-0.1074,-0.1499,-0.161,0.4091,-0.3646,-0.3738
44453.8257,0.1368,-0.2272,0.1256,-0.7617,-0.1824,0.5427
45310.20048,1.525,-1.0763,1.1456,0.5669,2.2756,-0.5411
45427.6502,-1.1439,2.7358,-0.793,1.3327,-0.2612,-4.2234
45412.27042,-1.3177,-0.3174,-0.2757,-2.657,-1.649,1.9218
45314.69381,-1.5104,-0.8819,0.5952,0.9504,-0.8691,-0.9288
44515.16844,0.2879,0.1446,0.45,-0.8642,0.4402,-0.8679
45280.19961,-0.5454,0.4446,-0.054,0.0769,-1.3035,2.3108
45372.61454,-1.865,-0.5367,0.1107,1.8283,-0.6731,-1.3348
45563.80566,-1.3385,1.167,0.3102,0.0605,0.0959,-4.3369
44472.73535,-0.1528,0.2726,0.1798,-0.8257,-0.1593,0.147
44757.60274,0.5965,-1.3942,0.044,2.9816,-0.1613,1.4257
45574.17938,-1.917,-0.6882,0.237,-1.6175,-1.3461,0.3841
44757.72338,0.2863,0.3265,-0.3111,0.6221,0.3665,-0.1756
44634.23075,0.0171,-0.9844,-0.2066,1.922,0.0107,0.8909
44721.68613,-0.1229,0.0403,-0.9971,0.7994,-0.449,0.4571
45168.95123,0.1013,4.2165,-1.1004,5.1262,-0.6636,-4.0568
44422.79135,-0.0655,0.189,-0.0553,-1.5401,-0.3317,-0.0723
45036.10318,0.1852,0.0859,-0.0348,-0.596,1.1873,0.4739
45182.46149,-1.0101,-0.2701,0.6033,1.5289,-0.5699,-2.6885
44878.49995,-0.092,0.0249,-0.5302,0.4724,-0.3652,0.7867
44610.46673,0.0556,0.2286,-0.0594,0.276,0.0953,0.2401
44455.54475,0.4141,-0.8937,0.2753,1.6763,0.1048,0.918
45419.08575,0.8902,-1.1401,0.2581,-2.8072,1.8101,-1.734
44470.5036,-0.1104,-0.1454,0.3269,0.3575,-0.0129,0.4234
44560.43552,0.0807,0.4521,0.0256,0.0238,0.0053,-0.0133
44833.08434,-0.2352,-0.1123,-0.4157,-0.0942,0.1068,0.0408
45198.32398,-1.1116,-0.5883,0.5852,2.8002,-0.3326,-2.8338
44922.16673,0.0707,0.1067,-0.0952,-0.2297,-0.0651,0.2971
45187.16595,-1.6488,-0.8225,0.4914,0.536,-1.0795,-1.1181
44998.07057,0.2916,0.1555,-0.08,0.1716,-0.5309,-0.2931
45575.17452,1.1943,2.97,-0.9272,1.1243,-0.6688,-5.7851
45357.62674,1.3351,0.825,-0.7597,-1.6527,-0.9416,-4.9992
44608.95889,-0.8245,0.534,-0.0167,-0.6864,-0.197,0.2346
44466.31153,0.0942,0.1764,0.2038,0.0208,0.0917,-0.3003
44688.8754,-0.6745,0.3289,-0.0725,-0.4813,0.0459,-0.8169
45062.13362,1.0381,-1.8679,1.2343,-0.0244,2.4059,0.8848
45165.1213,1.7546,0.2566,0.3116,-1.8484,1.8478,-4.4567
45529.39755,-1.4638,-0.5238,0.4656,0.0072,0.4758,-1.6045
45561.33287,-2.0868,-0.5846,0.2759,2.1765,-1.2517,-0.4713
44465.31628,-0.0777,0.9956,-0.4339,-1.8072,-1.2667,-0.3064
44979.64488,0.3298,0.4999,-0.2089,-0.1261,-0.3248,-0.2438
44644.51439,-0.0427,-0.4815,0.3947,0.7807,0.2984,0.6669
45055.4086,-0.8783,0.1395,0.0722,-4.2975,-2.0991,1.7153
45108.12404,1.5194,-0.7209,0.5731,-1.496,2.8474,-2.5257
45454.73063,-2.7392,-0.8475,0.1312,-1.6484,-1.2486,0.0308
45587.59885,0.9008,-0.21,0.4997,1.8975,0.6641,4.56
45279.53616,-1.392,-0.8273,0.4139,-1.5553,-2.1555,0.9814
44591.13587,-0.0478,0.5861,0.029,0.2326,-0.3246,-0.6861
44901.17789,-0.129,0.0351,-0.1934,0.0319,0.1843,-0.1371
44403.03612,-0.1239,0.1811,0.1322,0.0428,0.0427,0.0235
45110.54172,1.2665,0.207,0.1268,6.2717,7.1333,4.0182
44956.69559,0.0174,0.3608,0.3534,0.8412,0.0153,-0.8646
45482.26332,1.1589,-0.2859,0.1065,-3.5344,2.7939,-3.3684
45614.92033,1.1583,1.4285,-1.3938,-2.644,-0.0031,2.2368
44642.9462,0.411,0.0813,-0.0276,0.0987,0.1389,0.2424
44402.52339,0.1493,0.1146,-0.2557,-0.1947,-0.1052,-0.3779
45204.53627,-0.4383,0.6984,-0.1813,-2.5297,-0.4337,1.6776
45440.73808,0.7676,-1.7585,0.9732,0.0556,2.2933,0.3996
45570.65112,1.175,1.6897,-0.1418,5.501,1.8942,4.9439
44398.51188,-0.3072,-1.6623,-0.4532,2.4742,0.8768,-0.4324
44774.58089,0.1358,0.1548,0.1194,-0.7929,-0.0721,-0.8406
45170.42892,-1.7144,-0.915,0.3985,-0.5907,-1.1909,-0.5749
45188.64363,-0.9124,-0.2079,0.3068,-2.2169,-1.7225,2.2277
45580.63275,-1.7092,-0.6403,0.3705,-2.9605,-1.6899,-0.1357
45220.08711,1.5065,-0.5059,0.599,-2.6058,2.682,-2.4214
45236.14063,0.7948,-0.62,0.997,-0.1051,1.0843,4.3167
45250.67619,-0.8395,-0.3283,0.2275,-3.0133,-1.9386,1.8818
45254.23469,1.4968,-0.5311,0.742,-1.7537,2.3801,-2.9488
44770.78118,0.1057,-0.108,0.1487,-0.4249,0.0808,0.0145
44947.73919,0.2721,0.1125,0.4162,-2.8995,1.2814,1.6492
44891.70869,-0.2586,0.3143,0.0927,0.3355,0.4381,-0.1327
45070.1855,-1.1038,-0.3656,0.1447,-3.5847,-1.9331,1.4458
44715.05163,0.7259,-0.0055,0.7893,-0.7867,-0.135,-0.3641
45575.2047,1.2547,1.6945,-0.5466,0.2684,-0.1677,-5.852
44367.80885,-0.0582,0.6022,-0.2583,1.0162,0.4971,0.2035
45170.7908,1.2015,-1.2174,1.2103,0.0528,1.8203,-0.6136
44406.80632,-0.1583,-0.4828,0.6378,-0.2839,0.3218,1.0284
45098.08119,0.8174,-1.281,0.6703,-1.2019,1.2817,3.3714
45276.55065,1.6835,2.7921,-1.1836,4.9193,-2.1238,-5.0403
45226.12851,-1.472,-0.848,0.2067,-0.9511,-1.0811,-1.0965
45255.95362,0.9081,-0.8506,1.2033,0.6126,1.9299,2.3431
44515.68114,0.5871,0.0081,-0.1306,-0.382,-0.2995,0.1893
45021.20072,1.2973,-0.0176,0.423,-2.2402,-1.0156,-6.1632
44572.92081,0.1251,-0.4786,0.4166,0.9484,0.0153,1.2319
44594.09132,1.9454,-1.0827,-0.1489,0.6213,-0.1156,1.0626
44965.74265,0.1243,-0.2355,0.2584,-0.4105,-1.0945,0.0806
45478.6446,-0.4341,0.6638,-0.819,-2.0929,0.5038,2.0573
45182.58213,1.6306,1.7852,-0.6029,1.2478,-0.4369,-5.7233
44535.58549,0.0224,0.5447,-0.2189,-0.8555,-0.4628,-0.635
44645.75083,0.0322,-0.0185,0.0163,-0.101,-0.1562,0.2624
44766.37831,-0.3366,-0.1073,-0.1378,-0.2274,-0.1554,-0.2608
45231.67739,-1.984,-0.9351,0.4936,-2.9509,-1.1236,-0.6641
45335.19028,-0.7854,0.4213,-0.6103,-2.9178,-1.1015,2.1684
45230.26,0.7288,4.5244,-1.2541,1.1175,-1.8825,-5.2081
45409.40553,0.8003,1.8535,-0.9798,2.5435,-0.8884,-4.9036
45500.93004,3.0721,2.75,-2.4531,-0.5733,0.3296,4.4356
45434.04335,-0.733,3.0516,-1.2456,1.9801,-1.9835,-4.9296
45460.88253,2.7346,2.5077,-2.8516,-1.2061,0.7212,3.2933
44995.08505,-0.1486,0.3723,-0.0615,-0.5331,-0.682,0.1242
45522.91396,-1.9935,-0.73,0.2088,-0.0362,-0.3207,-0.7773
44620.53926,-0.0552,-0.2831,0.3508,-1.4811,0.3184,-0.0963
44706.87915,-0.0987,-0.1742,0.3355,0.071,-0.0089,0.806
44864.74843,0.1838,-0.2296,-0.0424,0.0028,0.0076,0.1118
44915.53235,-0.1612,1.0297,-0.013,-0.3802,-0.3159,-0.4505
44390.03657,-0.1058,0.0486,0.2187,0.2772,0.3128,-0.6384
44936.52109,0.1687,0.0241,0.196,2.0361,-0.509,-1.5911
45582.95481,-0.8854,0.4072,0.0839,0.2092,-1.5718,2.7421
44967.91392,-0.0583,-0.0274,-0.1428,0.0911,-0.3595,-0.478
45422.52362,2.8277,3.0205,-2.7339,-2.016,-0.0322,3.1348
45488.14379,0.3374,1.9058,-0.966,-4.7388,-0.7449,1.7045
45578.2806,-1.7046,-0.0302,0.2837,-0.4716,-0.5978,-2.2143
44468.75437,0.1776,0.1662,-0.1585,0.976,0.1307,0.0681
44770.63039,-0.9908,-0.9377,0.2265,0.3653,-0.5136,1.1844
44965.98389,-0.1194,0.0018,-0.0146,1.0117,1.0356,-0.5306
44824.79137,0.0202,-0.3339,0.0278,0.4316,0.1382,0.4171
45226.27932,0.3066,4.0544,-0.6795,1.3412,-0.5077,-5.5686
45569.26392,-1.3287,-0.97,0.2396,-3.2714,-2.7903,1.474
44496.74165,-0.5501,0.5419,-0.0385,-1.2323,-0.0869,-0.6808
44386.99032,0.6823,0.093,0.3292,1.121,-0.537,0.0045
44812.33679,0.1668,0.2,-0.294,-0.4451,0.0369,-0.7827
44711.13125,0.6086,-0.4536,0.324,1.1151,0.0963,-0.2037
44782.39142,0.5718,-0.07,0.5753,-0.1569,0.2326,-0.368
44657.33118,0.3362,0.0956,0.112,0.5792,0.3803,-0.9489
45000.78465,-0.1909,-0.2296,0.0375,-0.7346,-0.3556,-1.4748
44391.99703,0.4631,0.5144,-0.529,-0.6738,-0.472,-0.7952
44837.24592,0.1708,-0.1767,0.2312,1.343,0.2147,0.6445
45439.4112,-0.9416,0.079,-0.2625,-2.888,-0.2922,1.6974
45051.8501,-0.0718,3.0165,0.825,2.7094,-0.4614,-5.312
45127.63613,-0.9326,3.2443,-0.3598,1.3323,-0.0134,-3.044
45059.54013,-0.7452,3.384,-0.3281,4.4697,0.7709,-2.4426
45382.98838,-1.345,2.7125,-0.7356,1.2905,-0.138,-4.2397
45515.79708,-0.2836,3.5264,-0.7196,0.8647,-1.6211,-4.9915
45517.06363,-0.0411,1.3349,-1.2293,-1.9336,0.193,2.1044
44459.3448,-0.0828,-0.1799,0.0138,0.503,0.0838,0.2383
44384.668,-0.1626,0.1119,0.03,-0.0992,0.025,0.037
44416.18625,0.4178,0.024,-0.0764,0.1258,-0.0609,-0.8703
44912.9389,-1.1948,0.7134,-0.0003,0.0673,0.0829,0.6419
45558.19662,-1.5112,-0.5219,0.4751,-0.2542,0.3976,-2.6996
45569.92735,0.5502,2.1452,-1.0336,-3.1533,-0.7554,1.5053
44480.27503,-0.2819,-0.1868,0.8022,-0.6893,-0.1883,0.5673
45013.39013,0.6658,-0.1091,0.1684,-1.1567,-0.5176,2.5943
45110.93881,1,0.6022,0.5235,4.5263,5.6676,5.5239
45289.29183,-0.6945,-0.5271,-0.8409,-0.942,-0.502,-1.4729
44636.94495,0.2108,-0.7062,-0.7881,0.6332,0.0253,0.8979
45352.83186,0.8211,3.0885,-1.727,4.6358,-1.7135,-5.0311
45479.36832,2.156,2.9074,-2.5152,-4.4004,1.1233,2.5938
45618.71003,0.2645,0.1003,-0.2533,-5.1242,-0.9828,-2.1686
44555.70079,0.4747,-0.2395,0.2722,0.2367,0.0868,0.27
44992.70267,0.2578,0.0418,-0.1413,-0.3769,-0.3808,-0.4873
45155.41077,-1.2606,-0.7547,0.5484,1.559,-0.7577,-1.9198
45334.01416,0.9942,-0.4144,0.1861,-4.4333,0.8385,-2.7263
45552.52727,-1.7137,-0.8688,0.6669,0.7662,-1.4457,-0.3291
45130.8931,1.4799,1.8083,-0.9,1.3614,-0.7486,-5.6603
44722.83207,-0.0572,-0.0734,-0.1732,0.2752,-0.1593,0.3013
45408.65162,1.3556,0.5867,-0.1441,-1.7493,-1.7534,-4.4172
44644.87628,0.4398,0.8463,-0.361,6.2599,-0.8761,-1.582
44843.94061,0.0215,-0.2421,-0.1862,0.8701,0.1367,-0.0016
45138.07051,1.7559,0.4953,0.1419,-4.3025,-0.2103,-4.9726
44412.89875,0.1635,0.0283,0.4694,-0.7907,-0.1947,-0.1494
44785.91973,-0.1986,-0.0712,0.6366,0.1909,0.0131,0.2822
44417.45302,0.154,-0.1425,0.3259,-0.0202,-0.4379,0.5428
44803.22953,0.6255,-0.4333,0.0564,-0.9246,0.3702,-0.4471
45046.45201,-1.9964,-0.6749,0.3204,0.1361,-0.0076,-1.0924
45346.31803,-2.169,-0.567,-0.0094,-2.1835,-1.4008,-0.14
45121.69512,0.6615,-0.7441,1.0373,-1.1726,1.9367,5.263
44879.64591,0.3062,-0.1701,0.105,-0.3306,0.0553,-0.0594
45179.08393,-0.7157,0.0367,0.253,-1.5718,-1.5582,2.1132
45294.91102,1.5743,-0.2913,0.559,-3.5452,2.491,-2.9235
45381.84246,2.539,2.3741,-2.5859,-2.513,0.7162,3.0563
44799.33938,-0.2129,-0.7972,0.5062,0.418,0.3347,0.0956
44634.17045,0.2795,0.0274,-0.0009,-0.2969,-0.0469,-0.4569
44723.52568,0.2783,-0.3689,0.4646,-0.6138,0.1799,-0.1433
44957.41937,0.7644,-0.2432,0.171,-1.837,-0.1369,-0.6221
45438.20494,1.083,-0.5784,0.3941,-3.584,0.942,-3.348
44853.43984,0.0595,-0.0811,0.0615,-0.2922,-0.0975,-0.0904
44684.80421,0.2073,0.1361,0.0162,0.1736,0.0489,0.0632
44936.40046,-0.1831,0.2837,0.2405,2.3434,-2.1742,-1.9615
45150.55552,-1.8951,-0.6699,0.4494,-1.6822,-1.6092,-0.1548
45275.01266,2.0123,0.9092,-0.1246,-1.6881,-0.6867,-4.7364
44842.07094,-0.2351,0.2821,-0.1764,-0.6269,-0.1119,-0.4343
44944.99497,-1.3682,-0.7897,0.1291,-0.0867,-0.1811,1.4548
45137.34673,1.4154,-1.0239,0.2036,-0.661,3.1412,-2.6893
44734.74397,0.364,0.3229,-0.0736,1.812,0.361,0.4687
44819.36323,0.5985,0.2371,-0.3476,-0.2371,-0.3248,0.3369
44386.35696,-0.1211,0.3609,-0.0446,4.0196,0.652,0.6471
45512.14819,0.6394,-0.6642,0.4498,1.3496,-0.1309,5.5214
44660.16594,-0.9172,-0.2179,0.0055,-0.4655,-0.5933,-0.0858
44792.46368,0.0213,1.4273,-0.9378,-1.4986,-0.2771,-1.8196
44527.32218,0.2827,-0.4771,0.2114,0.3595,0.1471,0.446
44432.35199,0.7334,-0.0744,0.3814,0.2813,0.1368,-0.0215
45017.43112,0.0858,0.3016,0.1567,-6.0972,-1.4796,1.2085
45163.1008,-0.0974,1.5466,-0.767,-4.6101,0.0931,1.6927
45284.27078,-0.8799,-0.6194,0.4241,-2.4048,-2.6311,1.657
45395.59383,-1.3388,-0.2929,-0.1908,-4.0309,-1.6475,2.0398
45567.45457,1.9286,2.6576,-0.5756,6.0395,2.091,5.6616
44627.77705,-1.365,-0.3062,-0.3914,-1.1291,-0.5541,0.1233
44359.54514,-0.0797,-0.3225,0.0517,-0.3616,0.3631,0.3034
44734.50272,0.2393,0.2496,-0.6747,-0.7065,-0.1287,-1.2399
45178.45063,-1.3698,-0.6474,0.4903,0.2361,-0.2424,-1.8481
44392.44943,0.2375,-0.2026,0.0411,0.2597,-0.159,0.3378
45405.60584,0.7894,-2.1372,0.799,0.6623,2.3759,0.8844
45424.36314,-2.1812,-0.6717,-0.0958,0.4021,-1.4815,-0.4699
45586.1815,-0.9937,0.426,-0.1597,-3.7921,-0.6905,2.6676
45161.83421,0.1116,4.0065,-0.7759,1.752,-1.1627,-4.5034
44718.8514,-0.325,-0.3901,0.332,0.2722,0.2005,-0.0072
44369.58825,-0.304,0.2096,-0.0602,-0.7517,0.2767,-0.4229
44518.12397,-0.1651,-0.0613,-0.098,-0.603,-0.2448,0.1563
44452.13676,-0.4162,0.0516,-0.0216,-0.0004,0.0556,0.1818
44442.90798,-0.632,0.6837,-0.3388,-1.2276,-0.0317,-0.1188
44595.02618,0.3725,-0.9026,-0.4713,2.7218,0.0696,-0.0457
44657.90414,0.2772,-0.2468,1.026,-0.2306,0.4309,-0.2436
45281.43603,1.6031,-0.4076,0.5622,-2.765,3.2861,-2.9112
45420.50314,-1.6414,1.9711,-0.3735,0.0031,-0.0593,-3.4065
44719.15294,0.0625,0.3022,0.1926,-1.3996,-0.2793,-0.5542
45620.36866,0.0994,-0.2165,0.0495,-0.1694,-0.448,-0.3121
44576.63016,0.8913,0.0014,-0.024,-0.2926,0.0099,-0.6618
45251.55075,-1.6251,-0.9112,0.1255,-0.4007,-0.9681,-0.3195
45215.82493,0.4585,1.0416,0.1731,-2.1487,-1.8381,1.0622
44674.55088,1.0198,-0.6231,0.1133,1.1793,-0.5383,1.6056
45248.41444,-1.1447,-0.8428,0.3966,0.7642,-1.0351,-1.2127
44646.08256,-0.0698,0.0076,0.0248,-0.1998,-0.0116,0.1168
44445.92391,0.3161,0.4301,0.0102,0.0617,0.1016,-0.543
45261.4723,1.298,-0.7949,1.1157,-0.8347,2.6702,-1.2459
45452.92126,2.0429,3.0974,-2.4736,-4.4662,-0.1104,2.8187
45155.6822,1.4791,-1.8333,1.299,0.4989,2.8834,-1.157
45230.71236,-0.0892,1.1652,-0.7503,-0.7221,-0.1331,1.7795
45098.17166,1.5113,1.92,-1.1633,5.5878,3.0063,5.3749
44999.66884,0.0154,-0.04,-0.1861,-0.9433,0.2094,-0.9906
45482.98709,1.349,2.204,-0.9375,1.9764,-0.6222,-5.3591
45533.25755,-1.0375,-0.151,0.2048,-2.0142,-2.3649,2.159
45274.80157,-1.4422,-0.8291,0.4104,0.3043,-0.6841,-1.1529
45438.62714,-1.2915,-0.0058,-0.4517,-2.4841,-1.5586,1.6853
45227.33478,0.8573,-1.0584,1.0122,-0.6119,1.1693,3.4482
45614.73939,0.3772,-1.3282,0.7449,0.3841,1.2637,1.1581
44500.93368,-0.0874,-0.1545,0.0673,-1.9319,-0.1795,-0.5509
44634.53233,0.0026,-0.1212,0.4515,0.3848,0.167,0.643
45475.71944,-1.4645,2.2179,-0.2506,0.809,-0.1094,-3.6935
45033.42928,0.9197,-0.8733,1.3924,-1.8265,0.214,-0.0622
44751.78254,0.603,-0.3423,1.2525,0.3351,0.234,-0.1203
45495.71303,0.2295,4.1205,-1.5103,2.4733,-2.1547,-5.2415
44861.28046,0.017,-0.4697,0.2394,0.9551,0.2103,0.613
45165.75463,-1.1842,0.4923,0.5409,0.6614,0.227,-2.5724
44888.57238,-0.1597,-0.4134,0.5259,0.7393,-0.0623,0.4855
44433.40761,-0.6205,-0.0302,-0.1109,0.2245,0.2517,0.4231
44689.35789,-0.3178,-1.0342,-0.2134,0.1369,-0.0855,0.721
45064.03351,-1.6508,-0.8745,0.0497,-1.2205,-1.5859,0.1893
45207.12975,-1.395,-0.8293,0.5841,1.9844,-0.7232,-1.6227
45289.50294,0.2788,0.6106,-0.2196,0.3254,-0.5585,0.5572
45001.53856,0.012,0.0146,-0.0214,-0.1761,-0.2139,0.3132
45267.83538,1.6058,0.7702,0.0837,-1.9229,-0.0098,-4.8579
44998.01022,0.4084,0.1738,0.0719,-0.5009,-0.3924,-0.2469
44374.836,0.4253,0.9722,-0.6788,2.651,-1.1631,-1.0988
45461.7269,0.6136,2.1138,-1.3494,-2.9798,-0.3298,1.4606
45481.29832,-1.4427,3.2509,-0.1956,0.7003,0.3444,-4.7502
45550.8084,-0.6398,0.5668,-0.0498,-0.3864,-1.0565,1.4403
45621.57496,0.436,0.1804,0.2393,-0.082,1.3153,0.7878
45396.64934,0.8712,2.2678,-1.1713,3.7423,-1.3319,-5.0829
45030.83078,0.0148,-0.0549,0.1465,0.4266,-0.1136,-0.7709
45093.10502,1.6666,2.7084,-1.2255,4.2349,-1.3883,-5.1008
44444.20482,-0.1095,0.3877,0.0737,-0.1281,0.3165,-0.4357
44606.51613,0.6329,-0.1734,0.2377,0.5754,0.5867,0.0078
44701.39056,0.4194,0.0667,0.8277,-0.1615,0.1767,0.3546
44861.73282,0.1924,-0.137,0.0707,0.7354,0.2621,0.0291
45282.40108,0.8676,-0.6287,1.0948,-0.6615,0.1872,4.3842
45124.07756,1.0673,-0.3723,0.7777,0.3674,1.2554,5.4331
45470.41191,0.7643,-1.7226,0.8699,-0.3172,2.2971,0.4098
45158.69792,1.6279,3.4914,-1.4952,5.9259,-1.4941,-5.2118
45185.41687,-0.2692,0.8428,-0.3852,-1.9639,0.1725,2.669
44426.7121,0.2366,0.2961,0.3175,0.3516,0.2446,-0.3993
44816.43803,0.0672,0.1813,-0.4232,0.605,0.3657,0.1313
45520.07928,0.5603,-1.5572,0.6969,-0.1767,1.5567,2.1735
44594.3929,0.928,-0.0491,-0.5371,0.8341,-0.1359,0.7354
44425.44543,-0.5471,0.255,0.127,-0.1608,-0.1482,0.1138
45196.12251,1.5576,0.1064,0.51,-4.4676,1.4992,-3.9632
45060.77656,1.3785,2.0183,-1.4764,-3.5836,-0.3698,1.9911
44444.41597,0.3804,-0.0353,0.2971,0.8947,0.2349,0.5372
44617.58387,-0.0323,0.142,-0.0939,-1.9111,0.1923,-1.1
44659.41198,0.1102,0.0121,0.1755,-0.5835,-0.4288,0.0052
44947.55825,-0.135,-0.0442,0.2001,-0.1845,1.1124,0.5188
44638.36234,-0.5363,-0.4984,0.1866,2.4463,0.9006,1.1388
44899.63992,-0.2086,0.1378,-0.1783,1.4915,0.1726,-0.0583
44639.53844,0.3052,0.4808,0.6772,-1.1077,-0.0911,-0.9652
44978.86081,0.1739,0.0911,-0.1213,0.0739,0.502,0.7499
44710.89,-0.0086,0.6016,-0.1889,-0.0136,-0.3342,-0.3603
44755.914,0.0645,0.1169,-0.6153,-0.1365,-0.0545,0.416
45024.87986,0.1128,-0.2027,-0.0997,2.4576,0.1103,0.1222
44909.4709,-0.048,0.086,-0.2785,0.1618,0.1586,-0.0633
45240.99588,2.1851,2.994,-1.8032,-3.2309,-0.2829,2.3313
44557.17852,-0.1446,0.1901,0.0681,-0.3067,0.153,-0.3131
45424.78533,0.555,-1.4669,0.481,0.0712,1.6856,3.1909
45572.24939,0.5407,-0.9764,0.6709,-1.0607,1.1085,4.9018
44413.26069,-0.4067,-0.1023,-0.1927,0.378,-0.5016,0.3707
44978.22754,-0.3131,-0.4684,0.2567,-0.4895,0.0936,0.3985
45613.6839,1.6607,0.2931,-0.5319,-1.124,0.2251,-5.1086
45364.56272,-1.6591,-0.8477,0.0828,-3.1271,-2.1304,1.062
45394.23681,0.5436,2.9526,-1.3463,3.6851,-1.2361,-5.6502
44873.58437,-0.2212,0.3143,-0.0064,-1.5387,-0.3024,-0.3502
45229.44579,-0.405,3.6393,-0.6217,1.8735,-0.3986,-3.8409
45324.24842,-2.2957,-0.5098,-0.1306,-1.9766,-1.7855,0.0681
44859.59173,0.0501,-0.1573,0.1373,1.446,0.2862,0.8955
45527.73896,-1.4547,-0.721,0.3723,-0.352,-0.5279,-2.3751
45054.29283,1.2677,-1.2409,0.7247,-2.1501,3.2378,-2.9921
45123.44426,-0.274,0.7302,-0.4973,-3.9142,-0.5536,1.9241
44397.81818,-0.6297,-0.3327,0.3456,-0.1598,-0.3272,0.7328
45118.48328,3.2511,-0.0662,0.9353,9.0212,-1.6172,-4.6055
45089.45588,0.8405,-1.1027,0.7275,-1.0531,1.0111,3.9674
44595.68964,2.2392,0.5365,0.2793,-0.5821,-1.101,0.3959
44784.01987,0.4627,0.3374,0.1439,0.1636,-0.0719,-0.2522
45412.30057,-1.6294,-0.5476,-0.0492,-3.175,-1.8728,1.3997
45527.04534,-0.5207,2.2494,0.4669,1.578,0.9123,-4.3577
45451.715,0.23,3.612,-1.3251,3.7985,-1.4183,-5.4696
45341.43268,-0.126,1.8216,-1.4524,-3.9526,-0.5874,2.3848
44516.67635,-0.4617,0.0148,0.402,0.0658,0.2344,0.5447
44437.96177,0.553,0.0363,0.3337,-0.8851,0.2744,-0.791
45059.75122,1.5138,-1.7056,1.043,0.667,2.3649,-1.8612
45136.8642,-0.2781,1.2469,-0.5807,-0.8302,0.448,1.6789
44625.24381,0.8352,-0.2282,0.1021,1.4337,-0.1222,-0.0071
44927.83611,0.3268,0.148,0.0176,-0.0544,-0.2829,0.3299
44475.2385,-0.94,0.1083,-0.2697,-1.0049,-0.4154,-0.5782
45397.07152,0.183,1.4949,-1.4711,-2.9634,0.3387,1.9609
44445.01915,0.6801,-0.4041,-1.3197,1.8827,-0.4369,0.3089
45545.3803,-1.8564,-0.5161,0.1617,-2.4258,-2.3767,0.8086
44964.86811,0.0489,-0.2564,0.1915,0.8681,-0.0113,-0.392
45046.99482,-0.1503,0.5364,-0.32,-4.0922,-1.6614,1.2653
44397.33561,0.5933,0.575,-0.1914,-0.3293,-0.4655,-0.3926
44877.86664,0.2568,-0.1486,-0.1017,0.7754,0.2216,-0.0011
45175.31434,-1.1235,1.3754,0.2504,1.5816,0.4353,-3.4264
44499.57656,0.6099,-0.0992,0.1521,0.6442,-0.0411,0.2771
45074.89001,-1.4903,-0.957,0.2219,-0.7603,-1.829,0.7913
45029.13196,0.0256,0.5899,0.5372,-4.5987,0.0473,0.4945
45347.94648,-1.6632,-0.3649,-0.1415,2.1209,-0.4153,-1.4384
45510.18802,-0.6742,2.1866,0.6296,4.2469,0.0732,-3.3968
44633.77839,0.2736,-0.2041,-0.2609,0.6046,-0.0747,0.6949
45441.06981,-1.2839,-0.5223,-0.1995,-2.5451,-2.1098,2.0725
45236.92469,0.679,-0.8118,0.9265,-0.4682,0.3834,3.8041
44949.60887,-0.354,-0.1966,0.0614,-0.219,-0.2144,0.2489
45174.46993,-1.4193,-0.8092,0.5713,1.7317,-1.014,-1.2252
44381.83302,0.1979,0.2429,0.2513,4.055,-0.9039,-2.7337
45331.2096,-0.779,0.3145,-0.7413,-2.6556,-0.5159,2.5913
45085.20367,-0.5706,3.0884,-0.6565,3.7533,-0.3388,-3.5663
45107.55105,1.7659,1.8476,-0.5718,3.4406,2.3465,5.0891
44730.22049,-1.1493,0.2976,0.7072,0.6819,1.4603,0.5878
45211.80404,-0.9475,-0.6351,0.4512,-2.9024,-2.0896,1.5267
45250.4651,1.5526,1.0355,0.3846,4.0638,-0.1755,4.3319
45416.9748,0.8205,1.7369,-1.6388,-2.8634,0.459,1.7929
45431.4499,-1.2713,-0.3179,-0.0605,-2.8668,-1.6166,1.5143
45479.21756,0.7714,-1.5726,0.8821,-0.4304,0.9195,2.2861
45484.40444,-2.0924,-0.6179,-0.0324,-1.4126,-0.7699,-1.0039
45547.82293,-1.6456,-0.7602,0.0758,1.0779,-0.9897,-1.2077
44827.47527,0.1761,0.0199,0.0887,0.308,0.0653,-0.2735
45010.73634,0.1793,0.1543,-0.1591,-1.6299,-2.5606,-0.4046
45031.40375,0.0689,-0.1253,0.1005,-0.0155,-0.2109,-0.0962
44959.07797,-0.2878,-0.1293,0.0074,-0.965,0.1512,-0.8969
44815.68412,0.631,0.0352,0.5026,-0.6386,-0.1403,0.3356
44870.11629,-0.0041,-0.1166,0.069,0.079,0.0511,0.1176
44443.02862,-0.0364,-0.0753,-0.0324,-0.1288,0.0573,-0.3114
45281.16461,-1.2834,-0.8361,0.6744,-0.0361,-1.4742,-0.6095
45314.99536,1.612,-0.576,1.0788,-1.0668,1.7902,-2.4111
44887.12483,0.8587,1.2402,0.1475,0.5379,-0.1731,-1.0547
45267.35287,1.7466,2.1056,-1.5002,-2.6967,-0.005,2.41
44765.32283,-0.105,0.1028,0.1118,-0.4586,0.0351,-0.6576
45414.10995,-0.4527,2.8797,-0.7901,0.4295,-2.2049,-5.2221
45416.76371,0.9778,-1.7496,0.8001,0.2398,2.148,0.2714
45543.96298,0.5788,3.6181,-1.3427,3.0036,-0.838,-5.446
44971.89463,-0.0194,-0.2317,0.1349,0.3561,0.0461,-0.1441
44547.07571,0.0186,-0.0027,0.0097,-0.4389,0.1856,0.1875
44995.35647,-0.0655,-0.1332,0.2782,-1.0361,0.5916,0.4261
45559.97585,1.2775,0.3795,0.1728,-3.8742,2.4535,-4.3211
45603.67201,1.304,-0.1367,0.5781,-2.6294,2.3633,-3.1822
44413.23054,-0.2609,0.8512,-0.2298,0.033,-0.3864,0.3165
44855.85236,-2.0119,0.5995,0.1364,-0.2643,0.4398,-0.1259
44973.79447,-0.0949,-0.3592,0.2565,-0.3007,-0.2507,0.1587
44976.26736,0.2634,-0.2121,0.0691,-1.7857,-0.1954,0.615
45418.15091,0.6077,2.8058,-1.1037,3.1391,-0.9483,-4.3236
44853.50018,0.1482,0.0249,-0.0521,-1.1837,-0.2655,-0.7142
44987.78716,0.2793,0.2362,0.0182,-0.3309,-0.5752,-0.3497
45047.86939,-1.8398,-0.6102,0.2261,-1.413,-2.6449,0.0924
45011.79183,-0.0826,1.199,-0.2177,0.0825,-0.1801,-2.127
44667.3735,0.314,-0.2034,-0.1818,0.0565,-0.3153,0.1459
45396.43822,-2.2267,-0.7999,0.041,-1.9887,-2.0991,0.5139
45497.82396,-0.7006,0.7797,-0.58,-1.0723,-0.3348,1.9989
44876.96195,-0.031,-0.1124,-0.1834,-0.5585,-0.0261,-0.6881
45336.87903,-1.8315,-0.8451,-0.1568,-1.7559,-2.0838,0.6138
44898.67491,0.1435,0.1348,-0.5493,-0.0913,0.2082,-0.1114
44905.91248,-0.0845,-0.1017,0.1661,0.0429,-0.0991,0.0758
44867.28155,-0.098,0.0993,0.0667,-0.2938,-0.2212,-0.117
45368.51323,-1.2132,-0.4267,-0.1906,-3.0081,-2.2079,1.9001
45558.34741,1.5495,1.3894,-0.0278,1.1639,-0.6748,-5.0493
45201.73169,1.7039,0.8883,0.0337,0.1184,0.4617,-5.2806
45517.4255,0.1877,3.5795,-1.0766,4.428,-1.3916,-5.598
45415.67808,-1.348,1.7316,-0.2527,0.7689,-0.065,-4.0837
45595.83143,0.6181,-0.5436,0.598,1.6637,-0.1332,5.8169
44494.63055,0.7454,-0.125,0.5739,0.0766,-0.2687,-0.1136
44719.81642,1.888,0.4914,-1.2833,-0.5437,-0.2309,-1.2404
44362.47059,0.2464,0.7277,0.0348,0.3791,-0.7654,-1.4763
44716.52932,0.2788,-0.1333,-0.0943,-0.1164,-0.2821,0.2582
45026.2369,-0.0363,-0.2203,0.0207,3.1612,1.5101,0.8159
44649.5808,0.2383,-0.7382,0.3476,2.0368,-0.3027,0.3785
45296.29825,-0.8917,0.262,0.5516,1.0871,-0.3186,-2.5813
45448.39777,-1.5948,-0.3291,0.117,2.0096,-0.4851,-2.2937
44900.00182,-0.1169,-0.2565,0.1564,0.4106,0.3501,0.0475
44993.42643,0.256,-0.2704,0.1911,-0.8228,0.1816,1.0768
45147.6303,1.3559,-0.717,0.7905,-4.141,2.604,-3.4411
45043.15485,0.7817,0.0646,-1.1625,2.3068,-0.051,0.231
45193.40842,-0.9373,-0.4547,0.3336,-3.3944,-2.0096,1.9096
45233.54715,1.4081,0.2231,0.5791,-4.3099,0.6069,-4.1686
44672.53034,-0.2165,0.2465,-0.6115,0.0157,-0.3299,-0.2105
45108.87802,1.4476,0.2276,0.3369,-2.8174,0.5101,-4.4786
45001.7195,-0.0778,-0.0681,0.0122,0.6886,0.0499,0.1836
44433.86,0.1785,-0.1982,-0.1019,0.1144,0.2004,0.1734
45441.3412,1.2579,1.9112,-0.9109,2.3386,0.1724,-5.7805
44471.28772,0.0189,-0.9438,-0.0779,-0.0246,1.0025,0.5878
45004.79549,0.0468,0.0326,0.3441,-2.7297,-1.0297,-0.1518
45588.23211,0.8927,-1.1487,0.6949,-0.0647,2.2568,-2.97
44946.23138,0.1149,-0.2393,-0.1987,0.0618,0.0351,1.1122
45451.9864,0.4502,-1.3173,0.6379,-0.7614,1.2625,3.3343
44532.66017,0.4153,-0.1519,0.1885,-0.1817,-0.0651,-0.0451
45342.0961,0.7624,-0.7417,0.2593,1.7207,1.2641,4.5707
45531.56878,-0.2395,1.4467,-0.3609,-1.4369,-0.6196,1.3792
44767.31316,-0.2534,-0.322,0.0664,0.8212,0.231,0.3199
45597.73126,-2.1838,-0.7603,0.2877,-1.4939,-0.865,-0.1009
44725.96839,0.0616,-0.2167,0.1968,-0.4049,0.111,0.1281
45138.91492,1.5592,-0.61,0.5452,-1.6719,2.8249,-3.7379
44722.40989,0.31,0.2934,-0.295,0.5551,0.107,-0.4611
44470.8655,-0.1529,-0.1631,0.2364,0.4822,0.2228,-0.103
44749.49061,-0.5121,-0.9623,0.3447,0.7466,-0.1429,0.7256
45189.51817,-1.8412,-0.8432,0.4236,-2.5306,-1.4455,-0.2445
44810.46707,-0.1875,0.2361,-0.1733,-0.7434,-0.0657,-0.3924
44889.47709,0.2814,-0.187,-0.1288,-0.0996,0.0347,-0.3544
45014.95825,0.6855,-0.011,0.6629,3.6195,3.5572,-2.9449
44637.0354,0.3449,-0.2059,0.1078,0.0868,-0.2134,-0.1036
44443.3302,-0.4809,-0.2717,-0.554,0.3804,-0.2201,-0.2433
44845.47858,0.2694,-0.0913,-0.0677,-0.0499,-0.1478,-0.0862
45186.32156,-1.6826,-0.8979,0.5921,-2.5134,-2.3099,0.7887
45518.14925,-1.4148,0.3549,0.319,-1.0796,-0.6122,-3.6698
45561.78522,0.6795,-0.9014,0.8172,0.2462,1.5202,5.1932
45581.74855,1.2767,0.1186,0.4395,-1.7203,1.7971,-3.8291
45591.00645,1.3148,1.9918,-1.8431,4.2554,3.317,5.0064
44992.1297,2.4881,0.2842,0.2058,3.6127,-2.8904,2.1666
44960.4049,1.4195,-0.5528,0.5704,2.5337,1.1728,1.0853
45062.07328,1.7068,-1.1935,0.4612,-0.3805,3.1481,-1.9808
44936.76233,0.0804,0.0485,-0.0204,0.577,0.0945,-0.2066
45185.59781,-1.7656,-0.8291,0.7329,-0.3108,-1.3582,-0.6774
44671.95734,-0.4147,0.6206,-0.2742,-0.2534,0.0013,-0.6843
45587.17667,-1.4691,-0.6424,0.5697,1.1178,-0.6481,-2.0436
45170.36859,-1.1781,-0.6692,0.428,-2.6527,-1.8365,1.345
45375.23816,1.2166,-0.5584,0.1541,-3.9402,2.4441,-3.318
45018.51674,0.0683,-0.3872,0.4238,-0.8561,-0.1112,0.7976
45249.43976,1.5349,0.2713,0.2541,-2.5376,2.4986,-3.3554
44933.50544,0.0228,0.1682,0.3233,-1.1805,0.2896,-1.1775
44419.29277,-0.1278,-0.1988,0.0946,-0.3737,0.214,0.0862
45159.72324,0.7928,-1.308,1.1447,-1.2291,1.9135,3.1043
45472.43242,-2.2448,-0.7484,0.3837,-1.5031,-1.2995,-0.286
45281.58682,0.9172,-0.7568,0.9456,-0.7479,1.1365,4.311
45417.51764,1.1002,-1.5352,0.4734,0.9239,2.75,-0.9949
44585.88852,0.6163,0.283,0.5715,0.1207,-0.1977,0.4239
45489.25958,-0.9374,2.8187,-0.2347,0.47,0.1239,-3.3478
45360.0091,1.086,1.3449,-0.6822,1.3683,-0.7412,-5.4987
45052.4834,-1.9682,-0.8661,-0.1271,-4.7356,-1.3149,-0.9855
45373.51921,-0.0251,3.5723,-1.7527,3.6069,-2.3235,-5.5739
44773.40477,1.2539,-0.271,0.1233,-0.9123,-0.0745,0.1133
44999.45775,0.0293,-0.0647,0.071,0.2336,0.2691,-0.0218
45568.54019,-1.8633,-0.7218,0.2944,-0.6531,-1.3626,-1.0662
44526.96028,0.538,-0.0201,-0.3788,0.7013,-0.3351,0.2749
45357.32515,-1.5523,-0.5009,-0.1862,-3.7383,-1.8268,1.6282
44408.10321,-0.312,0.2736,-0.3941,-0.221,-0.3567,0.0458
44828.41012,0.2131,-0.2938,-0.5952,-1.2478,-0.8738,0.248
45029.43353,0.3835,-0.0707,-0.6615,0.4448,2.0748,-0.6209
45072.95995,1.066,-1.944,1.0892,0.2092,1.796,0.0677
45053.47856,1.9601,0.2588,0.0249,-2.0213,0.4843,-5.2201
44598.37364,0.5354,0.0124,0.427,-2.1894,0.112,-0.8635
44371.8502,-0.6369,-0.2127,-0.124,-0.7271,0.6203,0.2599
45235.20574,1.647,-0.5006,0.9842,-1.1465,2.3675,-2.9267
44727.89842,0.1377,-0.1439,-0.2291,-0.6545,-0.0032,0.1344
45421.73953,2.9063,2.9483,-2.5683,-3.8836,-0.0527,2.8905
44439.56024,1.0246,0.1429,-0.3277,0.7121,-0.3484,-0.2995
44370.70416,-0.8879,-0.2711,-0.7662,0.8784,0.1632,0.0725
45148.41439,1.5865,-0.4918,0.732,-0.6442,2.3472,-4.2792
45626.2794,0.0658,0.0281,0.022,0.301,0.0909,0.0701
45558.82991,-0.997,-0.1954,0.1587,-1.3888,-2.16,2.7111
45112.11997,1.8844,-1.1518,1.2047,-2.3626,1.172,-3.4452
45303.23429,1.5646,2.3805,-0.9199,-4.9757,-0.1512,1.9054
45065.96353,1.1786,-1.9202,1.2151,0.4473,2.4268,-0.5434
44484.31629,-0.2357,0.0824,0.0484,-0.4228,-0.1276,0.0718
44587.81857,-0.0514,0.1714,0.1859,-1.4125,-0.0006,-0.0398
45060.65592,0.6751,-1.0699,0.51,-0.5508,0.4146,3.8267
44587.93921,0.9565,0.2196,0.0456,1.0624,-0.2594,-0.6375
45049.28674,-0.6214,0.5673,-0.2437,-2.1653,-0.6648,0.6549
45335.67275,1.1993,-1.7301,0.5573,1.1568,1.9105,-1.1624
44711.79469,-0.0219,-0.5472,0.0863,-0.0563,0.5505,1.441
44384.21562,-0.0767,0.0075,0.085,-0.0025,-0.1941,-0.1773
44483.8639,-0.0425,0.2416,-0.2483,0.2119,-0.0767,0.1511
44937.81778,-0.1709,-0.0408,0.156,-0.3595,0.2122,-0.0454
44999.72918,-0.023,0.0816,0.0932,-1.0793,0.171,-0.7397
44577.47455,0.3075,-0.7184,0.461,0.7691,0.3412,0.8469
44529.64437,0.1083,0.2903,-0.2731,2.3307,0.3175,0.2284
44590.98508,-0.4409,-0.0718,-0.1872,0.6086,0.1405,0.1211
44759.32165,0.1325,0.2028,-0.079,-0.3956,0.3183,-0.0735
45110.84833,-1.8736,-2.7652,0.9442,2.9918,5.4829,-0.6413
44623.46455,0.3599,0.6288,-0.2576,6.0413,-1.1364,-1.9585
45500.26661,-1.0357,-0.3271,-0.1352,-2.1671,-1.8209,2.2035
45538.71579,1.3455,1.6657,-0.0385,2.9888,2.3297,6.1568
45476.89554,0.5531,-0.7844,0.095,1.6832,-0.3104,5.2916
45576.65218,-1.6667,-0.5504,0.3735,1.0469,-0.9641,-1.676
45599.93265,2.396,3.2531,-1.8562,-5.6731,-0.6799,3.0717
44414.256,-0.1543,-0.1342,-0.1396,-1.2219,-0.3456,-0.7811
44379.81234,-0.0467,0.3034,0.4239,0.2736,0.3826,0.2862
45056.64505,1.3844,-1.299,0.6715,-0.3776,2.7543,-2.187
45353.31434,-1.009,0.5109,-0.7551,-2.9571,-0.7917,1.6989
45588.5035,0.8027,2.1224,-0.556,-7.1933,-1.688,2.3456
44577.89676,-0.5669,0.4946,0.2532,-1.1511,-0.1165,-0.1387
44876.26833,-1.4031,0.8064,-1.3708,-0.6159,0.3993,-0.0272
45123.6252,-1.9558,-0.6826,0.6035,1.9527,-1.4495,-1.0869
44676.02854,0.4609,-0.1576,-0.1742,-1.3342,-0.5784,-0.597
45364.95478,1.181,-1.9354,0.6725,0.733,2.713,-0.5847
44504.97495,0.6292,0.0776,-0.1697,1.1835,-0.0113,-0.0996
44827.32448,0.2561,0.1159,-0.1296,-0.2473,0.0071,-0.4511
45022.64823,-0.0653,-0.1564,-0.2357,-0.1895,0.9311,0.6522
44579.61575,-0.2646,0.3675,0.3156,-0.0361,-0.2996,-0.221
44652.38541,-0.208,-0.245,-0.0308,0.9815,0.2961,-0.1136
45267.38302,0.751,1.7327,-0.8508,-2.0549,-0.0563,1.7708
45074.28686,0.2272,3.6162,0.0029,4.8322,-0.6172,-2.9263
45025.2719,-0.1066,0.168,0.2097,-0.209,0.2493,-0.1048
45507.53427,-1.341,-0.162,0.0039,-2.4622,-1.7615,1.9865
45369.0259,0.6223,-1.4291,0.4417,-0.1301,0.2088,3.293
45417.12559,-1.7049,-0.4823,-0.3758,-2.7772,-1.6129,1.2139
44856.00311,0.2357,-0.4932,0.5877,1.9511,0.2998,0.9005
45089.30509,1.3606,-0.5152,0.5161,-3.3558,1.5203,-3.5573
44859.22986,0.1063,-0.0412,0.0459,0.3214,0.1089,-0.2528
45550.53699,0.7052,-1.796,1.0451,0.3035,2.3345,1.4409
44534.07757,0.1518,0.6704,0.0348,-0.3716,-0.0801,-0.3845
44579.97765,-0.8062,0.5164,0.2776,-0.8946,0.0513,-0.5104
44887.6978,0.1334,-0.1,0.2508,0.3615,0.3132,-0.1624
45063.52085,1.6612,0.7275,-0.0681,1.0191,1.7752,-5.5788
44774.91261,0.6045,0.0186,-0.2033,1.0822,-0.1359,0.3838
45240.00068,1.2195,-1.4546,1.0429,0.8489,2.3504,-0.2514
45265.36252,1.4867,1.5956,-0.658,0.8395,-2.0313,-4.9582
45297.74575,-0.943,-0.4771,0.4744,-3.4458,-1.6792,1.558
45425.59955,0.6842,-1.0228,0.7006,0.1996,0.8385,4.6105
44657.60261,0.0245,-0.3079,-0.1873,-0.3749,0.0404,-0.2028
45257.94397,-1.5259,-0.8041,0.4835,-0.6459,-1.4451,-0.1993
45622.35901,-0.2182,-0.3221,-0.1536,-0.2933,-0.9232,-0.8934
45085.68618,0.1518,1.062,-0.8665,-3.316,-0.5294,1.3796
44996.20082,0.0713,-0.2236,-0.1158,-0.1773,-0.5937,0.4152
45421.55859,0.8046,-2.0372,0.5599,1.8385,2.3228,0.4737
45251.00792,1.6235,0.9924,0.1708,-1.0207,-0.1521,-4.6663
45097.0558,1.3091,2.2232,-0.8172,1.8141,-1.1742,-5.3922
45067.86342,-1.2899,-0.7645,-0.0947,-1.5146,-2.0859,1.1018
45453.73545,0.8912,2.0826,-1.5686,-2.0165,-0.127,1.1115
44377.91229,0.0275,-0.0111,0.0732,0.0393,0.3781,0.3286
44506.96536,-0.0111,0.2944,-0.192,0.1732,-0.3059,-0.0475
44391.42397,0.9779,0.1681,0.0804,0.1217,-0.3949,0.4193
44912.90872,0.9029,-1.0316,0.1239,1.1162,0.2277,0.6133
45311.16547,1.7344,1.7956,0.2166,4.5304,0.9124,5.0487
45367.87998,-1.6607,-0.6234,0.0051,0.9952,-0.1763,-2.236
45126.64092,-1.0402,-0.1342,0.2106,-2.2804,-2.4229,1.755
44947.10592,-0.0716,0.0267,-0.0381,-0.2195,0.0112,-0.1056
45381.179,-1.2721,0.0087,-0.2546,-3.7681,-1.7377,2.9166
45573.36513,-2.0252,-0.7147,0.2688,-1.1433,-1.812,0.5749
45327.9225,1.4895,2.8506,-1.6008,4.2134,2.4148,5.6531
44369.8597,-0.1509,-0.1187,0.2645,-0.3581,-0.3308,0.4138
44896.47348,1.0614,-0.3326,0.0213,-0.2553,0.2103,1.174
44950.45325,-0.0081,0.0944,-0.3129,-0.7705,-0.2859,-0.3374
45542.60592,0.6644,-1.4277,1.0143,0.5496,2.2215,0.8959
44374.08202,0.1366,-0.1117,-0.4262,-0.5195,-0.5,-0.0701
44701.81276,-0.5158,-0.7022,0.8882,0.3103,-0.5112,-0.3034
45015.74237,0.004,0.6004,0.4326,-8.0467,-3.4978,0.4219
44516.91762,1.1776,-0.5653,-0.0991,-0.6226,-0.5178,0.0954
45185.95969,0.9698,-1.3399,1.3177,-0.2503,1.2669,1.2889
45506.44865,0.5987,-1.3897,0.4379,-1.2716,0.0613,5.3076
45325.89198,-1.8926,-0.5729,0.1816,0.9368,-0.401,-2.2891
45238.34207,1.5594,-0.4129,0.2704,-4.3628,2.8073,-2.0174
44651.42039,0.4993,-0.1781,-0.2767,0.7447,0.1776,0.2221
45151.09836,1.734,1.8806,-1.7387,4.5531,3.3062,4.8217
44995.44693,0.4537,0.1086,0.3133,-1.4393,-0.5052,-0.1259
45042.91361,1.0263,-0.7291,0.7134,1.7649,0.6546,-2.6213
44530.00625,-0.4831,0.206,0.0738,0.7633,0.4001,-0.1559
45341.85486,0.8192,0.6197,-0.5221,-3.6852,0.2994,-4.476
45470.32146,1.0494,-0.5231,0.1364,-2.2355,2.3631,-2.9431
44438.92689,0.3056,0.2085,0.103,-0.1582,-0.3464,-0.2952
44724.2796,0.4908,0.0332,0.355,-1.0344,0.1148,-0.4973
44480.63693,0.092,-0.3004,0.3417,-0.1649,0.4678,-0.1993
45007.35879,-0.1667,0.4472,0.3353,-9.2649,-1.8888,-1.8983
45170.27813,-0.5669,0.6799,-0.1656,-2.6571,-0.3329,3.0429
44871.32258,-0.0015,0.019,0.0027,-0.0949,-0.034,0.0216
45247.72083,-0.4322,3.0427,-0.7571,2.6477,0.3243,-4.0527
45548.42605,-0.6352,0.9988,-0.4828,-2.0866,-1.1127,2.2945
45096.78438,-0.9704,-0.4186,0.2919,-4.3268,-1.7424,2.1019
44512.09232,0.0008,-0.2796,0.0344,-0.8019,-0.1581,-0.0626
44916.5878,-0.0018,-0.2641,0.0321,0.3727,-0.3901,-0.2565
44926.11718,-0.0141,-0.2624,0.3307,0.7068,-0.0226,0.8056
44985.34448,-0.2421,-0.3129,0.2455,-0.4758,0.1848,0.3243
44709.80438,-0.4486,0.0882,-0.4213,0.3138,-0.2697,-0.1572
44370.85494,0.5609,-0.6518,0.1035,2.2849,0.742,0.2155
44721.83693,-0.1001,0.1251,0.0233,-0.2985,-0.6331,0.3302
45366.01023,0.2273,1.4733,-1.5621,-3.3378,-0.2041,1.9413
45440.97932,-0.5246,0.8335,-1.0633,-2.5787,0.1307,2.1395
44924.63952,-0.1792,0.0393,-0.3774,-0.1108,-0.4737,-0.1978
45463.14425,1.0075,-1.7928,1.0705,0.3997,2.5908,0.5541
44949.51841,0.3991,0.092,0.0216,0.308,0.1998,-0.435
44558.17372,0.1,-0.1778,0.0854,-0.5037,-0.0182,-0.2954
44709.35199,-0.1307,-0.0244,-0.1423,0.2291,-0.1487,0.1837
45485.9424,-1.9382,-0.8224,0.6075,-3.7999,-2.0123,0.1389
45554.789,-0.7382,0.7065,-0.3053,-3.0187,-0.9638,2.0912
44570.08598,-0.0077,-0.2512,-0.464,-0.6505,-0.2436,-0.3379
45433.62117,0.576,-0.9318,0.4035,0.712,1.0903,5.9211
45531.41799,0.5174,-0.9636,0.295,-1.0461,-0.5547,4.6006
45592.69521,1.9057,1.9642,-1.8457,-3.0037,-0.2268,2.2272
45506.72006,-1.6789,-0.265,0.0436,-4.4876,-2.0273,0.9733
44732.81397,-0.2836,-0.2183,0.3202,-0.658,0.2481,0.4112
45123.11252,1.7252,-0.4347,0.4135,-1.0295,3.9118,-3.6498
44870.08614,0.016,-0.1028,0.064,0.2577,-0.0192,-0.0442
45217.61425,1.534,2.5236,-1.0542,2.4156,-2.0619,-5.3457
45214.03563,-0.1919,-0.6701,-0.6208,0.5795,0.8386,-0.646
44821.20273,0.8778,-0.4186,0.6011,0.0363,-0.2421,-0.1039
44558.41499,0.1465,0.0319,-0.0675,-0.8143,-0.1515,-0.592
45278.11878,1.0803,4.0999,-1.2114,4.0094,-0.8507,-5.6919
44731.30611,0.2541,0.5436,-0.5518,-0.5204,-0.4299,-0.5403
45179.98864,-1.8533,-0.74,0.544,-0.7569,-1.892,0.1138
45540.2236,0.7697,-1.4602,1.0638,-0.4214,1.8344,2.5133
45250.58571,-0.0947,1.1675,-0.5633,-1.439,0.3982,2.0542
45590.73506,1.3396,-0.0079,0.5695,-3.0373,2.2414,-3.3558
45307.27528,-0.0039,1.6922,-0.7348,-1.5683,-0.2268,2.0194
45335.00935,0.6614,-0.9439,0.2479,-0.1111,1.2675,4.732
44478.79723,0.4939,0.2911,-0.0551,-0.8677,-0.4135,-0.64
45042.12953,1.3003,-0.9915,1.1505,-2.1763,0.3882,-1.4796
45299.82658,1.0095,-1.0845,1.37,0.2073,2.1071,2.498
44474.12266,-0.3121,0.0289,0.0355,-0.4206,-0.2111,-0.2261
44975.45309,0.0977,-0.7518,0.2853,-1.4231,-0.6186,0.3898
45169.94641,1.5942,-1.2115,0.8158,-0.2151,2.483,-1.9845
44862.96923,-0.5056,0.3304,0.1522,-0.4454,-0.4718,0.0884
45136.62296,0.8689,-1.8566,1.126,0.0427,1.442,1.9141
45358.44096,1.3113,0.4017,-0.3438,-0.7588,0.9347,-4.9456
45510.45941,0.8204,-1.5369,0.6611,2.094,2.068,1.3685
44918.36703,0.2674,-0.1648,0.5226,-0.1726,-0.5117,-0.3789
44430.93447,0.1046,0.4044,-0.4852,0.4588,-0.2752,0.1371
44857.9331,0.5386,0.1626,0.0082,-0.1049,0.1209,-0.9763
44997.4674,-0.1688,-0.2534,0.0155,0.0557,-0.5001,-0.3529
44418.81023,-1.6641,0.1788,0.1587,-0.8893,-0.3486,0.2589
44632.08955,-0.3669,0.628,0.573,-1.0961,-0.138,-0.4875
45420.26188,-0.9309,0.4529,-0.5378,-1.7246,-0.9474,2.2459
44417.93556,-0.4522,-0.6568,0.146,0.6514,-0.3575,1.0021
45374.03188,-0.9233,0.2725,-0.6183,-1.6764,-0.5802,1.9032
45182.94401,2.561,2.5212,-2.5046,-0.7023,0.6116,3.0322
45424.54406,1.1411,2.9493,-1.3577,2.815,-1.4985,-5.2308
44530.8205,-0.6775,-1.3652,0.4901,-1.9277,0.0625,-1.1437
44484.25596,0.1444,-0.3763,0.3134,0.1055,0.041,0.369
45545.8025,0.8727,-1.4047,1.474,1.2636,1.6993,-0.3028
44804.97863,-0.2508,-0.0402,0.4266,0.0344,0.0729,0.0803
44518.60646,0.0423,-0.506,0.3532,0.5699,-0.0512,0.7282
44882.84254,0.3513,-0.1602,0.0718,0.0039,-0.1478,0.0497
45154.38546,-0.2287,0.8905,-0.5375,-3.0019,-0.5393,1.6772
44954.97668,0.0429,0.1763,-0.0908,-0.0086,0.053,0.0458
45078.08662,-1.4815,-1.2666,0.3406,0.21,-0.7129,-0.5789
44611.70319,0.1924,-0.5794,0.7588,1.9158,0.6739,0.0776
45242.86558,-1.067,-0.7056,0.3042,1.1998,-0.9242,-1.3428
44360.72137,0.018,0.0667,-0.2996,0.5171,0.4326,-0.0372
44581.24426,0.1501,-0.3898,0.0937,1.0155,0.3817,0.1759
45335.79338,0.6351,-1.1647,0.292,-0.2592,1.2213,4.8759
45405.3947,-0.1288,3.8429,-1.4059,4.3302,-1.5853,-5.1418
45413.86867,-1.3266,-0.2967,-0.2772,-2.888,-1.313,2.3198
45435.73213,1.5841,0.9796,-0.7461,-1.9568,-1.5943,-5.2494
44809.95441,-0.0292,0.1624,-0.2443,-0.957,-0.3625,-0.4045
45444.1759,-0.3774,0.797,-1.0494,-2.0368,0.1529,2.9286
44589.53754,0.1336,0.1814,-0.4891,0.2362,0.0404,0.0087
45301.063,-1.2702,-0.7907,0.598,1.5912,-0.8853,-1.3741
45520.77285,1.1704,-0.6534,0.4665,-4.4874,2.4625,-3.2769
44842.67406,0.0286,-0.0271,0.3968,-0.5116,-0.2596,0.2001
44786.64349,0.4641,0.1594,-0.1416,0.8821,0.0508,-0.2621
45010.70619,-0.0141,0.3916,-0.7903,-1.7042,-2.1467,-0.268
45552.58761,-1.3377,-0.5768,0.5274,-1.3655,-0.6479,-1.7281
44406.59517,-1.3037,0.0622,0.5576,-2.925,-0.862,1.2269
44574.54927,-0.875,-0.1035,-0.0286,-1.018,-0.047,-0.4086
44770.72087,-0.4087,-0.5566,-0.8096,1.628,0.2857,0.5267
44749.73186,-0.2935,0.0606,-0.1156,-1.1845,-0.3776,-0.2209
44599.27838,0.5324,0.6367,-0.5546,-0.9757,-0.5352,-0.2742
44850.60515,-0.5358,-0.1154,0.0754,-1.1146,0.0117,0.4612
44922.25719,-0.1376,0.0432,-0.5912,-0.0238,-0.4392,0.1908
44579.28401,0.8211,0.1424,-0.6675,0.6683,0.0789,0.0255
45429.85162,-1.3266,-0.2545,-0.1457,-3.6651,-1.4124,2.2442
44675.30478,-0.6639,-0.1231,0.1211,0.4027,0.2613,0.2469
44542.88376,0.6837,-0.4065,0.2046,-0.1046,-0.2798,0.5674
44692.31329,-0.1089,-0.4817,-0.9495,1.5154,-0.0101,0.4431
45193.8306,1.3578,-1.3686,1.1144,0.1044,2.588,-0.7843
45040.31008,-0.6939,0.417,1.1761,-1.8532,-0.8599,1.0367
44912.15482,-0.081,0.3716,-0.0382,-5.8405,1.1656,1.2253
45371.19719,1.0982,0.9171,-0.6091,-2.522,-0.8431,-4.714
44836.52216,0.1795,-0.2773,0.025,0.0745,0.1895,0.1828
45561.21223,-1.0568,-0.0695,0.2058,-4.6411,-1.5812,3.1284
45004.64471,0.1801,-0.0813,-0.0534,-0.47,-0.8395,-0.8299
44741.46893,-0.5442,-0.6794,0.4032,0.5671,0.3046,0.1907
45013.69168,0.731,1.277,-0.1158,-7.082,-3.2068,1.4553
45192.56403,-0.7593,-0.0436,0.3315,-2.0149,-2.0127,2.536
44445.44137,0.5548,-0.1302,0.0701,0.0716,-0.3293,0.1908
44746.20355,0.4611,0.4675,-0.2561,-0.8195,-0.2386,-1.1638
44668.64007,-0.3726,-0.3633,0.2213,0.1073,-0.0564,-0.2842
44666.86083,0.3922,-0.3655,-0.2383,-0.8436,0.14,-0.5685
45385.28029,-2.2745,-0.6866,0.1421,0.0403,-0.9732,-0.0142
45349.66542,0.7505,2.9499,-1.6117,3.2003,-1.4143,-5.3206
45613.86482,0.6421,-1.3812,1.0874,-0.533,0.9997,2.1796
45313.36692,1.457,-0.448,0.8602,-1.6306,2.0192,-1.4047
45290.83488,-0.5855,-0.5959,-0.7995,-0.5315,-0.6599,-0.1441
45565.4341,-0.9842,2.6672,-0.5161,2.7205,-0.3999,-4.7618
45173.83665,1.5053,1.3561,-0.4076,0.9235,-1.4629,-5.2062
45211.26122,1.8989,2.8688,-1.0004,3.577,-1.8718,-5.0283
45554.84933,-1.1787,-0.3719,-0.0597,-2.0477,-2.0914,1.3332
45074.85982,-1.1838,-0.5282,0.2176,0.1425,-2.0381,1.407
45095.48755,1.2656,1.4406,-0.5921,0.7298,-1.3337,-5.0408
44998.97526,0.0991,0.0793,0.3047,-1.2105,-0.1554,-0.2097
44536.12834,0.4672,-0.1994,0.144,-1.0182,0.2374,-0.2803
44914.507,0.0506,0.1669,0.0427,0.0902,-0.0193,0.2433
44782.87396,-1.3983,0.3629,-0.285,0.5973,0.0838,0.7923
44936.79249,0.011,-0.0085,0.0324,0.4459,-0.1446,-0.2898
45469.92943,-1.3722,-0.0046,-0.3037,-2.4293,-2.1744,1.5663
45602.67687,-1.41,0.0335,0.5968,-0.0632,0.3918,-2.2631
45421.16656,-2.0054,-0.7555,-0.1617,-2.2621,-1.6551,-0.4019
45473.24661,-1.7102,-0.6373,0.0315,1.4654,-1.2494,-0.962
45211.05011,-1.5597,-0.8638,0.4169,-2.6107,-1.3274,0.5488
45232.06942,1.1779,-1.418,1.2494,0.0938,2.606,1.0833
45329.64143,-1.0326,0.5935,-0.4975,-3.8327,-1.7426,2.7207
45474.00054,-2.21,-0.7167,0.1439,-1.887,-1.7449,-0.3411
45051.48822,1.8075,2.8696,-1.5386,-3.2189,-0.3912,1.2321
44378.39483,-0.1169,-0.0165,-0.0893,0.1821,0.3212,-0.0695
44672.4097,-0.6732,0.2289,-0.4941,-0.4489,0.0154,-0.2459
44568.45745,-0.5664,0.5764,-0.1985,-0.349,0.3167,-0.5013
44626.66121,0.4431,0.2822,0.5812,-4.9405,1.0987,3.01
45231.40597,1.8386,2.3709,-0.1609,5.1208,0.3603,4.9309
44622.49951,-1.1282,-0.1197,0.2642,-0.0019,0.2017,0.5069
44640.89551,0.6927,0.049,-0.1372,-0.5327,-0.3638,-0.0189
44923.91579,0.4023,0.585,-0.5476,-0.2847,-0.3364,0.1784
44470.32265,-0.3093,-0.4966,-0.089,0.9767,-0.0109,0.4916
45298.13778,1.6216,-0.8305,1.15,0.5762,2.5485,-1.6279
45300.70113,0.9893,-0.5328,1.0579,0.1085,1.5039,4.8421
45097.6288,-1.913,-0.6656,0.0346,-0.9966,-1.8574,0.9181
45261.92463,-1.9151,-0.8012,0.6904,-3.0668,-1.602,-0.0902
45603.24983,-0.7243,0.389,0.1034,-1.2212,-1.7004,1.7147
44884.38056,0.1654,0.0235,-0.0656,-0.7219,-0.4952,-0.0415
44789.47821,0.2876,-0.7268,0.0851,-0.0068,0.2554,0.4517
44979.91627,0.0474,0.4692,-0.1069,0.2691,0.1315,0.5901
45121.03164,2.5024,1.8999,-2.9235,-8.4374,0.2868,4.6103
45163.34207,-0.9368,-0.5919,0.6507,1.8146,-0.324,-2.2799
45479.57943,-2.2418,-0.4985,0.2792,-3.1226,-1.8681,0.7965
45487.45023,-1.0439,-0.2518,-0.2081,-2.2974,-2.4374,2.1774
45450.84047,-1.3634,1.2664,-0.2974,0.1667,-0.057,-3.2266
45488.29457,-1.4199,-0.5798,0.1843,-3.4429,-1.9713,1.2938
44397.15464,0.1517,0.255,-0.2193,-0.3843,-0.0673,-0.1576
44493.81626,-0.3043,-0.0421,0.1019,-1.1377,0.1181,0.7476
44831.57651,0.0119,0.2465,-0.3247,-0.7775,-0.1738,-0.3226
45353.25404,-0.051,1.586,-1.5759,-2.0921,0.3237,1.995
45489.71194,0.8772,1.9564,-1.3209,-5.039,-0.6308,2.6184
45551.29088,1.481,-1.5894,0.7964,-0.3756,2.575,-0.9027
44414.88937,-0.1819,0.2098,0.1221,-0.3817,0.0127,0.012
45081.16263,-1.7385,-1.025,0.1993,-0.819,-1.8922,-0.6243
44455.78603,-0.2752,-0.1522,-0.2341,-0.1105,0.0042,-0.0487
45431.54038,-2.1049,-0.7624,0.2369,0.0624,-1.3946,-0.4387
45502.16647,1.469,2.5083,-0.9948,3.6564,-3.4975,-3.2638
45551.894,-0.1832,3.3866,0.0716,1.3674,0.852,-5.6237
45624.68111,0.1962,0.0852,0.0269,1.4681,-0.2295,-0.7897
45013.99325,0.1467,-1.4111,-0.3286,0.2789,1.3145,3.2868
45348.18775,1.0271,-0.6629,0.0497,-3.518,1.6463,-3.1288
45202.24434,-1.0632,-0.5857,0.4443,-3.5784,-2.0138,1.7051
45209.84385,1.2349,-1.4791,1.3378,-0.2398,2.1673,0.1255
44359.24352,-0.1931,-0.1051,-0.2276,-0.9014,-0.0028,0.4668
44560.58633,-0.2423,0.5352,-0.266,0.0786,-0.1746,0.1833
44906.99809,-0.256,0.1604,0.0851,-0.0161,0.2438,-0.0586
45593.59987,-0.7913,0.2903,0.0451,-1.208,-1.869,1.8375
45299.16313,2.8747,1.8635,-2.3482,-1.2009,1.3878,3.617
45567.63551,-1.2462,-0.036,0.0634,-3.0096,-0.9705,1.9542
45131.61688,-0.5512,3.4607,-0.6683,3.7522,-0.6158,-4.4882
45161.92466,1.7189,1.0174,0.0321,-1.1651,0.5114,-5.0819
45376.68568,-0.5953,3.3978,-1.2386,2.2087,-1.4588,-4.1393
45623.50499,-0.0563,-0.2267,-0.0629,-0.3424,-0.88,0.2203
44729.19513,0.2728,0.1405,0.5615,-0.6969,0.0435,-0.2931
45072.26635,0.9548,-1.004,0.6153,-0.0463,1.1319,4.5161
45228.66169,0.4067,4.2358,-1.0838,0.4148,-2.2357,-4.7431
45469.56755,0.9807,-1.4317,0.8097,-0.3579,2.0609,-1.0231
44809.01957,0.1923,-0.4092,0.3405,0.0199,-0.1437,0.3845
44923.97609,-0.2298,-0.0161,0.1528,-1.0721,-0.8876,-0.0588
45116.88493,1.2594,-2.2027,1.2274,0.145,3.0932,0.5255
45200.01273,-0.1657,3.7581,-1.0724,2.2116,-0.813,-3.7654
45409.16429,-1.7936,-0.6288,-0.2419,-2.7748,-2.0067,1.1639
45505.72489,2.296,2.1487,-1.2162,-0.4652,1.6754,4.9945
44621.35353,0.0606,0.1288,1.032,-0.129,0.551,-0.8971
44900.06212,0.2398,-0.087,0.2383,-0.1067,0.0626,-0.0419
45012.87748,0.2388,-1.1882,0.3842,1.4887,-0.9541,0.7569
45449.27234,-0.1728,3.6215,-0.8304,1.6443,-1.161,-4.8672
44497.19401,0.588,-0.3746,-0.4933,0.7449,-0.1104,0.682
44960.01287,-0.2669,0.1328,0.4614,1.1582,0.3005,2.0579
44855.67142,-0.118,-0.3825,0.5479,2.1967,1.2395,0.4276
45102.75582,0.8914,-1.167,0.858,-1.0195,0.9452,3.4055
45595.52987,1.2674,2.5752,-0.7817,3.9354,-0.8703,-5.7456
45499.09051,0.9963,-1.1919,0.6249,-1.6417,3.1651,-0.3823
44537.15374,0.3053,-0.3672,0.0589,0.0537,0.2066,0.2257
44541.07427,0.0784,0.5135,0.0859,-0.9805,-0.135,-0.3696
44652.5362,0.3045,0.2606,0.5061,0.0812,-0.1942,0.3928
45199.34928,1.5262,0.0239,0.3729,-3.6963,1.683,-3.3843
44985.85715,-0.3094,-0.3954,-0.1463,-0.1665,-0.3695,0.588
45467.84864,1.3941,0.6344,-0.3333,-1.466,-0.2298,-4.3798
45267.74489,1.1698,3.4673,-1.5084,2.925,-2.207,-5.0734
45618.89097,0.2856,0.0808,-0.174,-4.1729,0.4711,-4.409
45611.03016,1.6748,0.5353,-0.1712,-2.8902,-1.2858,-4.5307
44577.71583,-0.0759,0.0816,0.1316,-0.4657,-0.2959,-0.3146
45586.69416,0.7574,-1.738,1.0097,0.8197,1.8378,0.5768
45602.19438,0.681,-1.5223,1.207,0.6082,2.3716,2.5871
45620.85117,-0.0349,0.1144,0.0869,0.2713,0.0678,-0.1312
44758.74869,-0.7254,0.1037,-0.4121,-0.3961,0.1256,-0.1563
44841.6789,-0.3055,0.5285,-0.1333,-0.8245,-0.054,-0.4801
45413.41635,1.1241,0.0648,0.0598,-0.5176,1.8846,-4.1959
45427.89144,1.0379,-1.7453,0.8634,-0.5676,2.1188,0.0905
44387.14114,-0.2516,-0.2449,1.0435,-2.751,-0.69,0.4134
44706.9093,-0.2028,-0.1355,-0.4535,-0.8256,-0.2956,0.392
45320.58946,1.532,0.468,-0.4612,-0.9316,2.5746,-5.0523
45069.58236,-1.3686,-0.3671,0.3537,0.4935,0.2392,-1.5297
44461.48609,0.2094,0.0073,-0.1941,-0.3284,-0.2795,0.2067
45425.87097,-1.4852,-0.4168,0.0483,-4.3443,-2.0039,1.3908
44901.23822,-0.2384,-0.0895,0.3135,0.2075,0.2725,0.1269
44976.71969,0.1307,0.6606,0.4683,-0.4538,0.0628,0.0186
45549.90372,3.0306,2.8285,-2.1194,-1.5744,0.2547,3.8658
44641.86054,-0.6471,-0.4616,-0.2925,-0.1556,-0.1377,0.4272
45619.40364,0.0084,0.054,0.2397,0.3675,-0.6925,0.2718
44393.17331,0.7215,-0.287,-0.114,0.8615,-0.0303,0.1374
44822.92166,-0.0058,-0.0617,-0.0442,-0.2562,-0.0861,0.0969
44850.36391,-0.0547,0.1018,-0.3066,0.0431,0.0219,-0.6314
45174.50008,-1.1616,-0.5147,0.7028,1.466,-0.5616,-1.7826
45179.868,-0.5913,0.3424,0.1942,-1.6842,-1.2596,2.1057
45364.20085,0.7066,-1.8191,0.826,0.5002,2.0737,1.328
44431.8393,0.5328,0.0166,-0.1013,0.6489,-0.0011,-0.1012
45147.29857,-1.5997,-0.7768,0.202,-2.1857,-1.6579,0.1501
44395.79735,-0.2292,0.008,-0.0182,0.4256,0.1835,-0.0616
44644.33345,-0.028,0.8999,0.2546,-0.5282,0.2532,-0.9576
44581.81722,-0.2179,1.3142,0.3686,0.8945,0.5224,-1.1838
45556.89993,0.7425,-1.7779,1.0593,0.4304,2.6533,0.93
45029.55417,0.1872,-0.216,-0.3283,0.2294,-1.3475,1.5705
44410.03352,0.0871,-0.2352,0.2322,-0.7717,-0.0006,-0.2891
44996.53255,0.4042,-0.1198,-0.1578,-0.3202,-0.2849,-0.156
44812.63834,0.4933,-0.2778,0.1498,0.0988,-0.1859,0.2463
44885.34561,0.0694,-0.1055,-0.0744,-0.3729,-0.2727,-0.0201
44908.17422,-0.0207,-0.0179,0.22,1.244,0.4987,0.2294
44685.0153,-1.0998,-0.1098,0.243,-0.9061,-0.0521,0.2792
45005.85095,-0.1049,0.5312,-0.0286,-0.734,-0.0522,-0.8212
45345.14193,0.8509,-1.5402,0.6986,0.0268,1.9366,1.0846
45345.11178,0.9145,-1.5999,0.5339,-0.1908,2.3519,-0.5544
45329.55095,0.9396,2.3714,-2.2112,-3.9737,0.5088,2.8315
44723.94791,-0.9091,0.2076,-0.3127,-0.1719,0.3601,0.4041
44399.92948,-0.0998,0.0477,0.5152,0.4076,-0.0519,0.188
44717.55465,0.2945,0.4729,-0.105,-1.1433,-0.7124,-0.6694
45388.86893,1.0202,-1.7756,0.9865,1.482,1.924,-0.1832
44792.67477,0.0281,0.1496,-0.0484,0.215,-0.2403,0.4728
44746.44479,0.1712,0.4109,-0.496,0.1188,-0.3378,-0.5527
44558.95784,0.0006,0.0148,0.1096,0.7562,0.0882,0.1755
45041.88829,-1.5175,-0.5674,0.5321,0.2837,-0.7894,-0.8724
45622.02728,0.2064,0.0369,-0.0058,-1.5507,-1.6916,0.9239
44830.0084,-1.1284,0.8589,-0.2519,-0.8561,-0.4423,-0.206
44720.05766,0.3357,0.4061,-0.9369,-0.6334,-0.0491,-0.7151
45475.68926,-1.5992,-0.0289,0.2441,1.1539,0.0278,-2.0364
44940.95403,0.9821,-1.0715,0.118,1.9468,0.1682,-0.8813
45304.74214,0.7699,-0.5828,0.9474,0.4461,-0.1001,5.0573
44564.29572,-0.7511,0.6505,-0.1798,-1.5053,-0.4533,-0.6508
45462.60146,-0.7042,0.7938,-0.8966,-2.7019,-0.8347,2.3685
44452.83043,0.1273,-0.012,0.1552,0.482,0.3703,0.2179
44484.91949,0.1699,-0.1836,0.3498,0.0847,-0.5088,0.3477
44575.7556,-0.9087,-1.1075,-1.3883,1.4372,0.7933,1.4651
44612.87932,-0.6762,0.1463,0.0285,-0.1829,0.0313,0.2327
45539.65067,-0.8086,0.6718,-0.451,-2.4775,-0.2631,2.0179
44929.58512,0.5848,0.0314,-0.2191,-0.1228,-0.1772,-0.1197
45096.06055,-1.822,-0.8542,0.2245,-1.5041,-1.5378,-0.7252
45436.33525,-2.1905,-0.6845,0.082,0.3339,-0.514,-0.896
44427.82803,-0.0584,0.0126,-0.124,0.07,-0.1989,-0.1452
45555.6032,-0.806,0.2264,0.0272,-3.7862,-0.4912,2.7344
45473.4577,0.8498,0.6496,-0.2549,-4.0559,1.0438,-4.3714
45177.66659,-1.0875,-0.0634,0.5885,0.8293,0.3149,-2.0838
45398.33808,1.1618,-0.2563,0.0508,-2.5532,2.1045,-3.6781
45281.73761,0.3667,1.8881,-0.5248,-4.2413,-0.609,1.8056
45490.55633,-0.2228,1.0608,-0.7175,-0.4326,-0.1001,1.9041
44528.22693,0.233,-0.3211,0.3322,-0.0428,0.2312,-0.0491
45175.25404,-1.3762,-0.7884,0.554,0.9498,-0.685,-1.4858
45248.05255,0.5871,-0.7459,0.8804,-0.577,-0.2247,4.1117
44727.80793,0.027,0.0393,0.2267,0.167,-0.1074,-0.0546
45194.79564,2.1051,2.1964,-1.5873,4.759,1.9989,5.6614
45471.64836,-2.4275,-0.6388,0.2213,0.3149,-0.3205,-0.578
45528.13099,0.4164,-1.3483,0.5155,-0.2371,1.0338,2.6305
44377.79165,0.118,-0.0651,0.0803,0.2195,0.0438,0.0248
44525.69363,-0.0429,0.0102,0.14,-0.1201,0.0611,0.0608
44558.68641,0.0427,0.0305,0.012,0.0226,0.0429,0.1239
45160.86918,-1.7181,-0.8952,0.4318,-2.6629,-3.12,1.1525
45318.89562,1.7957,1.8316,-0.807,0.5136,-1.0156,-5.5371
44590.23119,-0.7222,0.7089,0.2598,0.0038,-0.2691,-0.5106
45178.72205,1.9042,-0.8598,0.5426,-1.1825,2.6357,-1.5942
45460.43015,-1.2984,2.0569,-0.3964,1.0839,-0.9334,-3.4758
45562.08676,-2.136,-0.8906,0.1648,-1.0479,-1.7142,-0.5858
44811.16065,-0.9577,-0.2625,0.1522,0.7365,-0.1188,1.1279
45468.02958,0.526,-1.4258,0.9335,-0.462,1.7362,2.8548
44538.60131,-0.2757,0.0104,-0.1713,-1.0695,-0.2835,-0.3045
45455.03218,0.9135,-0.7338,0.5742,-1.1271,2.3919,-2.9158
44586.70276,-0.1925,-0.1061,0.7234,-0.1523,0.4055,-0.002
44968.81861,-0.0965,0.0753,0.1064,0.2518,0.0794,-0.2627
44550.2724,-0.0054,-0.0288,0.2008,0.4417,0.1144,-0.0141
45078.96117,-0.8627,2.5453,1.4182,5.2742,1.1994,-2.0694
45403.91704,1.2511,0.1774,-0.0747,-0.2403,3.3716,-2.948
45080.16745,1.0097,1.546,-1.1892,-4.439,-0.6244,1.6951
44829.01324,0.0884,-0.0795,0.7886,0.944,-0.2708,-0.3008
44983.08272,0.156,-0.2301,0.0921,-0.0472,0.4001,0.5778
45357.53626,-0.5785,3.8784,-1.4007,3.84,-2.1073,-5.141
44653.98376,-0.2415,-0.0277,-0.4078,0.0407,0.164,0.0243
44592.28187,0.3913,0.9724,0.2126,-0.2534,-0.3874,-0.192
45279.98852,1.1061,-0.7952,1.1103,-0.3905,0.3931,3.7336
44832.632,0.048,0.7356,-0.2839,0.7456,0.4471,-0.1749
44842.16139,0.028,0.1056,0.2299,-1.0069,0.1008,-0.5006
44956.06232,-0.308,0.0044,-0.1106,0.6634,0.222,-0.0012
44683.417,-0.3464,-0.3133,0.4264,0.8621,0.1118,-0.1034
44936.49091,0.0785,0.1658,0.1694,2.4255,-0.6161,-1.9989
45580.27091,0.7063,-1.3985,1.1292,0.321,2.4169,2.2276
44826.60076,0.3174,-0.1802,0.1964,-0.0499,-0.0054,0.0229
44591.73903,0.8845,0.0317,-0.8434,0.4833,-0.1424,-0.3133
45127.3044,2.4078,2.9639,-2.2009,-4.9534,-0.3797,2.7166
44843.03593,0.4077,-0.0281,0.0625,-1.7229,-0.1827,-0.4073
45135.05476,0.9389,-1.7263,1.3271,-1.0621,2.1812,1.7161
45257.76304,-0.0679,1.0532,-0.5315,-2.8871,0.6754,1.8747
45415.5876,-2.0392,-0.5603,-0.0497,-0.1464,-1.0356,-0.8064
44401.95029,0.1865,0.3446,0.0398,-0.2481,0.0717,-0.1082
45397.94605,-1.2492,0.0086,-0.4049,-1.7798,-2.1865,1.8152
44849.94169,0.0053,-0.3331,0.8858,0.362,0.3099,0.0097
44926.96157,0.0007,0.0659,0.1641,-0.0615,0.3789,-0.4342
45085.80679,-1.2275,-0.6308,-0.0659,-2.0951,-2.5269,1.5053
44682.63291,-0.5091,0.0973,-0.0086,1.7594,0.3632,0.0066
45553.37165,-1.8088,-0.9382,0.6221,0.5841,-0.6489,-2.0122
45024.27674,-0.5118,-0.211,0.0356,2.7213,1.074,0.5297
44440.19357,0.287,0.2196,-0.5016,0.3016,-0.1649,-0.4612
44469.3274,-0.1575,-0.4562,-0.5972,-0.0453,0.1064,-0.0586
44574.63977,-0.1909,-0.4178,0.109,1.8513,0.0647,1.519
45432.80694,0.6716,-1.1328,0.4801,-0.077,0.5796,5.051
44706.33629,-0.1815,-0.1281,0.5337,0.331,-0.3391,-0.5117
44996.71349,0.1431,0.0364,0.2992,-0.2894,-0.1526,-0.3304
44377.09797,0.0442,0.0414,-0.0285,-0.1715,-0.1044,-0.0581
44875.90646,1.4006,-1.0064,0.3832,1.5804,-1.5186,0.9507
45104.26376,1.1132,-1.6928,1.326,0.4877,2.3176,-0.5109
44661.64363,0.1153,-0.3653,0.0927,-1.2434,-1.0788,-0.2444
44981.42412,-0.5006,-1.2618,0.2617,-0.7658,0.5887,1.0008
44395.61638,0.1984,-0.2877,0.0054,-0.5776,-0.1179,-0.125
44736.31212,0.0665,0.5503,-0.9261,-1.246,-0.1918,-1.1523
45102.27328,-0.9474,-0.5794,0.2707,-2.3557,-2.2279,1.4163
45145.27803,1.3274,-1.6014,0.8878,0.4566,3.2072,-1.329
45476.38287,-1.8057,-0.9622,0.1614,-3.523,-2.1166,-0.1321
44447.82397,-0.5216,0.1476,-0.0198,-0.2463,-0.028,-0.0951
45377.19835,-0.9503,0.2327,-0.556,-1.4542,-1.2507,2.044
45418.63342,-0.8624,0.6214,-0.4287,-1.4667,-0.9129,1.8358
44742.6752,-0.4171,-0.8329,-0.2528,-0.2703,-0.2607,0.3608
44379.26947,0.2013,0.0552,0.3125,-4.0044,1.538,3.1322
44719.9069,-0.0356,0.1848,-0.0634,-0.7026,-0.0117,-0.5031
44639.14638,1.3876,-0.9147,-0.3511,2.7534,0.4318,0.7378
45059.78137,1.2048,-1.8198,1.2707,0.1923,1.9831,-0.2892
45302.81211,0.1278,3.6976,-0.7842,0.2725,-1.6971,-5.011
45535.3383,0.9234,-1.5836,0.9757,0.4402,2.0993,-1.1127
45350.05745,0.9546,2.1855,-1.9486,-4.3369,-0.1087,1.9686
44753.26019,-0.1656,-0.1253,0.1486,0.4294,0.4385,0.5605
44983.26366,-0.3176,-0.2934,-0.0225,-0.2346,-0.5008,0.1345
44720.02751,0.6621,-0.0961,-0.5797,0.1752,-0.2863,0.1901
45275.49519,-0.8698,-0.403,0.3063,-2.2902,-1.9253,1.7748
45261.71354,1.8562,2.0963,-1.6993,-2.7367,0.6,2.5193
45095.81928,1.4675,1.7008,-2.1642,4.9517,2.8661,4.8874
45049.64865,1.3425,0.6475,-0.0811,-0.7488,0.0158,-5.2241
44538.8124,-0.4301,0.3464,0.1995,0.3362,0.2354,-0.1545
45122.96173,0.197,4.4517,-1.393,2.2765,-1.7266,-4.8802
45237.88973,-0.1812,0.7696,-0.2695,-1.415,-0.3052,1.9752
44564.77822,-0.7123,0.6352,-0.432,-1.9529,-0.3904,0.6861
44703.98406,0.0193,-0.0635,0.2164,-0.5881,0.0144,0.1721
45029.07165,-0.3073,0.049,-0.0348,-4.3424,-0.4063,1.4198
44433.70921,0.2474,-0.1051,0.1846,-0.4273,-0.0862,-0.1909
44366.15006,-0.1195,0.3696,0.1648,0.166,-0.3104,0.0071
45234.08996,-1.6238,-0.8722,0.5226,-0.1798,-0.9961,-0.7644
44980.09724,0.4294,0.305,-0.1802,0.4954,-0.3419,-0.3725
45522.37114,0.9355,-0.6587,0.4498,-4.0949,0.6337,-3.0301
45225.19366,-0.4987,0.1433,0.1457,-3.1546,0.3354,2.7906
44657.15025,-0.5539,0.2715,0.3356,0.451,0.0687,0.4252
44458.16861,0.2687,-0.4858,-0.0113,0.6663,0.0857,0.6524
45220.84101,1.891,0.4088,0.1862,-2.9147,1.4233,-4.7671
45515.76693,-1.2243,2.6692,-0.3056,1.943,0.0023,-4.2902
45063.82242,2.6564,2.4112,-2.1986,-0.8051,1.0508,4.4076
45521.10458,-0.5032,1.1111,-1.021,-3.497,-0.1847,2.6985
45524.84395,1.0708,-1.4836,0.865,0.6005,3.4888,-0.7256
45178.11892,1.5803,2.0194,-0.7076,4.9981,1.7491,5.7872
44497.43529,-0.1698,0.149,-0.4588,0.1333,0.0241,-0.1755
45267.02115,1.8088,0.6398,-0.0037,-4.2552,-0.5786,-4.7186
44874.85094,-0.0033,0.0533,-0.0332,-0.8063,-0.2382,-0.7467
44848.22283,0.5725,-0.2778,0.3673,1.3693,0.639,-0.4154
45253.1189,-1.6578,-0.7991,0.428,-0.0138,-2.0051,0.715
44547.25665,-0.571,-0.4728,0.4584,0.7688,0.0329,0.6243
45370.0814,-1.2442,-0.095,-0.3348,-3.5522,-1.1619,2.5725
45406.69142,-0.9102,-0.0275,-0.1923,-1.7987,-1.2307,1.849
44704.76813,0.3902,0.264,-0.1626,-0.4275,-0.3716,-0.0434
45245.30829,-0.407,2.5669,-0.5498,1.4606,-0.4677,-3.7499
44561.34026,-0.42,0.2331,-0.0081,0.5263,0.4765,-0.5803
44763.57375,0.1125,-0.7769,-0.1237,1.6008,0.1521,0.5503
45440.07465,1.1295,1.7124,-1.5493,2.9901,3.21,5.4735
45473.66881,0.4651,-1.185,0.5965,-0.6193,0.6335,4.2079
45528.07066,0.6621,-1.3296,0.604,0.59,2.4754,-0.0754
45077.57395,1.6263,-0.0534,-0.1134,-1.7311,1.5743,-4.3709
44813.45258,-0.1798,0.15,-0.4477,-0.3708,-0.2694,-0.0437
45472.52287,-1.392,1.8223,0.0212,0.6564,-0.0194,-3.7904
44488.7496,0.1586,0.1213,0.2964,-0.0598,-0.1323,0.0295
44700.3049,-0.7373,0.171,-0.5485,0.507,-0.0488,0.3859
45279.65679,-1.1001,2.0714,0.6081,-2.4252,0.2382,-3.3667
45340.73906,-1.3067,-0.178,-0.2756,-2.0184,-1.87,1.9392
44890.68337,-0.8866,-0.3404,-0.2744,-1.4561,0.054,-0.202
44565.9242,0.0008,-0.0145,0.382,2.244,-1.0761,-1.394
44764.68955,0.3041,-0.6559,0.3524,0.7384,0.2407,0.0396
45162.64846,1.0991,3.6819,-1.0129,1.9957,-1.848,-5.565
45416.55262,0.1919,3.7174,-1.3114,4.7156,-0.9295,-5.7461
45575.50625,1.4738,2.345,-0.4706,2.2171,1.6541,5.9946
44578.0174,-0.2275,-0.0768,-0.1193,1.3724,0.1873,0.2476
44560.16413,0.3771,-0.6893,0.9199,-0.5218,-0.0645,-1.7066
44933.62608,-0.0782,-0.5151,0.1026,-0.0637,0.1667,0.3397
44705.34113,0.2365,-0.1462,-0.1989,-0.4287,-0.3692,-0.4167
44947.07577,-0.056,0.0161,0.0027,-0.0687,0.0146,-0.2519
45538.68564,0.7044,-0.7545,0.5447,0.3287,1.4485,4.3221
44837.06498,-0.2285,-0.2626,-0.1818,0.8471,0.0999,0.2569
45382.80744,-1.4575,-0.35,-0.2758,-2.0997,-2.443,1.7412
44636.85446,0.2693,0.1211,0.0486,-0.5492,0.1401,-0.7863
45589.13679,0.789,-1.4193,1.016,-1.4668,0.6862,0.6295
45226.52059,1.0343,-1.0551,1.0786,-1.0029,1.7241,1.671
45326.43984,-0.4423,1.165,-1.5145,-2.9747,-0.5756,2.3134
44764.96096,0.0857,0.0244,0.2226,0.7624,0.21,0.6352
44998.64353,0.2196,0.1845,-0.0541,-0.0643,-0.4182,-0.208
45342.06595,0.6712,-1.291,0.4564,-0.1585,1.3519,3.6106
45551.20043,1.3666,0.3469,0.4109,-2.7109,0.6919,-4.4579
44731.15532,-0.336,-0.0436,-0.0254,0.1573,0.3269,0.5123
44523.97463,-0.2671,0.0951,-0.2063,0.6719,-0.304,0.6131
44656.39629,0.1461,0.1958,-0.5228,-0.2785,-0.2669,-0.4895
44812.30661,-0.0548,-0.1664,0.663,0.0964,0.1968,-0.6353
44691.43875,0.0414,-0.4438,-0.5121,0.3045,0.0694,0.5854
44826.32934,-0.2315,-0.1992,0.0573,0.3569,0.063,0.04
45129.32494,1.9144,1.2071,-0.5025,0.279,-1.1409,-5.4785
44411.23995,0.0448,-0.3073,0.1815,0.0346,-0.1235,0.1164
44502.29081,-0.1778,0.1276,-0.8141,1.6185,-0.22,0.4749
45183.96935,-1.971,-0.6263,0.6738,-1.5124,-1.5648,0.1131
44693.61004,-0.5452,0.3294,-0.0519,0.2761,0.1969,-0.1131
45301.03285,-1.4492,-0.7509,0.4622,0.4163,-1.2127,-0.746
44843.81999,0.5634,-0.1915,-0.1852,1.266,0.4555,-0.0362
45352.34932,0.7682,-0.6966,0.2813,1.595,0.7729,4.8129
44620.69004,-0.203,0.1993,-0.0513,0.7712,0.0572,-0.0023
45102.93679,-0.0117,1.6218,-0.9416,-2.7036,-0.0298,1.9756
44882.26957,-0.2529,-0.6302,0.0993,0.269,0.0298,-0.0267
44591.70888,-0.0577,0.3818,0.5963,-0.862,0.2778,0.1181
45450.08653,-0.1264,3.5242,-1.2095,2.4766,-1.9478,-4.7052
45477.22723,-1.9263,-0.7263,0.1967,0.0785,-0.9395,-1.1294
44902.95715,0.1871,-0.2299,-0.6047,-0.0571,-0.2095,0.2064
45576.74265,-0.3982,3.2421,-0.8794,1.6532,-1.5189,-4.687
44570.77957,-0.187,0.327,0.2294,-0.0788,-0.3343,-0.4406
45093.37644,0.8339,-1.0932,0.6079,-0.7136,0.3957,3.5943
44654.55673,0.0689,-0.2323,0.0194,0.1559,0.1556,0.096
44826.51027,0.0916,0.3552,-0.0372,-0.4067,-0.2547,0.0152
44949.81999,0.9549,-0.2206,-0.2857,0.6258,-0.6028,0.7327
45180.74256,-1.2159,-0.6376,0.4125,-1.9395,-2.692,1.1641
45088.61145,0.9053,-1.5924,1.1162,-0.1169,1.919,1.126
44539.47588,0.1766,0.0481,0.143,-0.0741,-0.1873,0.1103
45577.40607,-1.995,-0.7179,0.4474,-0.5977,-1.2303,-0.5881
44560.79745,-0.387,0.1815,0.1804,0.9321,0.4782,0.016
44624.61051,0.3487,0.3691,0.2673,4.4883,0.786,1.5053
44788.3624,0.3018,-0.6039,0.2433,-1.3232,0.0101,-0.123
44926.53936,0.7955,0.1427,-0.5306,0.3673,-0.3748,-0.6339
44756.33618,0.3035,0.2631,0.2132,0.2093,-0.2308,-0.3282
45081.73562,0.8091,1.8433,-1.0499,-4.5076,-0.335,2.0833
45491.49114,-1.4421,-0.626,0.2421,-1.8407,-1.7963,0.6415
44891.79915,0.4259,-0.0131,-0.1417,0.3346,0.1453,-0.5948
44979.67503,0.1127,0.2636,-0.015,-0.4303,-0.4612,-0.227
45111.63245,0.8812,-1.9655,1.385,-11.5114,7.5186,-4.3818
45192.38309,1.5536,0.5656,0.3693,3.0509,-0.6725,4.9558
45233.09476,0.1093,1.437,-0.473,-1.6463,0.3644,1.982
45223.43951,1.0636,-0.4434,0.8144,0.6621,-0.3458,4.5894
45335.46166,-0.5841,3.6712,-1.3192,4.4676,-1.1805,-4.7418
44382.58702,-0.1111,-0.0593,0.0283,-0.0399,0.4305,0.0348
44758.71854,0.3052,0.3897,-0.5297,1.2623,-0.0396,-0.2805
44371.21688,0.1384,0.7659,-0.4004,0.6849,1.5207,1.2022
45361.78831,1.0483,-2.282,1.175,-0.104,2.7692,0.9152
44368.35173,-0.28,0.0591,-0.1508,0.3616,-0.2556,0.3083
44891.43727,2.0475,0.1232,0.114,0.3572,-0.0339,-0.4902
45477.10663,-1.3087,-0.1419,0.0152,-3.1575,-1.7336,1.9826
44576.47939,-0.6855,0.148,-0.3252,-0.3834,-0.1227,0.0933
44933.2039,0.334,0.3425,0.5892,1.8758,0.6223,-0.5197
44432.59331,0.0142,0.1738,0.378,-0.2551,-0.5232,0.3633
45065.5715,-1.4798,-1.026,0.2773,-1.1722,-1.4707,0.5196
44373.08675,0.1104,0.2756,0.4729,-1.2893,-0.0588,-0.0036
45320.34821,-1.1592,-0.7751,0.9508,0.6643,-1.6245,-1.1755
45381.39009,-1.4173,1.9463,-0.2799,-0.4411,-0.3139,-4.3513
45461.24441,-1.1069,3.0882,-1.2122,1.3795,-0.5077,-4.2808
44601.7513,0.0315,-0.3972,-1.2719,-0.0864,0.6696,1.2269
45492.57677,0.7803,0.928,-0.3064,-2.6038,0.0122,-4.6286
45122.29825,1.8578,-0.3167,0.2129,-4.4425,1.9362,-5.146
44555.42937,0.0231,-0.1075,-0.1347,0.056,-0.0699,0.0215
45322.82605,0.4602,1.8715,-1.008,1.7178,-0.4549,-5.5945
44797.83154,0.2492,-0.0614,-0.1195,-0.2176,0.2342,-0.0729
45168.86077,-1.6251,-0.8128,0.5774,1.0107,-0.5771,-1.5373
44783.92939,-0.5191,-0.2311,-0.0996,-1.0609,-0.1855,-0.2856
44693.09737,-0.5324,-0.1212,-0.1413,0.1753,0.2284,0.2153
44394.83221,0.4848,-0.3491,0.6386,0.1241,0,0.3003
44520.20486,-0.0754,-0.5482,-0.3369,1.4465,-0.1833,0.5284
44872.16696,-0.0708,-0.2324,-0.369,-1.5283,-0.0905,0.7316
44982.05742,-0.0825,0.7394,-0.1861,-0.2116,-0.5898,0.3371
44377.94244,0.0603,-0.0207,0.0421,-0.1305,0.4126,0.3971
44818.15696,0.2789,-0.4788,0.9666,1.463,0.2982,0.5255
45006.81596,-0.2584,0.0454,0.1709,-2.5556,-0.9661,-2.5245
45338.11546,0.7097,-1.4832,0.414,-0.3095,1.5732,3.5147
45557.14117,-0.107,1.0739,-0.9041,-3.0391,0.3269,1.7007
44773.70634,0.0336,-0.8739,-0.4739,-0.7918,-0.2286,-0.26
44686.31207,-0.3498,0.1635,-0.0006,0.2828,0.1514,0.4769
44963.4809,-0.3606,0.2647,-0.2401,-0.4949,-0.2238,0.2731
44426.98352,-0.7321,-0.3731,-0.5212,-0.6254,0.0327,0.0503
44471.5893,-0.3151,-0.1715,-0.5079,-0.5704,-0.2362,0.95
45428.10253,1.4118,2.1716,-2.2546,-2.6588,0.4864,2.3549
45286.41188,1.4113,0.5996,0.41,2.4853,0.1286,5.2018
45512.96239,1.3368,2.2185,-0.3573,4.2879,2.1243,6.4147
44432.53298,-0.142,-0.0849,-0.0861,0.1734,0.1444,0.2041
44670.72092,-0.3587,-0.3699,-0.2084,-0.1918,0.1854,0.1889
44726.11917,-0.2115,-0.1994,0.5002,0.8748,0.4733,0.1464
45481.17771,-2.1652,-0.7472,0.2649,-2.2863,-1.3852,-0.3411
45342.60878,0.8291,1.3616,-0.9859,-0.9134,-1.3834,-5.5963
44984.53024,0.2017,0.448,-0.0043,-0.6234,0.0652,0.596
44704.97922,0.1717,-0.2649,-0.0043,0.8822,-0.0227,-0.2883
44925.93625,-1.0831,-0.8279,-0.0777,-1.0517,-0.1508,0.7756
45207.55192,0.8369,-0.7436,0.858,-0.2006,1.0619,3.5645
45571.19394,0.977,0.8297,-0.0871,-1.3632,1.6328,-4.7786
45596.79643,-0.7252,0.6796,-0.1631,-3.4927,-1.0034,1.9469
45341.49298,-1.1376,0.4057,-0.5318,-1.6894,-1.4221,1.8039
45038.40513,0.4922,-0.4045,-0.1282,-2.1565,-2.0685,1.1845
45435.91307,0.7817,-1.7458,0.9879,-0.4689,1.9519,1.8766
45295.84589,0.7746,-0.8199,1.0911,-0.8396,1.1446,3.3023
45480.45397,-1.8346,-0.3372,0.3681,0.1267,-0.8418,-1.4131
44663.45307,0.0651,0.0565,-0.0567,0.1226,-0.5369,0.3422
44553.55961,-0.0958,-0.1168,0.0569,-0.4533,-0.1713,0.0693
44910.73748,0.0218,0.2144,0.085,4.6101,-2.4595,-1.6173
45153.29981,1.1873,-1.3833,1.0081,0.6447,3.0569,-1.8433
45144.37333,1.5415,0.8589,0.0375,-1.4889,0.3366,-4.7317
45277.96799,-1.4862,-0.7744,0.5413,0.5523,-1.0024,-0.3314
44595.96106,-0.481,-0.094,0.2608,-1.9444,-0.281,-0.049
44448.27637,-0.1061,0.1658,0.0353,-0.4479,0.0052,-0.6235
45163.40237,-0.3944,2.4777,-0.3653,-0.0543,-0.1754,-3.9091
45238.82458,-1.3987,-1.0827,0.2705,-2.8937,-1.4024,-0.6896
45251.39996,-0.2146,1.0317,-0.2052,-1.7656,-0.2955,2.2165
44628.62146,-0.5351,-2.107,-0.6013,0.2944,0.3817,0.5354
45444.68856,1.13,-1.5469,0.9605,0.1132,1.6738,-1.1249
45332.3857,1.494,0.2379,-0.3745,-2.9965,-0.3557,-4.7634
44505.39716,0.294,0.1826,-0.4845,-0.3604,-0.2335,-0.6091
44459.04322,0.0074,0.3487,0.1014,0.2436,0.0959,0.0455
45601.04845,-1.4,-0.6949,0.3798,2.3709,-0.2384,-1.2378
44467.57819,-0.1511,0.2276,0.1408,-0.4576,-0.0613,-0.0742
45617.04132,-0.0519,0.5228,-0.0718,-1.096,0.7451,2.0048
45294.39836,1.2286,2.3024,-0.8452,-4.7139,-0.9363,1.8967
44919.6336,0.2397,-0.4832,0.5224,0.3253,0.2651,0.035
45194.67501,0.8385,-1.2518,1.0805,0.012,0.5052,2.6226
45565.73568,0.6765,-1.433,0.9646,-0.3826,1.3357,1.6411
45570.10829,-1.5531,-0.8845,0.455,-2.7694,-1.939,0.5975
45091.14474,0.9832,1.688,-1.2636,-3.521,0.2562,1.4537
45475.65911,-1.6656,-0.4562,0.1474,1.0446,-0.4554,-1.0604
44622.017,-0.0858,-0.185,-0.0318,-0.426,-0.2474,-0.0906
45574.11904,-1.1733,-0.4635,0.3311,-3.3761,-1.9513,2.1111
44536.70135,-0.3836,0.1687,-0.0741,0.2317,0.2165,0.2079
45058.30369,0.7748,-1.3395,0.5194,-1.0333,1.1539,3.6583
44414.58777,-0.1726,0.0635,0.0849,0.7483,0.5106,0.3081
45278.26957,1.3363,-0.598,0.7784,-0.3325,1.9448,-2.2464
44761.55328,-0.4149,0.106,-0.247,-0.654,-0.1371,-0.1457
45287.89457,0.5231,0.7697,-0.1467,0.0974,0.1051,0.333
44879.49512,-0.1226,0.594,-0.1962,-0.0063,0.0681,-0.307
45330.06361,0.9766,-0.4914,-0.1223,-0.5029,1.7155,-2.9939
45382.41542,1.1026,-1.4221,0.7128,-0.2036,1.6904,-1.3112
45454.85124,-1.1612,2.8345,-0.9544,1.9748,-0.1596,-4.3737
45038.97813,0.1615,0.2621,-0.3148,1.7189,-0.4696,-1.6704
44997.88961,-0.3434,-0.1655,0.3662,0.3947,0.67,0.7879
45468.21052,0.3105,1.5024,-1.4014,-4.4829,0.1769,2.4978
44435.33783,-1.0331,1.4767,-0.3211,2.4343,0.5121,0.8172
45019.18019,1.336,-0.2948,-0.0594,-0.3349,3.8965,3.4893
45145.7304,-1.9678,-0.8368,0.2146,-2.1989,-1.2824,0.2299
44431.26622,0.5406,0.0419,-0.0095,-0.0753,-0.1908,-0.3036
45271.21293,0.785,-1.1205,1.282,-0.4394,1.6196,2.0528
45399.90623,1.3063,1.1056,-0.7929,1.336,-0.6833,-5.1806
44567.37179,-0.2848,0.509,-0.0321,7.8826,1.3517,0.07
45602.16423,0.793,-1.7592,1.1835,1.6189,2.8325,1.0955
44821.68525,0.8088,0.0888,0.6598,-0.9534,-0.4345,-0.3419
45225.40476,-0.998,0.2585,0.5635,-0.5175,-1.2162,-2.496
45357.83783,0.6525,-1.449,0.4909,-0.8602,1.1148,3.9545
44642.07166,0.2883,0.2152,-0.2649,0.8542,-0.6331,-0.3453
45185.77875,1.2473,1.7457,-0.5555,0.1892,-0.7916,-5.5926
44845.26749,-0.3567,-0.0227,-0.0247,-0.0338,-0.0045,0.3695
45619.76554,-0.0038,-0.0957,-0.024,-0.0248,-0.4884,0.3744
45625.94768,0.0595,0.097,0.0226,0.4181,-0.1036,-0.1644
44672.01768,-0.0463,1.0411,-0.3984,-0.6529,0.3797,-1.7708
45601.22939,1.3268,1.08,-0.0003,-0.7354,-0.1564,-4.3793
44761.43264,0.1754,-0.0135,0.2988,0.1607,0.1893,-0.1861
45550.62746,0.6263,-0.8564,0.6144,0.6142,0.6926,4.9041
44516.73668,-0.256,-0.1949,-0.004,-0.3181,-0.2713,0.0794
44694.45445,1.4959,-0.1397,0.2649,-0.4278,-0.4846,0.2606
45223.28873,1.2516,-0.9003,0.9732,-0.3105,2.7904,-1.3759
45377.04756,1.7549,2.5455,-1.1493,3.9262,2.195,5.3377
45045.63778,-1.9188,-0.6864,0.1789,-1.4534,-2.2756,0.3304
44870.6591,-0.0925,0.0514,-0.031,0.4218,-0.3576,-0.3545
45033.73589,-0.5193,-0.2657,0.2883,-2.3271,-0.8949,2.8338
44421.6151,-0.2846,0.0418,0.054,-0.3988,-0.0946,0.0903
45624.59062,0.1759,-0.026,0.0085,1.3077,-0.2483,-0.5718
44769.18286,-0.1433,0.2706,-0.0357,0.0081,0.0141,-0.2304
45435.24961,1.9141,1.2651,-2.0963,2.3831,2.8967,4.8126
44619.6044,-0.129,1.0935,0.5828,-0.6771,0.1649,-0.8975
44722.59083,-0.3171,0.3308,-0.9953,-1.0394,-0.37,-0.1779
45121.06179,0.4792,1.6718,-1.6526,-7.6768,-0.2438,3.3623
45622.99233,0.3428,-0.3489,-0.233,1.1389,0.1261,-0.5276
44673.1938,-0.3828,-0.4829,-0.0959,-0.3494,-0.4451,-0.6343
44931.51515,0.0326,0.3106,-0.53,0.5091,-0.383,0.6968
45610.90952,-0.5525,3.1203,-1.2761,1.2674,-1.958,-4.3806
45611.54279,-1.32,-0.2604,-0.063,-3.3449,-1.6368,0.7028
44936.46076,-0.0349,0.1504,0.2518,2.8963,-0.867,-2.3542
44916.67828,-0.1172,0.2558,-0.1116,0.0058,-0.0467,-0.0693
44506.06064,0.149,0.0341,0.3769,0.1118,-0.0052,0.2264
45596.01237,-1.2643,-0.0306,0.2888,-1.0549,-1.0761,1.9998
44532.84114,0.4436,-0.3163,-0.1543,1.1694,0.2783,0.3764
44677.3856,-0.1793,0.1128,0.9616,0.0142,0.3568,0.2942
45399.12216,1.0389,0.4095,-0.3444,-0.8059,0.3724,-4.1712
45518.20958,-0.3627,3.7555,-0.8893,3.2166,-1.3417,-5.827
45321.28807,-0.7311,2.5316,0.7775,-1.0875,0.491,-3.1385
44508.6844,-0.2309,0.1226,0.338,-0.072,0.0277,0.2285
45405.21376,-2.219,-0.7045,-0.2788,-1.1635,-1.145,-0.3197
44563.42114,-0.1867,0.1109,0.2669,0.5616,0.2428,0.0298
45122.66016,-0.4383,0.959,-0.4093,-3.2545,-0.4564,2.2787
45246.27331,1.521,-0.099,0.5392,-5.4867,1.9217,-4.1368
44938.27016,0.0227,0.0909,-0.1414,0.554,-0.0825,-0.3898
44659.74373,-0.0447,0.0005,-0.2863,-0.4616,-0.231,0.6967
44888.75332,0.7,-0.3141,-0.0092,1.6768,-0.2462,1.4886
45369.74968,0.8624,-1.9946,0.5405,1.1291,2.1978,0.0066
45383.8931,1.0565,1.2558,-0.7937,0.6847,-0.5828,-5.0428
44531.15226,-0.2448,0.2161,-0.3371,0.9712,0.3833,-0.6905
44814.44774,0.5696,-0.2361,0.3024,0.0544,0.0216,-0.4335
45148.86672,-1.4185,-0.4378,0.2387,-4.3565,-1.7902,1.7196
45566.12771,-2.0153,-0.5659,0.2256,0.4577,-1.4943,-0.0154
45302.028,1.6713,2.8037,-1.2698,2.9591,-1.4855,-5.8509
44458.04798,0.5865,-0.667,-0.3711,0.0158,-0.0655,-0.2673
44783.1755,-0.2446,-0.2021,0.0201,-0.4431,-0.1137,0.3777
44430.15033,-0.0875,-0.1064,0.3102,0.4439,0.3427,0.7172
44906.39495,-0.4738,-0.6571,0.0678,0.1866,0.5565,-0.163
45395.65413,-1.892,-0.7123,0.0629,-2.029,-1.6698,0.5513
45605.90357,-1.3516,1.3277,0.4202,-1.3642,-0.5097,-4.1079
45260.47714,-0.3098,2.7466,-0.7267,2.7848,-0.3297,-4.5986
45210.53745,1.587,0.3243,0.3354,-4.8802,1.6113,-4.4816
45450.14683,1.2474,1.4423,-0.7399,1.2192,-1.7526,-5.2348
44559.22923,0.1483,-0.102,0.1363,-0.6639,0.0066,0.4543
44551.68983,0.1443,0.037,0.0614,-0.1347,0.0471,-0.0795
44453.52409,0.4298,-0.3179,0.1851,0.1608,-0.1825,-0.1214
44555.00716,0.0918,0.1342,-0.2928,-0.6903,-0.3182,-0.5043
44873.82561,0.2988,0.5184,-0.029,0.0755,0.2259,-0.3239
45153.5712,0.2527,1.4118,-0.8314,-4.357,-0.1536,1.8271
45173.89695,1.5134,0.0121,0.5931,-4.6104,0.8154,-3.9877
45210.08509,0.0277,1.4381,-0.7557,-2.9341,-0.1435,2.03
45479.00647,1.3716,1.8211,-0.9707,2.8248,-1.4223,-4.7981
45148.74612,0.0906,1.3066,-0.7056,0.2573,-0.2808,2.4203
45497.64302,0.5104,-1.0247,0.4909,-0.4879,0.2345,4.2029
45502.07599,-1.2952,0.6177,0.0242,2.2508,0.7995,-3.7609
44582.1188,-0.7249,-0.3665,0.2022,0.3877,0.6735,-0.3843
45527.22628,1.1,-1.2845,0.3539,0.3552,3.8369,-0.195
44983.17321,-0.1855,-0.0173,-0.0757,-0.1166,-0.4001,0.6541
45061.13843,0.3129,3.8779,-0.805,3.6536,-0.9461,-3.7122
44624.03754,0.1017,0.0021,-0.0052,0.139,0.2868,-0.0303
45035.92225,0.2612,0.0974,0.0127,0.5779,-0.063,-1.9351
45624.34938,0.135,-0.0294,-0.1031,2.3217,-0.0709,-0.3318
45434.79728,-1.5216,0.4889,0.0513,-0.705,-0.2691,-2.825
45172.6907,-0.5289,0.3815,-0.0485,-2.0656,-0.7035,2.2762
44607.42084,0.026,-0.0761,0.4486,-0.1224,0.2943,-0.1846
45307.66734,2.1078,1.6521,0.2505,-3.6503,1.8573,-4.9478
44473.21787,-0.3679,-0.3353,0.2141,-0.538,-0.0348,0.0029
44626.29935,0.1389,-0.071,0.1174,0.0787,-0.1848,-0.067
45124.83149,0.7089,-0.9832,0.9281,-0.4325,1.6103,4.4882
44764.11655,0.1257,-0.3744,-0.2045,-0.2614,0.0394,-0.6445
44537.03311,-0.5424,0.0534,-0.0074,-0.3223,0.0243,-0.0563
44494.84164,0.0663,-0.2508,0.3103,0.7333,0.222,-0.8311
44914.77843,0.2138,0.3113,0.1941,-0.329,-0.0874,-0.3086
44815.47303,0.1837,-0.3494,0.27,0.1226,-0.0193,-0.2701
44594.84525,-0.0988,-0.4156,-0.3041,2.3172,0.1642,-0.0091
44735.58836,-0.0669,0.1385,-0.2598,0.3802,-0.0768,0.1855
45220.2379,0.7109,-0.8681,0.9103,-1.1335,0.8831,4.3129
45483.92196,0.8246,-1.4099,0.3766,-0.9249,3.6559,-1.0002
44357.07206,-0.0064,-0.0078,0.0151,-0.0889,0.0025,0.039
44748.49545,0.1924,0.1581,0.2452,0.7988,-0.0493,-0.2544
44685.76922,0.5411,-1.9913,0.7451,-0.0217,-0.9994,2.2723
45536.06207,1.0401,0.3551,0.1006,-1.476,1.0623,-4.5038
44791.49868,-0.1818,0.5103,-0.036,-0.5331,-0.1048,-0.4341
44657.84384,-0.2682,0.1019,0.4156,0.8149,0.3538,0.1722
45436.81774,0.9815,-0.0676,0.5158,1.6072,2.6221,5.0759
44410.00337,0.2925,0.2433,0.051,-0.0158,0.2059,-0.2396
44605.58128,0.2789,0.5567,0.1599,-0.0044,-0.226,-0.5627
44814.29695,-0.1628,-0.1062,0.2667,-0.0104,0.0425,-0.1532
44831.96855,-0.7799,-0.3142,-0.608,-0.592,-0.3043,-0.1084
44411.51139,-0.4328,0.1536,0.144,-0.3763,-0.1211,0.2207
44815.0207,-0.0416,0.2482,0.0188,-1.0229,-0.8466,-0.1558
44465.91945,0.2602,0.1836,0.1611,-0.505,-0.1653,-0.1489
44713.03111,-0.2841,0.8593,-0.1916,-1.0707,0.079,-0.3778
44920.11609,-0.6473,0.1541,0.4016,-0.65,-0.0204,0.2958
45118.42297,3.4018,2.2945,1.2145,21.454,8.3993,2.906
45256.85833,2.1852,2.5635,-1.7384,4.9042,3.7522,5.6127
45216.22199,1.6527,0.4529,1.1976,3.1045,4.521,0.6832
45383.25981,0.8531,-1.9664,0.7051,0.0101,1.6707,0.2569
44472.37342,0.1779,-0.4823,0.1542,0.9825,0.3536,-0.0661
45437.60182,0.7888,-0.9142,0.6655,0.0826,1.6623,4.8026
44717.5245,0.1723,-0.1252,0.5895,-0.1633,-0.4669,0.2995
44434.97593,-0.1388,-0.0409,-0.0144,-0.6769,-0.0933,-0.2416
44939.95889,-0.2198,-0.5428,-0.0034,-0.4618,-0.0347,0.5516
45223.49985,1.626,1.8229,-1.56,-1.0785,0.9822,4.4698
45311.5575,-0.7787,2.3977,0.053,-0.1371,-0.8087,-3.3705
44361.11342,0.4134,0.0953,0.1854,0.957,0.6497,0.1008
45065.93338,1.4144,-1.5874,0.6718,-0.0652,2.679,-2.1711
45317.29232,-0.4932,-0.1604,-1.0253,-0.583,-0.4599,-0.9791
45371.04641,-1.7607,-0.5325,0.1712,2.1653,-0.3657,-2.0476
45499.0302,0.9018,0.1505,0.1197,-3.3836,2.3603,-3.4848
45576.23,0.743,-1.1287,0.9795,0.5435,1.7175,2.5382
44908.68685,0.1639,0.1689,-0.0478,-0.3089,0.1067,-0.4494
45165.66414,-1.7998,-0.8731,0.3218,-1.1542,-1.1575,-0.0363
45113.80882,0.9679,-1.3122,1.1811,-1.0034,1.9305,2.9689
45194.64486,1.1158,-1.5442,1.1631,0.244,1.2394,1.0594
45231.85833,0.979,3.449,-0.6982,3.0688,-0.7816,-5.2797
45026.96066,-0.4478,-0.0745,-0.7208,1.3411,0.0931,1.7785
45545.95328,1.6743,1.3296,-1.403,0.2602,2.5987,5.705
45104.41455,1.9052,2.11,-0.9409,4.597,2.3673,5.8223
44385.48231,-0.116,-0.0567,0.0425,-0.0443,0.5536,0.1651
45151.79194,0.7608,-1.2382,1.1137,-0.9095,1.248,2.7179
44423.75645,0.191,0.095,-0.5155,0.6047,-0.5145,0.0414
44901.87149,0.2159,-0.4142,-0.1359,0.5184,0.1651,0.1682
45155.89329,2.1195,2.2555,-1.8471,-3.1013,0.0459,2.9329
44516.22399,-0.4272,0.1727,-0.1589,-1.0891,-0.1028,-0.1481
45170.0972,0.9386,-0.6059,0.6304,0.734,-0.2368,4.0331
44824.70091,-0.2612,-0.3527,0.2229,0.6578,0.408,0.1552
45239.69911,-0.9742,-0.6637,0.5558,1.7727,-0.3612,-1.2855
45251.30948,2.407,2.8094,-1.7982,0.0195,1.0279,4.1946
45308.96404,-0.7545,-0.4564,0.3739,-2.084,-2.3932,1.7919
44723.37489,0.296,-0.1741,0.623,-1.6999,0.2181,-0.7926
44570.4177,-0.1797,0.8027,-0.2653,0.46,-0.1557,0.1219
44918.54797,1.4736,-0.3112,-1.3256,1.0974,0.1407,1.6983
45051.42792,1.316,1.6,-0.1145,1.5865,0.7401,4.619
45592.0921,-1.3771,-0.8854,0.0598,0.7484,-1.6761,0.6286
44553.89134,0.1817,-0.0646,0.23,-0.2628,-0.0733,-0.0356
44841.82966,0.249,-0.2461,0.2219,1.1118,-0.0261,0.8895
44427.79788,-0.2673,-0.0703,0.1336,-0.3085,-0.0071,-0.295
44692.67517,2.0233,-0.1538,-0.0431,0.5841,-0.5429,0.1117
45189.36742,-0.3457,0.951,-0.4358,-1.5436,-0.4103,2.1304
45323.70057,1.4395,0.4862,-0.5614,-4.7482,-0.2087,-5.0715
44999.63869,0.0329,0.0482,-0.1812,-0.8627,0.1978,-0.7467
45071.54258,1.9808,2.1761,-0.3104,4.6214,1.4293,5.4805
45206.88848,0.6438,1.7958,-0.7835,-4.5482,-0.4747,2.2405
45414.01946,-1.4194,-0.4684,-0.0546,1.9388,-0.9458,-1.6854
45526.35177,1.0131,0.0903,0.0966,-3.627,2.1127,-4.0014
45208.4868,0.5402,1.6891,-0.8367,-5.1872,-0.1577,2.4046
44887.93908,0.0884,0.171,-0.2169,0.0966,-0.1834,0.1929
44836.22058,0.0513,0.0609,-0.0047,0.753,0.3837,0.0407
44497.67657,-0.0607,-0.0778,0.175,0.6859,-0.0469,0.6536
44518.87788,0.5108,0.151,-0.2318,-0.8649,-0.1116,-0.9351
44888.69299,-0.35,-0.3344,0.3274,0.3692,-0.1306,1.2525
45250.28416,1.5051,-0.908,0.741,-1.5493,2.7621,-1.214
45423.48862,-1.4343,-0.4292,-0.2108,-4.2528,-1.396,1.9569
45013.23935,-0.5296,-0.1643,0.1153,1.4389,0.4999,-0.7608
45617.25748,-0.1635,1.1075,0.1037,0.3757,0.4332,0.4428
44779.79796,-0.2105,-0.3066,-0.2047,-0.3701,0.0357,-0.3173
44974.4278,-0.0902,-0.1194,0.191,-0.5207,-0.4971,-0.0562
44454.79078,-0.3094,-0.8998,0.3213,-1.2206,0.185,-0.1087
45107.91292,-1.1221,0.2397,0.2536,0.7525,-0.1432,-2.0135
44587.42655,-0.4615,0.3036,0.1184,-0.3186,-0.0601,0.1077
44824.51997,-0.2554,0.6462,-0.3501,-0.3026,0.1123,-0.4921
45179.35534,0.3629,3.4337,-0.7524,2.5883,-1.9414,-5.4451
45273.20326,-1.5897,-0.7796,0.7431,0.0248,-1.5023,-0.4331
44441.73173,0.0801,0.2995,-0.0143,-0.6616,-0.2912,-0.0334
45142.775,1.4199,1.3013,-0.3052,-0.2124,-0.9309,-5.3877
45183.63763,0.6289,-0.8321,0.8418,-0.8078,0.1699,3.7004
45313.54786,1.3511,-0.1744,0.7191,2.6978,0.5703,5.6139
44820.11713,0.1007,-0.6113,0.5292,-0.602,-0.1172,-0.2846
45360.7027,-1.2892,2.9261,-0.7657,1.0956,-0.687,-3.7691
44511.0669,-0.5001,0.4246,-0.04,1.5312,-0.0237,0.4013
44540.19969,-0.0959,0.3085,-0.1346,0.6039,0.4734,0.0124
44663.18165,0.0317,0.0888,-0.0212,0.0543,-0.6481,0.7434
45384.28513,-0.2475,1.373,-1.6599,-2.2245,0.5649,1.6266
45407.59613,-2.2975,-0.8827,0.015,-1.6058,-2.0353,-0.5622
45248.95726,1.1318,1.9951,-0.9785,-3.9474,-0.4349,1.7559
44570.38755,-0.4336,-0.1754,-0.2887,-0.8841,-0.1727,0.2655
44358.58001,0.0026,0.1744,0.2523,-2.0909,0.3086,0.7372
45330.2144,0.6112,-1.299,0.7544,-0.2351,1.3497,3.0105
44865.05001,0.1102,-0.0622,0.1184,-0.1205,-0.0789,-0.1243
45338.23606,2.5409,3.0627,-2.5961,-3.1781,0.4605,3.276
44540.41081,0.3156,0.1785,0.0707,-0.8322,-0.2085,-0.0138
44769.24316,-0.0532,0.7105,-0.2541,-0.7675,-0.0971,-0.7959
44494.75119,-0.6529,0.5361,0.0841,1.5185,1.1131,-0.3057
44933.35468,-0.0538,-0.21,0.6435,-0.0406,0.4761,-0.2826
45534.13207,-2.062,-0.5817,0.2976,-0.9342,-1.9385,0.4918
45579.30591,1.3228,0.3779,0.0138,-1.2148,1.3575,-4.2724
45073.65356,1.9125,-0.2287,0.5633,-2.9952,1.9968,-4.8582
44522.34609,0.3448,-0.5724,0.2245,0.9944,-0.098,0.7188
44441.79207,-0.1974,-0.0883,0.1323,-0.3193,-0.0329,0.0631
44547.67884,0.3914,0.2237,0.099,-1.0085,-0.142,-0.7505
44791.55898,-0.7269,0.3572,-0.5011,-0.7353,0.0108,-0.4881
45490.9785,1.183,0.6804,-0.0275,-1.4695,1.1203,-4.3911
45430.87694,-0.4696,3.6385,-1.6232,1.881,-1.9392,-5.0995
44997.55789,-0.0986,0.261,-0.0185,-0.2019,-0.851,-0.2435
45242.05136,-1.3977,-0.8895,0.4334,0.4071,-0.2301,-1.4061
45556.83963,1.1788,-0.8726,0.6822,-1.2155,2.7323,-0.6716
44608.05417,-0.6628,-0.1061,-0.0657,-0.8667,-0.9898,-0.7331
45557.50305,1.1137,2.5853,-1.0881,3.4156,-2.4474,-5.2692
44645.81116,-0.0179,0.0279,0.0382,-0.0234,0.0783,0.2845
44435.15687,-0.3913,-0.1863,1.2137,-0.1487,-0.6255,0.0845
45565.61503,1.0367,-0.4964,0.6617,-3.5888,1.8415,-2.7135
45108.30499,0.762,-0.6098,0.6774,-0.0158,0.3233,4.1936
45514.16863,-1.0972,2.9857,-0.5252,2.2355,0.003,-4.1144
44595.74997,-0.5592,1.0041,-0.0005,2.0314,0.4858,-1.6468
44772.62072,0.1878,-0.3782,-0.1049,0.7287,0.0657,0.0234
44547.76929,0.2834,0.4866,0.2893,-1.578,0.7756,-0.5262
45394.74948,-1.1242,-0.0636,-0.4543,-2.6596,-1.212,2.0663
45503.40287,-0.1958,1.5021,-0.9692,-0.321,-0.0564,1.0062
44992.85345,0.449,-0.0862,-0.1869,0.0001,0.6903,0.9202
45176.82218,-1.7563,-0.8947,0.4587,-0.0335,-0.8673,-1.4691
45293.07147,-1.2234,-0.7456,0.7003,0.9163,-0.9379,-1.6578
44524.66827,0.1566,-0.1185,-0.393,-1.0263,-0.2422,-0.2667
44988.78232,-0.0982,0.0064,0.0955,-0.5343,-0.3903,-0.0491
45258.36616,0.9833,-0.9634,1.1105,-0.5316,1.8789,3.1499
44756.84883,0.4685,-1.0316,2.9547,-2.468,0.5185,-1.2566
44983.20336,-0.0492,-0.1595,0.0325,-0.533,-0.4784,0.0305
44467.27657,-0.053,-0.1628,0.0482,-0.0901,0.0563,0.1282
44694.93698,1.0098,0.0569,-0.4347,-0.251,-0.3781,0.1707
45159.84384,2.3828,2.1427,-1.2517,1.4851,2.8837,5.5055
45034.45965,-0.3298,0.4975,-0.5174,-1.5786,-0.3654,2.9788
45402.01719,-1.4041,-0.5427,-0.3109,-2.2341,-1.6926,1.7477
44544.36148,-0.0214,-0.0562,-0.3207,-0.3698,-0.2337,0.4048
44578.34913,1.5726,0.161,-1.0784,0.5067,-0.7023,-0.4554
44816.22694,0.139,0.0298,0.7839,0.0788,-0.1588,-0.13
45541.1886,1.0587,1.987,-1.6309,-3.4865,0.223,2.7369
45627.72693,0.0148,0.0088,0.0049,-0.0063,-0.0054,-0.007
44942.13014,0.4215,0.0144,-0.1706,0.2993,0.1259,-0.226
44483.14013,-0.2054,0.0337,0.0942,-0.3658,0.1743,0.0838
45079.89605,1.1498,-0.9597,0.4706,-2.1111,2.4368,-2.3563
45562.50897,0.645,-1.4419,1.0667,0.0285,2.0416,1.5218
44711.04079,0.1068,0.1976,0.1856,-0.3759,-0.1186,0.1008
44998.37211,-0.0766,-0.1671,0.1983,0.0519,0.5725,0.2733
44674.8826,0.1533,-0.148,-0.3983,1.7774,0.2955,0.22
45026.93051,-0.1921,0.0156,-0.2067,1.4304,0.7349,1.5577
44963.63169,-0.1283,0.1819,-0.4991,0.0388,0.0618,0.1465
44617.9156,1.6334,0.2014,-0.5026,1.1958,-0.4695,0.8692
44746.26385,0.3542,-0.1944,0.2092,1.0895,0.1099,0.6926
45323.54978,-1.5575,1.0524,-0.4453,0.0364,-1.0084,-2.3343
44520.83817,0.7009,0.3315,-0.135,0.3497,-0.1725,-0.335
45623.86687,0.244,0.0287,0.001,1.7237,0.429,-0.0625
45378.97758,-1.2445,-0.8157,0.0468,-0.3834,-0.059,-3.0134
44592.61362,0.7409,0.5018,0.482,2.2288,-0.199,0.3891
45453.25299,-1.5199,0.4314,0.0956,-1.0323,0.2029,-3.0625
45210.41681,-0.0949,3.8845,-0.8677,3.3653,-0.318,-4.0244
45110.26529,2.8483,1.7211,-0.6845,-4.6248,-1.8199,5.0465
45287.92473,0.5646,0.6425,-0.3341,0.4153,0.3079,0.9585
45051.88028,0.445,2.26,0.4323,-1.7055,-0.0287,-5.7273
44770.08757,-0.1363,1.0794,-0.4328,-1.6297,-0.1338,-1.4219
44510.73517,-1.2504,-0.2057,-0.1845,-0.9141,-0.3693,-0.0183
44460.00829,-0.6993,-0.0398,0.0556,-0.83,0.1827,-0.2055
44534.34899,-0.0474,-0.2,0.0043,0.695,-0.0834,0.664
44623.67563,-0.1206,0.0598,0.1745,1.9565,-1.2844,-1.5167
44749.97314,-0.0421,-0.4644,0.257,1.6415,0.2512,0.5554
44489.08135,0.1989,0.3711,0.0527,1.5287,0.0638,0.5934
44761.76437,0.3071,-0.1211,0.0624,-0.0317,0.0361,-0.1308
44612.33649,0.7216,-0.4502,-0.3845,1.6522,-0.2316,1.3935
44812.72882,0.2495,-0.0835,0.4721,-0.1303,-0.1276,0.3096
44612.81902,0.3631,0.0397,0.4468,0.5069,0.0663,-0.0646
44851.47969,0.0689,-0.3536,-0.4351,0.7215,-0.2218,0.2223
44870.9607,-0.0819,0.0339,-0.0999,0.1874,0.0171,-0.1542
45268.67973,1.4546,-0.1535,0.7458,-1.4342,2.4675,-3.3114
45322.10228,-0.2562,-0.0491,-0.3497,-3.9613,1.1802,-1.4119
45604.15454,-1.5169,-0.5135,0.5201,-2.6367,-1.2137,0.6459
44853.37954,0.2221,-0.1626,-0.0289,-0.3413,0.0804,-0.486
44770.4193,1.0838,-0.7451,-0.3034,-0.1867,-0.3934,1.0038
44808.77832,0.0448,0.1908,-0.2853,0.3643,-0.1525,0.1763
45343.30238,-1.798,2.6219,-0.7249,0.1682,0.0174,-4.3309
44361.44517,-0.3032,-0.725,-0.0402,-0.3285,-0.5016,-0.6186
44874.7303,1.0249,-1.0566,0.009,1.0074,-0.3628,0.8537
45312.85428,0.9345,2.0381,-0.5444,-2.5276,-0.2816,1.4445
45433.2593,-0.8222,3.2843,-0.9874,0.2038,-1.366,-4.477
45006.87626,-0.3455,-0.3795,0.2728,-3.8462,-0.0255,-2.3395
45278.87271,-0.5753,3.3624,0.2752,1.2169,0.5876,-5.0761
44837.81889,0.0593,-0.8004,0.3141,0.6037,-0.5957,-0.1764
44712.97081,-1.0453,0.537,-0.8469,-2.2557,-0.6079,-0.1513
45158.63758,-0.7367,3.1139,-0.7773,1.7049,-0.3118,-4.5806
44934.25934,-0.1497,-0.2065,0.3997,0.6049,0.1532,0.2816
45307.30543,-0.2292,0.8732,-0.144,0.2121,-0.8254,2.1028
44695.08777,-0.2791,0.2994,0.3973,0.1221,0.4696,0.9337
44835.34606,0.302,-0.3146,-0.3858,-1.0922,-0.5,0.4703
45081.37372,0.8117,1.517,-0.5018,-0.241,-0.0265,-5.8152
44442.09364,0.2239,0.0338,-0.0577,0.2734,0.143,-0.1498
45284.93421,0.4215,1.6258,-0.7294,-3.7351,0.2533,1.5314
45433.19897,-1.502,0.0126,0.1311,2.9171,-0.8508,-2.8931
45385.67232,0.8331,-1.8176,0.9641,0.2657,1.6808,0.8199
45459.67625,0.2656,3.723,-1.1864,4.6907,-1.059,-5.362
44735.85979,0.5984,0.5796,-0.4817,0.0399,-0.7894,0.1391
45335.28074,-2.0932,-0.4899,-0.2352,-1.3732,-1.9863,0.954
45477.4685,0.9557,0.067,0.0516,-3.7103,2.3963,-3.5213
45496.01458,0.5554,-1.195,0.6122,-0.8052,0.6025,3.5165
45502.34741,0.722,-1.778,1.4421,0.947,3.4494,-0.1682
45626.00798,0.078,0.0517,0.0097,0.1984,0.0667,-0.2404
44814.47789,0.1735,0.1251,-0.4301,-0.3164,-0.143,-0.478
44577.92692,0.1944,-0.4563,0.5068,-1.0296,0.2881,-0.036
44678.13954,-0.0369,0.062,-0.1859,0.4275,-0.1019,0.3972
44961.24929,0.0696,-0.2244,0.3106,0.4075,-0.1035,0.1714
44653.22982,0.1652,-0.042,0.4084,1.2996,1.126,0.8053
45272.50965,-0.3973,2.5906,-0.7846,2.4333,-0.8505,-4.2414
45387.21031,1.1353,-1.077,0.533,-0.135,1.7614,-1.7727
44414.07503,-0.0283,0.4469,0.0655,0.8014,0.2564,-0.3922
45328.58596,1.018,-1.8403,0.8659,-0.0241,2.1106,1.134
45226.09836,-1.7879,-0.9911,0.5749,-3.9524,-1.7241,-0.0516
45137.07532,-1.6748,-0.6679,0.1124,1.1749,-0.4137,-1.1423
45326.13322,1.1002,-0.5454,0.1171,-0.7529,2.1435,-1.9332
45455.42421,-1.2567,0.2216,-0.2861,-3.2633,-1.5582,2.2009
45191.96087,-1.0617,-0.2974,0.4516,1.7236,-0.5931,-2.0574
45449.7548,-0.2436,1.159,-1.1702,-3.7249,0.3047,2.4976
45533.46864,-1.2325,1.9877,-0.3472,-0.4515,0.0341,-3.6513
44809.74333,0.3187,-0.0747,0.1342,0.8848,-0.1213,0.5741
45300.49004,1.9937,0.6869,0.3669,-3.2367,0.6707,-4.5839
44939.29547,0.3248,0.2293,-0.159,-4.0289,1.7245,2.4993
45418.39218,0.6421,-1.5456,0.5888,0.0632,1.5486,2.2615
44705.37128,0.1065,-0.2857,-0.2145,0.1032,0.3407,-0.416
44674.79212,-0.4033,-0.0053,0.2757,-0.4084,-0.0887,0.4561
44746.05276,0.7624,0.3235,0.5338,1.5145,0.5721,-0.0842
44985.28418,-0.1184,-0.187,0.0272,-0.6183,-0.9138,0.3566
45618.25769,-0.0613,0.203,0.2285,-4.0331,-0.6013,0.3053
45397.01122,1.9393,1.802,-2.4177,-0.2889,1.3097,3.9503
45464.65206,1.5175,-0.2263,0.3318,-3.7562,0.1325,-4.0548
45399.2428,1.1172,-1.7225,0.8533,0.3501,2.2535,-0.6036
45614.16639,-1.007,0.2335,0.0723,-3.9169,-1.9186,2.4112
44519.99374,0.1131,-0.0146,-0.0474,-1.2665,-0.2398,0.1929
45072.1759,0.9971,-2.1494,1.1437,-1.2478,1.8945,0.4345
44585.2552,0.557,0.948,0.2103,0.7852,-0.3003,-0.5622
44796.89671,0.0307,0.1247,-0.3296,-0.5785,-0.2488,-0.0973
44584.65205,-0.517,-0.0413,-0.0873,-0.0708,0.1093,0.3179
44870.71944,0.0127,0.0116,0.0117,0.0292,-0.3129,-0.0477
44577.62534,0.1397,-0.1604,0.88,1.0917,0.4846,1.2185
44991.67737,-0.003,-0.2688,0.0723,-0.5209,-1.1616,0.1356
45270.15744,0.8457,3.7301,-1.1689,5.3048,-1.5272,-5.7434
45509.28332,-1.585,-0.7227,0.3635,0.0667,-1.0173,-1.8135
44610.34609,-0.2171,-0.0852,0.0535,-0.8692,-0.0962,0.3014
44955.36872,-0.3197,0.1456,-0.1396,0.1503,-0.085,-0.0427
45464.59176,1.1117,1.4536,-0.9276,1.2301,-2.2616,-5.8012
45512.41958,-1.6305,-0.9226,0.1855,-2.7058,-1.8992,0.6727
45518.81272,-1.6258,-0.4994,-0.1037,-2.5688,-2.2143,1.7359
45342.48817,-1.6849,0.6448,-0.1096,1.6159,0.3187,-2.6005
44355.2323,0.0039,-0.0011,-0.0014,-0.0173,0.029,0.0051
45480.54442,-0.0277,3.2689,-0.6983,2.2205,-1.4539,-5.4195
44385.96488,0.0536,0.1188,0.6512,-2.1592,1.1924,1.548
44470.23216,0.0554,-0.0429,0.1425,0.3668,-0.2797,0.3808
44435.06641,-0.1153,-0.1691,-0.4351,-2.4502,-0.275,-0.4003
44721.95753,-0.1462,0.1437,-0.4673,-0.4046,-0.0758,-0.0508
45516.94299,0.844,-0.2917,0.3797,1.6738,1.9074,4.7113
45286.47219,3.1782,2.6712,-2.5493,-3.0125,0.1707,3.2152
45592.81581,-0.8725,0.2312,0.1021,-1.7942,-1.6782,1.9943
44640.38284,-0.1403,-0.0207,0.5327,-0.196,0.099,0.1807
44959.37954,0.0222,-0.0901,-0.3638,-0.3871,0.1148,0.0244
45544.44546,-0.5214,0.7339,-0.5048,-2.0378,-0.0719,2.1857
44452.67964,-0.1187,0.0519,-0.0227,0.0693,0.0498,0.03
44817.07133,-0.1398,-0.3878,0.3416,-0.1125,0.0418,0.8638
44819.30289,0.4357,-0.4865,0.3184,0.4354,-0.0472,0.343
44745.32899,0.2129,0.126,-0.2524,-0.2189,-0.2472,0.3813
45163.37222,-0.9061,0.8695,0.4205,1.7905,0.6544,-3.263
45214.00548,-0.2218,-0.0335,-0.6342,1.8664,1.32,-0.8717
45575.14437,-0.1261,3.7635,-0.8941,0.7186,-1.1678,-5.4493
45014.65671,-0.0154,-0.7728,-0.0709,-0.6979,1.4932,2.6355
45257.00912,-0.4839,0.2181,0.2777,-3.2325,-1.112,3.0439
45423.97111,0.4461,-1.7755,0.577,0.2715,1.8927,2.7339
45045.09496,0.8122,2.551,-1.1266,1.5071,-0.6472,-6.0871
44686.79455,1.251,-0.2033,-0.3297,-0.0621,0.0397,0.6564
44752.26502,0.4399,-0.4381,0.1093,0.2331,0.2472,0.2241
45235.05495,0.3349,3.8363,-1.3037,2.074,-2.1234,-5.3177
45577.5267,-1.162,2.7467,-0.6697,1.3754,-0.5498,-4.7111
45348.2179,1.0838,-1.1422,0.0114,1.5949,2.5452,-2.1903
44819.45368,-0.2096,0.4975,-0.4812,-0.7914,-0.0028,-0.3364
44509.1368,0.128,-0.3008,0.332,-1.0551,0.1425,-0.1195
44813.93508,-0.2508,0.1204,0.0113,0.4164,0.2364,0.282
44836.19043,0.2633,-0.2992,0.0296,0.2697,-0.4953,0.2336
45039.91801,0.472,0.3461,0.7614,0.5267,-0.5881,-0.292
44603.0179,-1.0779,0.0158,0.5248,1.1934,0.53,0.5612
44395.19415,-0.5975,-0.152,0.1635,0.043,0.1978,0.1519
44471.80039,0.6527,0.6687,-0.6511,-1.0302,-0.7006,-0.0626
45132.82318,2.6476,2.2127,-2.244,0.7652,2.0465,4.201
45100.73517,-2.1043,-0.7279,0.1163,-1.0349,-2.2166,0.3442
45443.45214,-1.39,-0.3016,0.1032,-3.6279,-1.5067,1.604
45472.67364,1.019,0.1352,0.0105,-1.7909,1.7127,-3.9389
44854.94767,0.0294,0.069,-0.2276,0.2758,-0.1444,-0.2002
45511.03239,0.8132,3.5769,-1.0161,2.8476,-1.4496,-4.8946
45272.32871,-0.8817,-0.4862,0.596,-1.922,-2.1935,2.3476
45366.82449,-0.0265,1.6475,-1.5408,-2.9318,0.1059,2.1014
45620.67024,-0.2584,0.1999,0.1164,-0.6166,0.2923,0.818
45048.56299,-0.9632,-0.2002,0.0415,-3.5531,-1.8765,1.7639
44736.07088,0.2497,-0.0871,0.2467,-0.0055,0.1057,-0.5014
44411.4209,-0.2836,-0.4205,0.0073,-0.0839,0.0386,0.0746
44539.14416,-0.9825,-0.4891,-0.116,-0.1985,0.0407,0.2916
44868.24657,0.1985,-0.442,0.1162,1.0812,0.2101,1.0495
45079.56433,-1.7748,-0.76,0.097,-1.1331,-2.1788,1.1529
45098.38278,-1.2958,-0.7288,0.1131,-3.0694,-2.0538,1.098
45508.40882,-1.4738,-0.9366,0.1545,-3.7206,-1.4474,0.093
45601.10875,-0.8982,3.166,-0.435,1.2791,-0.5869,-4.6901
45316.47304,1.3413,3.294,-0.6619,2.0301,0.1698,-5.6451
44762.75951,-0.099,0.1191,-0.0466,1.0948,0.5018,0.1982
44459.97811,0.1859,0.2231,0.0136,-0.0261,-0.1906,-0.5474
44599.48947,0.1033,0.0298,0.1287,0.3509,-0.1486,0.5882
44493.96707,-0.336,0.767,-0.2298,0.5121,0.3529,-0.2635
45218.6999,1.0134,0.02,0.677,2.212,0.416,5.2228
44721.41471,0.217,0.3419,-0.1322,0.0935,-0.0501,-0.2724
45509.52456,0.7889,-0.3954,0.3097,-3.3037,3.2693,-2.7324
45435.79243,1.1925,-0.4742,0.2833,-2.8527,2.1202,-4.0774
45038.07341,-0.0335,-0.0807,0.2729,-2.449,0.0255,2.4672
45060.02261,-0.1184,1.3941,-0.7624,-3.134,-0.5331,2.3114
44862.75811,0.3029,0.2872,-0.5833,0.4793,0.4569,-0.5163
45145.82085,-1.1876,-0.5407,0.454,1.9136,0.7842,-1.9549
44630.97374,0.4426,0.2002,0.1431,-6.3399,2.0667,4.3086
44734.8043,-0.1973,0.0623,-0.3798,0.7765,0.204,0.7336
44416.75933,0.3663,0.3164,0.2578,-1.3828,-0.3633,-0.0766
44511.57963,-0.2027,0.3416,-0.0477,-0.1615,0.1319,-0.7848
44611.67301,0.4574,1.0378,0.6447,0.7124,0.8976,-1.5994
45007.23816,0.6439,0.0937,0.3534,-13.3682,-1.8293,2.4746
44679.0141,0.8587,-3.6754,-0.0796,-2.4675,0.3834,-4.1572
45144.55427,0.8297,-1.445,0.9822,-0.5799,1.045,2.3211
45336.21556,-1.7208,1.015,-0.1474,-0.4835,0.3741,-3.3461
45342.39769,-2.4741,-0.8203,0.2029,0.9626,-1.0714,-0.0501
45376.98723,0.5646,-1.3008,0.4323,-1.5147,0.8045,4.3588
45437.11931,-2.5232,-0.5249,0.1872,-0.2424,-0.7073,-0.4607
45446.55826,-0.1072,1.2027,-1.3667,-3.2604,0.5577,2.1749
45478.94614,-0.1165,3.089,-0.7723,2.5087,-1.6613,-5.4239
45587.38776,1.4529,-0.1188,0.4995,-2.2102,1.2736,-3.4432
44914.05467,-0.4416,0.216,0.0876,0.4173,0.3941,-0.334
44461.96863,-0.0496,0.1076,-0.2405,0.3744,-0.3697,0.4272
45098.65421,1.2886,1.0631,-0.2225,0.697,-0.8103,-5.0176
45464.77269,0.8274,-1.6638,1.3277,0.4617,2.1365,0.0684
44488.02581,0.0485,0.3225,0.1056,-0.0495,0.3002,0.206
45439.86353,0.8682,-0.8972,0.3921,0.1412,1.2238,-1.9154
44691.13718,-0.5751,-0.2373,0.3489,0.4811,-0.229,-0.2936
44711.52331,-0.4879,1.2091,-0.159,-0.5474,-0.5242,0.0205
44738.03108,0.5887,0.3981,-1.3209,0.1014,-0.6567,-0.4502
44497.25435,-0.1337,0.218,0.4443,0.3647,0.467,-0.1409
44758.41697,-0.5351,-0.1675,0.7357,0.3643,0.5343,0.4991
45154.17435,0.9217,-1.2878,1.068,-1.1513,1.6875,3.9766
45392.24646,0.4449,1.0889,-1.5241,-4.2268,0.2155,1.8032
44884.04884,-0.1877,0.0009,0.0492,-0.4345,-0.2947,0.4502
44977.53393,-0.4404,0.0938,0.3934,-0.8047,-0.2502,-0.2099
44790.89556,0.1031,0.3328,-0.3126,0.1493,-0.1925,-0.2574
44862.60732,0.3336,0.3044,0.0575,-0.2337,-0.275,-0.1098
45326.34938,1.7692,2.3311,-2.0402,0.9146,3.3016,5.0448
44737.39777,-0.0786,-0.268,-0.0678,0.719,-0.0719,0.4919
45549.48153,-0.9315,2.8606,-0.5846,2.3284,-0.0978,-4.2937
44399.26594,-0.5867,-0.8863,-0.1306,1.3537,0.5938,-0.2712
44625.03272,-0.6031,-0.0309,-0.2275,0.5239,0.566,0.936
45379.39979,1.0416,-0.1207,0.1923,2.5194,0.6211,3.9872
44907.66154,-0.204,-0.1294,0.023,-0.2175,-0.0138,-0.048
44439.43961,-1.3041,0.4779,0.4851,0.0156,0.4534,0.5966
45411.75776,0.9304,1.7424,-0.9628,1.6574,-0.5911,-5.3036
45501.59351,0.6609,-1.6589,1.0713,0.8459,2.6791,2.426
45584.49275,0.4326,2.2617,-1.1399,-2.94,0.0559,2.4069
44461.75751,0.1297,0.3484,-0.3963,0.3935,-0.3468,0.0156
45126.33935,0.8131,-1.8443,1.2912,0.2141,2.4689,2.5403
44815.74445,-0.3496,-0.7033,0.0859,0.2765,-0.1271,0.5936
45037.68137,0.1953,0.0726,-0.0451,-0.0591,-0.0685,-0.2888
45208.99947,1.3479,-0.7792,0.8229,-0.9264,2.1888,-2.3769
44653.25997,0.3975,0.177,0.6246,0.4058,0.463,-0.5602
45306.24994,0.9786,-1.1542,1.239,-1.5652,1.795,0.5275
45538.05239,-0.7729,0.3113,-0.078,-0.0017,-0.7299,1.5256
45219.06178,-0.8803,-0.4535,0.5706,2.4493,-0.6617,-2.3832
44733.3266,0.6038,-0.1256,0.1283,0.2956,0.1546,-0.1894
45609.00968,-1.9826,-0.5189,0.1089,0.3631,-1.3258,-1.2282
45436.66698,1.4769,-1.5465,0.7871,0.7797,1.8672,-2.2959
45417.18589,-2.2796,-0.7615,-0.1097,-0.7566,-1.1985,-0.772
44765.98628,-0.1738,0.5048,-0.1219,0.5182,0.2706,-0.2995
45161.29139,1.0671,-1.5021,1.0721,-0.7755,2.7285,1.2756
44768.42895,0.0222,-0.0171,-0.0521,0.592,-0.0742,0.4521
44486.18611,-0.1918,0.144,-0.013,0.4835,0.0568,-0.3684
44413.83376,-0.5901,0.197,0.1715,0.384,0.0282,0.1875
44502.59243,-0.0788,-0.2936,-0.2981,0.4225,0.2385,0.1473
44423.00244,0.0091,0.0289,0.4126,0.3143,0.384,-0.2892
44606.48598,0.3358,-0.3453,0.5511,0.8201,0.3507,0.1476
45047.95988,-1.7438,-0.8549,0.4101,1.5018,-0.6596,-2.1747
44990.4711,0.1914,-0.0981,0.1421,0.119,0.3227,1.1978
45603.64186,1.3475,0.6294,0.3175,-2.3961,1.2876,-4.3119
45613.44266,-1.665,-0.6176,0.2833,1.0056,-0.7528,-0.7857
45032.67535,0.4114,0.3306,0.5872,1.3958,-0.0849,-0.6336
45532.98612,0.6658,-1.4056,0.7262,-0.7468,0.3636,2.7618
44897.04645,-0.2674,-0.4869,0.0646,0.8952,0.3482,0.3198
44800.2139,0.9629,0.1048,0.0848,-0.5953,0.0277,-1.0653
45014.89795,0.3221,0.1341,0.5565,-0.3609,1.3791,-2.6026
44372.21211,-0.1509,-0.0182,-0.6369,-1.346,-0.4853,-0.0775
44578.65071,0.3729,-0.8396,0.3046,1.8388,-0.0018,0.5698
44557.6309,0.0073,-0.0332,0.0294,0.0427,0.0693,-0.0149
45143.22737,-0.779,0.105,0.026,-0.9262,-1.501,2.2161
45547.52138,1.3082,1.7964,0.22,3.0915,0.8979,6.8447
44772.95243,-0.504,-0.2401,-0.1063,-0.3171,0.0208,-0.0404
45025.36238,0.099,-0.0441,0.0599,-1.6259,-0.079,-0.1529
44394.31944,0.7567,0.1382,0.2033,0.2194,-0.0882,-0.5099
45124.04741,0.7926,-1.0107,0.9852,-0.6513,1.8041,5.2413
45550.11481,-1.8178,-0.6484,0.356,-2.564,-2.2134,0.5979
45047.23609,-1.8044,0.9021,0.1957,2.264,0.8199,-2.7831
44860.46623,-0.3709,-0.1096,0.1662,-1.0618,-0.2824,-0.5099
45233.15506,-0.5473,0.1236,0.6111,-4.1252,-0.6368,2.5489
44841.98045,-0.2095,0.1391,-0.2513,-0.9263,-0.2582,-0.2208
44709.71389,-0.3441,0.4897,-0.484,0.3729,-0.0716,0.5385
44663.69434,-0.2496,0.1778,0.0035,1.2229,0.0604,-0.3429
44920.90015,0.0673,0.1453,-0.119,-0.2831,0.0677,-0.2154
44970.7788,0.0675,0.459,0.1573,-1.3445,-0.0959,-0.0522
44423.39454,-0.0964,-0.0015,0.0827,-0.772,-0.0276,-0.5835
44776.96328,0.5153,-0.0935,-0.3148,0.2589,-0.2662,-0.0097
45616.01098,0.0142,-0.0995,0.5169,-1.0666,1.5318,-0.4226
45356.96328,0.9546,-1.8495,0.7031,0.0997,2.5891,0.0467
45162.85955,1.1081,-1.6992,1.1672,0.4745,2.4027,0.0277
44436.21247,1.5851,0.352,-0.0018,0.2942,0.1482,-0.6428
45023.52279,-0.0094,0.132,-0.4583,1.3272,0.7546,0.5748
45225.10317,0.8487,1.8519,-0.7466,-3.258,-0.0224,1.5449
44796.86656,0.3969,-0.3123,-0.2629,0.0672,0.0163,0.2125
44860.67732,0.0101,0.2546,-0.1298,-0.4934,0.2078,0.0849
45539.34907,0.8612,-1.4486,0.8431,0.8024,1.9837,-1.004
45237.85958,0.1104,1.5685,-0.6665,-2.3703,0.0768,1.5778
44791.98119,0.162,-0.2899,0.3265,0.1075,0.0635,0.3252
45384.76763,0.934,-0.4,0.129,-2.8342,1.204,-3.4413
44547.52807,0.1004,-0.0667,0.1211,-0.1479,0.23,0.046
44672.25892,0.2156,0.6416,-0.1437,-1.2416,-0.592,-1.2098
44529.55389,-0.0095,-0.0699,0.3395,0.9816,0.2327,0.4549
44657.39149,-0.0668,-0.0887,0.8419,1.0545,0.85,-0.4345
45145.94149,1.6801,1.7644,-0.4628,1.9241,-2.1156,-5.2547
45388.92926,0.8355,-1.3997,0.8387,-0.6252,1.5645,3.4351
44573.64455,-1.6949,0.5578,0.3243,-1.1779,-1.6943,0.9159
44857.23954,0.1896,0.0729,0.3857,0.3183,0.0703,-0.0638
44419.0515,-0.1474,-0.4527,-0.0454,0.6786,0.0782,0.8192
45401.4442,-0.9374,2.9253,-1.0717,1.1474,0.0343,-4.0332
44414.85922,0.0704,-0.0169,-0.2437,-0.4298,0.1282,-0.1487
44422.85165,-0.0807,0.0286,-0.0249,-0.8603,-0.2135,0.1562
45514.7416,-1.2005,-0.1501,-0.1089,-2.1301,-1.5608,2.0975
45379.91241,0.9601,1.547,-0.8261,1.6245,-1.5913,-5.0341
45128.35991,-1.6248,-0.8266,0.4667,2.3024,-0.8001,-1.1865
45208.90901,1.9501,1.3421,-0.1349,0.8179,-0.7578,-5.323
44486.27659,0.0218,0.0814,-0.0318,0.2056,-0.2894,-0.3072
45170.18765,1.6435,1.9269,-1.9844,-3.6075,0.5318,2.9744
44653.01873,-0.6082,0.1074,0.3912,0.1255,0.1875,-0.5241
45305.16432,-0.8214,1.758,0.1984,0.2071,-1.2115,-3.7571
44540.86318,-0.1662,0.0902,0.1021,0.4455,0.3639,-0.4421
45147.78108,0.8525,-0.9639,0.7928,-1.3231,0.3231,4.1801
45376.86662,1.2251,-1.3622,0.4674,0.0822,2.867,-1.4679
44750.87782,0.1759,-1.1395,0.7123,1.3511,0.4412,0.2954
45579.96933,-1.039,2.8293,-0.5659,1.17,-0.7988,-4.3721
45483.49976,-1.2624,-0.3368,0.038,-2.4988,-1.6695,1.8374
44759.47244,2.0789,0.2229,1.4829,4.3057,1.665,1.6303
45176.15874,0.4976,4.0036,-0.8102,0.4673,-1.7141,-4.6771
45325.25366,1.2008,1.6787,-1.2,2.1977,-0.5557,-5.0641
44722.25911,-0.2913,-0.1713,0.07,0.48,0.4677,-0.0285
45347.25286,-1.1256,2.9004,-1.0328,4.1346,0.0328,-4.6562
44417.39268,0.06,-0.4919,-0.1656,0.1402,-0.3993,0.246
44811.10035,-0.1529,-0.0384,0.0209,0.3832,0.1699,0.1852
44873.55419,0.0438,-0.6572,-0.2118,-0.5314,-0.3075,-0.1415
44801.02813,0.2938,-0.723,-0.0705,-0.3483,-0.1767,-0.3521
45587.29728,1.0568,2.4332,-1.0013,1.6368,-1.6244,-5.3777
45128.87257,2.6505,2.6617,-2.0611,-4.5169,-0.1963,2.6105
45622.81139,0.1207,0.0882,-0.2471,1.4986,1.6752,-0.031
44409.2192,0.1548,0.236,0.1906,-0.3576,0.0813,-0.0495
44964.23481,-0.1185,-0.173,0.1164,-0.2172,-0.1424,-0.1377
45329.88267,-1.6053,2.7274,-0.6846,2.7566,0.4942,-4.3133
45005.51923,0.4129,0.0272,0.2035,-3.788,-0.2187,4.3814
45533.67974,1.0664,-1.073,0.2798,-1.6882,2.1269,-1.4939
45067.68248,2.1941,2.0558,-1.4612,1.1696,2.2611,4.5689
45381.72182,0.504,-1.4861,0.4062,-0.2025,0.5081,2.8149
44954.13232,0.0985,-0.2166,-0.0739,1.3058,0.3887,0.0179
44683.92967,-0.3926,-0.4363,-0.7586,0.29,-0.1153,0.0953
45452.61969,1.2329,0.2068,0.0652,-3.3664,1.3016,-4.6136
44820.23773,0.3779,-0.7654,0.6399,1.077,0.2559,0.2466
44449.24147,0.1129,0.2038,0.0771,-1.0593,0.0366,-0.0668
44841.10594,-0.188,-0.1452,-0.0277,-0.0488,0.0647,0.4127
44444.68739,0.1388,0.1628,-0.1105,0.0109,-0.2832,0.0477
44891.37697,0.1832,-0.5101,0.4556,0.1096,-0.0983,0.2449
45500.65865,0.917,-0.5712,0.4686,-5.0324,1.8191,-2.9786
45506.23753,1.269,0.5709,0.49,0.8523,-0.0475,-4.0449
44725.27477,0.3835,-0.1004,0.3724,-0.1696,0.3718,-0.5713
45223.2284,1.8286,0.15,0.3409,-2.1092,2.1203,-4.1341
44799.8822,0.004,-0.0316,-0.157,-1.5663,-0.1022,-0.4076
45198.0224,2.8713,3.0245,-2.7288,-0.0747,1.3752,3.736
45361.96925,2.6993,3.1431,-2.8191,-4.8628,-0.4123,2.8919
45160.89933,-2.3746,-0.7565,0.5521,0.399,-2.1005,-0.0381
44898.49397,-0.2625,0.3042,-0.6014,-0.3687,-0.024,-0.3402
45351.41447,1.2762,-1.8095,0.5491,0.9589,2.6032,-1.1125
44687.63894,0.0939,-0.4663,-0.3005,1.3436,0.0362,0.8272
44715.6849,-0.2063,-0.3737,-0.1444,-0.5771,-0.2033,0.1384
44752.89831,0.086,0.2013,-1.1056,-1.3207,-0.2382,-0.3666
45463.32518,2.1787,2.3071,-2.8002,-1.4765,0.5061,2.5651
44361.05312,0.1272,0.1012,-0.3208,0.5098,-0.3487,-0.2741
44368.62315,-0.1619,0.0332,-0.1898,1.3327,0.3933,-0.3306
44538.02833,0.1366,-0.0911,0.1827,0.4778,-0.0027,-0.2555
44952.98639,0.8951,0.0284,-0.0267,0.4916,-0.0721,-0.2967
45511.18318,0.9456,-1.4962,0.6653,-1.1107,3.7276,-1.3881
44597.68004,0.4116,0.9707,-0.0987,-0.6972,-0.5143,-0.2299
44833.41606,0.3098,0.5286,-0.1301,5.068,-0.618,-2.4897
45157.76302,-1.5985,-0.8391,0.5959,0.9878,-0.8224,-1.7349
44588.87408,-0.6878,1.1997,0.7013,-0.7151,0.2662,-0.516
44353.87517,-0.0103,0.0221,0.0639,0.0077,-0.1014,0.0074
44458.3194,-0.1254,0.2172,0.1628,1.0558,0.1732,0.537
45311.97971,2.319,2.0267,-1.3291,4.0273,3.5716,5.6102
44753.86332,-0.4339,-0.0488,0.3757,-0.7758,-0.3439,-0.4405
44609.68264,-0.1148,-0.0469,0.2452,0.2855,0.2333,-0.6316
44993.63752,-0.0073,0.4788,0.0844,-0.5273,-0.9283,-0.1044
44426.22958,0.0617,-0.1742,0.0119,0.2088,0.0035,0.4908
45619.2227,0.1513,-0.2814,0.0177,-1.3734,-0.8568,-0.4579
44677.98875,-0.072,-0.8477,-1.2951,-0.1201,-0.3412,0.6492
45275.73643,0.821,4.4954,-1.3149,3.0654,-1.6674,-5.8821
44422.8818,-0.0279,-0.0823,0.3108,-0.0899,0.1559,0.1054
45525.7788,0.6516,-0.6301,0.209,2.6752,-0.366,5.2261
45043.55191,-0.311,-0.457,-0.7203,0.1365,-0.0981,-0.6364
44627.41515,-0.4859,0.199,0.8813,-0.4475,0.5682,0.9743
44472.102,-0.0303,0.0014,0.4488,0.1831,-0.2122,-0.3366
44586.3107,0.1204,-0.0859,-0.0617,-0.3173,-0.3292,-0.7318
45183.00431,0.1797,0.975,-0.6504,-2.7635,0.022,2.0796
44588.30109,-0.2792,0.4416,-0.0628,-1.7436,0.0934,-1.2845
44741.40862,0.1416,0.6954,-0.8187,-0.7986,-0.8785,-1.159
45135.9595,1.6792,1.8321,0.0239,3.3064,0.6621,5.6828
45208.66774,-1.9914,-0.6531,0.4861,-0.5287,-1.6252,0.1557
44478.58614,0.1663,0.0006,0.4164,-0.4909,-0.1198,0.0729
44698.58596,-0.5584,0.3408,-0.0065,-0.0682,0.221,0.046
44796.23323,-0.197,-0.1138,0.0035,-2.465,0.2363,-1.2277
44881.33472,0.1636,-0.2593,-0.1229,0.5985,0.0735,-0.1019
44426.95337,0.1348,0.4849,-0.1453,-1.218,-0.2486,-0.6103
45094.61295,-0.3961,3.0318,-0.8152,3.5316,-0.8782,-3.5396
45052.33262,-0.6573,0.2977,-0.6936,-0.0774,0.5713,3.361
45622.32886,-0.2041,-0.299,-0.228,-0.1833,-0.9594,-0.9866
44922.01595,0.5311,0.4107,-0.2107,-1.3712,-0.7584,0.4958
45071.4521,1.1131,-1.7199,0.9143,0.0026,1.4459,3.326
45623.08281,0.358,-0.2471,-0.018,0.727,-0.6568,0.6052
45542.54561,1.3666,-0.9312,0.9392,-1.2604,2.07,-1.1151
44932.29921,0.4528,-0.2171,1.2771,-0.3844,0.4769,-0.8275
44866.88952,0.1579,-0.0845,-0.011,-0.4591,0.4055,0.3581
44891.40712,-0.6729,-0.1853,-0.1092,-0.0413,0.0451,0.8051
45282.73277,-1.8709,-0.6772,0.4531,0.3473,-1.2951,-0.3445
44543.60755,-0.2871,-0.2336,0.1425,-0.3607,-0.2109,0.5012
45615.95068,0.2358,0.2672,0.6364,-0.3517,1.0833,-0.9598
45286.86425,0.9431,3.4545,-1.0016,2.331,-0.939,-5.5032
44751.96348,0.1757,0.1266,-0.2634,-0.9413,-0.1122,-0.1459
45370.47344,0.7175,-0.8896,0.2035,-2.9489,1.4206,-3.1629
44437.69035,0.2848,0.0085,0.294,-0.1677,-0.0069,-0.2585
44854.16359,0.0133,-0.0389,-0.1652,-0.5367,-0.1139,-0.1914
45091.08438,1.8178,2.2731,-0.7716,4.3798,2.4511,5.2258
44692.1625,-0.7861,0.5428,-0.4779,-0.4042,-0.0362,-0.7308
45568.84174,1.2236,-0.6576,0.576,-0.8024,2.8805,-2.2486
44584.56158,-1.3265,0.3922,-0.0335,1.2917,0.9397,0.3943
44592.64377,0.2293,-1.691,-0.7482,-0.185,-0.7879,0.403
44546.20112,0.5955,0.5192,0.155,0.2177,-0.046,0.177
44694.78619,-0.6346,-0.5659,0.0628,-0.9928,-0.5416,-0.2572
45046.05999,0.8729,-1.4451,0.8107,-1.5933,1.8308,4.4295
44699.49068,-0.0705,-0.3188,0.2464,0.0755,-0.1836,0.5715
44886.49155,-0.3854,0.0183,-0.2351,0.3355,0.298,0.061
44989.92827,0.3652,0.0686,-0.1143,-0.3707,0.4918,0.3449
44406.14276,0.9145,-1.3287,0.9199,-3.4598,0.7608,-2.9266
44612.63805,-0.6989,-0.0991,0.1409,0.0794,-0.0995,0.4545
44373.5693,-1.2482,0.1058,-0.5298,-0.1593,-0.1044,-0.5555
44885.58685,-0.0741,0.5778,-0.3575,0.6651,-0.6005,0.0312
44645.4191,0.0691,0.0015,0.1132,0.1337,-0.1985,-0.4585
44959.8319,-0.3173,-0.8948,1.3653,-3.9329,-0.6757,-0.6641
44681.66789,0.6693,0.2071,-0.428,1.2879,0.0545,0.0315
44851.38923,0.2104,0.0565,0.264,-0.3344,-0.1955,0.3933
45538.44442,1.323,0.6171,-0.0383,-0.6138,0.0575,-4.1754
45252.03323,0.668,-0.6972,0.8579,-0.3783,-0.5596,4.8828
44747.13838,1.3968,-0.4745,0.4507,-2.4413,-0.6035,-1.8532
45271.09229,1.5857,-0.0968,0.7193,-2.5817,1.6409,-3.4698
44929.85654,0.1658,-0.1428,0.1854,-0.2566,-0.1566,-0.3914
45084.35926,-1.4242,-0.775,0.3581,1.1296,-0.7521,-1.6486
44990.22986,0.1889,-0.2025,0.0721,-1.2312,-0.2737,0.1007
44953.92123,0.037,-0.0927,0.187,0.2146,0.2194,-0.0821
45055.13721,0.9225,-2.2065,1.2775,0.8447,2.2707,1.0133
44361.32454,-0.2865,-0.2721,0.3176,-0.9015,0.4366,0.3985
44777.80764,-0.302,-0.3277,0.3765,-0.3442,0.1283,0.7016
45080.46902,-1.4843,0.0931,0.3232,1.5311,0.3787,-1.737
44376.04241,-0.0053,-0.0339,0.0776,0.343,0.4322,0.1626
44657.2407,0.5077,0.177,0.1476,0.5647,-0.1384,-0.4907
44509.22725,-0.1671,-0.0544,-0.1437,-0.236,-0.1568,-0.0159
44817.16178,-0.3023,-0.5472,-0.1981,1.1254,0.119,0.8981
44882.99336,0.1117,-0.0775,0.2109,0.2081,-0.0201,-0.2058
45167.92591,-0.9055,-0.2067,0.0786,-2.0557,-1.6067,2.2117
44863.96437,0.3128,0.0512,0.2432,-0.1304,0.0083,-0.2231
44415.85449,-0.5442,0.246,-0.402,0.2233,-0.1611,0.0104
44548.22168,0.353,0.017,0.1208,0.9209,0.0542,-0.4695
45116.5532,-2.4152,-0.6994,0.3217,1.0401,-1.611,-0.0433
45291.50332,-0.95,0.6634,0.0167,-1.1419,0.6637,-1.2303
44907.29966,-0.114,0.019,0.3384,0.4936,0.2875,0.244
44992.97409,-0.4702,-0.362,0.2283,-0.137,0.0637,0.4618
44396.70221,-0.5911,-0.23,0.2322,0.7116,0.2722,0.7138
45036.74152,0.1478,-0.2032,0.3397,0.0822,0.074,-0.6191
45120.18725,2.1559,1.4942,-1.3878,-14.6861,-7.5286,5.8092
44420.52936,-0.0269,-0.0817,0.0477,-0.4914,-0.1601,0.0501
45510.61021,2.4171,2.8031,-2.4549,-3.0177,0.0651,2.6882
45060.20356,-1.6579,-0.8968,0.4704,-0.0054,-1.8253,-0.0045
45305.64682,1.1744,1.7967,-0.6673,-6.165,-1.0679,2.6661
44833.02403,0.3802,-0.0694,0.2755,-0.3385,-0.0525,-0.088
44581.18393,0.4539,0.2788,0.0237,0.9121,-0.1225,0.1003
45021.11023,0.6423,2.3042,0.161,-1.0278,-1.6078,-1.0235
45215.1615,-0.231,-0.095,-0.435,0.2208,-0.5358,0.092
44583.29496,0.6931,0.1957,0.2782,-1.2427,0.0875,-0.8967
45266.14657,1.6606,2.8189,-1.4897,2.8195,-1.6217,-5.3376
45312.46223,1.867,1.7528,-0.5341,-0.4084,-0.1525,-6.0335
45417.39698,1.1052,1.3136,-0.7525,1.1801,-1.4604,-4.6273
45515.61614,-1.5178,-0.6918,0.1778,-1.9159,-1.7287,1.1467
45546.04374,-0.5797,1.2966,-1.1351,-3.3108,0.4271,3.2392
44658.02478,-0.6868,0.65,-0.35,-0.1725,0.3329,-0.0079
44813.4224,-0.0621,-0.0714,-0.6776,-0.0005,-0.2375,-0.2954
44825.06278,-0.069,-0.2402,-0.1639,0.2042,-0.1556,-0.2282
44599.24823,0.0498,-0.1129,0.2505,-0.3411,0.1451,0.2643
44369.49779,-0.2129,-0.1237,-0.3417,-0.098,0.2042,0.0587
44766.28783,-0.4213,-0.2727,0.2245,-0.3441,0.2889,0.1424
45337.02982,-0.9188,3.669,-1.1817,5.0201,-0.8747,-5.0287
45541.42985,-2.0489,-0.7869,0.2379,0.7318,-1.2575,-0.4946
45246.06222,-0.9749,-0.6016,0.4076,2.4579,0.05,-1.7875
44434.4632,0.1733,0.6951,0.1804,1.2468,0.0754,0.0092
45001.99089,0.0814,0.0947,0.0375,0.5127,0.236,-0.2206
45174.68102,1.5672,0.2941,0.2404,-2.8467,0.7211,-5.0707
44551.02636,0.446,0.0127,0.0032,-0.0059,-0.1329,-0.4176
45429.88178,-1.6431,-0.6105,-0.1549,-2.2797,-1.7324,1.6628
45148.56518,0.7849,-0.9213,0.7954,-1.0646,0.0344,3.5472
45170.57971,0.6496,4.4924,-1.5576,2.9204,-2.1909,-4.916
45567.12284,1.4336,2.3425,-0.8287,3.0195,-1.1359,-5.6322
44520.77787,-0.5444,0.2649,0.1298,0.6191,0.4399,0.2293
45287.74379,-0.1831,-0.2607,-0.8023,-0.7491,-0.3068,-0.9097
45076.78989,1.53,-0.4646,0.1632,-0.9038,3.0809,-3.0901
44927.89641,-0.1002,-0.3184,0.2034,0.3495,0.075,0.0144
45365.07538,0.5295,-1.1122,0.3,0.0142,0.2787,4.7687
44520.4461,-0.2447,0.0411,0.1232,-0.0258,0.0342,0.0136
44392.50977,-0.2241,-0.1356,0.3169,0.3428,0.4472,0.0055
44669.394,-0.1692,-0.4529,0.107,-0.23,-0.2068,0.4265
45502.7696,-2.4223,-0.5059,0.329,-2.3042,-1.1609,-0.4903
45424.725,0.8512,-2.038,0.678,-0.2175,2.8147,-0.0878
44416.21643,-0.2469,0.0117,-0.0024,-1.0173,0.2306,-0.6824
45407.35488,1.426,1.6375,-1.9384,4.5783,2.7775,5.4467
44774.61104,0.3028,-0.3245,0.1114,-0.5092,0.1165,-0.4806
44590.62321,-0.425,-0.1726,0.0353,-1.2642,0.1274,-0.4525
44636.73382,-0.3141,0.3692,-0.5109,-1.5559,-0.0173,-0.8166
44773.46507,0.6893,-0.7493,-0.6874,1.3646,0.1527,0.3083
45174.65087,1.5537,0.877,-0.2449,-1.2253,-0.8411,-5.3124
44941.49684,-0.5399,0.5674,0.0135,0.3839,0.2813,0.2919
44776.02839,-0.1317,0.0051,0.2135,0.0543,0.1863,0.1977
44506.72412,-0.5615,0.4447,-0.432,0.234,-0.0401,-0.0818
45307.03401,1.2517,-1.0683,1.5201,0.4685,2.0293,0.2901
44376.79637,0.0261,-0.0223,0.0068,0.157,-0.3927,-0.4759
45018.75802,-0.0775,0.896,0.0968,-1.3147,1.0192,0.2471
45255.47111,-1.0028,-0.647,0.2574,-2.465,-2.0909,1.4054
44634.11012,0.7683,-0.2457,0.0171,1.4828,0.0276,-0.5674
45149.53017,1.8102,2.2449,-1.7697,-2.2335,0.1542,1.7315
44751.20955,0.3279,-0.2482,-0.231,0.6943,0.4148,0.227
45399.33328,0.6791,-1.2153,0.5361,-1.4191,1.0641,3.9416
45400.96169,0.7685,-1.3163,0.5696,-0.7524,1.1523,4.5121
45408.74211,1.1019,-1.2564,0.2731,-0.0863,2.1353,-1.6597
45113.47709,-1.3419,-0.419,0.5096,0.2629,0.0541,-2.6213
45220.62992,-1.0828,-0.5883,0.6435,1.8296,-0.9607,-1.7808
44403.76,0.1378,-0.2102,-0.0006,-0.3484,0.2587,0.108
44624.09784,0.1034,0.0481,0.0571,0.1336,0.2607,0.0433
45454.48935,2.6568,2.1137,-2.7755,-1.5427,0.5719,4.1774
45310.01954,0.6597,3.9877,-0.9914,3.9927,-1.0792,-5.3642
45524.0599,0.9989,-1.5347,0.8277,0.8765,2.4751,-0.735
45292.07628,-0.2328,0.6581,-0.1724,-2.3651,-1.5441,2.169
45392.15598,1.0614,-0.0964,-0.002,1.3396,1.0341,3.9214
44530.06658,0.2862,0.2329,0.2868,0.1681,0.0551,-0.0459
45311.58768,0.1431,4.1729,-0.8754,3.5246,-1.7057,-4.4239
45419.93015,1.0321,-1.1985,0.4302,0.6847,2.7236,-1.3676
44993.24549,-0.0793,-0.4732,0.1562,-0.8583,-0.2097,0.1754
45223.53,1.5632,2.4328,-1.4604,-5.7319,-0.0843,2.3681
44520.3858,-0.2962,0.4345,0.1542,-0.0572,-0.0851,-0.0108
44721.08298,-0.0275,-0.1564,0.6041,0.8831,0.5778,-0.3277
44976.5086,0.3631,-0.2548,0.1481,-0.608,-0.1879,0.4112
45341.10093,1.1976,-0.1613,-0.0804,-2.7627,1.5757,-3.5016
45050.97554,-2.046,-1.0251,0.3472,2.2404,0.0429,-0.5332
44715.8659,-0.0631,-0.3754,0.2045,-0.7049,-0.2806,-0.2089
44384.48703,0.0782,-0.1253,-0.0112,-0.4559,-0.1425,0.0942
44463.71785,0.814,-0.1294,0.0028,-0.2581,-0.3127,0.0033
45493.14973,-2.0048,-1.069,0.1712,-2.4626,-1.5453,-0.2259
45531.23705,1.0479,-1.0256,0.4964,-5.2765,2.3474,-2.7386
45584.01027,-0.8807,2.7208,-0.6586,1.1667,-0.1248,-3.3873
44476.62579,0.6243,0.6047,-0.2743,-1.0685,-0.8428,-0.1729
45608.58749,-0.0079,-1.163,0.8629,-2.8349,0.5445,0.4352
44556.78646,-0.1298,0.1005,-0.01,0.1938,-0.0822,0.1756
44765.77519,0.0562,0.4506,-0.5171,-0.5129,-0.473,-0.9984
44471.10678,0.9203,0.2196,-0.0578,0.7332,0.3615,-0.7691
44415.1005,0.802,0.0722,-0.008,-0.7474,-0.1296,-0.5051
44887.45656,0.3054,-0.0674,-0.102,0.3688,0.0432,0.7896
44456.05745,0.4025,0.2067,-0.0868,-0.1112,0.1962,-0.0173
44970.08523,0.1391,0.0706,0.4957,-1.2567,-2.1366,1.3135
45063.88272,0.1401,1.5567,-0.6687,-3.7326,-0.3684,1.7268
45079.71511,-0.5182,2.6002,-0.8855,3.5864,-0.7078,-3.3618
45092.62251,1.2069,0.2714,0.2251,2.1307,1.0482,4.6563
45473.15613,-1.439,-0.4708,0.0246,-4.071,-2.2584,1.5614
45530.06097,-1.6061,-0.3022,0.0382,-1.0649,-1.5091,0.589
44401.34706,-0.1045,-0.4541,0.0313,0.3564,0.1389,-0.2085
44969.63287,0.4577,-0.7118,-0.051,-1.3243,-0.6394,-0.2658
45209.08995,0.905,-1.1358,1.2728,-0.1189,1.6873,1.4205
45450.32777,0.6526,-1.6201,0.9882,1.2156,2.2389,0.8638
45165.09115,1.6498,1.058,-0.0955,-0.3578,0.6832,-5.1566
45601.47063,0.8835,-0.8231,0.7779,0.2821,1.3575,5.3781
44453.55425,0.0305,0.0181,0.0878,0.1942,0.0521,0.0751
44983.68587,-0.0349,0.0161,0.0107,0.4821,-0.7559,-0.258
44636.191,-0.1684,0.3367,-1.1347,0.3583,-0.2307,0.2282
44481.99409,0.3221,-0.0682,-0.0132,-0.1883,-0.0821,-0.6976
45195.45906,0.8869,-1.2936,0.9892,0.3687,1.5564,2.1486
45179.0236,-0.3317,1.3984,-0.4418,-1.6965,-0.5026,2.3167
44589.83913,0.0269,-0.3305,-0.9344,0.2504,-0.0829,0.2345
45162.91986,0.8224,-1.1382,0.8096,-0.8285,0.5827,3.3024
44706.27598,-0.3389,0.1002,-0.3095,-0.5269,-0.4264,-0.5819
45347.34335,1.4496,0.5963,-0.4565,-3.3042,-0.3733,-5.288
45372.82566,1.177,0.268,-0.3084,-1.6836,0.0621,-4.2741
45117.72934,1.2584,-1.6673,0.8981,2.2388,-0.5016,2.5988
45346.77038,0.5895,-1.3294,0.3766,-1.0337,0.9248,4.0587
45211.98497,-0.6876,2.3102,-0.6042,2.5398,-0.4445,-3.8393
44376.43446,-0.058,0.1314,-0.0733,-0.1027,-0.1727,-0.2768
45574.96343,-2.0363,-0.6989,0.3776,-3.6117,-1.5734,0.3275
44443.20956,0.3213,0.0276,0.0752,-0.4597,-0.2036,-0.1919
44667.34334,-0.1224,-0.4341,0.2476,0.0821,0.0679,0.3263
44821.95665,-0.2207,-0.1654,-0.295,-0.1789,-0.275,0.0196
45179.14423,-1.2261,-0.6726,0.4252,-0.535,-2.0939,1.288
45344.38803,0.7839,-1.1585,0.6946,0.0823,0.644,3.058
44969.09006,-0.1479,0.1794,0.0599,0.1854,-0.2469,0.8664
44704.04439,-0.2827,0.1229,-0.0624,-0.3767,0.019,0.2933
44861.19,0.7024,-0.1691,0.1253,-1.5804,-0.2999,0.2754
45127.9377,1.008,-1.4086,1.1279,-1.6117,1.7777,3.2461
45184.42168,0.7829,-0.9006,0.8631,-0.7014,0.6274,2.9104
45086.53057,-0.8563,0.0285,-0.0071,-1.8843,-1.6019,1.5071
44514.92716,-0.5379,-0.3657,0.3923,-0.0041,0.0168,-0.1148
44850.54481,-0.0464,0.0065,-0.1692,-0.5642,-0.3965,0.2664
44643.85094,-0.2943,0.6778,-0.7,-2.1609,-0.9019,-1.0047
44364.94371,0.0141,0.1866,0.2577,-0.8177,0.6097,-0.3467
45137.61815,1.2715,2.0247,-1.3624,-4.5796,-0.2457,1.5394
45627.9682,-0.0024,0.0076,0.0451,-0.0984,0.1232,-0.0029
44944.06013,0.0853,-0.2619,0.2151,0.1525,0.1809,-0.0407
44903.31903,-0.1087,0.0595,-0.1969,-0.1015,-0.2342,0.0949
44695.99247,-0.2299,0.974,0.2094,0.0629,-0.0547,-0.1923
45012.27433,-0.2205,1.0699,-0.5344,-0.383,0.417,-1.4686
44986.43011,0.4807,-0.3883,0.2751,-0.3033,0.3847,0.5079
45094.28119,1.4225,2.0479,-1.6196,-2.9678,-0.0603,1.7665
44922.64922,0.0181,0.2371,-0.1208,-0.1114,-0.1329,-0.3696
45593.23799,0.9403,-0.6274,0.4747,-2.4874,3.4765,-1.18
45146.33352,0.4684,1.623,-0.6705,-6.6728,-0.6304,1.7767
44528.98088,-1.2994,0.049,0.0519,0.5888,0.335,0.4573
45088.73206,1.2771,1.3051,-0.1102,4.3919,0.5518,4.7678
45603.55141,0.2836,3.99,-0.9722,4.467,-0.9179,-5.8854
44897.49879,-0.4462,-0.7313,0.9706,1.8253,-0.0377,1.1663
44863.05972,-0.0865,-0.026,0.2982,0.5638,0.2282,0.1174
44959.65093,0.271,0.0638,-0.1186,0.8202,0.207,-0.2482
44398.60237,0.7011,-0.5958,0.2178,1.42,0.1844,0.0648
44666.61957,0.1428,-0.5564,0.1798,1.5726,0.7495,0.6895
45577.31561,-1.1489,-0.2045,0.1932,-3.1381,-1.8185,2.0568
45207.82335,-1.1966,-0.6567,0.3319,-2.8434,-1.9713,1.5298
44545.83921,-0.2385,0.53,0.0176,0.3306,0.1713,-0.3154
44899.94151,-0.1696,-0.3459,-0.1574,0.5277,0.2478,0.0844
45034.58029,-1.8319,-0.6569,0.6417,-0.2876,-0.3597,0.6606
44951.14685,0.0681,-0.0765,0.6357,0.9141,-0.0635,0.5307
45464.26001,-1.1306,0.3809,-0.3513,-3.5488,-0.8677,2.8217
45535.3986,0.6433,-1.3925,1.1131,-0.6783,1.7209,2.2468
44550.24225,0.3093,0.5989,-0.0979,-0.3613,-0.2076,-0.3298
45332.50633,0.9404,-1.9586,1.0682,0.1303,2.2029,0.1145
45364.53257,-1.3603,-0.6037,-0.0554,-2.3322,-2.2353,1.843
45402.04734,-1.8957,-0.7528,-0.1639,-1.5973,-2.0744,0.8558
44696.77655,0.2901,-0.0092,0.1149,0.0908,0.1046,-0.0713
44714.05646,0.1975,0.1618,-0.1203,2.1953,0.9041,0.9278
44748.01293,0.3467,0.4282,-0.4767,0.2213,-0.2827,0.2597
44907.02827,0.0785,0.1544,-0.1504,0.6973,-0.0766,0.08
44998.25151,0.006,0.123,-0.417,-0.5107,0.1067,0.3772
45041.00368,-0.2146,0.1491,0.9579,-0.4839,0.0263,0.4055
45168.01639,-1.7667,-0.886,0.394,-1.3368,-1.7176,-0.0044
45247.87161,1.3093,-0.3807,0.4357,-3.1395,3.1621,-2.6175
45268.07662,1.7053,1.0112,0.5037,2.8711,1.6302,4.4263
45401.8061,0.763,-0.404,0.2043,3.5092,-0.1461,5.3101
44806.66738,-0.5392,0.0838,-0.1764,-0.7212,-0.4881,0.1692
44480.39567,0.2572,-0.1256,-0.0191,-0.0635,-0.6361,0.1509
45251.27931,1.6121,2.8694,-0.2011,6.1274,1.4598,5.2688
44993.12486,0.1865,0.1255,-0.2413,-0.611,-0.9081,-0.0338
45284.02954,1.507,0.7307,0.6054,1.9244,0.5003,4.6145
45300.15831,-0.9643,-0.5736,0.3917,-2.186,-2.1161,1.1403
45482.44426,0.521,-1.1776,0.3814,-0.9436,0.1157,4.4164
44861.22015,0.2158,0.2468,0.2435,-0.4821,0.0158,0.03
44552.35331,0.1482,0.2055,0.0278,-0.6214,-0.1328,-0.3189
45131.255,3.3257,2.5559,-2.613,-1.6348,0.2567,2.6262
45471.16583,1.1393,-1.3518,0.6667,-0.2005,1.3442,-1.6315
45303.44537,-1.4503,-1.0152,0.6655,-1.4444,-1.6339,0.01
44511.51929,-0.0978,0.3713,0.4234,-0.0137,0.2371,-0.6448
45627.12382,0.001,0.022,0.0356,0.1625,-0.0422,-0.0456
44612.66823,0.1471,0.1204,0.6294,1.2982,0.2131,0.5996
44573.1922,-0.8674,0.6272,-0.5496,-0.0331,-0.6444,-0.5851
44623.31377,-0.4511,0.6092,-0.3228,-1.0103,0.1966,-0.6025
45237.37706,-0.1809,2.4984,-0.6696,2.0162,-0.6589,-4.1613
45218.51896,1.5236,-0.9444,0.7388,-0.7436,3.3741,-1.4876
45251.49042,-1.1273,-0.5981,0.3809,-2.5789,-1.6019,1.5222
45368.39261,0.4654,1.8092,-1.3497,-3.8005,-0.4948,1.3246
44952.23249,-0.1812,0.3073,0.078,-0.2134,-0.088,-0.1362
45579.24561,1.2299,2.1178,-0.84,0.8406,-0.8672,-5.4533
44477.83217,-0.064,0.0016,0.4008,0.7572,0.3327,-0.4633
44637.63855,-0.4484,0.0108,0.1975,1.4853,1.1254,-0.3881
45132.31052,-1.9355,-0.8328,0.5139,0.5588,-0.7803,-1.1586
45624.01765,0.3414,-0.1912,0.0635,1.8644,0.1148,-0.1417
44562.09421,-0.3377,0.2896,-0.1962,-0.3452,0.2499,-0.0857
44450.87007,-0.6774,-0.2255,0.6588,1.0952,0.3681,0.1064
45387.08971,0.9632,1.6929,-1.1183,2.4538,-1.491,-4.9628
44654.28533,-0.4648,0.3133,-0.2563,-0.4125,-0.111,-0.3848
45223.80139,-1.1795,-0.8073,0.6656,2.0828,-0.7759,-1.2989
44651.87275,0.135,-0.2144,-0.0843,0.1235,0.0735,0.2505
44941.22545,1.6486,-0.8634,0.0653,0.8745,-0.0726,0.8129
45201.09836,0.7485,-1.2038,1.1356,-0.3185,1.7089,1.8686
45594.11254,0.7364,-1.6817,0.6672,0.6962,2.3695,0.8641
45293.91587,-0.6652,2.6834,-0.3576,1.6034,-0.9373,-3.257
45516.70175,1.3192,0.3971,0.0146,-1.3744,-0.2237,-4.7229
44538.05848,0.084,0.1137,0.0965,-1.4075,-0.0984,-0.7688
45054.53407,2.4886,1.6341,-2.0503,-2.9042,0.231,2.2414
44896.53381,0.9393,-0.1418,0.0192,1.7216,-0.3158,0.1491
45319.1972,1.3668,0.6839,0.4978,1.9988,0.2692,5.1166
44393.92735,-0.1068,-0.2557,0.0209,0.3273,0.0094,0.1851
44700.5763,-0.4338,-0.0757,0.1115,0.3269,-0.1434,-0.2172
44498.18927,-0.0686,0.1746,-0.1597,-0.1735,0.056,-0.2687
44594.54369,-0.5259,0.3445,-0.0043,-0.0313,-0.4149,-0.5769
44806.39595,0.207,-0.3347,0.4726,0.5216,0.0042,0.4333
44433.28698,-0.4006,0.0209,-0.1276,-0.1604,-0.4413,0.0239
44833.80809,0.2423,0.095,0.1546,0.8892,0.0174,-0.2292
45371.07656,-1.7249,1.1772,-0.1962,2.1782,0.0578,-2.96
45423.0061,1.0796,0.4963,-0.2001,-1.0716,0.6835,-4.1927
44839.32668,-0.0981,-0.588,0.1397,0.4948,-0.151,0.661
45100.43356,0.6399,-1.1949,0.5803,-1.237,0.1856,3.9354
44733.8996,-0.7173,0.3359,-0.0916,0.4756,0.2249,0.5226
44822.89151,0.2457,0.0735,-0.2029,-0.3152,-0.1409,0.1927
45195.48921,0.8187,-1.0232,0.9137,-0.4592,0.7963,3.3665
45444.29653,-1.8359,-0.7403,0.1731,-2.3278,-1.9115,1.3053
45493.48146,1.0188,-1.1038,0.4222,-0.7908,2.6992,-0.6456
45499.66349,-1.6247,1.3201,0.4039,0.1726,0.7992,-4.3422
44493.12262,-0.0812,0.2482,-0.3387,0.2694,0.1891,-0.8576
45421.64908,0.4576,-1.2101,0.2482,-0.6132,0.1302,4.4063
45141.96077,1.6455,2.4816,-0.9401,1.5961,-0.6718,-6.1525
44884.9837,0.1215,0.1195,0.1855,-0.2519,0.1561,-0.1794
45165.96572,1.2674,-1.0867,0.6845,-1.6704,2.81,-2.2588
44486.00517,0.2437,-0.0913,0.3876,0.7248,-0.0672,-1.0354
45394.02572,-1.9649,-0.6143,0.1454,-2.0384,-1.623,1.0714
45496.52724,0.0195,2.9774,-1.0514,2.5614,-1.8082,-5.0538
44701.20962,0.0705,0.3044,-0.1739,-0.4387,-0.0144,-0.2814
45258.00428,-1.0298,-0.731,0.6136,1.3162,-0.8837,-1.7392
45525.98989,-1.2006,-0.177,-0.0051,-1.6089,-1.3789,1.8182
44833.68745,0.3052,-0.0191,0.5734,1.4299,-1.4982,-0.7907
45211.77388,-0.7434,-0.2455,0.2397,-2.2674,-1.7795,1.9994
44555.94206,0.3569,-0.3467,0.3583,0.7938,0.3085,-0.2368
45190.78478,1.049,-0.7179,0.9141,-0.7647,1.1207,4.4691
44738.06123,-0.2847,-0.0544,0.318,-0.8651,-0.0644,-0.1572
44831.48606,0.2077,-0.3905,0.3648,0.3947,0.2996,0.2664
44549.97083,-0.1995,-0.2222,-0.0979,0.0463,0.5428,0.5855
45252.2745,-0.8837,-0.6495,0.4301,-1.2894,-2.9082,1.4147
44848.01171,-0.0903,0.3739,0.3049,-0.757,-0.1286,-0.3929
45508.77065,1.2063,-1.3606,0.7279,-1.7856,2.8537,-0.8532
45310.77344,-0.3449,3.9751,-0.5422,2.8886,-0.1352,-4.8612
45408.89287,0.6726,-0.9252,0.2596,0.1691,1.1522,4.5187
44384.12513,0.0953,0.0091,-0.0726,-0.0015,-0.0374,-0.1334
44603.19884,-0.9122,-0.6817,0.5389,0.5315,-0.0895,0.5578
44361.41502,-0.086,-0.2624,-0.0046,0.3433,-0.675,-0.7227
44998.49275,0.1482,-0.1646,-0.1931,0.5209,-0.5542,-0.2607
44762.45793,0.0684,-0.0516,0.1647,-0.2442,-0.5425,-0.0209
45293.25241,2.2349,1.1509,-0.0999,-2.745,0.1094,-5.5105
44385.18073,0.0557,-0.095,0.0166,-0.1356,-0.0545,0.2942
45027.86538,0.0244,-0.1687,0.1715,2.2752,0.5057,-0.7768
45531.02596,-1.3271,0.5675,0.172,0.7707,0.5615,-1.7099
44437.14746,0.3052,0.391,0.0444,0.1106,0.0306,0.0063
45283.57717,-0.9924,-0.7384,0.8598,1.4483,-0.6171,-1.7756
44508.41298,-0.0725,0.3772,0.2583,0.574,0.1179,0.3477
45557.44272,-0.5256,2.7867,-0.785,1.5424,-1.3189,-4.153
44372.60421,0.0715,0.0881,0.2755,0.5079,-0.1696,-0.2086
44857.14905,-0.0801,0.0757,0.0668,0.2793,-0.0421,0.1642
44876.35879,-0.3524,0.4263,-2.3453,-0.565,-0.9053,-0.6551
44834.32074,0.0704,-0.032,-0.0149,-0.1343,0.034,0.1054
44892.10073,-1.1546,0.1571,-0.1357,-1.449,-0.2069,0.3351
45106.25421,-2.0735,-0.7164,0.1012,0.1018,-1.4994,0.2484
44617.85526,0.563,-0.5749,0.3946,0.3533,0.1891,0.0559
45379.82195,-1.5982,2.9896,-0.4397,2.115,0.4224,-3.7991
45456.50985,0.6022,2.7907,-1.1616,3.308,-1.6153,-4.8653
44707.90446,-0.2748,0.0133,-0.1166,0.2887,0.0077,-0.0985
45023.3117,0.1776,-0.0375,-0.0372,0.6462,0.6505,-2.3147
44464.83373,-0.2946,-0.6561,0.3421,0.9261,0.1687,-0.3264
44753.0491,-0.4658,1.2872,-1.761,-0.9988,-0.2216,-0.365
44458.59083,0.1209,-0.3263,0.4916,-0.5284,0.1569,-0.0706
45167.74497,1.4759,1.3337,0.3076,3.0495,0.4115,5.3051
44425.08349,-0.7748,-0.006,-0.3494,-0.2672,-0.2673,0.2721
45173.77631,0.674,4.4065,-1.4712,3.5044,-1.8273,-5.5885
44834.53186,0.0014,0.0396,-0.0078,0.2637,0.0613,-0.1142
45096.75423,-0.7298,-0.1136,0.214,-3.5385,-1.2881,2.6186
45301.87724,-1.2998,-0.781,0.7349,0.8162,-0.471,-1.7763
45349.09242,0.8518,-1.7223,0.5907,-0.9967,1.5863,1.823
44809.26082,0.3092,0.0978,-0.3098,-0.184,-0.1101,-0.2091
44463.05432,-0.362,0.1996,-0.2928,-0.1722,0.2169,0.1314
45008.53488,0.4466,-0.6587,0.92,-1.5955,-1.9575,0.9476
45398.79046,-1.4104,-0.3182,-0.1654,-3.764,-1.5843,1.6385
44690.35307,-0.2308,-0.2647,0.111,0.0632,0.1417,-0.1673
45094.43201,-1.1843,-0.657,0.2687,-3.8545,-2.4234,1.5263
44444.08418,0.4029,0.1386,0.1546,1.3619,-0.0392,-0.5231
44412.14475,-0.069,-0.0755,0.1709,-0.1108,0.3053,-0.3438
45002.65435,0.1023,0.2115,0.168,0.538,-0.1271,0.4174
45140.75449,2.945,2.6823,-2.2405,-2.1843,0.4648,2.5447
44422.36909,0.3589,-0.0289,0.118,0.4736,0.0645,-0.2186
45450.59923,-0.8418,0.5695,-0.5754,-2.2309,-0.5271,2.2024
45399.42373,1.8011,1.8983,-2.4363,-0.4354,0.6807,4.2096
45578.31075,-1.1567,2.2533,0.0504,1.024,-0.8693,-3.7738
45428.91677,0.4325,1.4569,-1.5265,-3.77,0.0439,2.0614
45319.70988,1.78,1.4587,-0.4209,-4.3698,-1.3817,-4.8028
45265.57361,1.012,-0.6929,1.3275,-0.4757,2.4983,2.2861
45190.15147,-0.1655,1.022,-0.3816,-0.2984,-0.4379,2.1874
45560.72975,1.1591,1.7146,-0.2611,1.3524,-0.3569,-5.9568
44912.27545,-0.1664,0.7711,-0.0953,-1.1915,0.2413,-0.457
45037.40998,-0.1348,0.018,-0.1065,-0.5248,0.1807,0.0066
44809.59254,-0.4546,-0.2045,0.0704,-1.238,-0.2181,0.4177
45423.60923,-1.5854,-0.6235,0.15,1.397,-0.8434,-1.5976
45457.29391,-0.1164,3.433,-1.0264,2.2209,-0.7547,-5.3608
44678.38078,0.3285,-0.0525,0.1613,0.2106,-0.426,0.1431
44566.55755,-0.3012,0.0062,0.2616,0.4032,0.1817,0.3436
45306.9134,2.1771,0.6711,0.0421,-3.0799,0.6016,-4.5863
44458.10828,0.4818,-0.2691,-0.0698,-0.5829,-0.0408,-0.0101
45616.64929,0.0909,-0.3231,0.4575,-0.7028,-0.7885,1.0345
44458.8924,-0.2148,-0.2993,0.2749,0.2593,0.1882,-0.3741
44584.38064,-0.6095,-0.2869,0.2951,0.707,0.0889,0.0995
45492.18474,-0.4965,1.16,-0.6405,-0.1998,0.0882,1.3529
44363.94843,0.1049,0.3553,-0.112,-0.0458,-0.046,-0.9207
44397.78803,0.9269,0.0108,0.1364,-0.7175,-0.2402,-0.0908
44754.58708,0.8178,-0.0195,0.3549,0.826,-0.125,-0.1309
44789.74963,0.6802,-0.3755,-0.5612,0.4655,-0.3392,0.5644
45055.68003,0.2394,3.7179,-0.665,8.0432,-0.0996,-2.5772
44877.77619,0.2049,-0.2843,-0.4091,-0.4545,-0.0464,-0.1063
44729.34592,-0.1489,0.4007,-1.1089,-0.0051,-0.1808,0.0281
45079.53418,-1.1216,-0.5267,0.1502,-2.5347,-2.1924,1.9671
45151.12852,2.4982,2.0106,-2.4023,-1.2418,0.9023,2.7491
45235.53748,-0.4787,0.5696,0.0872,-2.1777,-1.113,2.4291
45305.70712,-0.0508,1.1823,-0.0905,-1.1849,-0.8155,2.9257
45558.46805,1.2595,-1.4436,0.576,0.7607,2.7291,-1.283
44955.42903,-0.0751,0.1067,0.4937,0.7541,0.1306,0.0388
45348.64008,-1.7289,-0.7532,-0.252,-0.8783,-1.7327,0.5095
44865.41188,0.0145,-0.064,0.0856,0.4174,0.0502,0.3266
45171.60506,1.0272,-1.6715,1.4589,-0.0225,1.8467,1.3063
44552.65488,-0.0446,-0.2605,0.3259,0.771,0.0675,-0.1017
45360.46146,-0.9898,0.4186,-0.4826,-3.2628,-1.7246,1.6734
44679.34583,0.5043,-2.0668,-0.1109,2.4857,-0.8327,0.5783
45612.47765,-1.9386,-0.5927,0.1539,-1.7583,-0.9947,0.3203
44365.03419,-0.2483,-0.0029,-0.3047,0.0869,0.6776,0.3844
44870.14644,0.0001,-0.0788,0.036,-0.0504,0.1383,0.27
45090.08918,1.4243,-0.4764,0.4134,-4.1061,2.0021,-3.853
45428.58504,1.1127,0.003,0.1305,-3.5401,1.1889,-3.575
45626.12862,0.0119,-0.0904,-0.0415,0.4579,-0.065,-0.2058
44468.96549,0.0801,-0.12,-0.1399,-1.0673,-0.2101,-0.2387
44545.65827,0.2103,-0.5001,0.4716,-1.031,0.1564,0.348
44687.54849,-0.6358,0.2248,-0.0718,-0.9124,-0.3273,-0.5903
44499.33529,-0.2294,-0.1556,-0.0999,-0.4218,-0.0267,-0.0076
45420.92532,2.2031,1.9339,-1.3986,0.3747,2.8175,5.6534
45313.27647,1.8413,1.4244,-0.4605,-1.1823,-1.359,-4.8745
44559.56098,-0.6675,0.5415,-0.4677,1.1743,-0.353,0.6979
44723.04316,-1.198,0.8749,-0.6691,-3.4519,-0.9596,-0.7073
44920.29703,0.5453,0.32,-0.1507,0.0672,-0.1231,-0.2046
45306.46104,1.0289,2.3157,-0.5659,-3.9018,-0.4588,2.112
44786.76413,-0.2298,0.6606,0.4305,-4.1726,-0.0724,-1.9509
45171.15268,-0.8828,-0.6064,0.3928,-4.074,-1.8542,1.9998
44761.22155,-0.1425,0.1004,-0.018,0.6255,0.1615,0.9801
45166.8704,0.937,-1.2035,1.0509,-0.5133,0.8959,3.0377
45406.84221,-1.8058,-0.7871,-0.0866,1.5394,-0.738,-0.8266
45411.33557,1.1408,2.0723,-1.8859,-5.6955,0.1331,2.2328
45560.24725,1.7962,2.0811,-1.2554,4.5895,2.0951,5.5924
44663.21183,-0.0704,0.0589,0.1266,-0.0189,-0.7852,0.692
44794.60483,-1.0278,0.59,0.3442,2.4366,0.5687,0.7481
45009.83164,0.0288,-0.0872,0.1393,3.2378,1.063,0.5378
44656.06456,-0.1891,0.2535,0.3952,-0.4269,0.0282,0.2345
44623.01219,0.0601,-0.2549,0.3069,-0.9184,-0.123,0.0348
45004.16219,0.002,0.0495,0.0161,1.1439,0.2691,0.1399
45466.28052,1.0212,-0.7628,0.6313,-3.6713,1.0486,-3.4094
45413.23541,-1.4059,-0.4792,0.2524,0.7542,-0.5734,-2.7473
45210.71839,0.6638,-0.9305,0.7637,-0.5946,0.2911,2.9743
45555.87463,0.2479,3.0904,-1.1455,3.9687,-1.7682,-5.4955
45359.88846,-1.7538,0.124,0.2299,-0.7182,0.6301,-3.4525
44958.53516,-0.1384,0.1991,-0.1072,0.0473,0.2162,-0.1251
44788.12116,-0.0552,-0.398,0.097,-0.1606,0.5339,-0.0545
44792.40337,0.3597,0.3627,0.0196,0.2174,-0.0471,-0.8327
45420.71423,0.8346,-0.943,0.093,0.0546,2.6784,-1.6811
44954.10217,0.0973,-0.1101,0.0279,1.2777,0.3471,0.0251
45493.45128,0.7823,-0.8134,0.3811,-3.0732,2.7067,-1.7887
45037.28934,-0.0347,0.088,-0.1638,-0.0547,0.3662,0.046
44972.22636,-0.0099,0.1137,-0.0755,0.0764,0.0531,-0.3648
45308.81325,1.9814,2.6015,-1.5545,-5.7621,-0.687,2.2566
44661.04048,0.3188,0.2133,-0.388,0.1126,-0.501,0.413
45060.92734,-1.2615,-0.5527,-0.0041,-2.9277,-1.8414,0.997
45222.80622,-0.3709,0.9175,-0.2173,-1.0478,-0.3863,1.851
44447.19061,-0.5043,0.2802,-0.1103,-0.8918,-0.3503,-0.1507
44498.34006,0.2243,-0.3673,0.0198,-0.7244,0.1675,-0.4237
44442.45559,-0.6402,0.4229,-0.0548,0.3818,-0.225,-0.1482
44923.46343,-0.4446,-0.0386,-0.5205,-1.1976,-0.2806,-0.0213
45302.32957,0.9966,-0.5739,1.0012,0.1106,0.85,4.3859
45042.00892,1.0391,1.2709,-1.4042,0.551,-0.7059,-5.3936
45616.67944,0.1425,-0.1647,0.4125,0.481,-0.5021,1.959
45053.93093,-1.4888,-0.7737,-0.3491,-2.492,-2.3846,1.0983
44654.49642,-0.0254,-0.1716,0.1665,-0.1965,-0.0844,-0.534
44460.40035,0.7498,-0.2897,0.1188,-0.1887,-0.2225,-0.2933
45602.8578,1.4403,0.3169,0.6821,-2.7692,1.5934,-3.5956
44364.97386,-0.1116,1.2847,0.071,-2.2033,-0.2442,-0.5591
45535.85098,-1.5332,-0.6494,0.4606,1.9614,-0.1919,-1.8509
44813.90492,0.2638,-0.2164,0.7881,-0.4327,-0.1014,-0.0543
44436.8157,0.3296,-0.1694,-0.0615,-0.2254,-0.0271,-0.2394
44787.57836,-0.5386,0.6563,-0.3051,-1.4142,-0.2734,-0.8023
44437.23794,0.3486,-0.0366,0.4048,0.2252,-0.0654,-0.0883
44883.56633,-0.0323,-0.0751,-0.3827,0.0689,0.0544,-0.0589
45338.26625,0.8004,1.9677,-1.5008,-2.7344,-0.1104,1.7236
45238.16112,-0.441,2.7988,-0.2573,1.0172,-0.8156,-4.1253
45023.73388,-0.0258,-0.1142,0.1638,-0.6078,1.103,-0.1931
44378.66629,0.0548,0.0047,-0.0334,0.0454,0.0509,-0.1187
44530.15704,0.4116,0.3984,0.2125,-0.8938,-0.0782,-0.1381
45588.77491,-1.7534,-0.6892,0.7285,-0.3048,-1.1111,-0.4157
44699.09865,-0.4893,0.2095,-0.0325,-1.1476,-0.205,-0.0067
44778.19967,0.9144,-0.9812,0.6182,-0.6886,0.86,-0.2057
44860.64717,0.0695,-0.3478,0.356,-0.0881,0.2727,0.3084
45028.73993,-0.167,0.4282,0.4158,1.7468,-1.0392,0.1843
44584.04891,0.0146,0.0312,0.1556,-0.1647,-0.2274,0.2618
44856.2142,0.3251,-0.0683,-0.0514,-0.4117,-0.1852,-0.1543
44834.95403,0.1495,0.3692,0.1405,-4.2695,2.3442,3.1314
44899.06695,0.1142,0.0103,0.2434,1.55,0.4639,0.1033
45035.46488,0.0644,2.4078,-0.522,9.195,-0.1282,-0.4838
44443.26989,0.1705,-0.1209,-0.0752,0.1208,-0.1975,-0.2435
44569.1511,-0.7228,-0.4278,0.44,1.1186,0.0422,-0.248
45211.47231,0.9895,-1.4002,1.3414,0.2317,2.1312,2.0521
45269.61462,0.9082,-0.6988,1.101,-0.4986,1.4877,3.0058
45424.69485,0.9768,-1.665,0.4377,-0.9946,2.9474,-1.0526
44741.28799,-0.2008,-0.3833,0.6086,-0.0135,0.3917,-0.1356
44634.29106,-0.173,-0.0404,0.0384,-2.8265,0.515,-1.7683
45470.29131,1.1713,0.148,-0.0487,-2.6421,1.4704,-3.9889
45559.19179,1.306,0.0166,0.4454,-2.8279,1.838,-4.2163
44664.74983,-0.2171,1.0151,-0.8634,-2.9702,-1.1759,-0.8153
44450.71925,0.3714,0.2569,0.7999,0.0118,-0.3146,0.1042
44867.73391,0.0489,-0.2599,0.6389,0.6176,0.8302,-0.3604
44695.05759,-0.3123,0.5124,-0.1489,-0.7036,-0.062,-0.3217
45096.96532,-1.1638,1.4951,0.0589,0.7005,0.5238,-2.2225
45449.0311,-1.2704,-0.3521,-0.2722,-1.9938,-1.8189,1.1181
45489.95321,-2.0714,-0.6489,0.3189,-1.0817,-0.362,-1.7224
45141.3878,0.9381,-1.545,1.171,-0.6778,1.2667,2.467
45330.24455,0.4731,-1.1092,0.6096,0.1209,1.4989,3.795
44937.60669,0.0507,0.1071,-0.0425,-0.2401,-0.1237,0.2913
45073.89483,1.6189,1.0013,-0.1273,1.1271,1.8638,6.0954
45392.81945,1.0655,-1.7728,0.9951,0.6019,2.5549,-0.9861
45551.53212,0.2297,1.998,-0.7538,-4.1136,-0.7871,1.4964
45508.1977,1.6869,1.8831,-2.6859,-3.3875,-0.2714,2.6499
44578.10785,-0.2005,0.5938,-0.3376,-0.3136,-0.2446,-0.2648
44523.70321,0.4918,-0.6054,0.0701,-0.3663,0.3528,0.2156
45269.01146,0.0256,0.8662,-0.4201,-2.1814,0.4683,1.8377
45502.73945,-1.8864,-0.4189,0.1564,-3.0052,-1.4202,0.477
45076.0058,1.4138,-0.9001,0.3524,-1.3372,2.6883,-2.8465
45093.97962,1.5258,-0.148,0.3212,-4.0701,1.9094,-4.5639
45541.79171,0.8789,-1.7084,0.9905,0.1306,2.2316,-0.2019
44393.05264,0.1572,0.0179,-0.2319,0.2803,0.1874,0.4313
44607.78274,0.0124,0.0668,-0.4985,0.6432,0.0252,-0.2573
44778.44095,0.8542,-0.6122,0.4711,0.6743,-0.2897,1.3426
44917.55279,-0.0265,0.035,0.3559,-0.9474,-0.3803,-0.6485
45507.866,1.6475,0.822,-0.044,-0.1451,-0.5681,-4.4073
44816.79991,-0.0324,-0.0228,0.5389,-0.4774,0.2568,-0.4099
44503.70825,0.2344,-0.118,0.2057,-0.4949,-0.0163,-0.2387
45541.3997,-2.0575,-0.8132,0.3205,-1.5203,-1.7032,0.2169
44560.1038,-0.0254,0.2968,0.2025,0.4391,-0.1839,-0.3008
44949.39778,-0.3652,0.0546,0.056,0.3155,-0.089,0.9565
45231.79799,-0.8983,2.5633,-0.1851,0.7583,0.3184,-3.5663
45004.34313,-0.0049,0.1093,0.0934,0.0099,0.0962,0.2986
44645.50958,-0.0159,-0.0187,-0.001,-0.0035,0.0066,-0.1994
45508.80083,0.9727,-1.9952,0.6737,-2.0593,2.374,0.0306
44913.9039,0.1043,-0.1152,0.009,1.0918,0.1267,0.3858
44466.73372,-0.2036,0.3671,-0.4408,-0.4414,0.179,-0.2585
44761.04061,-0.6111,0.1518,-0.0489,-0.1523,0.1282,0.7393
45234.42168,1.531,-0.7836,1.1781,-0.3026,1.9613,-1.6751
44876.23818,0.5186,1.4801,-0.6644,-0.8418,-0.522,-0.7574
44831.667,0.0275,-0.1901,-0.0483,-0.0239,0.0036,0.0989
44880.30938,-0.0906,-0.1958,-0.1359,1.5481,0.284,0.8507
45320.01649,2.3044,1.7105,-0.1994,2.0915,3.0438,7.5536
44840.29168,-0.2304,-0.285,0.0896,-0.8077,-0.1653,-0.1312
45551.62261,-0.9779,-0.0286,0.1216,-1.8515,-2.1638,1.9821
45579.72809,-0.8612,0.4582,-0.0691,-2.4579,-0.6321,2.5671
44691.4086,0.4229,-0.0725,0.0942,-0.7558,-0.0213,-0.1332
45498.72863,-2.0849,-0.8134,0.1236,-4.6721,-2.1051,0.5842
44820.35837,-0.1549,0.7734,-0.9977,-0.8435,-0.0596,-0.0973
45169.76547,0.7149,4.2751,-1.1089,4.2768,-1.568,-4.2914
45507.77552,-0.0997,3.514,-0.936,3.0475,-1.5309,-5.0211
45601.7722,-1.9895,-0.7627,0.3405,-1.7265,-1.4119,-0.4283
44968.72816,-0.1422,0.2152,0.0887,-1.1868,0.465,-0.2104
45186.53265,1.0462,3.6892,-0.7491,2.499,-0.572,-5.3986
45581.56761,-1.535,0.6768,0.4611,0.0072,-0.7001,-3.5963
45294.73008,-0.4909,3.0529,-0.8116,1.5578,-1.1686,-3.9454
44516.37478,0.0646,-0.2741,0.6608,0.0866,-0.1755,0.6486
44589.05502,-0.1968,-0.5791,0.0908,0.4658,0.0931,0.2767
45555.96508,1.5714,0.867,-0.1609,-1.8639,0.3579,-4.7994
44756.51712,-0.1815,0.1093,-0.0425,-1.9707,-0.6292,-0.8688
44638.302,0.391,0.8753,-0.2021,-1.675,-0.6547,-1.2686
44741.0769,-0.5258,-0.0339,-0.074,0.4222,-0.1316,0.199
44560.85775,-0.0631,-0.0799,0.1562,0.9875,0.6685,-0.0573
45015.38049,0.3445,-0.1449,0.5107,3.8214,3.5464,-2.734
45030.46891,-0.2764,-0.1316,-0.5737,0.5486,-0.2782,-0.0083
45234.30104,1.4668,2.0054,-0.57,2.8758,-1.8252,-5.6118
45164.60864,2.0494,2.596,-1.3772,5.3973,3.0217,5.4186
45233.24555,-2.1441,-0.487,-0.1416,-0.0731,-0.8631,0.3865
44434.70447,0.9462,0.0789,0.3725,0.5099,-0.2513,-0.2926
45506.05662,-1.2782,-0.8243,0.1247,2.7535,0.1361,-1.9522
45569.35441,-2.0286,-0.9567,0.3117,2.1145,-1.2212,-0.0273
44915.65295,-0.2832,0.4534,0.2356,-0.3664,-0.02,0.0352
44966.88863,-0.0998,0.0764,0.1099,0.206,0.6896,-0.2807
45145.67006,-1.0884,-0.5415,0.3787,-3.4291,-1.7061,1.2423
45590.19224,0.9728,1.4786,-1.4935,-4.0696,0.0833,3.4549
45595.62032,1.239,-0.1019,0.5628,-4.8342,2.28,-3.3888
44628.65161,-1.1301,1.2094,0.2438,0.3598,0.6948,-0.1991
45141.32747,1.4696,-1.5022,1.2214,-0.5447,2.0473,-1.7379
45398.00635,-1.698,-0.7528,0.0103,-2.5277,-2.6265,1.1991
44849.24814,0.1098,0.0921,-0.2681,0.4227,0.2297,-0.0186
45600.68657,0.6788,-0.3277,0.5136,3.2524,-0.2435,5.3475
44399.11512,0.2158,-0.5715,0.123,1.6811,0.3398,0.4567
44715.95635,-0.312,-0.2824,-0.3489,-0.606,-0.5765,0.2265
44364.25004,-0.0891,0.3188,0.0527,-0.8984,-0.0796,-1.5445
44724.2193,0.6881,-0.1076,-0.0744,0.2194,-0.0127,-0.0356
44885.70748,0.3163,-0.044,0.1373,1.4216,0.376,-0.0665
45291.01582,0.8069,0.9913,0.043,-0.3789,0.0453,0.5191
45376.47459,-1.4614,-0.2712,-0.4608,-2.132,-2.0543,1.4542
44889.20567,-0.2913,-0.1139,0.2874,-0.2222,-0.1144,0.1663
45104.35425,0.6868,-0.9592,0.6381,-0.8043,0.504,4.088
45219.66493,-0.6397,0.2199,0.1766,-1.664,-1.0843,2.4001
44899.73037,-0.2361,0.1957,0.1513,0.4844,0.3579,-0.2315
44435.69975,0.4476,-0.0163,0.1881,0.4073,0.0326,0.1469
44538.51084,-0.0061,-0.494,0.0959,0.1765,-0.0114,0.4724
44556.81661,-0.0842,-0.0382,0.0306,0.0605,-0.0638,0.0772
45226.70153,0.826,1.7894,-0.8479,-5.3933,0.0065,2.2793
44899.0971,0.2223,0.0427,-0.1779,0.9539,0.3123,-0.1328
45100.58438,0.1736,1.4056,-0.5773,-2.2483,-0.5138,1.0153
44585.82819,0.4942,-0.5342,-1.4396,0.2661,-0.4931,0.4069
44487.81469,-0.1273,-0.3998,0.2143,-0.358,0.0826,-0.1126
44440.55552,-0.0288,-0.344,0.7375,0.8714,0.0158,1.08
44927.38375,-0.2226,0.347,0.0562,0.0263,0.0237,-0.2431
45087.37496,-1.3175,-0.6886,0.285,-3.0052,-1.3759,1.2485
44778.50125,0.4869,-0.0302,-0.162,1.0673,-0.1009,-0.063
45430.60554,-1.2244,0.1744,-0.2844,-3.137,-1.1918,2.5813
45002.59404,0.5098,0.4368,0.1418,0.8841,-0.1043,0.5988
45036.34949,-0.3744,-0.0431,0.0934,-0.2396,0.5445,-0.4684
45198.56523,1.2918,-0.531,0.7049,-2.5494,1.8702,-2.6263
44629.37536,0.4514,1.3393,-0.6761,4.1253,0.0443,-0.796
44959.1986,0.0535,0.0783,0.3217,-0.2016,0.2264,-0.3649
45172.02724,-1.841,-0.9039,0.536,-1.8091,-1.202,-0.4322
44866.04518,-0.2472,-0.5393,0.3316,0.5918,0.1157,0.3123
45208.72807,-1.4098,-0.8734,0.6484,1.1761,-0.7582,-1.394
45052.69449,1.2509,1.16,-0.3908,-0.6113,2.6048,-4.3318
44786.67364,1.3034,-1.2229,1.2086,-0.1752,0.9191,0.1858
44735.34712,0.1359,0.4023,0.3111,-0.6621,-0.4894,-0.6468
44830.24964,0.4401,-0.4273,-0.3256,0.1192,-0.0199,-0.6658
44843.06609,-0.5271,-0.1734,0.2776,-1.1193,0.4387,0.3371
44895.2069,-0.631,-0.0314,0.1507,-0.3108,-0.3349,0.3035
44860.22499,0.1058,-0.1179,0.048,0.0104,0.0149,-0.1876
45527.64848,-2.2723,-0.6228,0.0582,-2.3841,-2.4187,1.3271
44913.39126,0.0857,0.0754,-0.0547,-0.6932,-0.3421,0.0313
45173.95725,1.3566,-1.2927,1.1229,0.5367,2.0277,-1.6575
44737.78984,-1.1102,-0.1267,0.8374,-0.0848,-0.9693,0.7997
45043.1247,0.3336,0.2503,-1.3248,5.206,0.5496,0.36
45133.93899,-1.3163,-0.6773,0.762,1.2802,-0.5708,-2.2064
44693.70051,-0.2507,-0.3825,-0.1542,0.0756,-0.0852,0.2278
45024.21641,-0.2861,-0.3023,0.4746,-0.6654,0.694,0.3461
45245.00674,0.3236,1.7971,-0.5375,-3.638,0.0094,1.5308
45618.80049,0.448,0.2996,-0.2773,-5.5202,-0.4792,-4.2863
44627.11357,-0.0153,0.0955,-0.2467,-0.2496,-0.1184,-1.0103
44420.04676,0.1412,0.2022,0.1367,-0.756,0.0796,-0.326
44925.18235,0.2229,0.0257,0.1487,0.4392,0.3303,-0.2307
45087.79717,1.0525,-1.5588,1.3195,1.3524,1.8485,-0.4631
45093.40663,0.8519,-0.8971,0.4943,0.538,0.2104,4.2426
45477.37802,0.7437,3.4067,-0.9747,2.0224,-0.8441,-5.1008
44749.43031,-0.2639,0.2685,0.4233,-1.1023,-0.6827,0.3256
44868.45766,-0.1366,0.0388,-0.5961,-1.3225,0.1774,-0.2191
45475.3274,1.6406,1.9373,-0.5058,4.5593,2.2594,6.1476
45517.93816,-1.2465,0.1592,-0.1495,-2.5168,-0.9894,1.8895
44714.81036,-0.3541,-0.41,-0.2911,0.9977,0.0056,1.0265
45096.4828,0.8959,-1.2769,0.9303,-0.8972,1.13,1.9962
44655.58206,0.8267,-0.1739,-0.3548,0.9414,-0.2475,0.7401
45290.19651,0.0957,0.5661,-0.2038,0.843,-0.5566,-0.4571
44786.4927,0.4355,-0.2274,0.0643,-1.3674,-0.1104,-1.1155
45339.02017,2.6666,1.9292,-2.7031,-1.2687,0.7212,4.0141
45136.38172,-0.7013,2.9302,0.2829,4.4046,1.1841,-4.3499
45473.97039,-1.7618,-0.7294,0.003,-2.9713,-1.9107,0.6573
44832.60185,-0.0474,-0.3115,0.0489,0.1697,0.6199,-0.047
44503.16542,0.2531,-0.1845,0.1174,0.732,-0.0499,0.7445
45429.82144,-1.0845,0.0872,-0.2237,-3.8547,-1.0104,2.6491
45491.06896,0.8681,-1.2012,0.508,-0.3787,3.2177,-1.0284
44748.6462,0.2949,0.2141,0.2625,0.5304,-0.2342,0.131
44876.781,0.5101,0.1494,-0.4882,-0.0583,0.1949,-0.7147
45160.05493,-1.4718,-0.5876,0.2741,-1.617,-2.3643,1.444
44770.93196,-0.1153,-0.0875,0.0333,-0.1189,-0.0879,-1.211
44806.09441,0.3876,0.2978,-0.1873,-0.2877,-0.2218,-0.5234
45530.90535,-1.719,-0.6636,0.1538,-2.8694,-1.4678,0.8095
45498.75878,-2.1826,-0.7011,-0.0042,-2.6897,-1.8232,-0.5278
44360.842,-0.272,-0.1014,-0.0644,-0.4458,0.5991,0.6869
44718.18795,-1.3043,0.0811,-0.1685,-0.7008,0.1272,0.1471
45147.56999,1.5035,0.6306,-0.1012,-1.9907,-0.1802,-5.0496
45568.14816,0.6667,-1.5644,1.1733,-0.7038,1.8501,2.7622
44371.63908,0.1225,-0.9426,0.4162,0.9234,0.2546,0.1096
44924.88079,-0.7386,-0.5969,0.6684,-0.3057,0.3783,-0.8302
45520.0491,0.8592,-1.8723,0.7619,-1.0597,2.3358,0.915
45546.34531,-0.3237,3.0895,-0.9831,1.1818,-1.9548,-4.1625
45193.04654,1.1599,-1.4993,1.2466,-0.6537,2.5396,0.4914
44681.12507,-0.2788,-0.199,0.1332,-0.7696,0.0829,0.4441
44592.85486,0.2918,0.3032,-0.2014,-1.1441,-0.5988,-0.7156
44958.86688,-0.1068,0.2388,0.1077,0.7451,0.5851,-0.5396
45267.62426,-1.1302,-0.6946,0.6063,1.1404,-0.6945,-1.1519
44478.61629,0.1038,0.0709,-0.0769,-0.2672,-0.0781,0.2296
45156.10438,-1.5418,-0.6984,0.7117,-2.8486,-1.928,0.4456
45028.55899,0.357,-0.2558,0.0943,-0.6492,-1.3958,4.0729
44998.16102,0.375,0.1497,-0.2599,-0.3546,-0.5537,-0.1848
45240.75461,1.3925,-0.8128,0.7727,-0.8079,2.9054,-1.4602
45513.35442,-1.4458,0.8823,0.3081,-1.6529,1.0736,-2.9788
44736.10103,0.1907,0.2256,-0.0373,-0.5541,-0.2565,-0.7422
45318.17188,0.4087,0.7325,0.8829,-4.7327,-0.0939,-0.2009
45096.12088,-1.2061,-0.7727,0.3722,1.9104,-1.0259,-1.6378
45315.02554,1.5453,-1.0693,1.3624,-0.7169,1.7538,-1.4879
45009.89194,0.1972,0.4691,0.337,11.8386,2.0411,0.2064
45368.93541,1.1104,-1.6268,0.5604,-0.6825,3.0237,-1.027
44409.97319,-0.2021,-0.9052,-0.2808,0.6315,0.0515,0.5398
44886.06937,-0.2908,-0.261,0.3498,0.8388,0.0757,0.3862
44533.77599,0.6129,0.058,0.3451,0.0774,0.0439,-0.0664
45108.60659,-1.7353,-0.9187,0.2904,0.3006,-1.3253,-0.2314
45070.1252,-0.5536,0.6753,-0.4376,-1.5314,-0.9699,2.1241
45398.09684,-1.8938,-0.6998,0.0664,1.8628,-0.7738,-1.4756
44392.53992,-0.3204,0.0949,0.0185,-0.1914,0.2625,-0.1003
44921.56359,0.4631,0.0335,-0.0342,-0.2182,-0.1625,-0.3379
44954.37357,0.4304,0.0853,0.1352,0.1207,-0.0065,0.0702
44840.11077,0.3771,0.0975,-0.0569,0.8726,0.0603,-0.2418
44363.19444,0.0985,0.7236,-0.4165,-0.3121,0.2338,0.9346
44573.55411,0.3567,0.4306,0.4333,-1.3704,0.5062,-0.8103
45044.0344,0.3152,-0.0844,0.2051,-0.7873,0.3252,-0.0162
44942.6428,-0.7684,0.3276,0.4849,0.6365,-0.2601,0.7502
44460.8829,-0.1942,0.4157,-0.2563,-1.0968,-0.0583,-0.0729
44496.37974,0.3584,-0.1227,-0.2256,0.1525,-0.0594,-0.1654
44588.57251,-0.1736,0.4129,0.4728,0.3638,0.3504,0.3684
44677.56654,0.3296,-0.5883,-0.0077,0.8691,-0.0437,0.98
44939.35577,-0.2181,0.4799,-0.07,-5.9513,1.3437,1.5142
44527.65393,1.0369,-0.9818,0.7034,0.8189,0.3569,1.0332
45120.63961,-1.8914,-0.6831,0.3461,-7.4592,0.8568,-0.6807
44455.69554,0.5991,0.2097,0.7955,-0.4123,-0.295,0.0203
45127.12343,0.9641,-1.848,1.3278,-0.0734,1.957,0.321
45203.57122,0.7344,-0.7102,0.8102,-0.411,-0.4944,4.4051
45243.0767,1.3942,0.7341,0.183,-3.7241,0.9044,-4.3528
44982.87163,-0.2467,0.1939,-0.3834,-0.4268,-0.3873,0.5543
45069.52206,-1.8249,-1.0367,0.2416,2.0109,-0.4611,-1.0346
45441.76338,-0.3474,1.1455,-1.5097,-4.0575,0.1841,2.5573
44474.60517,-0.4068,0.4067,-0.232,-0.0833,-0.191,0.2162
45019.48177,0.7035,0.6434,0.4544,-0.631,4.7588,3.8066
45477.07647,-0.9549,0.2532,-0.0904,-2.3373,-1.3495,2.1063
45479.48896,-1.3852,0.0392,-0.2212,-2.4142,-1.9337,2.6612
44802.89783,-0.3505,0.1338,-0.127,-1.396,-0.2057,-0.0552
44412.65748,0.3066,0.196,-0.1208,-0.9546,0.0182,-0.2582
44365.57704,-0.1217,0.4752,0.2957,-0.3829,0.0464,-1.4231
44639.65909,-0.0703,-0.3345,-0.697,1.2721,-0.2598,1.5789
44642.28275,-0.5576,1.2122,0.4135,-1.5898,0.2685,0.4262
44794.42389,-1.6854,0.8092,-0.4112,-1.3891,0.7604,0.0141
44716.98169,-0.3,0.3381,0.161,-0.9206,-0.4089,-0.1973
44467.9401,0.1187,-0.056,-0.1203,-0.033,-0.263,-0.0859
45088.18924,-1.6414,-1.1537,0.0008,-0.9249,-1.7602,0.3488
45210.35651,-1.0678,-0.633,0.6218,0.778,-0.1021,-2.1469
44506.57333,0.1591,0.0258,-0.1956,-0.6432,-0.0053,-0.3479
44870.9004,-0.1075,0.0204,-0.0254,0.0839,0.0573,-0.354
44592.88501,0.3116,0.2174,-0.0881,-0.1255,-0.0442,0.1466
44759.11056,-0.2339,0.5315,0.0858,-0.7373,0.2536,-0.7173
44759.77403,3.029,0.3296,0.3744,4.7812,1.1478,-0.4971
44840.77419,0.155,0.4388,-0.7181,1.1495,0.0023,-0.075
45125.46478,1.6005,-0.9424,0.2234,-1.2882,2.7625,-3.1229
45319.2575,3.0246,2.9573,-1.6714,-4.4126,-0.5243,2.8692
45579.15513,-1.368,2.945,0.033,3.2227,-0.0056,-4.509
45587.68929,0.8192,1.7718,-1.236,-4.3665,0.1241,1.4975
45590.52396,-1.0101,-0.2826,0.6064,1.9633,1.4383,-2.9104
44380.08376,0.253,0.0061,0.117,-0.4328,-0.1101,0.5191
44394.77188,1.0966,-0.3607,-0.2684,1.2041,0.3731,0.1066
45185.53751,-1.4368,-0.7376,0.4819,-2.1607,-2.1386,1.4578
45402.43937,1.2277,-1.7616,0.7284,0.3095,3.4501,-0.6268
45223.04746,-0.9146,-0.2697,0.6633,1.3124,-0.4468,-2.9039
45347.3132,1.6821,2.3279,-1.3326,2.1075,-0.6755,-5.4588
45190.51335,1.8489,1.8757,-0.8108,1.5734,-1.8168,-6.1268
45230.92345,-1.4849,-0.8756,0.6247,1.4974,-0.8201,-1.3075
45572.88265,0.9188,-0.6168,0.7152,-2.3126,1.98,-1.9503
44697.47015,-0.4478,0.3532,0.3174,-0.5933,0.5848,0.3336
45255.10922,1.101,-1.4736,1.3656,0.0609,1.6647,0.4976
44853.53033,-0.2471,0.1328,-0.0481,-1.7602,-0.3139,-0.5656
45373.30814,-1.5935,-0.4325,-0.0281,-3.4685,-1.7915,1.5871
45434.16395,1.5076,0.728,-0.3926,-2.5603,-0.636,-5.1693
44534.25854,0.9498,-0.4437,-0.4115,1.0064,0.0711,0.4912
45400.90138,0.7185,-1.8512,1.0476,0.2357,1.7909,1.3309
44724.52087,-0.3741,-0.0188,0.4556,0.7908,0.169,0.3611
44504.13047,0.2047,-0.4735,0.5122,-0.2047,-0.0262,0.5766
44824.45964,-0.4126,-0.1011,-0.0755,0.2567,-0.0141,0.3163
45407.17394,1.0582,-1.6639,0.7256,0.7713,2.5279,-0.5647
44947.04559,-0.0576,0.0318,0.0334,0.0375,0.0663,-0.2342
44648.04275,-0.2587,0.0955,0.7462,-0.4951,-0.3581,0.3951
45544.5661,-1.5597,-0.6102,0.328,-2.3088,-2.2542,1.5947
45086.9226,1.3493,-0.1794,0.4083,-4.8868,1.1587,-4.1705
44780.52172,-0.1619,-0.1606,0.3841,-0.4795,0.2482,-0.0635
45100.22247,1.5208,0.4139,0.1479,-2.7899,1.0374,-4.9249
44806.96892,-0.5425,0.1757,0.0783,-0.4418,0.0456,-0.143
45427.4391,-1.4367,-0.3732,-0.3274,-1.5962,-2.3065,1.4113
44536.73153,0.1247,0.1646,-0.1786,0.7627,0.1735,-0.1362
44809.92426,0.7012,-0.1844,0.4657,-0.0299,0.5615,0.3683
45590.61442,0.2711,3.5234,-0.279,2.4142,0.0374,-5.6092
44981.21303,0.0795,0.3095,-0.2021,-0.1943,-0.8524,-0.85
45327.59081,0.5372,2.8917,-1.4969,4.632,-1.3824,-5.1784
45319.3178,0.3128,1.461,-0.4964,-2.235,-0.2328,1.457
44841.22654,-0.5636,0.3225,-0.4092,-0.0251,0.0081,-0.2658
45351.95729,-1.7274,1.7108,-0.4517,-0.083,0.4093,-4.1272
45411.12445,1.1441,-1.893,0.9478,0.4792,2.1364,-0.7476
44811.43207,0.014,-0.2499,0.0304,0.2656,0.5097,0.0678
44409.33983,0.005,-0.4019,0.2227,-0.0886,0.124,0.2657
44920.59861,-0.0488,-0.158,0.3668,0.2601,0.0973,0.2583
44596.41342,0.6767,0.4432,-0.1592,1.146,-0.1052,-0.1036
45308.02922,1.2504,2.2664,-0.8379,-4.343,-0.4674,2.1156
45175.79686,0.9505,1.8332,-0.6985,-5.3852,-0.4122,2.442
44401.52805,0.13,0.0939,0.1135,0.3278,0.0807,0.053
45017.94378,0.421,0.4232,0.4118,-10.8445,-2.5045,0.4888
45244.31313,-0.641,-0.2066,0.4763,-2.6148,-2.1859,2.5061
44363.88813,0.0164,0.2885,-0.1097,-0.102,-0.5359,-0.9362
45539.59031,0.681,2.183,-1.4006,-3.1485,0.1395,1.8447
44583.95843,-0.151,-0.4082,0.2693,-0.2098,-0.1334,-0.2018
45206.82818,1.3168,1.4518,-1.3357,2.4103,2.67,5.1661
44820.96149,-0.5775,0.4532,-0.5488,0.4343,0.1358,-0.045
44869.00047,0.068,0.047,0.0391,-0.361,-0.2194,-0.1748
44906.24416,-0.1818,0.5641,0.2622,0.3162,0.101,-0.1865
45189.63881,-1.0078,2.9023,-0.1335,-0.1464,0.2114,-4.2004
45204.65691,-1.4764,-0.7536,0.2779,-1.9135,-1.9768,0.5406
45062.67643,1.0822,4.2724,-1.1503,2.4842,-2.6466,-3.9863
45196.15266,1.3845,-0.5568,0.7075,-2.3627,2.3102,-2.2517
45467.30583,1.0606,0.1636,0.3073,1.9195,2.136,5.3508
45610.78888,-1.8966,-0.4711,0.0761,1.072,-0.9709,-0.8118
44642.49384,-3.0384,-0.4835,0.8341,0.2505,-1.2678,2.783
44989.56639,0.1271,-0.1952,0.191,-1.4561,-0.1846,0.3588
44868.42751,0.1287,-0.0712,-0.3312,-0.0533,0.1024,-0.1271
44543.15518,0.367,0.7309,-0.1272,-2.3231,-0.2487,-1.6311
45227.30463,0.9452,-1.3466,1.2663,-0.2576,1.7159,1.888
44877.89683,-0.4758,0.4682,-0.4316,-1.1374,-0.0519,-0.7307
44678.22999,-0.1884,-0.0822,0.0534,-0.0618,-0.2479,0.543
45365.04523,0.4627,-1.4003,0.3161,-1.4635,0.8665,4.1476
44845.17703,-0.363,-0.0657,0.0972,0.139,-0.0256,0.2048
45471.4674,-0.412,0.9267,-0.6549,-1.0839,-0.1837,2.43
44746.14322,-0.6369,-0.5241,0.6021,-0.4699,-0.3827,0.3832
45147.99217,-0.6927,0.39,-0.148,-1.6027,-0.7551,1.9801
44750.78734,-0.0015,0.4011,-0.2209,-1.2278,-0.2095,-0.4155
45052.75483,1.7743,-0.5009,0.1659,0.8538,3.1856,-2.5683
44446.61759,0.1194,-0.1982,0.2476,0.2035,0.1686,-0.1091
44854.49531,0.2202,-0.3475,0.3212,0.2722,0.3022,-0.0514
44972.64854,-0.0519,0.0131,-0.0465,0.1842,-0.1613,0.1857
45318.02109,-0.7042,-0.2946,-0.5969,-4.2967,-4.2568,0.4253
45563.59459,-1.245,-0.0205,-0.0327,-2.6925,-2.057,1.1069
44993.15504,-0.1511,0.0846,-0.1257,-0.8953,-0.3932,-0.3298
45562.59942,0.8671,0.134,0.3906,2.4793,0.5077,4.5446
44608.38589,0.3091,-0.3028,0.0024,-0.5579,0.0311,-0.1101
44926.56951,-0.3761,-0.2547,-0.3227,-0.2046,0.4492,-0.8007
45156.31553,1.4798,3.3607,-1.1826,3.6227,-1.0503,-5.9206
44480.66708,-0.6023,0.1833,-0.0985,-0.8831,0.0686,-0.0428
45440.55714,1.096,1.3863,-0.8008,1.2182,-0.5929,-5.3662
44509.46852,-0.3301,0.3031,0.188,0.4003,0.0859,0.1365
45253.3903,1.6694,0.6335,0.1514,-3.4114,1.136,-4.4031
45235.77875,-1.1684,0.5392,0.5209,3.6346,-0.0567,-2.836
44812.00507,0.3684,-0.2617,-0.2319,0.89,0.7802,-0.2706
45260.65808,1.3796,-0.3255,0.7555,-3.0164,1.7736,-2.3688
45290.53333,-0.1839,0.2836,-0.0564,-0.2836,0.8577,0.1799
44576.08733,0.2293,0.0469,0.2153,-0.9949,0.1311,0.1062
45218.15707,-1.1707,-0.6111,0.475,-2.2546,-2.6592,1.442
45353.46513,-2.1971,-0.653,0.0377,0.9393,-0.8308,-0.5703
44883.41554,0.2739,-0.1056,0.1462,-0.362,-0.2448,-0.0477
44604.55592,0.0161,0.2749,-0.0977,0.1003,-0.1481,-0.132
45433.74177,0.1589,1.3294,-1.2045,-2.7388,0.5483,2.0889
44826.842,0.3501,0.1759,-0.1794,-0.1144,0.0388,-0.3266
45565.67535,1.0814,-1.5082,0.8835,0.3608,2.1492,-1.1691
44400.65337,0.2379,-0.1387,-0.0496,-0.8897,-0.0243,0.1737
44935.82747,-0.0509,0.2284,-0.3067,-1.9005,-0.5145,-0.6689
44758.23603,0.1469,-0.6452,0.0887,1.6614,-0.4897,0.6536
45209.54227,-1.0421,-0.7844,0.6604,1.6081,-1.1086,-1.8603
45188.01036,-0.9244,-0.5247,0.5884,2.876,-0.1841,-2.0668
45348.67024,-2.2169,-0.876,-0.1718,0.4563,-1.7235,-0.246
45555.12072,1.2741,1.9521,-0.5915,2.3102,-0.8646,-5.9337
44469.96074,0.2303,-0.4009,0.0521,-0.1165,0.0143,0.3599
44665.11171,1.6053,0.7656,-0.3332,4.673,-0.3717,0.191
45597.55034,0.0889,1.5365,-0.7428,-2.5726,-0.2106,2.0599
44658.74853,-0.0071,-0.1149,0.0598,0.3638,0.4008,0.1698
45474.78458,-1.9812,-0.6255,0.1878,-1.2263,-2.3243,0.9068
44834.86355,0.1284,-0.0451,0.3762,-1.876,2.0382,1.9525
44890.14056,0.2109,-0.0585,-0.2671,0.5038,-0.3896,0.0753
45523.84881,-0.066,3.5277,-0.9293,3.7759,-1.834,-5.2481
44631.30546,-0.0513,0.7241,-0.032,-0.0288,0.5945,-0.0827
45599.54063,0.3306,3.4565,-0.845,5.2528,-1.5375,-5.612
44888.45175,-0.2626,0.2774,0.1979,-0.5468,0.4943,-0.082
44423.33423,-0.3896,-0.0127,-0.1409,-0.7548,-0.247,0.6257
45021.71335,0.5263,-0.8571,-0.2972,-2.0345,-0.7297,-0.1434
45197.72083,1.564,0.4727,0.1406,-2.1517,1.9308,-4.3602
44602.26396,0.3909,-0.1703,-0.1688,-0.9017,0.0791,-0.1808
45581.05494,0.6475,-1.7365,1.0642,0.4068,2.2783,1.2983
45601.38017,0.6688,-1.7053,1.3255,1.2986,2.3207,0.5361
44403.66952,0.1274,-0.2202,0.3498,0.4542,0.1761,-0.0937
45127.21392,0.7844,-0.9397,0.8681,-0.3828,0.716,4.1767
45588.71461,-0.9639,-0.6521,0.5528,-1.7492,-1.907,1.3349
45283.27559,2.5339,2.0426,-2.1582,1.3674,1.9543,5.2888
45407.53583,-1.4028,-0.3174,-0.2093,-1.8278,-1.7593,0.8557
44390.97158,0.0693,-0.0399,0.222,-2.4701,-0.2056,-1.2052
44371.72956,0.6001,-1.0808,0.0282,0.2247,-0.9287,-0.2103
44646.20319,-0.0535,0.0371,0.0301,0.0676,-0.0293,-0.1525
44630.58166,0.0917,0.0711,-0.1167,0.2323,0.0726,-0.0082
44792.16213,1.5811,-0.021,-0.4128,0.7407,-0.6929,0.0616
44868.48784,-0.0108,0.3647,-0.499,-0.6768,-0.0691,-0.2308
45040.03864,0.2563,-0.1571,0.018,-1.3756,0.48,1.2473
45195.15752,-1.1149,2.9021,-0.2183,0.1989,-0.0391,-3.8671
45209.96449,1.0589,-0.4263,0.7213,0.9774,0.8731,5.1412
44557.84199,-0.0671,-0.0036,-0.02,-0.2561,-0.0849,0.4339
45500.99038,-0.0407,1.5381,-1.049,-1.8214,-0.0745,1.5945
44373.62963,-0.0698,-0.4754,-0.1869,-0.3076,-0.401,0.1662
44577.17297,-0.473,0.3709,-0.3986,0.0035,-0.1667,-0.9836
45272.44935,-1.0827,-0.6046,0.8,1.7013,-0.7851,-2.5797
44447.46207,0.4151,-0.1273,-0.026,-0.0312,0.3741,-0.6544
45173.35413,1.8814,2.272,-1.3988,3.5934,2.6961,5.5646
45508.46912,-1.9676,-0.7919,0.1726,1.1635,-0.7597,-1.3321
44538.72195,-0.4147,0.3673,0.1872,-0.7641,0.098,-0.2254
45225.73648,0.8792,-1.1446,0.9771,-0.8148,0.9838,2.7161
45468.24067,-0.4233,1.1634,-1.1124,-3.3206,0.0694,2.5873
44501.83845,-0.5708,0.2504,-0.0851,0.1373,0.088,0.1715
44508.74474,0.1421,0.0818,-0.2637,-0.0576,-0.2354,-0.2152
44853.98265,0.0353,-0.0641,0.1861,0.0601,-0.2769,0.4692
45608.49703,0.4821,0.1937,0.2816,-0.8616,1.2454,-2.7155
45271.81607,1.7612,1.328,-0.2569,-0.8924,0.0587,-5.6475
44399.65802,0.0703,-0.2889,-0.1857,0.8161,-0.0167,0.2283
45567.09269,0.2495,3.6502,-1.1887,3.9214,-1.6258,-5.8454
44839.29653,-0.3385,-0.5902,-0.129,0.0987,-0.1593,0.0947
44631.60704,-0.0187,-0.2695,-0.5423,-1.1485,-0.6071,-0.4119
44770.2082,-0.391,1.3002,-0.197,-0.8462,0.2009,-0.9114
45020.29599,-0.3838,0.287,-0.285,1.989,1.0005,-0.6119
44426.59146,0.2035,-0.15,-0.0297,1.93,0.1865,0.658
45160.11526,-1.9327,-0.7062,0.7693,-0.9915,-1.7854,-0.3392
45561.03129,1.4774,2.2094,-0.427,5.3929,2.4668,6.4914
44610.88894,-0.0479,0.2132,0.154,-0.097,0.2837,0.1213
45282.09949,1.2844,3.8609,-1.0161,5.7174,-1.3962,-5.4969
45237.70879,0.8238,-0.7363,0.9586,-0.658,0.8668,3.8459
45404.61064,-0.255,3.0386,-0.9162,1.1609,-1.5076,-5.0865
45613.26172,-0.779,0.1402,0.1039,-3.7157,-1.3212,2.3721
45109.11926,1.7721,1.6357,-0.5429,3.7066,1.4825,4.0594
45609.52234,0.2735,-0.8958,0.6616,-0.673,2.074,3.7993
45494.11474,1.0112,3.2621,-1.0377,2.4918,-0.4458,-5.4352
45565.40394,-1.326,1.3134,0.4553,0.3922,0.1145,-3.9812
44841.31703,-0.0373,0.0108,0.0586,0.3188,0.2686,-0.3372
45152.99822,-1.6057,-0.7902,0.5857,1.6347,-0.9156,-0.9978
44693.91163,-0.9028,0.485,1.1606,0.322,2.2831,-0.5157
45570.62096,0.7152,-0.8513,0.5506,0.3906,0.8522,4.9895
44706.21568,-0.0153,-0.1598,0.2568,-0.2408,0.3194,0.6519
45024.39735,-0.0387,-0.3029,0.0019,-0.5366,-0.543,1.1039
45442.42683,0.7834,-0.8004,0.4752,0.0024,1.2273,4.0826
45441.19041,-1.8699,-0.8365,0.545,0.8237,-1.4602,-1.2618
44804.16437,0.4028,-0.5108,-0.0185,0.6637,0.1032,-0.1219
45500.11582,2.302,3.1497,-2.1136,-3.5261,-0.6054,3.52
45123.56489,-2.2088,-0.7666,0.5034,-3.163,-2.7509,0.5952
45241.44821,1.5296,1.5283,-0.3144,-0.5643,-1.4774,-5.0157
45006.72547,0.0345,0.4499,-0.0298,-1.4118,-1.2206,-1.9827
44618.42826,-0.4221,0.6248,0.6491,-1.1462,0.1593,-0.0136
45521.40612,-0.9799,3.0943,-1.1308,7.4069,-0.9837,-4.4702
45553.03995,1.2505,1.8346,-0.0959,3.8992,0.5967,6.0948
44421.55476,-0.2178,-0.0125,0.198,-0.3007,0.0362,0.2775
44581.93786,-0.4216,2.3734,1.8639,-1.7948,0.6063,-2.2765
44675.48572,0.0299,0.1136,0.3986,0.2432,0.0896,0.3203
44727.32543,0.7183,-0.1739,0.297,1.2312,-0.0029,-0.1466
44773.85713,-0.1075,0.5016,-0.2732,-0.8468,-0.284,-0.5749
44402.67418,0.2492,-0.4789,0.1787,-0.0255,-0.0212,0.2187
44711.40267,0.1194,-0.6701,-0.0313,-0.6579,0.813,-0.729
45289.41245,0.596,0.5794,-0.5638,0.1714,-0.8274,-0.8547
44699.55099,-0.6523,-0.0906,-0.1331,-0.6746,-0.8874,-0.0433
45054.62456,-0.6776,0.4478,-0.3135,-2.8187,-0.6254,2.3111
45367.12603,-1.4623,2.9835,-0.7879,1.6611,-0.3663,-4.3928
44369.92,-0.5662,0.0665,0.0947,-1.3123,-0.4968,0.1877
44739.84046,-1.2617,0.126,-0.417,-0.6407,-0.3328,1.0454
44554.46434,-0.1346,0.0175,0.2358,-0.52,-0.0821,0.1907
45527.31677,0.5314,-1.4439,0.5154,-0.1631,1.153,2.9716
45058.63541,-1.8606,-0.8242,0.024,0.3927,-1.4992,-0.0198
45425.20751,-1.7059,-0.841,0.248,1.3328,-0.3692,-1.8776
45222.98716,-1.5396,-0.837,0.5657,-0.2736,-1.1294,-1.234
44454.00664,-0.1267,0.2752,0.0031,0.6752,0.0431,-0.0324
44507.80983,0.7724,0.1887,-0.0965,0.6088,-0.3528,-0.2269
45041.52641,0.8823,0.3753,0.1649,0.7482,2.531,6.5886
45377.4396,-1.705,2.5028,-0.5535,1.9203,-0.1425,-4.1737
45436.21461,-1.2849,-0.0324,-0.0493,-4.2009,-1.7046,2.0702
44788.06086,-0.0364,0.1255,0.2002,-0.3098,-0.0752,-0.0528
45216.88542,1.3999,0.7848,-0.2441,-4.1042,1.415,-4.5891
44608.59698,-0.4045,-0.3435,-0.2625,-0.1078,0.3816,0.0204
44738.84532,0.6907,0.5864,-0.0955,-0.9539,-0.0107,-1.1302
45033.94698,-0.2899,2.5036,-1.2343,0.8613,-1.1805,-1.2607
45395.05103,0.2344,2.633,-1.1901,2.905,-1.7836,-4.9697
44909.28996,-0.0699,0.1492,-0.0516,-1.2222,-0.4149,-0.2052
44732.66319,-0.874,-0.0879,-0.4075,-1.0629,-0.5658,-0.0992
44380.65679,0.1712,-0.1311,0.1205,-1.5717,0.1463,-0.4656
45595.2886,-1.3293,-0.5906,0.2198,-1.832,-2.1756,1.4857
44791.58913,0.1121,-0.2081,0.2565,1.1423,0.0775,0.3716
44560.25458,-0.1662,-0.2308,0.2088,0.0135,0.3232,-0.4526
45331.75243,0.7999,-1.7044,0.7763,-0.5678,2.2348,2.1439
45368.42279,-0.4145,1.0601,-1.2401,-0.5654,-0.179,1.3258
44518.7271,-0.2371,0.315,-0.17,0.2253,0.1299,-0.4228
44825.45481,-0.0211,-0.4543,-0.123,0.3761,0.2558,0.2725
45306.70232,-1.2873,-0.8387,0.697,1.5469,-1.1063,-1.3577
44681.42665,-0.2877,0.6095,0.2427,-0.2926,-0.3353,-0.6344
44442.21431,0.2819,0.0904,0.5904,-0.3924,-0.0237,-0.1477
44721.89723,-0.3743,-0.1058,0.7553,0.223,0.0325,-0.0834
44866.85939,0.0695,-0.1994,0.1592,-0.1681,0.4245,0.3554
44502.20036,-0.459,-0.1476,-0.0486,0.6652,0.0013,0.6432
44723.55583,-0.288,-0.4697,0.4906,0.4476,0.2236,0.7494
45494.47661,1.5021,1.8289,-0.9403,2.5664,2.4916,5.7158
45499.33175,3.2695,3.4834,-1.7824,-8.1082,-1.4504,3.7731
45592.9666,-1.7132,-0.7333,0.5128,-0.2791,-1.0121,-1.3754
45553.31134,-2.08,-0.9223,0.4165,-0.9005,-1.9567,-0.1874
45622.90184,0.1632,-0.2548,-0.215,1.6914,1.0706,-0.9883
45528.97537,0.3726,-0.7523,0.5613,-0.5754,0.5988,4.4152
45003.19718,-0.1162,-0.6743,-0.0291,-0.7184,0.4077,0.2241
44928.95185,0.4244,0.0439,0.0569,1.1725,-0.0265,0.5623
44777.71718,-0.1914,1.1645,0.617,-0.9757,-0.3262,-1.061
45393.36226,-1.6166,2.4508,-0.6318,1.8874,0.5824,-4.6015
44823.82635,-0.1345,0.2103,-0.557,-0.919,-0.4869,-0.0385
44449.81451,0.0431,0.2706,-0.321,-0.1305,-0.3062,-0.4233
44684.62328,-0.0572,0.0602,0.0642,-0.0636,0.0033,0.0208
45394.56854,1.3004,1.2111,-0.4676,4.9759,1.2271,4.2687
45146.45416,-0.9911,-0.5159,0.4032,-2.0477,-2.184,1.9646
44797.40937,-0.0157,0.2145,0.0499,-1.6024,-0.051,-1.2105
44484.58774,-0.0219,-0.055,-0.1009,-0.4704,0.01,0.3038
44525.81427,-0.3643,-0.3485,0.2453,-0.0186,0.0544,0.5176
44740.92611,0.0995,-0.3568,-0.1643,0.9565,-0.1626,0.8134
45400.11732,0.516,-1.5139,0.6923,-0.5194,1.3365,2.7865
45209.36134,-0.5872,0.1824,0.139,-2.9152,-1.0497,2.7538
45102.45425,-0.8347,2.9132,-0.2393,1.9672,-0.3315,-3.5214
45536.24301,0.8125,-1.1479,0.9121,-1.0493,1.4967,3.6672
44357.91653,-0.0208,-0.0034,-0.0091,-0.0167,-0.0082,-0.0176
45185.44703,-0.5428,0.4467,0.0736,-1.9109,-0.64,2.7443
45340.82954,-2.3648,-0.6279,-0.1586,-1.9482,-1.2549,-0.0937
44466.40199,0.0046,-0.0302,0.3761,-0.4553,-0.1976,-0.1459
44388.1666,-0.017,-0.2967,0.0355,0.8591,0.7587,-0.3102
44810.79877,-0.5422,-0.4493,0.2392,0.1769,0.0234,0.1913
45582.17073,-0.9654,0.1302,0.134,-2.3577,-1.5637,2.8769
45594.56487,-1.7881,-0.6157,0.2501,0.3929,-0.2249,-0.8852
44908.6567,-0.1217,-0.4854,-0.1521,0.192,0.2583,-0.3075
45300.3694,0.5177,3.9561,-1.0774,1.6678,-1.9082,-5.5969
45050.7343,1.2982,2.2149,-1.2401,-6.4761,-0.5594,0.7314
44994.18035,-0.381,-0.2047,0.2046,-0.3806,-0.2655,0.5222
44845.53891,-0.5951,-0.1244,0.1265,-0.2548,-0.1022,0.2765
45117.27698,-1.4347,-0.6741,0.4462,-0.7059,-2.802,0.2686
45311.13532,0.8189,-0.5648,0.821,-0.0468,0.527,4.7373
45101.09708,1.214,-1.4751,1.1146,-0.7849,2.3688,-1.5411
44791.40822,0.4775,0.4573,0.2169,-0.8414,-0.2382,-0.3949
44912.09451,0.1565,0.4719,-0.3925,-3.6942,1.6731,2.4426
45305.07383,-1.5674,-0.7715,0.7259,0.1142,-1.4994,-0.7881
44381.19967,-0.1288,0.2306,-0.0735,0.3794,0.0253,0.1264
44395.28463,0.0035,-0.1736,-0.1357,-0.6645,-0.3145,-0.2111
45325.55525,1.1584,0.5414,-0.4184,2.3096,0.9059,4.8672
45133.06442,-1.8314,-0.6613,0.1921,-2.1993,-1.3461,-0.3236
45264.57845,1.8345,1.3784,-0.351,-0.2541,-0.7827,-5.3118
44528.76979,-0.2611,-0.1341,-0.0888,0.3009,-0.1232,0.1765
45388.35626,-1.0201,0.6334,-0.7866,-3.3747,-0.4148,2.8457
45419.71906,-1.016,2.6157,-0.8388,3.4606,-0.3918,-4.2431
45485.21864,-1.6972,-0.5639,0.2039,1.6198,-0.4702,-1.6641
45053.6595,0.9528,-1.3109,0.6591,-1.5457,1.2355,4.6251
45390.67832,0.5001,1.5225,-1.617,-3.1754,0.4865,1.7339
44893.60857,0.3049,0.1598,-0.2157,1.5093,-0.0763,0.7645
45618.01642,0.2682,-0.0398,0.0159,0.4994,1.3368,4.4745
45549.75296,0.8804,-1.863,1.1575,0.1565,2.2333,1.1715
44805.40081,-0.9217,0.2859,0.1987,-0.1092,0.429,0.1073
44804.85799,-0.1784,0.1014,-0.2616,-0.524,-0.0864,-0.6425
44729.43641,1.2191,-0.1124,-0.6377,-0.3321,-0.5233,0.0582
44757.05992,-0.3719,-0.949,-0.0356,-1.9092,0.1951,0.4359
44651.08866,-0.075,-0.3065,0.1708,-0.1391,0.2532,0.0729
44430.63286,-0.2989,-0.0589,0.0718,-1.7465,-0.5702,-1.3578
45379.00773,-1.2963,0.3523,-0.275,-0.6695,-0.0293,-4.2574
44690.32292,0.7705,-0.1915,0.1144,0.1253,-0.432,0.4724
44745.29884,0.1957,-0.3919,0.1544,-0.2523,0.1514,0.3768
44872.43839,-0.1826,0.0786,0.1436,-0.0545,0.1566,-0.0743
44814.99055,-0.0519,-0.1372,0.0647,-0.6382,-0.4104,0.4908
44916.04498,0.3386,0.0048,0.1272,-0.1791,-0.1618,0.1905
45433.47039,1.0177,-1.579,0.7824,0.4854,3.1881,-1.2093
45494.50677,3.0223,3.1262,-2.4835,-3.0733,0.2882,3.0791
45589.92084,1.0859,-0.8869,0.8568,-1.1941,2.8808,-1.8363
44482.44645,0.3492,-0.0309,0.1603,0.8406,0.2476,0.2527
44479.91312,-0.2851,-0.2786,0.4621,-1.5472,0.0398,-0.0578
44920.26688,0.0694,-0.3277,0.2336,0.3052,-0.0254,0.2018
45031.52439,0.0978,-0.0796,0.0772,-1.9674,-0.3573,1.0232
44472.97659,0.0812,0.5087,-0.154,0.2465,0.1467,-0.2237
44602.98772,0.4309,0.2742,-0.0844,2.4965,0.6182,-0.3317
44794.96671,0.0876,-0.1706,0.5811,1.1137,0.1232,0.2542
45050.82475,-0.7837,-0.0384,0.0739,-2.0281,-2.2826,1.5104
45562.02646,-1.4612,-0.7145,0.1051,-2.874,-1.5417,0.9993
45592.78566,-0.5185,0.7386,-0.2304,-2.1338,-1.0056,2.1241
45250.91743,0.8041,3.7169,-0.4616,1.0121,-1.699,-4.6111
45459.34455,-0.3702,1.2079,-1.0611,-2.9272,-0.461,2.7186
44551.35808,0.2984,0.0967,0.2803,0.4479,0.0666,0.1086
44943.06498,-0.3105,0.4048,0.0397,-0.0517,0.3883,-0.0811
45124.6204,2.2255,0.6365,0.201,-2.863,-0.2825,-5.6002
44975.27215,0.5678,-0.5308,-0.0916,-0.0025,0.2619,0.4485
45224.28896,2.9116,2.8844,-2.1293,-2.4719,-0.3431,4.318
44990.29016,0.1566,-0.0294,-0.1858,-0.3326,0.2861,-0.2491
45594.17285,0.4512,-1.2457,0.6488,-0.2397,0.6833,3.4943
45182.88367,1.1846,0.6917,0.406,2.4322,0.0758,4.49
45265.2419,-1.0321,1.1407,0.2067,0.5251,0.1979,-3.0959
44948.37248,0.2479,-0.0613,0.1691,1.6041,0.2767,0.4421
44550.72478,-0.3037,-0.0693,-0.0585,-0.6984,-0.3878,0.1989
45146.24307,1.8116,1.5228,0.0584,5.9087,-0.0742,5.1512
45192.05136,0.8295,3.6774,-0.9681,2.7931,-1.0194,-5.2947
44817.04115,-1.249,0.0045,-0.8241,0.9684,0.2782,0.5033
44964.02372,0.1213,-0.1573,-0.0473,0.179,-0.0728,0.2024
45327.95269,2.2608,2.6702,-2.9817,-1.33,0.301,3.4697
45579.27576,1.3038,1.229,-0.3376,-0.6494,0.0835,-5.0395
44783.08505,0.7077,-0.3318,-0.0964,-1.4681,0.6339,-1.5036
45441.03966,-1.1116,-0.133,-0.269,-2.4929,-1.3387,2.3768
44691.86093,0.62,-0.5444,0.2899,-0.4352,-0.3052,0.5881
45270.21774,1.9663,1.2225,-0.1781,-1.5545,-0.6761,-4.9907
44694.69571,-0.4391,0.271,-0.1175,0.5791,0.6961,-0.5614
44518.90804,-0.3327,0.4897,-0.5415,-0.3207,0.0011,-0.7635
44613.21104,-0.2319,-0.849,0.0285,-0.455,-0.055,0.4028
44885.82809,-0.0753,0.02,-0.2226,1.4935,-0.0625,0.4641
44905.85214,0.3707,-0.0025,0.079,-0.8366,0.0738,-0.753
44995.95959,-0.4353,-0.3601,0.2678,-0.7035,-0.3996,0.355
44854.07313,0.4713,-0.2226,0.1426,-0.1461,-0.4303,0.5544
44813.33194,0.0422,-0.3879,0.2508,1.016,0.3114,-0.368
44908.02343,-0.2731,-0.0872,-0.1798,-1.1631,-0.3341,0.295
44466.07026,-0.0601,0.0929,0.1651,0.0899,0.1003,-0.0392
44837.9395,0.0086,-0.4637,-0.0855,-0.127,-0.2418,-0.1929
44825.24369,0.259,-0.3336,0.1039,-0.0111,-0.1226,-0.0528
45560.2171,0.9869,0.0608,0.3659,4.1984,-0.5405,5.1636
44545.77891,0.1395,0.6111,0.1943,1.1171,0.8109,-0.6925
45099.61931,0.7361,-1.418,0.8829,-1.5665,1.1579,2.4683
45390.64816,2.4816,2.583,-2.8775,-2.0918,0.9092,2.7866
45058.33384,0.7641,-1.0145,0.4928,-0.099,0.568,4.5482
44738.33265,-0.4131,0.0491,0.0942,-0.4882,-0.3089,0.0436
45070.15535,-0.8406,0.096,-0.0662,-2.4875,-1.7442,1.9919
45334.04431,0.8487,-0.9614,0.1411,-0.2051,2.0328,-1.7451
45476.56381,0.249,3.1546,-0.9176,2.5813,-1.1581,-5.3398
44684.2614,0.0246,0.7374,-0.2801,-1.0159,-0.3768,-0.1244
44427.37561,-0.3746,-0.0943,0.0995,-0.9045,-0.0228,-0.0766
44611.4619,0.2554,-0.0891,0.1829,3.0589,0.7177,0.2216
45082.39908,1.002,-0.7825,0.5418,0.2175,0.8082,4.3354
44631.93876,0.6422,-0.6338,-0.0456,0.6769,-0.3596,0.4341
45100.34311,0.9499,-1.696,1.044,0.9841,2.3484,-0.3432
45426.05188,-1.195,2.5066,-1.12,0.994,-0.3166,-4.3206
45266.26721,1.5632,-0.1488,0.9294,-0.9493,1.6894,-2.5946
44602.32426,0.2283,-0.3014,-0.2038,0.2426,0.2827,0.6961
45542.99795,-2.2472,-0.7507,0.3254,-1.9207,-1.3872,0.0358
44370.25176,0.0559,-0.2623,1.1419,-0.2174,-0.4204,-0.2028
44685.43752,0.7192,0.0986,-0.2081,1.307,-0.7592,0.1506
44611.73334,0.2695,-0.1477,-0.065,0.646,0.3252,0.4316
44522.04452,-0.4949,0.1853,-0.0194,-0.147,-0.0786,0.203
44522.6175,-0.2144,0.1789,0.0672,-0.3138,-0.116,-0.4991
44828.77199,-0.2793,0.0592,0.0359,0.5322,-0.3913,0.6304
44910.25497,0.0246,-0.2428,0.0315,-0.3601,0.0842,-0.0678
45320.40852,-0.6032,1.5889,0.3138,1.7417,-0.6483,-2.7894
45387.54202,-0.7737,0.7624,-0.823,-3.1839,-0.7085,2.7068
45409.91819,-1.4607,-0.2379,-0.2573,-3.3143,-1.5682,1.6264
44942.49202,0.2304,-0.1591,0.3907,0.3828,0.0734,0.4059
45076.15659,0.6811,-1.1557,0.5283,-0.2838,-0.138,3.532
44939.6875,0.4545,-0.8409,-0.2967,-0.1769,-0.1512,-0.4575
44971.26133,-0.0605,-0.1113,-0.0223,0.6493,-0.5624,0.917
45078.75008,-0.4666,-0.8268,0.134,-3.3407,-2.3244,0.6645
45086.2893,0.8323,-1.0583,0.7188,-0.9303,1.6745,3.5104
45091.38601,-1.7939,-0.9723,0.3197,0.6419,-1.1559,-0.7474
44631.12453,-0.3167,0.5949,-0.4332,-3.5145,1.169,0.6647
45213.61342,-0.0846,2.9654,-0.2642,2.504,-2.4481,-6.4662
45263.04045,1.5614,-0.2904,0.626,-1.6877,2.0678,-2.4302
44934.53076,0.0053,0.2907,-0.064,-0.1692,0.0608,-0.8774
45274.83172,-1.1352,-0.7896,0.5109,1.9848,-0.4009,-1.7454
45486.03289,-1.4717,-0.4728,0.3772,0.9514,-0.9689,-2.1917
44527.47297,0.1212,0.3255,-0.036,0.5743,-0.1536,-0.4544
45250.88728,-0.2033,2.9957,-0.197,1.7577,-0.2212,-3.445
45268.10677,1.9601,1.6595,-1.2759,4.3039,4.007,5.4641
45246.78596,-1.6756,-0.8493,0.415,-0.6362,-1.0916,-0.5368
44391.78591,0.188,-0.0464,0.264,-0.9392,-0.1787,-0.0308
45019.63255,0.2284,0.3813,0.3654,-4.5513,2.79,0.961
45583.76902,-0.8789,0.0961,0.279,-1.3835,-1.5654,1.4246
44933.02296,0.4317,-0.301,0.7331,0.9647,0.1894,0.0374
45192.44339,2.8007,2.767,-2.3989,-3.4109,-0.2404,2.8277
44759.26135,-0.5283,-0.3308,-0.4409,-0.0744,0.2118,0.4758
44621.74557,0.111,0.0698,-0.1151,-0.7276,-0.0836,-0.0973
44910.647,0.2374,0.5209,-0.1078,5.252,-1.1011,-1.7326
44677.11421,-0.3497,0.5045,-0.4876,-0.6863,-0.064,-1.1827
45569.29407,-1.4226,-1.1299,0.1729,-2.1076,-2.6252,1.0071
44423.63581,-0.2926,0.188,0.2556,0.4357,-0.0896,0.1877
44610.8286,-0.3463,0.0661,0.1987,0.1207,0.1033,-0.3771
45258.96931,1.9589,1.3013,-0.1172,-0.3377,-0.6782,-4.8961
45590.04148,0.6394,-0.9451,0.5706,0.0785,0.2345,3.1298
44882.42033,0.2114,-0.1601,-0.0498,-0.2225,-0.219,0.1526
44474.96707,0.0053,0.0224,-0.0784,0.1291,0.22,0.0933
45161.50248,0.4266,1.7021,-0.5854,-5.149,-1.4207,1.6465
44825.48496,0.0281,-0.2947,-0.0242,0.4478,0.2909,0.2482
44726.17948,-0.2832,-0.245,0.1103,0.0061,0.1323,0.0015
45249.77149,0.365,1.8169,-0.6036,-4.8745,-0.2076,1.796
44444.56675,-0.1813,0.1956,0.2627,-0.1571,-0.0957,0.081
45385.09935,-0.3537,0.7573,-1.3215,-3.0235,0.4331,2.1176
45557.11102,0.7462,1.6689,-1.0153,-3.4874,0.0657,1.4608
44814.65883,0.075,-0.1495,-0.0191,-0.3364,-0.1378,-0.4416
44871.65431,0.1795,-0.2218,0.3117,-2.2831,1.0241,1.1839
44872.40823,0.2913,0.1466,-0.1216,0.4721,0.2629,-0.0536
44839.05528,0.3435,0.0362,-0.1893,-0.8143,-0.0652,-0.247
45150.79679,1.6334,1.2939,-0.3777,0.057,-0.5268,-5.9758
45206.31551,-1.554,-0.7059,0.7103,0.3735,-1.4292,-0.9348
45380.15368,0.558,-1.5181,0.3667,-1.4668,0.8339,4.2361
44715.29287,0.1896,-0.6739,0.2386,1.3358,0.2616,0.8299
44867.91484,0.803,-1.2158,-0.1466,1.1912,0.37,0.5204
45459.6461,-0.7933,3.1361,-0.7063,2.4994,-0.0329,-4.3807
45119.88565,1.4999,1.4963,-1.1922,-1.2892,-2.1377,-6.242
45617.31778,0.1373,0.8552,-0.1907,3.4692,0.6845,-0.561
44802.355,0.0867,-0.0221,-0.0796,-0.0558,0.2369,-0.1101
44909.80263,0.2935,-0.4486,0.1108,0.0131,-0.2785,0.7525
44377.97262,0.0351,-0.018,0.0392,-0.1248,0.3712,0.3605
44683.98998,0.1366,-0.6275,0.4324,-1.2732,0.1854,-0.1687
44833.6573,0.2698,0.0307,0.5181,2.0528,-1.8566,-1.1519
44809.04973,-0.1124,0.5309,-0.206,0.0333,-0.1801,-0.2724
44729.79831,-0.4428,0.5726,-0.7491,-0.4706,-0.2171,-0.4488
44492.48929,-0.3207,-0.0983,-0.3166,0.1352,-0.141,-0.2495
44542.1298,-0.8173,-0.1254,-0.0269,-0.1885,-0.1378,-0.1911
45178.7522,1.6317,-1.5532,0.8009,0.1351,2.4831,-1.0899
45342.81987,1.0148,-1.5248,0.4889,0.5763,0.6443,2.9806
44367.62788,0.0625,-0.4491,-0.2515,-5.8821,-1.7845,0.0065
44463.80831,-0.6975,0.703,-0.4057,-0.4776,0.499,-0.4947
45561.15193,-0.4437,0.6603,-0.4568,-1.8204,-0.4138,2.5311
45607.35108,-1.3915,-0.6787,0.5015,-2.3963,-1.8646,0.7119
45012.69654,0.1619,0.9116,-0.5965,-0.4151,-0.5092,-1.575
45067.8936,-1.7656,-1.1328,0.0045,-1.3765,-2.0705,0.2732
44587.54715,0.4586,-0.195,0.2894,-0.1567,-0.3346,0.8193
44733.08536,-0.4069,-0.0413,-0.1828,-0.2963,-0.0713,0.482
45492.84816,0.9572,0.0107,0.0782,1.9084,-1.1141,5.2056
45550.44654,1.326,-0.6348,0.7094,-2.7337,2.2094,-2.5973
45137.94988,-0.3908,2.9204,-0.6839,4.7121,-0.3347,-3.9073
45097.32722,0.6459,-0.9072,0.5584,-0.3875,0.4498,3.7459
45091.56695,1.2553,1.315,-0.4334,0.6647,-1.4165,-5.403
45471.67851,-1.9796,-0.5623,0.0915,1.8216,-0.1129,-1.5799
44708.14571,0.056,-0.036,0.2909,0.1585,0.1217,0.0412
45426.83598,-1.1841,1.8573,-0.647,1.0261,-1.6314,-3.51
45611.84438,1.1654,1.357,-0.5508,2.4259,-1.2364,-5.008
45108.75738,0.2181,3.5596,-1.1394,2.787,-1.2801,-3.935
44658.83901,-0.1864,0.1916,0.1181,-0.042,-0.2239,0.293
45525.92959,-0.4287,0.8334,-0.2844,-0.0669,-0.4071,1.8638
45101.51931,-1.2135,-0.7835,0.3505,-3.112,-1.8367,0.6
44394.04799,-0.0565,-0.1406,0.0149,-0.3495,-0.4203,0.072
44588.54236,-0.2915,-0.0103,0.6198,-0.8646,0.2569,0.0452
44693.97194,-0.1857,0.7461,-0.7214,0.8337,0.1955,-0.629
44516.16366,0.1852,-0.1734,0.0596,0.1862,-0.2013,-0.0542
44973.43259,0.1688,0.2032,0.0715,-0.0113,-0.0401,-0.7495
44598.85617,0.7924,-0.3285,-0.695,0.9666,-0.042,0.4892
45529.27695,-1.163,-0.6577,0.3954,-4.3364,-1.6938,1.3225
45032.61001,0.2995,0.3159,0.5979,0.4894,-0.1292,-1.3827
44410.33513,-0.4093,-0.0058,-0.4375,0.5378,0.1022,0.031
44789.90038,0.4881,-0.0869,-0.3271,-0.1061,-0.2006,-0.1412
44538.17912,-0.0261,-0.2423,-0.1547,0.232,0.0298,0.3498
44402.88533,-0.1462,0.2517,0.1644,0.1353,-0.0307,0.2541
44766.8608,-0.1947,0.1576,0.1337,-0.1392,0.0999,-0.3337
45474.48302,0.6139,-1.0618,0.4871,-0.5861,1.0865,4.4841
45458.1383,1.0904,0.9738,-0.5289,-1.084,-0.4566,-4.9382
45321.16744,-0.7824,-0.1337,1.0713,-0.942,0.659,-1.9819
45199.5604,0.7958,-0.4906,0.8439,0.4936,0.3475,4.1954
45059.57028,1.0769,4.7123,-0.9162,0.6823,-1.5294,-3.5032
45482.86646,-1.6469,-0.363,0.4085,1.0168,0.3104,-2.0387
44616.52834,0.1734,-0.2306,0.0575,-1.1527,-0.2919,-0.5956
44659.14059,0.254,-0.7339,0.0545,-0.844,-0.1766,0.1725
44995.47708,-0.0494,-0.0992,0.2639,-1.3915,-1.0047,0.1239
45222.89667,-0.9928,-0.5454,0.3026,-1.5466,-2.458,1.5086
44670.20825,-0.0737,1.28,0.0569,-1.5648,0.6407,-0.493
44775.30467,-0.176,-0.1275,0.1339,-0.3926,0.0975,-0.2848
45006.12235,0.3967,-0.2341,-0.0168,1.1756,-0.1275,-2.645
44890.35165,-0.1297,-0.1547,0.0483,0.1319,0.0276,0.079
44782.81362,-0.7361,1.0528,-1.0989,0.3755,2.3557,-0.7258
44767.25286,0.1889,-0.0119,-0.6572,0.5417,0.0578,-0.7641
44847.58951,0.0286,0.1318,-0.2109,0.306,0.0442,0.1874
45375.56989,-0.1162,1.1434,-1.3809,0.2919,0.4439,1.8161
44803.56125,-0.3782,0.1864,-0.3807,-0.5548,-0.1092,0.0899
44646.35398,-0.0042,0.0462,-0.0156,-0.0764,-0.1038,0.0767
45290.44285,-0.0844,-0.0494,-0.9324,0.173,1.3317,0.2086
44364.1897,-0.3717,-0.2337,0.4372,-0.9728,0.0389,-0.656
44364.91355,-0.9682,0.7573,0.3567,-2.7973,0.5803,-1.2896
45276.39989,-1.3934,-0.742,0.4851,0.903,-0.5282,-1.0879
45169.49405,-0.7139,0.2428,0.0274,-2.989,-0.8539,2.26
44761.85481,0.062,-0.065,-0.0951,-0.3568,-0.1767,-0.3478
45509.01192,1.4325,2.8816,-1.6502,-4.6733,-0.4002,1.8601
44845.11673,-0.6169,-0.0348,-0.3084,0.1881,0.2457,0.1641
44535.4347,0.2211,-0.2359,-0.0721,-0.9347,-0.293,-0.0809
44389.37302,-0.0523,0.1443,0.2849,-0.4098,-0.099,0.2957
45289.3823,0.4076,0.6872,-0.6263,-0.3102,-0.663,-1.1567
44702.74762,0.5696,-0.5772,0.3159,1.2584,0.0606,0.0903
44507.23678,0.1568,-0.0876,-0.0047,0.0902,0.0755,-0.1741
44795.66028,-0.2058,0.1287,0.5126,0.3415,-0.076,0.0774
44523.55242,0.091,-0.0673,-0.1965,-0.566,-0.0749,-0.5558
45550.56717,0.5429,-1.5139,0.9277,-0.7339,1.6657,3.0582
45155.77265,0.9103,-1.0692,0.8956,-0.5881,1.2694,4.4662
45257.40116,1.7663,0.4744,0.4275,-2.8783,1.622,-4.802
45415.91932,1.0731,-1.34,0.5126,0.6216,2.1648,-1.2863
45622.17807,0.4368,0.369,-0.094,0.8558,-0.6508,-0.7551
44373.47881,0.6014,-0.3946,0.2095,-0.1043,-0.439,-0.0584
44396.46091,0.5784,0.5611,-0.1628,-0.2531,-0.6377,0.0801
45075.34234,0.8896,-1.445,0.4654,-3.5459,-0.0368,2.1723
45276.33956,-1.6755,-0.7535,0.201,-0.7463,-1.9554,0.6599
45307.51655,-0.9049,-0.7705,0.496,0.5878,-0.4898,-1.8431
44764.29749,-0.5619,-0.2519,-0.2649,-0.719,-0.3283,-0.0938
44966.16485,0.1403,0.1577,0.2459,0.5459,0.8773,-0.6553
44472.43373,0.4262,-0.9534,-0.0684,0.7423,0.3768,0.3274
44826.63091,-0.106,-0.2942,-0.0552,0.5559,0.0658,-0.0303
44782.48187,-0.4336,-0.0974,0.3708,0.1123,0.3144,0.4918
44900.81603,0.6621,0.0741,0.0065,0.3281,-0.1393,-0.198
44380.32504,-0.3036,0.233,-0.0806,0.4581,-0.024,0.2663
44465.73851,0.031,-0.3207,0.1789,0.1514,-0.08,0.2248
44592.52312,-0.3581,0.7262,-0.289,0.0394,-0.1849,-0.6778
44677.3253,0.1874,0.1105,-0.5635,0.527,-0.1701,0.7957
45071.81401,-2.0411,-0.728,0.282,-0.916,-1.5061,-0.4686
45233.45666,1.6289,2.3957,-1.0628,4.6713,-2.217,-4.6445
44824.30888,0.0683,0.3735,-0.0864,0.5303,-0.0784,0.4862
44620.47896,-0.2339,-0.1702,0.5467,-1.9997,-0.1062,-1.9484
44907.99328,0.2727,0.463,-0.18,-0.5894,-0.2669,-0.107
44957.0575,0.2753,0.2852,-0.4001,-1.8289,0.4573,-1.6894
44651.78226,0.5436,-0.1243,0.0094,0.3712,0.1291,-0.0985
45250.16352,1.7203,2.1695,-0.5512,1.9863,-1.1901,-5.7248
44744.57508,0.2935,-0.2949,0.0089,0.4727,-0.3923,0.3394
44587.90906,-1.0637,1.0678,1.4906,-2.5204,-0.1773,-0.972
44926.14733,0.5424,0.3909,0.1613,0.5059,-0.0741,0.498
45334.19509,0.4806,-1.295,0.3317,-0.2304,1.267,4.0741
44932.2389,-0.2323,-0.195,0.845,-0.4531,-0.2403,-0.8586
44954.91638,0.1415,0.1469,0.0712,0.0171,0.0197,-0.1073
45473.57836,0.9576,-1.8948,0.8938,0.1484,2.4897,-0.3144
45512.26879,-0.1091,1.733,-0.9854,-1.0969,-0.4453,0.7723
45477.89068,-1.0927,0.0678,0.0669,-2.712,-1.9652,1.9622
45548.78796,1.2313,1.8877,-0.517,1.9804,0.649,-5.7207
44476.68612,0.2055,-0.2075,0.2169,0.8984,-0.2735,0.3623
45372.70502,-0.5314,3.0981,-1.2772,2.6785,-1.483,-4.3752
45114.3215,-0.8368,2.7769,-0.7543,2.4882,-0.8307,-3.5149
44520.74772,0.4699,-0.0034,0.0257,-0.0344,0.2786,-0.2819
44803.50095,0.0087,-0.5465,0.2309,0.4785,0.2332,0.3997
44810.61786,0.3274,0.4553,0.0492,-0.4916,-0.1136,-0.0972
44928.04719,-0.1039,-0.198,-0.6798,-0.0983,-0.1061,-0.0614
44934.68152,0.01,0.1428,-0.2702,-0.6537,0.2224,-1.0768
45325.6457,0.1132,1.341,-1.6007,-4.3942,-0.1834,1.6728
44933.83717,0.1463,0.3262,-0.4407,-0.1559,-0.0628,0.0598
45071.78383,-1.5162,-0.7171,0.3524,-3.4658,-2.3623,0.34
44599.91169,0.5366,-0.0353,0.5372,-1.0802,0.1798,-0.4316
45217.1267,1.0608,0.0473,0.7855,2.0329,0.5867,4.8869
44412.92893,-0.3207,0.0777,-0.1266,0.3415,-0.0486,0.2072
44969.30115,-0.0477,0.0408,-0.0072,-1.9234,-0.8612,0.781
44619.39331,-0.1911,-0.4301,0.5867,-0.7082,0.3134,-0.5499
44662.48804,-0.0279,-0.0538,-0.1019,-0.3499,-1.0791,-0.3577
45326.53032,-1.2115,-0.0944,-0.2702,-3.3287,-2.1276,1.9313
44866.58799,-0.2336,-0.395,0.2049,-0.5001,0.3671,-0.6113
45429.3691,1.0943,0.2619,-0.0617,-0.4032,0.2619,-4.395
44950.36276,0.5898,-0.2313,0.247,-1.1096,-0.2418,0.024
45422.40298,0.5621,-1.6177,0.492,-0.1495,1.0486,3.5902
45093.19551,1.3459,-0.1619,0.5258,-5.4097,0.7919,-4.36
44970.29632,-0.1043,0.0879,0.048,-1.1714,-1.7693,0.6008
44446.58743,-0.3034,0.2954,-0.0522,0.3668,0.2933,-0.1796
44612.72853,0.5492,0.5928,-0.6293,-0.0407,-0.091,-1.1029
45444.44732,-1.2209,2.4172,-0.7168,0.5323,-0.6049,-3.9907
44663.06105,0.1564,-0.1652,-0.1805,0.153,-0.5765,0.6703
45563.71521,-1.6554,-0.8174,0.2034,-0.7338,-1.4472,-1.3118
45312.8241,2.5429,3.2474,-1.8152,-5.1695,-0.3114,2.2195
44708.20601,-0.1649,0.038,0.1394,0.3864,0.2248,-0.054
45332.20476,-2.0005,-0.5775,0.2699,0.5083,-0.5056,-2.3107
44611.79365,-0.2743,-0.4543,0.3669,-0.4338,0.0634,-0.0776
44672.6811,0.4799,-0.4263,-0.253,1.2314,-0.7315,0.3903
44783.80879,0.1743,-0.5194,0.1991,0.8507,0.3608,0.0386
44776.17917,-0.326,0.2081,0.0578,-0.795,-0.0098,-0.7396
44864.65797,-0.0643,-0.1275,-0.0235,0.479,0.5147,0.1365
44509.95106,-1.1519,0.4669,-0.2976,1.0638,0.565,0.2105
44884.01868,0.2865,0.0552,0.0118,-0.9367,-0.5409,0.2541
44751.48094,-0.3963,0.159,-0.0991,0.5742,0.2407,-0.3424
44945.53779,0.1716,0.1769,0.0062,-2.1099,-0.0774,-1.2135
44898.58443,0.1417,0.1549,-0.0649,0.3061,0.3804,-0.4337
45449.99607,-1.6323,-0.4226,-0.0514,2.4834,-0.0739,-1.983
45011.49025,0.3047,-1.5464,0.1629,0.1253,-0.2258,1.9403
45386.06435,-2.1445,-0.6966,0.3106,-1.0996,-1.5132,0.0884
44472.91629,-0.5885,0.2561,-0.4558,0.1075,0.0533,0.2824
45507.29303,0.4369,-0.9873,0.3172,-0.5974,-0.1203,4.3264
44905.09824,-0.055,0.3859,0.5266,-0.2111,0.2197,0.3474
44873.49389,-0.0432,-0.2652,0.2096,-1.0473,0.1206,-0.5604
44500.90353,0.8803,0.2446,-0.2512,1.1326,-0.4245,-0.0824
45304.47071,2.1024,2.0138,-0.8034,0.3442,-0.846,-5.2099
45599.08829,0.8791,2.2343,-1.0763,3.8539,3.4865,6.3313
44603.83216,-0.0112,0.256,0.4685,0.1334,0.0695,-0.279
45543.26938,1.0945,0.2163,0.1967,-2.4329,0.6097,-4.1694
44727.74763,0.3702,0.4961,-0.9407,-0.2097,-0.2707,-0.2895
44641.98118,-0.4509,-0.0345,-0.6768,0.2614,-0.0948,-0.5785
44846.77531,0.1504,0.1036,-0.096,0.0014,-0.0892,-0.2686
45107.43041,1.093,-1.4146,1.6454,0.7005,1.8629,0.7791
45221.23307,-0.5847,0.6503,-0.1092,-2.2767,-0.9902,2.6631
45370.17186,-2.5476,-0.4535,-0.1096,1.3803,-1.251,0.3352
45401.26326,-1.5908,-0.4509,0.0112,-2.7371,-1.7995,1.143
45005.76047,0.0328,0.5385,-0.0228,1.3941,0.276,0.368
44839.20607,0.7756,-0.0497,0.4554,0.8266,-0.2137,0.7123
45014.47577,0.4084,-0.7105,0.4979,11.1084,2.3078,-3.1831
44587.12497,0.7789,-0.1266,-0.032,0.2194,0.0982,-0.1589
45038.28453,-0.0758,0.3194,-0.2522,-0.0191,-0.3578,0.323
45515.13363,1.1753,-0.3305,0.3637,-3.7826,2.2934,-3.4141
45144.85585,-0.9014,-0.3372,0.3118,-2.1364,-1.6081,1.6543
45436.5162,1.1367,2.3077,-1.49,2.6911,-2.2083,-5.8727
45534.64473,0.484,-0.9842,0.4858,-0.3202,0.7696,4.9024
44941.16512,-0.1195,0.5584,-0.1895,-2.0623,-0.0563,-2.0305
45419.65873,-1.4541,-0.6647,-0.014,1.6103,-0.0901,-1.8067
45343.57382,0.7861,-1.8759,0.717,0.3723,1.529,1.0906
45535.24785,1.192,0.2399,0.1564,-2.835,0.2632,-3.9768
45575.89827,-1.4937,2.4725,0.0651,-1.3709,-0.4029,-3.9499
44702.02385,0.3502,-0.3045,-0.6284,1.755,0.52,-0.2864
45367.94028,-0.7362,2.7704,-1.5483,4.5329,-0.6239,-4.4851
45388.05469,1.2943,-1.578,1.0604,0.2163,1.596,-0.8921
45624.71126,0.2094,0.0001,-0.0371,1.5096,-0.1452,-0.8051
44482.77822,-0.0759,0.1503,0.1133,-0.1543,-0.1182,-0.254
44707.12039,-0.0021,-0.2231,0.1771,0.4482,0.3778,0.0307
45207.70271,0.1406,1.2629,-0.6815,-2.6284,-0.0079,1.8047
45244.70516,1.2745,-0.5358,0.6564,-1.1623,3.3169,-2.8993
44471.74009,-0.21,-0.829,0.1105,0.1345,0.0033,1.2255
45380.99806,1.7549,1.2722,-0.1827,3.9466,0.1671,5.2799
45386.63734,2.1308,2.4819,-2.6909,-2.6475,0.8632,3.7064
44417.15142,-0.4273,-0.3023,-0.3233,0.2889,-0.3729,-0.3173
45232.31067,-0.3386,1.2648,-0.4144,-1.5063,-0.0315,2.3258
44722.92256,0.0089,0.4896,-0.7809,-0.6833,-0.4468,-0.4518
44623.70582,-0.0269,0.0904,0.182,1.5133,-0.9776,-1.3942
45305.49603,0.7586,-0.9138,0.9199,-1.5379,1.1742,3.6941
45597.21861,0.954,-0.2003,0.3986,-3.4995,3.0475,-2.4744
44436.30296,0.2553,0.1806,0.2034,0.4774,0.3404,0.2252
44783.02471,-0.8807,0.2062,0.6615,-1.1721,-0.5432,0.6121
44918.57812,2.1692,0.4814,0.7712,-3.1714,-1.6433,-2.2202
45324.33891,-1.5348,0.0022,0.1207,2.3121,-0.653,-2.3138
45238.25161,1.6894,1.7191,-0.2012,1.2628,-1.3527,-5.1547
45419.53813,-1.6263,-0.4366,-0.2112,-2.6876,-1.3397,0.847
44853.59063,-0.2821,-0.3279,0.0165,-0.3444,-0.0206,-0.0642
44778.86311,0.4294,0.3063,-0.2053,0.9822,-0.0691,-0.7859
44357.46414,-0.0167,0.0621,0.05,0.0031,0.1634,-0.134
45223.40936,0.931,-0.7963,0.802,-0.1588,0.3285,3.8083
45576.41093,0.1037,1.5244,-1.0103,-2.2003,0.7306,2.2364
45053.56905,1.3999,-1.9117,1.1242,-0.1588,2.0703,-1.4484
44619.51394,-0.103,-0.6785,-0.0929,-0.8745,0.1886,0.5442
44358.82131,-0.0239,0.0384,-0.0543,-0.5485,1.2268,-0.8295
45134.11993,2.0352,0.386,0.1931,-3.5127,0.3886,-5.1735
45296.11731,-0.8084,-0.2967,0.4227,-2.2932,-1.6682,2.1446
45422.82516,-1.678,-0.6702,-0.0404,2.0345,-0.5639,-2.1883
44423.78663,-0.4198,-0.6538,0.1594,-0.7797,0.1757,0.1838
44452.10661,-0.1653,-0.0022,-0.1682,-0.2926,0.0247,0.2122
45357.89814,1.1042,0.0473,-0.0464,2.8744,1.043,5.7075
45443.54262,-2.0481,-0.7226,0.1578,0.9455,-0.941,-0.5433
45586.96555,-0.7122,0.7552,-0.2463,-0.6577,-0.2968,1.9206
44810.64801,0.0684,0.0153,0.1175,1.558,0.3718,-0.0311
44503.37651,-0.5031,0.1283,0.0982,-0.1025,-0.192,0.2087
44596.71503,-0.6868,0.0173,-0.5105,-0.3451,-0.2401,-0.4488
45076.9105,0.891,-1.6411,0.6971,-2.4446,0.6529,2.7158
45418.06046,-1.2002,-0.1227,0.0385,1.2074,0.0457,-2.6897
45580.51215,-0.5521,0.8159,-0.5507,-2.2017,-0.2499,2.2526
44392.35895,0.337,-0.1365,0.188,-0.777,-0.0531,-0.0831
44875.24299,-0.2488,0.2873,0.0112,0.0089,0.1245,0.2122
45088.85269,-0.371,0.6557,-0.5206,-2.709,0.095,1.8353
44621.38368,-0.4592,0.0166,0.8781,-0.8448,0.4809,-0.9157
45380.42507,-1.3178,-0.3509,-0.4757,-2.1329,-2.3143,1.1891
44712.78987,-0.2737,-0.502,-0.3341,0.4344,-0.4097,0.1007
45059.02747,1.0413,-2.0378,1.4266,-0.2305,1.911,2.5943
45202.93794,-0.2428,0.9217,-0.4611,-3.6664,-0.2737,2.38
44671.26374,-0.2116,0.0852,-0.1817,-0.3935,-0.3474,0.1461
44961.18899,-0.0238,-0.1332,-0.0433,-0.2748,-0.4497,0.0311
45221.17274,0.6449,1.8774,-0.7533,-5.087,-0.4597,1.9607
44927.20281,-0.2903,0.2968,0.0485,-0.8405,-0.0463,-0.187
44996.98491,0.062,0.0943,0.0665,-0.5725,-0.6808,-0.1925
44494.32895,-0.2586,0.3504,-0.1929,1.0201,-0.4729,0.884
44718.00702,0.0431,-0.4077,-0.2208,0.1442,-0.0394,0.1908
44540.0489,-0.171,-0.3376,-0.6965,-1.9016,-0.3756,-0.3063
45228.93312,0.7726,-0.9955,0.956,-0.8545,1.3878,3.6849
45025.45284,-0.256,-0.0136,-0.3163,-4.3069,-0.4908,-0.4033
45100.37326,0.7082,-1.7754,1.0791,0.3756,1.7925,1.3504
45611.66343,-1.6014,-0.5158,-0.0692,0.0509,-0.5246,-1.3606
45251.6412,-0.7644,-0.1163,0.633,2.0175,0.065,-2.6318
44472.31309,-0.0114,0.0656,0.0279,0.8277,0.1886,0.1325
44578.59041,-0.6384,-0.2946,0.1648,0.5749,-0.2071,1.2041
44772.37948,0.3907,-0.2739,-0.0737,0.5744,-0.3478,0.3313
45008.44442,0.9339,-0.1638,0.685,-2.5014,-3.6451,-0.1957
45292.80005,1.0221,2.0375,-0.7989,-3.0688,-0.3336,1.9568
44508.77489,-0.0104,-0.3614,0.1314,-0.2446,-0.0591,-0.0943
44689.11664,-0.4403,-0.2911,0.2344,0.4945,0.2321,0.3944
44868.91002,0.1498,0.01,-0.1052,-0.1206,-0.3645,-0.3831
45161.08027,1.1353,3.5831,-0.8708,2.5213,-0.7276,-5.8009
44903.92215,-0.3545,0.2734,-0.3807,-0.6624,-0.0113,-0.2678
44548.88515,0.087,-0.2798,0.2534,0.7007,0.2608,0.4516
45190.27211,-1.3172,-0.7185,0.5363,-3.2782,-1.8582,1.3654
44583.6267,-0.3847,-0.0559,0.0148,-2.8455,-0.3219,-0.1756
45485.27897,-1.3877,0.3789,0.3879,-1.368,0.9539,-3.3483
45625.49535,0.1118,0.036,0.0529,0.3006,0.2141,-0.8103
45359.3155,1.0218,-1.3588,0.4421,-0.8118,2.8378,-1.4136
45360.91382,1.1418,-1.098,0.2543,-1.2461,2.6057,-1.709
44959.56048,0.0821,0.3465,0.0592,0.5451,-0.0596,0.3709
44788.54334,-0.1401,0.1452,-0.264,0.2523,0.0542,-0.003
45104.08283,1.455,2.8681,-1.1481,2.4827,-1.9563,-4.8442
44780.94391,0.5687,0.0483,-0.1251,0.8438,-0.0149,0.3384
45106.31454,-1.6043,-0.7675,0.1743,0.9231,-0.4441,-0.8679
45173.65568,-1.5241,-0.8633,0.3949,1.3773,-0.7522,-1.4825
45460.64126,1.0546,-0.9131,0.5002,-0.6444,2.3479,-2.0877
44708.59807,-0.3335,-0.0472,0.9932,0.4018,0.3641,0.207
45196.51455,-0.6427,0.4358,-0.0567,-2.0579,-0.7314,2.4589
45286.35158,0.7647,-0.7634,1.0966,-1.24,0.9732,3.6684
45517.03347,0.702,1.761,-1.3992,-3.6119,0.0103,2.0249
45547.34045,1.2391,-1.2195,0.8101,-2.4799,2.1616,-1.993
44467.75913,0.3771,-0.055,0.1129,-0.1991,-0.1189,0.0529
44549.5788,0.4531,-0.0788,0.0196,0.3405,-0.3114,0.0019
45361.45662,-1.9793,-0.7932,0.3402,0.273,-1.2857,-1.5863
44854.88737,0.1591,-0.2302,0.0102,0.3528,0.0079,-0.0236
44497.49563,0.0916,-0.0156,-0.0681,-0.3501,-0.0465,0.1934
45197.90177,0.787,-0.9433,0.8929,-0.909,0.1168,3.5705
45530.54348,0.5455,-1.865,1.0841,0.386,0.8503,2.6407
44650.48548,-0.516,-0.0446,-0.5303,0.2074,0.0769,0.1704
45281.46619,1.6713,-1.0346,1.033,-0.1441,3.4966,-1.7009
45618.40848,-0.1803,0.6072,0.312,-1.3917,-0.1102,0.5391
45184.57246,0.4689,1.5113,-0.6953,-5.7465,-0.4695,1.9812
45335.43151,-1.3123,2.7217,-0.9884,2.3975,-0.6496,-4.2196
45546.31516,-1.0934,2.2106,-0.4427,1.3179,-0.6021,-3.8549
45250.34447,0.9778,-1.4208,1.173,0.3607,2.3888,1.1077
45259.78352,1.5512,1.1262,-0.2411,-2.0362,-1.0602,-4.5407
45404.18846,2.3484,3.0022,-2.1686,-2.6535,-0.0042,3.5609
44893.39748,-0.0216,-0.1244,-0.3377,0.6356,0.1471,-0.1024
44916.49734,0.4824,-0.1039,-0.496,0.2958,-0.2537,-0.4855
44840.41232,0.2509,0.1337,0.0542,0.4535,-0.0408,-0.3329
45444.9298,0.1808,1.496,-1.6127,-3.9977,0.5537,1.8456
44571.02084,0.0924,0.7887,-0.6328,1.7106,-0.2001,-0.7121
44923.28252,-0.3584,-0.013,0.3505,-1.3733,-0.0774,-0.4232
45226.15866,-1.1583,-0.9039,0.4419,2.1091,-0.9793,-2.248
44381.47111,-0.0532,0.0957,-0.0071,-0.097,-0.1823,0.5382
44935.73701,0.1395,-0.185,0.3315,0.2399,-0.0516,0.1866
45163.88489,0.0453,1.515,-0.6407,-1.5547,-0.0381,1.5609
44512.12247,-0.1816,-0.0221,-0.1058,0.7475,-0.2694,0.1557
44939.62716,-0.0519,-0.7221,0.1019,1.4622,-0.2914,1.8485
44658.86917,0.3035,0.048,0.1506,0.6803,-0.0053,0.4656
45567.48472,3.2354,2.5187,-2.7976,2.2087,0.731,3.4026
44933.47529,0.6338,0.0459,0.0288,-0.6434,0.0041,-1.011
45262.40715,0.839,-0.5665,0.8412,-0.5687,0.6608,4.5793
45399.75544,-1.6791,-0.3354,0.1607,0.9851,0.1832,-1.8183
45593.90145,0.5771,3.0299,-0.6147,3.7712,-1.3051,-5.4453
44954.67511,0.0923,0.0641,0.1756,0.0985,0.0863,-0.2265
44685.31688,-0.3971,-0.3535,0.3855,0.6098,0.1302,0.2066
45125.67587,2.3477,2.5433,-0.767,4.1933,2.2704,6.8735
45015.80267,-0.0701,0.0546,0.7329,-7.3055,-1.7521,-1.6915
44662.06586,0.1312,-0.3339,-0.4308,-0.8557,-0.9019,-0.3014
45007.63018,-0.1816,0.4302,-0.1667,11.8428,4.8017,1.0827
45159.42166,-1.3732,1.4529,0.2853,1.4139,0.5927,-3.526
45099.49867,1.4631,-0.6607,0.4225,-2.5683,3.4004,-3.1807
44968.15519,0.0512,-0.1273,0.156,-0.421,-1.3524,-0.501
45033.00705,-0.7925,-0.1633,0.6227,-2.9519,-0.112,2.2987
44883.59648,0.0618,0.0085,-0.1262,-0.191,-0.1283,-0.0188
44490.95118,-0.0673,0.6662,-0.1643,-0.7509,-0.7483,-0.1632
44952.14201,-0.0739,0.1793,-0.2459,0.2595,0.1345,-0.0409
45527.25643,1.0796,-1.7191,0.4113,0.538,3.08,0.5996
44514.65574,0.3179,-0.0086,0.0341,0.238,-0.6244,0.7588
45144.40348,1.7589,0.0818,0.2474,-3.455,1.9566,-4.2526
44776.48075,-0.3522,-0.0046,0.2199,-0.1822,-0.0098,-0.0265
44908.29482,-0.3463,-0.1598,0.2457,1.4554,0.3205,0.3866
45493.84331,-1.0958,-0.2511,0.0848,-2.9554,-1.6331,2.482
44646.71587,0.1311,0.0396,0.4892,-2.4368,1.4309,1.8178
44380.62664,0.0967,0.3972,0.085,-1.402,0.102,-0.5192
44958.74625,-0.7511,0.1263,-0.2529,-0.1934,0.3365,-0.2154
44355.7752,-0.0062,0.0071,-0.0069,0.0008,0.0355,-0.0205
44722.01787,0.3428,-0.1968,0.6741,0.8302,0.1709,0.0339
44643.12714,0.0247,-0.1383,0.1277,0.9124,0.4102,0.1374
45603.49107,-1.4541,1.9724,0.3476,-0.8601,0.4852,-3.903
44609.62234,0.0507,-0.0448,0.2647,0.7602,-0.2216,-0.6536
44392.90186,-0.6683,-0.5604,0.0736,-0.5386,-0.0053,0.2791
45205.29016,0.8722,2.1258,-0.6782,-5.2829,-0.7272,2.3574
44611.52224,0.0904,-0.106,-0.9949,-1.4971,0.3173,-0.4076
44926.47905,0.4532,-0.312,1.1945,1.0151,0.6418,-0.2672
44631.69749,-0.4586,0.385,-0.2005,-0.5791,0.214,0.518
44904.10309,-0.0689,-0.0423,-0.5936,-0.1897,-0.0699,0.1869
44824.55013,0.1216,-0.301,0.4839,1.2604,0.1462,0.0674
44439.6507,0.977,0.3043,0.264,-0.2367,0.0945,-0.8664
45131.58673,-1.3796,0.675,0.306,0.0882,0.2344,-2.9603
45276.91256,2.6479,2.2328,-2.3434,-2.1172,1.1754,3.7587
45290.74442,-0.1092,-0.1055,-0.5268,0.7556,-0.581,0.5876
44879.31418,-0.2757,-0.0321,-0.1726,-1.2763,-0.3054,-0.2365
44440.88727,0.3762,0.121,0.0647,-0.1962,-0.4456,-0.1227
44956.51465,0.1059,-0.1753,-0.9475,-1.5469,-0.8739,-0.3363
45370.44329,0.8602,-0.0012,-0.2841,-2.5147,0.567,-3.9463
45430.12302,1.0393,1.9219,-1.2064,2.3522,-1.883,-5.2225
45387.02937,-0.655,3.3253,-1.2663,0.6731,-1.2873,-4.5988
44951.23734,0.0849,-0.2646,-0.2488,-0.072,0.0424,-0.0891
44749.30967,0.4836,0.2293,-0.5101,-0.1256,-0.4079,-0.4412
45021.80384,0.0575,0.1709,-0.178,0.8387,-1.6617,5.2922
45263.49281,-1.0676,-0.728,0.6865,-2.7482,-1.8456,1.1726
45545.35014,-1.4407,-0.2644,-0.0482,-3.4412,-2.0954,1.6576
44515.62081,0.3815,-0.0679,0.2947,0.0984,0.4386,-0.0185
45322.70544,-1.6438,0.0509,0.0326,-0.611,-0.8801,-3.0337
45074.79952,-0.6823,0.5005,0.2389,1.11,-1.6784,1.3895
44682.66306,0.7972,-0.4244,1.0023,-0.6103,0.692,-0.3737
44882.32988,-0.1709,0.0022,0.3714,-0.3489,0.1172,-0.0461
45515.04315,0.8144,2.0251,-0.6956,1.568,-1.2361,-5.7428
44477.74169,-0.1852,-0.285,0.0194,0.8153,0.2153,0.1434
44456.35905,-0.2943,0.2124,0.1793,0.3182,-0.1379,0.2952
45334.10464,0.8629,-1.9941,0.9732,0.8023,2.1037,-0.2212
45562.56927,0.7113,-0.9111,0.6364,-0.2839,0.9345,3.9827
45611.06031,1.1216,-0.0412,0.2994,-4.6923,0.7771,-3.7881
45265.93548,-1.8328,-0.5265,0.878,-1.2308,-1.3916,0.5415
44982.23836,-0.0574,-0.0144,-0.0166,0.2486,-0.3863,-0.4181
45342.21674,-0.0371,1.3753,-1.4765,-1.7203,-0.8426,0.898
45522.34099,1.2168,0.2746,0.102,-3.2545,-0.4121,-3.9535
44711.70424,-1.2417,0.497,0.1488,0.3085,0.6157,1.3254
44575.30322,-0.3931,0.4283,0.1914,-1.3629,-0.0921,-1.1228
44407.5,-0.6502,0.009,0.1617,-1.1093,-0.3255,-0.3358
44993.75816,-0.117,-0.2936,0.0277,-0.4094,0.2112,0.9781
44774.88246,-0.2268,-0.5572,0.0606,0.7781,-0.2803,0.4786
44810.85911,0.0666,-0.2679,-0.135,0.4412,-0.2588,-0.9538
44833.23512,0.1483,0.3221,-0.1387,0.4704,0.2026,0.0123
45560.33773,-0.0272,1.1999,-0.7629,-3.0499,-0.9006,1.7515
45607.71298,0.6375,-0.9057,0.8663,-0.0508,3.27,-2.2533
44912.48654,-0.6183,0.2965,-0.0949,0.4035,-0.0307,0.2928
44463.35593,-0.4411,0.0096,-0.3012,0.1107,-0.202,0.2805
44495.32419,0.3445,0.2913,0.0595,0.1638,0.0094,0.0886
45103.17807,-1.1466,-0.6815,0.25,2.3015,-0.5296,-1.8679
44365.09449,0.7851,-0.047,-0.1423,-0.1055,-0.066,0.7326
44797.34904,0.2854,-0.2907,0.3667,0.1115,0.3181,-0.0836
44802.29467,0.1759,0.5038,0.108,-1.0938,-0.13,-1.0842
44910.28515,0.5953,-0.7003,0.7387,1.0666,0.3045,0.1614
45102.30346,-1.2158,-0.8373,0.3718,-2.0261,-2.2085,0.8062
45333.019,-1.7418,0.955,-0.2394,0.9636,0.029,-2.8987
45377.59039,1.3101,-0.2138,-0.0829,-2.3943,1.2467,-4.2576
44440.97773,0.1899,-0.2924,0.2003,0.5442,0.138,-0.0811
45320.9865,-0.4549,1.2872,-0.4454,0.8386,0.3751,1.1414
45462.75222,-2.1832,-0.5798,0.2852,0.4186,-1.0697,-0.577
45551.74321,-2.0957,-0.7624,0.3512,0.0371,-1.6483,-0.3401
44517.18905,-0.7769,0.1424,-0.2681,-1.3891,-0.4658,0.3846
45614.79969,0.2892,-0.9259,0.3708,0.5181,0.6057,3.8765
44472.64487,0.3856,0.0534,-0.1676,-0.5905,-0.4535,-0.4485
45599.38987,-1.7087,-0.7894,0.5508,-0.5788,-0.6975,-0.7584
45498.51753,1.6284,1.7025,-1.996,4.0988,2.1469,4.5536
44650.00297,-0.0054,0.0223,0.2809,0.0447,0.043,-0.2515
45088.03844,-0.0263,1.3275,-1.0323,-3.1616,-0.1846,1.6305
45218.30787,-1.2053,0.942,0.2832,1.6572,0.4187,-3.0575
45413.35601,1.0585,1.6202,-0.7584,1.4137,-0.2049,-5.715
45114.20087,-1.91,-0.7365,0.3402,-0.3626,-0.8578,-0.54
45460.09846,1.6311,1.8403,-2.2225,-3.0374,0.0618,1.8988
45601.0183,-1.7543,-0.8271,0.2896,1.1073,-0.588,-0.9191
44620.62974,0.0335,0.6394,0.8621,-0.1393,0.3577,0.2662
45171.81615,0.4874,1.5724,-0.7326,-5.8931,-0.2253,2.1465
44939.92874,0.6989,-0.2214,0.207,0.1986,0.4671,-0.0706
45337.33137,0.5228,-1.6421,0.4616,-0.9063,1.4233,3.3503
44625.45493,0.4185,1.2463,-0.2898,8.5279,-1.4281,-2.1212
45351.26368,0.9487,1.9058,-1.1998,1.6128,-0.8105,-6.0316
44604.28452,0.0899,0.3054,-0.187,-1.7086,0.3064,0.1023
45232.55195,-1.0454,-0.1553,0.5924,2.3347,-0.3533,-2.4302
45554.69854,1.7554,2.7675,-1.9238,-3.1763,0.5189,2.6582
44472.67502,-0.2502,-0.0982,0.1856,-0.4418,-0.2693,0.0237
44465.49723,-0.3031,0.1015,0.4329,-0.6894,-0.2649,0.1956
44752.14442,0.5289,0.1367,0.4307,-0.3056,0.1547,-0.2736
44770.99227,-0.2095,-0.3517,-0.1323,-0.7047,-0.1858,0.164
44515.59066,0.2165,-0.1144,0.2946,0.315,0.2837,0.324
44571.59385,0.5009,-0.1857,0.7611,1.3889,0.1119,1.3337
44855.2794,-0.3723,-0.157,-0.0372,-0.2503,-0.1553,0.552
44372.33274,0.1523,-0.3372,0.5381,0.2486,-0.3558,0.3534
45268.64958,1.7336,0.462,0.2785,-1.7461,1.9917,-4.6619
45274.07781,-0.3177,1.9161,0.0194,7.3546,-0.717,-4.8737
45301.90739,-0.9472,-0.5518,0.6839,0.6397,-0.0557,-2.2804
44989.80763,0.0885,-0.0516,0.2475,-0.2123,0.0633,0.2489
45443.9045,0.9564,-1.6247,0.9346,0.6537,2.0964,-0.9681
45557.8046,0.6526,-0.793,0.793,0.4853,2.0055,5.1201
44368.41203,-0.0237,0.0785,-0.1017,0.4711,-0.1572,-0.4577
44989.83778,0.1923,0.0897,0.2812,-0.6074,-0.0346,0.0006
45336.57746,0.553,-1.2036,0.3741,-0.8709,1.2607,4.3513
44499.54638,-0.3758,-0.0111,0.4436,-0.3127,0.0474,-0.1513
44525.51269,0.2369,-0.0587,-0.034,-0.3093,-0.1109,-0.1258
44629.67694,0.2508,0.3128,0.241,2.106,-1.1291,-1.6844
44905.03793,-0.0693,-0.3812,-0.0834,0.0097,-0.4085,0.8735
44796.98716,0.2823,-0.3004,-0.4326,0.5211,-0.0278,0.0919
45560.63926,-1.3082,2.7817,-0.3641,1.3684,0.2238,-4.9204
45140.39261,1.7712,1.6415,-0.5411,1.1958,-0.5137,-5.6908
45402.92188,-2.0479,-0.6586,0.2831,1.3485,-1.2121,-1.3609
44497.97815,0.7949,-0.2352,-0.0979,-0.4834,0.0147,-0.0908
45557.68399,0.9497,-1.8334,0.9607,1.6207,2.5383,-0.1549
45408.28973,-0.6018,0.3938,-0.1677,-2.7986,-0.9036,2.3689
45613.35217,-1.3532,-0.5199,0.206,-3.8502,-1.524,1.1319
45253.60139,0.7718,-0.6944,0.8358,-0.7236,0.2582,4.6799
44369.25648,0.0222,-0.1576,-0.2381,0.7368,0.2076,-0.075
45588.62414,-0.5899,0.0312,0.5461,-0.3939,-1.8645,2.5328
44385.69343,0.0018,0,0.0905,-0.2533,0.1148,0.4632
45532.77503,1.0763,1.2394,-0.2244,-0.5812,0.2925,-5.194
45443.2712,1.1614,1.7138,-1.7729,3.6501,3.2099,5.3321
44372.30259,0.268,-0.3417,-0.3962,-0.5871,-0.4065,0.0674
44459.19401,-0.065,-0.1492,-0.0879,0.0521,0.0568,-0.0449
44550.6946,1.2771,0.2851,0.0169,0.1669,-0.1596,-0.5566
44921.02078,0.6506,-0.1614,0.052,-0.1703,-0.2579,-0.3203
44855.64127,-0.0636,0.0125,-0.0188,-1.5377,0.1694,-0.489
45215.73447,0.1634,0.3151,-0.3308,-0.83,0.9007,0.0447
45001.41792,-0.0064,-0.067,0.109,-0.7888,-0.0377,-0.0521
44845.9008,-0.0959,-0.0751,0.0421,-0.0116,0.115,-0.1302
45599.84219,0.5587,-0.9687,0.6049,-0.7806,0.3768,5.0379
45609.10016,-1.4901,-0.1939,0.714,1.7692,0.6498,-3.215
44385.9347,0.0165,-0.1303,0.5419,-1.8679,0.6411,1.1935
44481.93376,0.1719,-0.4013,0.0202,0.8012,0.2084,0.4032
45589.73991,-0.0053,2.8332,-0.141,-0.1149,-0.316,-4.2685
44455.1225,0.05,0.1689,0.1772,0.8868,0.3004,0.1516
44614.47764,1.2576,2.3787,0.0839,-0.1763,0.185,-2.2316
44429.09472,0.0536,0.1558,0.1717,0.225,0.0566,0.0217
44600.21326,-0.5094,0.3215,0.2988,-0.8496,0.0333,0.5816
45116.85478,1.5452,-1.6111,0.8938,-1.3599,3.5034,-1.5152
45528.10084,0.5178,-1.6267,0.6242,0.9928,1.8338,1.391
44508.47331,0.2099,0.3411,0.1475,0.2317,-0.0705,-0.0007
45040.88305,-0.009,-0.2207,-0.4302,0.068,0.9139,-0.3434
45081.43405,1.7553,-0.3693,0.3357,-1.6423,2.3977,-4.4299
45392.57821,-0.9226,2.2054,-1.1167,0.8656,-0.996,-3.8659
44957.23844,-0.0218,-0.1323,0.4404,-0.4432,0.6708,0.9483
45402.65048,2.3209,2.7031,-2.894,-2.1876,0.0605,1.81
44826.17855,0.0055,0.1974,0.0537,0.1173,-0.0708,-0.0651
45420.08094,0.5196,-1.1069,0.3468,0.2858,0.3015,4.6761
45206.85833,2.0924,2.4562,-2.0097,-3.9372,0.4425,3.1497
44773.22383,0.5811,-0.2745,-0.1891,-0.422,0.1087,-0.503
45127.3647,-0.4383,0.9061,-0.4986,-2.9329,-0.3254,1.7645
45528.82458,1.2532,-1.3359,0.9764,-1.8686,2.7275,-2.9111
44469.59883,-1.114,-0.2439,0.3062,-1.6792,-0.2313,0.0192
44646.74605,0.2223,0.0202,0.5456,-2.6479,1.8487,2.4346
44711.01064,-0.1023,0.325,0.7336,0.5287,-0.2559,-0.6382
44982.32881,0.1127,0.5125,-0.1276,0.0077,-0.5151,-0.3081
44719.06249,0.084,0.1244,-0.2627,0.0119,-0.2125,-0.1935
45093.94947,1.5289,0.5249,0.0551,-2.5803,0.638,-5.0945
44438.5348,-0.0128,0.2304,-0.3579,-0.2318,0.1165,0.5189
44595.78012,0.3856,0.3509,0.5687,-1.789,-0.1043,-1.0614
45051.51841,0.4152,1.4611,-1.1129,-1.524,-1.0195,0.36
45511.84661,1.3332,2.3726,-1.1036,1.4581,-0.545,-5.1795
45465.37581,1.5217,2.2955,-1.2605,2.1561,-1.8909,-5.8411
44582.17913,0.2763,0.7421,0.6325,-1.9906,-0.6513,-0.0603
45391.52271,-0.862,0.7601,-0.9692,-2.7349,-0.7949,2.5228
44518.45569,0.5982,-0.0026,-0.1423,0.6539,-0.3218,0.7295
44522.22546,-0.7906,0.2756,0.3564,-0.3103,-0.1013,-0.1236
44365.758,-0.3038,0.3469,0.4508,0.24,0.4331,-0.4012
44837.78871,0.1746,0.4542,-0.3052,1.3215,0.433,-0.2416
45197.60022,-0.0615,3.5223,-0.5909,2.0789,-1.1932,-3.4968
44829.7973,0.0468,0.0528,-0.221,-0.5375,-0.2161,0.2528
45058.24338,1.2049,-1.987,1.2679,-0.2066,2.5996,0.1384
44835.49685,-0.0236,0.0207,0.522,0.7262,0.4213,-0.7933
44616.49819,-0.1911,0.384,0.9233,-0.3939,0.13,-0.5049
44381.59175,0.2412,0.3726,-0.0799,1.2652,-0.3298,-1.596
44822.19793,-0.2572,0.0191,0.1919,0.1587,-0.1735,-0.0605
44947.95028,-0.2999,0.949,-0.2094,-2.2188,1.3525,1.0549
44495.68611,0.1747,-0.0976,0.5451,-0.2584,-0.1335,0.2046
45108.27484,0.7038,-0.9489,0.7896,-0.8187,0.8226,3.7214
44892.6737,-0.0626,0.3316,-0.1438,0.074,-0.0645,-0.3325
45163.7944,1.6142,2.3303,-0.5127,4.4704,1.654,6.0222
45172.6304,0.3938,1.502,-0.701,-3.2681,0.0051,1.5986
44628.92303,-0.058,1.0386,0.5863,0.1792,-0.3055,-1.1331
45344.84036,-1.6355,0.1381,0.0381,2.9415,-1.017,-2.643
45359.40596,0.5903,-1.6882,0.4821,-0.5206,1.8484,2.7315
45102.36376,-1.8095,-0.963,0.2421,0.4783,-1.2764,-0.8105
45414.44164,0.6589,-0.8739,0.4242,0.1908,0.0922,4.7504
44446.22552,0.1171,0.0832,-0.5066,0.159,0.0403,-0.2192
45455.87658,1.1104,-1.5194,0.797,-0.1585,1.9862,-1.3411
45468.51206,-1.3594,1.5516,-0.1398,1.097,0.0056,-4.348
44431.59799,0.6616,-0.4114,0.0144,0.5777,0.0306,-0.1727
45382.5662,0.6951,-0.9338,0.3065,1.1233,0.96,5.1303
45413.14492,-2.2901,-0.8088,0.1191,-2.0976,-1.9219,-0.2326
44670.84156,0.3458,-0.5089,-0.4456,2.5385,0.246,1.21
45199.65085,1.4333,1.9057,-1.3784,-3.5107,0.4252,2.379
45380.03304,0.9673,-1.2903,0.1453,-1.5297,3.0875,-1.3453
45600.02313,-0.5418,1.2222,-0.1806,0.1684,-0.7934,1.9778
45106.55578,1.4298,-0.5195,0.3925,-2.9815,2.0064,-3.6794
44997.3468,0.188,-0.2314,0.1898,0.0052,0.7259,0.6937
45094.82407,1.1886,-1.2001,0.9977,-0.5121,2.1482,-1.9809
45143.25752,-0.9458,-0.435,0.2951,-1.5289,-1.9269,1.9618
45209.15025,0.8434,-0.7073,0.9691,-0.7078,0.7852,3.6121
45043.34079,0.0237,0.2579,0.8045,1.7753,0.1867,-0.6204
45532.50364,-1.6901,-0.6907,0.1741,0.0183,-1.7287,0.3845
45313.42725,1.0998,-1.4011,1.426,0.5428,1.9081,0.654
45501.95538,-1.9878,-0.6035,-0.0064,-3.4094,-1.2661,0.0755
45084.66084,1.0724,-1.4837,1.2811,0.1886,2.1571,-0.4366
45560.51867,-2.3638,-0.7421,0.0239,-1.8056,-1.433,-0.7291
44777.38546,-0.5788,0.1674,0.5143,-1.879,-0.4085,-0.0541
45621.15275,-0.0821,0.0742,-0.2863,0.6126,0.2843,0.1607
44869.63378,-0.0211,-0.0066,0.2647,1.6989,-0.8642,-2.0669
45468.42161,-2.2107,-0.614,0.3835,-1.3855,-1.4401,-0.611
44617.13151,-0.0017,-0.7601,0.3135,-0.0981,0.341,0.5207
45429.06752,-1.9214,-0.681,0.2745,-3.3511,-2.7565,0.7661
45079.14212,1.6532,-1.1849,0.5714,1.3302,5.4027,0.0875
45135.86902,0.7002,-1.4165,0.818,-1.3905,1.0117,3.4439
44557.48009,0.1265,0.1736,0.0475,0.6264,0.2977,-0.251
44948.79466,0.0566,0.1389,-0.4059,-0.4604,-0.0279,-0.6548
45235.23589,1.5176,-1.0877,1.2354,-0.0478,2.5171,-2.0921
45380.27428,1.4798,3.0246,-1.6845,-8.3692,-0.9544,1.5956
45443.93465,0.741,-1.5107,1.0162,0.7835,2.0154,0.8819
45626.73179,-0.039,0.0266,0.0004,0.1144,0.0132,0.0093
44719.57516,0.0098,0.2784,-0.0048,0.0757,0.3197,0.3656
45591.54927,0.9415,0.4508,0.1443,-1.3829,2.2706,-3.4754
45311.94956,1.5387,0.664,0.6654,3.5299,1.3393,5.6614
44564.44651,5.1045,-1.8942,-2.3429,5.8523,4.106,-1.2298
44862.63747,0.066,0.2894,0.0534,-0.1862,-0.2152,-0.1361
44978.19739,-0.2411,-0.0707,-0.0957,-0.4282,-0.5967,0.571
44959.34939,0.3792,-0.5132,0.396,0.1226,0.3183,0.0544
44882.75206,0.0981,-0.1817,0.0653,0.1419,-0.0589,-0.1024
45080.31823,-1.0837,-0.5787,0.0709,-2.7961,-1.5343,1.3043
45351.35417,1.1665,-0.6865,0.2274,-4.3642,2.0113,-3.2972
44726.05884,0.1369,0.5611,-0.6744,-0.0414,-0.3394,-0.3593
44597.83083,-0.5048,0.2994,-0.0902,1.274,-0.1675,0.8384
44370.49303,0.0469,-0.0904,-0.5835,0.2461,0.1501,0.2545
44636.37194,0.7285,0.1938,-0.1482,0.0939,0.0742,0.3349
44646.80635,0.1893,0.2735,0.2115,-3.7981,2.4889,3.0508
44574.06676,-0.533,0.7709,0.4098,-4.2279,-0.8069,-1.7778
44560.97839,-0.1355,-0.0284,0.2879,-0.3412,0.1704,-0.1697
44905.18872,-0.122,-0.1986,0.0081,-0.4838,-0.1537,0.4876
44697.71141,0.3007,-0.3248,0.0351,0.2566,0.2011,0.0773
44613.36183,-0.0015,-0.5572,-0.0357,1.9809,0.5137,0.6861
44694.21318,2.0339,-0.7134,-0.2989,1.7196,-0.8405,1.1923
45011.21883,-0.1359,1.1357,-1.1313,-2.6407,-1.8583,-0.7344
45367.48792,0.4938,-1.142,0.4394,-0.468,0.4761,4.4882
44403.60921,-0.1093,-0.0127,0.0184,-0.3718,-0.0952,-0.147
44388.55869,-0.645,-0.147,-0.2427,-0.5365,-0.0329,0.0757
44511.60978,-0.074,0.0412,0.5386,0.2027,0.3148,0.0695
44449.93515,0.1774,-0.193,0.1493,1.216,0.0535,0.4379
44366.99454,-0.0456,0.2204,0.0932,-0.0989,-0.0754,0.1978
44519.75247,-0.4098,-0.0168,-0.0203,0.4748,0.1296,0.2631
44874.6097,0.2062,-0.0185,-0.4666,0.4454,-0.1016,-0.3226
44923.85546,-0.4048,-0.1298,-0.236,-1.0541,-0.4942,0.3741
44977.08157,-0.2868,-1.0907,0.4866,-0.1418,-0.3799,0.3655
44993.09471,0.2911,0.0183,-0.1313,-0.4246,-0.6636,-0.3109
44510.0717,0.5969,0.1486,0.5776,-0.2878,-0.1441,0.7051
45060.26389,-1.604,-0.8376,0.4123,0.6498,-0.2702,-1.3205
45155.98377,-0.5645,0.7123,-0.2182,-2.0614,-1.0505,2.5891
45189.33723,0.2317,1.6085,-0.8879,-3.3165,-0.2884,1.9183
45264.88002,1.8794,2.225,-2.3346,2.3656,2.5155,4.49
45437.96367,-1.8111,-0.5468,0.2239,0.8188,-0.3789,-1.3275
45513.62581,0.971,-2.0146,0.5169,0.283,2.1468,0.7603
44838.42201,-0.0278,0.5947,0.3659,1.4978,0.668,0.6214
44878.10792,0.4428,0.1534,0.3441,-0.4714,-0.0915,0.1148
45349.84636,1.1181,-1.8663,0.9192,0.3679,1.9825,-0.6527
45517.72707,0.5361,-1.11,0.5667,-0.7233,0.7047,5.0051
45561.54396,1.4138,1.2669,-0.3086,-1.001,-0.1086,-5.296
45217.70471,1.4941,0.1178,0.622,-5.4206,1.0583,-4.1207
45385.15965,-1.0241,0.0905,-0.4508,-3.4514,-1.1955,2.5616
44365.96913,0.0997,0.0412,0.1092,-0.8905,-0.4429,-0.037
45573.21438,-0.3507,1.1388,-0.7613,-2.1035,0.736,2.1553
45624.28908,0.106,-0.1406,-0.1734,0.8514,-0.2462,-0.3852
45240.8451,0.8301,-1.1534,1.157,-0.492,1.4103,2.094
44966.07439,0.0517,0.1119,0.1034,0.2291,1.6134,-1.2727
45557.62366,1.4447,-1.0138,0.4722,-2.8525,2.0984,-2.0186
44940.68263,0.2095,-0.1618,-0.3592,0.2859,-0.0304,0.1739
45119.76502,-1.0091,2.4495,-0.5826,2.3269,-0.6638,-4.2743
44354.23708,0.006,-0.0048,0.0053,-0.0417,0.0116,0.0809
45391.37192,1.0136,-0.1182,0.1567,1.5684,1.9375,4.9381
45319.52894,-1.0822,-0.806,0.7164,0.5099,-1.2942,-1.4299
44485.49248,-0.0675,0.4976,-0.2872,-0.9661,0.3372,-0.3864
44971.77399,-0.0175,-0.0208,0.2814,0.0776,-0.0841,-0.1134
44388.37772,-0.2243,-0.0834,0.2817,-0.1411,0.2157,0.1593
44979.55439,0.4845,-0.1345,-0.4086,0.4348,0.3966,-0.2291
44629.07382,-0.4101,0.0847,0.3503,-0.6884,0.2627,-0.162
45235.11528,1.6447,1.4488,-0.4691,-0.3985,-1.3799,-5.1827
45435.49085,-2.2317,-0.8532,-0.1403,-2.0181,-2.0153,1.2824
44765.74501,-0.1813,0.2171,0.0779,-1.111,-0.229,-0.4625
44793.88107,-0.1122,-0.1311,-0.1915,0.3022,-0.2677,0.1989
44400.774,0.4177,-0.094,0.4283,-1.055,-0.5326,-0.5459
44861.82327,0.0776,-0.1912,-0.047,0.2535,0.4284,-0.073
45096.51295,0.802,-0.9791,0.6556,-0.8556,0.6512,3.1692
45201.94278,0.7725,-0.8467,0.921,-0.1201,0.8883,3.4222
44657.27088,-0.2136,0.2716,0.1711,0.1307,0.0737,-0.7742
45031.3133,-0.0048,-0.0724,0.0185,0.0184,0.0533,-0.1851
44670.14792,0.2764,0.1555,-0.1034,-0.1429,0.1262,0.0591
45240.87525,0.7868,-0.8711,0.9475,-1.0247,0.5983,3.19
45321.74041,-0.9636,0.6103,-0.3276,0.1182,4.2356,-0.2362
45137.01499,-1.8804,-0.7108,0.257,-3.5853,-1.1859,0.3679
45530.51333,0.7156,-2.0184,0.9292,2.1791,1.4575,0.7458
45613.02048,0.5424,-0.9893,0.6175,-0.6651,1.2722,3.4115
44893.3673,-0.1886,0.0655,0.1131,-0.462,0.2495,-0.2741
44828.71166,0.3498,0.2035,-0.1946,0.4126,-0.445,0.1111
45495.20035,0.5776,-1.2376,0.6913,-0.6785,0.8769,3.4459
45552.43682,-1.1337,-0.3909,-0.2917,-0.6443,-2.0332,1.8734
44439.07768,1.2374,-1.2262,0.0582,0.249,0.9743,-1.0111
44436.93634,0.2321,-0.0111,0.0755,0.3547,0.0446,0.3084
44471.77024,0.0382,0.103,0.1228,-0.347,-0.2148,0.7815
44541.31554,0.2406,-0.2372,0.017,0.2158,-0.0639,0.9737
44941.46669,-0.1547,-0.4199,-0.1367,0.5904,-0.0468,0.5079
44542.52183,1.1871,0.0184,-0.0192,0.0824,-0.5842,-0.0572
45000.75447,0.0443,-0.2966,-0.0076,-0.7054,-0.5046,-1.74
44383.70292,-0.0743,-0.027,-0.0598,0.3461,0.2034,0.0347
44824.03746,-0.3722,0.0863,-0.2793,-0.0955,-0.0067,-0.2424
45191.3276,1.4882,0.8117,-0.1876,-2.3346,-0.2491,-5.0495
45222.68558,1.9592,2.3879,-0.0779,4.307,1.5614,5.9207
44447.73349,0.1862,0.021,0.274,0.7788,-0.1736,0.5298
44812.18601,0.3681,-0.4217,-0.0084,-0.4299,-0.0337,0.2115
44866.3769,0.0032,-0.0071,0.2038,1.2188,0.4575,-0.156
44620.44881,1.3245,0.7747,0.503,0.8286,-0.3184,0.3929
44670.41934,0.1479,-0.2877,0.5912,2.4116,0.2799,1.3481
44712.33751,-0.1503,0.7037,-0.4332,-1.1035,-0.5742,-0.1004
44856.42532,0.3135,0.3627,-0.2159,-0.0334,-0.1074,-0.4121
45200.40476,1.6054,2.4031,-0.8656,3.6563,2.6232,4.8903
45359.85831,-1.895,-0.6099,0.2234,1.8121,-0.228,-2.4278
44436.48394,0.3935,-0.2174,0.0247,0.2723,-0.0464,-0.4261
44906.93779,-0.06,-0.0183,0.1229,-1.028,-0.4208,0.2399
44849.36874,-0.0098,0.1488,-0.173,0.3842,0.5175,0.7632
45224.16833,0.8004,-1.1321,0.8651,-0.5701,1.2451,3.5761
44840.9853,0.3066,0.1362,-0.0418,-0.9633,0.0447,-0.2902
45484.85679,0.4888,-1.0931,0.3834,-0.5304,-0.2693,4.8451
45572.94295,0.7872,-1.5368,1.1343,1.7225,2.1749,-0.8495
44805.49126,-0.4179,0.3638,-0.1921,0.6886,0.2162,-0.428
44786.25146,0.8298,-1.1028,0.3317,0.0413,0.2195,-0.97
44991.10437,0.0412,0.0513,0.0818,-0.9595,-0.7746,0.0673
45203.69186,0.7344,1.6397,-0.6459,-4.8515,-1.037,1.8744
45621.51463,0.1591,-0.0663,0.4252,-0.6195,0.5021,0.7533
44975.93561,-0.1272,-0.9578,-0.4308,-1.341,-1.1349,0.7262
44769.3638,-0.2738,0.1153,-0.155,0.3828,-0.057,0.5825
45051.00572,-1.5662,-0.8438,0.3248,1.9398,0.5212,-1.1118
44541.85838,-0.0308,-0.099,-0.0888,-0.3561,0.1125,-0.2921
44625.90732,0.0397,0.0928,0.0142,0.633,0.0549,-0.5416
44495.05276,-0.3605,0.6925,-0.9215,-1.0244,-0.0707,-0.3563
44597.43878,0.1388,-0.0911,0.0501,-0.8036,0.2889,-0.0005
44844.21203,0.0348,0.087,0.0484,0.7277,0.1246,0.15
44873.07171,-0.1647,0.2723,-0.1708,-0.2413,-0.1179,-0.4402
44968.09486,0.1204,-0.2812,0.0529,0.3046,-0.8883,-0.2956
45041.31025,0.5141,0.1063,-0.1411,-3.5788,-1.7868,-0.8624
44560.67681,-0.0389,0.5043,-0.0297,0.5428,0.2048,-0.3609
45117.00556,0.7772,-0.7878,0.8752,-0.0844,0.3476,5.2728
45300.21861,-1.6846,-0.774,0.6455,-0.0167,-1.2841,-0.2936
45559.61397,-1.1156,0.0946,0.3157,-1.7278,-1.1667,1.7908
45446.7392,-2.2097,-0.6419,0.1275,-1.5992,-1.4188,0.067
45206.25521,-1.4904,-0.7831,0.6366,-2.9928,-2.7139,1.3583
45094.13041,0.853,-1.3063,0.7572,-1.1151,1.2823,2.8773
45032.12753,-0.4502,0.223,-0.2188,0.5048,0.559,-0.6171
44439.68088,-0.7904,0.0089,0.6431,-0.8717,-0.1013,-0.1799
44469.17658,0.0015,0.0409,-0.2147,-0.0338,0.3555,0.5519
44375.10746,0.0933,0.0949,0.277,3.4461,-1.0517,-1.7237
44670.75108,-0.0924,-0.1414,0.3258,-0.2189,0.1494,0.4912
44854.40483,-0.0112,-0.0913,-0.2062,-0.7082,0.0272,-0.0729
45050.61366,0.8703,-1.4169,0.772,-1.6516,1.719,4.9259
44977.02127,0.4149,0.6789,0.4771,0.1513,-1.1069,-0.7231
45361.51692,-1.9691,1.3443,0.0174,-1.4146,0.1115,-3.0134
45320.55931,1.7079,0.9116,-0.3868,-3.0786,1.223,-5.8801
45146.75573,1.8491,1.206,-0.5358,-0.0855,-0.8969,-5.4493
45270.0368,-1.1228,-0.7069,0.8028,1.3105,-0.9541,-1.5868
44761.97545,0.4782,0.249,-0.0951,-0.5656,-0.3818,-0.5239
44593.12628,0.3326,1.0354,0.2082,-1.3044,-0.2477,-1.2094
44543.90912,1.0586,0.2132,0.3146,0.8356,0.1426,-0.2091
44645.29849,0.1753,-0.0038,0.3331,0.8595,-0.6323,-0.971
45486.57569,-0.1395,1.5804,-1.136,-3.3401,-0.7197,1.9054
44377.33924,0.0016,0.025,0.0558,0.0614,-0.0291,-0.1407
45122.53952,2.515,2.3471,-0.6583,3.4287,2.4278,6.3785
45376.3841,-0.7166,0.6503,-0.6771,0.194,0.0498,1.7189
44618.63937,-0.0239,-0.4261,0.5213,-0.6155,0.3687,-0.4232
45275.43486,-0.3791,0.7352,-0.1062,-1.2221,-0.35,2.159
45486.60584,-0.6224,0.8782,-0.6096,-0.7201,-0.8656,2.2371
44471.22741,0.7369,-0.0308,-0.1146,0.3829,0.927,0.0797
44604.73686,0.0469,-0.2835,0.0924,0.4438,0.112,0.341
45541.97264,2.3018,2.5692,-2.4959,-1.2345,0.0052,3.2077
44489.68455,0.1973,-0.3986,-0.0131,0.966,0.2213,0.5875
45452.40858,-1.7575,-0.6297,0.2155,2.0231,-0.561,-1.4642
44478.43532,0.0545,-0.1327,-0.035,-0.2146,-0.0989,0.437
45330.63661,-1.7132,0.1006,0.0776,-1.2095,0.082,-2.408
45609.25092,1.5111,2.0861,-0.4251,0.508,-1.8958,-5.1854
45224.92223,0.9784,-1.1165,0.9188,1.3808,1.7771,1.6413
44698.52565,-0.4427,0.348,0.2703,-0.5564,0.1604,-0.1252
44623.52486,0.4435,0.6958,-0.3291,6.8782,-2.1384,-1.8858
45264.15626,0.2362,1.6529,-1.1043,-3.7284,-0.0406,2.7132
45143.19722,-0.5535,0.7604,-0.3851,-1.8217,-0.6025,2.1735
44730.34113,0.1089,-0.5452,-0.207,1.8782,0.2346,1.3042
45474.21163,1.1902,1.4836,-0.6171,1.0481,-1.2238,-5.784
45066.02386,0.8817,-1.4788,0.956,-1.137,1.6394,3.3088
44500.66225,0.0068,0.0747,-0.206,-0.0516,-0.0736,-0.2931
44650.57597,-0.3757,0.4774,-0.4742,0.3143,-0.1808,0.2959
45288.35198,-0.1292,0.5107,-0.4703,1.0389,-0.6458,0.8174
45383.07887,0.9603,1.5707,-1.0291,0.5262,-0.7743,-5.5353
44584.59172,-0.2155,0.5766,-0.4579,-0.612,-0.5114,-0.5752
44356.95142,0.0258,-0.0463,-0.019,-0.0549,-0.0052,0.0401
44487.06074,0.606,-0.0595,0.7074,-3.9959,0.8874,4.2911
44794.51434,-0.6494,0.6452,-0.6343,0.8687,0.1583,-0.1982
45151.43007,-1.3457,-0.755,0.612,2.2287,-0.4731,-1.4858
45333.04915,-1.0565,2.4521,-1.1822,4.1816,-0.5274,-4.1127
45501.65381,0.2691,-1.0996,0.6418,-1.0366,0.3361,5.4127
44451.41291,-0.2724,0.1253,-0.2005,-0.199,0.1264,0.1147
45496.64789,1.1534,-0.1799,0.3427,-3.1396,1.4631,-3.6591
44674.5207,-1.1331,0.7731,0.6083,-0.6234,0.3502,0.7906
44782.84377,0.1561,0.1253,-0.1561,-1.3132,0.4439,-1.3155
44799.55047,0.2878,-0.2724,0.125,0.3501,0.0398,0.0013
45483.80132,1.4611,1.4217,-0.3784,0.6227,-0.6326,-4.8999
44452.98124,0.3523,-0.1773,0.0626,-0.0221,0.1112,-0.1515
44895.35768,-0.1678,0.1068,0.1116,0.0687,0.3735,-0.0233
44547.46774,-0.2729,-0.3169,0.3105,-0.4333,0.0274,0.2152
44482.17503,0.9048,0.1685,-0.2919,0.2483,-0.2088,-0.5857
44837.27607,-0.0649,0.0299,0.6085,0.5771,0.1262,0.3445
44942.31108,-0.2243,0.3123,0.4121,-1.0636,0.0225,-0.5718
45439.50168,-2.183,-0.8538,-0.2825,-0.8151,-1.4491,0.532
44544.7837,-0.2164,-0.1064,-0.0741,0.0855,0.1574,0.3709
44410.24464,0.2178,-0.0138,-0.2471,-0.7004,-0.1913,0.0871
44461.21462,-0.3904,0.2795,-0.3617,-0.1871,-0.3977,0.2124
44664.17685,-1.4168,-0.0369,0.9445,-2.2521,0.8253,-0.301
45126.15841,1.9022,1.4795,-0.6086,0.4033,0.134,-6.5041
44443.96355,0.1477,-0.105,0.2245,0.6747,0.4724,-0.5212
45185.20576,0.8345,-1.0202,0.8983,-0.5357,1.209,2.1994
45362.99459,-2.177,-0.3476,-0.07,-0.5258,-1.2841,0.4128
45373.94142,0.7907,1.2334,-1.6727,-4.3612,0.0806,1.6181
45012.93778,0.1833,-0.6776,0.5704,4.1726,0.7993,2.9671
45477.8002,0.4904,1.9154,-1.0661,-2.9344,-0.8703,1.7786
44784.56269,-1.1525,-0.2732,0.7284,0.2386,-0.2187,0.7554
44991.64719,0.4296,0.1034,-0.1783,-0.3323,-0.901,-0.5093
45422.28235,0.9983,-1.1614,0.1882,-3.9369,3.0424,-1.6889
44367.29611,-0.1828,0.2819,-0.1701,-0.5087,-0.4641,0.1527
45527.79927,-0.9391,3.514,-0.1023,5.8751,0.2296,-4.4995
44641.25742,0.272,-0.5754,0.3146,-0.6617,0.2769,0.7676
45351.62556,2.5701,2.7021,-3.1029,-2.5799,0.4323,2.9065
45081.82608,-0.8856,0.1362,0.014,-3.6762,-1.8658,2.5136
45516.52083,-1.3906,-0.4854,0.3275,0.0471,-0.6921,-2.5416
44551.65968,-0.2116,0.2187,0.015,-0.0974,0.151,-0.1546
44728.23014,0.3967,-0.3797,0.269,-0.4544,0.063,-0.1718
44426.80259,0.763,0.4058,0.2905,0.1148,-0.033,-0.7268
45229.59658,1.6856,-0.4866,0.4615,-3.3731,3.2613,-3.0844
44942.25077,0.4561,-0.1656,-0.2352,-0.2046,-0.0163,-0.6523
44706.9696,0.389,-0.0045,0.4443,0.5483,0.2701,-0.2342
44971.44226,0.1325,-1.4754,-0.8214,1.1863,-0.6653,3.8936
44656.90897,-0.2987,0.4804,0.0446,-0.3146,0.1505,-0.1003
44472.01151,-0.1233,0.4711,-0.0243,-0.2333,-0.3212,-0.523
45158.90901,0.9299,-1.32,1.46,-1.1104,1.872,1.165
44810.67816,-0.0652,0.0482,0.4195,0.7816,0.4594,0.0381
44628.22941,0.071,0.2205,-0.395,-1.0635,-0.0892,-1.1245
45451.38329,-0.3428,1.3018,-0.966,-0.1519,0.0245,1.5899
44613.84433,0.4646,-0.31,-0.1129,0.9612,-0.1942,0.7394
44934.83231,-0.3395,-0.4297,-0.7907,-0.2973,-0.0978,-0.0466
45236.86439,0.9379,-1.3843,1.3154,-0.8156,1.8,1.3499
44431.14559,1.1229,0.1745,0.1144,-0.3546,-0.2274,-0.209
44571.77479,0.8091,0.2762,0.3557,0.1312,-0.42,-0.0634
44663.78479,0.0319,0.0582,0.1424,1.0872,0.2361,-0.1653
44849.54968,0.1621,-0.129,0.0701,1.4348,0.1263,0.6911
44532.29826,-0.1576,0.31,-0.197,0.0722,0.0589,-0.0738
44849.57986,-0.3471,0.1146,-0.3483,0.7317,0.4003,0.6312
45019.11989,1.5278,-0.9884,0.2282,-0.0765,3.574,3.285
44454.88123,-0.4164,-0.075,-0.0503,0.3293,0.2874,0.4267
45090.45108,-0.554,0.3264,-0.1769,-2.0846,-0.8699,2.2717
45451.83561,1.3394,-0.4878,0.4061,-3.0191,1.413,-3.4251
45295.18244,1.9892,3.0355,-1.6708,-3.7584,-0.0271,2.3122
45457.71612,0.844,2.3516,-1.4127,-4.2244,-0.7481,1.9939
44806.27535,0.284,-0.2997,0.266,-0.2432,-0.1371,0.0495
44784.17066,-0.2273,0.0162,-0.2118,0.324,-0.0147,0.0244
44998.73399,-0.042,0.1777,0.136,-0.1604,0.1239,-0.0693
44558.62608,-0.0282,-0.0222,0.1554,0.5906,0.3025,0.1843
45160.5676,0.8128,-0.8256,0.6867,-0.4998,1.095,4.1195
45406.20896,0.5228,2.5541,-1.0415,1.9604,-1.2035,-5.1324
44584.50127,-0.9923,2.9739,-0.1385,-0.0521,0.561,-1.8382
44683.74874,-0.6526,-0.4423,0.0328,1.5117,1.4061,-0.2191
44841.19639,0.5691,0.0611,0.2352,0.2404,0.0503,-0.048
45503.46317,-1.0613,-0.0819,0.0472,-2.271,-1.3988,1.4236
44992.31064,-0.2313,-0.4372,0.0859,-0.6311,0.3505,1.0719
45475.90038,0.9984,-0.3336,0.2017,-3.1268,2.5748,-2.9908
45179.53627,1.2503,-1.1167,0.7946,0.514,2.9542,-0.718
45612.17607,0.7897,-0.5414,0.5965,0.3552,1.9024,5.4604
45136.95469,-1.061,-0.3902,0.3749,-2.8663,-1.625,1.6779
44686.88503,-0.7324,0.3564,0.0667,-0.3716,-0.1931,0.3858
45193.46872,-2.0162,-0.6904,0.375,-0.483,-1.6658,-0.0478
44651.2696,0.4148,0.5371,0.2615,-0.6359,0.0746,-0.0125
44661.70395,-0.0187,-0.4504,-0.2752,-1.2172,-1.0395,0.0928
44754.61723,-0.3886,0.1605,-0.0276,-1.0417,-0.3784,-0.1983
44754.43629,0.588,0.0154,0.2185,0.1337,0.1465,-0.1469
44846.68486,-0.3167,0.0355,0.2901,0.0157,0.2057,0.3636
44515.56051,-0.1964,0.2709,-0.1296,1.2328,0.2113,0.454
44985.82697,-0.0629,-0.1527,0.3008,-0.8767,-1.3702,0.2748
45086.47024,-0.0739,1.2391,-0.8868,-2.7299,-0.2608,1.362
44542.34089,0.0069,0.6395,0.1496,-0.4146,0.0436,-0.0028
44633.35617,0.528,-0.6873,-0.5054,2.0888,0.2595,0.4448
45002.02104,0.2329,-0.028,-0.027,0.2413,0.285,-0.0109
44403.15678,0.2729,-0.4974,-0.0329,0.5373,0.1067,0.1712
45139.48789,-1.1248,0.4205,0.3363,1.0344,-0.3281,-2.3953
44354.17674,-0.0036,-0.0074,-0.0286,-0.0404,0.0482,0.0319
45002.29247,0.1499,-0.0882,0.0439,0.4329,0.0479,0.1865
44766.5291,0.307,0.6873,-0.4745,-0.0955,-0.4578,-0.1731
44443.90325,0.2349,0.3084,0.381,0.9099,0.3076,0.0116
44613.06026,-0.4229,0.0993,0.6774,-2.4964,0.1359,-0.3674
44738.24217,-0.112,-0.1262,0.11,-0.2313,0.0959,0.5133
44892.97527,-0.4688,0.2287,-0.0002,0.6161,0.1982,-0.0635
45223.34906,1.0832,-1.3279,1.1288,-0.73,1.6553,1.0366
45325.8015,-2.046,-0.4167,-0.065,-2.7013,-2.0016,0.4805
44600.30372,-0.6028,-0.6446,-0.227,-0.6843,-0.8103,0.5979
45349.06226,0.9035,-1.8297,0.5778,-0.6485,2.2232,0.3596
45380.66634,0.3309,3.282,-1.2594,5.2018,-1.6556,-5.4685
44508.11141,0.7171,-0.4799,0.3088,-0.7975,0.1055,-0.3622
44758.83917,0.1139,0.0239,0.3916,0.1024,-0.1538,-0.424
44398.54206,0.2818,0.2731,0.0947,-0.1184,-0.554,-0.3972
45058.81635,0.8328,3.215,-0.9755,1.857,-1.9038,-4.7687
45206.16471,-0.6941,0.233,0.1116,-1.7872,-1.1721,2.5276
44508.83519,0.2713,-0.2371,-0.3125,0.13,-0.059,0.119
45139.2165,-0.0648,1.2379,-0.7436,-3.6669,0.2598,1.8075
45452.10703,2.5954,2.0682,-2.5367,-2.2419,0.5517,3.5175
45040.76241,0.2713,-0.5422,-0.5413,-0.6914,1.497,1.3713
44943.12528,-0.7751,-0.1532,0.0283,-0.1821,0.1982,0.1772
45310.89408,2.3127,1.1029,0.0483,-1.7532,0.303,-4.9665
44908.92809,0.1962,-0.1256,0.199,0.5002,0.5039,-0.1876
45044.85371,-1.2809,-0.7499,0.2814,-1.1643,-1.7154,3.8271
44951.74997,0.3187,-0.2522,0.6813,0.3757,-0.1203,-0.3571
44724.64148,0.5292,-1.2574,1.6766,1.2996,0.4031,1.2802
45023.16091,-0.4181,0.1531,0.186,0.0385,0.1982,0.1935
44934.74185,-0.109,-0.0236,0.0231,-1.1218,0.021,-0.4703
45540.37439,2.3833,2.8763,-2.3766,-3.0464,0.5186,3.2777
45182.06948,1.0716,-0.4344,0.5665,0.7396,0.5054,4.8622
44836.09998,0.2436,-0.366,0.1452,0.1327,-0.0562,0.6442
45463.29503,2.0964,1.6415,-2.099,3.281,2.8073,4.7703
45434.37507,0.6306,-1.1032,0.7864,-0.7361,1.6871,4.2124
44380.71712,0.0592,-0.1899,0.199,-0.6682,0.2075,-0.3538
44502.83367,0.2177,0.0696,0.0041,-0.3884,0.0346,-0.1066
45247.78113,1.9265,2.1741,-0.4085,1.7412,-0.6465,-4.8879
44937.51624,-0.0546,0.0174,-0.2018,0.2741,0.6993,0.3045
45290.71427,-0.239,0.238,-0.6816,1.7496,-0.1885,0.7533
45084.32911,-1.7474,-0.9059,0.2901,1.0671,-1.0886,-0.926
45312.34159,-0.8569,0.1312,0.5913,0.7365,0.0075,-2.8745
45086.89245,1.5138,0.1946,0.2272,-2.6575,-0.3346,-4.4601
44985.13339,0.3735,0.2477,0.2294,-0.3856,-0.2945,1.046
44755.70286,0.1438,0.1476,-0.42,-0.7226,-0.3307,0.4474
44932.93248,0.0537,0.1804,0.1576,0.7724,-0.0322,-0.2319
44944.57279,0.7242,-0.4213,1.4631,3.4838,0.2045,2.1307
45090.02888,1.2909,0.9846,-0.1104,-0.7021,-0.4273,-5.2476
44398.45158,0.1948,0.4136,0.5772,-1.5741,-0.8888,0.0786
45150.13332,1.0555,-1.6173,1.551,-0.2544,2.2621,0.8278
44996.68334,-0.1414,-0.2948,0.0015,-0.3442,-0.5827,-0.1625
45010.07289,-0.0983,-0.0267,-0.5455,-2.2285,-1.229,0.0848
45080.61981,1.6265,0.3119,0.0148,-2.5351,-0.2804,-5.019
45204.68706,-1.7564,-0.7165,0.262,-0.2587,-1.6068,-0.4257
44408.46517,-0.051,0.479,0.6084,-0.1144,0.2462,0.7147
44480.00361,0.6916,-0.2978,0.8632,2.4447,0.3883,0.5992
45383.80265,-0.8678,2.9142,-0.9287,2.4643,-0.4819,-4.2814
44668.0671,-0.3474,-0.1686,-0.0631,0.2849,-0.4488,0.143
45391.28146,0.9721,-1.7366,1.2162,0.1788,2.5404,1.9022
45482.83631,-1.9707,-0.8113,0.3123,0.6986,-0.4751,-1.5658
45543.20904,1.3078,1.7512,-0.5877,1.5108,-1.438,-5.5347
45225.04287,1.7379,2.5697,-0.9978,2.9781,1.813,5.8182
45584.79432,-1.2716,1.5054,0.207,2.2981,-0.057,-3.3094
45626.24925,0.0303,0.0189,0.0432,0.3645,0.0652,0.04
44395.85768,-0.0633,0.0244,-0.0261,1.3709,0.2177,0.2372
44555.45952,0.2438,-0.3247,0.5488,0.4372,0.2968,0.1937
45593.96176,1.3969,0.6937,0.1857,-4.0105,0.1089,-3.8607
45283.51687,-1.5114,-0.7425,0.6704,-1.6807,-1.9168,0.1766
44998.10072,-0.0474,0.2844,0.3311,-0.4067,-0.7289,-0.1466
44932.84202,-0.8188,-0.0846,0.0761,-1.3122,-0.2196,-0.1215
45255.41081,-0.6277,0.0776,0.3794,-2.9619,-1.2646,2.3329
45009.59037,0.047,-0.1203,-0.7979,-3.4828,-0.0675,0.7528
44603.71152,0.6698,0.2189,0.16,0.5218,0.2185,0.0082
45273.29371,-0.7521,2.9445,-0.0961,0.2626,-0.1781,-3.7204
45276.43005,-1.1039,-0.2944,0.2169,0.5612,0.1126,-2.1595
45001.32747,0.0217,0.014,0.1297,-0.6092,-0.1351,-0.1531
44446.3763,0.1454,-0.1729,-0.0105,-0.021,-0.1012,0.3293
45042.73268,1.0443,3.9544,-2.0306,5.5267,-1.1337,-1.3474
45032.82611,0.483,-0.0808,-0.619,-1.444,-0.7592,1.3375
45212.58812,-0.8148,-0.1987,0.3192,-3.0035,-1.8362,2.2248
44391.06206,0.4473,-1.2902,0.0402,-0.4131,0.0219,1.0977
44354.26723,0.0007,0.011,0.009,0.0128,0.0361,0.048
44644.21281,0.5322,0.1548,0.1586,-0.9048,-0.0767,-0.2033
45471.73881,-1.4242,2.5447,-0.4459,1.3235,-0.0089,-3.7542
45450.68968,-1.6385,-0.6771,-0.1069,-2.577,-1.8427,0.761
44982.17802,0.4689,0.2757,-0.1942,0.7365,-0.3799,-0.4506
45376.1127,1.0307,-1.9033,0.9843,1.8163,1.9676,-0.0787
44845.50876,0.0217,0.0933,-0.1116,-0.0112,0.0231,-0.2945
44457.62574,0.1769,0.2609,-0.2056,-1.1195,-0.5121,-0.0785
44928.52967,-0.3067,-0.3557,0.0134,-0.9342,-0.2333,-0.426
44376.88685,-0.0286,-0.0442,0.0409,0.0217,-0.3536,-0.3058
44650.30454,-0.7985,1.0939,-1.9917,-0.5685,0.7057,-0.0505
45310.23063,1.1313,-1.2828,1.3442,0.2477,1.5151,0.8529
44398.87382,-0.1082,0.4116,-0.2198,-1.0732,-0.1719,0.3317
44407.74127,-0.0422,0.4171,0.0782,-0.0278,-0.0814,-0.5583
44533.41414,0.0513,0.2707,-0.2834,0.6957,-0.1166,0.0134
44619.63457,-0.3039,0.0083,0.1047,-1.7847,0.0097,-0.5375
45143.13687,0.9326,1.6564,-0.7881,-6.5341,-0.7934,1.7863
45198.14304,-0.7649,0.0812,0.1937,-2.6417,-1.0811,2.7882
44626.38983,0.0019,0.0152,0.0558,-0.2635,0.2567,0.4524
44471.31787,2.8699,3.0205,-0.4502,1.7139,0.8643,-3.0979
44531.66493,-0.3643,0.1986,-0.2611,-0.5756,-0.1581,-0.2388
44612.42695,-0.2436,0.5291,-0.0225,-0.8389,-1.173,-0.3387
45056.13239,0.4036,1.6144,-0.9951,-4.7807,-0.5739,1.9004
45149.83174,-1.306,-0.3899,0.3883,0.6423,-0.751,-1.7861
45278.45053,1.7301,0.7827,0.4167,0.5512,0.0536,5.0019
45331.26991,-1.2445,-0.4323,-0.4247,-2.5008,-1.8811,2.3492
45134.5421,-0.6794,0.1503,0.0431,-2.5045,-1.124,2.5581
45361.57722,0.0744,3.757,-1.4658,2.6335,-1.5812,-5.6798
45507.65491,-2.0071,-0.7358,0.2274,-0.5231,-0.9131,-1.1482
44869.42269,0.4143,1.2429,-0.2912,6.8674,-1.1503,-1.7533
45322.94668,0.9483,-0.9593,0.2399,-2.0785,2.9055,-0.3847
44424.87237,0.136,0.4039,0.265,-0.5231,0.0442,-0.6393
45189.69911,0.9463,3.9805,-1.0506,4.7229,-0.8809,-5.6698
45608.76844,2.935,1.4784,-1.258,0.4159,2.5852,2.567
45193.1973,1.6579,2.7276,-0.862,4.1383,0.8759,4.5378
44808.41645,0.0282,0.5165,-0.3308,-0.4871,-0.1887,-0.3844
44577.26346,-0.1785,0.2318,0.2266,-0.4102,0.2666,0.1946
44362.59123,-0.1648,0.4355,-0.0723,0.3772,0.4065,-1.0066
45000.81481,-0.1836,-0.1715,0.0967,-0.7751,-0.1778,-1.1997
44604.0734,0.4084,-0.2708,-0.1794,0.1102,0.1763,-0.598
45004.9161,-0.153,-0.2702,-0.0761,-2.7261,1.1166,-0.0748
44381.29015,0.0853,-0.2799,-0.0167,-0.3971,-0.4663,0.4116
45236.7136,1.6376,0.8307,-0.1025,-3.9853,0.1031,-4.6137
45379.64101,-1.2137,-0.3662,-0.2609,-1.8695,-1.7211,2.9116
45480.60475,1.2889,1.5649,-0.6355,-0.3847,0.0264,-5.6578
45542.9678,-1.4906,-0.5801,0.3889,-2.9584,-1.671,1.0731
45404.27892,-0.6592,0.3895,-0.5262,-1.2822,-0.0576,1.5665
44421.76588,-0.2182,0.2523,0.0545,-0.0106,0.0756,0.2376
44735.22649,-0.0773,0.3497,0.4616,-0.0931,0.2545,-0.8202
44775.93793,0.1589,0.0984,0.0255,-0.2599,-0.0545,-0.1564
45403.88689,1.3393,0.8905,-0.0273,-3.3377,1.6314,-4.2656
45255.86314,1.3184,-0.9946,0.9062,0.631,2.2977,-1.5238
45387.48172,0.4256,1.4666,-1.721,-3.271,0.3659,2.6142
44619.69487,-0.4862,-0.3853,0.2955,-1.2156,0.025,-0.5057
45514.34957,1.1954,-0.7801,0.7196,-3.685,2.1635,-2.3925
44711.25188,-0.8986,0.4115,0.3487,-0.772,0.5423,-0.3964
45431.41975,-1.1177,0.1165,-0.1764,-3.1195,-1.3353,1.9728
44696.26389,0.2634,0.22,0.014,0.2796,-0.1718,0.0809
44424.3295,-0.1796,0.4464,-0.3428,-0.3841,0.0118,-0.0319
45432.11335,1.4577,2.1474,-2.1878,-2.8277,0.1181,1.631
44681.33616,-0.3559,-0.0433,0.5733,-0.4858,0.0509,-0.5965
44510.61454,0.0327,0.2017,-0.0971,0.0444,0.0066,-0.8892
44582.05849,0.1469,0.2571,-0.4911,2.0665,-0.6256,0.5761
44890.29134,0.033,-0.0924,0.1967,-0.3305,-0.0939,-0.1257
44935.40529,0.2737,0.0836,-0.4615,-0.3057,-0.0105,-0.3197
44951.93091,0.0037,-0.0251,-0.5953,-0.6679,-0.0526,-0.1569
44602.65599,-0.154,0.7558,-0.4487,0.6274,0.3865,0.0385
45436.84792,1.6811,1.4948,-1.7045,0.3414,3.4701,6.0101
45486.18364,1.0926,1.2393,-0.4797,1.2553,0.2322,-5.3087
45490.1643,0.9819,0.955,-0.372,-1.2597,0.5344,-4.4476
44802.50579,-0.1075,0.403,-0.3799,-0.2307,0.0375,-0.3696
44607.84308,0.3187,-0.1713,0.3565,0.2793,0.6066,-0.047
44956.60511,0.1542,0.0984,0.8752,1.3075,0.9953,-0.4759
44685.95019,1.4156,-0.2439,-0.0419,0.7418,-0.7047,1.3963
45240.15147,2.1639,3.0139,-0.2839,6.4599,0.7548,5.7035
45355.03326,-2.2431,-0.571,-0.0254,0.4691,-1.2277,-1.115
45493.66237,1.532,2.3794,-0.8536,3.3874,1.7677,5.7456
44513.47957,-0.2347,0.2148,-0.4551,-0.3452,-0.2331,-0.1952
44534.56012,0.282,-0.3722,0.1599,-0.3272,-0.1815,0.2256
45352.28901,0.4891,-1.4318,0.6231,-1.1534,1.3914,3.1754
44768.91147,0.1792,-0.1925,-0.345,-0.0141,0.1422,-0.0284
44499.09401,0.0138,-0.215,0.5008,0.3126,0.295,-0.7562
44778.77264,-0.5518,-0.0321,0.108,-0.5683,-0.1121,-0.1123
44511.24784,0.3811,-0.2031,-0.446,0.0761,-0.3827,0.17
44752.71738,-0.2687,0.3971,-0.8054,-0.5561,-0.317,-0.1491
44793.70011,0.3613,-0.0582,-0.2666,0.9625,-0.0446,0.8913
45556.62851,-1.1003,2.7826,-0.3927,1.0084,-0.3685,-5.2258
45039.88786,0.4266,0.2921,0.4678,1.0772,-0.541,-0.5594
45252.57609,1.741,0.835,0.0808,-2.5197,1.5031,-4.1778
45021.65305,1.2385,-0.4196,-0.035,-1.1094,-0.3142,-4.4644
45280.38056,-1.0438,-0.784,0.5537,2.2599,-0.6174,-1.1713
45175.37465,0.6841,4.1767,-0.9237,-0.281,-1.8839,-5.1307
45126.97265,1.6874,0.94,-0.1264,-1.4126,0.3173,-5.7639
45169.13216,1.5248,-0.6104,0.8045,-2.118,1.3798,-1.7577
44866.43721,0.3127,-0.7003,0.9684,0.6411,0.669,-0.721
45298.7711,0.8325,3.1771,-1.0514,3.2431,-2.358,-5.903
45058.7259,-1.2827,-0.6095,0.3722,0.6988,-0.3844,-1.5416
45005.33829,-0.1383,-0.1352,0.3605,-0.4965,1.416,1.0415
45096.0304,-1.5516,-0.939,0.0803,-2.9549,-1.8945,0.3335
44435.09656,-0.1571,0.2292,0.3675,-1.6119,-0.3577,-0.1153
44445.04933,-0.1616,0.0002,-0.1531,-1.3631,-0.2322,-0.7291
44751.66188,-0.045,-0.2781,0.9861,0.8871,0.2365,0.2441
45118.72455,1.5865,2.4305,0.0301,10.1587,6.3674,-5.1102
45139.78947,1.0435,-1.5878,1.3551,-0.5565,1.689,1.8222
44766.83065,-0.0469,0.3055,-0.3758,0.091,0.0679,-0.186
45471.04519,1.2643,1.3827,-0.8577,0.5867,-1.7019,-5.0053
44441.52061,0.8416,0.0267,-0.0779,0.7315,0.2383,0.7884
45126.58062,-0.3337,1.0969,-0.3737,-0.7964,-0.8419,1.9409
44736.13119,0.0713,-0.3673,-0.064,-0.3012,0.1929,-0.3888
45226.58089,0.6983,-0.7076,0.6507,-0.2152,-0.0766,3.7357
45518.90318,-1.864,-0.491,0.1546,-0.3272,-0.7155,-0.6309
44483.98453,-0.4315,0.1514,-0.174,-0.2045,-0.2326,0.1302
44628.13895,1.0296,0.5127,0.2423,0.6714,-0.048,0.476
44730.79344,0.0915,-0.873,0.939,1.2226,1.2264,0.3578
45502.10614,-0.8332,2.5617,-0.9693,3.7508,-0.0371,-4.47
45401.17281,-0.9651,0.2591,-0.4869,-2.5751,-1.2055,2.4771
44573.49378,0.5278,-1.4683,-0.1467,0.4227,0.4196,0.1978
45380.93776,0.7582,-1.4271,0.3083,-0.2284,0.1355,3.8025
45093.7082,-2.0354,-0.8693,0.2405,-0.4089,-1.6615,-0.2498
44502.71303,-0.2247,-0.0112,0.2395,-0.6987,-0.0366,-0.2648
44659.77391,0.2935,0.0461,0.3133,-0.7397,-0.4487,0.5428
44681.09492,0.9027,-0.3929,0.1483,0.943,-0.0909,0.6332
44748.5256,0.6263,-0.5808,0.6306,-0.1907,0.2926,-0.1986
44652.20447,0.1898,0.2773,-0.0236,-0.5546,-0.5839,-0.3168
44482.98931,-0.272,0.1758,-0.0075,-0.3597,-0.1056,-0.2467
45033.67558,-0.0471,0.6941,-0.7374,-1.9652,-0.2499,2.2401
44429.06457,-0.1889,0.2741,0.0279,-0.6351,-0.0043,-0.1628
45411.60697,-1.6126,-0.702,0.1169,0.3237,-1.2775,-1.7306
45346.74023,0.6431,-1.6813,0.664,-0.771,1.5911,2.7399
44842.28203,-0.0131,0.0472,0.0422,0.679,0.4124,0.1125
45139.66883,1.9316,0.0013,0.2424,-1.7577,1.5425,-4.8856
44603.22899,1.295,0.3102,-0.1264,0.4454,-0.0348,-0.5671
44506.21143,0.0406,-0.0134,0.1363,0.2742,0.3437,-0.0008
44838.54262,0.188,-0.1721,0.2497,0.3072,0.0626,0.1426
44948.67406,-0.115,-0.2252,0.019,0.2412,-0.1068,0.7947
44413.47182,0.1321,-0.1531,-0.345,0.1659,-0.3482,0.0817
45200.16352,1.4918,-0.1958,0.504,-3.7204,2.2846,-3.2547
45459.4953,-2.3264,-0.711,0.0733,-0.091,-1.8344,-0.0422
45319.89585,0.925,-1.089,1.1854,-0.0261,1.5254,1.1264
45281.49634,1.4475,-1.5075,1.3064,0.3225,3.1977,-0.5912
44838.02998,-0.107,0.6114,-0.4477,-2.516,-0.3871,-1.4174
45316.83492,-0.0787,0.3397,-1.253,2.8138,1.6785,0.1333
44448.30652,0.1417,-0.4152,0.2126,0.5022,0.2113,-0.1576
45596.94722,-1.6538,-0.772,0.4472,-0.989,-0.7569,-1.8322
44425.02319,0.5607,-1.1556,-0.0493,1.3992,0.3311,0.9782
45055.43876,-0.9988,-0.2838,0.076,-4.41,-2.4729,1.6246
44886.85346,0.1336,0.4564,-0.4893,-2.0648,-0.5173,-1.0884
44812.4574,0.2829,-0.4728,-0.9066,0.1158,-0.2439,-0.2193
44911.94373,0.2161,0.0413,0.4815,-2.8012,1.4381,1.7799
44387.11098,-0.4774,-0.0167,0.2866,-1.5827,0.1713,-0.3563
44940.59215,-0.215,-0.0295,0.0454,0.0664,-0.0851,0.7048
45266.90051,-0.0627,2.3943,-1.0739,1.8485,-0.9977,-3.3384
44364.28019,-0.2866,-0.0992,-0.0955,-0.5554,-0.0177,-1.4634
44920.96047,0.557,-0.208,0.1101,0.5783,0.0186,0.134
45319.80033,1.4288,-0.5179,0.0796,0.0199,3.3807,-2.5743
44976.4483,-0.1355,-0.0819,0.047,-0.5494,-0.2505,0.9616
44627.86753,0.4111,-0.1384,-0.5519,1.9653,-0.2187,0.6624
44837.18559,0.0793,0.0784,-0.278,1.3218,0.1368,0.3145
44410.30497,0.4353,-0.0351,-0.4229,0.1277,0.3471,-0.2159
45580.6026,-1.3934,-0.4402,0.2157,-3.4615,-1.5499,0.5546
44978.71003,0.6624,0.5076,-0.1944,-0.0456,-0.1663,-0.035
44564.11478,-0.1313,-0.0787,0.0895,-0.7314,-0.0966,-0.2289
44539.3854,0.7481,0.0667,-0.4615,0.7619,-0.4568,0.3811
44782.96441,-1.2568,0.4212,-0.1143,1.87,1.8711,-0.5468
44925.24265,-0.2191,0.0609,-0.6029,-0.6281,-0.0962,-0.2117
45152.84743,-0.587,0.2831,0.0517,-2.5266,-1.0554,2.7008
45319.28765,1.1634,2.127,-0.6938,-3.9372,-0.6906,1.6471
45340.85969,-2.3659,-0.6128,-0.092,0.596,-0.4595,-1.0813
45584.88477,1.2234,2.9934,-1.2515,2.6938,-1.2564,-5.4132
44647.86181,-1.574,1.3897,-1.187,-3.6991,-0.0875,-1.4445
44360.26896,-0.2333,-0.2967,0.2658,-1.6922,0.018,0.2938
44479.40041,-0.8043,0.2494,-0.2776,-1.1606,-0.3399,-0.258
44702.41588,-0.2589,-0.1733,-0.5004,-0.1259,-0.9987,-0.5654
44501.38604,-0.8763,0.8108,0.1266,-1.1437,-0.7768,-0.5885
44948.16139,0.0316,0.2049,-0.096,2.4125,0.3258,0.5152
45318.86547,1.5517,3.1284,-1.5461,2.1526,-1.6381,-5.2819
44999.51809,0.0084,0.1763,0.0874,0.4591,0.3727,-0.1822
44895.99099,-0.2879,-0.5252,-0.2752,-2.1861,0.0002,-0.0996
45147.53981,1.355,1.4265,-0.4187,0.5188,-1.5553,-5.4845
45111.72791,-0.4794,0.3631,0.3198,-1.4827,3.0682,6.4283
44709.32184,0.0965,0.0378,0.2898,0.5055,-0.2331,0.6476
45297.47436,0.7768,-0.6473,1.0916,-0.498,1.1382,3.8685
44893.84981,0.0399,-0.1079,-0.1765,-0.7063,-0.2591,-0.0558
44799.76156,0.3091,0.3865,-0.0755,0.4113,0.2269,0.0905
44978.43863,-0.0602,-0.3765,0.1733,-0.7864,-0.0129,0.5631
45444.71871,0.8915,-1.751,1.1482,0.6914,1.7363,0.1802
45494.89881,-0.1327,3.4286,-1.0019,3.3592,-1.0298,-5.4438
44948.58357,-0.372,0.075,-0.1784,-0.8319,-0.0147,-0.2777
45479.60961,-2.3244,-0.5141,0.1257,-2.3171,-0.7016,-0.32
44623.73597,0.0538,0.1577,0.2109,1.3789,-0.8692,-1.2149
45377.13801,-0.1824,1.3546,-1.422,-2.3451,0.1025,1.7043
45179.05378,-0.55,0.6044,0.0839,-0.9312,-1.0525,2.228
44370.79464,2.2019,0.0009,1.0555,0.6503,0.0602,-1.1778
45585.3371,-0.1873,1.2133,-0.824,-1.9773,0.2032,2.3718
45291.17161,0.0158,0.0083,-0.4213,-8.4636,-0.4745,3.4301
44563.72272,-0.2329,0.098,0.0806,0.1131,0.1583,-0.2944
44591.28666,0.3745,0.5587,0.5648,-0.2513,-0.1222,0.0763
45257.6424,1.7508,1.8758,0.0493,3.2402,1.5223,4.9949
45446.28685,1.207,-1.4564,0.9051,-0.2352,2.2034,-1.1866
45142.38297,0.0457,1.1866,-0.8422,-2.6562,0.3463,1.7346
44549.15658,-0.4104,0.4054,-0.4104,-0.873,-0.027,-0.1366
44618.85049,0.1928,-0.1193,-0.7326,0.8229,-0.3024,0.2389
44378.45517,-0.0258,0.0375,-0.0652,0.1422,0.0968,-0.0177
44817.40303,-0.1686,0.1392,-0.6549,-0.056,0.2328,0.183
45018.12471,-0.4792,0.4361,0.3624,3.1576,2.1208,-1.2866
44551.56919,0.0334,-0.1756,0.0113,-0.242,-0.1117,0.2679
45608.13516,-1.0668,-0.1564,0.4692,-3.0646,-2.7706,3.0659
44702.71747,-0.9089,0.104,-0.1104,-0.9879,-0.5879,-0.2083
45225.46506,0.0582,4.0096,-0.7593,2.2801,-2.2172,-4.8401
45361.8788,0.5618,-1.0986,0.4772,-0.8795,1.0444,5.7743
45110.05416,-1.4213,-1.7308,0.3554,-0.5871,2.7722,-3.8043
45347.07193,-1.59,-0.4063,-0.0132,-2.3774,-2.3043,1.6338
45600.7469,2.7352,3.4803,-1.7871,-6.5124,-0.7999,2.5938
44656.03441,0.1733,-0.1332,0.1759,0.0589,0.0038,-0.6432
44554.61513,0.2772,-0.0768,0.0841,0.3816,0.1308,-0.1958
45230.80285,-0.7244,-0.2598,0.3838,-4.7378,-2.4346,2.2277
44501.74797,-0.6042,-0.1176,0.2993,-2.2169,-0.0488,-0.8904
45038.19404,-0.3238,0.2305,0.203,-2.7119,-0.344,2.3208
45070.09502,-0.1219,1.3953,-1.0479,-2.6699,-0.1555,2.041
44429.42648,0.285,0.1406,-0.2937,-0.1265,-0.2869,0.0636
44502.86385,0.1633,-0.049,0.0332,-0.5079,-0.005,-0.0097
44792.34307,0.6149,-0.5777,0.3143,-0.5115,-0.1261,0.3562
44705.22049,0.4702,0.0824,-0.0538,-0.2018,-0.0075,-0.1912
44720.11799,0.8122,-0.1315,-0.3893,0.9506,0.1956,0.5872
44692.82595,0.6703,0.1549,-0.8203,1.0696,-0.0324,-0.5855
44998.5832,0.061,0.1898,0.0062,0.0389,-0.575,0.0123
45400.08717,0.6167,-1.8002,0.9054,0.3779,1.742,1.3435
44373.84072,0.1696,0.1835,-0.4016,-1.2401,-0.6027,0.4855
44942.52217,-0.0142,0.0256,0.3202,0.069,0.0673,0.2439
45065.69213,-1.3636,-0.5188,0.3984,0.3957,-0.2108,-1.4006
45471.13567,0.9039,-1.0125,0.553,-2.7814,0.7083,-2.9808
45054.08174,-1.272,0.8333,0.3235,-0.028,-0.1602,-1.1548
44536.36961,0.142,-0.1451,0.0458,-0.1712,-0.3145,0.2012
45150.37458,0.4548,1.5695,-1.0255,-5.3991,-0.3004,2.3369
44492.06708,0.3531,-0.0383,-0.1933,0.5196,-0.0767,0.0873
45127.96785,0.7919,-1.0501,0.8758,-1.1916,1.2768,4.2665
44467.90992,-0.2394,0.0341,-0.0814,-0.3099,-0.1555,0.1755
44829.88779,-0.0672,0.0126,-0.1263,-0.4708,-0.3229,-0.118
44567.34163,0.0953,0.8399,-0.2793,-0.351,-0.0317,0.5336
44676.45076,0.6467,-0.1497,0.4242,0.5646,0.0779,1.2319
45177.36501,1.3481,1.8709,-1.357,-4.1693,0.0927,2.5842
44568.27651,0.0348,1.2192,-0.0223,-0.659,0.5306,-0.9728
44979.97657,0.0999,0.2367,0.1288,0.6362,-0.1248,0.148
45363.92945,-1.0577,2.8108,-1.2393,2.426,-0.2889,-4.3624
45255.59174,-1.1178,-0.7684,0.6624,0.5559,-0.5992,-1.7434
44482.92901,0.3964,-0.0956,0.2249,0.2329,0.0302,-0.032
44521.86358,0.1064,-0.1627,0.1442,0.3664,-0.0851,0.5074
45490.13412,1.4169,1.5341,-0.608,0.0593,-0.7595,-5.0182
44907.90278,0.0227,-0.1247,-0.052,-0.1115,-0.0272,0.136
45574.84282,-0.6179,1.0335,-0.5423,-2.225,-0.581,2.2651
44406.62535,1.0003,-0.1927,-0.2524,2.4645,0.1335,0.7225
44781.30579,-0.2685,0.9434,0.0943,-2.4501,-0.2119,-1.4684
45233.06461,1.1501,2.1343,-0.673,-3.8217,-0.1267,1.906
45318.59408,-0.7116,0.6134,0.2081,-2.4318,-0.8015,4.3221
44594.06117,-0.7302,-0.8189,-0.134,0.3582,0.1495,0.3989
44673.46519,-1.2488,0.7951,-0.4296,-0.6128,-1.3093,0.5761
45437.66213,2.6676,2.3662,-2.8519,0.0818,1.9205,4.858
44378.99801,-0.0596,0.0118,0.0119,-0.124,-0.015,-0.2136
44489.92579,-0.5009,0.3003,0.012,-0.8624,-0.5033,-0.3166
45445.71388,1.0807,1.5172,-2.1143,-3.8493,0.3924,2.2371
44424.26917,0.2858,-0.055,-0.0704,-0.1246,-0.1593,0.1458
44651.63148,-0.632,-0.6064,0.5705,0.2298,0.2565,0.7857
44725.36526,-0.3528,-0.639,-0.1189,-0.9603,0.0946,0.0877
45422.79501,-1.9516,-0.665,-0.2152,0.2077,-0.8564,-1.3586
45414.23055,1.1345,-0.057,-0.1331,-3.1442,2.1888,-4.2291
44785.19599,0.5483,-0.6925,0.091,0.5377,-0.1637,0.7808
44582.08864,1.9369,-0.2839,-0.5215,-0.6804,0.6171,-2.2899
45184.84389,-0.9432,-0.6373,0.7073,2.3241,-0.3631,-2.0538
44552.41361,0.2914,-0.0436,0.184,0.8781,0.1799,0.6084
44911.49139,-0.1174,-0.0139,0.0079,-0.2855,0.2427,0.3164
44469.41786,-0.0375,-0.0607,-0.07,-0.5607,-0.0285,-0.1255
44655.67254,-0.9502,-0.6101,0.8339,0.4636,0.3879,0.1163
44559.65143,0.1475,-0.0432,0.0141,-0.5133,-0.2612,-0.0299
44872.89072,-0.4008,0.3257,-0.0329,-0.8963,-0.5083,-0.1926
44881.66644,-0.4012,-0.1641,-0.2189,-0.1369,-0.1215,0.2155
44416.81966,0.0913,-0.293,-0.2765,0.2309,0.0753,0.1085
44575.12228,-0.1489,0.0959,0.0561,0.2742,0.1858,-0.0287
44916.16562,-0.9599,0.801,0.209,-0.8449,-0.4075,-0.4742
45432.1435,0.2612,1.3722,-1.5293,-2.0943,-0.0355,1.388
45152.93792,-1.7226,-0.8302,0.2839,-2.0269,-1.8897,0.7047
45391.46237,0.5968,1.5841,-1.5821,-4.6517,0.1153,1.9185
45157.37099,0.691,-0.9055,0.793,-0.8531,1.0357,4.1304
44560.94823,0.3563,-0.1095,0.0058,0.1113,0.2125,-0.4159
45170.21783,0.2096,1.861,-0.786,-4.2161,0.2439,2.3521
45192.47354,0.7625,1.7998,-0.8437,-4.7121,-0.7812,1.5214
45206.07425,1.54,2.2592,-1.4261,-3.7422,-0.3365,2.5752
45219.33321,1.3486,-1.4654,1.1479,1.5436,2.7541,-1.0914
44461.03368,0.0763,-0.1165,0.0441,0.9636,-0.1428,0.2585
44710.28686,0.7647,-0.703,0.1763,-1.9823,-0.3697,-0.8497
45240.45307,-1.5431,-0.9598,0.4928,0.9691,-1.1036,-1.1744
45293.46351,0.8468,-0.641,0.9874,-1.1529,0.9799,3.8879
44541.70759,0.0128,-0.2957,-0.0371,0.128,0.0753,0.3243
45461.81738,-1.0962,-0.0361,-0.0974,-1.336,-1.0147,1.7849
44574.88101,0.4855,-0.3154,-0.466,0.86,-0.4071,0.5484
44572.07636,-0.2577,-0.3188,0.0258,1.7219,0.3509,0.2963
44439.49991,-0.4373,0.0848,0.3791,0.1624,-0.1363,0.5143
44776.26966,-0.218,0.3857,0.0645,-0.4692,0.0035,-0.2161
44962.36507,0.2359,-0.1558,0.177,-0.4929,-0.3211,-0.0495
45009.31897,-0.2684,-0.3985,0.3997,-4.8393,-0.3595,-0.4961
45015.44079,0.0314,-0.608,0.2897,11.8128,2.9562,-1.0607
45327.01781,0.525,-1.853,0.6983,0.0931,2.2142,2.0344
45464.4108,-2.2648,-0.4838,0.2778,0.4854,-0.5832,-1.1947
44754.04426,-0.1495,0.1547,-0.6986,1.3539,0.5592,0.3776
45520.65225,0.2689,3.6697,-1.1433,2.7243,-1.7507,-5.3056
45176.43012,0.8777,-1.1571,0.9519,-0.7186,0.7187,2.8447
44424.66128,0.1418,-0.2103,0.1114,-0.5442,-0.0809,-0.4403
44380.74728,0.2768,-0.0347,0.104,-1.0822,0.1111,-0.508
44720.32908,-0.7551,-0.135,0.6515,-1.5429,0.0292,-0.5906
44691.16733,0.0956,0.31,0.9533,0.0027,-0.0983,0.1496
44874.67,0.115,0.0472,-0.004,-0.5051,0.0063,-0.4514
44929.25342,0.2358,-0.1081,0.1809,-0.109,0.1854,0.1194
45078.17711,-0.9965,2.646,0.6804,4.7146,0.9964,-3.6353
45604.33548,-0.9399,2.9752,-1.136,3.9805,-0.7111,-4.6437
44455.33362,-1.089,-0.4587,-0.0402,-0.6542,-0.036,0.6177
44916.88937,-0.1367,0.4553,-0.0595,0.5974,0.1851,0.1524
45572.0986,1.1008,-0.7428,0.7823,-1.3524,2.0207,-1.6761
44766.46876,-0.3398,0.2553,0.2065,-0.6143,0.0584,0.1553
45133.63741,2.4392,2.435,-2.106,-2.7867,0.3363,2.8852
44653.3203,0.3219,0.2384,-0.2777,0.2096,0.3056,-0.3541
45521.34582,-1.6603,-0.5023,0.3817,1.4854,-0.4703,-2.0514
45268.31785,-1.0229,-0.5482,0.4102,-2.9219,-2.2959,1.8953
45026.47814,0.2212,-0.5239,0.4519,-2.741,0.6812,-2.5991
44672.07798,0.2213,0.2381,-0.4552,0.0901,0.2254,-0.4223
45299.46471,-1.2581,-0.7969,0.8203,1.1897,-0.7786,-1.391
45405.5455,1.2952,-1.1964,0.3649,-2.762,2.5221,-1.7073
45212.55794,-0.5925,0.2773,0.0914,-2.7038,-1.3388,2.7145
45522.76318,-0.8783,0.0346,-0.0003,-1.9838,-1.7353,2.2172
45306.21979,1.2193,-1.0863,1.3122,-1.1917,2.3908,-0.8837
44366.84372,0.0465,0.1298,-0.0335,0.1303,-0.101,0.3541
44440.49518,-0.446,0.2696,-0.7883,0.4918,-0.1976,0.1709
44825.12309,-0.2943,-0.0574,-0.0176,0.0147,0.1068,-0.2008
45100.52405,3.4638,2.6059,-2.2134,-1.9121,0.6767,4.1403
45426.98674,1.1108,0.0797,-0.1882,-1.6415,1.8362,-4.648
44609.92391,-0.0165,-0.1147,0.0509,-0.5281,-0.0993,0.3746
44666.98144,0.0951,0.0924,-0.3787,-0.2781,-0.0583,0.4533
44973.1612,0.1097,-0.2694,0.5083,-0.0831,-0.6138,-0.3357
45443.87435,1.2269,-1.2996,0.7197,-0.6577,1.7478,-1.6002
45550.3259,0.7198,3.2549,-0.8079,2.5329,-0.0813,-5.3351
44895.65926,-0.2287,-0.2252,0.2368,1.1919,0.6106,0.4783
44669.75589,-0.055,0.1595,-0.2191,-0.0824,-0.0107,-0.4542
44561.52123,0.6715,-0.4819,-0.214,0.4501,0.143,-0.1497
44528.46817,-0.2331,0.4982,-0.7024,-0.6574,-0.2304,-0.878
45042.97392,0.2503,-1.3072,0.6791,1.553,-0.4561,-1.3218
45421.83002,-0.6156,0.5973,-0.5357,0.2243,-0.5822,1.3227
44758.44715,0.1954,-0.7511,0.5336,2.7136,0.8062,0.8304
44801.29952,-0.8803,0.1836,-0.2993,-0.9878,-0.1721,-0.7603
44860.40593,0.1476,-0.3847,-0.8579,-1.1345,0.425,-0.6769
44437.29824,-0.4859,0.0985,0.1341,0.0227,0.0761,0.3007
45344.71975,-1.5544,-0.8465,0.1515,-1.742,-1.3708,0.8427
44776.11887,-0.274,-0.0379,-0.0183,-0.05,0.145,0.055
44869.9655,0.1637,-0.0615,-0.008,0.3324,0.0021,-0.0835
45472.07054,0.7759,-1.1135,0.8369,-0.6678,0.9577,3.1546
44898.79552,0.1584,-0.3296,-0.254,0.325,0.4596,-0.1518
45436.69713,1.146,-1.6721,1.343,1.392,2.1345,-0.4705
45472.31178,-1.095,-0.2407,-0.2232,-3.0397,-1.7793,1.6947
44831.39557,0.2158,0.0762,0.0741,0.1778,0.1191,0.0936
45070.51723,1.8126,0.6928,0.0606,-0.6636,1.124,-5.2189
44457.89716,0.3393,-0.2075,0.0743,0.528,0.0037,0.0494
