42582.51922,-0.0077,-0.0035,-0.0012,-0.0329,0.0469,0.0501
42582.54937,-0.0099,-0.0137,0.0048,-0.0205,0.0354,0.0019
42582.57953,0.004,-0.0036,-0.0164,-0.0664,0.0249,0.0071
42582.60968,0.0021,-0.0008,-0.0065,-0.0155,0.0023,-0.0005
42582.63983,-0.0021,-0.0126,-0.0029,-0.1668,0.0096,-0.0274
42582.67001,0.0067,0.0341,-0.0058,0.0742,0.0189,0.0094
42582.70016,-0.0072,-0.0102,-0.0103,-0.0005,0.0162,-0.0143
42582.73031,0.0202,0.0057,-0.0162,-0.001,-0.0223,-0.0092
42582.76046,-0.006,0.0108,-0.0157,0.0777,-0.0376,-0.0135
42582.79065,-0.0136,-0.0207,0.0096,0.0256,-0.0255,-0.0284
42582.8208,-0.0061,-0.0059,0.0122,0.0175,0.0054,-0.0111
42582.85095,-0.0034,0.0013,0.0089,0.0262,0.0236,-0.0163
42582.8811,-0.0049,0.0142,0.0116,0.1201,0.0382,-0.0332
42582.91128,0.004,0.0207,-0.0108,0.2777,0.0364,-0.0394
42582.94143,0.0082,-0.0001,0.0033,0.2436,0.0497,-0.0907
42582.97158,-0.0071,0.0138,0.0296,0.2897,0.0742,-0.1054
42583.00174,-0.0053,0.0013,0.0072,0.3146,0.1072,-0.1191
42583.03192,0.0136,-0.0153,-0.0117,0.379,0.0653,-0.1278
42583.06207,0.0076,-0.0312,-0.0245,0.3296,0.0279,-0.0875
42583.09222,0.014,-0.0332,-0.0077,0.2726,-0.0231,-0.0816
42583.12237,-0.0088,-0.0056,0.0048,0.2204,-0.0175,-0.0902
42583.15255,0.0032,-0.0143,-0.0131,0.3608,-0.0473,-0.0442
42583.18271,-0.0184,-0.0475,0.0322,0.0304,0.0029,0.0445
42583.21286,0.0138,-0.005,0.0271,-0.0679,0.0534,0.0683
42583.24301,-0.0051,-0.0115,0.0088,0.0156,0.0794,0.1167
42583.27319,0.0277,0.0036,0.0127,-0.0804,0.0758,0.0856
42583.30334,0.0027,-0.0097,0.0001,-0.1201,0.0547,0.0704
42583.33349,0.0447,-0.0031,-0.0009,-0.035,-0.0146,-0.0135
42583.36364,-0.0268,-0.0212,-0.0023,-0.1948,0.0399,0.0991
42583.39383,0.009,-0.011,-0.0229,-0.12,-0.0212,0.0752
42583.42399,0.0275,-0.0194,-0.0155,0.028,-0.0951,-0.0022
42583.45414,-0.0268,-0.0416,0.0118,-0.1851,-0.0272,0.0622
42583.48429,0.0042,0.0092,-0.0096,-0.0385,-0.0436,0.0077
42583.51447,0.006,-0.0084,0.0102,0.0745,-0.0497,0.0463
42583.54462,-0.0081,-0.0192,-0.0018,-0.0657,-0.017,0.0464
42583.57478,-0.0008,-0.0007,0.0098,-0.0379,-0.0152,0.0742
42583.60493,0.0239,-0.0181,0.0213,-0.0699,-0.0171,0.0635
42583.63508,0.0173,-0.0031,-0.0085,-0.0558,-0.0285,0.1714
42583.66526,0.0138,-0.0285,-0.002,-0.1403,-0.045,0.1445
42583.69541,-0.0099,0.0027,0.0116,-0.0733,-0.0299,0.0634
42583.72556,-0.0178,0.026,-0.0089,0.0168,0.0222,0.0457
42583.75571,0.0107,-0.0019,0.0118,-0.0237,0.0278,0.0222
42583.7859,0.0078,0.0104,0.0098,-0.0238,0.0172,0.0157
42583.81605,-0.0002,0.0183,-0.0171,-0.0214,0.0287,0.0532
42583.8462,0.0222,-0.0082,0.0042,-0.0536,0.0052,0.0808
42583.87635,0.0204,-0.0043,0.0203,-0.112,0.0172,0.0872
42583.90653,-0.0035,-0.0081,0.0019,-0.1254,0.0425,0.1377
42583.93668,0.0298,-0.0422,-0.0146,-0.0704,0.0058,0.1546
42583.96684,-0.0045,-0.02,-0.0203,-0.0948,0.007,0.162
42583.99699,-0.0145,-0.0021,-0.0038,-0.0547,-0.0047,0.1149
42584.02717,-0.0057,0.0207,-0.0279,0.0462,-0.0089,0.0423
42584.05732,-0.0155,0.0151,-0.0215,0.0812,-0.012,-0.0101
42584.08747,0.0117,-0.0156,0.0034,-0.0065,-0.0513,0.028
42584.11762,-0.0065,-0.0042,0.003,-0.1134,-0.0721,0.0138
42584.1478,-0.0469,0.0198,-0.0056,-0.1045,-0.0488,0.044
42584.17796,-0.0141,0.0162,0.0054,-0.0489,-0.0287,0.026
42584.20811,-0.0152,0.0191,-0.007,-0.0556,-0.0488,0.0002
42584.23826,-0.0153,0.0167,-0.005,-0.0378,-0.058,-0.0641
42584.26844,0.0106,-0.0048,-0.0003,-0.0155,-0.0623,-0.0801
42584.29859,0.0048,-0.0362,0.0063,-0.0733,-0.0845,-0.0707
42584.32874,-0.0115,-0.0291,-0.0137,-0.0484,-0.0734,0
42584.35889,0.0094,-0.029,0.0182,-0.1036,-0.0527,-0.0106
42584.38908,0.0024,-0.007,0.0111,-0.0969,-0.0239,-0.0147
42584.41922,0.0082,0.0145,0.0026,-0.0422,-0.002,0.023
42584.44937,0.0206,-0.003,0.0193,-0.0784,0.0015,0.0123
42584.47952,0.0021,-0.001,0.0022,-0.0442,0.012,0.0081
42584.5097,0.001,-0.0024,-0.0032,-0.0173,0.029,0.0051
42584.53985,0.0069,-0.005,0.0021,-0.043,0.025,-0.0249
42584.57001,-0.0096,0.0074,-0.0184,0.0073,0.0395,0.0063
42584.60016,0.015,-0.0162,0.0028,0.0069,0.0163,-0.0346
42584.63034,-0.0014,-0.0076,0.0069,-0.0432,0.0188,-0.0464
42584.66049,-0.0147,0.0049,0.0006,0.003,0.0452,-0.0429
42584.69064,0.0021,-0.0027,0.0061,0.0234,0.059,-0.0438
42584.72079,-0.0009,-0.0054,0.0105,-0.045,0.0401,-0.043
42584.75097,-0.0097,-0.001,-0.0071,-0.0064,0.0579,-0.0225
42584.78113,0.0046,-0.0121,-0.0064,-0.0108,0.0419,-0.013
42584.81128,-0.0099,-0.0262,-0.0018,-0.0665,0.0252,-0.0346
42584.84143,-0.0149,-0.0098,-0.02,-0.0109,0.0289,0.0104
42584.87158,0.0002,-0.0197,-0.0064,-0.0175,0.0064,0.0242
42584.90176,-0.0054,-0.0184,-0.0057,-0.0433,-0.0105,0.0219
42584.93191,-0.0157,-0.0055,-0.014,-0.0027,-0.0012,0.037
42584.96206,-0.0016,-0.0082,0.0009,-0.0337,-0.0117,0.0315
42584.99222,-0.0103,0.0016,0.0014,-0.021,-0.0084,0.0016
42585.0224,-0.0187,0.0121,-0.008,-0.0006,0.0012,0.0028
42585.05255,0.0024,0.003,-0.0037,-0.0083,-0.0126,-0.0048
42585.0827,0.0059,0.0013,-0.0035,-0.0438,-0.0359,-0.0158
42585.11285,-0.0107,0.0001,-0.0072,-0.0395,-0.0371,-0.0061
42585.14303,0.008,0.0024,-0.0026,-0.0246,-0.0372,0.0003
42585.17319,0.0053,-0.005,-0.0017,-0.064,-0.038,-0.0115
42585.20334,-0.0032,-0.0055,-0.0037,-0.0438,-0.038,-0.0168
42585.23349,-0.0036,-0.0183,-0.0086,0.0095,-0.0286,-0.0317
42585.26367,-0.0116,-0.0385,0.0005,-0.0046,-0.0421,-0.0821
42585.29382,-0.02,-0.0151,-0.008,0.0392,-0.035,-0.0531
42585.32397,-0.0032,-0.0058,-0.0068,-0.0139,-0.0427,0.0227
42585.35412,0.0109,-0.0074,0.0094,-0.0896,-0.0618,0.0589
42585.38431,0.0048,0.0041,-0.0105,-0.1001,-0.0545,0.0878
42585.41447,0.0199,0.0139,-0.0036,-0.0798,-0.0481,0.0846
42585.44462,0.0323,0.0021,0.023,-0.0703,-0.0425,0.0269
42585.47477,0.0105,0.0212,0.0007,-0.0723,-0.0197,-0.021
42585.50495,0.006,0.007,0.0153,-0.1126,0.0009,-0.0359
42585.5351,0.0115,0.0113,0.0061,0.0303,0.0239,-0.0644
42585.56525,-0.0088,-0.0066,-0.0026,0.0124,0.0301,-0.0238
42585.59541,0.005,-0.0205,0.0158,-0.1274,-0.0059,0.0378
42585.62559,0.0051,-0.0127,-0.0051,-0.085,-0.0221,0.0324
42585.65574,-0.0095,0.001,-0.0195,0.0058,-0.0066,0.038
42585.68589,0.0103,-0.0044,-0.0107,-0.0723,-0.0351,0.0537
42585.71604,0.0167,-0.0007,-0.0028,-0.0736,-0.0456,0.0141
42585.74622,0.0008,0.0102,-0.0142,-0.0341,-0.0273,-0.0253
42585.77638,0.0037,-0.0045,-0.0099,-0.0287,-0.0199,-0.0253
42585.80653,0.0121,-0.0116,0.0032,-0.0618,-0.025,-0.036
42585.83668,-0.0135,-0.0043,-0.0018,-0.0373,-0.0273,-0.036
42585.86686,0.0023,-0.0037,0,-0.0244,-0.0233,-0.0028
42585.89701,-0.0007,0.0012,0.0048,-0.0508,-0.006,-0.0145
42585.92716,-0.0025,0.0122,-0.0085,0.0014,0.0056,-0.0304
42585.95731,0.0137,0.0011,-0.0029,-0.0467,-0.0134,-0.0199
42585.9875,0.0098,-0.0032,0.0058,-0.0766,-0.0197,-0.0253
42586.01765,-0.0026,0.0049,-0.0028,-0.0243,-0.0103,-0.0305
42586.0478,-0.0062,-0.0026,0.0039,-0.0346,0.0143,-0.0175
42586.07795,-0.0018,-0.0009,0.0007,-0.0283,0.0165,-0.0335
42586.10813,-0.0155,-0.0025,-0.0028,-0.0197,0.0207,-0.0378
42586.13828,-0.0082,0.0003,-0.0163,-0.01,0.0227,-0.0121
42586.16843,0.0025,-0.0111,0.0007,-0.0809,-0.0175,-0.0242
42586.19859,-0.0103,0.0022,-0.0069,-0.0661,-0.0227,-0.0574
42586.22874,-0.0153,0.0081,-0.0076,-0.0107,-0.0187,-0.0627
42586.25892,-0.0122,-0.0074,0.0094,-0.0526,-0.0374,-0.1046
42586.28907,-0.0208,0.0004,0.0057,-0.0401,-0.05,-0.1528
42586.31922,-0.0288,0.0049,0.0001,-0.0275,-0.0584,-0.1796
42586.34937,-0.0273,0.0088,-0.005,-0.0484,-0.0911,-0.2312
42586.37955,-0.0371,0.0148,-0.0117,-0.033,-0.1292,-0.2892
42586.40973,-0.051,0.0075,-0.0165,-0.0145,-0.1707,-0.3258
42586.43988,-0.0373,-0.0001,-0.017,-0.0397,-0.2219,-0.3284
42586.47003,-0.0443,-0.0029,-0.0238,-0.0327,-0.2505,-0.3639
42586.50021,-0.04,0.0029,-0.0278,-0.0442,-0.309,-0.3943
42586.53036,-0.0196,0.0032,-0.0182,-0.0898,-0.3673,-0.4376
42586.56051,-0.0198,0.0056,-0.015,-0.0062,-0.396,-0.5093
42586.59066,-0.0237,0.0018,-0.0173,0.0041,-0.4248,-0.5202
42586.62085,-0.012,0.0093,-0.004,-0.008,-0.4525,-0.5237
42586.651,0.0035,0.0076,-0.0043,-0.0093,-0.4642,-0.5323
42586.68115,-0.0105,0.0182,-0.0139,-0.0081,-0.4525,-0.5333
42586.7113,0.0093,0.0222,-0.0058,-0.0306,-0.4685,-0.5142
42586.74148,0.0267,0.0138,0.006,-0.0535,-0.5012,-0.5605
42586.77163,0.0067,0.0135,0.0212,-0.106,-0.5146,-0.5906
42586.80178,0.0028,0.0232,0.0288,-0.1152,-0.4891,-0.5701
42586.83194,0.0133,0.0056,0.0637,-0.1344,-0.4888,-0.5958
42586.86212,0.0106,-0.0016,0.0397,-0.2053,-0.4501,-0.5902
42586.89227,0.0136,0.0098,0.0175,-0.2303,-0.414,-0.5451
42586.92242,0.0133,0.008,0.0257,-0.2675,-0.3921,-0.6016
42586.95257,-0.0031,0.0075,0.0109,-0.221,-0.3291,-0.631
42586.98275,-0.0162,-0.0013,-0.0199,-0.1734,-0.2781,-0.6146
42587.01291,-0.0078,-0.0274,-0.0143,-0.1733,-0.2785,-0.5664
42587.04306,0.0112,-0.0381,-0.0448,-0.1109,-0.2504,-0.4966
42587.07321,0.0184,-0.0398,-0.0486,-0.1278,-0.267,-0.3919
42587.10339,0.0367,-0.0613,-0.0267,-0.1768,-0.2973,-0.2938
42587.13354,0.0507,-0.0412,-0.0378,-0.1635,-0.282,-0.1814
42587.16369,0.045,-0.0306,-0.0193,-0.1266,-0.2333,-0.1532
42587.19384,0.0439,-0.0209,-0.0081,-0.0789,-0.1759,-0.1377
42587.22403,0.0356,-0.0051,0.0036,-0.0154,-0.1229,-0.1319
42587.25418,-0.0072,-0.0035,0.0024,0.0215,-0.0665,-0.1261
42587.28433,-0.0276,-0.0128,0.0163,-0.0168,-0.0728,-0.1058
42587.31448,-0.0544,0.004,0.0244,-0.0363,-0.094,-0.1189
42587.34466,-0.0708,0.0273,-0.0071,0.0465,-0.0423,-0.0906
42587.37481,-0.0682,0.0214,-0.0235,0.0237,0.0813,-0.0191
42587.40497,-0.0307,0.0002,-0.0459,-0.1801,0.1258,0.0131
42587.43512,-0.0282,0.0151,-0.0507,-0.1528,0.1242,-0.081
42587.46531,-0.0072,0.0147,-0.0772,0.0468,0.0808,-0.1303
42587.49546,0.0197,-0.0083,-0.0608,0.1181,-0.0037,-0.1565
42587.52561,0.0408,-0.0054,-0.0617,0.1433,-0.0468,-0.1161
42587.55576,0.0673,-0.0141,-0.0361,0.1414,-0.0681,0.0324
42587.58594,0.0818,-0.0193,0.0165,0.0426,-0.0792,0.1701
42587.61609,0.044,0.0026,0.0402,-0.0033,-0.0207,0.2507
42587.64624,-0.0049,0.0221,0.0498,-0.0638,0.0734,0.2685
42587.6764,-0.0472,0.0404,0.0488,-0.0217,0.1465,0.1642
42587.70658,-0.0662,0.0569,0.0135,0.0868,0.1748,0.0095
42587.73673,-0.0869,0.0568,0.0034,0.1244,0.1477,-0.119
42587.76688,-0.0826,0.0457,0.0085,0.1035,0.1031,-0.1525
42587.79703,-0.0618,0.0342,-0.0166,-0.0309,0.08,-0.1176
42587.82718,-0.0847,0.0209,-0.0125,-0.1986,0.0554,-0.1458
42587.85737,-0.0769,0.0277,0.0209,-0.0691,-0.033,-0.2864
42587.88752,-0.1162,0.0478,0.0077,0.1777,-0.0467,-0.3311
42587.91767,-0.0694,0.0427,0.0055,0.3031,-0.0916,-0.2489
42587.94782,-0.0784,0.0151,-0.0093,0.1963,-0.0499,-0.1792
42587.978,-0.0568,-0.0079,-0.0774,-0.0706,0.0239,0.005
42588.00815,-0.0415,-0.0353,-0.1067,-0.2513,0.0622,-0.0046
42588.0383,-0.0346,-0.096,-0.0731,-0.1852,-0.0961,-0.3512
42588.06846,-0.0784,-0.0884,-0.0702,0.1981,-0.1359,-0.5884
42588.09864,-0.0505,-0.0758,-0.0609,0.4176,-0.1544,-0.5252
42588.12879,-0.0278,-0.0563,0.0184,0.3552,-0.2012,-0.5053
42588.15894,-0.0365,-0.0134,-0.0113,0.1902,-0.228,-0.3688
42588.18909,-0.011,0.0299,0.0052,0.0859,-0.2692,-0.2109
42588.21927,0.0185,0.0564,0.0272,-0.0523,-0.3219,-0.2179
42588.24943,0.0126,0.0771,0.0146,-0.1339,-0.3377,-0.3561
42588.27958,0.0223,0.0795,0.0154,-0.1087,-0.3185,-0.5356
42588.30973,0.0224,0.062,0.0239,-0.1097,-0.2615,-0.7534
42588.33991,-0.0162,0.046,0.0015,-0.0392,-0.1803,-0.9837
42588.37006,-0.0205,0.0225,-0.0037,0.0115,-0.1665,-1.1718
42588.40021,-0.0395,0.0022,-0.0035,0.0686,-0.167,-1.2979
42588.43036,-0.0658,-0.0162,-0.0374,0.1827,-0.1557,-1.3127
42588.46054,-0.0472,-0.0405,-0.0159,0.0839,-0.2259,-1.2813
42588.49069,-0.029,-0.0388,0.0078,0.0261,-0.2633,-1.2367
42588.52084,-0.0317,-0.0357,0.0202,0.0272,-0.2645,-1.2121
42588.551,-0.0692,-0.0374,0.0066,0.0807,-0.2576,-1.1628
42588.58118,-0.063,-0.0317,0.0288,0.0785,-0.3637,-1.1058
42588.61133,-0.0617,-0.0356,0.0678,0.0676,-0.4792,-1.0725
42588.64148,-0.0639,-0.024,0.1114,0.0718,-0.5119,-0.9807
42588.67163,-0.0707,-0.0513,0.1678,-0.0672,-0.4797,-0.9069
42588.70181,-0.0523,-0.0312,0.1425,0.2548,-0.4204,-0.7295
42588.73196,-0.0173,-0.0929,0.1346,0.1049,-0.3676,-0.5314
42588.76212,-0.0164,-0.1069,0.0809,0.075,-0.2995,-0.4711
42588.79227,-0.0089,-0.1184,-0.0067,0.2343,-0.2751,-0.3851
42588.82245,-0.0119,-0.1614,-0.0161,-0.089,-0.2691,-0.2614
42588.8526,-0.027,-0.1512,-0.0586,-0.1659,-0.2695,-0.3043
42588.88275,-0.0953,-0.1485,-0.1643,0.0989,-0.2567,-0.4975
42588.9129,-0.1067,-0.2043,-0.2304,0.1528,-0.3481,-0.5975
42588.94309,-0.1603,-0.1782,-0.2673,0.421,-0.5394,-0.9409
42588.97324,-0.1654,-0.119,-0.2684,0.9475,-0.5962,-0.9781
43125.85763,-1.3606,-1.0969,0.6951,0.0434,-2.454,-1.2456
43125.88778,-1.2367,-1.0634,0.5405,0.4282,-1.3524,-2.1021
43125.91793,-1.0649,-0.9477,0.5188,1.0711,-0.7694,-2.2103
43125.94809,-1.2553,-0.5711,0.7018,-0.6114,0.0972,-1.0552
43125.97827,-1.744,3.6742,-0.472,1.1322,1.4155,-3.2122
43126.00843,0.6496,3.7718,-0.5497,0.5517,0.1941,-5.6617
43126.03858,0.7483,1.6211,-0.5418,1.4938,-0.052,-5.6196
43126.06873,0.8368,0.4379,-0.1967,0.8293,0.7987,-4.5531
43126.09888,0.7045,-0.2205,0.3109,-0.2555,1.8772,-3.234
43126.12906,0.4915,-0.7194,0.5182,-1.9382,2.4476,-1.6725
43126.15921,0.6708,-1.1313,0.9235,-3.2714,2.8915,0.3559
43126.18936,1.0823,-1.3627,1.1479,-2.1393,2.8048,1.8819
43126.21952,1.0868,-1.2619,1.0558,-0.9213,1.325,2.7185
43126.24967,0.5189,-1.1703,0.8572,-0.7539,0.7787,3.8409
43126.27985,0.2651,-1.0441,0.5174,-0.1055,0.4118,5.0979
43126.31,0.5886,0.2529,-0.5713,-3.0763,-0.1117,2.674
43126.34015,2.0828,3.7969,-0.5551,-4.0611,-2.9789,3.9851
43126.3703,0.6485,2.8284,-0.5581,-2.5163,-2.2677,0.7163
43126.40045,-0.4067,1.4828,-0.8329,-1.2624,-1.6913,-0.1506
43126.43064,-0.7231,0.4545,-0.4159,-0.0947,-1.7945,-0.0686
43126.46079,-0.6698,-0.191,-0.0518,-0.1432,-2.2904,0.3395
43126.49094,-0.6423,-0.3821,0.1081,-0.3848,-3.0071,0.8525
43126.52109,-0.783,-0.6617,0.4123,-0.153,-3.0346,0.8066
43126.55124,-1.2861,-0.9185,0.4472,0.3176,-2.4988,0.0262
43126.58142,-1.4921,-0.9963,0.4301,0.9542,-1.3717,-0.8192
43126.61157,-1.1817,-0.9578,0.4718,0.695,-0.9537,-1.5245
43126.64173,-1.2453,-0.5764,0.6577,0.5158,0.1198,-2.3969
43126.67188,-1.6315,1.2204,0.5218,0.7126,1.0516,-2.4518
43126.70203,-0.2151,3.0425,-0.0604,0.9245,1.1773,-5.1929
43126.73221,0.1681,2.3448,-0.1189,1.0112,0.8913,-5.3051
43126.76236,0.362,1.2408,-0.2371,1.5168,0.8251,-5.1734
43126.79251,0.8079,0.4696,0.1916,0.8821,1.5662,-3.7034
43126.82266,0.7653,-0.1935,0.6192,-1.4836,2.0986,-2.3772
43126.85282,0.7464,-0.6415,0.661,-2.9619,2.5129,-0.9407
43126.883,0.984,-1.0331,0.9402,-2.8935,3.2813,0.7454
43126.91315,1.5042,-1.2537,1.0127,-1.7898,2.4962,1.7721
43126.9433,1.1187,-1.2275,0.8717,-1.4325,1.1871,2.9478
43126.97345,0.6616,-1.1255,0.5528,-0.9598,0.924,4.4781
43127.0036,0.584,-0.7159,0.0843,0.116,0.6761,6.0232
43127.03378,1.5895,2.6351,-0.6635,-2.1844,-1.898,6.5668
43127.06393,1.1602,3.4519,-0.7518,-2.3949,-2.0794,1.9125
43127.09409,-0.1237,1.9431,-0.6214,-3.3158,-2.4949,0.7702
43127.12424,-0.98,1.1178,-0.5229,-1.8692,-1.8708,0.3093
43127.15439,-0.9129,-0.0015,-0.2175,-1.7716,-1.8903,-0.0468
43127.18457,-0.7058,-0.2945,-0.0914,-1.7798,-2.8592,0.1502
43127.21472,-0.8268,-0.4672,0.1081,-0.0477,-3.1259,-0.1822
43127.24487,-1.0517,-0.813,0.2615,1.092,-2.7303,-0.4184
43127.27502,-1.4964,-1.0052,0.2194,1.6327,-1.8569,-1.2712
43127.30518,-1.0736,-1.0109,0.2921,0.9163,-0.8995,-2.1324
43127.33536,-0.9467,-0.8394,0.4864,0.2955,-0.3605,-2.7805
43127.36551,-1.4016,1.0227,0.8237,1.1305,0.9099,-3.1368
43127.39566,-0.5294,2.575,0.2414,0.9036,1.7592,-5.3277
43127.42581,-0.0462,1.8626,-0.0639,-0.9035,0.8421,-4.8716
43127.45596,0.3293,1.3172,-0.2112,0.9844,0.7727,-4.2728
43127.48615,0.6826,0.3733,0.2708,0.7281,1.5739,-2.6318
43127.5163,0.5221,-0.2129,0.5183,-0.6345,2.1691,-1.0205
43127.54645,0.4608,-0.5682,0.5941,-1.3417,2.5319,0.2252
43127.5766,0.6664,-1.0077,0.9127,-1.9637,3.1319,1.5445
43127.60675,1.0986,-1.3132,1.0327,-2.3471,3.1839,2.368
43127.63693,1.2068,-1.2204,0.8806,-1.773,1.5253,2.7681
43127.66708,0.6356,-1.0008,0.6012,-0.7642,0.9019,3.7905
43127.69724,0.5688,-0.8436,0.1091,1.1587,0.6156,5.2016
43127.72739,1.4877,1.8745,-0.3029,-1.185,-1.4589,4.0023
43127.75754,1.1851,3.2657,-0.3927,-4.7262,-2.1582,2.0876
43127.78769,0.0804,2.3681,-0.6688,-3.3941,-2.0235,0.764
43127.81787,-0.8317,1.1935,-0.7023,-1.9823,-1.4176,0.1767
43127.84802,-0.8904,0.1916,-0.3872,-1.0056,-1.8734,-0.4244
43127.87817,-0.7833,-0.1674,-0.061,-0.5535,-2.7723,-0.1481
43127.90833,-0.8603,-0.4075,0.1159,0.6784,-2.9238,-0.4151
43127.93848,-0.8841,-0.7805,0.3553,1.2694,-2.6314,-0.3223
43127.96866,-1.1155,-1.0742,0.5343,0.5849,-1.9675,-0.4113
43127.99883,-1.0295,-1.1264,0.5372,-0.1163,-0.9822,-0.6476
43128.02898,-0.9182,-1.021,0.368,0.3667,-0.014,-0.9189
43128.05913,-0.9888,-0.6419,0.3782,0.125,0.8448,-0.5834
43128.08929,-1.4465,1.7182,-0.093,0.2343,1.0519,-1.4823
43128.11947,-0.3266,3.2556,0.4872,0.8144,2.5666,-4.7463
43128.14962,0.8056,2.6754,-0.0121,2.7994,2.3186,-5.0258
43128.17977,0.6276,0.7934,-0.0195,1.829,1.4293,-4.5374
43128.20992,0.5504,0.0916,0.4308,1.4733,2.0007,-3.4373
43128.24007,0.6084,-0.6659,0.7139,-0.6779,2.0625,-1.8363
43128.27025,0.7665,-1.0951,0.7675,-3.267,2.1505,-0.3405
43128.30041,1.0076,-1.3395,0.7742,-2.8192,1.9189,0.9632
43128.33056,1.0869,-1.3437,0.735,-0.8873,0.6864,1.5308
43128.36071,0.7244,-1.2814,0.7145,-0.4752,-0.3317,2.7548
43128.39086,0.3955,-1.135,0.3911,-0.1523,-0.8117,4.5678
43128.42104,0.5598,0.41,-0.1759,-1.8617,-1.4859,3.383
43128.45119,1.407,4.0607,-0.4097,-0.9576,-2.0088,2.977
43128.48134,0.3896,1.9438,-0.4806,-2.4699,-1.8287,0.5228
43128.5115,-0.7692,1.3709,-0.6463,-1.8113,-1.2027,-0.1466
43128.54165,-0.9983,0.3278,-0.339,-0.7968,-1.0714,-0.555
43128.57183,-0.7558,-0.4083,-0.1154,-1.3283,-2.0493,-0.0699
43128.60198,-0.8423,-0.6073,-0.0037,-0.4427,-2.7061,-0.063
43128.63213,-0.9674,-0.9294,0.2362,0.8445,-2.3865,-0.213
43128.66228,-1.354,-1.1593,0.2144,1.5317,-1.5642,-1.0445
43128.69243,-1.0564,-1.1214,0.2449,1.7983,-0.8705,-1.3192
43128.72262,-0.9829,-1.0631,0.3198,1.44,-0.0445,-1.6098
43128.75277,-0.9049,-0.6717,0.5314,-0.0672,0.8256,-1.2822
43128.78292,-1.7346,3.1577,0.2103,1.2509,2.3278,-2.3378
43128.81307,0.2473,2.8862,0.0878,1.321,1.6734,-5.7331
43128.84322,0.3871,1.5401,-0.0597,1.7171,0.9917,-4.8307
43128.8734,0.6516,0.4682,0.119,0.6752,1.064,-3.8379
43128.90356,0.5908,-0.283,0.538,-0.9276,1.497,-2.0815
43128.93371,0.3623,-0.7222,0.4779,-2.289,1.8401,-0.4571
43128.96386,0.521,-0.881,0.7117,-1.6631,2.2163,1.1926
43128.99399,0.8743,-1.2833,0.9805,-1.8649,2.6973,2.4505
43129.02417,1.325,-1.434,1.0248,-2.2606,1.5238,2.8637
43129.05432,0.7741,-1.0924,0.679,-1.2786,0.6476,3.5141
43129.08447,0.4662,-0.8673,0.2486,0.3296,0.6924,4.4919
43129.11462,0.9034,0.5835,-0.4358,1.6111,0.5754,2.99
43129.14478,1.5712,3.1435,-0.3189,-0.6009,-0.8171,3.9169
43129.17496,0.8109,2.5839,-0.8167,-2.0145,-2.362,1.3943
43129.20511,-0.5827,1.3821,-1.0239,-1.0115,-1.5346,0.7098
43129.23526,-0.9081,0.4506,-0.5327,-0.7259,-1.4792,0.8507
43129.26541,-0.9131,-0.0297,-0.2587,-0.6017,-1.6662,0.7724
43129.29556,-1.0604,-0.1467,-0.2112,1.4451,-1.6604,0.5205
43129.32574,-1.152,-0.5352,0.0471,3.5659,-1.0481,0.0818
43129.3559,-1.4882,-0.9382,0.1772,5.0594,-0.523,-0.9669
43129.38605,-1.1264,-1.151,0.6048,3.618,-0.5894,-1.3618
43129.4162,-1.157,-0.8667,0.3054,0.9488,-1.0499,-2.6811
43129.44635,-1.694,0.834,-0.742,3.467,-2.017,-4.2808
43129.47653,-1.2241,1.9483,-0.9064,6.9739,-3.1096,-4.3775
43129.50668,-0.4224,2.003,-1.1145,5.6685,-4.3381,-4.7071
43129.53684,0.0136,1.5279,-0.6796,3.5843,-3.5779,-4.471
43129.56699,0.3065,1.2294,-0.4011,3.6375,-2.0563,-3.7814
43129.59714,0.3176,0.7045,0.2029,4.3409,0.2063,-2.8919
43129.62732,0.5737,0.4221,0.6593,5.11,1.7504,-2.5746
43129.65747,0.6126,0.3695,0.8761,4.7131,2.1818,-3.1088
43129.68762,0.4279,0.7037,0.8977,3.9861,2.7275,-3.049
43129.71777,0.5163,0.6111,0.9048,3.1099,2.3066,-2.9003
43129.74792,0.3746,0.6563,0.5375,2.3479,1.8432,-2.1935
43129.77811,0.4471,0.2227,0.0508,1.9519,1.0891,-1.2209
43129.80826,0.4589,-0.2438,-0.3553,1.9083,0.6467,-0.4927
43129.83841,0.289,-0.5651,-0.3875,0.4676,0.3763,0.4179
43129.86856,-0.0132,-0.5425,-0.6386,0.0937,0.5731,0.3205
43129.89871,0.1193,-0.3496,-0.4233,0.3867,0.6406,0.0775
43129.9339,-0.1024,-0.5696,0.0095,-1.4832,0.856,-0.4902
43129.96405,-0.1158,-0.2635,0.107,-1.5557,1.1282,-0.2379
43129.9942,-0.2394,0.0136,0.2482,-1.422,1.2064,-0.0457
43130.02436,-0.7275,0.0246,0.4114,-1.7314,0.6668,0.2258
43130.05451,-1.0001,0.233,0.3195,-0.4158,0.3909,-0.0345
43130.08469,-0.8206,0.1726,0.3474,0.4373,-0.2591,-0.235
43130.11484,-0.7982,0.0723,0.2058,0.7764,-0.8222,-0.6025
43130.14499,-0.6778,0.1075,-0.2806,1.8369,-0.4637,-0.5064
43130.18021,-0.0044,-0.218,-0.4047,0.4073,-0.9221,0.253
43130.21036,-0.2586,-0.3807,-0.381,-1.2319,-1.7399,-0.7488
43130.24051,-0.0823,0.0142,-0.65,0.2593,-0.936,-0.3056
43130.27066,0.0409,-0.2032,-0.3117,-0.2329,-0.9138,-0.7242
43130.30082,0.0892,-0.0946,-0.1133,-1.4636,-0.9754,-0.8739
43130.331,-0.0116,0.1146,0.022,-1.3141,-0.7873,-0.8402
43130.36115,-0.0482,0.237,0.2824,-1.1657,-0.5795,-0.8716
43130.3913,-0.0752,0.2726,0.3889,-0.8607,-0.5662,-0.8401
43130.42145,-0.0518,0.2689,0.3713,0.0774,-0.4591,-0.4124
43130.4516,0.0456,0.1695,0.3356,0.1281,-0.3576,0.0376
43130.48175,0.1478,0.031,0.0044,1.3637,-0.1486,0.1788
43130.51194,0.311,-0.1034,-0.1457,1.5175,-0.0845,0.3816
43130.54209,0.0647,-0.5556,-0.2718,-0.704,0.3467,0.5777
43130.57224,0.2077,-0.1877,-0.5053,0.0962,0.6853,0.6443
43130.60239,0.0097,-0.137,-0.3287,0.0823,0.7884,0.5702
43130.63254,-0.084,-0.3685,-0.1881,-1.4278,0.8559,0.1463
43130.66272,-0.098,-0.1795,0.0199,-1.4266,0.9499,0.1556
43130.69288,-0.1005,-0.1754,0.1871,-0.7007,0.8052,0.195
43130.72303,-0.3106,-0.1073,0.4411,-0.9052,0.4152,0.3715
43130.75318,-0.6583,0.0692,0.5955,-1.2344,0.0104,0.2761
43130.78333,-0.7112,0.2379,0.5098,-0.1876,-0.1363,-0.2617
43130.81351,-0.9891,0.1148,0.1755,0.8059,-0.4361,-0.8734
43130.84366,-0.8547,-0.0094,-0.1667,2.4032,-0.8359,-1.5032
43130.87381,-0.6472,-0.1324,-0.4525,2.358,-0.3756,-0.8035
43130.90397,-0.1756,-0.5559,-0.2631,0.549,-1.6723,-0.7845
43130.93412,-0.4019,-0.236,-0.4934,0.4393,-1.2325,-0.4894
43130.9643,-0.0866,-0.2055,-0.3884,0.4852,-0.7652,0.05
43130.99448,0.1197,-0.2107,-0.0867,-1.0477,-0.5959,-0.2341
43131.02463,0.2483,-0.0342,0.1266,-1.9352,-0.4533,-0.1625
43131.05478,0.0443,0.135,0.2536,-1.3776,0.0448,-0.3014
43131.08494,-0.0232,0.2085,0.3504,-0.3842,0.5175,-0.3094
43131.11512,0.0029,0.3045,0.3738,0.203,0.7334,-0.0996
43131.14527,0.0098,0.1945,0.3881,-0.0121,0.5283,0.058
43131.17542,0.2488,0.1919,0.028,0.572,-0.0316,-0.0043
43131.20557,0.2512,0.047,-0.149,1.1093,-0.1061,0.3959
43131.23572,0.0972,-0.365,-0.2482,0.183,-0.1016,0.5466
43131.2659,0.0102,-0.3057,-0.5263,-0.0547,0.394,1.2078
43131.29606,0.0576,-0.2255,-0.4268,-0.2918,0.5345,1.4609
43131.32621,0.051,-0.2815,-0.1843,-1.6809,0.5311,1.181
43131.35636,0.0459,-0.0719,0.0132,-1.7623,0.4983,1.1903
43131.38651,-0.1436,-0.077,0.2599,-1.3891,0.6559,0.9994
43131.41669,-0.2861,0.1106,0.4163,-1.3963,0.7616,1.0099
43131.44684,-0.4597,0.0207,0.4297,-0.854,0.3963,0.7747
43131.47699,-0.6337,0.056,0.4244,0.4429,-0.0208,-0.0931
43131.50715,-0.7881,-0.0278,0.3454,0.4396,-0.0502,-0.3308
43131.5373,-0.6275,-0.0268,-0.0248,1.1471,-0.7595,-1.1588
43131.56748,-0.8886,0.1792,-0.5199,2.3417,0.0348,-1.1556
43131.59763,-0.3415,-0.2249,-0.3493,1.5033,-0.8857,-0.9036
43131.62778,-0.6812,-0.2853,-0.4058,0.2179,-0.9681,-1.7509
43131.65793,-0.3478,-0.1035,-0.5083,0.9949,-0.4565,-0.6604
43131.68808,-0.2411,-0.3121,-0.2315,-0.3961,-0.4966,-1.0422
43131.71827,0.0276,-0.0937,-0.086,-1.1688,-0.481,-0.9105
43131.74842,0.1316,0.1159,0.1925,-1.3663,-0.5076,-0.6157
43131.77857,0.1685,0.6118,0.8046,-3.3358,-0.3057,-0.0007
43131.80872,0.3365,0.985,1.1864,-6.6935,-0.1463,0.1075
43131.84388,0.4504,1.2039,1.3403,-6.2204,-0.231,-0.1856
43131.87406,0.2323,0.84,1.1874,-4.453,0.9335,-0.0517
43131.90421,0.2355,0.2833,0.881,-4.4281,2.1835,0.5331
43131.93436,0.7151,-0.1535,-0.4035,-9.2827,1.7692,2.095
43131.96451,1.5498,0.0969,-1.6223,-11.0938,-1.2109,2.9796
43131.99466,1.4166,2.85,-1.7027,-6.8868,-3.7727,3.6183
43132.02483,-0.1057,1.533,-1.4271,-5.8727,-3.6877,3.2673
43132.05498,-0.3249,0.9235,-0.8881,-5.1804,-4.2526,3.0864
43132.08514,-0.6344,0.4591,-0.3195,-3.931,-4.5849,2.6823
43132.11529,-1.038,0.1166,0.1618,-2.2813,-4.2009,2.3792
43132.14544,-1.4994,-0.4105,0.4433,-1.813,-3.4948,1.5091
43132.17562,-2.0934,-0.6643,0.2974,0.0086,-2.6154,-0.2157
43132.20577,-1.683,-0.8108,0.3991,0.4405,-1.842,-1.0448
43132.23592,-1.6152,-0.8489,0.458,0.2225,-0.9503,-2.3593
43132.26607,-1.2571,-0.4641,0.4479,0.6611,-0.0253,-3.353
43132.29623,-1.1816,1.0353,0.476,-0.167,0.6572,-4.0773
43132.32641,-0.5462,2.9658,0.145,0.3246,1.1923,-6.2525
43132.35656,0.0694,2.3512,-0.1514,1.4096,0.6999,-5.5585
43132.38671,0.611,1.5796,-0.225,2.0526,0.8258,-5.1866
43132.41686,0.9959,0.4688,0.1663,0.433,1.2827,-3.1392
43132.44701,0.6617,-0.2478,0.4359,-1.5593,1.8858,-1.6163
43132.4772,0.4371,-0.5781,0.5136,-1.7275,2.6938,-0.0917
43132.50735,0.5811,-0.8176,0.7436,-1.0375,2.9786,1.2857
43132.5375,0.7994,-1.2577,1.0087,-1.6699,2.8746,2.1334
43132.56765,1.0616,-1.3078,1.0022,-2.519,1.5207,2.7029
43132.5978,0.5991,-0.9994,0.743,-1.9521,0.9799,3.4943
43132.62798,0.3031,-0.8495,0.3656,-0.3151,0.6969,4.4452
43132.65813,0.4488,-0.0155,-0.1873,-0.2673,0.1918,3.405
43132.68829,1.4185,2.5343,-0.5581,-2.4105,-1.1924,3.823
43132.71844,1.0259,2.4969,-0.2619,-4.7223,-2.5389,1.1713
43132.74859,-0.3215,1.7006,-0.6117,-3.1176,-2.1641,0.4991
43132.77877,-0.783,0.9457,-0.4199,-1.2264,-1.7686,0.051
43132.80892,-0.631,0.2274,-0.2369,-0.7032,-2.1997,0.1062
43132.83907,-0.6308,0.0171,-0.3782,1.1681,-3.0634,-0.0015
43132.86922,-0.9848,-0.3241,-0.2689,3.7334,-3.5446,-0.4607
43132.89938,-1.6417,-0.6357,0.1834,4.8957,-2.6862,-0.7769
43132.92956,-1.0473,-0.9583,0.535,3.3282,-2.2888,-0.7898
43132.95971,-0.6666,-0.9982,0.7005,0.4811,-2.2149,-1.5491
43132.98986,-0.7246,-0.6648,0.7032,-2.1041,-2.0895,-3.1933
43133.02003,-1.1238,1.9681,0.4635,-0.5255,-0.4602,-2.9374
43133.05018,-0.6041,2.8574,0.2335,1.7072,-0.2816,-6.266
43133.08036,-0.0606,1.119,0.1473,-1.2289,-0.1335,-4.8953
43133.11051,0.457,0.8399,-0.0824,-3.3493,0.6252,-3.3885
43133.14066,0.5882,0.4317,0.0159,-1.8559,1.967,-1.7295
43133.17082,0.4058,-0.2755,0.3346,-0.5626,3.2502,-0.4326
43133.20097,0.5728,-0.6915,0.7202,-0.1576,4.3579,1.2308
43133.23115,0.9649,-1.0503,1.1632,-0.7739,4.762,2.4406
43133.2613,1.3054,-1.4552,1.2979,-2.1664,3.1732,2.8986
43133.29145,0.6559,-1.0349,0.9324,-2.1456,2.6287,3.8476
43133.3216,0.3455,-0.7611,0.4899,-0.3819,2.4911,4.8414
43133.35175,0.471,-0.2759,-0.1549,-0.7598,1.9654,4.3364
43133.38194,1.8296,2.5531,-0.1991,-3.8453,-0.6566,4.4423
43133.41209,1.4434,3.3312,-0.8659,-3.5321,-2.152,0.0912
43133.44224,-0.0482,1.7778,-0.9254,-1.2138,-2.3654,-0.9695
43133.47239,-0.4191,0.4948,-0.6072,-1.0847,-2.4572,-0.2555
43133.50257,-0.6609,-0.177,-0.1918,-1.6743,-2.6909,0.1452
43133.53272,-0.8418,-0.3283,0.0059,-0.7597,-2.7799,0.027
43133.56288,-0.9,-0.4786,0.0923,1.2597,-2.8248,0.0367
43133.59303,-1.1539,-0.7743,0.3029,1.3049,-2.6694,-0.4081
43133.62318,-1.5344,-0.9582,0.3401,0.0153,-1.7705,-1.3753
43133.65336,-1.0492,-0.9469,0.279,0.2494,-1.4218,-2.1275
43133.68351,-1.026,-0.9594,0.395,0.1478,-0.5959,-2.7589
43133.71366,-1.0207,-0.201,0.8299,-2.7694,0.5143,-3.1833
43133.74381,-1.2451,3.9664,0.2071,1.7808,1.9078,-4.8216
43133.77397,-0.0677,2.1386,0.0417,1.5821,1.0565,-5.6529
43133.80415,0.3052,1.5245,-0.0782,0.7245,1.409,-5.0342
43133.8343,0.8467,0.5649,0.0894,-0.1936,2.1179,-3.1573
43133.86445,0.599,-0.3429,0.3728,-1.8515,2.5628,-1.3667
43133.8946,0.3041,-0.6542,0.5028,-1.7699,3.0959,0.3583
43133.92478,0.5445,-0.9858,0.899,-1.4787,3.6922,2.0809
43133.95493,1.0159,-1.3749,1.2089,-2.2484,3.5285,2.8648
43133.98509,1.2546,-1.4164,1.1153,-2.45,1.5889,3.0148
43134.01523,0.5931,-1.0547,0.6954,-1.3697,0.7371,3.6377
43134.04538,0.4237,-0.731,0.2373,0.4827,0.6793,4.7712
43134.07557,1.293,1.5969,-0.2116,-2.9249,-2.1629,3.9916
43134.10572,0.9546,2.7874,0.2156,-7.5536,-2.1094,1.2522
43134.13587,0.5691,2.5078,-0.5839,-6.4025,-2.6181,0.1183
43134.16602,-0.4221,1.4156,-0.6033,-4.0379,-2.6901,-0.3819
43134.19617,-0.8756,0.7848,-0.2118,-2.0575,-2.4094,-0.8094
43134.22635,-0.9056,0.4492,-0.0305,-0.6471,-2.3866,-1.5711
43134.2565,-0.7652,0.0464,-0.0796,0.7816,-2.1629,-2.0457
43134.28666,-0.6505,-0.5094,-0.0528,2.0325,-2.0061,-1.9317
43134.31681,-0.8367,-0.631,-0.0347,4.2415,-1.2646,-2.2837
43134.34699,-1.1171,-0.9882,0.3178,4.3826,-0.4151,-3.0986
43134.37714,-1.1738,-1.7169,0.3964,-1.2532,0.329,-3.71
43134.40729,-1.1792,-0.6271,0.1815,-3.3108,1.0067,-5.0959
43134.43744,-1.6946,1.3913,0.6981,-2.066,1.1255,-5.3918
43134.46759,-0.738,1.76,1.0424,-2.2619,1.7001,-5.9097
43134.49778,-0.5623,1.6784,0.8827,-0.0267,1.7886,-5.8677
43134.52793,0.1917,1.0264,0.7845,-0.3073,1.7781,-4.0424
43134.55808,0.4798,0.5819,0.3589,1.3995,2.2047,-2.3909
43134.58823,0.864,0.0964,0.2871,3.8323,3.0221,-0.7581
43134.61841,1.0908,-0.4828,0.5697,4.0895,4.4114,0.9094
43134.64856,1.6496,-1.0667,0.961,0.9149,5.6142,2.2256
43134.67871,2.1377,-1.1533,1.2504,-1.7203,4.7633,3.279
43134.70887,1.7166,-1.0639,1.1787,-3.4721,4.0358,4.9228
43134.73902,1.2793,-0.7036,0.9796,-2.6618,3.1798,6.3859
43134.7692,0.9596,-0.5081,0.4716,-1.8917,3.0252,7.2767
43134.79935,2.1776,2.4453,0.0535,-2.868,-0.6584,6.4832
43134.8295,1.0417,4.3881,-1.1206,-2.746,-1.4914,2.0812
43134.85965,0.3016,1.9525,-0.837,-5.5357,-3.5959,1.7197
43134.88984,-0.6514,1.4979,-0.6655,-4.3331,-3.7811,1.4086
43134.91999,-0.9475,0.8132,-0.1972,-3.398,-3.782,1.3488
43134.95014,-1.2205,0.3888,-0.2466,-1.5711,-4.4753,0.701
43134.98029,-1.454,-0.015,-0.086,0.2992,-4.3436,-0.2315
43135.01044,-1.2502,-0.6113,0.1387,0.6627,-3.9033,-0.5347
43135.04062,-1.321,-0.9934,0.1983,0.2415,-3.0068,-1.4451
43135.07077,-1.2591,-1.0758,0.1693,0.3021,-1.8864,-2.1587
43135.10093,-0.9902,-1.0058,0.1599,0.3218,-0.8054,-2.5271
43135.13108,-0.8581,-0.7786,0.1441,-1.17,0.0066,-2.4684
43135.16126,-1.0757,1.6108,0.2374,0.3941,0.3664,-3.4263
43135.19141,-0.4289,2.8889,0.6706,1.6949,1.9797,-5.6277
43135.22156,-0.013,2.2984,0.1012,0.862,1.7742,-5.4474
43135.25171,0.5973,1.1327,-0.0651,0.8546,1.9626,-4.5122
43135.28189,0.7477,0.1098,0.2469,-0.1622,2.3162,-2.4595
43135.31205,0.4166,-0.5588,0.4269,-1.9293,2.6795,-0.5284
43135.3422,0.4935,-0.6662,0.6587,-1.189,3.3107,1.2484
43135.37235,0.7473,-1.0013,0.8475,-0.0554,3.4859,2.5539
43135.4025,1.0414,-1.4027,1.022,-0.6713,2.5879,2.9689
43135.43268,1.0262,-1.1998,0.9366,-1.2293,1.1869,3.5011
43135.46283,0.5819,-1.0011,0.6873,-0.8331,0.5161,4.3822
43135.49298,0.4903,-0.8392,0.3638,-0.0393,0.3765,5.5769
43135.52314,1.0306,0.376,-0.0406,-4.6329,-1.3399,4.3239
43135.55332,1.6597,4.2886,-0.2693,-3.9987,-1.9816,2.0086
43135.58347,0.4286,2.5522,-0.5981,-2.7372,-2.2196,0.0575
43135.61362,-0.5024,1.4079,-0.5166,-1.4948,-1.8725,-0.5201
43135.64377,-0.8535,0.461,-0.2887,-1.0933,-2.0396,-0.5615
43135.67392,-0.8138,-0.0834,-0.1203,-0.8141,-2.8955,-0.5526
43135.70411,-0.8955,-0.3338,0.0539,0.3501,-3.1088,-0.7837
43135.73426,-1.0708,-0.7853,0.1805,0.9603,-2.7587,-1.1964
43135.76441,-1.1994,-1.1322,0.2342,0.7323,-2.2922,-1.6552
43135.79456,-1.0716,-1.1219,0.3025,-0.1184,-1.5552,-1.7107
43135.82474,-1.1775,-0.9497,0.2861,-0.4685,-0.5083,-2.3109
43135.85489,-1.0817,-0.4212,0.2999,-0.9745,0.8786,-2.3621
43135.88504,-1.1976,2.5427,0.2038,-0.0116,1.7274,-3.3503
43135.9152,-0.1428,2.5738,0.2989,1.3103,2.769,-6.0105
43135.94538,0.201,1.5646,0.1516,0.9545,2.4434,-5.116
43135.97553,0.4031,0.9733,0.0767,1.5992,2.3875,-3.8856
43136.00571,0.7691,-0.0151,0.505,-0.5665,2.2482,-1.7246
43136.03586,0.6717,-0.5817,0.6789,-1.7885,2.0531,0.2821
43136.06601,0.5908,-0.7376,0.7861,-0.3389,2.3286,1.7032
43136.09619,0.8174,-1.1602,1.0757,-0.2718,2.6944,2.8964
43136.12634,1.1775,-1.4427,1.0739,-1.1435,1.6969,3.367
43136.15649,0.827,-1.1456,0.7606,-0.9212,0.8269,3.9502
43136.18664,0.4271,-0.9739,0.5062,-0.0015,0.7124,5.1281
43136.21683,0.5419,-0.5861,-0.0151,-1.5501,1.2549,4.7964
43136.24698,2.2219,2.3678,-0.1079,-4.7516,-1.3,5.338
43136.27713,1.2286,3.8692,-0.4088,-2.2137,-0.7792,0.5652
43136.30728,0.1351,1.9987,-0.8003,-0.6976,-1.2077,-0.3473
43136.33743,-0.659,0.8283,-0.3155,-0.482,-1.5044,-0.3749
43136.36761,-0.9878,0.028,-0.1328,-0.7215,-2.4904,-0.1719
43136.39777,-0.942,-0.2182,-0.0143,0.2366,-3.3283,-0.4507
43136.42792,-0.9275,-0.632,0.1884,1.2822,-3.4562,-0.4418
43136.45807,-1.014,-1.0023,0.3652,1.0395,-3.1081,-0.7358
43136.48825,-1.1955,-1.086,0.3854,0.701,-2.5211,-1.2495
43136.5184,-1.2126,-1.0417,0.3651,0.598,-1.4611,-1.9198
43136.54855,-1.0396,-1.0005,0.4891,0.0154,-0.7401,-2.328
43136.5787,-1.1384,-0.073,0.4673,-1.3062,0.6181,-2.7902
43136.60885,-1.0448,3.5421,0.2079,0.8053,1.1462,-4.7548
43136.63904,-0.0431,2.9181,0.189,0.7478,1.1123,-5.5787
43136.66919,0.535,1.7163,-0.1112,0.4789,1.177,-5.3101
43136.69934,0.8366,0.5057,0.1207,0.0561,2.086,-3.5326
43136.72949,0.6797,-0.3233,0.3935,-1.3371,2.7127,-1.643
43136.75967,0.5768,-0.7213,0.5686,-1.7275,3.1445,0.4219
43136.78982,0.8587,-0.8148,0.7513,-0.6885,3.2946,2.2094
43136.81998,1.2924,-1.3362,1.0569,-1.1231,2.5508,3.0986
43136.85013,1.153,-1.3277,1.0166,-1.3918,0.8998,3.4217
43136.88028,0.5602,-0.9535,0.7539,-0.6185,0.3883,4.666
43136.91046,0.5082,-0.8029,0.3657,0.7113,0.2644,6.1749
43136.94061,1.3009,1.4726,-0.1296,-4.4168,-1.9155,5.8055
43136.97076,1.4725,4.2475,-0.0626,-3.8215,-1.6942,2.028
43137.00091,0.0975,2.3055,-0.5479,-1.8586,-1.2079,0.3699
43137.03108,-0.7516,1.1955,-0.5429,-0.7625,-0.5625,-0.1565
43137.06123,-1.0645,0.1545,-0.2696,-0.6329,-1.0389,-0.4027
43137.09139,-1.0041,-0.2581,-0.0561,-0.0932,-2.3659,-0.06
43137.12154,-1.1753,-0.4884,0.1043,1.4367,-2.6815,-0.4422
43137.15169,-1.3568,-0.8869,0.2422,2.3381,-2.7048,-0.976
43137.18187,-1.1463,-1.0213,0.3012,1.2025,-2.4244,-1.3786
43137.21202,-1.0549,-0.9672,0.3401,-0.4549,-1.7007,-1.754
43137.24217,-1.2199,-1.0456,0.3875,-3.0304,-0.6727,-2.5956
43137.27232,-1.0352,0.4262,0.6218,-3.8926,1.0121,-4.1907
43137.30251,-0.9191,4.219,0.2079,3.1339,2.3575,-5.8198
43137.33266,-0.1345,1.8883,0.3134,1.1298,2.0555,-6.0353
43137.36281,0.411,1.8304,-0.0528,2.1225,2.0774,-5.205
43137.39296,0.7292,0.7767,0.2169,1.7072,2.0587,-3.8248
43137.42311,0.7719,-0.0985,0.6838,-0.4874,1.8638,-1.7969
43137.45329,0.4859,-0.5667,0.7937,-2.3611,1.7972,-0.2019
43137.48344,0.5682,-0.8524,0.9425,-2.6987,2.3456,0.9644
43137.5136,1.0018,-1.0903,1.139,-2.4352,2.7874,2.32
43137.54375,1.5164,-1.1423,1.1553,-1.1233,1.4448,3.0154
43137.57393,1.0282,-0.9705,0.8221,-0.1239,0.7937,3.8825
43137.60408,0.5191,-0.9665,0.5509,0.5346,1.0479,5.2126
43137.63423,0.7222,0.0056,-0.2957,-5.4219,0.1228,2.1733
43137.66438,1.5449,3.0306,0.3174,-9.5092,-1.7189,3.4206
43137.69453,0.7741,3.0107,-0.755,-2.6531,-0.7542,0.3242
43137.72472,-0.3679,1.968,-0.6698,-0.594,-1.1452,-0.182
43137.75487,-0.8116,0.5867,-0.4644,-0.5391,-1.8817,-0.4623
43137.78502,-0.8992,-0.2341,-0.0041,-1.7638,-2.6761,-0.2473
43137.81517,-0.9144,-0.4731,-0.0285,-0.9942,-3.3622,-0.4269
43137.84535,-0.9876,-0.6463,0.0265,1.2364,-3.2535,-0.8671
43137.8755,-1.2397,-1.0163,0.1218,2.1876,-2.4495,-1.6856
43137.90566,-1.2499,-1.2028,0.2897,1.7352,-1.5061,-1.9123
43137.93581,-0.9401,-1.1964,0.2745,0.9428,-0.7699,-2.3591
43137.96596,-0.9572,-0.9316,0.3693,1.1299,0.2094,-1.9901
43137.99614,-1.3246,0.4517,0.2935,0.2176,0.9015,-1.493
43138.0263,-0.6017,3.4268,0.5797,0.0144,2.1993,-4.6602
43138.05645,0.1259,2.757,0.2113,1.5717,2.0091,-4.9634
43138.0866,0.4586,1.1606,-0.0844,1.5841,1.6101,-4.5546
43138.11679,0.6534,0.2217,0.2638,0.8823,1.9605,-2.8972
43138.14694,0.3384,-0.406,0.5383,-0.7616,2.3348,-1.4354
43138.17709,0.3778,-0.6889,0.7186,-0.8614,2.6559,0.0289
43138.20724,0.7176,-0.9925,1.0375,-0.6827,3.2102,1.3852
43138.23739,1.2986,-1.5309,1.2449,-1.9768,2.3868,1.9903
43138.26757,1.245,-1.2463,1.0707,-2.011,0.6764,2.5861
43138.29772,0.6626,-0.8956,0.6689,-0.8473,0.0951,3.9277
43138.32788,0.5078,-0.6637,-0.0012,1.5399,-0.0375,5.0068
43138.35803,1.5364,2.3161,-0.2201,-2.9077,-1.6819,5.7429
43138.38821,1.3974,3.4116,-0.1104,-4.1779,-1.3442,1.1799
43138.41836,0.1284,2.1249,-0.9759,-2.3047,-1.1405,0.5196
43138.44851,-0.6864,1.2287,-0.7251,-0.3509,-1.3539,0.3665
43138.47866,-0.7782,0.198,-0.2443,-0.2668,-1.857,0.3094
43138.50881,-0.6375,-0.1952,-0.043,-0.7852,-2.9976,0.8521
43138.539,-0.7942,-0.4509,0.1249,0.181,-3.2432,0.4611
43138.56915,-0.9821,-0.8071,0.3354,1.3609,-2.5656,0.026
43138.5993,-1.6584,-1.1241,0.3404,1.8511,-1.7623,-1.0145
43138.62945,-1.2767,-0.9551,0.4899,1.1236,-0.572,-2.5435
43138.65963,-1.3489,-0.528,0.2456,2.8924,-0.0306,-4.1598
43138.68978,-1.2794,0.2934,0.508,0.7563,-0.0232,-3.9068
43138.71994,-1.1275,2.1116,0.2225,0.9569,0.5478,-5.3045
43138.75009,-0.3682,1.7046,0.12,1.1673,0.8206,-5.2102
43138.78024,0.0652,1.5049,-0.1127,0.9749,1.4243,-4.438
43138.81042,0.7934,0.8812,0.2052,1.0948,2.8919,-2.4022
43138.84057,1.0231,-0.0479,0.638,-0.4629,2.9473,-0.4069
43138.87072,0.7225,-0.4491,0.6948,-1.6945,3.0557,1.078
43138.90087,0.7358,-0.7003,0.9892,-2.4256,3.4708,2.3401
43138.93106,0.9402,-1.0937,1.1208,-3.2291,3.0691,3.1061
43138.96121,0.9485,-1.1828,0.9908,-3.6179,1.9164,3.6019
43138.99136,0.54,-1.0772,0.7661,-3.3518,1.0209,4.31
43139.02153,0.4281,-0.8868,0.4374,-2.084,0.5504,5.7852
43139.05168,1.2755,1.2839,-0.0786,-5.6241,-1.0515,4.7098
43139.08186,2.1256,3.7715,0.6135,-8.8475,-1.5158,1.0828
43139.11201,0.6655,3.3985,-0.9148,-1.5823,-1.1849,-0.5782
43139.14216,-0.3429,1.3658,-0.1766,1.2111,-1.534,-0.8404
43139.17231,-0.9084,0.3021,-0.1493,1.8079,-2.2493,-0.6556
43139.2025,-1.2693,-0.283,0.0038,1.4701,-3.1415,-0.8488
43139.23265,-1.3108,-0.5887,0.2684,1.3767,-2.9555,-0.8016
43139.2628,-1.4395,-0.8755,0.2644,1.7582,-2.6794,-1.168
43139.29295,-1.507,-1.1626,0.2273,1.8812,-2.1992,-1.8584
43139.3231,-1.2859,-1.0754,0.4168,1.0145,-1.8139,-2.8396
43139.35328,-1.578,-0.1262,0.4532,2.183,-0.3834,-4.7377
43139.38344,-1.3085,0.9228,0.0176,2.974,-0.2406,-5.1132
43139.41359,-0.8342,2.1953,-0.3003,1.1511,-1.2088,-6.3313
43139.44374,-0.3722,2.1613,-0.0358,1.3448,-0.8414,-6.476
43139.47392,0.0022,1.7696,-0.0043,0.4648,0.0668,-5.7205
43139.50407,0.4177,1.0401,0.0258,0.2275,1.3284,-4.5894
43139.53422,0.6973,0.5342,0.2288,1.3275,2.422,-3.0653
43139.56437,0.6459,0.0168,0.5994,1.9993,2.7559,-2.1764
43139.59453,0.5594,-0.1381,0.8741,2.0063,3.1469,-1.5371
43139.62471,0.6739,-0.2535,1.0773,1.3974,3.3603,-1.2293
43139.65486,0.8033,-0.2463,1.0385,1.7905,3.1385,-1.0679
43139.68501,0.6981,0.1394,0.6885,6.4318,2.6061,-0.4284
43139.71516,0.3869,0.5717,-0.2673,10.9349,2.5337,-1.1237
43139.74534,0.5189,0.1372,-0.5879,8.8955,1.6682,-0.5531
43139.77549,0.0741,-0.563,-0.9199,3.0679,1.2318,0.0094
43139.80565,0.2307,-0.5717,-0.7527,-1.0142,0.7023,0.1585
43139.8358,-0.1191,-0.2855,-0.3031,0.1706,1.2319,-0.1847
43139.87101,-0.1694,-0.2505,0.1045,-0.6486,2.2381,-0.1001
43139.90117,-0.0565,-0.0056,0.2781,-0.5789,2.4088,0.0467
43139.93132,-0.2517,0.1453,0.4972,-1.11,2.0796,0.1345
43139.9615,-0.4852,0.1828,0.5457,-1.2854,1.2219,-0.0497
43139.99165,-0.8038,0.238,0.5531,-0.3875,0.4972,-0.2925
43140.02179,-1.0113,0.131,0.4275,0.1678,-0.0242,-0.5053
43140.05194,-0.8665,-0.0548,0.1834,0.3712,-0.7635,-0.9512
43140.08209,-0.9363,0.0205,-0.1978,1.9908,-0.2286,-0.9526
43140.11227,-0.2602,-0.1403,-0.7545,2.3175,-0.8308,-0.392
43140.14243,-0.2844,-0.6294,-0.4478,-0.0185,-1.3317,-1.3314
43140.17258,-0.2195,-0.2225,-0.7593,0.3049,-0.6903,-0.9935
43140.20273,0.0528,-0.2741,-0.6651,0.7677,-0.3485,-0.8449
43140.23288,0.2958,-0.2223,-0.1343,-0.7033,-0.4382,-1.0828
43140.26306,0.1075,0.077,0.1623,-1.6728,-0.3709,-1.0461
43140.29321,0.0072,0.2534,0.2388,-0.9384,-0.3534,-0.9819
43140.32336,-0.0576,0.3666,0.4173,0.3023,-0.4472,-0.766
43140.35352,-0.1382,0.3124,0.5311,0.3477,-0.2812,-0.2064
43140.3837,0.0041,0.2505,0.2738,1.0071,-0.1187,0.1186
43140.41385,0.2503,0.1439,-0.0505,2.4091,0.1132,0.5575
43140.444,0.1069,-0.4113,-0.0831,0.918,0.2753,0.6905
43140.47415,0.0064,-0.3483,-0.5229,-0.2324,0.9948,0.9265
43140.5043,0.284,-0.2701,-0.5448,-0.0071,0.9904,0.792
43140.53449,0.1257,-0.3098,-0.2092,-0.4045,1.0855,0.4146
43140.56464,0.0943,-0.2974,-0.0274,-2.0362,1.0707,0.591
43140.59479,-0.067,-0.0122,0.1696,-1.9377,0.9553,0.5315
43140.62494,-0.3185,0.1598,0.3549,-1.5096,0.7618,0.5712
43140.65512,-0.4783,0.1194,0.4711,-1.3951,0.3975,0.1643
43140.68527,-0.6125,0.1352,0.5668,-0.5735,0.2015,-0.0104
43140.71542,-0.6577,0.1539,0.39,0.2349,-0.122,-0.1284
43140.74558,-0.6124,-0.0649,0.1759,1.0337,-0.9603,-0.5657
43140.77573,-0.8965,-0.1287,-0.2129,2.2946,-0.604,-0.4427
43140.80591,-0.285,-0.263,-0.4393,1.4434,-0.7673,0.5048
43140.83606,-0.3138,-0.4055,-0.2148,-0.7533,-1.0338,-0.4466
43140.86621,-0.3488,0.0307,-0.5739,-0.3517,0.0477,-0.0177
43140.89636,-0.0546,-0.1227,-0.3138,-0.6439,0.5392,-0.3192
43140.92651,0.1085,-0.0366,-0.0184,-2.1266,1.12,-0.52
43140.9567,0.2286,0.2368,0.2871,-4.6996,1.512,-0.4605
43140.98685,0.2457,0.5328,0.4582,-8.1063,1.4,-0.3031
43141.01702,0.2635,0.4329,0.939,-9.2418,1,0.2978
43141.04718,0.0328,0.3384,1.5339,-7.6448,1.7918,0.5496
43141.07736,0.0418,0.1095,1.3883,-5.8848,2.7185,0.961
43141.10751,-0.0324,-0.2111,1.0305,-4.9317,3.7291,1.5548
43141.13766,0.9236,0.0753,-0.1195,-8.1333,3.189,1.5434
43141.16781,2.3544,2.6351,-0.8799,-3.754,-1.8859,2.2214
43141.19796,1.4881,1.5291,-0.9091,-6.3246,-3.4498,1.017
43141.22815,0.3466,1.5344,-0.7149,-7.3033,-5.3933,1.0184
43141.2583,-0.5634,1.2924,-0.5334,-5.6631,-5.2406,1.3018
43141.28845,-0.8519,0.6989,-0.2273,-2.6993,-4.8794,0.919
43141.3186,-1.025,0.1758,-0.0246,-0.3921,-4.4509,1.1744
43141.34878,-1.3967,-0.259,0.231,0.3353,-4.0146,1.0524
43141.37893,-1.6403,-0.5273,0.3562,0.5026,-3.1887,0.2256
43141.40908,-2.0646,-0.4756,0.283,1.5856,-2.7903,-1.4097
43141.43924,-1.3881,-0.4884,0.453,1.6047,-2.0895,-2.4366
43141.46939,-1.2745,-0.4885,0.4596,-0.0231,-1.7083,-3.8755
43141.49957,-1.1259,0.456,0.3262,-1.4503,-0.8894,-4.5932
43141.52972,-0.6237,2.7478,-0.528,2.3835,-0.4541,-5.0214
43141.55987,-0.034,1.8685,-0.2692,2.7588,-0.7383,-5.7835
43141.59002,0.2489,1.9791,-0.4473,2.2675,-0.5875,-5.4557
43141.62017,0.563,1.0955,-0.3302,1.8791,0.4881,-4.8524
43141.65036,0.983,0.2936,0.3201,-1.5276,1.1816,-3.5553
43141.68051,0.8218,0.0112,0.5754,-3.2952,1.6005,-2.2966
43141.71066,0.5688,-0.0532,0.7815,-1.6723,2.6207,-0.8751
43141.74081,0.7338,-0.4588,1.24,-0.8404,3.3893,0.3917
43141.77099,1.0737,-0.5888,1.4112,-0.9157,3.4659,1.1622
43141.80114,1.0811,-0.6424,1.2558,-1.4173,2.9762,1.7783
43141.83129,0.6331,-0.6796,0.9998,-1.5851,2.9213,2.4515
43141.86145,0.4184,-0.6217,0.7103,-1.6524,3.5554,3.546
43141.8916,0.8792,-0.3867,-0.1839,-4.5432,2.9355,4.0917
43141.92178,2.4073,3.332,-1.2473,-3.6133,-0.3452,4.5016
43141.95193,0.807,2.0635,-0.9285,-4.7383,-1.6775,1.7649
43141.98208,-0.224,1.9555,-0.9167,-3.529,-2.0278,1.8634
43142.01222,-0.8906,0.8134,-0.8362,-1.7869,-1.8584,1.3075
43142.04237,-0.917,0.0905,-0.5638,-1.1552,-2.7443,1.092
43142.07255,-1.0303,-0.2272,-0.1047,-0.6107,-3.7133,0.8973
43142.1027,-1.2193,-0.4408,0.2492,0.0494,-3.5285,0.4139
43142.13285,-1.5595,-0.7882,0.4102,0.8104,-3.1333,-0.3191
43142.16301,-1.5941,-0.8937,0.4938,0.7882,-2.2453,-1.0334
43142.19319,-1.1759,-0.7275,0.4064,0.037,-1.7791,-1.8769
43142.22334,-1.3261,-0.3169,0.3866,-0.9284,-0.8258,-2.9289
43142.25349,-1.3956,2.0403,-0.0378,0.6656,0.0453,-4.1899
43142.28364,0.0657,3.0306,-0.3276,3.3123,-0.3325,-6.5113
43142.31379,0.0975,2.0205,-0.0742,2.5391,-0.1977,-5.9755
43142.34397,0.6449,1.3937,-0.2852,2.3677,0.6081,-5.4295
43142.37413,1.0064,0.2597,0.2636,-0.3432,1.036,-3.7121
43142.40428,0.8062,-0.1497,0.6473,-2.4798,1.5047,-2.1188
43142.43443,0.6473,-0.187,0.8424,-1.6839,2.4398,-0.4818
43142.46458,0.8065,-0.6388,1.1502,-1.4739,2.8954,0.7637
43142.49476,1.0887,-0.8922,1.3313,-2.3623,2.868,1.5217
43142.52491,1.0055,-0.9312,1.117,-3.0371,1.9676,2.1965
43142.55507,0.5416,-0.8603,0.8308,-3.004,1.6915,3.2395
43142.58522,0.429,-0.7114,0.4613,-1.9345,1.989,4.6827
43142.6154,1.1049,0.3468,-0.2539,-1.4146,1.1352,4.0417
43142.64555,2.0559,3.8809,-1.0882,-1.5511,-0.5474,3.8696
43142.6757,0.9398,2.0881,-0.5059,-7.1405,-2.6968,1.4451
43142.70585,-0.5344,1.8195,-0.9027,-4.5202,-2.4986,0.9099
43142.736,-0.9866,0.6417,-0.6807,-0.4215,-3.1076,0.4164
43142.76619,-1.0667,0.0729,-0.0286,1.3891,-4.0466,0.2674
43142.79634,-1.0841,-0.4337,0.3836,0.9367,-4.1929,0.9288
43142.82649,-1.2399,-0.7928,0.4933,0.206,-3.8928,0.8039
43142.85664,-1.7347,-0.9039,0.4899,0.4596,-2.88,-0.0888
43142.88679,-1.4038,-0.7698,0.4739,0.0353,-1.666,-0.8739
43142.91697,-1.3737,-0.7441,0.4822,-0.4612,-0.4127,-1.7465
43142.94712,-1.2244,0.2642,0.2918,-1.4676,0.8697,-2.6014
43142.97728,-0.8079,3.0531,-0.3511,1.8254,1.3482,-4.3669
43143.00744,-0.1814,2.4494,-0.1148,3.3348,1.1251,-6.4801
43143.03762,0.3842,2.2739,-0.2163,3.8823,0.8487,-6.0986
43143.06778,1.0754,0.809,0.245,1.3522,0.9587,-4.2399
43143.09793,1.0764,-0.2617,0.6925,-2.9948,0.416,-2.6762
43143.12808,0.5677,-0.3218,0.7019,-3.2679,1.5433,-1.2382
43143.15823,0.6382,-0.4544,0.8612,0.2117,2.5339,0.2647
43143.18841,1.0222,-1.0071,1.3082,0.365,3.078,1.3995
43143.21856,1.5129,-1.2789,1.5098,-1.4856,2.1586,2.2384
43143.24871,0.9198,-0.993,1.0216,-1.4445,1.8913,3.7328
43143.27887,0.7843,-0.8875,0.4548,-0.1224,2.2334,5.688
43143.30902,1.2471,0.1342,-0.6154,-4.622,0.0777,3.6007
43143.3392,1.385,4.4831,-1.5693,-0.4483,-1.02,3.476
43143.36935,0.6023,2.1832,-0.8777,-2.8351,-2.2609,0.9031
43143.3995,-0.7397,1.2306,-0.701,-2.4058,-1.9455,0.6974
43143.42965,-1.2166,0.1899,-0.3692,-1.3458,-1.5804,0.2748
43143.45983,-0.891,-0.3033,-0.0437,-1.5527,-2.1727,0.192
43143.48999,-0.892,-0.4355,0.1853,-1.2017,-2.5773,0.245
43143.52014,-1.0902,-0.7118,0.2791,-0.2854,-2.3028,-0.0972
43143.55029,-1.217,-0.8608,0.2497,1.0169,-1.7374,-0.7972
43143.58044,-1.2825,-0.8836,0.3308,1.3863,-1.029,-1.2738
43143.61062,-1.2358,-0.6941,0.3719,0.9475,-0.4017,-2.0002
43143.64077,-1.1536,0.0475,0.2824,0.7267,0.5175,-3.2729
43143.67092,-1.1726,2.8363,-0.1974,2.9962,0.4082,-4.043
43143.70108,0.091,2.317,-0.1159,3.139,-0.4277,-6.3657
43143.73123,0.2573,1.8281,-0.2534,2.02,-1.0423,-5.4691
43143.76141,0.7612,0.8745,0.0101,0.6452,-0.354,-4.0346
43143.79156,0.9661,-0.1653,0.606,-2.9274,0.3354,-1.9815
43143.82171,0.4802,-0.2057,0.6496,-2.7551,1.7833,-0.4121
43143.85186,0.4568,-0.351,0.9338,0.5428,3.5604,0.8354
43143.88205,1.0537,-0.959,1.4732,0.0964,4.8005,1.9682
43143.9122,1.3803,-1.1852,1.4322,-1.6028,3.8745,1.896
43143.94235,0.7025,-0.8341,1.0253,-1.7568,3.5525,2.9159
43143.9725,0.4764,-0.7797,0.7287,-0.9175,3.3868,4.134
43144.00265,0.8291,-0.5353,-0.0178,-2.0316,2.8409,4.9799
43144.03284,2.737,2.7855,-0.4999,-4.2903,-1.7209,4.3504
43144.06299,1.1435,2.6219,-1.0014,-3.9966,-1.8451,0.5517
43144.09314,0.1115,2.1586,-0.8344,-2.648,-2.5361,0.2168
43144.1233,-0.734,0.7841,-0.4712,-0.8171,-1.9595,-0.121
43144.15345,-0.8285,-0.0528,-0.0779,-0.6311,-2.0995,0.2611
43144.18363,-0.8252,-0.2746,0.0823,-0.5433,-2.9968,0.5508
43144.21378,-0.9843,-0.4566,0.3374,0.2903,-3.3415,0.714
43144.24393,-1.1948,-0.7359,0.441,0.8103,-2.9751,0.327
43144.27408,-1.3218,-0.887,0.4209,1.2452,-2.5814,-0.4278
43144.30427,-1.5859,-0.8089,0.4473,0.7354,-1.8024,-1.2665
43144.33442,-1.3531,-0.5818,0.4404,-0.1276,-1.1378,-2.5034
43144.36457,-1.1904,0.058,0.4801,-1.4436,-0.2283,-3.4491
43144.39472,-0.9705,2.9024,-0.2069,0.7074,0.6076,-3.9706
43144.42487,0.023,2.331,-0.1981,1.6615,0.5028,-5.6505
43144.45505,0.2117,1.8612,-0.1426,1.4136,0.5385,-5.366
43144.4852,0.5641,1.1191,-0.1748,1.7122,1.2113,-4.5852
43144.51535,0.8951,0.2149,0.3697,-0.2942,1.8652,-2.9839
43144.54551,0.7651,-0.2455,0.65,-2.3416,2.0712,-1.463
43144.57566,0.6681,-0.3717,0.9117,-1.654,2.6937,0.2154
43144.60584,1.0235,-0.9096,1.3451,-1.8623,3.6032,1.7514
43144.63599,1.5354,-1.2961,1.3725,-3.5969,2.014,2.194
43144.66614,0.8048,-1.027,0.9559,-3.8315,1.3938,3.4758
43144.69629,0.5357,-0.9719,0.7018,-2.8395,1.1215,4.5563
43144.72645,0.627,-0.5499,0.2507,-0.6856,1.2967,5.7744
43144.75663,1.7524,2.0678,-0.0046,-2.8092,-0.3409,4.7326
43144.78678,1.6644,3.5208,-0.6726,-4.0484,-0.9484,1.4803
43144.81693,0.2689,2.3769,-1.0213,-2.9275,-2.1933,0.419
43144.84708,-0.7026,1.2479,-0.5426,-1.1781,-1.8998,0.0084
43144.87726,-0.8966,0.3543,-0.2819,-1.0336,-2.0838,-0.0548
43144.90741,-0.8764,0.0008,-0.1635,-0.2111,-3.1295,0.0165
43144.93757,-1.0467,-0.3645,0.1425,1.204,-3.5404,-0.25
43144.96772,-1.0433,-0.7284,0.3685,1.5185,-3.091,-0.2676
43144.99787,-1.365,-0.8844,0.4292,1.6277,-2.6821,-0.6623
43145.02803,-1.5126,-0.8062,0.3163,1.601,-1.5516,-1.7171
43145.05818,-1.1644,-0.6217,0.161,1.4767,-1.346,-2.7029
43145.08833,-1.1498,0.2119,0.1391,-0.1734,-0.9023,-4.0323
43145.11849,-0.8305,2.762,-0.1591,2.3723,-0.6413,-4.8035
43145.14864,-0.2187,1.7592,0.2897,1.9238,-0.2823,-5.8229
43145.17882,0.017,1.9602,-0.0839,2.2504,0.2977,-5.5743
43145.20897,0.6311,1.101,-0.0759,2.3408,1.3351,-4.7065
43145.23912,0.9547,0.1898,0.4552,0.3273,2.0857,-3.0189
43145.26927,0.6348,-0.1023,0.648,-1.3469,2.7075,-1.9928
43145.29945,0.6002,-0.3871,1.0182,-2.424,3.4899,-0.4621
43145.32961,0.9908,-0.6505,1.3167,-3.2774,4.1166,1.0325
43145.35976,1.3242,-1.0179,1.3898,-4.2708,2.9584,1.6643
43145.38991,0.8928,-0.8892,1.0056,-4.8048,1.9747,2.7173
43145.42006,0.6275,-0.862,0.6996,-3.8927,1.1541,3.9135
43145.45024,0.8924,-0.4474,0.0922,-1.4038,1.0519,5.3523
43145.48039,2.1615,2.0367,-0.0376,-2.1435,-1.5235,4.6295
43145.51054,1.3448,3.2823,-0.585,-4.3353,-1.5125,1.8886
43145.5407,0.1897,2.5405,-0.7074,-4.4065,-2.3837,1.052
43145.57085,-0.8603,1.3701,-0.4922,-2.4158,-1.9775,0.3752
43145.60103,-1.0737,0.2978,-0.2704,-1.6228,-2.1345,0.1184
43145.63118,-0.9162,-0.1068,-0.1322,-0.6226,-3.2047,-0.1086
43145.66133,-0.9756,-0.4778,0.1304,0.7135,-3.7605,-0.2105
43145.69148,-1.0947,-0.8721,0.3019,1.2598,-3.385,-0.3771
43145.72163,-1.4832,-1.0644,0.3486,1.7673,-2.7991,-1.1678
43145.75182,-1.3721,-1.0633,0.3993,1.5145,-1.7095,-1.8381
43145.78197,-1.2805,-0.9343,0.5305,0.6921,-1.0596,-2.6408
43145.81212,-1.4065,-0.0713,0.4464,-0.3328,0.3015,-3.2801
43145.84227,-1.4599,2.9979,0.3206,-0.1139,0.7756,-4.579
43145.87245,-0.2811,2.6176,0.4593,0.5331,1.4188,-6.2409
43145.9026,0.0375,2.2722,0.0394,1.2895,1.69,-6.286
43145.93276,0.6989,1.2041,0.0355,1.9576,2.3024,-5.3533
43145.96291,1.2356,0.1947,0.6179,0.6451,2.8646,-2.9709
43145.99306,1.0752,-0.5019,0.8598,-1.7797,2.8418,-1.3003
43146.02325,1.2136,-0.8158,1.0435,-2.9045,3.3369,0.4293
43146.0534,1.5101,-1.2822,1.1662,-3.5144,2.4706,2.2168
43146.08355,1.154,-1.1077,0.9208,-3.6028,1.5905,3.9385
43146.11371,0.8773,-0.9865,0.6669,-2.7985,0.9035,5.5398
43146.14386,0.8227,-0.7894,0.3398,-0.6624,0.3991,6.8223
43146.17404,1.5574,1.6044,0.2106,-3.595,-1.1726,4.4366
43146.20419,1.0741,3.9387,-0.2904,-5.5332,-1.682,2.058
43146.23434,0.2951,2.8026,-0.6176,-2.8509,-2.6481,0.1739
43146.26449,-0.7656,1.2693,-0.3597,-0.8335,-2.1174,-0.2955
43146.29465,-0.9954,0.3058,-0.1711,-0.7409,-1.8525,-0.0388
43146.32483,-1.2563,-0.1645,-0.0813,-0.4325,-2.4992,-0.0165
43146.35498,-1.4948,-0.4504,-0.0312,0.9347,-2.6031,-0.4786
43146.38513,-1.3402,-0.8246,-0.0176,1.9638,-2.3572,-0.7685
43146.41528,-1.3032,-0.8169,-0.0375,1.6085,-2.2034,-1.508
43146.44546,-1.0295,-0.8437,0.0342,0.5409,-1.945,-2.2016
43146.47561,-1.0315,-0.454,0.1104,0.0847,-1.1407,-3.0304
43146.50577,-0.838,0.6054,0.3383,-0.1441,-0.0415,-3.8835
43146.53592,-0.675,2.4374,0.2777,0.7478,-0.2173,-4.1083
43146.56607,-0.3906,1.9253,0.3982,0.6654,0.3457,-5.0658
43146.59625,0.1931,1.7847,0.2243,1.1028,0.7707,-4.5444
43146.6264,0.6811,0.8591,0.234,1.294,1.138,-3.521
43146.65655,0.7865,0.1584,0.5381,0.5589,1.728,-2.2159
43146.6867,0.7196,-0.3379,0.7311,-0.0593,2.5434,-0.8469
43146.71686,0.7936,-0.6168,1.0145,-0.8085,3.4439,0.5066
43146.74704,1.2428,-0.8667,1.206,-1.3187,4.9001,1.8077
43146.77719,1.9228,-1.3472,1.2933,-1.9995,3.5903,2.5233
43146.80734,1.2438,-0.9834,0.9341,-2.2177,3.2276,3.9482
43146.83749,0.907,-0.8074,0.5928,-1.0832,2.9401,5.6278
43146.86764,1.0189,-0.393,-0.0104,-4.9223,1.7606,5.0248
43146.89782,1.9325,4.1392,0.0929,-4.8346,-1.4291,5.2086
43146.92798,0.7243,3.1817,-0.5777,-3.6427,-1.9524,0.7001
43146.95813,-0.2773,1.7532,-0.7785,-2.2124,-2.8076,-0.0756
43146.98828,-0.8697,0.7413,-0.5206,-1.2047,-2.5286,-0.5258
43147.01847,-0.8664,0.1113,-0.3024,-0.7886,-3.0907,-0.7754
43147.04863,-0.906,-0.1481,-0.0261,0.2369,-3.6678,-0.9795
43147.07878,-0.8735,-0.5795,0.309,0.8442,-3.4233,-0.9116
43147.10893,-0.9549,-0.9035,0.3641,0.422,-2.8323,-0.9976
43147.13908,-1.3807,-1.0687,0.3092,-0.0493,-2.0043,-1.3493
43147.16926,-1.1253,-0.9671,0.1497,-0.2313,-1.0247,-2.0706
43147.19941,-1.0419,-0.4457,0.1976,1.5179,-0.3156,-2.5155
43147.22956,-1.231,0.6315,0.3018,0.1994,0.1138,-3.0498
43147.25972,-0.6825,2.6846,0.464,-0.1854,0.8857,-4.712
43147.28987,-0.1308,2.2012,0.3103,0.2607,1.4175,-4.8572
43147.32005,0.5056,1.3125,0.051,0.8546,1.7676,-4.426
43147.3502,0.684,0.4876,0.3048,0.935,1.957,-3.049
43147.38035,0.4679,-0.0561,0.5551,0.3077,2.4396,-1.9039
43147.4105,0.5748,-0.518,0.834,-0.5595,3.1364,-0.6805
43147.44065,1.0775,-0.8574,1.1147,-0.5721,4.2133,1.0987
43147.47084,1.9024,-1.3263,1.3619,-0.911,2.5635,2.1267
43147.50099,1.0687,-1.0571,1.0131,-1.1495,1.8176,3.3583
43147.53114,0.6833,-0.9817,0.7258,-0.8507,1.8461,4.6787
43147.56129,0.6127,-0.6492,0.3297,-0.2029,2.1673,6.0639
43147.59147,1.2766,1.5368,-0.225,-3.9806,0.2194,5.3311
43147.62162,1.2531,3.9745,-0.6967,-2.681,-0.0877,1.6522
43147.65177,0.4242,2.1153,-1.0634,-1.8442,-1.2299,0.2896
43147.68193,-0.5585,1.1593,-1.0878,-0.4677,-1.7158,-0.4022
43147.71208,-0.6511,0.165,-0.5634,-0.3716,-2.2139,-0.4154
43147.74226,-0.6214,-0.1467,-0.1206,-0.2085,-3.1448,-0.0959
43147.77241,-0.8003,-0.3906,0.1933,0.2909,-3.0526,-0.1972
43147.80256,-1.0128,-0.8124,0.2168,0.6805,-2.5808,-0.7601
43147.83271,-1.2369,-1.1074,0.2731,0.7184,-2.1432,-1.5739
43147.86286,-1.2312,-1.056,0.3092,0.2242,-1.3449,-2.2809
43147.89305,-1.189,-0.7408,0.3321,-0.4083,-0.8462,-2.7946
43147.9232,-1.8328,0.9368,0.3692,-1.1806,-0.0628,-3.792
43147.95335,-0.3741,3.1452,-0.1181,2.6543,0.4466,-6.1021
43147.9835,-0.1071,1.6369,0.0986,2.0706,-0.0581,-6.42
43148.01366,0.209,1.4405,-0.1619,2.3613,-0.1325,-5.5335
43148.04384,0.7127,0.8265,0.2052,2.0863,0.5422,-3.9501
43148.07399,0.9712,0.0302,0.7556,-0.3718,1.2759,-1.9787
43148.10414,0.76,-0.4879,0.9897,-3.1785,2.1457,-0.3201
43148.13429,1.0369,-0.543,1.2445,-2.5121,4.0278,1.482
43148.16448,1.8389,-0.8107,1.3396,-0.9843,3.648,2.6096
43148.19463,1.2742,-1.0396,1.1535,-1.9398,2.6776,3.4043
43148.22478,0.8336,-0.6931,0.9614,-1.5655,2.8189,4.8979
43148.25493,0.5796,-0.5777,0.5688,0.1032,3.9165,6.3725
43148.28508,1.825,2.2725,-0.4411,1.5516,3.0601,4.293
43148.31526,1.6691,2.1619,-2.1431,-2.6529,-0.2408,2.3506
43148.34541,0.0695,2.0042,-1.485,-2.6674,-1.4389,1.4956
43148.37557,-0.723,0.9186,-0.9997,-3.5208,-1.5442,1.2316
43148.40572,-0.7121,0.2268,-0.6175,-3.3467,-2.3368,1.4474
43148.43587,-0.8977,-0.0306,-0.4194,-2.1999,-3.294,1.646
43148.46605,-1.1138,-0.369,0.0547,-1.4311,-3.6807,1.4077
43148.4962,-1.3007,-0.7112,0.266,-0.7647,-3.2722,1.0062
43148.52635,-1.69,-0.6354,0.2929,-0.279,-2.6381,-0.1264
43148.5565,-1.7357,-0.5527,0.2063,-0.2692,-1.7659,-1.7179
43148.58666,-1.4669,0.0219,0.2792,-0.2363,-1.3258,-4.0644
43148.61684,-1.1683,1.5435,0.2039,1.8464,-0.1173,-6.01
43148.64699,-0.3323,2.3031,0.0152,3.6071,-0.6073,-6.5152
43148.67714,-0.0038,1.4669,0.0654,1.2834,-0.9964,-6.0868
43148.70729,0.2584,1.83,-0.2041,1.5521,-0.4842,-5.3821
43148.73744,0.7286,0.9887,0.0112,1.6081,0.8191,-4.3091
43148.76763,0.9332,0.0548,0.5435,-0.9481,1.9346,-2.8313
43148.79778,0.644,-0.1189,0.7883,-1.5819,3.065,-1.6022
43148.82793,0.7859,-0.0924,1.2232,-0.812,4.6911,-0.435
43148.85808,1.3327,-0.6201,1.6627,-2.4294,4.8542,1.1289
43148.88826,1.2269,-0.8664,1.5474,-5.0757,3.3118,2.1012
43148.91841,0.6615,-0.7574,1.1654,-5.8093,2.4023,3.7193
43148.94856,0.4112,-0.6528,0.7769,-4.7311,1.3456,4.8187
43148.97872,0.5088,-0.0647,0.9556,-3.9137,1.985,4.1079
43149.00887,2.2666,3.3302,-0.1468,-11.0763,-1.1266,2.8027
43149.03904,0.6389,3.9275,-0.6943,-6.2316,-2.5893,-0.5006
43149.06919,-0.1124,1.6104,-0.3971,-1.5174,-2.5022,-2.0672
43149.09934,-0.4343,0.6888,-0.4364,0.0765,-2.4247,-1.3362
43149.12949,-0.9587,0.0904,-0.4401,1.1744,-2.6405,-0.977
43149.15965,-1.2435,-0.4791,-0.3611,2.4174,-2.6635,-0.9788
43149.18983,-0.8661,-0.7624,-0.1196,3.1182,-2.6445,-0.4687
43149.21998,-0.9556,-1.0472,0.2982,2.9096,-2.3668,-0.1481
43149.25013,-1.6073,-1.1603,0.0732,3.4163,-1.4364,-0.8743
43149.28028,-1.5496,-0.421,0.0743,6.3031,-0.7548,-1.873
43149.31043,-1.7482,0.0905,0.11,7.2903,0.0207,-3.927
43149.34061,-1.5461,2.18,-0.6103,10.3517,0.3131,-4.8118
43149.37077,-0.0734,2.07,-0.9061,8.9404,-1.064,-4.7073
43149.40092,-0.1509,1.068,-0.8148,4.5679,-0.5096,-4.9944
43149.43107,0.6485,1.1778,-0.5367,4.5851,0.532,-3.3844
43149.46122,0.7975,0.6135,0.0107,5.0959,0.7565,-2.7938
43149.4914,0.5366,0.4583,0.4571,3.4547,0.5247,-2.742
43149.52155,0.2082,0.4472,0.7754,2.0302,0.8967,-2.5742
43149.5517,0.1297,0.573,0.8667,1.2919,1.0275,-2.4426
43149.58185,0.0192,0.7204,0.7541,2.0139,1.2296,-2.0145
43149.61204,-0.0937,0.4409,0.4674,1.7347,1.2137,-1.3422
43149.64219,0.3398,0.3766,-0.2319,3.0842,0.7707,-0.7138
43149.67234,0.4907,-0.2473,-0.3043,1.6757,0.3233,-0.3596
43149.70249,0.1572,-0.4306,-0.5822,0.8097,0.5857,-0.6593
43149.73264,0.7053,-0.279,-0.7107,1.1175,0.8003,-0.5503
43149.76283,0.5344,-0.2754,-0.3907,0.1722,0.799,-0.6457
43149.79298,0.1177,-0.2922,-0.1573,-1.3264,1.097,-0.6946
43149.82313,-0.0962,-0.0387,0.1146,-2.5664,1.0472,-0.5179
43149.85328,-0.7635,-0.0794,0.1696,-2.5539,0.6064,0.0895
43149.88343,-1.1006,-0.0284,0.3588,-1.4574,0.3847,0.6989
43149.91361,-0.9126,-0.0788,0.5207,-1.1162,-0.1838,0.6663
43149.94376,-1.0128,-0.0234,0.4444,-0.2386,-0.5557,0.3919
43149.97892,-0.8671,-0.2222,0.3061,0.8042,-0.8158,0.0383
43150.00907,-0.7591,-0.0722,-0.2337,2.1268,-0.3108,-0.4033
43150.03924,-0.3301,-0.0393,-0.8785,2.2731,-0.886,0.2375
43150.06942,-0.1684,-0.5256,-0.5786,0.0273,-1.4349,-0.6091
43150.09957,-0.1565,-0.0729,-0.9332,0.3202,-1.0222,-0.5628
43150.12973,-0.0395,-0.1958,-0.6966,0.2351,-0.7546,-0.5823
43150.15988,0.035,-0.1745,-0.2643,-0.5124,-0.4429,-0.9992
43150.19003,-0.1321,0.0095,0.034,-0.9943,0.0443,-1.0111
43150.22021,-0.1401,0.2959,0.2328,-0.7937,0.3111,-0.9543
43150.25036,-0.0811,0.4703,0.4657,0.1362,0.2566,-0.7995
43150.28051,-0.2449,0.4927,0.4581,0.6892,0.5855,-0.376
43150.31066,-0.0399,0.492,0.2759,0.8661,0.3897,0.0495
43150.34082,0.1862,0.1654,0.1624,1.4852,0.1138,0.4761
43150.371,0.3399,-0.1018,-0.1197,1.3875,0.2023,0.8959
43150.40115,0.3046,-0.2618,-0.4447,0.2497,0.4699,1.4719
43150.4313,0.3743,-0.2374,-0.6147,-0.5473,0.4028,1.373
43150.46145,0.4117,-0.0539,-0.5766,-0.5048,0.3677,0.4904
43150.49163,0.2557,-0.0898,-0.3359,-1.5211,0.367,0.1821
43150.52178,0.0311,0.1117,-0.0263,-2.7693,0.4786,0.5279
43150.55194,-0.1687,0.3816,0.1643,-3.6665,0.3368,0.9813
43150.58209,-0.3546,0.4333,0.3994,-4.302,-0.1628,1.7404
43150.61224,-0.5471,0.0967,0.3846,-5.4806,-1.8443,1.8462
43150.64242,-1.3173,-0.3218,-0.0056,-7.2608,-3.9892,1.2032
43150.67257,-1.0567,-0.5607,-0.2253,-7.6583,-6.7102,0.4487
43150.70272,-0.7186,-0.6835,0.1585,-5.3603,-7.3946,-2.4253
43150.73287,-1.2395,0.0921,0.155,-1.3908,-5.3925,-3.7893
43150.76303,-0.7923,-0.2332,-0.1127,-1.5312,-4.4596,-1.7685
43150.79321,-0.7865,-0.4232,0.1327,-3.2164,-2.7726,-1.9409
43150.82336,-0.6412,0.2246,0.1838,-2.182,-0.0156,0.2126
43150.85351,-0.0595,0.0483,0.2373,-1.1094,2.6031,1.5941
43150.88366,0.3803,-0.0623,0.594,-0.0707,5.2306,3.2921
43150.91381,0.8455,-0.151,0.8942,1.079,6.8549,4.9614
43150.944,1.1813,-0.1173,1.3523,1.7713,7.7202,3.5944
43150.97415,1.4959,0.0056,1.6647,1.3191,6.5567,2.6674
43151.0043,0.9274,-0.2992,1.4728,-0.7155,6.289,2.4542
43151.03445,0.6529,-0.2575,1.0521,-2.4937,6.1722,3.158
43151.0646,0.8632,-0.3781,0.2684,-6.2068,5.0553,3.0337
43151.09478,3.3109,2.4303,-0.6578,-6.6334,-0.5282,2.6364
43151.12494,2.0894,2.3852,-1.2642,-9.4026,-2.3665,0.0799
43151.15509,0.725,2.7864,-1.0493,-5.4053,-3.7416,-0.7884
43151.18524,-0.5823,1.3561,-0.6331,-3.6086,-3.3989,-0.6038
43151.21539,-0.9089,0.401,-0.3719,-2.8628,-4.0192,-0.1946
43151.24557,-1.2162,-0.0947,-0.0752,-1.8347,-4.3462,0.0759
43151.27572,-1.3092,-0.4558,0.1445,-1.5963,-4.5572,-0.1692
43151.30587,-1.337,-0.5891,0.1091,-0.6248,-4.2618,-0.9765
43151.33603,-1.5402,-0.6985,0.2461,0.0063,-3.3535,-2.0085
43151.36621,-1.5518,-0.9674,0.2849,-0.2364,-2.1623,-3.2064
43151.39636,-1.3067,-0.9716,0.1866,-1.0017,-1.1328,-3.9559
43151.42651,-1.1437,-0.3301,0.3914,-2.0202,-0.0795,-4.405
43151.45666,-1.6614,3.2481,0.1983,2.6252,1.6139,-6.0795
43151.48681,-0.274,2.7898,0.1679,0.6089,1.0159,-6.9219
43151.51699,0.2678,2.4196,-0.5045,1.9718,1.2256,-6.986
43151.54715,1.2114,1.0121,-0.0229,2.0432,1.6713,-4.4509
43151.5773,1.0415,-0.1171,0.5511,0.0297,1.7715,-2.2868
43151.60745,0.5698,-0.351,0.8452,-0.319,2.8522,-0.3465
43151.6376,0.901,-0.6823,1.2972,-0.6463,4.0574,1.8045
43151.66778,1.562,-1.1619,1.6851,-2.4072,3.5501,2.7642
43151.69793,1.36,-0.9654,1.3818,-2.6669,2.1302,3.6902
43151.72808,0.7311,-0.7777,1.0082,-2.6023,1.8287,5.0208
43151.75824,0.4976,-0.787,0.6177,-1.6796,1.9897,6.0403
43151.78839,0.9493,0.0022,0.0551,-3.1996,1.5002,4.7309
43151.81857,2.4303,3.3372,-0.4588,-5.3685,-0.2795,4.3865
43151.84872,1.6932,3.3741,-0.6605,-4.9254,-1.9394,1.2761
43151.87887,-0.3686,2.0979,-0.705,-2.0248,-1.5477,0.672
43151.90902,-1.0139,0.7927,-0.458,-0.9471,-1.5609,0.6027
43151.93917,-1.1862,0.0131,-0.2252,-0.8022,-2.7173,0.7814
43151.96936,-1.431,-0.2337,-0.1135,0.4235,-3.6599,0.3118
43151.99951,-1.4416,-0.6099,0.1243,1.364,-3.8111,-0.4593
43152.02967,-1.3127,-0.9094,0.4378,-0.173,-3.5217,-1.1394
43152.05982,-1.4476,-0.8392,0.4624,-1.1406,-2.5538,-2.2971
43152.08997,-1.2887,-0.5414,0.3149,0.65,-1.3497,-3.3318
43152.12015,-1.0971,-0.3115,0.4192,-0.0645,-0.116,-3.9942
43152.15031,-1.15,1.4513,0.3303,0.8963,0.9708,-3.9624
43152.18046,-0.3571,2.762,0.0581,1.1395,1.4867,-6.1209
43152.21061,0.0586,2.311,-0.1166,1.3578,2.0675,-5.7579
43152.24076,0.7248,1.4817,-0.1649,2.0786,2.4101,-4.9234
43152.27094,0.8582,0.5182,0.3171,1.5566,2.5399,-3.1412
43152.30109,0.57,0.0693,0.6558,0.5063,2.6492,-1.6037
43152.33125,0.3612,-0.3223,0.889,-1.1505,2.934,-0.4924
43152.3614,0.706,-0.9221,1.4068,-3.0395,3.6098,1.4301
43152.39158,1.2989,-0.9233,1.4694,-3.1456,2.9305,2.1704
43152.42173,1.2141,-0.9086,1.2169,-2.1566,1.6062,2.7575
43152.45188,0.6632,-1.0677,0.9432,-1.6867,1.2337,3.5286
43152.48203,0.6304,-0.7854,0.6351,-0.6757,1.4745,5.2035
43152.51218,0.9185,-0.0726,0.2087,-5.7608,0.4809,3.6911
43152.54237,2.214,4.5479,-0.3845,-7.1282,0.1686,2.7768
43152.57252,1.0252,3.2539,-1.1841,-3.0872,-0.4797,0.1331
43152.60267,-0.4159,1.9758,-0.6868,-0.2019,-0.6163,-0.8375
43152.63282,-0.8934,0.1387,-0.5251,-0.995,-2.2664,-0.2593
43152.66297,-1.2891,-0.5659,-0.2076,-1.4011,-3.4143,-0.8332
43152.69315,-1.1032,-0.6957,-0.1454,-0.4449,-3.9701,-1.1302
43152.7233,-0.9549,-1.0243,-0.0686,0.9328,-3.7638,-1.512
43152.75345,-1.1961,-1.2373,0.069,1.7925,-3.5083,-2.1742
43152.78361,-1.1372,-1.2432,0.11,1.1582,-3.0115,-2.2344
43152.81376,-0.9893,-0.9139,0.1926,0.1586,-2.5054,-1.9688
43152.84394,-1.4583,-0.1011,0.1986,-2.3279,-1.3979,-1.9616
43152.87409,-1.0665,3.6727,0.5623,-0.057,0.78,-4.1415
43152.90928,-0.0742,2.6136,0.1377,1.3568,1.8844,-5.6823
43152.93946,0.7,1.4062,-0.1253,2.2807,2.7929,-5.1524
43152.96961,0.9776,0.2767,0.1858,1.6428,3.209,-3.1233
43152.99976,0.6512,-0.5186,0.4933,-0.5076,3.2331,-1.1322
43153.02993,0.659,-0.7224,0.8919,-1.3863,3.4028,1.1847
43153.06008,1.0135,-1.1549,1.4082,-1.3511,4.0404,2.9789
43153.09026,1.3766,-1.3547,1.4134,-1.6283,2.4375,3.1484
43153.12041,0.7287,-1.0649,1.0285,-1.5622,1.2368,3.7898
43153.15056,0.2979,-1.008,0.7423,-1.3703,0.413,4.369
43153.18071,0.1521,-0.6594,0.3694,-0.3925,0.8525,5.8762
43153.21087,1.6236,1.8414,-0.364,-5.178,-0.1913,4.9692
43153.24105,2.3115,4.4389,-0.5252,-4.5678,-1.4234,1.1531
43153.2712,0.3399,2.3575,-0.9216,-2.1147,-1.2191,-0.3567
43153.30135,-0.6729,1.0493,-0.6469,-0.3788,-0.8388,-0.6586
43153.3315,-0.9915,-0.0708,-0.5816,0.3485,-1.8625,-0.783
43153.36165,-0.9008,-0.4557,-0.3544,0.7505,-3.4437,-0.4969
43153.39184,-0.9976,-0.6487,-0.0866,2.044,-4.1492,-0.37
43153.42199,-1.3946,-0.9382,0.389,0.9832,-4.3702,-0.7538
43153.45214,-1.582,-0.9607,0.5226,-1.1412,-3.317,-2.1883
43153.48229,-1.1848,-0.5215,0.4684,-0.3344,-2.4697,-3.334
43153.51247,-1.1035,-0.0202,0.4599,0.0015,-0.9159,-4.8664
43153.54262,-0.9892,1.8358,0.4219,1.1107,-0.3247,-4.4573
43153.57277,-0.3176,2.0839,0.4335,1.2039,0.3659,-5.9388
43153.60293,-0.1318,1.5912,0.2829,-0.0256,0.9374,-5.5564
43153.63308,0.4824,1.379,0.04,0.6114,2.0705,-4.6882
43153.66326,0.9706,0.3722,0.285,0.6359,3.1803,-2.7333
43153.69341,0.8286,-0.2603,0.5643,0.0471,3.5267,-1.0383
43153.72857,0.6835,-0.5338,0.8885,-1.3539,3.9976,1.3378
43153.75872,1.1062,-0.9709,1.4115,-4.2942,4.5523,3.4271
43153.78887,1.592,-1.1994,1.453,-4.6963,2.7559,4.2175
43153.81905,0.9741,-0.8465,0.9962,-3.4112,1.6471,4.9478
43153.8492,0.5915,-0.7715,0.691,-1.6362,1.1245,5.682
43153.87935,0.6574,-0.3814,0.0986,1.5015,1.5897,6.9302
43153.90951,1.871,1.6353,-0.0525,-2.6123,-0.062,5.5543
43153.93966,2.1784,3.0184,-0.5477,-7.9467,-1.4382,2.2856
43153.96984,0.6585,2.882,-1.128,-2.0055,-1.5995,1.2353
43153.99999,-0.3709,1.2359,-0.6211,-0.5803,-1.3114,1.0617
43154.03013,-0.7565,0.7388,-0.3319,-0.1754,-1.5391,0.9632
43154.06028,-0.9607,0.3669,-0.3468,-0.3152,-2.4353,0.0825
43154.09043,-0.8833,0.1229,-0.1888,0.3491,-3.2417,-0.2296
43154.12061,-1.366,-0.3222,0.1202,0.6982,-3.5242,-0.5639
43154.15076,-2.0325,-0.5337,0.1451,0.8611,-3.0706,-1.6331
43154.18091,-1.3741,-0.2439,0.1463,0.8604,-3.1393,-2.8968
43154.21106,-1.3251,0.2959,-0.041,2.0628,-3.5963,-5.1169
43154.24122,-0.7375,1.672,0.154,4.1275,-3.8181,-6.193
43154.2714,0.064,2.2398,-0.3499,4.7128,-5.2009,-6.0143
43154.30155,0.0757,1.45,-0.3092,1.333,-4.9081,-4.3886
43154.3317,0.1013,1.7559,-0.7816,0.634,-2.9963,-4.8683
43154.36185,0.4662,1.5585,-0.6292,2.0653,-0.2079,-5.2104
43154.392,0.7755,1.0819,-0.08,3.4403,1.8027,-5.1497
43154.42218,0.7815,0.7588,0.5597,4.1698,2.9159,-4.902
43154.45234,0.8685,0.5361,0.9763,3.3249,3.3506,-4.611
43154.48249,0.9478,0.451,1.0132,2.4169,3.0053,-4.4041
43154.51264,0.7738,0.4363,0.8642,3.2787,2.4766,-4.0368
43154.54279,0.6643,0.2608,0.8972,3.7077,1.9058,-2.9506
43154.57297,0.391,0.0442,0.4207,4.745,1.3901,-1.4269
43154.60312,0.513,0.2505,-0.5817,4.9898,0.8344,-0.3932
43154.63327,0.2752,-0.5506,-0.3979,0.9795,0.2075,0.2194
43154.66343,-0.2955,-0.5133,-0.6229,-1.1717,0.2622,-0.0557
43154.69361,-0.1294,0.0894,-0.6867,1.1153,0.5661,-0.0023
43154.72376,-0.0453,-0.4578,-0.2797,-0.212,0.627,-0.5212
43154.75391,-0.071,-0.347,-0.0294,-1.626,0.812,-0.3441
43154.78406,-0.1043,-0.0221,0.1435,-1.8598,0.6993,-0.0822
43154.81421,-0.1784,0.173,0.2788,-1.1218,0.6469,0.0414
43154.8444,-0.2813,0.2389,0.4203,-1.0059,0.178,-0.2026
43154.87455,-0.5827,0.2092,0.4881,-0.8343,-0.0257,-0.3761
43154.9047,-0.6272,0.4007,0.4281,0.1328,-0.1143,-0.4269
43154.93485,-0.6693,0.2857,0.0901,1.0383,-0.7354,-0.9994
43154.965,-0.8267,0.2649,-0.1862,1.7209,-0.4665,-0.805
43154.99518,-0.4431,0.0078,-0.5388,0.8755,-0.9705,-0.3692
43155.02534,-0.3009,-0.2838,-0.3303,-0.0687,-1.1506,-1.0648
43155.05549,-0.3638,-0.1551,-0.6363,0.3028,-0.3902,-0.4929
43155.08564,-0.1183,-0.2293,-0.6249,0.0541,-0.0212,-0.4017
43155.11579,0.114,-0.2829,-0.391,-1.0698,-0.0947,-0.7663
43155.14598,0.1548,-0.1006,-0.1604,-1.458,-0.2619,-1.2183
43155.17613,-0.0795,0.2899,-0.0372,-0.6622,-0.0902,-0.9229
43155.20628,0.1054,0.5458,0.2591,-0.8796,-0.0223,-0.5344
43155.23643,0.1517,0.8596,0.6057,-1.6755,0.2261,-0.5422
43155.26658,0.2621,1.2646,0.9454,-3.2749,0.7715,-0.138
43155.29676,0.4241,1.1241,1.1847,-5.6126,1.1156,0.0594
43155.32692,0.3029,0.8303,1.2328,-6.7865,2.9438,0.6406
43155.35707,0.5853,0.6507,0.4525,-7.074,4.3724,1.0841
43155.38722,1.7785,0.7763,-1.9122,-8.3182,1.7365,2.9827
43155.41737,0.9696,1.232,-2.212,-7.6806,-0.5701,3.4486
43155.44755,0.281,1.0999,-1.9197,-7.8145,-2.3905,4.2852
43155.4777,-0.3386,1.027,-1.188,-6.5455,-3.2053,4.484
43155.50785,-1.0669,0.6745,-0.5801,-4.8526,-3.1066,3.8451
43155.54307,-1.5481,0.1486,-0.2032,-2.173,-2.6496,2.2273
43155.57322,-2.0682,-0.2999,-0.015,0.1956,-2.7399,0.4135
43155.60337,-2.0553,-0.6437,0.3374,-0.188,-2.5443,-0.9866
43155.63353,-1.5283,-0.3463,0.4414,-0.8775,-2.6077,-3.0662
43155.66368,-1.3565,0.1835,0.3984,-0.7131,-2.1003,-4.8537
43155.69386,-1.0435,0.9224,0.0261,-0.3214,-1.5661,-6.0022
43155.72401,-0.5596,2.0853,-0.4157,2.0765,-1.3498,-6.5259
43155.75416,-0.1389,1.5932,-0.0863,1.4657,-1.4051,-6.1132
43155.78431,-0.1667,1.7067,-0.1811,0.8292,-0.5837,-5.4907
43155.81446,0.2846,1.3841,-0.0858,0.9712,0.6978,-4.7376
43155.84465,0.7486,0.5688,0.5164,-0.9237,1.8744,-3.2937
43155.8748,0.7771,0.2071,0.8378,-2.4462,2.6173,-1.9371
43155.90495,0.6798,-0.0438,1.0461,-2.7619,3.6177,-0.6594
43155.9351,0.904,-0.3153,1.4188,-2.9039,4.5604,0.8288
43155.96528,1.1874,-0.5781,1.4682,-3.9486,4.2406,1.8294
43155.99543,0.854,-0.5892,1.2058,-4.4553,3.4878,2.8392
43156.0256,0.4793,-0.5632,0.8891,-3.4164,3.2864,3.6583
43156.05575,0.4693,-0.3472,0.4976,-1.5261,3.8199,5.0017
43156.0859,1.084,0.1452,-0.1877,-3.8583,3.0296,4.3789
43156.11608,2.2856,3.1202,-0.8969,-4.6493,-0.0774,3.6477
43156.14623,0.9216,2.5511,-1.0279,-4.4223,-1.6554,1.2457
43156.17639,-0.0878,1.4493,-0.8619,-2.4307,-1.8524,0.85
43156.20654,-0.6063,0.7093,-0.5715,-1.6193,-1.5992,1.0722
43156.23669,-0.7607,0.3289,-0.4658,-1.1118,-2.2741,1.1747
43156.26687,-1.0176,0.2142,-0.4929,0.3772,-2.9171,0.9237
43156.29702,-1.21,-0.0903,-0.1289,0.8513,-3.2537,0.2704
43156.32717,-1.4565,-0.2843,0.1103,0.5012,-3.0208,-0.4791
43156.35732,-1.8914,-0.2862,0.2914,0.8109,-2.313,-1.6425
43156.38748,-1.4498,0.0522,0.3222,1.2896,-1.565,-3.3765
43156.41766,-1.1937,0.3462,0.5641,0.8739,-0.908,-4.9208
43156.44781,-0.9574,1.9455,0.289,2.2764,-0.0494,-5.4346
43156.47796,-0.0889,2.3491,0.1024,2.5656,-0.3566,-6.7029
43156.50811,0.0625,2.3452,-0.1743,1.0503,-0.5784,-6.3107
43156.53826,0.7985,2.0602,-0.2457,2.1443,0.4758,-6.1207
43156.56844,1.311,0.7789,0.4492,-0.0748,0.9382,-4.3125
43156.5986,0.7661,0.0885,0.6995,-2.4568,1.7363,-3.1149
43156.62875,0.537,-0.1975,0.7895,-2.2148,3.1647,-1.6975
43156.6589,0.6939,-0.4042,1.0355,-0.7964,4.0816,-0.5048
43156.68905,0.9428,-0.8952,1.3782,-0.9251,4.2659,0.4815
43156.71923,1.115,-1.1759,1.4678,-2.5269,3.2345,0.9488
43156.74938,0.6862,-0.769,0.9805,-2.2259,2.5672,2.017
43156.77953,0.4109,-0.74,0.6776,-0.8504,2.3708,3.1371
43156.80969,0.3763,-0.6975,0.3163,0.6726,2.5672,4.1941
43156.83984,0.7911,-0.3802,-0.0153,-3.4248,2.2588,4.3448
43156.87002,2.3048,3.0539,-0.7194,-8.0843,-0.7868,5.545
43156.90017,1.0472,3.4288,-1.0096,-5.5457,-1.9971,1.7337
43156.93032,-0.0084,1.9202,-0.7712,-2.5268,-2.051,0.581
43156.96047,-0.6811,0.8206,-0.4448,-0.2141,-1.6031,0.4761
43156.99062,-0.9223,0.0882,-0.289,0.1393,-1.8911,0.4936
43157.02082,-1.0219,-0.1365,-0.1294,0.164,-2.7493,0.5685
43157.05097,-1.1088,-0.1638,-0.0604,1.312,-2.8539,0.1991
43157.08113,-1.6619,-0.3522,0.1837,1.9181,-2.8306,-0.8705
43157.11128,-2.0408,-0.7124,0.5875,0.4177,-1.5979,-2.1083
43157.14143,-1.5814,-0.5165,0.8496,-0.7314,-0.7972,-3.3691
43157.17161,-1.7015,-0.0572,1.0802,-1.4466,0.8629,-5.2154
43157.20176,-1.5626,1.4842,0.7393,0.4761,3.0678,-4.8746
43157.23191,-0.5115,3.2724,-0.0808,0.3763,2.6213,-7.6054
43157.26206,0.2312,3.1433,-0.3907,1.4328,1.4636,-6.5635
43157.29225,0.9036,1.7283,-0.1361,1.5439,1.2402,-6.289
43157.3224,1.2929,0.6404,0.2851,0.2411,1.4646,-4.2012
43157.35255,0.8582,-0.1902,0.5519,-1.0308,2.022,-2.4243
43157.3827,0.7877,-0.4353,0.7714,-0.5159,2.9742,-0.7405
43157.41285,0.9637,-0.8837,1.0769,-0.2673,3.7153,0.7585
43157.44303,1.2827,-1.4301,1.4104,-1.6487,3.3819,1.4719
43157.47318,1.0465,-1.1003,1.1607,-2.1938,2.5756,3.0064
43157.50334,0.5653,-1.1343,0.8884,-1.8087,2.5567,4.5031
43157.53349,0.4063,-1.1096,0.6973,-1.3722,2.9224,5.9364
43157.56364,0.8961,-0.5092,0.0271,-5.3162,2.7424,5.2787
43157.59382,3.3262,5.7678,-0.9419,-4.1441,-1.6454,4.4602
43157.62397,1.1723,2.8894,-0.8047,-3.5071,-2.2078,0.124
43157.65412,-0.3496,1.4623,-1.0308,-2.1758,-1.8281,-0.4437
43157.68427,-1.0494,0.1729,-0.7829,-1.5001,-1.8714,-0.1971
43157.71443,-1.2366,-0.2111,-0.4276,-0.4286,-2.402,-0.1805
43157.74461,-0.9645,-0.2183,-0.2288,1.5152,-2.1489,-0.2873
43157.77476,-0.8796,-0.7433,0.0346,1.3393,-2.1936,0.1464
43157.80491,-1.2639,-0.9403,0.1437,1.1331,-1.9517,-0.281
43157.83506,-1.7092,-0.8347,0.229,1.1243,-1.2578,-1.047
43157.86524,-1.4907,-0.4122,0.1158,1.9904,-0.6268,-2.1439
43157.89539,-1.4332,0.2946,-0.0392,2.0211,-0.9292,-3.6275
43157.92555,-1.4281,2.2806,-0.7662,2.0421,-1.6783,-5.4043
43157.9557,-0.3194,2.7142,-0.7295,2.7879,-3.0923,-8.107
43157.98585,-0.125,1.5574,-0.2536,1.9783,-3.1267,-7.3168
43158.01603,0.1898,1.3007,-0.3441,1.8426,-1.9859,-6.2539
43158.04616,0.781,0.8201,-0.1016,2.2729,-0.1045,-4.6649
43158.07631,0.9434,0.1499,0.3907,1.4908,0.8211,-3.368
43158.10647,0.6727,-0.076,0.6582,0.6379,1.6615,-2.8869
43158.13662,0.6829,-0.0607,0.8996,1.0089,2.5728,-2.3694
43158.1668,0.884,-0.0596,1.0463,1.6909,2.8823,-2.1823
43158.19695,1.1249,-0.0537,1.2274,2.3295,2.6318,-1.7223
43158.2271,0.8454,-0.0794,0.9778,4.0595,2.4112,-1.2597
43158.25725,0.3259,-0.2702,0.2528,8.0328,2.5898,-0.7366
43158.28743,0.2774,-0.1959,-0.5264,8.9747,2.3604,-0.8035
43158.31759,0.0833,-0.8509,-0.7063,2.8052,1.7041,0.0009
43158.34774,-0.0223,-0.7711,-0.863,-2.1142,0.9016,-0.7815
43158.37789,0.0427,-0.2333,-0.6721,1.3186,1.1788,-0.4253
43158.41305,0.0431,-0.6245,-0.1828,0.6961,1.5036,-0.8012
43158.44323,0.094,-0.3852,0.1707,-0.6258,1.7834,-0.8276
43158.47338,0.1035,-0.1627,0.2608,-1.369,1.6702,-0.6112
43158.50353,-0.0972,0.0378,0.4044,-0.9969,1.1727,-0.5813
43158.53368,-0.4347,0.0889,0.5301,-0.308,0.5084,-0.7618
43158.56386,-0.8668,0.1604,0.6099,0.7308,0.0716,-1.0333
43158.59401,-1.0502,0.1092,0.3891,1.3134,-0.574,-1.2192
43158.62417,-0.884,-0.0754,0.0894,2.2532,-1.3481,-1.7703
43158.65432,-0.8451,-0.343,-0.19,2.5554,-0.9039,-0.6671
43158.68447,-0.1057,-0.7536,-0.4181,0.3763,-1.6349,-0.3192
43158.71465,-0.1485,-0.9116,-0.3493,-0.575,-1.0816,-1.1163
43158.7448,0.2363,-0.2604,-0.8049,1.3678,-0.4418,-0.7272
43158.77495,0.5611,-0.3927,-0.324,-0.7138,-0.5228,-1.3701
43158.8051,0.437,-0.0303,0.1008,-2.2727,-0.6111,-1.776
43158.83529,0.0617,0.1096,0.263,-1.4507,-0.2866,-1.8463
43158.86544,-0.125,0.1771,0.3558,-0.0227,-0.0709,-1.5626
43158.89559,-0.2197,0.3416,0.5268,0.032,0.0376,-0.8815
43158.92574,-0.1584,0.2822,0.5603,-0.4999,0.0377,-0.3431
43158.95589,0.0308,0.4363,0.345,0.9471,0.0017,0.2136
43158.98607,0.2682,0.1924,0.3504,0.9127,-0.1365,0.6329
43159.01623,0.3448,-0.4257,0.0898,0.0158,0.1535,0.5408
43159.04638,0.4508,-0.2635,-0.4918,1.1617,0.5585,0.8245
43159.07653,0.7612,-0.4576,-0.3287,-0.1907,0.4937,0.6094
43159.10672,0.782,-0.252,-0.3033,-0.5955,0.6751,0.2573
43159.13687,0.6798,-0.3222,-0.1605,-1.2266,0.8161,-0.0997
43159.16702,0.4307,-0.2593,0.1096,-1.9535,1.104,0.0117
43159.19717,0.0785,-0.2317,0.3006,-2.2946,1.2212,0.4656
43159.22732,-0.5153,-0.1436,0.3974,-2.0964,1.1839,0.6356
43159.2575,-0.9097,-0.1182,0.5166,-1.8758,0.9724,0.4878
43159.28765,-1.0713,-0.0291,0.5692,-0.4461,0.3299,0.0196
43159.31781,-1.3119,-0.0992,0.5021,1.2221,-0.1731,-0.0558
43159.34796,-1.0929,-0.3106,0.3007,2.2038,-0.8842,0.1936
43159.37814,-1.019,-0.3482,-0.182,2.9652,-0.4917,1.1976
43159.40829,-0.0126,-0.6506,-0.5105,1.8447,-1.6499,2.0924
43159.43844,-0.0451,-1.1088,-0.3909,-1.5953,-1.412,1.1849
43159.46859,0.1538,-0.3281,-0.7908,0.3139,-0.5715,1.2759
43159.49878,0.5182,-0.4028,-0.8,0.8516,-0.6198,-0.2254
43159.52893,0.6996,-0.2769,-0.149,-0.5469,-0.8208,-1.3186
43159.55908,0.2935,0.0982,0.1172,-0.981,-0.4629,-2.1775
43159.58923,0.1471,0.4579,0.2798,-0.0047,-0.1564,-1.9023
43159.61938,0.0634,0.5288,0.6013,0.3811,-0.1235,-1.6555
43159.64956,-0.0341,0.5665,0.8248,0.0249,0.0314,-1.0634
43159.68475,-0.0798,0.4919,0.6878,-0.1018,0.1768,-0.0057
43159.71493,0.1427,0.1284,0.3576,1.7805,0.3641,0.8655
43159.74508,0.4117,-0.1287,0.1177,1.9979,0.6127,1.5715
43159.77523,0.4318,-0.8727,0.0683,-1.7765,0.5096,1.9509
43159.80539,0.3636,-0.4313,-0.39,-1.8282,0.1702,1.1268
43159.83557,0.1438,-0.0728,-0.4052,1.1225,0.716,0.9486
43159.86572,0.2161,-0.5818,-0.0856,-0.8577,0.6241,0.0876
43159.89587,0.0298,-0.3391,-0.0005,-1.6436,0.7949,-0.1453
43159.92602,-0.0806,-0.2136,0.1567,-0.9977,0.9269,-0.2259
43159.95617,-0.2187,-0.1168,0.3975,-1.0434,0.8875,-0.0401
43159.98635,-0.4339,0.0129,0.6473,-1.7709,0.5217,0.0739
43160.01651,-0.5955,0.0715,0.6444,-0.7534,0.0553,-0.0534
43160.04667,-0.8891,0.095,0.4817,0.9101,-0.1697,-0.0198
43160.07682,-0.6672,-0.3355,0.071,0.8428,-1.525,-0.1434
43160.10701,-1.0321,-0.3855,-0.659,1.5215,-1.1405,0.6935
43160.13716,-0.0868,-0.9071,-0.7714,0.7016,-2.227,1.6695
43160.16731,-0.2447,-0.898,-0.6368,-1.1371,-2.2273,0.4189
43160.19746,-0.0765,-0.1459,-0.842,0.7921,-1.1617,0.8732
43160.22764,0.1928,-0.4075,-0.2937,-0.5563,-0.4155,-0.2278
43160.25779,0.5136,0.0239,0.0778,-1.2522,0.2466,-0.8666
43160.28794,0.3953,0.2619,0.3221,-0.9933,0.8291,-1.1186
43160.3181,0.3021,0.5115,0.5735,-0.9709,1.3161,-1.6273
43160.34828,0.3548,0.8238,0.8341,-1.0352,1.441,-1.5729
43160.37843,0.3361,0.9306,1.0314,-1.0031,1.674,-1.1251
43160.40858,0.1345,0.6859,0.9355,-1.1642,1.8386,-0.8664
43160.43873,0.0449,0.0023,0.6386,0.2677,1.4491,-0.3187
43160.46891,-0.0924,-0.7131,0.3655,1.8241,1.3443,0.3895
43160.50407,0.0533,-0.9926,-0.5131,0.4218,1.8441,2.5862
43160.53422,0.3362,-1.4119,-1.0017,-1.7667,0.4829,2.4416
43160.56437,0.3098,-0.6046,-1.1621,0.4352,0.2238,1.7591
43160.59452,0.6159,-0.5519,-0.9435,0.4654,-0.3612,1.5184
43160.62471,0.3052,-0.5455,-0.3233,-0.3078,-0.3153,0.7754
43160.65486,0.1113,-0.2659,0.0666,-0.1653,0.1139,0.6933
43160.68501,-0.0722,-0.0253,0.3272,-0.5095,0.3163,0.535
43160.71516,-0.2201,0.0767,0.7101,-1.0506,0.2016,0.3355
43160.74534,-0.5401,0.1606,0.8354,-0.562,-0.1802,0.0488
43160.77549,-0.9248,0.3531,0.7287,1.0773,-0.0433,-0.1898
43160.80564,-0.9001,0.0463,0.5356,1.6226,-0.5211,-0.3681
43160.8358,-0.9177,-0.0791,0.201,1.4826,-0.9062,-0.6727
43160.86598,-0.6937,-0.1247,-0.3127,1.2965,-0.324,0.1196
43160.89613,-0.0003,-0.5556,-0.4251,0.375,-1.4391,-0.1947
43160.92628,-0.3145,-0.4253,-0.5204,0.8811,-0.8493,-0.7619
43160.95643,-0.0155,-0.3092,-0.6081,1.2663,-0.2094,-0.4026
43160.98661,0.1969,-0.4996,-0.309,-0.4951,0.1538,-0.9476
43161.01676,0.4724,-0.1379,0.0098,-0.9182,0.1397,-1.2659
43161.04693,0.1468,0.0778,0.182,-0.5092,0.393,-1.5897
43161.07708,0.1014,0.3993,0.3804,0.2902,0.5121,-1.6038
43161.10727,0.0868,0.5348,0.6588,0.4543,0.4028,-1.5039
43161.13742,-0.0315,0.8463,0.8712,-0.5798,0.5277,-0.8957
43161.16757,0.0206,1.2074,1.1043,-3.0269,0.4106,-0.1414
43161.19772,-0.1525,1.2043,1.3119,-6.1755,0.7415,0.3704
43161.2279,-0.1474,0.7226,1.5902,-10.4992,3.2174,-0.1226
43161.25805,1.2484,1.0106,-0.0777,-12.288,2.0041,1.1913
43161.28821,2.2523,1.2368,-2.1404,-11.9242,-1.3012,0.889
43161.31836,1.5116,1.6504,-1.7456,-11.5932,-4.025,2.0092
43161.34854,0.2353,1.3329,-1.7426,-9.2721,-4.8352,3.0479
43161.37869,-0.673,0.9051,-1.0511,-6.624,-4.2637,3.3968
43161.40884,-1.3632,0.5119,-0.7957,-4.5357,-3.695,2.9513
43161.43899,-2.1987,-0.2704,-1.229,-1.6626,-3.5933,0.6326
43161.46917,-2.121,-0.6215,-0.7162,0.8722,-3.1629,-0.2326
43161.49933,-2.3085,-0.6909,-0.1707,1.2602,-2.652,-2.392
43161.52948,-1.8028,-0.7521,0.231,0.7751,-2.2788,-3.9151
43161.55963,-1.5247,-0.1912,0.4154,-0.5676,-1.6584,-6.0567
43161.58981,-1.3457,1.4007,-0.1687,2.0407,-0.7026,-5.966
43161.61996,-0.5173,2.657,-0.603,2.4384,-1.32,-7.4065
43161.65011,-0.2189,2.1773,-0.7022,0.4024,-1.1858,-7.0124
43161.68026,0.6495,1.7623,-0.7089,0.4575,0.3275,-6.0394
43161.71045,1.1845,0.7638,-0.0422,0.0627,1.5886,-3.2283
43161.7406,0.8196,0.1645,0.3743,0.3199,2.5802,-1.6729
43161.77075,0.6052,-0.22,0.6618,0.2156,3.4384,-0.6933
43161.8009,0.8097,-0.7641,1.232,-1.3963,4.2146,0.8538
43161.83108,1.1731,-0.91,1.5014,-3.1888,4.0527,1.6172
43161.86123,1.2,-0.7267,1.3381,-3.2864,3.2464,2.4924
43161.89139,0.8498,-0.7771,0.9958,-2.9528,2.6543,3.4735
43161.92154,0.457,-0.8394,0.708,-2.59,2.1551,3.9366
43161.95169,0.1627,-0.8004,0.5153,-1.7553,2.1346,4.1792
43161.98187,0.3493,-0.3876,-0.0167,-0.5499,3.039,4.1533
43162.01202,2.3634,1.8761,-0.9151,-3.8833,0.202,4.8348
43162.04216,1.9761,3.4472,-1.3968,-5.6091,-1.7709,1.3343
43162.07231,0.3789,2.2592,-1.3689,-3.8476,-2.3164,0.0094
43162.10249,-0.5371,0.885,-1.3221,-1.7583,-2.5481,-0.0496
43162.13264,-1.0836,-0.0767,-0.9333,-0.1498,-3.914,-0.1026
43162.16279,-1.6082,-0.4148,-0.336,1.0688,-4.7141,-0.9723
43162.19295,-1.2914,-0.7265,0.2095,1.3367,-4.5894,-1.2865
43162.22313,-1.6324,-1.0284,0.5639,1.0495,-4.0193,-2.0303
43162.25328,-1.0898,-1.0546,0.606,-0.2236,-3.0362,-2.8289
43162.28343,-0.9537,-0.9371,0.4816,-1.5064,-2.0857,-3.8716
43162.31358,-1.0287,0.225,0.1386,-1.3269,-0.404,-3.9294
43162.34376,-0.6138,3.066,-0.793,0.7641,0.1304,-5.356
43162.37392,-0.1739,1.7727,-0.3403,-1.0945,0.5985,-5.6939
43162.40407,-0.0061,1.3884,-0.4142,-0.3155,1.4258,-5.536
43162.43422,0.3882,0.5945,-0.2066,0.8804,2.3173,-3.8828
43162.4644,0.633,-0.0989,0.2725,0.6689,3.4809,-1.993
43162.49455,0.6627,-0.6335,0.5284,-0.2664,3.6894,-0.1711
43162.5247,0.6216,-0.8501,0.7203,-1.2804,3.7117,1.0813
43162.55485,0.8117,-1.004,1.0817,-2.5283,3.7474,2.1024
43162.58503,1.1102,-1.1478,1.1821,-3.32,2.8358,2.9203
43162.61519,1.0095,-1.178,0.9717,-3.3726,1.0451,3.3978
43162.64534,0.6056,-0.8709,0.7177,-1.6231,0.0405,4.3573
43162.67549,0.5638,-0.5899,0.2249,1.2106,0.6594,6.1742
43162.70567,1.9383,1.3512,-0.3555,-3.1967,-0.7813,6.4263
43162.73582,2.2887,3.7608,-1.2035,-5.3363,-2.0547,2.4202
43162.76597,0.5224,2.6193,-1.191,-2.9737,-1.7,1.3221
43162.79613,-0.534,1.3642,-0.8452,-0.5877,-0.7952,1.364
43162.82631,-0.9773,0.3133,-0.6029,0.0928,-1.4761,1.6058
43162.85646,-1.2794,-0.1795,-0.3472,-0.0419,-2.8579,1.5108
43162.88661,-1.7515,-0.4191,-0.0049,0.7602,-2.7105,0.5878
43162.91676,-1.6306,-0.7106,0.0592,1.5629,-2.5229,-0.2772
43162.94694,-1.7065,-0.7412,0.1273,0.5604,-2.2521,-1.6091
43162.9771,-1.425,-0.4352,0.1725,0.6946,-2.0438,-3.6995
43163.00725,-1.2475,0.0946,0.1731,0.8634,-1.7206,-5.7376
43163.03741,-0.9905,1.3565,-0.0537,3.0549,-1.2595,-5.1602
43163.06759,-0.5794,2.3052,-0.5336,3.0036,-1.8452,-6.8706
43163.09774,0.078,1.6842,-0.6522,0.5126,-1.5224,-6.573
43163.1279,0.9254,1.2849,-0.623,-1.0811,0.1801,-4.5826
43163.15805,1.087,0.2512,0.0512,-2.1959,1.6307,-2.4682
43163.18823,0.6791,-0.0516,0.3026,-0.5455,3.0005,-0.7991
43163.21838,0.4451,-0.4472,0.6635,0.6966,3.8425,0.2099
43163.24853,0.6753,-0.8925,1.196,0.2103,4.2626,1.3408
43163.27868,0.9818,-1.0377,1.4422,-1.0243,3.5716,1.4132
43163.30886,0.7195,-0.9684,1.2484,-1.5031,2.7096,1.6179
43163.33902,0.1894,-0.6596,1.0539,-0.7653,3.1332,2.4595
43163.36917,0.0921,-0.6632,0.6981,1.3594,4.2942,3.3768
43163.39932,1.022,0.003,-0.6884,0.9235,3.891,0.9753
43163.4295,2.5708,1.3761,-1.7507,-3.8217,-0.2521,1.6773
43163.45965,1.3417,2.3508,-1.2893,-4.1704,-1.2455,0.7828
43163.4898,0.293,0.9059,-1.2403,-3.6276,-1.5527,1.1566
43163.51995,-0.4069,0.1839,-0.8287,-2.3863,-1.732,2.2072
43163.55014,-0.8679,-0.1605,-0.6334,-0.8754,-2.2788,2.742
43163.58029,-1.3818,-0.3799,-0.3305,0.9215,-3.0031,2.4533
43163.61044,-1.9389,-0.7926,0.0939,1.044,-2.6973,1.3049
43163.64059,-1.9213,-1.1471,0.1493,-1.6976,-3.06,-0.3731
43163.67077,-1.7403,-0.5743,0.1682,-1.8453,-3.1658,-2.74
43163.70092,-1.4421,0.1207,-0.0841,0.132,-3.2231,-5.0866
43163.73108,-0.9037,1.0551,-0.3434,3.0214,-3.5336,-6.7452
43163.76123,-0.9633,1.7618,-0.6233,3.8564,-4.0696,-6.0636
43163.79141,-0.3584,1.6909,-0.846,2.1778,-4.5713,-5.7037
43163.82156,-0.1873,1.5622,-0.7936,1.0198,-3.3958,-4.951
43163.85171,0.1092,1.0827,-0.5759,1.0052,-1.4444,-4.7984
43163.88186,0.4421,0.5124,-0.0314,0.9282,0.7026,-4.2777
43163.91204,0.6516,0.2172,0.3976,1.4502,2.135,-3.8567
43163.9422,0.7161,0.176,0.7361,4.306,2.8713,-3.5309
43163.97235,0.6472,-0.0156,1.0089,5.4918,2.8902,-4.5196
43164.0025,0.4134,0.3284,0.9738,5.9523,3.5097,-4.5283
43164.03267,0.3351,0.6227,0.5508,6.8034,3.5112,-4.5582
43164.06282,0.6601,0.2049,0.0247,6.3338,2.984,-3.7873
43164.09298,0.9499,-0.0609,-0.0994,3.4375,2.0831,-2.8983
43164.12313,0.6055,-0.3746,-0.6051,1.5123,2.0876,-1.3509
43164.15331,0.6611,-0.3283,-0.5744,0.1295,0.8952,-0.1102
43164.18346,0.3102,-0.5241,-0.0284,-1.5424,0.2566,-0.3845
43164.21361,0.1934,-0.3219,0.0462,-1.1075,0.2683,-0.356
43164.24883,-0.0194,-0.0046,0.3632,-1.4735,0.6119,-0.2096
43164.27898,-0.0803,0.0677,0.4563,-2.0773,0.6144,-0.1515
43164.30913,-0.3236,0.273,0.4744,-1.4698,0.1606,-0.2921
43164.33928,-0.7576,0.4225,0.3541,-0.4839,-0.1725,-0.5297
43164.36946,-0.7823,0.344,0.3771,-0.3204,-0.791,-0.6293
43164.39962,-0.9485,0.0918,0.2625,-0.6375,-1.2735,-0.613
43164.42977,-0.6575,-0.1351,-0.0594,0.3564,-2.0253,-0.6954
43164.45992,-0.5953,-0.2573,-0.2774,0.313,-1.4558,0.1271
43164.4901,-0.1659,-0.5986,-0.1897,-1.399,-2.0345,0.0392
43164.52025,-0.4965,-0.3174,-0.4756,-0.5636,-1.0763,-0.6039
43164.5504,-0.072,-0.351,-0.285,-0.7874,-0.3894,-0.9584
43164.58055,0.2169,-0.1306,-0.2538,-1.2681,-0.0767,-1.5546
43164.61074,0.3316,-0.0789,-0.1368,0.201,-0.3556,-2.1174
43164.64089,0.1834,0.1474,0.0681,0.2272,-0.333,-2.0017
43164.67104,0.2649,0.3495,0.4548,-0.7886,-0.5863,-1.2348
43164.70122,0.1388,0.6317,0.592,-0.6215,-0.4224,-0.9285
43164.73137,0.1573,0.6518,0.5219,0.3767,0.0295,-0.3591
43164.76152,0.2815,0.192,0.3397,1.7306,0.3706,0.242
43164.79168,0.6417,-0.0835,0.027,1.324,0.6832,1.093
43164.82186,0.5218,-0.6343,-0.0143,-2.0631,0.6741,1.0095
43164.85201,0.4678,-0.3963,-0.7352,-0.9212,1.29,0.5674
43164.88216,0.4639,-0.2663,-0.5589,0.414,1.3175,-0.0446
43164.91231,0.5963,-0.3521,-0.341,-1.2681,1.0078,-0.7989
43164.94249,0.4321,-0.1241,-0.0632,-1.9399,0.87,-0.7986
43164.97264,0.2705,0.0691,0.1709,-2.2546,0.7804,-0.5933
43165.0028,0.0704,0.1853,0.402,-2.5912,0.5128,-0.2417
43165.03298,-0.1159,0.2165,0.3446,-2.559,0.1813,0.1206
43165.06316,-0.2401,0.0739,0.3824,-1.785,-0.5378,0.4307
43165.09331,-0.5108,-0.1225,0.3784,-1.649,-1.1423,0.6617
43165.12346,-1.1252,-0.4848,0.1945,-1.1373,-1.7917,0.9484
43165.15361,-1.0672,-0.415,-0.2399,0.3907,-3.1044,1.1641
43165.18379,-0.9844,-0.1941,0.0081,0.3018,-5.0263,1.1421
43165.21395,-0.9471,0.2713,-0.8106,-1.418,-5.625,2.3313
43165.2441,-0.2437,0.0287,-0.8654,-3.33,-5.9342,0.6772
43165.27425,-0.38,0.0858,-0.9085,-2.8742,-4.5497,-0.7034
43165.30443,-0.1092,0.0936,-0.8198,-2.6331,-1.848,-0.8048
43165.33458,0.4339,-0.3398,-0.1421,-4.4465,0.4406,-1.1078
43165.36473,0.4957,-0.371,0.3516,-4.4257,2.1319,-0.5389
43165.39488,0.4411,-0.1489,0.673,-2.6134,3.435,0.0935
43165.42507,0.5945,-0.2752,0.9268,-2.1206,3.7884,0.5749
43165.45522,0.5945,-0.3587,1.1628,-2.4869,3.6047,0.6789
43165.48537,0.6042,-0.1837,1.1797,-1.4428,3.2721,1.3067
43165.51552,0.6078,-0.2165,1.1493,-0.4996,2.7411,1.8002
43165.5457,0.3931,-0.4055,1.1174,-0.7214,2.2573,1.9546
43165.57585,0.2514,-0.4826,1.0103,-1.0243,2.3353,2.1762
43165.606,0.4018,-0.4913,0.5872,-1.6906,3.1456,2.5525
43165.63616,1.2299,0.6751,-1.041,-4.7377,1.7942,3.0177
43165.66634,2.3956,2.6202,-1.6842,-4.0267,0.8228,4.2307
43165.69649,1.271,1.485,-1.6438,-4.3552,-1.0441,1.8205
43165.72664,0.1933,0.4915,-1.0994,-4.2383,-1.0496,1.0975
43165.75679,-0.3973,0.2363,-0.8433,-3.309,-1.0919,1.353
43165.78697,-0.7013,0.0665,-0.6697,-2.5618,-1.3308,1.0848
43165.82213,-0.8943,-0.1889,-0.4172,-2.2785,-1.9249,0.4122
43165.85228,-1.1646,-0.0902,-0.3857,-0.6606,-1.6475,-0.7206
43165.88243,-1.6457,-0.4872,-0.35,1.7371,-0.926,-2.2416
43165.91261,-2.0504,-0.9307,0.0813,2.6035,-0.264,-3.6741
43165.94277,-1.3769,-1.2155,0.5637,1.5601,-0.0062,-4.7977
43165.97292,-1.3024,-1.0516,0.8326,-1.2517,1.0402,-4.6705
43166.0031,-2.0012,2.8834,-0.8115,2.5758,0.5661,-5.1825
43166.03324,0.7465,3.6034,-0.5457,4.1255,1.1673,-5.3086
43166.0634,1.7266,1.7904,-0.0715,-1.1803,-1.1343,-3.5636
43166.09355,0.506,1.0883,-0.4286,0.2664,0.7569,-3.2609
43166.12373,0.6746,0.0305,0.1536,0.3992,1.2994,-2.1946
43166.15388,0.5269,-0.6996,0.5735,-1.0579,1.4376,-1.6928
43166.18403,0.5172,-0.7407,0.9355,-0.0511,2.1337,-1.3889
43166.21418,0.8019,-0.6352,1.3272,1.8619,2.0474,-0.1806
43166.24436,0.9817,-0.8121,1.6764,0.8382,1.3143,1.3014
43166.27452,0.8923,-0.9159,1.6064,-0.4054,0.4569,1.8432
43166.30467,0.5282,-0.9404,1.324,-0.9432,0.0694,2.0471
43166.33482,0.2692,-0.7868,1.0179,-2.0648,1.0188,3.3672
43166.365,0.2948,-0.741,0.4562,-5.196,0.897,6.3411
43166.39515,1.1855,2.1019,-0.9063,-4.7289,4.8081,8.8266
43166.4253,3.5409,2.3198,-1.5138,-0.8108,0.4552,4.5508
43166.45545,1.6029,2.1173,-1.6133,-0.5615,-0.0274,2.1987
43166.48564,0.2866,0.8288,-1.021,-2.2114,-1.019,2.1571
43166.51579,-0.5855,0.2722,-0.6551,-2.902,-1.5441,2.1127
43166.54594,-1.0971,0.2719,-0.4421,-2.1308,-2.0637,1.4649
43166.57609,-1.3747,0.393,-0.5245,0.2959,-2.5532,0.3862
43166.60627,-2.1506,0.0298,-0.2798,2.3761,-2.4391,-1.1162
43166.64146,-2.2504,-0.7712,0.6329,0.0071,-2.0395,-2.8736
43166.67164,-2.1623,-0.6708,1.0218,-4.1558,-0.8703,-4.235
43166.70179,-1.9993,1.578,0.8754,-4.4121,2.5747,-6.4493
43166.73194,-0.8142,5.0178,-0.025,3.2584,3.1224,-9.0686
43166.7621,2.3935,5.907,-0.928,7.1487,5.938,-8.1559
43166.79228,2.524,0.8423,-0.4784,-0.7604,-0.132,-7.2627
43166.82243,1.4415,1.3626,-0.3063,0.8312,1.7709,-5.4025
43166.85258,1.646,-0.0522,0.4363,0.7231,1.1027,-3.3915
43166.88273,1.0273,-0.6401,0.769,-0.5472,0.9489,-1.961
43166.91291,0.9353,-0.8173,1.1001,-1.0877,1.6087,-1.0391
43166.94306,1.3923,-0.9937,1.3967,-1.1749,1.1292,0.1733
43166.97322,1.1903,-1.1589,1.398,-1.8007,0.291,1.2604
43167.00337,1.0752,-0.897,1.1125,-1.9175,-0.0277,2.5692
43167.03356,0.8894,-0.8844,0.8327,-1.3881,-0.3596,3.1396
43167.06371,0.6797,-0.8318,0.5682,-0.6967,0.0786,3.7449
43167.09387,0.7523,-0.5112,0.3758,0.0166,0.8126,5.991
43167.12402,1.0208,1.253,-0.0055,-5.3422,2.2053,7.4502
43167.1542,2.7835,2.3586,-0.7309,-4.6971,1.0581,5.8306
43167.18435,1.7289,2.6559,-1.4336,-0.2192,0.5148,2.8321
43167.2145,0.6094,1.3016,-0.8391,0.2346,-0.5621,2.0492
43167.24465,-0.3014,0.3949,-0.4973,-0.7287,-1.0432,2.1695
43167.27484,-0.7048,-0.0533,-0.3302,-2.2793,-1.7948,2.2603
43167.30499,-1.0366,-0.206,-0.4097,-1.893,-2.211,1.7604
43167.33514,-1.2427,-0.3982,-0.4485,0.3001,-2.5507,1.3157
43167.36529,-1.4974,-0.4573,-0.3009,1.022,-2.8766,1.1452
43167.39547,-1.9543,-0.3251,-0.2933,1.3147,-2.6936,-0.2884
43167.42562,-1.889,-0.3715,0.3045,1.5938,-2.1004,-0.8847
43167.45577,-1.7541,-0.31,0.5433,-2.9894,-2.6015,-2.6132
43167.49093,-1.7014,1.9975,0.2104,0.4698,-0.1162,-4.8245
43167.52111,-0.4578,4.2409,-0.7312,3.742,0.4751,-8.4802
43167.55126,2.1249,4.2388,-1.9912,1.9457,2.4682,-6.3649
43167.58141,2.2489,1.3912,-0.5582,1.5365,-0.1936,-7.3425
43167.61157,1.7798,1.4168,-0.1188,4.8591,1.6431,-5.2688
43167.64175,1.7392,-0.1652,0.5014,3.6009,0.5303,-3.6969
43167.6719,1.0148,-0.6998,0.7746,2.6609,0.4985,-3.0512
43167.70205,0.8687,-0.5822,1.0746,2.7392,0.8575,-2.303
43167.7322,1.2033,-0.5009,1.2666,3.727,0.0758,-1.561
43167.76238,0.7083,-0.2881,1.1454,5.7387,0.117,-0.3131
43167.79254,0.4814,-0.1606,0.7598,8.0106,-0.2862,0.7436
43167.82269,0.2837,0.0645,-0.0669,8.1448,-0.5014,1.2245
43167.85284,0.026,-0.4358,-1.0722,2.8227,-0.901,1.8468
43167.88302,-0.1753,-0.256,-1.2385,-0.1546,-1.7022,1.0797
43167.91317,0.1391,-0.3374,-0.6976,-0.8512,-1.0201,0.4935
43167.94332,0.0845,-0.563,-0.3155,-1.8578,0.1445,-0.6435
43167.97347,0.2398,0.0426,-0.0852,0.7409,1.2801,-0.6082
43168.00366,0.396,-0.0067,0.4976,1.7719,1.9986,-0.4956
43168.03379,0.4343,0.116,0.8143,1.961,2.0939,-0.6775
43168.06394,0.2042,0.3643,0.8491,1.6474,1.4958,-1.1124
43168.0941,-0.1265,0.332,0.7895,1.3983,0.9403,-0.9083
43168.12428,-0.3791,0.3148,0.7399,2.3751,0.4275,-0.9365
43168.15443,-0.3359,0.2348,0.3174,1.4547,-0.0108,-1.1977
43168.18458,-0.3199,0.1519,-0.3158,2.5358,-0.665,-1.0749
43168.21473,-0.2083,-0.1563,-0.4407,1.8025,-0.6682,-0.5336
43168.24491,0.1404,-0.7347,-0.3437,-0.6323,-1.2524,-1.0663
43168.27507,-0.0252,-0.3753,-0.607,0.7658,-0.6423,-1.3091
43168.31028,0.1815,-0.4339,-0.4711,0.6393,-0.1263,-0.9022
43168.34043,0.4895,-0.4217,-0.1671,-1.4095,-0.138,-1.2269
43168.37059,0.4735,-0.0703,-0.0323,-1.4437,-0.1978,-1.3621
43168.40074,0.2722,0.2646,0.0865,-0.5916,-0.0657,-1.2777
43168.43092,0.2708,0.5188,0.2996,-0.1027,-0.2213,-1.0269
43168.46107,0.2224,0.6018,0.5314,0.0467,-0.4821,-0.9367
43168.49122,0.1959,0.597,0.35,0.8566,-0.2828,-0.6454
43168.52137,0.3921,0.2595,0.0444,2.1208,-0.125,-0.373
43168.55155,0.617,-0.0258,-0.1888,2.6646,-0.0375,0.0679
43168.58171,0.4382,-0.6817,-0.244,0.1433,0.0739,0.7115
43168.61186,0.5217,-0.5175,-0.4673,-0.8571,0.2289,0.7617
43168.64201,0.593,-0.4324,-0.3011,-0.0197,0.3165,0.1409
43168.67219,0.4202,-0.5244,-0.0317,-1.2708,0.3704,-0.5063
43168.70234,0.2979,-0.0408,0.1904,-1.3286,0.4086,-0.4216
43168.73249,-0.0123,0.0956,0.4355,-1.344,0.3878,-0.1747
43168.76264,-0.2292,0.3054,0.6535,-1.1473,0.3384,-0.1053
43168.79283,-0.4314,0.4564,0.6538,-0.4806,0.3277,-0.1013
43168.82298,-0.4184,0.4849,0.5772,0.5566,0.1363,-0.1634
43168.85313,-0.4662,0.2835,0.3293,1.2338,-0.1204,-0.264
43168.88328,-0.2728,-0.1137,-0.0104,2.3123,-0.6456,-0.1135
43168.91346,-0.191,-0.3709,-0.3648,1.3516,0.0096,1.3437
43168.94361,0.3816,-0.7268,-0.1329,-1.321,-0.6846,1.488
43168.97377,0.097,-0.3452,-0.1998,-0.6177,-0.3097,0.1387
43169.00392,0.1538,-0.2882,-0.3948,-0.5569,0.473,0.1136
43169.03412,0.4729,-0.1984,-0.2063,-1.6076,0.5005,-0.725
43169.06427,0.4533,0.3432,-0.0018,-2.2352,0.6288,-0.9377
43169.09442,0.3916,0.8115,0.1761,-3.0656,0.7029,-0.7275
43169.12457,0.4217,1.2425,0.7397,-5.631,0.2907,-0.1713
43169.15476,0.552,1.1657,1.3944,-8.5773,0.0325,-0.0326
43169.18491,0.3987,1.2909,1.3904,-6.8273,0.0512,0.4179
43169.21506,0.1378,0.609,1.0899,-5.7397,1.3003,0.8532
43169.24521,0.7881,-0.4521,0.0063,-8.5403,1.727,2.4936
43169.27539,3.0961,0.824,-1.131,-11.9122,-2.2312,4.7967
43169.30554,1.9362,2.6898,-2.0739,-9.0791,-3.9688,4.0354
43169.3357,0.4349,1.7801,-1.3872,-8.6604,-4.7882,3.263
43169.36585,-0.6838,1.1891,-1.0814,-6.5776,-3.5892,2.9591
43169.39603,-1.1614,0.3696,-0.5085,-3.863,-2.9568,1.9298
43169.42618,-1.5372,-0.1166,-0.285,-1.1433,-2.8617,0.9211
43169.45633,-1.3969,-0.7216,-0.0205,-0.2249,-2.897,0.0953
43169.48648,-1.669,-1.0962,-0.0503,0.5182,-2.7882,-1.426
43169.51666,-1.4536,-1.1761,0.1511,0.981,-2.0731,-2.0244
43169.54682,-0.9793,-1.2266,0.3704,0.5409,-1.4224,-3.2277
43169.57697,-0.9273,-0.69,0.2875,-0.0461,-0.5456,-4.2743
43169.60712,-1.1363,1.0785,-0.0584,-0.1186,0.6774,-3.7359
43169.6373,-0.4065,3.1733,-0.6512,-0.1452,0.8565,-6.3208
43169.66745,0.1806,2.455,-0.6775,0.4322,0.5823,-5.2985
43169.6976,0.8217,1.3191,-0.4274,0.4574,0.4833,-4.7077
43169.72775,1.1948,0.3776,0.0127,-1.2724,1.2353,-2.6251
43169.75794,0.9838,-0.2581,0.0885,-2.1619,1.6026,-0.7956
43169.78809,0.6478,-0.576,0.1694,-0.8453,2.2857,0.454
43169.81824,0.823,-1.0588,0.7236,-0.7521,3.2307,1.5811
43169.84839,1.4924,-1.427,1.112,-1.5378,3.5218,2.5598
43169.87857,1.852,-1.2539,1.0163,-1.6487,1.3912,3.4476
43169.90872,1.1583,-1.1764,0.7196,-1.3795,0.578,4.8034
43169.93888,1.0324,-1.0429,0.2852,-0.0875,0.693,6.5504
43169.96903,1.5479,-0.1342,-0.3672,-3.5989,0.238,5.3328
43169.99921,2.7304,5.0399,-0.8335,-4.5617,-1.3726,4.7174
43170.02935,1.1444,3.1782,-1.1077,-3.5708,-1.5701,0.9918
43170.0595,-0.3708,1.8017,-0.616,-1.2552,-1.2717,0.058
43170.08965,-0.9814,0.3149,-0.4213,-0.57,-1.7575,0.0338
43170.1198,-1.0276,-0.4048,-0.2395,-0.9366,-2.9101,-0.1699
43170.14998,-1.1021,-0.6713,-0.1441,-0.3378,-3.2244,-0.5715
43170.18013,-1.0756,-1.0749,-0.0817,0.023,-3.0842,-1.1989
43170.21029,-1.0448,-1.2439,-0.0799,0.2955,-2.5516,-1.6812
43170.24044,-1.0125,-1.2187,-0.0882,1.3751,-1.3978,-2.0253
43170.27062,-0.8283,-1.1239,-0.0318,2.6926,-0.4935,-2.2778
43170.30077,-0.7142,-1.0358,0.248,0.6722,0.166,-2.0273
43170.33092,-1.3483,1.1157,-0.0704,-3.5377,0.4194,-1.6383
43170.36107,-0.2377,4.4352,-0.0236,-0.0785,2.0148,-6.6137
43170.39125,0.7773,2.9807,-0.5266,2.9695,0.9997,-6.6366
43170.42141,1.2781,0.9161,-0.1607,1.2045,0.6323,-5.5068
43170.45156,1.263,-0.2441,0.1955,0.0867,1.2083,-3.245
43170.48171,0.8142,-0.8502,0.17,-1.499,2.1923,-1.3048
43170.51189,0.8813,-1.053,0.505,-1.4213,2.9713,0.5654
43170.54204,1.3219,-1.249,0.8622,-1.2148,3.5384,1.9015
43170.57219,1.7023,-1.5401,1.0445,-1.4588,1.8353,2.5142
43170.60234,1.175,-1.1933,0.8215,-1.5525,0.7176,3.8191
43170.63253,0.9184,-1.1348,0.6106,-1.4533,0.1234,5.1336
43170.66268,0.9585,-0.8284,-0.1333,0.2438,0.1208,6.7701
43170.69283,2.7797,3.1493,-0.4394,-3.0848,-1.8094,7.1043
43170.72298,1.7762,3.9524,-0.7334,-4.3452,-1.5773,1.3576
43170.75316,0.1304,2.1666,-1.1306,-2.0406,-1.6596,0.1738
43170.78331,-0.7866,0.8732,-0.55,0.3947,-1.3986,-0.1869
43170.81347,-1.0363,-0.3591,-0.1076,-0.0404,-1.7002,-0.1373
43170.84362,-0.8228,-0.5888,-0.1572,-0.4646,-2.573,-0.1304
43170.8738,-0.6691,-0.7507,-0.0903,0.8267,-3.1217,-0.289
43170.90395,-0.7424,-1.0976,0.0871,0.9823,-3.0471,-0.5503
43170.9341,-1.0212,-1.3055,0.1496,0.5175,-2.7518,-1.1049
43170.96425,-1.0591,-1.2289,0.0964,0.8639,-1.8239,-1.6569
43170.99443,-1.0952,-1.0833,0.2304,1.7838,-1.053,-2.1377
43171.02459,-1.1185,-0.6473,0.5415,-0.4337,0.2887,-2.2
43171.05476,-1.7297,2.6132,-0.1754,-1.5287,1.2719,-2.316
43171.08492,0.0447,3.3619,-0.2649,-0.5541,1.707,-6.2369
43171.1151,0.3624,2.2808,-0.5126,1.7281,1.7338,-6.2712
43171.14525,0.7613,0.8922,-0.0758,0.7828,2.7108,-5.5399
43171.1754,1.3725,-0.0127,0.4053,-0.081,4.2125,-2.7618
43171.20555,1.1738,-0.8627,0.3105,-1.5528,3.321,-0.8922
43171.23573,0.8628,-1.1729,0.6435,-2.7122,3.5586,0.6964
43171.26588,1.4158,-1.4258,0.9677,-3.0056,3.604,2.6462
43171.29604,1.5321,-1.4028,0.9298,-1.3584,1.0029,3.1584
43171.32619,0.8189,-1.1987,0.7055,-0.506,0.1893,4.3128
43171.35637,0.6013,-1.1218,0.2243,0.6499,0.2092,6.1669
43171.38652,1.8494,2.3071,-1.3148,-2.296,-0.1629,4.5999
43171.41667,2.6543,4.1344,-1.2113,-1.6635,-1.9614,0.9721
43171.44682,0.6986,1.9828,-1.0308,-3.5574,-2.953,0.2831
43171.47701,-0.3135,0.9135,-0.5864,-0.7871,-1.885,0.5834
43171.50716,-0.7495,-0.1937,-0.0247,0.2652,-1.9552,1.0901
43171.53731,-0.7777,-0.6916,0.1633,-1.6449,-2.233,1.1872
43171.56746,-0.7362,-0.775,0.0536,-1.9275,-2.5695,1.4025
43171.59761,-0.9975,-0.9651,-0.0399,-0.5385,-2.2593,0.8023
43171.62779,-1.7511,-1.1011,-0.1063,1.451,-1.589,-0.587
43171.65794,-1.3816,-1.1415,0.0147,2.872,-0.4204,-0.8406
43171.6881,-1.4121,-1.1039,0.0546,3.1352,0.0928,-1.7659
43171.71825,-1.2853,-0.4777,0.2911,2.0043,0.7567,-2.2041
43171.74843,-1.5653,3.6592,-1.3692,2.5761,0.3552,-5.2718
43171.77858,0.3458,3.8038,-1.5168,3.0188,-1.8495,-8.0472
43171.80873,0.4257,2.3326,-0.6154,3.685,-2.4307,-7.6827
43171.83888,1.1969,0.9667,-0.3748,2.5858,-1.9938,-6.3781
43171.86906,1.2838,0.1745,0.1797,1.9785,-0.5226,-4.2063
43171.89922,0.8046,-0.2554,0.3826,3.503,1.2085,-3.631
43171.92937,0.7127,-0.272,0.719,6.0072,2.3309,-3.1349
43171.95952,1.0071,0.1479,0.9329,8.2246,3.1472,-2.8382
43171.9897,1.2706,0.3946,0.9693,9.8807,2.8674,-2.8927
43172.01985,0.9507,0.1707,0.2236,11.4553,2.9212,-2.4571
43172.04999,1.2255,-0.2696,-0.8113,9.1928,1.8889,-1.6987
43172.08014,0.9712,-0.5141,-0.5186,2.5467,0.8679,-0.6389
43172.11032,0.1186,-0.6797,-1.1109,0.6635,0.7606,0.1718
43172.14047,0.2418,-0.2043,-0.4951,1.2024,0.1394,0.5316
43172.17062,-0.0335,-0.2534,0.1679,-0.7173,0.5056,-0.1901
43172.20578,0.1066,-0.0969,0.444,-1.3121,1.4939,-0.4648
43172.23596,0.0832,0.232,0.5271,-0.579,2.3586,-0.4489
43172.26611,0.1248,0.3878,0.5624,-0.887,2.4863,-0.3189
43172.29626,-0.0746,0.612,0.5638,-1.2474,2.0968,-0.2581
43172.32641,-0.2784,0.7348,0.4541,-0.0335,1.5343,-0.5442
43172.3566,-0.3838,0.6576,0.3189,0.3319,0.7668,-0.8874
43172.38675,-0.5514,0.3782,0.1007,-0.035,0.1606,-0.6838
43172.4169,-0.404,0.0095,-0.3195,1.6092,-0.6731,-0.6323
43172.44705,-0.2867,-0.3422,-0.3707,0.3574,-0.7095,-0.1957
43172.4772,-0.0505,-1.0234,-0.1942,-2.1688,-1.331,-0.8378
43172.50738,-0.1374,-0.6377,-0.5704,0.4931,-0.789,-0.7255
43172.53753,0.2774,-0.6968,-0.2844,0.1303,-0.6566,-0.7753
43172.56769,0.4144,-0.5745,-0.0497,-1.4208,-0.6142,-0.9139
43172.59784,0.4028,0.088,0.0332,-1.1117,-0.4681,-0.7723
43172.62802,0.3381,0.5336,0.1353,-0.739,-0.2888,-0.5298
43172.65817,0.4018,0.6902,0.2854,-0.1216,-0.6304,-0.3572
43172.68832,0.2413,0.863,0.2962,0.2742,-0.2829,-0.2151
43172.71847,0.419,0.6403,0.252,0.3087,-0.1513,0.0608
43172.74865,0.6246,0.0377,0.0543,2.1572,0.1198,0.0567
43172.77881,0.7891,-0.2654,0.0639,1.4499,0.2294,0.3058
43172.80896,0.3463,-0.7095,-0.0829,-0.4383,0.9122,0.486
43172.83911,0.4789,-0.4748,-0.3522,0.1841,0.9415,0.4517
43172.86929,0.5698,-0.548,-0.2861,-0.6457,0.6296,-0.2619
43172.89944,0.4421,-0.5372,-0.1266,-1.3481,0.2669,-0.627
43172.92959,0.1457,-0.22,0.1259,-1.1798,0.4511,-0.6639
43172.95975,-0.0913,0.1087,0.3541,-1.0412,0.7284,-0.7119
43172.98993,-0.2963,0.3673,0.5216,-0.8033,0.7354,-0.6506
43173.02008,-0.5038,0.475,0.5684,0.1628,0.5788,-0.7489
43173.05026,-0.6597,0.4332,0.5529,0.6535,0.3,-0.7792
43173.08041,-0.6665,0.2435,0.3214,1.3012,-0.0074,-0.2887
43173.11056,-0.4482,-0.1724,-0.0774,3.1222,-0.7454,0.3574
43173.14074,-0.2478,-0.3282,-0.0321,1.2259,-0.5968,2.046
43173.17089,0.0251,-0.815,-0.0055,-3.3548,-1.0481,2.1918
43173.20105,-0.0423,-0.2613,-0.2378,-1.6971,-0.8558,1.468
43173.2312,0.3133,-0.2195,-0.1616,-1.2867,-0.129,0.7617
43173.26138,0.5796,0.0406,0.0124,-4.462,0.6248,0.3118
43173.29153,0.8677,0.3988,0.3651,-10.9155,0.6568,-0.4
43173.32168,0.7989,0.3916,1.0579,-13.5531,0.8445,-1.0608
43173.35183,0.5747,1.5385,1.6194,-7.606,2.0041,-1.0948
43173.38201,0.1494,1.2583,1.3563,-2.533,4.0584,-1.7436
43173.41217,0.4418,0.017,1.3152,-5.4706,3.7386,-1.6706
43173.44232,0.4108,-0.4341,0.5725,-8.849,2.6431,0.1138
43173.47247,1.1535,-0.2321,-0.7481,-6.9869,0.813,2.7893
43173.50265,2.0626,0.6305,-0.972,-7.0183,-3.1159,2.9086
43173.53784,1.5371,2.5544,-1.8834,-2.7536,-4.5833,1.4164
43173.56799,0.5708,0.7313,-1.0518,-3.5311,-5.2143,0.632
43173.59817,-0.2327,0.4847,-0.6089,-2.6489,-4.5757,0.8251
43173.62832,-0.7246,-0.1034,-0.2544,-1.7103,-3.7052,0.7964
43173.65847,-0.8661,-0.5273,0.0625,-1.4258,-3.435,0.7625
43173.68863,-1.0113,-0.7966,0.3187,-1.393,-3.2968,0.4961
43173.71881,-1.1329,-0.9382,0.3977,-0.4886,-2.7197,-0.3915
43173.74896,-1.1599,-0.8906,0.4666,0.9435,-2.0012,-1.3897
43173.77911,-0.9375,-0.9994,0.47,0.9381,-1.2706,-2.5522
43173.80926,-1.0751,-1.0163,0.4493,-0.9567,-0.5274,-3.6122
43173.83944,-1.2187,0.6839,0.1321,-2.5135,0.6672,-3.7155
43173.86959,-0.8406,3.1917,-0.5779,-0.1064,1.5424,-5.2214
43173.89975,-0.2804,2.2743,-0.6006,-1.2712,1.586,-5.8333
43173.9299,0.5395,1.8458,-0.9342,1.0091,1.4446,-5.7887
43173.96008,1.1297,0.6749,-0.3434,1.5664,1.7136,-3.8575
43173.99023,1.2537,-0.0317,0.3204,0.7639,2.1809,-1.8592
43174.02038,0.9918,-0.4856,0.5448,-0.5005,2.3567,-0.5397
43174.05052,1.1309,-0.8581,0.976,-1.7651,3.358,0.8031
43174.08067,1.6862,-1.3283,1.2586,-2.7764,3.0198,1.656
43174.11085,1.6751,-1.2754,1.1368,-3.9531,1.2818,2.8897
43174.141,1.2041,-1.1327,0.9212,-4.4459,0.4152,4.6442
43174.17115,1.1012,-1.1573,0.4371,-3.4992,0.0491,6.2224
43174.2013,1.7801,0.2586,0.1751,-1.8694,-0.4287,5.7472
43174.23149,2.3597,4.517,-0.6125,-4.568,-0.5139,5.0414
43174.26164,1.2419,3.5508,-1.2663,-2.6007,-2.1282,1.6938
43174.29179,-0.3158,1.5259,-0.666,-0.2608,-1.8143,-0.0047
43174.32194,-0.8283,0.6215,-0.3399,0.0042,-2.5173,0.3262
43174.35212,-1.0125,-0.1553,-0.1556,-0.8376,-3.3715,-0.0877
43174.38227,-1.0175,-0.4593,-0.116,-0.1162,-3.3975,-0.5533
43174.41243,-1.1178,-0.8769,-0.1801,1.1686,-2.8715,-1.2429
43174.44258,-1.439,-1.1712,-0.0595,1.7911,-2.3266,-1.9023
43174.47276,-1.2173,-1.2679,0.1217,1.2913,-1.4017,-2.1987
43174.50291,-0.9982,-1.11,0.2008,1.0655,-0.6789,-2.6428
43174.53306,-0.8702,-0.4727,0.3514,0.1276,0.3914,-2.6317
43174.56321,-1.3778,2.8562,-0.1448,0.9295,1.2993,-3.2379
43174.59339,0.3504,2.9484,-0.2486,-0.912,0.6844,-6.5626
43174.62355,0.6395,2.2059,-0.5003,2.1312,0.5962,-6.0481
43174.6537,0.8709,0.7415,-0.0333,1.0655,0.9626,-4.9579
43174.68385,1.049,-0.0657,0.3767,-0.3601,2.1479,-3.0343
43174.714,0.9291,-0.6339,0.4156,-1.94,2.7518,-1.4616
43174.74418,1.0185,-0.8476,0.7326,-2.5949,3.2849,0.1566
43174.77433,1.6354,-1.1983,1.181,-3.7015,3.8696,1.8901
43174.80448,1.8701,-1.3464,1.1472,-3.6303,1.6483,2.7902
43174.83464,1.1197,-1.057,0.6572,-1.7926,1.0132,4.2029
43174.86482,0.9115,-1.0949,0.3567,-0.3393,1.0169,5.2091
43174.89497,1.45,-0.2088,-0.4718,1.5465,1.3381,5.0225
43174.92512,2.6458,3.2389,-0.7013,-2.0342,-1.238,6.3174
43174.95527,1.8095,2.8196,-0.7185,-5.0248,-2.0912,2.0449
43174.98545,0.0716,1.7756,-0.8922,-3.8989,-2.6947,1.3862
43175.01561,-0.7965,0.8183,-0.4585,-1.5857,-2.3933,1.3187
43175.04576,-0.9991,-0.0209,-0.1345,-1.6795,-2.8441,1.066
43175.07591,-0.9477,-0.1174,-0.2866,-0.6832,-3.6371,0.5758
43175.10609,-1.3886,-0.502,-0.1792,1.8094,-3.6971,-0.2236
43175.13625,-2.0381,-1.0593,0.1345,2.5441,-2.7526,-1.3237
43175.1664,-1.2099,-1.0865,0.3188,1.0274,-2.6091,-1.7503
43175.19655,-1.4197,-0.5784,0.4174,1.9311,-1.3109,-3.6561
43175.2267,-1.2264,0.5574,0.2201,4.0547,-0.5711,-5.6576
43175.25688,-0.7826,2.0218,-1.0614,5.1912,-1.6332,-4.9335
43175.28703,-0.2513,1.8058,-1.1986,2.1884,-2.5824,-6.0825
43175.31719,0.0055,1.8531,-1.2263,1.7345,-1.2086,-6.4611
43175.34734,0.717,1.4284,-0.8259,3.4227,0.3165,-5.8625
43175.37752,0.9657,0.5985,-0.1464,4.556,1.7203,-4.105
43175.40767,0.8972,-0.1075,0.5019,4.3214,2.0629,-2.9134
43175.43782,0.6681,-0.2204,0.7118,3.8681,2.3214,-3.0831
43175.46797,0.7816,0.2745,0.8996,5.4961,2.7403,-2.3249
43175.49816,0.8056,0.3192,1.0426,6.3305,2.6218,-2.1237
43175.52831,0.5509,0.4767,0.6746,7.7216,2.7725,-1.1721
43175.55846,0.5446,0.1554,-0.6424,7.9867,2.0114,-0.9367
43175.58861,1.0454,-0.1235,-0.5074,3.4397,0.6321,0.0012
43175.61876,0.3995,-0.5485,-0.4062,-0.2253,0.2846,0.2613
43175.64894,0.7235,-0.1087,-0.4755,0.6321,-0.0827,0.6104
43175.67909,0.3791,-0.3481,-0.0622,-0.3324,-0.072,-0.1747
43175.71425,0.2385,-0.3231,0.2602,-1.1043,0.3032,-0.4788
43175.7444,0.127,-0.0472,0.4037,-1.0973,0.9219,-0.3768
43175.77458,0.1752,0.2354,0.4319,-0.9722,1.078,-0.4803
43175.80473,0.0377,0.2138,0.5962,-0.8942,0.9248,-0.4792
43175.83489,-0.2676,0.4706,0.5957,-0.2828,0.7338,-0.4499
43175.86504,-0.4063,0.4623,0.3778,0.0017,0.1232,-0.3835
43175.89522,-0.5692,0.1767,0.2321,0.7054,-0.3602,-0.629
43175.92537,-0.5546,0.1459,-0.2768,2.5896,-0.5504,-0.3553
43175.95552,-0.1757,-0.4744,-0.3056,0.7283,-0.8585,0.4294
43175.98567,-0.1091,-0.8084,-0.2542,-1.2211,-1.3578,-0.5384
43176.01582,-0.1194,-0.3054,-0.5351,0.4535,-0.7677,-0.5297
43176.04602,0.2202,-0.4402,-0.4227,-0.1727,-0.8395,-1.176
43176.07617,0.3572,-0.2372,-0.1434,-0.922,-0.7946,-1.1296
43176.10632,0.3982,0.161,0.0776,-1.2225,-0.6318,-0.8164
43176.13647,0.3795,0.3719,0.1417,-0.8191,-0.6221,-0.6351
43176.16666,0.3394,0.5212,0.2424,0.3001,-0.6244,-0.4379
43176.19681,0.2427,0.5657,0.3496,0.4979,-0.3989,-0.1087
43176.22696,0.3761,0.3565,0.1961,0.7626,-0.2326,0.0672
43176.25711,0.6606,0.0162,-0.1078,1.97,-0.1133,0.0579
43176.28729,0.7279,-0.3222,-0.0388,0.9869,-0.1,0.3744
43176.31744,0.4045,-0.536,-0.31,0.0558,0.4162,0.6819
43176.3476,0.6085,-0.4127,-0.362,0.0591,0.3031,0.4981
43176.37775,0.4274,-0.4354,-0.1177,-0.752,0.3733,-0.1783
43176.4079,0.3827,-0.2985,-0.0235,-0.8923,0.2956,-0.4561
43176.44312,0.119,-0.0399,0.3034,-0.683,0.3439,-0.4737
43176.47327,-0.1512,0.1818,0.5324,-0.9144,0.2929,-0.3449
43176.50345,-0.3576,0.3405,0.5454,-0.4328,0.2784,-0.2824
43176.5336,-0.3215,0.4235,0.4708,0.7782,-0.0194,-0.5387
43176.56375,-0.5609,0.2678,0.3072,1.3827,-0.1757,-0.7615
43176.5939,-0.4032,-0.0305,0.0776,2.196,-0.336,-0.6729
43176.62408,-0.1689,0.0036,-0.3405,2.6918,0.0716,0.1682
43176.65424,0.3015,-0.83,-0.1739,-0.3186,-1.1346,-0.0414
43176.68439,-0.1013,-0.3444,-0.2218,-0.3044,-0.9043,-0.4836
43176.71454,0.1118,-0.3034,-0.4028,0.2134,-0.6241,0.0689
43176.74469,0.3362,-0.3227,0.0467,-1.4668,-0.5345,0.0033
43176.77487,0.4862,0.318,0.2394,-2.947,-0.2032,0.2252
43176.80502,0.4769,1.128,0.509,-5.124,0.33,0.3056
43176.83517,0.5268,1.818,0.8726,-7.885,0.3271,-0.205
43176.86533,0.6872,1.7277,1.4274,-8.5542,0.874,-0.7141
43176.89551,0.4661,1.2386,1.4712,-8.1883,1.8735,-0.7767
43176.92566,0.2313,0.6801,0.9588,-7.3941,3.3944,-0.2178
43176.95581,0.9117,0.2889,-0.6504,-6.7266,3.4705,2.2383
43176.98596,2.7094,0.2363,-1.5508,-10.2232,-0.1562,3.2624
43177.01611,2.3014,2.6967,-2.1931,-9.1632,-4.0149,2.6231
43177.04628,0.6735,1.3917,-1.4095,-8.5847,-5.1595,1.8089
43177.07643,-0.0994,0.901,-0.9582,-6.4694,-4.7394,2.0276
43177.10659,-0.6282,0.245,-0.5819,-4.6945,-4.0012,1.845
43177.13674,-0.85,-0.1596,-0.2209,-3.2115,-3.6899,1.6738
43177.16692,-1.2601,-0.5618,-0.0424,-2.1173,-3.3854,1.1876
43177.19707,-1.4844,-0.8278,-0.0411,-0.5099,-2.6548,0.3299
43177.22722,-1.8334,-0.9559,0.011,0.8088,-1.5844,-0.5097
43177.25737,-1.5226,-0.9707,0.0256,0.8715,-0.4082,-2.0956
43177.28755,-1.1936,-0.8938,-0.1,0.9313,0.0566,-3.152
43177.31771,-1.1168,0.2108,0.3421,-1.8114,0.4389,-4.1046
43177.34786,-0.9056,3.967,-0.2422,1.7684,2.0547,-6.2228
43177.37801,0.3544,2.7442,-0.6359,1.9922,0.2569,-7.1653
43177.40816,0.863,2.0006,-0.4031,3.619,-0.6306,-7.0415
43177.43834,1.4952,0.8327,0.3108,1.6808,0.2071,-4.5125
43177.46849,1.2949,-0.224,0.6282,-1.3485,0.7732,-2.6233
43177.49864,1.1103,-0.728,0.4602,-2.5727,2.2082,-0.9938
43177.5288,1.3575,-0.7229,0.6598,-1.5828,3.1178,0.4732
43177.55898,1.8115,-1.1552,1.069,-1.246,3.1117,1.8448
43177.58913,1.5702,-1.1979,1.0438,-1.7164,1.8831,2.7388
43177.61928,1.1492,-0.8121,0.8774,-2.1088,1.8851,4.5352
43177.64943,0.9604,-0.8277,0.3946,-0.9961,1.8953,5.9389
43177.67958,1.2633,0.0085,-0.662,-0.6925,1.9856,4.3056
43177.70977,2.5829,3.9758,-1.5754,-4.0582,-0.8398,4.5316
43177.73992,0.732,3.1547,-1.158,-5.4066,-2.6243,1.6864
43177.77007,-0.5479,1.3563,-0.7843,-3.1635,-1.7318,0.7515
43177.80022,-0.845,0.2844,-0.5383,-0.6822,-1.6731,0.5851
43177.8304,-0.8028,-0.2856,-0.3416,-0.0246,-2.9683,0.7228
43177.86055,-0.9347,-0.5986,-0.0054,0.4141,-3.4465,0.5219
43177.8907,-1.0126,-0.9826,0.0971,0.7303,-2.9976,0.0722
43177.92086,-1.0724,-1.1387,-0.0812,0.873,-2.6676,-0.8557
43177.95104,-1.0843,-1.101,-0.0861,0.2862,-1.9664,-1.8309
43177.98119,-0.9031,-1.2075,0.0476,-0.9153,-1.3565,-2.7863
43178.01134,-0.7761,-0.3951,0.2691,-1.065,-0.1696,-3.8814
43178.0415,-1.2435,2.5373,-0.0362,2.8507,1.6338,-3.6853
43178.07165,-0.0245,2.0541,-0.2657,-0.8127,0.7579,-6.1202
43178.10183,0.0162,2.2596,-0.5399,-0.2918,0.9211,-5.4627
43178.13199,0.6513,1.043,-0.2708,1.4502,1.2716,-5.122
43178.16214,0.9835,0.328,0.1972,1.2393,2.0342,-3.1528
43178.19229,0.8439,-0.3037,0.4049,0.5847,2.6313,-1.3588
43178.22247,0.9095,-0.6096,0.5968,-0.3578,3.2282,0.0199
43178.25262,1.237,-0.9532,0.9551,-2.1961,3.4303,1.3272
43178.28277,1.7096,-1.1567,1.1774,-3.3935,2.7341,2.3451
43178.31292,1.4322,-1.0331,0.9946,-2.8494,1.1637,2.9993
43178.34308,0.9689,-0.9452,0.7508,-1.7778,0.6736,4.1704
43178.37326,0.7882,-0.7818,0.3399,0.0324,0.9363,5.8229
43178.40341,1.9624,1.7083,-0.3671,-5.4053,0.065,5.1495
43178.43356,2.6957,4.5811,-0.5522,-5.4042,-2.4604,2.0994
43178.46371,0.3191,2.4255,-1.1119,-2.1027,-1.9194,0.743
43178.49389,-0.3741,1.2399,-0.6053,-0.0945,-1.5679,0.7396
43178.52405,-0.7407,0.1037,-0.3304,-0.4892,-1.7862,0.7589
43178.5542,-0.7791,-0.2775,-0.3247,-1.0859,-2.7819,0.9218
43178.58435,-0.8665,-0.4779,-0.1055,0.1084,-3.2228,0.6644
43178.6145,-1.0452,-0.9429,-0.0598,0.8075,-2.9003,0.1693
43178.64468,-1.3346,-1.3254,-0.0342,0.837,-2.6764,-0.7831
43178.67483,-1.7074,-1.2165,0.043,0.3503,-1.4797,-1.6668
43178.70498,-1.3281,-1.0477,0.0667,1.0827,-0.9565,-2.8459
43178.73514,-1.4715,-0.3279,0.2702,-0.4986,0.1571,-3.6108
43178.76532,-1.3731,2.8586,-0.273,0.1761,1.0445,-4.2504
43178.79547,0.0972,3.1359,-0.2521,0.585,0.9163,-7.0317
43178.82562,0.5733,2.6035,-0.4191,3.1788,0.75,-6.4906
43178.85577,1.1151,1.0827,-0.0141,1.8406,1.5818,-5.1491
43178.88595,1.5482,0.0781,0.3599,-0.1627,2.0302,-2.4969
43178.9161,1.0244,-0.5801,0.2922,-1.6117,2.4344,-1.1823
43178.94626,0.8799,-0.7387,0.5471,-1.9332,3.3075,-0.1965
43178.97641,1.3624,-1.0922,1.0672,-2.2595,3.7736,1.473
43179.00656,1.9184,-1.2052,1.3509,-2.1016,2.0221,2.6612
43179.03674,1.2189,-1.0963,0.9787,-1.6798,0.9777,4.3065
43179.06691,0.82,-1.2071,0.7109,-1.2861,0.7503,5.6679
43179.09706,1.0946,-0.6978,0.0607,-0.4487,1.7464,6.7674
43179.12721,3.4604,2.4229,0.0503,-8.7184,-1.4084,6.8466
43179.15739,1.4578,4.6547,-1.0862,-3.378,-0.71,1.6274
43179.18754,0.2128,1.9232,-1.0509,0.0128,-0.8887,0.3373
43179.2177,-0.4144,0.8118,-0.5312,0.7793,-1.8246,0.8137
43179.24785,-1.0587,-0.2258,-0.0833,-0.352,-2.6024,0.5294
43179.278,-1.1677,-0.5899,-0.1648,-0.9344,-2.9869,0.1375
43179.30818,-1.1161,-0.8449,-0.1798,0.5622,-2.9832,-0.5547
43179.33833,-1.1263,-1.1429,-0.0195,1.2832,-2.6894,-1.0874
43179.36848,-1.4766,-1.2695,0.0949,1.4268,-1.6272,-1.6109
43179.39863,-1.0556,-1.2559,0.1922,1.4076,-0.6763,-1.9856
43179.42882,-0.8593,-0.9565,0.1687,0.6963,-0.2552,-1.8444
43179.45897,-1.0203,1.2078,-0.1722,-1.5615,0.0896,-2.3025
43179.48912,-0.144,4.1688,-0.1226,0.0966,1.2311,-5.7925
43179.51927,1.3515,2.9474,-0.5668,1.9617,0.9992,-5.9855
43179.54942,1.0996,0.9638,-0.1458,0.8967,0.2622,-5.0372
43179.5796,1.0189,0.0723,0.1759,0.6247,1.8222,-3.6055
43179.60975,1.1239,-0.7078,0.4199,-0.8717,2.3965,-1.8041
43179.63991,1.0795,-0.9751,0.4193,-1.086,2.6588,-0.2623
43179.67006,1.2454,-1.1874,0.72,-2.1605,2.4181,1.0812
43179.70024,1.4012,-1.4729,0.7992,-2.6849,1.5,1.8983
43179.73039,1.0555,-1.1866,0.5986,-2.0088,0.3959,3.0193
43179.76054,0.8086,-1.0999,0.4179,-1.1873,-0.2074,4.0501
43179.79069,0.6559,-0.9463,0.1206,0.5502,-0.7872,5.5679
43179.82084,1.3704,1.903,-0.5421,-0.6267,-0.8556,4.6139
43179.85103,2.4587,3.1532,0.1447,-4.6285,-1.7996,2.9011
43179.88118,0.8576,2.2323,-0.6436,-5.0222,-1.8908,1.4304
43179.91133,-0.1661,1.4931,-0.8342,-2.0729,-1.8887,1.2534
43179.94148,-0.7557,0.3633,-0.4351,-0.5806,-2.5813,1.2373
43179.97166,-0.9318,-0.2419,-0.241,-0.8333,-3.4527,0.9
43180.00181,-0.9361,-0.4295,-0.4196,0.6253,-4.1228,0.2359
43180.03197,-0.9798,-0.7101,-0.1826,2.261,-4.0761,-0.428
43180.06213,-1.5512,-0.8928,0.1533,2.7333,-3.6007,-1.4603
43180.09228,-1.1555,-1.0886,0.5402,1.1618,-2.6552,-2.8232
43180.12246,-0.959,-1.166,0.7421,-0.9292,-2.1245,-3.7578
43180.15261,-1.4825,0.5849,0.8322,-0.6059,-0.5325,-5.4002
43180.18276,-0.9712,2.8743,0.2934,1.6258,0.0012,-6.1655
43180.21292,-0.5419,2.6404,-0.3959,-1.9133,-0.2937,-7.0237
43180.2431,0.2757,2.3976,-0.5856,-1.6912,0.919,-7.2614
43180.27325,0.9502,1.5703,-0.4361,-0.7178,2.7707,-5.6131
43180.3034,1.3216,0.5341,0.0084,-0.2007,4.2234,-3.5384
43180.33355,1.1554,-0.032,0.2924,-0.0478,4.5319,-1.647
43180.3637,0.9622,-0.4491,0.7122,-0.3986,4.7799,-0.4252
43180.39389,1.208,-0.7756,1.039,-2.5136,4.5995,0.7772
43180.42404,1.3965,-1.0031,1.1041,-3.7749,3.5267,1.9494
43180.45419,1.2658,-0.9654,0.9801,-3.8809,2.0936,2.652
43180.48434,0.9645,-0.8447,0.7796,-2.5873,0.9093,3.3261
43180.51452,0.6931,-0.7749,0.6936,-0.6118,0.5417,3.558
43180.54467,0.5673,-0.7185,0.4706,0.9365,0.9466,4.0722
43180.57482,0.9529,-0.2301,0.257,2.1266,2.4906,5.0649
43180.60498,2.4178,2.2276,-0.3145,1.0658,2.7287,5.8526
43180.63513,1.8818,0.9948,-0.2911,0.1212,3.682,4.637
43180.66531,1.8288,0.2117,-0.9987,-1.7404,2.2567,2.457
43180.69546,0.8691,0.9636,-1.2416,-2.7562,0.4519,1.3459
43180.72561,0.0923,0.2054,-0.7348,-3.4,-0.9968,1.5514
43180.75576,-0.3315,-0.0529,-0.5338,-4.9147,-2.3545,1.8805
43180.78594,-0.657,0.2093,-0.5143,-4.6157,-3.1111,1.7223
43180.8161,-1.0517,0.4499,-0.415,-1.6195,-2.8453,0.8661
43180.84625,-1.1017,0.2879,-0.1874,1.068,-2.2752,-0.0835
43180.8764,-0.8665,0.1919,0.057,1.7494,-1.9414,-0.8256
43180.90655,-0.6807,0.5495,0.2344,2.5388,-1.2204,-1.2545
43180.93673,-0.3032,1.2525,0.0985,5.937,-0.5552,-1.2334
43180.96688,0.2649,1.6971,-0.1264,10.4699,0.0824,-1.4186
43180.99703,0.9015,1.214,-0.1356,11.419,-0.772,-0.8055
43181.02719,0.7128,0.3006,-0.1241,5.9225,-2.0544,-0.9484
43181.05738,0.5549,-0.0477,0.0507,0.3098,-2.9287,-2.0253
43181.08753,0.3534,0.1084,0.3684,-1.8405,-2.9963,-2.8746
43181.11768,0.1883,0.0703,0.5864,-2.5704,-2.3956,-3.5727
43181.14783,0.1516,0.05,0.6587,-2.6694,-1.4939,-4.0377
43181.17798,0.1686,0.0638,0.687,-1.8827,-0.4351,-4.0138
43181.20816,0.235,0.0906,0.6525,-0.5723,0.5619,-3.5566
43181.23831,0.3857,0.1247,0.6021,0.9352,1.4276,-2.6059
43181.26847,0.683,0.2312,0.4792,2.3329,2.2307,-1.4686
43181.29862,1.1037,0.2419,0.4599,3.0237,1.9361,-0.518
43181.3288,0.9434,0.0927,0.5555,2.3196,1.3983,-0.0823
43181.35895,0.7236,0.0554,0.7135,1.2987,1.5738,0.4461
43181.3891,0.537,-0.1291,0.8842,-0.5941,2.0668,0.9169
43181.41925,0.4802,-0.235,0.941,-3.0006,3.0928,1.5857
43181.4494,0.7271,-0.1386,0.7701,-4.6198,4.0109,2.337
43181.47959,1.0882,-0.0093,0.4954,-5.7511,4.2267,3.1672
43181.50974,1.1699,0.1851,0.2054,-5.8145,3.696,4.0145
43181.53989,0.9559,0.2241,0.1261,-4.6033,3.0759,4.39
43181.57004,0.6628,0.2166,0.0813,-2.6612,2.8067,4.4504
43181.60022,0.4208,0.2461,0.0207,-0.6367,2.8497,4.0801
43181.63037,0.3192,0.3837,-0.0915,1.2019,3.0993,3.4393
43181.66053,0.2429,0.5418,-0.2866,2.2743,3.1595,2.7599
43181.69068,0.117,0.5441,-0.5442,2.2251,2.7755,2.2253
43181.72083,-0.1467,0.4527,-0.979,1.7811,2.384,1.8208
43181.75101,0.0409,0.4063,-1.1739,0.6195,1.5063,1.4726
43181.78116,0.1329,0.6137,-1.2353,0.1311,0.4099,1.2734
43181.81131,0.1756,0.7279,-1.0135,0.4626,-0.5639,0.4933
43181.84146,0.3147,0.6054,-0.7169,1.2329,-1.3863,-0.5783
43181.87162,0.6088,0.4995,-0.5127,2.3443,-2.1722,-1.7464
43181.9018,0.933,0.4681,-0.2395,3.4944,-2.738,-2.3042
43181.93195,1.0946,0.395,-0.0268,3.7038,-3.6373,-2.2925
43181.9621,0.8699,0.22,-0.1064,2.8956,-4.1116,-2.0158
43181.99225,0.7995,0.131,-0.1215,1.7755,-4.4426,-1.8678
43182.02243,0.5948,0.1912,0.0603,0.4186,-4.5242,-1.79
43182.05256,0.4653,0.2764,0.3287,-0.4685,-4.2423,-1.7911
43182.08271,0.4103,0.2889,0.5689,-0.3615,-3.74,-1.5958
43182.11287,0.5111,0.3562,0.7315,0.859,-3.3068,-1.0958
43182.14302,0.7015,0.4879,0.8299,2.833,-3.0229,-0.5424
43182.1732,0.993,0.595,0.8679,4.5403,-3.2142,-0.2818
43182.20335,1.0934,0.5317,1.017,4.9094,-3.6168,-0.2276
43182.2335,1.1398,0.3613,1.1208,3.198,-3.843,-0.4914
43182.26365,1.1087,0.1332,1.2146,0.0346,-4.0132,-1.5909
43182.29383,1.0828,0.0645,1.09,-2.2301,-3.5097,-2.8008
43182.32399,0.9476,-0.0004,1.016,-4.1649,-2.8048,-3.8687
43182.35414,0.6561,0.0058,0.9559,-5.2275,-1.4427,-4.2995
43182.38429,0.425,0.0762,0.8161,-4.4976,0.6163,-3.651
43182.41444,0.423,0.1101,0.7008,-2.239,2.5058,-2.0222
43182.44462,0.489,0.1599,0.5606,0.115,4.088,-0.9945
43182.47477,0.5949,-0.0444,0.5487,0.6987,5.1294,-0.1089
43182.50492,0.4957,-0.2183,0.5201,-0.1246,5.751,0.1621
43182.53508,0.4734,-0.2497,0.1719,-1.7499,5.3637,0.4576
43182.56526,0.4588,-0.2699,-0.186,-2.2443,3.6972,1.5345
43182.59541,0.1788,-0.1331,0.2889,-1.9391,3.295,2.2346
43182.62556,0.7401,0.0597,0.0867,-3.3138,1.9277,1.7916
43182.65571,0.5407,0.6174,-0.4606,-6.0609,-0.003,0.7896
43182.68586,0.0766,0.7157,-0.3983,-6.3109,-0.3946,1.0709
43182.71605,-0.1861,0.4355,-0.7538,-8.365,-1.2366,0.6544
43182.7462,-0.3999,1.0725,-0.9521,-5.0275,-1.3423,0.69
43182.77635,-0.417,1.3535,-0.8183,2.7705,-0.0383,-0.4036
43182.8065,-0.0669,0.8527,-0.314,6.0721,0.6014,-1.1615
43182.83668,0.214,0.6492,0.0595,6.3381,0.1275,-1.0802
43182.86683,0.148,0.6669,0.1731,6.1926,0.0626,-1.3419
43182.89698,0.5096,0.7003,0.1965,6.3074,0.0286,-0.958
43182.92714,0.509,0.4556,0.307,5.4176,-0.6708,-0.99
43182.95729,0.1924,0.3021,0.3037,4.4217,-0.9127,-0.9974
43182.98747,0.0412,0.1986,0.3119,3.3951,-1.0859,-1.2096
43183.01762,-0.1135,0.187,0.3547,2.5997,-1.0458,-1.5462
43183.04779,-0.1975,0.1474,0.4458,1.998,-0.9666,-1.7924
43183.07794,-0.2248,0.1462,0.5462,1.5261,-0.764,-1.8867
43183.10809,-0.2496,0.1708,0.5882,1.3595,-0.4754,-1.8024
43183.13827,-0.1241,0.1973,0.6137,1.263,0.152,-1.14
43183.16843,0.2908,0.1731,0.6672,0.4456,0.1546,-0.2865
43183.19858,0.5341,0.1389,0.7472,-1.3784,-0.066,0.4925
43183.22873,0.7767,0.067,0.944,-3.8174,-0.2964,0.909
43183.25891,0.7306,-0.0147,0.963,-5.5084,-0.4376,1.0202
43183.28906,0.6228,-0.1381,0.887,-6.2043,0.0867,1.2243
43183.31921,0.6122,-0.1306,0.7739,-5.5264,0.7072,1.8801
43183.34936,0.5909,-0.0271,0.5422,-3.4362,1.4442,2.9868
43183.37952,0.6922,0.174,0.1966,-0.5307,2.1172,3.4747
43183.4097,0.6756,0.1598,0.136,1.9698,2.6108,3.2688
43183.43985,0.4892,0.1758,0.1332,3.7571,3.0211,2.9233
43183.47,0.1714,0.217,0.1057,4.6312,3.1963,2.1075
43183.50015,-0.0668,0.2061,0.0921,4.202,3.0895,1.2719
43183.53033,-0.2973,0.0833,-0.0263,2.4431,2.8911,0.7088
43183.56048,-0.3806,-0.0175,-0.1801,0.7332,2.871,0.4401
43183.59064,-0.2299,-0.0222,-0.3768,-0.2485,2.5526,0.5252
43183.62079,-0.01,0.0058,-0.5889,-1.2457,1.7712,0.8614
43183.65094,-0.0452,0.1361,-0.6859,-2.0321,1.0328,0.9961
43183.68112,-0.0088,0.2847,-0.7984,-1.9251,0.4957,0.897
43183.71127,0.0681,0.3775,-0.8291,-1.1664,-0.0891,0.6017
43183.74142,0.3204,0.4509,-0.585,-0.4167,-0.6388,-0.0058
43183.77157,0.4309,0.4441,-0.4052,0.1571,-1.3671,-0.603
43183.80176,0.5673,0.4072,-0.2142,0.6161,-1.7043,-1.3269
43183.83191,0.9997,0.2834,0.1173,-0.1759,-3.0108,-1.6928
43183.86206,0.7459,0.149,0.3199,-1.6438,-3.4454,-2.6028
43183.89221,0.596,0.0082,0.2676,-3.0202,-3.5573,-3.4514
43183.92236,0.3446,-0.0409,0.196,-3.6444,-3.0813,-4.2637
43183.95254,0.1813,-0.1368,0.2867,-3.5635,-2.2162,-4.317
43183.9827,0.054,-0.58,0.4028,-3.2092,-1.4491,-3.7932
43184.01285,-0.0201,-0.8396,0.4602,-2.3184,-1.1895,-2.7986
43184.043,0.0138,-0.8129,0.5317,-1.5055,-0.9307,-1.8084
43184.07316,0.2078,-0.9334,0.6257,-0.993,-0.9956,-0.8905
43184.10335,0.2265,-1.1032,0.6018,-0.7533,-1.0689,0.0301
43184.1335,0.3627,-1.0154,0.5284,-0.7538,-0.8212,0.8748
43184.16365,0.4722,-0.7191,0.4646,-0.2108,-0.7791,1.5625
43184.1938,0.3851,-0.6037,0.4121,0.3479,-0.5363,2.4175
43184.22398,0.5975,-0.4424,0.3562,0.1237,0.2821,3.3592
43184.25413,1.1053,0.005,0.3809,0.62,0.7686,4.3988
43184.28428,0.6565,0.1816,0.104,1.6587,2.0014,4.5933
43184.31444,0.6414,0.1887,-0.3017,3.4349,2.4006,3.8231
43184.34459,0.5447,0.2085,-0.4025,5.1496,1.9297,2.549
43184.37477,0.2362,0.1921,0.0412,5.0215,1.7817,1.7466
43184.40492,0.0377,0.0796,0.1383,2.3246,0.9919,1.657
43184.43507,-0.2473,-0.1563,0.019,-1.1923,0.4442,1.0655
43184.46522,-0.3366,-0.0469,-0.0189,-2.6579,0.2119,0.7303
43184.49541,-0.4262,0.0355,0.008,-3.8628,0.0325,0.4472
43184.52556,-0.4408,0.2062,-0.0931,-4.223,0.0314,0.3901
43184.55571,-0.297,0.4301,-0.2291,-3.8227,-0.1246,0.2771
43184.58586,-0.0769,0.6203,-0.3364,-2.8808,-0.2478,0.1309
43184.61601,0.5928,0.6682,-0.313,-1.417,-0.7349,-0.2591
43184.64619,0.4341,0.3857,-0.0382,-0.6961,-1.2482,-1.0279
43184.67634,0.7164,0.1783,0.1821,-0.1117,-1.3315,-2.1198
43184.7065,0.7525,-0.1478,0.2463,-0.289,-1.8689,-3.1251
43184.73665,0.437,-0.3181,0.1981,-1.038,-2.0766,-3.9769
43184.7668,0.295,-0.3185,0.1875,-1.4785,-1.7975,-4.5433
43184.79698,0.2446,-0.5273,0.3129,-1.8243,-1.239,-4.2679
43184.82713,0.1454,-0.8544,0.3957,-2.7101,-1.1404,-3.5025
43184.85728,0.0673,-0.7595,0.3182,-3.1967,-0.9609,-2.1648
43184.88743,0.2556,-0.6555,0.3212,-3.2282,-0.9755,-0.7093
43184.91762,0.4351,-0.7571,0.2709,-2.454,-1.3728,0.6984
43184.94777,0.4285,-0.7448,0.2026,-1.304,-1.5294,1.4571
43184.97792,0.5315,-0.6156,0.2341,-0.2048,-1.5297,2.3377
43185.00807,0.6714,-0.4962,0.2907,0.5189,-1.2128,3.1891
43185.03822,0.6761,-0.2458,0.3306,0.7941,-0.6637,4.1188
43185.06841,0.302,-0.156,0.1573,0.4852,0.3763,4.7219
43185.09856,0.1674,-0.1196,-0.0862,-0.2957,1.0295,4.5365
43185.12871,0.1393,0.016,-0.3315,-1.0139,1.0421,4.1025
43185.15886,0.1876,0.2679,-0.4098,-0.428,0.4521,3.7362
43185.18901,0.1818,0.3903,-0.1873,0.6973,0.1051,3.2249
43185.21919,0.1344,0.4275,0.0442,1.1633,0.1271,2.616
43185.24935,0.0607,0.4144,0.1118,0.8839,0.0961,2.01
43185.2795,-0.0774,0.3462,0.0383,0.1569,0.0709,1.3137
43185.30965,-0.1807,0.3291,-0.1114,-0.3616,0.0562,0.5022
43185.33983,-0.2605,0.3499,-0.2201,-0.4749,0.0387,-0.1762
43185.36998,-0.2784,0.3359,-0.2708,-0.491,-0.052,-0.8422
43185.40013,-0.2064,0.3003,-0.281,-0.3679,-0.1571,-1.538
43185.43029,0.0279,0.264,-0.2619,0.1809,-0.2652,-2.0569
43185.46044,0.223,0.1177,-0.1534,0.7964,-0.6917,-2.4561
43185.49062,0.2799,-0.2387,0.0974,0.2328,-1.035,-2.4776
43185.52077,0.2043,-0.5883,0.2921,-1.5401,-1.2012,-2.2308
43185.55092,0.1216,-0.7069,0.3016,-3.5434,-1.1344,-2.0029
43185.58107,0.1634,-0.4498,0.1837,-4.275,-1.0131,-1.7217
43185.61125,0.2019,-0.2499,0.0549,-3.3509,-0.7896,-1.1273
43185.64141,0.1462,-0.4061,-0.0082,-1.5551,-0.4326,-0.333
43185.67156,0.0548,-0.4772,-0.0412,0.0644,-0.0587,0.2762
43185.70171,0.0416,-0.4474,-0.0117,1.3076,0.3047,0.8131
43185.73186,0.1297,-0.35,0.0617,2.013,0.5563,1.201
43185.76204,0.159,-0.2702,0.0983,2.0859,0.7752,1.4819
43185.79219,0.1161,-0.2249,0.1004,1.7548,0.9209,1.6504
43185.82234,0.0383,-0.1669,0.0396,1.3309,1.0137,1.6442
43185.85249,0.0057,-0.0875,-0.0304,1.1014,1.0069,1.5444
43185.88265,-0.0492,-0.0175,-0.0855,1.0129,0.8685,1.386
43185.91283,-0.0853,0.0183,-0.0865,0.7933,0.6638,1.1499
43185.94298,-0.072,0.0416,-0.0534,0.2761,0.4241,0.9368
43185.97313,-0.0613,0.065,-0.0335,-0.2668,0.1752,0.6914
43186.00328,-0.0479,0.0893,-0.0354,-0.656,-0.0217,0.3686
43186.03346,-0.0467,0.1152,-0.0733,-0.8057,-0.1284,-0.0292
43186.0636,0.0008,0.0835,-0.0708,-0.6807,-0.1638,-0.4272
43186.09375,0.0098,0.0359,-0.0775,-0.4983,-0.2211,-0.7932
43186.1239,-0.0123,-0.0061,-0.069,-0.2575,-0.2311,-1.0721
43186.15405,0.0118,-0.076,-0.0278,-0.1106,-0.2753,-1.2733
43186.18423,0.0694,-0.1309,0.0478,-0.1921,-0.3944,-1.2968
43186.21439,0.0583,-0.2254,0.0813,-0.4608,-0.4912,-1.3246
43186.24454,0.1161,-0.2828,0.1268,-0.7875,-0.4816,-1.2586
43186.27469,0.2258,-0.3163,0.1424,-1.0559,-0.5034,-1.1511
43186.30484,0.3227,-0.3275,0.1319,-1.0731,-0.5566,-1.0125
43186.33502,0.2756,-0.3794,0.1517,-1.0112,-0.5779,-0.8928
43186.36517,0.1621,-0.3972,0.1322,-0.7704,-0.4194,-0.8153
43186.39532,0.1024,-0.3629,0.104,-0.3189,-0.2217,-0.655
43186.42548,0.0234,-0.3288,0.0903,0.1042,-0.0377,-0.3482
43186.45566,-0.0181,-0.3103,0.0951,0.3757,0.1837,0.0645
43186.48581,-0.0542,-0.2832,0.0782,0.5491,0.3981,0.4738
43186.51596,-0.08,-0.2445,0.0523,0.6554,0.6336,0.8041
43186.54611,-0.0227,-0.2081,0.0026,0.7435,0.7993,1.0471
43186.57626,0.0569,-0.1735,-0.0504,0.8648,0.8352,1.1919
43186.60645,0.1445,-0.13,-0.0686,0.9618,0.7502,1.2075
43186.6366,0.1866,-0.1417,-0.0344,1.0002,0.613,1.0888
43186.66675,0.2077,-0.1381,-0.0177,0.7489,0.2733,0.794
43186.6969,0.1449,-0.1354,-0.0272,0.3519,-0.0137,0.3753
43186.72705,0.0579,-0.1608,-0.0412,-0.1722,-0.179,0.0536
43186.75723,-0.0109,-0.1212,-0.0561,-0.5989,-0.2775,-0.091
43186.78738,-0.0861,-0.0817,-0.0872,-0.5871,-0.235,-0.2201
43186.81754,-0.1135,-0.0491,-0.092,-0.1347,-0.1533,-0.3056
43186.84769,-0.149,-0.0377,-0.0616,0.5111,-0.1054,-0.4231
43186.87787,-0.1997,-0.0576,-0.0197,1.0466,-0.0143,-0.5405
43186.90802,-0.1887,-0.0866,0.0062,1.2889,0.0374,-0.6168
43186.93817,-0.1506,-0.1086,0.0215,1.3108,0.0228,-0.6928
43186.96832,-0.0718,-0.1176,0.0223,1.3103,0.0107,-0.7956
43186.99847,0.117,-0.1058,0.0398,1.3195,-0.0881,-0.8797
43187.02866,0.3692,-0.1367,0.1268,0.9682,-0.2349,-0.878
43187.05882,0.4999,-0.1002,0.1765,0.6114,-0.6637,-0.5459
43187.08897,0.391,-0.0598,0.1835,0.8013,-0.709,-0.6123
43187.11912,0.3433,-0.1121,0.2689,0.61,-0.8286,-0.6498
43187.14927,0.2743,-0.1163,0.3117,0.6777,-0.8213,-0.8272
43187.17945,0.205,-0.1581,0.3561,0.6109,-0.7056,-0.8392
43187.2096,0.1408,-0.1861,0.3914,0.2189,-0.4649,-0.7748
43187.23975,0.0805,-0.1632,0.3759,0.0333,-0.1939,-0.587
43187.26991,0.009,-0.1325,0.3222,0.1837,0.0208,-0.3744
43187.30009,-0.0263,-0.1281,0.297,0.4531,0.2289,-0.2196
43187.33024,0.0186,-0.1339,0.3213,0.7473,0.3793,-0.0769
43187.36039,0.111,-0.1342,0.3375,0.8224,0.3758,0.0793
43187.39054,0.1515,-0.1295,0.346,0.6406,0.3683,0.2181
43187.42069,0.1997,-0.1348,0.348,0.2662,0.3852,0.3514
43187.45088,0.234,-0.127,0.2992,-0.0789,0.4591,0.4125
43187.48103,0.178,-0.073,0.1914,-0.1436,0.5652,0.4132
43187.51118,0.0505,-0.0586,0.07,0.0142,0.7493,0.3977
43187.54133,0.0057,-0.0015,0.0008,0.4414,0.9356,0.3472
43187.57148,-0.0393,-0.024,0.0071,0.7071,0.9914,0.2699
43187.60166,-0.0313,-0.021,-0.0192,0.7148,0.9986,0.3127
43187.63181,0.0138,0.0094,-0.0413,0.7062,0.8892,0.3889
43187.66197,-0.0651,0.0066,-0.0475,0.5113,0.73,0.3639
43187.69212,-0.0553,0.0002,-0.0668,0.3459,0.7096,0.34
43187.7223,0.0453,0.0345,-0.088,0.3163,0.5087,0.2166
43187.75245,0.0732,0.0371,-0.1062,0.3894,0.3307,0.1073
43187.7826,0.1209,0.0086,-0.0532,0.2936,0.1163,-0.0249
43187.81275,0.0604,-0.0357,-0.0129,0.0776,-0.0946,-0.1327
43187.8429,0.0117,-0.0653,0.0207,-0.2386,-0.1626,-0.1111
43187.87309,0.0242,-0.063,0.0467,-0.5713,-0.2699,-0.1252
43187.90324,0.0251,-0.0911,0.0727,-0.7729,-0.2782,-0.18
43187.93339,-0.0079,-0.1097,0.0745,-0.8265,-0.1984,-0.2512
43187.96354,-0.0062,-0.0861,0.0228,-0.5463,-0.111,-0.2758
43187.99369,0.0368,-0.053,0.0214,-0.0933,-0.1171,-0.1587
43188.02387,0.0472,-0.0535,0.0818,0.1626,-0.1483,0.0254
43188.05402,0.0478,-0.0714,0.1022,0.2294,-0.1238,0.1561
43188.08418,0.036,-0.0881,0.0885,0.2243,-0.1133,0.1883
43188.11433,-0.0344,-0.0721,0.0736,0.1038,0.0212,0.2758
43188.14451,-0.0031,-0.0161,0.0421,0.2103,0.0767,0.3747
43188.17466,-0.0242,-0.0088,0.0397,0.323,0.1248,0.4479
43188.20481,-0.0083,-0.007,0.0402,0.2787,0.1603,0.4492
43188.23496,0.0481,-0.0052,0.0602,0.1686,0.1615,0.3378
43188.26511,0.0114,-0.0085,0.0277,0.03,0.1799,0.2458
43188.2953,0.0086,0.0291,-0.0193,0.1645,0.135,0.1537
43188.32545,-0.0719,-0.0115,0.0043,0.0939,0.0371,0.1347
43188.3556,-0.0815,0.0099,0.0042,-0.0664,0.004,0.0936
43188.38575,0.0301,0.0461,-0.0018,-0.1232,-0.1057,0.0927
43188.4159,0.1247,-0.001,0.0675,-0.5506,-0.2829,0.0587
43188.44608,0.0308,-0.0293,0.0406,-0.909,-0.2518,-0.195
43188.47623,0.0483,-0.0175,-0.0004,-0.6772,-0.1502,-0.3897
43188.50639,-0.0077,-0.03,0.0312,-0.5538,-0.0331,-0.2539
43188.53654,-0.0383,-0.006,0.0179,-0.3822,0.094,-0.0484
43188.56672,-0.0667,0.0219,-0.0365,0.0595,0.2735,0.1129
43188.59687,-0.022,0.0514,-0.0467,0.5364,0.3814,0.2469
43188.62702,-0.0365,0.0581,-0.0525,0.8136,0.3984,0.226
43188.65717,-0.0305,0.0203,-0.0536,0.8422,0.3986,0.1811
43188.68732,0.0506,0.0408,-0.0619,0.714,0.2979,0.146
43188.71751,0.028,0.0354,-0.0959,0.656,0.0429,-0.0057
43188.74766,0.0238,-0.0193,-0.0303,0.2749,-0.1498,-0.1542
43188.77781,-0.004,-0.0678,0.0419,-0.3666,-0.3041,-0.2728
43188.80796,-0.0531,-0.0497,0.0224,-0.7756,-0.2978,-0.2893
43188.83814,-0.0702,0.0129,-0.0033,-0.8223,-0.1237,-0.2442
43188.86829,-0.0584,0.1125,-0.0883,-0.2328,0.0567,-0.1768
43188.89845,-0.1104,0.1097,-0.1138,0.6463,0.4363,-0.2306
43188.9286,-0.0818,0.1115,-0.0743,1.3107,0.597,-0.3002
43188.95875,-0.1221,0.0992,-0.0229,1.618,0.6461,-0.3401
43188.98893,-0.1494,0.0662,0.0053,1.5535,0.6126,-0.4004
43189.01908,-0.1462,0.0519,-0.0064,1.3541,0.4408,-0.4436
43189.04923,-0.0754,0.0214,0.0149,0.9457,0.149,-0.4463
43189.0794,0.0285,0.0031,0.0868,0.2148,-0.1836,-0.5064
43189.10956,0.056,-0.0123,0.1558,-0.5871,-0.3765,-0.6458
43189.13974,0.0192,-0.0115,0.169,-1.1758,-0.2243,-0.7813
43189.16989,0.0363,0.0026,0.1266,-1.2543,-0.0209,-0.7937
43189.20004,-0.0269,0.0196,0.0996,-1.0761,0.2493,-0.7605
43189.23019,-0.0288,0.0205,0.1019,-0.8192,0.572,-0.6444
43189.26037,-0.0297,0.0178,0.0926,-0.3077,0.8036,-0.4922
43189.29052,-0.0848,0.0224,0.086,0.5482,1.0439,-0.3011
43189.32068,-0.0944,0.1216,0.0643,1.641,1.1178,-0.3141
43189.35083,-0.1267,0.0485,0.0738,2.0644,1.1127,-0.4847
43189.38098,-0.1572,0.0372,0.1371,1.8295,1.1894,-0.6214
43189.41116,-0.2509,-0.0212,0.0977,1.5583,1.319,-0.6411
43189.44131,-0.307,-0.0728,0.0404,1.6142,1.4732,-0.7361
43189.47146,-0.2473,-0.019,-0.0225,2.5627,1.5545,-0.6284
43189.50161,-0.2282,-0.2264,0.0169,2.6712,1.4644,-0.6503
43189.5318,-0.1122,-0.3197,0.0817,2.4863,1.357,-0.4171
43189.56195,0.0368,-0.2947,0.0247,2.5823,0.8667,-0.1565
43189.5921,0.0233,-0.417,0.1043,0.8532,0.5346,-0.2157
43189.62225,0.3601,-0.1142,-0.215,-0.0167,0.1206,0.1897
43189.6524,0.6937,0.0702,-0.4295,-1.2254,-1.0565,-0.3875
43189.68258,0.4965,-0.0818,-0.0249,-0.1532,-1.4965,-0.5231
43189.71274,0.5123,-0.193,0.1511,-0.1816,-1.3064,-0.4918
43189.74289,0.6997,0.0842,0.1243,-1.8212,-1.3432,-0.3786
43189.77304,0.4087,0.0909,0.2229,-1.157,-1.3081,-0.3422
43189.80319,-0.1982,-0.0413,-0.0898,-1.1771,-1.215,0.3098
43189.83337,-0.138,0.0305,-0.0493,-1.2064,-1.0067,0.6493
43189.86352,-0.0401,0.1538,0.0222,-0.6079,-0.5699,0.5528
43189.89367,0.0392,0.1835,0.08,-0.0389,-0.2904,0.5032
43189.92383,-0.0097,0.064,0.017,-0.2761,-0.153,0.4077
43189.95401,-0.0285,0.1101,0.071,-0.4553,-0.1429,0.3102
43189.98416,-0.0164,0.2404,0.0688,-0.3433,-0.1251,0.2709
43190.01431,-0.0945,0.2252,0.096,-0.0818,0.0336,0.1494
43190.04446,-0.0666,0.1664,-0.0329,0.3548,0.1874,0.1629
43190.07461,-0.0283,-0.0066,-0.0847,0.5075,0.3448,0.3215
43190.10479,0.0507,-0.0475,-0.0791,0.3985,0.4446,0.4879
43190.13494,0.1032,-0.0219,-0.0586,0.2426,0.479,0.5713
43190.16509,0.0423,0.0638,-0.1356,0.3778,0.5574,0.5646
43190.19524,0.0496,0.159,-0.0947,0.7723,0.7651,0.5357
43190.22543,0.0973,0.1827,-0.2178,0.6424,1.0152,0.2774
43190.25558,0.4434,0.0255,-0.4868,-2.069,0.5914,-0.7474
43190.28573,0.9081,0.2728,-0.1915,-4.2447,-1.6407,-1.4814
43190.31588,0.3161,0.6426,-0.0904,-1.2427,-1.3993,-3.0287
43190.34603,0.3326,0.2147,-0.1141,0.2671,-1.5276,-3.4481
43190.37621,0.093,0.0596,-0.0537,1.036,-1.5165,-3.5839
43190.40637,0.0099,-0.0802,0.1058,1.1057,-1.4684,-3.3118
43190.43652,-0.0141,-0.1768,0.2367,1.086,-1.2909,-2.8377
43190.46667,-0.0036,-0.3206,0.2296,1.6214,-0.9922,-2.177
43190.49682,0.0226,-0.3366,0.2491,3.2789,-0.4841,-1.5422
43190.527,0.1217,-0.1859,0.3904,4.7979,0.234,-1.383
43190.55715,0.2221,-0.1429,0.5406,4.9947,0.6281,-1.0279
43190.5873,0.3257,-0.2128,0.5125,3.8031,0.7163,-0.5785
43190.61746,0.3718,-0.0834,0.6367,2.6284,0.752,-0.2835
43190.64764,0.6694,-0.8085,0.1096,-1.3556,-0.5243,-1.1677
43190.67779,0.159,0.6759,0.3213,1.6591,-0.2994,0.1673
43190.70794,-0.0129,-0.3496,-0.0717,-0.9688,-0.7452,-0.9795
43190.73809,0.1946,0.3652,0.0301,-1.2897,-1.4991,-0.7674
43190.76824,-0.3726,0.0341,-0.0828,0.9922,-1.165,-0.7566
43190.79842,-0.227,-0.0456,0.0026,1.1411,-1.4412,-0.767
43190.82858,-0.2888,-0.0291,0.1449,0.8077,-1.3357,-0.818
43190.85873,0.2966,-0.528,-0.1925,-0.5779,-1.9342,-0.0692
43190.88888,-0.1162,0.0925,-0.092,0.5983,-1.6333,0.4266
43190.91903,0.1438,0.3162,-0.3585,1.4996,-1.7451,0.5382
43190.94921,0.0052,-0.1452,0.1333,1.5528,-1.5042,0.5828
43190.97936,0.0419,-0.0513,0.0258,1.3197,-1.5727,0.2783
43191.00951,0.0722,-0.1815,0.0512,1.6558,-1.9038,0.6901
43191.03967,-0.0827,0.1073,0.2658,3.7861,-1.0843,0.4081
43191.06985,0.0717,0.0808,0.0478,1.5479,-0.8064,0.0244
43191.1,0.1137,-0.028,-0.0627,1.1033,-0.9306,0.0635
43191.13015,0.1214,-0.064,0.1405,1.333,-0.5397,0.3919
43191.1603,0.0632,0.0213,-0.0464,0.8286,-0.9404,0.4599
43191.19046,-0.0689,0.1199,-0.0236,3.548,-0.7974,0.1382
43191.22064,-0.1421,-0.1888,0.2817,3.082,-0.5489,0.3727
43191.25079,-0.1536,0.1892,0.2681,3.6067,-0.2031,0.5192
43191.28094,-0.1358,0.0555,0.2238,3.2756,0.1102,0.3757
43191.31109,-0.0537,0.0377,-0.1973,2.3362,-0.2842,0.6175
43191.34124,-0.0769,0.028,-0.1358,1.4623,-0.5564,0.5716
43191.37142,-0.062,-0.0471,-0.02,1.0493,-0.5585,0.3775
43191.40158,-0.0288,-0.0951,0.0233,0.795,-0.536,0.3816
43191.43173,-0.0809,-0.0275,0.0838,-0.495,-0.6889,0.0365
43191.46688,-0.1824,-0.0752,0.0766,0.8704,-0.5008,-0.1529
43191.49707,-0.2633,-0.1186,0.0201,0.957,-0.5622,0.1933
43191.52722,0.1766,0.1238,0.0159,0.5879,-0.5955,-0.1753
43191.55737,0.032,-0.2374,-0.0921,-0.8796,-0.5797,-0.7097
43191.58752,-0.1095,-0.3556,0.2609,-2.9687,-0.483,-0.0999
43191.61767,0.198,0.4927,-0.1938,-1.2129,-0.448,-0.5156
43191.64785,-0.0585,-0.5011,0.3222,-6.6547,-0.3281,-0.034
43191.678,0.0771,-1.3772,0.2834,-14.1449,-1.0867,1.5369
43191.71319,0.1876,-1.2881,-0.0675,-8.897,-3.5167,2.6764
43191.74337,-0.0902,1.803,1.2441,-4.1227,-0.3848,0.0929
43191.77352,-0.1948,-0.2307,1.3453,-3.8259,3.4644,2.5265
43191.80368,-0.2648,0.2159,0.3286,-0.9541,0.6044,-0.9395
43191.83383,0.6432,0.4115,-0.343,0.5806,1.1801,1.9011
43191.86401,0.1311,-0.3536,-0.3071,-2.1698,-0.2478,-0.0565
43191.89416,0.1271,0.1718,-0.1843,-2.1162,-0.7974,0.4893
43191.92431,-0.1141,0.1425,-0.1574,-0.9754,-0.8017,0.1559
43191.95446,-0.0243,0.0544,-0.0109,0.3258,-0.7487,-0.2313
43191.98461,0.05,0.2188,0.0576,1.3373,-0.1391,0.2098
43192.0148,0.084,0.2836,0.0548,0.525,0.1554,0.5297
43192.04495,0.0534,-0.0454,0.1091,-1.2284,0.0354,0.3758
43192.07513,0.1166,0.109,-0.0055,0.1787,0.4143,-0.1202
43192.10528,0.2976,0.0523,-0.1338,1.6855,0.6822,-0.3622
43192.13543,0.4271,-0.0018,-0.0335,2.4247,0.2934,0.0947
43192.16561,0.1905,-0.3771,-0.0054,1.2908,0.0018,0.4301
43192.19576,0.3383,-0.213,-0.0249,0.1604,-0.1633,0.6948
43192.22591,0.2211,0.0201,-0.0987,1.2266,-0.2753,1.0504
43192.25607,-0.0041,0.1632,-0.0943,2.1867,-0.1053,0.8048
43192.28625,-0.2163,-0.0273,0.2526,-0.1083,0.373,0.5412
43192.3164,-0.4034,-0.1356,0.1713,-2.0722,0.3454,1.1332
43192.34655,-0.3381,0.3509,-0.3207,-0.1857,0.0616,0.5195
43192.3767,-0.1883,0.0883,-0.2666,1.1951,-0.1887,0.221
43192.40685,-0.0869,-0.1573,-0.1054,1.7121,-0.4075,0.4885
43192.43703,0.0358,-0.1467,-0.03,0.4238,-0.4389,0.5091
43192.46719,-0.0115,0.0663,-0.0507,-1.4107,-0.4202,0.4406
43192.49734,-0.0506,0.3823,-0.0248,0.1244,-0.2295,0.0536
43192.52749,-0.0147,0.0186,0.0719,1.0748,0.0232,0.0877
43192.55764,-0.0871,0.1648,0.0673,1.2351,0.2862,-0.0802
43192.58782,0.2492,-0.407,-0.0042,-1.1708,0.1216,0.3893
43192.61797,-0.1736,0.1688,0.048,0.5327,0.2446,-0.0579
43192.64812,-0.0964,-0.1749,-0.164,0.6295,0.1491,0.2603
43192.67828,0.0042,0.0201,0.1386,0.4316,0.3489,0.2401
43192.70846,-0.0106,-0.0282,0.2153,1.0099,0.7165,0.1078
43192.73861,-0.009,0.082,0.1418,1.0082,1.0312,0.001
43192.76876,-0.0172,-0.0066,0.0011,1.6145,0.9852,-0.1034
43192.79891,-0.0901,-0.0107,0.3047,1.8154,1.2043,-0.1047
43192.82906,-0.1561,0.2106,-0.0338,1.4169,0.9829,-0.2544
43192.85925,-0.079,0.1539,0.0154,2.2896,0.7798,-0.0538
43192.8894,-0.0641,-0.1301,-0.2801,2.4193,0.6168,0.1313
43192.91955,0.0468,-0.1358,0.174,1.3086,0.3967,0.125
43192.9497,-0.1859,-0.5949,-0.1469,0.2698,0.0405,0.4783
43192.97985,0.199,0.3269,-0.2391,0.6439,0.2004,0.2425
43193.01003,-0.1532,-0.8116,0.0141,-1.1,-0.3619,0.45
43193.04018,0.0575,0.3274,-0.3926,0.7465,0.0887,0.1081
43193.07033,-0.1023,-0.9881,-0.0725,-7.3523,-1.0536,-0.1397
43193.10049,-0.0491,-0.1933,0.1939,-2.5124,-1.7432,0.5469
43193.13064,0.0923,1.3569,0.234,1.1145,0.7584,-0.3282
43193.16082,0.0535,0.2523,-0.1018,-1.554,-0.0012,-0.6528
43193.19097,-0.0955,-0.476,0.0604,-1.7652,-0.4937,-0.4824
43193.22112,-0.0572,0.0452,0.1531,-1.1823,-0.2349,0.1898
43193.25127,0.1733,0.2359,0.1833,1.2772,-0.0448,-0.2848
43193.28145,0.3047,-0.0007,0.2442,0.5909,0.1332,-0.3934
43193.31161,0.2947,-0.0399,0.1172,-0.4428,-0.1284,-0.4651
43193.34176,0.2515,-0.084,0.1572,0.5441,0.0194,-0.2553
43193.37191,0.3883,0.0057,0.0932,0.4019,0.0836,-0.3416
43193.40206,0.2467,-0.3034,0.247,0.0418,0.438,-0.0506
43193.43224,0.0549,-0.2751,0.1051,-0.8236,0.857,-0.4583
43193.46239,0.3302,0.2589,-0.2522,-1.1768,0.5937,-0.6051
43193.49254,0.0096,0.0234,-0.1792,-2.4688,0.2797,-0.6551
43193.5227,-0.2432,-0.1498,-0.0944,-4.7521,0.3036,-0.5167
43193.55285,-0.2566,-0.0503,-0.0785,-4.3706,0.0264,-0.7054
43193.58303,-0.2765,0.5415,-0.5522,0.8286,0.2182,-0.6577
43193.61318,-0.3791,-0.0992,-0.2413,1.6218,0.2054,-0.7413
43193.64333,-0.0434,-0.3951,-0.3199,-0.3222,-0.5883,-0.2877
43193.67348,-0.0746,-0.0802,-0.1909,0.0357,-0.625,-0.1581
43193.70366,-0.0574,-0.2199,-0.0917,-0.0563,-0.3773,0.0843
43193.73382,0.0069,-0.0552,0.2018,-0.014,0.0394,0.357
43193.76397,0.0688,-0.0762,0.0888,1.1408,0.3548,0.4571
43193.79412,0.1033,-0.1776,0.1112,1.4145,0.4599,0.6807
43193.82427,0.2269,0.3364,0.0867,1.6906,0.5403,0.4368
43193.85445,0.1655,0.0588,0.138,2.4803,0.7199,0.4904
43193.8846,0.1225,-0.1102,0.1266,1.8686,0.6499,0.3704
43193.91476,0.0741,-0.2141,-0.0588,-0.6004,0.4321,0.3464
43193.94491,0.1436,-0.0694,-0.2175,-2.5871,-0.0919,0.4148
43193.97506,0.0234,0.1871,-0.1788,-0.947,-0.2412,0.5035
43194.00524,-0.0891,0.1561,-0.134,0.3382,0.1099,0.2692
43194.03539,-0.0245,-0.2529,0.0811,-2.4513,0.0191,0.1623
43194.06555,-0.0615,0.1261,0.0817,-1.0355,0.0879,0.2095
43194.0957,-0.2098,0.097,-0.0196,0.1732,0.5977,-0.2343
43194.12585,-0.016,-0.1747,0.0937,-1.0108,0.7173,0.1533
43194.15603,0.0329,-0.1711,0.0499,-1.5361,0.824,0.3823
43194.18618,0.0868,-0.14,-0.0939,-1.4929,0.5434,0.6434
43194.21633,0.126,-0.3237,-0.0476,-2.9009,0.0106,0.8269
43194.24649,0.2175,0.0251,-0.1227,-3.0019,-0.6553,0.809
43194.27667,0.1272,0.3983,-0.042,-1.2773,-0.8464,0.5188
43194.30682,0.0438,0.1476,0.1744,0.3268,-0.4505,0.2287
43194.33697,0.2024,0.0875,0.1151,0.9868,-0.2226,0.1756
43194.36712,0.2114,0.1009,0.0352,1.128,-0.1555,0.0993
43194.39727,0.1888,-0.2276,-0.029,0.7344,-0.3115,0.2377
43194.42745,0.1616,-0.2833,-0.1151,0.2609,-0.5282,0.5542
43194.45761,0.3702,-0.1363,-0.1343,-0.1767,-0.9131,0.7872
43194.48776,0.1785,-0.0615,-0.0826,-0.5207,-1.1462,0.7443
43194.51791,0.1033,0.0084,-0.0149,-0.4277,-1.1988,0.7227
43194.54806,-0.0009,-0.052,0.0009,-0.1717,-1.1328,0.5673
43194.57824,-0.0583,-0.0532,0.1026,-0.6965,-1.0927,0.5327
43194.60839,-0.065,0.3168,0.1203,0.4169,-0.9594,0.3961
43194.63854,-0.138,0.0112,0.0359,0.5443,-0.9427,0.2028
43194.6687,-0.0044,-0.0052,0.0424,0.4778,-1.2186,0.1322
43194.69885,-0.1186,-0.1434,0.0827,0.1199,-1.2289,0.1787
43194.72903,-0.1761,0.059,-0.0715,0.4701,-1.1775,0.2298
43194.75918,-0.1408,-0.1725,-0.1107,-0.1586,-1.0974,0.1965
43194.78933,-0.0225,-0.1623,-0.0715,-0.2051,-0.9982,0.257
43194.81948,-0.0458,-0.0556,-0.1006,-0.1486,-0.9131,0.2695
43194.84967,-0.0576,0.1554,-0.172,0.1195,-0.8689,0.3258
43194.87982,0.0108,0.0418,-0.0042,0.7645,-0.7021,0.1578
43194.90997,0.0035,-0.3419,0.0085,-0.1908,-0.5864,0.1532
43194.94012,0.0303,-0.097,-0.1665,-0.1584,-0.6092,0.3531
43194.97027,0.056,-0.2534,0.0846,-1.0233,-0.349,0.0587
43195.00045,0.0433,-0.2428,0.1457,-1.409,0.0055,0.0181
43195.0306,0.0123,-0.004,0.0734,-2.0516,-0.0203,0.3475
43195.06076,-0.0181,0.1767,-0.0195,-2.0879,0.0654,0.3439
43195.09092,0.0231,0.0569,-0.0351,-1.235,0.0424,0.2902
43195.12107,-0.0134,-0.1852,0.1078,-2.2978,-0.0442,0.1042
43195.15125,-0.0294,0.1669,-0.0588,-1.5085,-0.29,0.0371
43195.1814,-0.1465,0.0323,-0.0051,-1.1223,-0.3532,-0.2206
43195.21155,-0.0941,0.0844,-0.0767,-1.2514,-0.3073,-0.1124
43195.2417,-0.162,0.1114,-0.1561,-0.4823,-0.1247,-0.1881
43195.27188,-0.0668,0.0394,-0.156,-0.3347,0.1001,-0.197
43195.30204,-0.0033,-0.0144,-0.0917,-0.5357,0.119,-0.1746
43195.33219,-0.032,0.0757,-0.0627,0.1299,0.0352,-0.2589
43195.36234,-0.0658,-0.0961,0.085,-0.3049,0.0891,-0.1788
43195.39249,-0.0812,-0.0351,0.13,-0.3687,0.1396,-0.0181
43195.42267,-0.0805,-0.1106,0.1075,-0.7241,0.135,0.1408
43195.45282,-0.1006,0.052,0.0693,-0.8681,0.1722,0.2649
43195.48297,-0.0811,-0.0115,0.0338,-1.5014,0.2091,0.3061
43195.51313,-0.1207,0.3667,0.0278,-0.4926,0.3984,0.1944
43195.54328,-0.117,0.1628,-0.0256,0.4127,0.5784,0.1006
43195.57346,-0.0269,-0.0743,0.16,-0.45,0.65,0.2305
43195.60361,-0.0364,0.0253,0.0571,-0.1501,0.7659,0.2628
43195.63376,0.0556,-0.1319,-0.0146,-0.7847,0.5941,0.3623
43195.66391,0.0625,0.0089,-0.007,-0.7119,0.399,0.2604
43195.69406,0.0749,0.0424,0.0079,-0.4823,0.2446,0.3547
43195.72425,0.0334,-0.0649,-0.0821,0.0247,0.0911,0.2612
43195.7544,0.0651,-0.057,-0.1254,0.1534,-0.0339,0.3481
43195.78455,-0.0442,0.0011,-0.0472,1.149,-0.0236,0.4885
43195.8147,-0.0573,0.038,0.0881,2.4702,0.2456,0.5083
43195.84488,-0.0419,0.0377,-0.0202,3.0369,0.4304,0.4259
43195.87503,-0.0128,0.1493,-0.1386,4.1156,0.4248,0.0058
43195.90519,0.119,0.1595,-0.0223,5.1508,0.1739,-0.107
43195.93534,0.1438,0.3097,0.1313,6.2422,0.2695,-0.3306
43195.96549,0.1992,-0.0654,0.1575,6.3594,0.3336,0.0679
43195.99567,0.1976,-0.1236,0.0503,4.8276,0.1752,-0.2368
43196.02582,-0.0465,0.3641,0.1459,5.8198,1.2015,-0.4557
43196.05597,-0.0618,-0.0567,0.2459,4.1778,1.2121,-0.8963
43196.08613,0.1962,0.1409,-0.1615,2.4964,0.6186,-0.7029
43196.11628,-0.0396,-0.2616,0.0812,1.5269,0.1875,-0.7095
43196.14647,0.0632,-0.0282,-0.0006,0.4166,-0.2184,-0.5556
43196.17662,0.0144,0.064,0.102,-0.0131,-0.3964,-0.3029
43196.20677,-0.0433,0.1713,0.1004,0.4457,-0.2861,-0.1903
43196.23692,-0.0037,0.2048,-0.1676,0.9427,-0.1769,-0.0958
43196.26707,-0.0851,-0.0037,0.1337,0.1431,-0.1969,-0.2071
43196.29725,-0.0213,0.041,0.093,0.748,-0.0525,-0.1882
43196.32741,-0.0992,0.1046,0.0785,0.8162,0.2077,-0.1733
43196.35756,-0.0212,0.0738,-0.0602,1.5387,0.1665,-0.2807
43196.38771,-0.0618,0.2043,0.0182,3.2137,0.3943,-0.4095
43196.41789,-0.0126,-0.081,-0.013,1.9765,0.2138,-0.4841
43196.44804,-0.0891,-0.392,0.0216,0.6552,0.1123,-0.1774
43196.47819,0.0043,-0.056,-0.0329,0.6022,-0.0741,-0.0495
43196.50834,-0.0773,0.0206,-0.0821,0.2741,-0.1459,-0.1018
43196.5385,-0.0651,-0.2611,-0.0552,-0.3688,-0.2227,0.023
43196.56868,0.0874,-0.035,-0.0289,-0.7486,-0.4356,0.022
43196.59883,-0.0294,0.1255,0.0018,-0.5598,-0.4468,-0.1885
43196.62898,0.0279,0.2136,-0.121,0.9491,-0.374,-0.3433
43196.65913,0.0387,0.0331,0.0308,0.989,-0.2941,-0.4956
43196.68928,0.0137,-0.0674,0.0436,0.9854,-0.1335,-0.565
43196.71946,-0.0009,-0.2672,0.0166,0.0428,-0.1204,-0.2473
43196.74962,-0.0458,-0.0158,0.1452,0.4681,0.0555,-0.1685
43196.77977,-0.009,-0.1494,0.1769,0.2973,0.3287,-0.0169
43196.80992,0.1045,-0.2109,0.0677,-0.1697,0.2934,0.0058
43196.84007,0.263,-0.1415,0.0519,-0.8438,0.4123,-0.0509
43196.87025,0.2257,-0.7538,0.359,-2.3806,0.7049,0.9173
43196.9004,0.5843,-0.6009,0.0978,-3.2848,0.4353,1.9922
43196.93055,0.2973,0.798,-0.1679,-4.861,-1.1128,-0.0835
43196.96071,-0.3025,0.8526,-0.2328,-1.8191,-0.7997,0.4736
43196.99089,-0.4462,-0.1752,0.0218,-1.7068,-0.6271,0.2889
43197.02104,-0.126,-0.1543,0.2053,-0.9415,-0.2701,0.3492
43197.05119,-0.1309,0.2032,0.0853,0.7084,0.1333,0.3447
43197.08134,0.0758,0.2513,-0.2601,1.6121,0.0428,0.1335
43197.11149,0.1135,0.0169,-0.4737,2.4576,-0.6212,-0.0544
43197.14168,-0.1508,0.1977,-0.1816,1.8123,-0.4226,-0.396
43197.17183,-0.1139,-0.293,-0.1699,1.6053,-0.4057,-0.548
43197.20198,0.0755,-0.3413,-0.1016,1.0753,-0.3634,0.0848
43197.23213,-0.0908,-0.1666,0.0269,0.212,-0.4483,0.2991
43197.26228,-0.0641,0.0104,0.0535,0.647,-0.1138,0.4487
43197.29246,0.0039,0.0046,0.0962,0.358,-0.034,0.3719
43197.32261,-0.0206,0.0816,0.0753,0.6508,0.1456,0.2966
43197.35277,-0.0596,0.0334,0.0478,0.851,0.318,0.2426
43197.38792,-0.0327,0.0206,-0.0188,0.8637,0.4911,0.2289
43197.41807,-0.021,-0.0128,-0.0178,0.8074,0.5043,0.2129
43197.44825,-0.0298,0.0316,-0.0547,1.0139,0.453,0.0555
43197.47841,-0.0327,-0.0099,-0.0138,1.0892,0.3723,-0.0765
43197.50856,0.0111,0.0017,0.0084,1.2213,0.2917,-0.0823
43197.53871,0.038,0.0116,-0.0201,1.2715,0.2891,-0.0523
43197.56889,0.0049,-0.1054,-0.1275,1.2486,0.1545,-0.032
43197.59904,-0.0105,-0.0813,-0.1084,1.1424,0.0021,-0.0044
43197.62919,0.0186,-0.132,-0.1184,1.0122,-0.2653,-0.014
43197.65934,-0.0203,0.0223,-0.1734,1.4915,-0.2597,-0.07
43197.6895,-0.0307,-0.0943,-0.0532,1.3061,-0.3486,-0.0656
43197.71968,0.0082,0.0195,-0.0626,1.4048,-0.3637,-0.1126
43197.74983,0.004,0.1309,-0.1454,1.6743,-0.3583,-0.1636
43197.77998,0.0258,0.0064,-0.0095,1.5616,-0.4875,-0.2396
43197.81013,0.0729,0.1144,-0.0315,1.7435,-0.4923,-0.3003
43197.84028,0.0194,0.1066,-0.0106,1.7722,-0.5295,-0.1797
43197.87047,0.0494,0.1304,0.0746,1.8197,-0.5715,-0.1564
43197.90062,0.113,0.1807,0.0865,1.813,-0.5927,-0.1801
43197.9358,0.0891,0.0859,0.164,1.1802,-0.6378,-0.0155
43197.96599,0.1137,0.1249,0.0663,0.9254,-0.6778,0.0769
43197.99614,0.1299,0.0455,0.2014,0.5341,-0.6762,0.6144
43198.02629,-0.0327,-0.2728,0.343,-1.1639,-0.6046,0.7048
43198.05644,0.1227,0.6725,-0.2215,0.1383,-0.7587,0.1299
43198.08661,-0.0406,0.2431,0.0863,0.5402,-0.5599,-0.5281
43198.11676,-0.0124,-0.1746,-0.0358,-0.6093,-0.8182,-0.5283
43198.14691,0.1056,0.1493,0.1695,0.8824,-0.4699,-0.1526
43198.17706,0.1134,-1.1022,0.7932,-1.5891,0.47,0.4994
43198.20721,0.3292,0.3406,-0.0535,-1.1057,0.2732,0.5178
43198.2374,0.1367,-0.0594,0.1506,-1.7766,0.3361,0.3559
43198.26755,0.2174,0.0254,-0.0463,-2.4085,0.0537,0.7305
43198.2977,-0.0486,-0.0867,-0.0504,-2.5063,-0.2343,0.9058
43198.32785,-0.0342,0.3392,-0.2375,-2.8368,-0.8191,1.0807
43198.358,0.0585,0.3639,-0.2425,-1.8051,-1.4156,1.2209
43198.38818,-0.173,0.1649,0.1037,-1.6415,-1.4856,1.0377
43198.41833,0.0078,0.0708,-0.046,-0.7981,-1.1505,0.9536
43198.44849,0.1334,-0.3784,0.1619,-2.9938,-1.2098,1.1632
43198.47864,-0.04,-0.0161,0.013,-2.9968,-0.8193,0.3917
43198.50879,0.0488,-0.3296,-0.2576,-3.5014,-0.7617,0.2781
43198.53897,-0.0033,-0.6402,-0.0062,-5.4957,-0.7411,0.2169
43198.56912,0.1058,0.0003,-0.185,-2.2896,-0.7982,0.2462
43198.59927,-0.0662,-0.3594,-0.3892,-1.6599,-0.8268,0.4062
43198.62942,-0.0094,-0.4126,-0.1828,-3.6908,-1.184,0.3218
43198.65958,-0.1349,-0.0024,-0.0812,-2.421,-0.9108,0.2474
43198.68976,-0.0352,-0.0023,-0.0907,-0.9176,-0.9448,0.4384
43198.71991,-0.2071,0.4315,0.1981,1.4492,-0.4637,0.4578
43198.75507,-0.2035,-0.5054,0.4553,-2.2496,0.4906,-0.2275
43198.78522,0.2382,-0.4243,0.1583,-4.8172,0.2678,-0.3897
43198.8154,0.15,0.1588,-0.1225,-2.9984,0.5728,0.1582
43198.85059,0.2347,-0.0589,0.0631,-5.0478,0.0817,-0.1829
43198.88074,0.2061,-0.011,-0.5071,-4.0967,-0.9606,0.7614
43198.91092,-0.2768,0.1614,0.0219,-3.8423,-0.8818,-0.2174
43198.94107,-0.0043,0.248,-0.009,-2.5071,-0.6009,-0.2071
43198.97122,0.02,-0.1273,-0.0874,-2.0349,-0.5172,-0.1118
43199.00137,0.0898,0.0388,-0.0449,-1.2269,-0.5111,-0.0048
43199.03152,0.0549,-0.1374,0.0109,-0.7628,-0.414,0.1623
43199.06173,0.0544,-0.1798,-0.0234,-1.1817,-0.4157,0.4131
43199.09188,0.0344,-0.1649,0.0939,-1.5483,-0.2955,0.5793
43199.12203,0.055,0.0044,-0.027,-1.1745,-0.3178,0.6235
43199.15218,0.0593,-0.1937,-0.0632,-1.2978,-0.3462,0.8039
43199.18233,0.0826,0.0248,-0.2081,-0.6369,-0.5058,0.8891
43199.21251,-0.0581,0.0492,0.2058,-1.5749,-0.2821,0.8457
43199.24267,-0.0262,0.1247,-0.0551,-1.4175,-0.2111,0.8143
43199.27282,-0.0576,-0.0006,-0.0641,-1.2773,-0.3655,0.639
43199.30297,-0.0264,-0.0073,0.0045,-2.1216,-0.1947,0.7868
43199.33315,-0.036,0.23,-0.1586,-0.3475,-0.0958,0.5278
43199.3633,0.0218,0.0772,-0.2078,0.3582,0.0149,0.5734
43199.39345,0.0093,0.0433,-0.037,-0.3489,-0.0489,0.5517
43199.4236,-0.1301,0.1304,-0.0168,-0.2395,0.1209,0.4718
43199.45376,-0.0552,-0.1305,0.0843,-0.66,0.0467,0.5349
43199.48394,-0.1446,-0.063,0.2512,-1.4859,0.1729,0.6182
43199.51409,-0.0066,0.0493,-0.23,-0.6812,-0.0267,0.4969
43199.54424,0.0352,0.0094,-0.195,-0.3748,-0.1381,0.4889
43199.57439,0.1078,0.0759,-0.2233,-0.8618,-0.4125,0.5076
43199.60454,0.0088,0.1506,-0.1033,0.166,-0.4061,0.4085
43199.63473,-0.0727,0.0273,0.813,-1.0412,0.8127,0.2855
43199.66488,0.0652,0.382,0.0901,-0.309,0.9323,-0.0945
43199.69503,-0.0957,-0.0005,-0.1088,1.1784,0.9223,-0.2916
43199.72518,0.0243,-0.3359,-0.2396,-0.6584,0.3544,-0.1442
43199.75533,0.141,0.2485,-0.5592,-0.1368,-0.0843,-0.2387
43199.78551,0.1413,0.0244,-0.0243,0.5104,0.0922,-0.0954
43199.81566,0.1558,-0.0655,-0.0495,-0.0966,-0.1442,-0.0947
43199.84582,0.0254,0.0648,0.0439,-0.665,-0.1643,-0.2069
43199.87597,-0.0616,0.1451,0.1358,0.5722,0.1575,-0.3259
43199.90612,0.0563,-0.1133,-0.1774,0.3904,0.0043,-0.2941
43199.9363,-0.0137,-0.0803,-0.0237,-0.5067,-0.1664,-0.3201
43199.96645,-0.0323,0.107,0.0148,0.0536,-0.0595,-0.4127
43199.9966,0.0968,-0.1022,-0.0815,0.0811,-0.1413,-0.1747
43200.02675,0.1028,-0.0492,-0.247,0.3654,-0.4041,0.1232
43200.05694,-0.0503,0.0301,-0.2544,0.9791,-0.4806,0.4293
43200.08707,-0.109,0.2366,-0.3261,2.7128,-0.4998,0.6538
43200.11723,-0.1317,0.1836,-0.1596,4.9207,-0.5435,0.6606
43200.14738,-0.1484,0.2747,0.135,6.5776,-0.0472,0.5007
43200.17753,-0.0223,0.6242,0.291,9.1811,0.6458,0.1017
43200.20771,0.0614,0.6008,0.4666,13.4829,1.4574,-0.0675
43200.23786,-0.0538,-0.1225,0.6395,11.9186,1.652,0.0571
43200.26801,0.0637,-0.0321,0.1751,9.3798,1.1322,0.0435
43200.29816,0.1044,0.1822,0.1982,8.6804,1.081,0.0572
43200.32832,-0.0613,-0.4355,0.2888,2.6518,0.8208,-0.5471
43200.3585,0.0156,0.1914,0.048,0.4374,0.4659,-0.6821
43200.38865,-0.0271,0.478,-0.0024,1.8226,0.4268,-0.7854
43200.4188,-0.0386,0.0912,0.1139,1.9029,0.1529,-0.9285
43200.45396,-0.0136,-0.0371,0.0184,1.6134,-0.0326,-0.773
43200.48411,-0.096,0.0067,-0.1467,1.1457,-0.1079,-0.8416
43200.51429,-0.0957,-0.1177,-0.1598,0.7384,-0.1512,-1.1077
43200.54444,-0.082,-0.0174,-0.1201,1.4286,-0.0646,-1.1404
43200.57459,-0.1625,-0.1577,0.1807,1.4225,0.2382,-1.2215
43200.60474,-0.0121,-0.1536,0.0947,1.5417,0.4076,-1.2447
43200.63493,0.0439,-0.3035,0.0167,1.0849,0.5518,-1.7384
43200.66508,0.1141,-0.1012,0.1179,1.5448,1.1011,-1.9476
43200.69523,0.3895,-0.458,-0.0755,1.4675,1.036,-1.9033
43200.72538,0.5974,-1.0093,0.2041,-1.7149,0.6821,0.0013
43200.75553,0.1608,-0.407,0.3869,-4.7347,-0.0093,0.4468
43200.78571,0.0534,0.5563,0.0219,-4.6457,-0.7329,0.1442
43200.81586,-0.2087,0.7298,0.268,-3.3383,-0.7212,0.1695
43200.84602,-0.5091,0.1269,0.4556,-0.5178,-0.1992,0.6241
43200.87617,-0.2952,0.301,0.343,1.3144,0.5919,0.8196
43200.90632,-0.2653,0.0503,0.2889,2.74,0.9513,0.5171
43200.9365,-0.2218,0.5415,-0.1081,5.0896,1.424,-0.1448
43200.96665,-0.1194,-0.1224,-0.1724,1.9646,0.7192,-0.5188
43200.9968,-0.0772,-0.2636,-0.2935,0.4737,0.2356,-0.4484
43201.02695,-0.1198,-0.2517,-0.1319,-0.0902,-0.1202,-0.1791
43201.05711,-0.051,0.084,-0.1087,1.0778,-0.0862,-0.1762
43201.08729,0.032,-0.1393,0.0966,0.6264,0.242,-0.0567
43201.11744,0.0376,-0.3245,0.2735,0.412,0.4264,0.154
43201.1476,0.2296,0.1203,0.0447,1.0342,0.5789,-0.0986
43201.17775,0.223,-0.107,-0.0058,0.2839,0.2798,-0.0323
43201.2079,0.1958,0.0249,-0.0804,0.516,0.0882,0.0137
43201.23808,0.0898,0.0246,-0.1237,0.4149,-0.0757,0.007
43201.26823,-0.0016,-0.0028,0.0106,0.0332,-0.2441,-0.1071
43201.29838,-0.0443,0.0708,-0.0094,0.6259,-0.1853,-0.2107
43201.32853,-0.0494,-0.0235,0.0054,0.2847,-0.2542,-0.0427
43201.35872,-0.0921,0.1392,0.1464,0.6567,-0.1283,-0.1247
43201.38887,-0.0269,-0.0485,0.1305,0.5098,0.1886,0.0187
43201.41902,0.0817,-0.0733,0.1197,-0.297,0.1736,0.2956
43201.44917,0.2212,-0.1337,0.0577,-0.3702,0.168,0.3885
43201.47932,0.1006,0.0186,0.0711,-0.385,0.3025,0.2409
43201.5095,0.1206,-0.0607,0.1004,-0.331,0.1156,0.2074
43201.53965,0.0797,-0.0104,0.0232,-0.2106,0.1389,0.1393
43201.56981,0.0013,-0.035,0.0353,-0.5177,-0.2106,0.0721
43201.59996,-0.1299,0.1526,0.1362,-0.3408,-0.1557,-0.123
43201.63011,-0.2529,-0.0357,0.2593,-0.7503,-0.0839,-0.1839
43201.66029,-0.2751,0.128,0.3033,-0.7324,0.1684,-0.2387
43201.69044,-0.2408,0.0756,0.1279,-0.917,0.2772,-0.4114
43201.72059,-0.2503,0.023,0.2124,-1.1284,0.3909,-0.6547
43201.75075,-0.2224,0.1484,0.0881,-0.4216,0.6339,-0.775
43201.7809,-0.082,0.0911,-0.0688,-0.8386,0.6885,-0.8147
43201.81108,0.0403,0.0669,-0.0708,-0.5688,0.6746,-1.0091
43201.84123,0.0792,-0.0111,-0.1084,-0.9058,0.4688,-0.9757
43201.87138,-0.0284,0.0501,0.0149,-1.1605,0.433,-0.8737
43201.90153,0.0879,0.1046,0.0315,-0.8634,0.4274,-0.8808
43201.93168,0.2259,0.0824,-0.1568,-1.1351,0.1682,-0.9023
43201.96187,0.1053,-0.2272,-0.3,-1.208,-0.2107,-0.8817
43201.99202,0.1303,0.1034,-0.053,-0.7862,0.0722,-1.0074
43202.02217,0.1886,0.0529,-0.0518,-0.1802,0.1659,-1.0883
43202.05232,0.2809,0.0675,-0.1147,-0.7649,0.0095,-1.0817
43202.08252,0.0192,-0.2806,0.3355,-1.2137,0.3444,-0.5054
43202.11267,0.0894,-0.1645,-0.0268,-0.6018,0.2037,-0.5057
43202.14282,-0.0014,-0.0142,0.0561,0.2468,0.2564,-0.8496
43202.17297,-0.0884,-0.3798,0.1765,-0.9078,-0.0615,-0.5594
43202.20313,-0.0055,-0.1254,0.139,-1.2533,-0.1062,-0.1633
43202.23331,-0.0192,-0.0367,0.282,-1.2549,0.2193,0.0445
43202.26346,0.1661,0.3563,0.0432,-1.3117,0.2409,-0.455
43202.29361,0.2606,0.1913,0.1417,-0.319,0.3579,-0.6122
43202.32376,0.3549,0.0724,0.1861,-0.5987,-0.1324,-0.567
43202.35898,0.5425,-0.5704,0.0654,-1.1822,0.2019,0.192
43202.38913,-0.0902,-0.3156,0.0121,-1.6693,0.9135,0.3507
43202.41928,0.0416,0.4083,-0.543,-1.3633,0.5149,-0.3364
43202.44943,-0.169,0.212,-0.2905,-0.1388,0.474,-0.6934
43202.47962,0.3345,0.1007,0.1442,1.0527,0.7585,-0.632
43202.50977,0.3986,-1.3874,-0.6081,-0.9974,-0.2148,2.2417
43202.53992,0.1734,-0.3396,-0.3169,-2.2674,-0.8046,0.5564
43202.57007,0.5885,0.0647,-0.1404,-0.4842,-1.0769,0.5663
43202.60022,0.296,-0.1328,-0.0455,-1.5786,-1.2779,0.5762
43202.6304,0.2443,-0.0216,-0.0734,-1.7233,-1.3203,0.8014
43202.66055,0.1048,-0.0946,0.0134,-2.5472,-1.4272,1.0819
43202.69071,-0.0308,0.001,0.0238,-2.3011,-1.4328,1.111
43202.72086,-0.0155,0.1475,0.0019,-1.5105,-1.3536,1.164
43202.75104,-0.0091,0.0814,0.1201,-1.1507,-1.4238,1.3479
43202.78119,-0.1051,0.0309,0.2176,-0.9898,-1.3764,1.5035
43202.81134,-0.1332,0.0438,0.2216,-1.0579,-1.1614,1.6698
43202.84149,-0.0619,0.0987,0.1133,-0.9362,-1.0552,1.6686
43202.87164,-0.0697,0.1532,0.0825,-0.7093,-0.9019,1.7567
43202.90183,-0.1152,0.1171,0.1109,-0.6911,-0.7423,1.5033
43202.93198,-0.2347,-0.0809,0.1893,-0.9973,-0.2338,1.3698
43202.96213,-0.1978,0.1252,0.0245,-1.267,-0.1534,0.7091
43202.99228,-0.2485,0.3315,-0.186,-0.2759,0.2705,0.4921
43203.02243,-0.2519,-0.0293,-0.0922,-0.4008,0.5268,0.4233
43203.05261,-0.2943,0.0282,0.0065,-0.0939,0.8186,-0.0009
43203.08275,-0.3137,0.0186,0.0076,0.3007,1.2647,-0.2506
43203.11291,-0.238,0.0906,-0.0477,0.7608,1.6626,-0.5144
43203.14306,-0.1287,0.0679,-0.0578,1.0835,1.8824,-0.7038
43203.17821,-0.0808,-0.0107,-0.088,1.0705,1.8128,-0.8338
43203.20839,0.0301,-0.0089,-0.1809,1.6949,1.5653,-0.8444
43203.23855,0.3162,0.2357,-0.1926,2.5863,1.2517,-0.0723
43203.2687,0.259,-0.4081,-0.1813,0.471,0.6455,0.0787
43203.29885,0.1114,-0.1494,-0.0989,-0.3992,0.5617,0.1401
43203.32903,-0.0355,-0.0283,0.0176,-0.9232,0.8443,0.0891
43203.35918,-0.0847,-0.0565,0.0781,-1.7451,1.166,0.0017
43203.38933,-0.0584,-0.0083,0.0622,-1.9823,1.3329,0.1331
43203.41948,-0.066,0.0006,0.0294,-1.7187,1.3351,0.2608
43203.44964,-0.0987,0.0381,0.0142,-1.2156,1.1426,0.4204
43203.47982,-0.1803,0.0392,0.032,-0.5861,1.004,0.5817
43203.50997,-0.2085,0.034,0.0603,0.017,0.8706,0.7943
43203.54012,-0.2341,0.0224,0.064,0.6148,0.8302,0.9884
43203.57027,-0.1464,0.0828,0.0441,1.2026,0.6231,1.3587
43203.60042,-0.165,0.1336,0.0015,1.6433,0.3763,1.5521
43203.63061,-0.2074,0.1368,-0.0177,1.6115,0.2292,1.521
43203.66076,-0.2179,0.0889,0.0097,1.0091,0.2223,1.3779
43203.69091,-0.1756,0.0963,-0.0049,0.2287,0.3916,1.2103
43203.72106,-0.1248,0.2185,-0.12,0.216,0.5984,1.1241
43203.75121,-0.1156,0.3398,-0.2676,0.9892,0.7945,0.9404
43203.78139,-0.1665,0.3537,-0.325,2.1555,0.7159,0.5242
43203.81154,-0.2504,0.3479,-0.3348,3.5601,0.5839,-0.0921
43203.8417,-0.1953,0.3065,-0.3309,4.7209,0.1826,-0.653
43203.87185,-0.0364,0.1945,-0.1588,4.7972,-0.3714,-0.9276
43203.902,0.0201,0.0465,0.0004,3.7261,-0.845,-0.8951
43203.93218,0.0536,-0.0412,0.0192,2.5437,-1.2962,-0.7791
43203.96233,-0.0173,-0.0981,0.0017,1.4601,-1.4701,-0.8289
43203.99248,-0.0372,-0.0716,0.0033,0.6525,-1.4047,-0.7781
43204.02263,0.0205,0.0082,0.0021,0.3468,-1.2172,-0.807
43204.05282,0.0959,0.0734,-0.0077,0.5616,-1.0038,-0.772
43204.08298,0.1621,0.0965,0.0307,1.1236,-0.7283,-0.6719
43204.11313,0.1877,0.0873,0.0708,2.0672,-0.511,-0.6156
43204.14328,0.2336,0.0986,0.161,2.8802,-0.3531,-0.5225
43204.17344,0.2516,0.0539,0.2129,3.0795,-0.2919,-0.3934
43204.20362,0.2239,0.0396,0.0931,3.581,-0.2402,-0.3389
43204.23377,0.2394,0.0236,0.0659,3.8661,-0.2208,-0.2325
43204.26392,0.2596,-0.0434,0.1768,3.7581,-0.2698,0.1574
43204.29407,0.2915,-0.0895,0.1591,3.3247,-0.5825,0.4294
43204.32422,0.3027,0.047,0.052,2.4121,-0.7508,0.535
43204.35441,0.2521,0.0135,0.0618,1.1316,-0.8487,0.5882
43204.38456,0.2429,-0.0304,0.0836,0.0805,-0.8957,0.5416
43204.41471,0.2825,0.0609,0.1418,-0.4112,-0.8484,0.5296
43204.44486,0.2829,0.0941,0.1499,-0.3216,-0.6014,0.5818
43204.47501,0.3833,0.0056,0.1649,-0.107,-0.3449,0.7327
43204.50519,0.3023,0.0051,0.1508,0.3328,-0.1047,0.75
43204.53534,0.2388,-0.0308,0.0654,0.8547,0.2281,0.7585
43204.5655,0.2766,-0.0351,0.0823,1.0539,0.3817,0.8177
43204.59565,0.2312,-0.006,0.1041,1.1493,0.6561,0.93
43204.6258,0.2746,-0.0045,0.0054,1.2516,0.6919,1.1015
43204.65598,0.1942,-0.0012,-0.0736,1.3567,0.7369,1.163
43204.68613,0.0871,0.0103,-0.1051,1.5106,0.7681,1.1805
43204.71628,0.0876,0.0194,-0.1642,1.5391,0.7838,1.3764
43204.74643,0.202,0.0659,-0.2015,1.3285,0.4863,1.6231
43204.77662,0.1932,0.1161,-0.1248,0.5515,0.2193,1.8544
43204.80677,0.1906,0.1693,-0.107,-0.0699,-0.1967,2.059
43204.83692,0.1523,0.1916,-0.1246,-0.3517,-0.6015,1.7829
43204.86707,0.0817,0.2267,-0.0732,-0.5619,-1.2167,1.4326
43204.89722,-0.0748,0.1267,-0.0184,-1.0088,-1.6495,0.9742
43204.9274,-0.0417,0.2306,0.0576,-1.2883,-1.5487,0.7895
43204.95756,0.1435,0.2284,0.1221,-1.7045,-1.8686,0.5085
43204.98771,-0.0384,0.2311,0.1291,-1.3804,-1.7435,0.0917
43205.01786,-0.0639,0.2197,0.0714,-0.3956,-1.4295,-0.2973
43205.04801,0.0421,0.0462,0.1332,0.3085,-1.435,-0.6354
43205.07819,-0.0541,-0.169,0.2261,0.2759,-1.3174,-0.6271
43205.10834,-0.1258,-0.3675,0.3545,-0.2098,-1.2221,-0.6377
43205.13849,-0.2244,-0.2683,0.3987,-0.2654,-0.8151,-0.2797
43205.16864,-0.065,-0.0716,0.3719,0.1029,-0.5948,0.0658
43205.1988,-0.0212,-0.0696,0.2896,0.0774,-0.3527,0.151
43205.22898,-0.0322,-0.0391,0.2195,0.2714,-0.0274,0.2382
43205.25913,-0.0878,-0.1018,0.1333,0.5781,0.2265,0.2169
43205.28928,-0.0797,-0.0879,0.0574,0.9117,0.4053,0.2347
43205.31943,-0.0572,-0.0964,0.0182,0.9054,0.347,0.1755
43205.34958,0.0297,-0.0418,0.0409,0.6514,0.2869,0.5704
43205.37976,0.2066,-0.1901,0.0617,-0.2023,-0.3961,0.7803
43205.40992,0.1722,-0.1955,0.1276,-1.1328,-0.4999,1.3366
43205.44007,0.3404,-0.1192,0.2167,-1.5248,-0.9857,1.2662
43205.47022,0.1449,-0.0733,0.2386,-1.6132,-0.9447,1.1006
43205.5004,0.1607,0.0633,0.2115,-1.1887,-0.8833,1.0406
43205.53055,0.2291,0.1356,0.2224,-0.69,-0.749,0.8818
43205.5607,0.2412,0.1322,0.1636,-0.2539,-0.6961,0.8079
43205.59085,0.1417,0.1243,0.1142,-0.3076,-0.4265,0.9382
43205.62101,0.1296,0.1144,0.096,-0.4512,-0.0505,1.2007
43205.65119,0.2094,0.1022,0.1082,-0.4743,0.1056,1.3623
43205.68134,0.2589,0.1233,0.1985,-0.4624,0.0974,1.4617
43205.71149,0.195,0.0697,0.2771,-0.877,0.3408,1.4566
43205.74164,0.1567,0.1239,0.2914,-1.4287,0.8177,1.9429
43205.77179,0.2959,0.0938,0.3099,-2.8122,1.1306,2.4718
43205.80198,0.3901,0.0563,0.3036,-4.4741,1.1091,2.8824
43205.83213,0.3219,0.1099,0.1498,-4.6751,1.0886,3.3858
43205.86228,-0.0776,0.1262,-0.0089,-4.3499,1.5354,2.7724
43205.89243,-0.3458,0.3174,-0.3791,-2.6198,1.62,2.4458
43205.92258,-0.2622,0.4719,-0.4656,0.2377,1.4334,1.9582
43205.95276,-0.5392,0.2864,-0.3509,0.8247,1.5301,1.6014
43205.98291,-0.358,0.1782,-0.2598,0.1495,1.1058,1.6497
43206.01307,-0.3213,0.0788,-0.2004,-0.4901,0.7253,1.3359
43206.04322,-0.3706,0.0985,-0.2306,-0.805,0.5089,1.0098
43206.07338,-0.2148,0.1705,-0.2317,-1.1082,0.0877,0.7892
43206.10356,-0.1915,0.142,-0.1856,-1.2113,-0.2747,0.5895
43206.13371,-0.1596,0.1921,-0.0773,-1.0424,-0.3874,0.5589
43206.16386,-0.0831,0.1582,0.0062,-1.1359,-0.4204,0.4334
43206.19402,-0.0794,0.0806,-0.0031,-1.4826,-0.3817,0.1573
43206.2242,-0.064,0.0342,0.0052,-1.6372,-0.1681,-0.0531
43206.25435,-0.0684,-0.0174,0.016,-1.4326,0.0619,-0.2586
43206.2845,-0.1254,-0.0164,0.0071,-1.1843,0.3682,-0.4143
43206.31465,-0.1546,-0.019,-0.0104,-0.991,0.661,-0.4065
43206.3448,-0.2288,-0.0196,-0.1052,-0.4589,0.8741,-0.3999
43206.37498,-0.265,0.0432,-0.2153,0.4102,0.9318,-0.377
43206.40514,-0.1814,0.0232,-0.2706,0.7927,0.6986,-0.4392
43206.43529,-0.1765,-0.0449,-0.1714,0.5797,0.4278,-0.3559
43206.46544,-0.072,-0.113,-0.0906,-0.3661,0.1199,-0.107
43206.49559,-0.0938,-0.1397,-0.1364,-1.606,-0.1744,0.0646
43206.52577,-0.2559,-0.0858,-0.1393,-2.3087,-0.138,0.0682
43206.55592,-0.2117,-0.0154,-0.124,-2.29,-0.1491,-0.0463
43206.58607,-0.22,0.0272,-0.1089,-1.7646,-0.1213,-0.0957
43662.57478,0.0661,-0.0641,0.1003,-0.0278,-0.1832,-0.0736
43662.60493,-0.1894,0.0455,0.0078,-0.2303,-0.1251,0.01
43662.63511,-0.4104,0.1413,-0.0263,0.5809,-0.0391,-0.1648
43662.66527,0.5466,-0.2107,0.2213,-0.0271,0.1561,0.1482
43662.69542,-0.0628,0.2818,-0.2695,-0.1618,0.1468,0.041
43662.72557,-0.1657,0.0792,0.1072,0.6131,0.4794,-0.101
43662.75572,-0.012,0.0043,-0.0369,0.0035,0.3361,-0.2953
43662.7859,0.1139,-0.1292,0.2089,-0.0727,0.031,0.0445
43662.81605,-0.0456,-0.0327,-0.0302,-0.0482,0.0351,0.0435
43662.8462,0.2371,-0.0972,-0.0478,-0.7044,-0.1895,-0.0798
43662.87636,-0.268,0.291,-0.1854,-0.3334,-0.3124,-0.1723
43662.90651,-0.1253,-0.1383,0.0361,0.8587,-0.1331,0.1247
43662.93669,0.2144,-0.0705,0.0249,-1.5059,-0.4007,-0.0365
43662.96684,-0.2835,0.2899,-0.1501,-0.3706,-0.1294,-0.2062
43662.99699,-0.2545,0.1818,0.0776,0.5102,0.1952,-0.1866
43663.02714,-0.0053,0.0767,-0.0448,0.0806,0.0852,-0.1923
43663.05729,-0.0292,0.0072,-0.2396,0.374,0.0237,-0.1517
43663.08745,-0.308,-0.0345,0.0166,0.4234,-0.1043,0.1158
43663.11763,0.0485,-0.0849,0.1658,-0.0116,-0.074,0.2182
43663.14778,-0.2421,0.176,-0.1347,-0.197,0.0002,-0.0607
43663.17793,0.3695,0.0111,-0.1011,0.3776,0.2201,0.1899
43663.20808,-0.2486,0.0662,-0.1432,0.428,0.1502,0.5627
43663.23823,-0.1316,0.0283,-0.0774,0.6133,0.408,0.2065
43663.26841,0.1445,0.072,0.1015,0.0887,-0.0563,0.212
43663.29857,-0.0202,-0.0095,-0.169,0.3472,-0.173,0.2243
43663.32872,-0.212,0.0072,0.1589,0.5538,0.0464,0.33
43663.35887,0.1969,-0.0008,-0.0074,-0.126,-0.1757,0.1649
43663.38902,0.0438,0.0553,-0.0044,-0.2824,-0.3671,-0.0175
43663.4192,-0.2026,0.1805,0.096,0.2638,0.0296,0.0075
43663.44935,0.0284,0.1321,-0.1672,-0.5464,-0.4056,-0.1476
43663.4795,-0.197,0.1233,0.0737,0.4054,-0.1066,0.1586
43663.50966,0.1613,0.0924,-0.3517,0.3634,0.0139,0.2183
43663.53981,-0.3866,0.2929,0.1708,1.0268,0.0867,-0.129
43663.56996,-0.4055,0.2483,0.2721,0.8147,0.0593,-0.7028
43663.60015,-0.0585,0.085,0.1723,0.1868,-0.1832,-0.2327
43663.6303,0.0215,0.0444,0.1223,-0.2466,-0.2876,-0.1217
43663.66046,0.1405,0.12,-0.0976,-0.4831,-0.0356,-0.4292
43663.69061,0.0134,0.072,0.1205,0.3836,0.3105,-0.2501
43663.72076,-0.5164,-0.0841,0.0329,0.4806,0.1468,-0.279
43663.75094,0.173,-0.2332,0.0918,-0.2276,0.4662,-0.4294
43663.78109,0.6022,0.035,-0.1006,-1.0019,0.3908,-0.4235
43663.81124,-0.1017,0.0769,0.0027,0.164,0.5331,-0.16
43663.84139,-0.1781,-0.0364,0.0415,0.1595,0.2687,0.1097
43663.87155,-0.1781,-0.0849,-0.0336,-0.3381,-0.2107,-0.0474
43663.90173,0.2923,-0.3121,0.1151,-0.4464,-0.3751,0.3566
43663.93188,0.3675,-0.2168,-0.259,-1.0436,-0.141,0.2656
43663.96203,-0.2478,0.0557,-0.2379,-0.664,-0.0131,0.1953
43663.99218,-0.308,0.0382,-0.1785,0.1351,-0.1202,0.3111
43664.02233,0.213,-0.1362,0.214,-1.0092,-0.0113,0.1724
43664.05251,0.0272,0.1501,-0.492,-0.9987,-0.4196,0.3694
43664.08267,-0.0501,0.1542,-0.2489,-0.4997,0.0129,0.185
43664.11282,-0.2078,0.1434,-0.0216,0.0864,0.1291,0.4412
43664.14297,-0.2069,0.1832,0.1214,0.212,0.0105,0.1934
43664.17312,0.0573,0.2521,-0.1447,-0.2245,-0.5653,0.1993
43664.20327,-0.0607,0.0988,-0.1591,0.0385,-0.4949,0.5199
43664.23345,-0.4052,0.0937,0.0979,0.5918,-0.0155,0.4686
43664.2636,-0.0635,0.151,0.0612,0.3607,-0.0661,0.0401
43664.29376,0.1788,0.1291,-0.0394,0.3258,-0.0413,0.0242
43664.32391,-0.1401,0.2564,-0.0369,0.7563,0.1548,-0.0593
43664.35406,-0.0295,0.1455,0.1385,1.2346,0.0341,0.0922
43664.38424,-0.0763,-0.0394,0.1359,0.4085,-0.2686,0.0943
43664.41439,0.1216,0.1292,0.1103,0.0103,-0.2529,0.1099
43664.44454,-0.3529,0.2481,0.1667,0.7229,-0.0701,0.0523
43664.47469,0.0617,0.1284,0.0364,0.492,-0.1132,-0.0424
43664.50485,-0.0361,0.0315,0.0339,-0.0642,-0.2572,-0.1576
43664.53503,-0.1495,0.0606,-0.0492,0.5995,-0.2133,-0.0056
43664.56518,-0.0743,-0.0296,0.031,0.3996,0.1823,-0.4233
43664.59535,0.0188,0.033,-0.0036,-0.2689,-0.1332,-0.3527
43664.6255,0.0346,0.0055,-0.071,0.4677,0.1131,-0.1713
43664.65565,0.032,-0.1145,0.0177,0.1682,0.0821,0.2174
43664.6858,-0.3337,0.0644,0.1182,-0.14,0.1062,0.0236
43664.71598,0.2352,-0.089,0.1216,-0.0681,0.3752,-0.1753
43664.74613,0.0168,-0.0088,0.0737,-0.9013,-0.1198,0.0252
43664.77629,-0.2665,0.0825,-0.0291,-0.0638,0.2162,-0.2043
43664.80644,0.1909,-0.0255,0.1916,-0.2621,0.3052,0.0603
43664.83659,-0.0186,0.0969,-0.1043,-0.5586,0.2405,-0.1299
43664.86677,-0.0772,0.1154,-0.1835,-0.2821,-0.0007,-0.0298
43664.89692,-0.1179,0.1251,0.025,-0.1303,0.5077,-0.4675
43664.92707,-0.2234,0.2213,-0.0696,0.723,0.3263,-0.4613
43664.95722,0.2877,-0.1186,-0.127,0.3175,0.2003,-0.4992
43664.98738,-0.1758,0.0198,0.2753,-0.125,-0.065,-0.2686
43665.01756,-0.1166,0.0815,0.1989,-0.0098,0.1061,-0.5591
43665.04771,0.1314,-0.1069,-0.4536,-1.1239,-1.0391,-0.3637
43665.07786,0.1456,0.1813,-0.0495,0.0669,-0.4036,0.0864
43665.10801,-0.0149,-0.0058,0.1376,0.2063,0.1754,-0.2054
43665.13816,-0.0809,-0.1463,-0.2491,-0.2005,-0.1174,0.6219
43665.16831,0.0416,0.0307,-0.0922,-0.2274,0.3334,0.13
43665.1985,0.1434,-0.0886,-0.1309,-0.5403,0.2028,0.073
43665.22865,-0.323,0.1163,-0.1624,-0.3007,0.1154,0.0363
43665.2588,0.0461,-0.0221,-0.0722,-0.1689,0.1087,-0.0213
43665.28895,-0.0268,0.0785,-0.1462,-0.7658,-0.2624,-0.0002
43665.3191,-0.3648,0.1628,-0.0339,0.1802,0.0137,0.2223
43665.34928,0.0134,0.0681,0.1969,0.3256,0.0435,0.289
43665.37943,-0.0608,0.2193,-0.0492,-0.064,-0.0932,-0.0879
43665.40959,0.1476,0.0358,-0.1573,0.2214,-0.2093,-0.0103
43665.43974,-0.0603,0.0508,0.1312,0.361,0.0735,-0.0754
43665.46989,0.084,0.0522,0.1252,0.5352,0.1174,-0.0663
43665.50007,-0.0496,0.1737,0.0021,0.0173,-0.1349,-0.1298
43665.53022,-0.1505,0.111,-0.0143,0.3849,-0.2452,-0.0361
43665.56037,-0.1862,0.082,-0.1343,-0.0483,-0.3578,-0.1423
43665.59051,0.0397,-0.0196,-0.0808,0.0167,-0.2847,-0.0957
43665.62067,0.0498,-0.0722,0.0831,0.0574,-0.1004,-0.0579
43665.65085,-0.2443,0.0191,0.0375,-0.0123,-0.0388,-0.1078
43665.681,0.2487,-0.0391,0.0174,0.0883,0.2161,0.0333
43665.71115,0.0243,0.1231,-0.0819,0.0332,-0.0897,0.293
43665.7413,-0.3202,0.0995,0.1552,0.6719,0.0767,0.1838
43665.77145,-0.0037,-0.0259,0.2318,-0.3979,0.2259,-0.1362
43665.80161,-0.2003,0.1795,-0.124,-0.5645,0.0839,-0.3504
43665.83179,0.2892,0.0779,0.0186,0.2901,0.328,-0.2394
43665.86194,-0.1444,0.1276,0.0422,-0.2543,0.3691,-0.4195
43665.89209,-0.2306,0.1001,0.185,0.7665,0.4229,-0.2295
43665.92224,0.0137,-0.0569,0.0838,-0.1812,0.0223,-0.1878
43665.95239,0.187,-0.0254,0.045,-0.8432,-0.0929,-0.2237
43665.98257,0.0609,-0.0565,0.0736,-0.5293,0.0477,-0.2201
43666.01273,-0.2381,-0.0913,0.041,0.0381,0.1291,-0.0145
43666.04288,0.3867,-0.2389,-0.0379,-0.2992,0.1462,0.0686
43666.07303,-0.3087,0.0517,-0.1812,-0.1539,0.0921,0.0674
43666.10318,0.1246,0.0576,-0.103,0.2174,0.2709,-0.1159
43666.13336,-0.0564,-0.063,0.0502,0.1607,-0.0448,0.3513
43666.16351,-0.3866,-0.0028,-0.4758,0.0417,-0.0746,0.2578
43666.19366,0.4434,0.1156,-0.0694,-0.5989,0.1057,-0.2262
43666.22382,0.4234,0.1689,-0.1633,-0.8043,-0.7144,-0.6005
43666.25397,-1.0368,0.1966,-0.0786,0.922,-0.1045,0.4491
43666.28412,-0.3141,-0.0245,0.0336,0.1114,0.1673,0.126
43666.3143,0.3547,-0.0842,0.3543,0.0474,-0.2111,0.5595
43666.34445,-0.2473,0.0744,-0.1771,-0.2623,-0.3866,0.3428
43666.3746,0.368,0.0076,-0.3554,-0.0018,0.001,0.3332
43666.40475,-0.3888,0.0936,0.0702,0.4281,0.0261,0.0944
43666.43491,0.2291,-0.2014,0.2525,0.1652,0.5866,-0.3328
43666.46509,0.9625,0.3426,-0.2439,-0.6516,-0.0815,-0.3111
43666.49524,-0.7655,0.3436,0.1942,1.7932,0.1973,0.5423
43666.52539,-0.5356,-0.0685,0.2229,0.5149,0.1059,0.2534
43666.55554,-0.1141,-0.0392,-0.0716,-0.7509,-1.0564,0.0634
43666.58571,0.2819,-0.1496,-0.1227,-1.0937,-0.9961,0.2441
43666.61589,-0.4098,0.1009,-0.0028,0.1949,-0.2237,0.0836
43666.64604,0.44,-0.115,0.2554,0.0477,-0.0059,-0.1224
43666.67619,0.0934,0.1934,-0.0609,-0.3384,0.2401,-0.227
43666.70634,-0.0615,0.1071,-0.2446,0.8969,0.521,-0.1463
43666.73649,-0.0213,-0.0069,0.0846,0.4109,0.4843,-0.0573
43666.76668,-0.3645,0.2179,0.0323,0.314,-0.0957,-0.1399
43666.79683,0.1821,-0.0213,0.1279,0.1006,-0.2026,-0.1388
43666.82698,-0.4748,0.0936,0.0704,-0.2021,-0.4066,-0.4017
43666.85713,0.153,-0.0513,-0.0567,-0.1231,-0.1675,-0.6073
43666.88728,0.5965,-0.1518,-0.1085,-1.1173,-0.4043,-0.4274
43666.91743,-0.2409,0.2358,-0.1943,0.193,0.2653,-0.3908
43666.94762,-0.0146,0.1003,0.017,0.2616,0.4666,-0.3539
43666.97777,-0.0868,0.2161,-0.0384,-0.1211,0.4614,-0.424
43667.00792,0.585,-0.1111,-0.2551,0.0265,-0.1998,-0.0244
43667.03807,-0.8534,0.0203,0.1143,0.593,-0.2624,0.1566
43667.06822,-0.0396,-0.2588,0.3756,0.2341,0.1148,-0.2689
43667.0984,0.2972,-0.1121,0.1752,-1.1728,-0.5396,-0.267
43667.12855,-0.0126,0.1446,0.0951,-0.0129,-0.249,-0.15
43667.15871,0.1049,0.0928,0.0867,-0.7315,-0.1687,-0.3033
43667.18886,-0.178,0.1181,-0.0114,0.3279,-0.0171,0.2501
43667.21901,0.0234,0.0084,-0.136,0.216,0.2749,0.0938
43667.24919,0.1902,-0.0671,-0.0926,-0.2057,0.1825,0.1589
43667.27934,-0.2335,0.0853,0.0083,0.2977,0.3376,0.0815
43667.30949,-0.3249,-0.1635,0.0803,0.2432,-0.0209,0.4018
43667.33964,-0.0963,-0.056,0.0587,0.0693,0.0878,0.2345
43667.3698,0.1939,0.0032,-0.0044,-0.5474,-0.2436,0.2376
43667.39998,-0.0144,0.0676,-0.0907,-0.1471,0.0748,0.2533
43667.43013,-0.1915,0.1723,0.031,0.0784,0.2124,0.2782
43667.46028,0.1013,-0.0713,0.0752,0.5248,0.172,0.4218
43667.49043,-0.135,-0.0387,0.2677,0.5702,0.1923,0.5546
43667.52058,0.4404,0.1455,-0.2164,-0.8047,0.1914,-0.2825
43667.55073,-0.6927,0.332,-0.234,0.5381,-0.1929,0.033
43667.58091,0.5916,0.1346,0.2376,-0.176,-0.1966,-0.3659
43667.61107,-0.2626,-0.0593,-0.061,0.314,-0.2458,0.1093
43667.64122,-0.5631,0.0596,-0.0545,0.0757,-0.2409,0.1957
43667.67137,0.4802,-0.1516,-0.2671,-0.6328,0.1535,-0.3232
43667.70152,0.3246,0.0887,-0.4869,-0.5291,-0.736,-0.0955
43667.7317,-0.9545,-0.1373,0.5395,1.1818,0.7126,0.2523
43667.76185,-0.2768,0.2215,-0.2289,-0.9684,-0.5403,-0.3053
43667.79201,0.9462,-0.0505,-0.1168,-0.5972,-0.4335,-0.5789
43667.82216,-0.1945,-0.153,0.0215,0.6374,0.5632,0.4623
43667.85231,-0.0269,-0.0826,-0.2488,-0.4938,0.255,0.3901
43667.88249,-0.5008,0.2359,0.1615,0.1773,0.531,-0.3397
43667.91264,0.2208,-0.3154,0.4169,0.428,0.3736,0.0371
43667.94279,0.0346,0.157,-0.2768,-1.2079,-0.2569,-0.3601
43667.97294,-0.1031,0.1843,0.1456,0.4721,0.2727,-0.4097
43668.0031,-0.1108,0.016,-0.1019,-0.5144,-0.4837,-0.4818
43668.03325,0.138,-0.24,-0.0289,-0.1921,-0.1349,-0.3098
43668.06343,0.2926,-0.0597,-0.2686,-0.0627,-0.0719,-0.0781
43668.09358,0.1741,-0.0499,0.1681,-0.3604,-0.0814,0.131
43668.12373,-0.3755,-0.0202,-0.1296,0.1405,0.0221,0.4394
43668.15388,-0.1784,0.0195,-0.1062,-0.3465,-0.2602,-0.1526
43668.18403,0.4156,-0.1138,-0.0741,-0.2032,-0.1141,0.1064
43668.21422,-0.3272,-0.0552,-0.078,-0.3487,-0.4089,0.3842
43668.24437,-0.2562,0.0823,0.0851,0.2365,0.2973,-0.2397
43668.27452,1.0418,-0.0647,-0.2171,-0.087,-0.2287,0.2383
43668.30467,-0.7412,0.1511,0.0049,0.5079,0.1247,0.6514
43668.33482,-0.0137,-0.1461,-0.081,0.0618,0.4307,0.2295
43668.365,-0.0536,0.2281,-0.4158,-0.2007,-0.2155,0.2672
43668.39515,0.0927,-0.1447,0.0568,0.4314,0.016,0.1713
43668.42531,-0.0202,-0.0501,-0.3154,-0.3896,-0.4244,0.3295
43668.45546,-0.3696,0.0407,-0.1214,1.0367,0.0019,0.2629
43668.48561,0.4224,-0.1136,0.0821,-0.3486,-0.1178,-0.0425
43668.51579,0.1935,0.0332,-0.1683,0.2167,-0.0748,0.0078
43668.54594,-0.1451,0.0354,0.007,0.7641,0.1781,0.3024
43668.57609,0.1208,-0.0207,0.0424,-0.1495,-0.1206,0.2519
43668.60625,-0.0459,-0.0456,0.1503,0.1551,-0.3247,0.3673
43668.6364,-0.2494,-0.0339,-0.106,-0.0504,-0.3579,0.2107
43668.66655,-0.2056,0.0017,0.0239,-0.2593,-0.4299,0.105
43668.69673,0.2999,0.0245,0.0127,-0.5553,-0.2165,-0.3162
43668.72689,0.0269,0.115,-0.2091,-0.062,-0.4063,0.098
43668.75704,-0.2916,0.0665,0.0522,0.1887,-0.0391,0.1117
43668.78719,-0.0399,0.1667,-0.0389,-0.2394,-0.1348,-0.1238
43668.81734,0.1318,0.094,-0.0536,0.0681,0.0157,0.1537
43668.84752,-0.3361,0.0923,0.0616,0.3294,0.1463,-0.245
43668.87767,0.1442,-0.1364,-0.0225,0.2128,0.0492,-0.3432
43668.90782,0.088,0.0721,0.0324,0.2601,0.0963,-0.3877
43668.93798,0.1769,-0.0702,0.0202,-0.0112,0.0618,-0.476
43668.96813,0.0641,0.0914,-0.0013,-0.4628,-0.1323,-0.0288
43668.99831,-0.2852,0.1319,0.0494,0.4155,0.0839,-0.0838
43669.02846,0.1298,-0.1244,0.0816,-0.2196,-0.0923,-0.1074
43669.05861,-0.1517,-0.019,-0.1678,-0.0574,-0.2383,-0.1211
43669.08876,-0.0421,-0.051,0.0313,0.2952,-0.1524,-0.1072
43669.11891,0.3505,-0.2127,0.1188,-0.2304,-0.1359,0.026
43669.14907,-0.0945,0.066,0.0835,-0.3762,-0.2976,0.0374
43669.17925,0.2043,-0.0202,0.1741,-0.1675,0.1727,-0.1706
43669.2094,-0.3887,0.1563,-0.1439,-0.6382,-0.0324,0.0198
43669.23955,-0.0854,0.1671,-0.001,0.3902,0.1338,-0.1701
43669.2697,0.0522,0.106,-0.109,0.2271,0.16,0.0213
43669.29985,-0.387,0.1072,-0.0708,0.7873,0.2278,0.0321
43669.33003,-0.0288,0.0823,-0.089,0.5539,-0.0174,-0.0374
43669.36019,0.0509,-0.0239,0.2812,0.5185,-0.1908,0.218
43669.39034,-0.0488,-0.0196,0.0319,-0.266,-0.3274,0.2716
43669.42049,0.149,0.0003,-0.3514,-0.0441,0.0236,0.3301
43669.45064,-0.0861,-0.0097,0.0227,0.7125,0.4115,0.2431
43669.48082,-0.0408,-0.0357,0.0943,0.3893,0.4117,0.1271
43669.51097,-0.0152,0.0869,0.0198,0.2939,0.1648,0.2257
43669.54113,0.2574,-0.0679,0.168,0.4279,0.2862,0.3466
43669.57128,-0.0039,-0.0008,0.0298,-0.155,-0.1027,0.4616
43669.60142,-0.1578,0.1187,0.1495,-0.2217,0.0291,0.1107
43669.6316,-0.2732,0.057,-0.0442,-0.2366,-0.0979,-0.055
43669.66175,0.2328,-0.036,-0.2889,-0.5122,-0.2362,-0.1024
43669.69191,-0.0236,0.0049,-0.1485,0.2456,-0.1069,0.1562
43669.72206,-0.1689,-0.0098,0.0854,-0.073,0.1202,-0.0521
43669.75221,0.1405,0.0406,-0.0724,-0.1066,0.0943,-0.1411
43669.78236,-0.0489,0.0516,0.1571,0.1586,-0.0711,0.135
43669.81254,-0.1394,-0.0369,0.0917,0.0974,0.1668,0.0618
43669.84269,-0.0988,0.2248,0.1429,-0.4733,-0.0864,-0.1729
43669.87284,0.104,0.0664,-0.1419,-0.2333,-0.2745,-0.0082
43669.903,-0.1703,-0.0521,0.1013,0.1254,0.0181,0.0661
43669.93315,0.0775,0.1928,-0.0236,-0.5162,0.1061,-0.348
43669.96333,0.167,0.16,0.0408,0.2105,0.1668,-0.1915
43669.99348,-0.1467,0.1401,-0.027,0.1111,0.2194,-0.1688
43670.02363,-0.0475,0.2148,0.1663,0.4403,0.2648,-0.3263
43670.05378,-0.1834,0.0296,0.2943,0.5175,-0.2053,-0.027
43670.08393,0.0513,-0.0019,-0.097,-0.2877,-0.2073,-0.2827
43670.11412,0.1247,0.0748,0.1217,0.0953,-0.1773,-0.2424
43670.14427,-0.0601,0.0174,-0.029,0.4423,0.0593,-0.2626
43670.17442,-0.1082,-0.0862,0.1676,0.0025,-0.1612,-0.021
43670.20457,0.1864,0.1621,0.0052,-0.384,0.0056,-0.2619
43670.23472,0.0201,0.0223,0.0468,-0.2759,-0.2842,0.0366
43670.26487,-0.2263,0.1931,-0.0887,0.0573,0.2098,0.0343
43670.29505,0.046,0.0904,-0.0227,0.5067,0.2913,-0.0052
43670.32521,-0.2605,-0.0204,0.1703,0.5806,0.2484,-0.0396
43670.35536,0.0527,-0.0032,0.1386,0.3197,0.2846,-0.1552
43670.38551,-0.0121,-0.0066,-0.0233,-0.0649,-0.0092,-0.0242
43670.41566,-0.1425,0.0817,-0.0094,0.1176,0.1842,-0.0129
43670.44584,0.0346,0.1007,-0.1667,0.0157,0.1565,-0.1063
43670.47599,0.0689,0.0052,0.0977,0.4819,0.1485,0.1296
43670.50614,0.0184,0.0682,0.079,0.3728,0.4841,0.0036
43670.5363,0.1342,0.0552,-0.1282,1.0109,0.2303,0.2956
43670.56645,-0.1844,-0.0281,0.2357,0.8975,0.0795,0.0825
43670.59666,0.0786,-0.0434,0.1973,-0.0002,-0.0134,-0.0883
43670.62681,0.0541,0.0319,-0.0994,-0.4439,-0.2214,-0.1247
43670.65696,-0.157,-0.0679,-0.1039,-0.1354,-0.1093,-0.0143
43670.68712,0.0254,-0.0147,-0.082,-0.2482,-0.0903,-0.0667
43670.71727,0.4167,0.0817,0.0264,-0.359,0.0253,-0.1858
43670.74745,-0.3417,0.0455,0.0963,0.0018,0.0899,0.1221
43670.7776,-0.1651,0.0155,0.1069,-0.3176,0.1457,-0.0148
43670.80775,0.1142,0.0214,0.0177,-0.1692,0.0568,0.0863
43670.8379,-0.0855,0.0461,-0.0193,-0.2145,-0.0195,0.1905
43670.86805,-0.2629,0.0443,-0.1314,-0.4769,-0.1295,-0.1219
43670.89821,0.147,0.0558,-0.1016,-0.0502,-0.0976,-0.411
43670.92839,-0.1088,0.0178,-0.0387,0.0082,0.1041,-0.2618
43670.95854,0.1057,0.0499,-0.126,-0.1857,0.0097,-0.221
43670.98869,0.0722,0.132,-0.0825,0.0724,-0.0119,-0.039
43671.01884,-0.1391,-0.0118,0.1953,0.2981,0.2175,0.0015
43671.04899,0.1108,-0.0051,0.1344,-0.4254,-0.0976,-0.1344
43671.07917,-0.1117,0.0084,-0.0131,-0.2992,-0.2427,-0.0851
43671.10933,-0.048,-0.042,0.1769,-0.1,-0.1165,0.0766
43671.13948,0.165,0.0275,0.1111,-0.4904,0.0475,-0.0596
43671.16963,-0.1128,0.1799,0.0402,0.0549,0.125,-0.0562
43671.19978,0.0246,-0.05,-0.0046,0.4526,0.0775,0.2306
43671.22996,-0.0343,0.1523,0.0291,-0.489,-0.1175,0.0237
43671.26011,-0.2328,0.0773,-0.103,0.1042,-0.0019,-0.1298
43671.29027,0.1064,0.0139,-0.0907,-0.0436,-0.2186,0.1272
43671.32042,-0.2997,0.1337,0.0688,0.9228,0.0372,0.1635
43671.35057,0.015,-0.1705,0.209,0.424,0.0347,0.4185
43671.38072,0.0025,0.0944,-0.1209,-0.6138,-0.0017,-0.1158
43671.4109,-0.0315,0.146,-0.0623,0.184,0.1053,-0.2412
43671.44105,-0.0234,0.1274,0,-0.3033,0.3912,-0.4985
43671.4712,-0.1269,0.1892,-0.1716,0.3281,0.2936,0.0952
43671.50136,-0.2005,0.0943,0.0618,0.7652,0.2361,0.0835
43671.53151,0.254,-0.0925,0.0547,0.1289,-0.1513,0.1697
43671.56169,-0.22,-0.0331,-0.0987,0.4308,-0.1261,0.1873
43671.59182,0.1004,-0.1768,0.1815,-0.0786,-0.0959,0.0147
43671.62197,0.0904,0.0236,-0.0107,-0.2808,0.0589,-0.1598
43671.65212,0.1897,0.1323,-0.0588,0.2058,0.113,-0.1278
43671.68227,-0.0605,0.1779,-0.0041,-0.0671,0.1377,-0.2873
43671.71245,-0.2286,0.1078,0.0888,0.0525,0.0203,-0.0548
43671.74261,-0.1732,0.0124,-0.0554,0.1461,0.0051,0.2543
43671.77276,-0.0785,-0.0818,-0.0252,-0.2068,-0.0551,0.0748
43671.80291,-0.1296,-0.0267,0.1251,-0.1836,0.0438,-0.0443
43671.83306,0.0963,0.1238,-0.2166,0.0055,-0.0415,-0.1976
43671.86324,-0.0446,0.0314,0.2179,-0.0397,0.0428,-0.3233
43671.89339,0.0111,0.1414,-0.0711,-0.1331,0.1555,-0.3354
43671.92354,-0.0823,0.0453,-0.137,-0.1256,0.0063,-0.068
43671.9537,-0.3042,0.0747,0.1474,0.305,0.1562,0.062
43671.98385,-0.0458,-0.0141,0.0916,0.0714,0.056,0.0257
43672.014,0.1017,0.0306,-0.0101,-0.4739,0.0693,-0.3022
43672.04418,0.2575,0.1059,0.0126,-0.3568,0.0939,-0.4024
43672.07433,-0.2634,0.0924,0.0024,0.1483,0.2008,-0.1218
43672.10448,0.1538,-0.1244,0.074,-0.3718,0.1207,0.0983
43672.13463,0.095,-0.0111,-0.0911,-0.5972,0.0814,0.0603
43672.16479,0.2096,-0.0573,-0.0218,-0.4118,0.192,-0.0017
43672.19497,-0.1169,0.0132,-0.1429,-0.2255,0.1662,0.0507
43672.22512,-0.077,-0.1115,0.095,-0.037,0.1545,0.0712
43672.25527,-0.2758,-0.1245,0.1529,-0.1934,-0.0215,0.1542
43672.28542,0.2618,0.0792,-0.2159,-0.9233,-0.229,-0.0943
43672.31557,-0.1467,-0.0103,-0.0428,-0.6547,-0.3345,0.3373
43672.34575,-0.1858,0.0129,-0.1512,-0.187,-0.0084,0.1029
43672.37591,-0.0529,0.0487,-0.1067,0.056,0.057,-0.1155
43672.40606,0.4367,-0.106,-0.1569,-0.1894,-0.09,0.0018
43672.43621,-0.3889,-0.044,-0.0204,0.5393,0.1694,0.318
43672.46636,-0.0415,0.0363,0.0443,-0.1535,0.3508,-0.1436
43672.49651,0.2068,-0.006,-0.2598,0.0452,0.1079,0.2849
43672.52669,-0.0359,0.0477,-0.1646,0.2453,0.116,0.1985
43672.55684,0.0624,-0.0636,0.0189,0.2942,0.0315,0.183
43672.58702,-0.2641,0.0764,0.0821,0.319,-0.2024,0.1674
43672.61717,-0.1279,-0.1137,-0.0165,0.0069,-0.258,0.0714
43672.64732,0.6214,-0.0007,-0.1034,-0.7677,-0.2255,-0.0813
43672.6775,-0.0846,0.1598,-0.2121,0.6821,0.0119,0.2903
43672.70765,-0.4805,-0.0325,0.1986,0.4539,0.144,0.3509
43672.7378,-0.1303,-0.0492,-0.0072,0.173,-0.2531,0.3604
43672.76795,0.098,-0.1974,-0.0657,-0.1903,-0.4189,0.3277
43672.79811,0.5922,-0.0063,-0.0139,-0.8266,-0.2827,0.0541
43672.82829,-0.4736,0.1482,-0.071,0.1435,-0.1747,0.146
43672.85844,-0.2274,-0.0963,0.0485,-0.0308,-0.108,0.0361
43672.88859,0.2152,0.0371,0.0034,-0.3894,-0.256,0.0602
43672.91874,-0.0144,0.1142,0.073,-0.0316,-0.2422,0.2993
43672.94889,-0.6215,-0.0432,-0.0032,-0.053,-0.117,0.1162
43672.97904,0.2793,0.043,-0.3052,-1.2357,-0.1294,-0.2287
43673.00923,0.1045,0.1248,0.001,0.3733,-0.0121,0.0951
43673.03938,-0.175,-0.0862,0.1015,0.4076,0.2907,-0.3412
43673.06953,0.3236,-0.0205,0.0468,-0.3253,0.372,-0.3201
43673.09968,-0.157,0.1306,-0.2108,0.4905,0.1625,0.0933
43673.12983,-0.0625,-0.0065,0.2709,0.1789,0.4828,-0.3079
43673.16001,-0.1641,0.057,-0.0788,-0.4287,-0.3087,-0.0173
43673.19017,-0.3011,0.0507,0.0292,0.233,-0.1129,-0.0695
43673.22032,0.096,-0.1613,0.1786,-0.4703,-0.3347,0.0713
43673.25047,0.0636,-0.1658,0.0414,-0.6203,-0.3431,-0.1718
43673.28062,0.167,-0.0625,-0.0623,-0.6463,-0.213,-0.127
43673.3108,0.3729,-0.0041,-0.0871,-0.2963,0.0186,0.134
43673.34095,-0.0649,-0.0624,-0.1427,0.083,0.0222,0.4586
43673.3711,-0.1231,0.0103,-0.0699,-0.2665,-0.1107,0.286
43673.40126,-0.2127,0.0266,-0.0822,-0.1444,-0.1082,0.1397
43673.43141,0.0306,0.1273,-0.1062,-0.6031,-0.1092,-0.0203
43673.46159,-0.0929,0.0919,-0.175,0.3032,-0.1272,0.2813
43673.49174,-0.34,0.1507,0.0438,0.2907,-0.0128,-0.0601
43673.52189,0.0769,0.1702,-0.0144,0.2052,-0.085,-0.2223
43673.55204,0.0206,0.0509,-0.0002,0.5088,-0.3101,-0.0032
43673.58219,-0.1325,0.0296,0.0332,0.3274,-0.0182,0.0928
43673.61235,-0.0312,-0.0199,-0.029,0.5278,-0.0106,0.4204
43673.64253,-0.0164,-0.0687,-0.0233,0.445,0.1327,0.2845
43673.67268,0.0186,-0.1075,0.0263,0.2235,0.0525,0.2975
43673.70283,-0.1799,0.093,0.0612,0.0684,0.0633,0.0632
43673.73299,0.1829,-0.1024,-0.0243,0.3794,-0.0926,0.3202
43673.76314,-0.062,-0.0401,0.0633,0.1203,0.0186,0.157
43673.79332,0.0193,0.0542,0.2326,0.2625,-0.0806,0.0388
43673.82347,0.0578,0.0275,0.0077,-0.291,-0.1194,-0.0028
43673.85362,0.1421,0.1635,-0.1535,-0.0094,0.1897,-0.1082
43673.88377,-0.1551,0.1228,0.1742,0.346,0.0793,0.192
43673.91392,-0.126,0.2219,0.0076,-0.2154,-0.0442,-0.2867
43673.94411,-0.3435,0.1587,0.0817,0.5865,-0.1087,-0.1503
43673.97426,0.3161,-0.0329,0.0238,-0.292,-0.1283,-0.2767
43674.00441,-0.064,0.0953,-0.1521,0.1366,-0.142,-0.1201
43674.03456,-0.1065,0.0095,-0.0756,0.5116,0.0609,-0.2229
43674.06471,0.046,0.0059,0.0564,0.163,-0.0464,-0.2199
43674.09486,-0.3854,0.0414,0.2319,0.4552,0.0392,-0.1312
43674.12504,0.2094,-0.0165,0.0359,-0.5891,-0.1752,-0.0721
43674.1552,0.0115,0.0859,-0.1917,-0.1113,-0.1382,-0.0338
43674.18535,-0.2021,-0.0039,0.0516,0.3755,0.2002,-0.3558
43674.2155,0.0843,0.0271,0.1926,-0.0118,0.2602,-0.4403
43674.24565,0.1113,0.1643,-0.0556,-0.1785,0.0847,-0.2632
43674.27583,0.0226,-0.0121,-0.0735,0.3084,0.3155,-0.1443
43674.30598,0.1252,-0.0487,-0.0502,-0.3771,0.1129,-0.1766
43674.33613,0.0244,0.0311,0.0578,0.0212,0.1747,-0.1222
43674.36629,-0.1194,-0.0801,-0.0563,-0.1489,-0.0683,-0.0686
43674.39644,0.0981,-0.2428,0.1613,-0.2756,-0.0502,0.1934
43674.42662,0.1411,-0.1131,-0.0882,-0.5662,-0.275,0.155
43674.45677,-0.0646,-0.0182,-0.0726,-0.2431,-0.0613,0.0747
43674.48692,-0.098,-0.1186,0.1256,-0.4572,-0.1742,0.1826
43674.51707,-0.3082,0.0258,-0.1274,-0.2476,-0.1299,-0.0617
43674.54723,0.4057,-0.0665,0.1175,-0.5382,-0.0829,0.1597
43674.57741,-0.2012,0.1043,-0.2419,-0.2539,0.0212,0.364
43674.60757,0.0426,0.1099,0.0937,-0.043,0.2206,0.2674
43674.63772,0.0184,0.0642,-0.1863,0.0121,-0.0189,0.4218
43674.66787,-0.3893,0.1044,-0.0597,0.3883,0.1181,0.2779
43674.69802,-0.0564,0.0702,-0.0666,-0.0333,-0.0731,0.0952
43674.72817,0.1206,0.0519,-0.1031,-0.3066,-0.2548,0.3063
43674.75835,-0.4625,0.1288,-0.0806,0.2837,-0.168,0.3248
43674.78851,0.1347,-0.0424,0.0201,0.0245,0.0124,-0.1362
43674.81866,0.3955,0.006,-0.001,-0.2975,-0.2144,-0.0025
43674.84881,-0.2839,0.1831,0.1377,1.2614,0.2287,0.3601
43674.87896,0.0256,-0.0639,0.2014,0.6963,0.0277,0.3161
43674.90914,0.2476,0.0859,-0.0744,-0.1837,-0.335,0.0706
43674.93929,0.097,0.0978,0.1412,0.3833,0.0134,-0.2106
43674.96944,-0.2261,0.1449,-0.1654,0.7702,-0.0427,0.0804
43674.9996,-0.143,-0.0594,0.2624,0.369,-0.0262,0.1335
43675.02975,-0.2983,0.1029,0.0449,-0.1735,-0.4109,0.2336
43675.05993,-0.126,0.0907,-0.1027,-0.2546,-0.2087,-0.5896
43675.09008,0.8818,0.0511,-0.2511,-0.5094,-0.2169,0.04
43675.12023,-0.9007,0.4714,-0.18,1.6838,0.4763,-0.0771
43675.15038,-0.2585,-0.0764,0.2723,1.5704,0.5216,-0.3914
43675.18053,0.2241,0.0013,0.0671,-0.2668,-0.1572,-0.2855
43675.21069,0.0511,0.2007,0.0017,-0.278,-0.4563,-0.2685
43675.24087,-0.2087,0.208,0.003,0.5566,0.1313,-0.4149
43675.27102,-0.0262,0.0329,0.1447,0.7979,0.115,-0.204
43675.30117,-0.3708,0.1713,0.4321,0.5632,0.1166,-0.615
43675.33132,0.5794,-0.2526,0.1279,-0.2073,-0.1506,-0.3517
43675.36147,0.0651,0.1506,-0.2282,-0.4918,0.1138,-0.4003
43675.39166,-0.2268,0.164,0.1405,0.2374,0.773,-0.4704
43675.42181,0.1319,0.1572,0.1475,-0.0296,0.5762,-0.5663
43675.45196,-0.0007,-0.0643,-0.1656,0.0196,-0.0476,-0.4265
43675.48211,0.1709,-0.1471,-0.0656,-0.4498,-0.0122,-0.1092
43675.51226,-0.2406,-0.1633,0.026,-0.3641,-0.3104,0.1914
43675.54244,0.0962,-0.0706,-0.1601,-0.5633,-0.0586,-0.115
43675.57259,0.3395,-0.0744,-0.1011,-0.7011,-0.3562,-0.0725
43675.60274,-0.0618,-0.0771,0.1072,-0.0727,-0.028,0.2516
43675.63289,-0.124,-0.0032,-0.097,-0.4159,-0.0492,0.3066
43675.66304,-0.0496,-0.0841,-0.0753,-0.6597,0.0032,0.1463
43675.69322,0.1528,-0.0015,-0.0078,-0.9381,0.1586,0.1
43675.72337,0.0102,0.0664,-0.2704,-0.4554,0.1417,0.2085
43675.75352,-0.4233,0.1328,-0.1467,0.126,0.3563,0.2868
43675.78368,-0.059,0.063,-0.1499,0.1311,0.2221,0.0655
43675.81383,0.614,-0.0798,-0.1233,-0.7486,0.217,-0.1453
43675.84398,-0.1724,0.2104,-0.296,0.137,-0.3629,0.1766
43675.87416,-0.6404,0.1308,0.2224,1.0129,0.1384,-0.0185
43675.90431,0.1626,-0.0165,0.2511,-0.5373,-0.2087,-0.0413
43675.93446,-0.1489,0.1695,0.0887,-0.2518,-0.44,0.1713
43675.96461,0.22,-0.1726,-0.1576,-0.023,0.0894,0.0504
43675.99477,-0.2529,0.1222,0.1617,0.0187,0.1853,0.0544
43676.02495,-0.1068,0.1596,-0.1309,0.4587,0.0649,-0.1449
43676.0551,0.2347,-0.2414,0.3717,0.5559,0.3257,0.2561
43676.08525,0.1675,0.0355,-0.0262,-0.2847,0.044,0.0037
43676.1154,0.0463,0.218,-0.1356,-0.1563,-0.2415,-0.041
43676.14555,-0.2827,0.1283,-0.0734,0.3018,-0.1527,-0.0676
43676.17574,-0.1433,-0.1898,0.0576,0.5567,-0.3101,0.3038
43676.20589,-0.1389,-0.1315,0.3267,0.8372,0.3516,0.4963
43676.23604,-0.0853,0.5865,0.1394,-2.1645,-0.8048,-1.8051
43676.26619,0.3624,-0.1984,-0.2183,0.7678,-0.3006,0.3212
43676.29634,-0.0757,-0.1056,-0.141,0.0028,0.0353,0.3078
43676.32649,-0.2241,0.1383,0.0223,0.0968,0.1384,-0.0111
43676.35667,0.0853,0.0256,-0.2313,0.1216,0.0818,-0.0361
43676.38683,-0.0271,0.0608,0.2054,0.1043,0.1667,-0.0954
43676.41698,-0.3118,0.0711,-0.0157,0.1224,-0.0371,0.0143
43676.44713,-0.1357,0.1413,0.1031,0.1868,0.4676,-0.4417
43676.47728,0.0457,0.0576,0.1175,0.3721,-0.0326,0.1259
43676.50746,-0.4492,0.2619,-0.0288,0.6713,0.2684,-0.7153
43676.53761,0.9858,-0.0107,-0.1795,-0.1753,0.4636,-0.3845
43676.56776,-0.3265,0.1797,0.1304,0.5464,0.0921,-0.4526
43676.59794,-0.674,-0.0063,0.3788,0.6621,0.063,-0.1596
43676.62809,-0.2048,-0.1764,0.1433,0.1366,0.0398,0.17
43676.65827,0.9503,-0.01,-0.1095,-1.2659,0.4893,-0.0894
43676.68842,-0.1095,-0.0558,-0.2548,-0.0431,-0.3763,-0.4216
43676.71857,-0.1884,-0.2092,0.0369,-0.3209,0.2632,-0.5124
43676.74873,0.2401,-0.0064,-0.0439,-0.7204,-0.0952,-0.1134
43676.77888,-0.0725,-0.0226,-0.087,0.0568,-0.0595,0.2376
43676.80903,0.2639,-0.1641,-0.1287,-0.6792,-0.0288,0.4872
43676.83921,-0.0697,0.025,-0.0175,-0.8506,0.1886,0.3549
43676.86936,-0.2535,0.1534,-0.3325,-0.6972,-0.0597,0.3201
43676.89951,-0.5106,0.0785,0.1719,0.9306,0.067,0.1702
43676.92966,0.0474,-0.155,0.0157,-0.0596,-0.3192,-0.1613
43676.95982,0.2624,-0.1727,0.0878,-0.0393,0.0181,0.1974
43676.99,-0.1716,0.2453,-0.1818,-0.5398,0.2719,-0.0355
43677.02015,0.205,0.1235,-0.0918,0.2794,0.4083,0.0681
43677.0503,-0.1663,0.137,-0.1614,0.2962,0.2652,0.2222
43677.08045,-0.0797,0.0434,0.0295,0.6484,0.2809,0.3468
43677.1106,-0.321,0.0822,0.0121,0.4057,0.1731,0.1746
43677.14079,0.0469,0.0369,0.0954,0.1806,-0.146,0.3045
43677.17094,-0.2745,0.127,-0.0831,0.2134,-0.4152,0.2833
43677.20109,0.3041,-0.1345,-0.0206,-0.2762,-0.2244,0.0445
43677.23124,-0.1137,0.216,0.0018,0.217,-0.0404,-0.0316
43677.26139,0.0958,0.0769,-0.1054,0.8468,-0.0252,-0.0328
43677.29157,-0.0335,-0.0092,0.1088,0.0735,0.034,-0.2002
43677.32172,-0.1196,0.0486,-0.0634,0.3793,-0.1986,0.0284
43677.35188,-0.3168,-0.0537,-0.012,0.451,-0.1206,0.1468
43677.38203,0.1079,-0.2074,0.0671,-0.0608,-0.1764,0.2206
43677.41218,-0.1696,0.0514,-0.0531,0.0863,-0.3964,0.1089
43677.44233,0.0433,-0.0092,0.1632,0.1747,-0.1319,-0.2205
43677.47251,0.0864,-0.0311,-0.0642,-0.2713,-0.1161,-0.1836
43677.50266,0.1954,0.0465,-0.0833,-0.364,-0.0686,-0.0368
43677.53281,0.0143,0.0029,-0.2566,-0.3687,0.0858,0.2007
43677.56297,-0.2143,0.1041,-0.0775,0.2532,0.3199,0.2215
43677.5931,-0.1882,0.0594,-0.0282,0.3239,0.1926,0.1853
43677.62329,0.0847,0.0324,0.0525,-0.2671,0.1097,0.2406
43677.65344,-0.0606,0.0686,-0.1231,-0.0875,-0.0185,-0.0596
43677.68359,-0.2544,-0.0795,-0.0568,-0.1065,0.1125,-0.4843
43677.71374,0.1532,0.0791,0.0992,-0.6636,0.1502,-0.6227
43677.74389,0.0513,0.2022,-0.0894,-0.1176,0.0578,-0.4355
43677.77407,0.0442,0.0658,-0.0889,0.0724,0.1995,-0.523
43677.80423,0.0064,-0.0336,-0.0009,0.2759,0.0255,-0.1914
43677.83438,0.0252,-0.0737,-0.0483,-0.0844,-0.1289,0.0048
43677.86453,-0.1243,-0.1563,0.3028,-0.0144,-0.1693,0.0774
43677.89468,-0.016,-0.2649,0.0335,-0.8483,-0.3956,0.0233
43677.92483,0.1559,0.059,0.0286,-0.7942,-0.2706,0.1408
43677.95501,-0.1912,0.0192,-0.0455,-0.3886,-0.0858,-0.0017
43677.98516,-0.0276,0.0213,-0.1686,-0.4448,0.0049,0.0471
43678.01532,-0.0845,0.0954,-0.1776,-0.205,-0.0918,0.129
43678.04547,-0.1503,0.0729,-0.0144,0.2587,0.1364,0.0062
43678.07562,-0.1119,0.0685,0.0154,-0.0264,0.0033,-0.0134
43678.1058,0.1742,0.1301,-0.01,-0.2978,-0.1186,-0.1205
43678.13595,-0.2974,0.1586,-0.1345,0.245,-0.211,0.0688
43678.1661,-0.5623,-0.1122,0.2378,0.9964,-0.3061,0.5215
43678.19625,0.0111,0.0596,-0.0705,-0.3273,0.1121,-0.5841
43678.22641,1.1253,-0.0657,-0.0912,-1.1023,-0.8633,0.0269
43678.25659,-0.6055,0.3557,-0.0579,1.3005,0.629,0.3663
43678.28674,-0.1634,0.0555,0.0778,0.722,0.3107,-0.0347
43678.31689,-0.1496,0.0958,0.1745,0.5799,-0.1094,0.1235
43678.34704,-0.4921,0.0002,0.3062,0.8043,-0.3242,0.4837
43678.37719,-0.2403,-0.2086,0.5277,0.5203,0.0135,0.3243
43678.40734,0.3065,-0.0111,-0.1407,-1.6287,-0.5178,-0.0011
43678.43753,-0.5014,0.3249,0.6367,1.1051,0.7095,-0.0516
43678.46768,0.4059,-0.0617,0.2228,-0.2457,-0.0517,-0.4194
43678.49783,-0.1898,0.216,0.0882,-0.1864,0.3935,-0.2684
43678.52798,-0.0315,0.1076,-0.2106,0.6939,0.6449,0.1688
43678.55813,0.0329,0.0669,0.1074,0.1013,0.5387,0.1758
43678.58831,-0.33,0.1032,0.1902,0.2377,0.2433,-0.3107
43678.61848,-0.3091,-0.0628,0.299,0.3264,0.067,-0.2049
43678.64863,-0.1235,0.2302,-0.0757,-0.9119,-0.452,-0.6372
43678.67878,0.3318,0.1208,0.1723,-0.0299,0.0051,-0.4476
43678.70893,-0.1012,0.1014,-0.1048,-0.551,-0.4761,-0.3
43678.73911,-0.2777,0.0868,-0.2144,-0.4152,-0.3223,-0.0762
43678.76926,0.4032,0.2025,-0.0473,0.2241,0.4171,-0.257
43678.79941,-0.1516,0.1683,-0.0687,0.5945,0.4357,-0.1002
43678.82957,-0.5735,0.1962,0.2423,1.0667,0.5302,-0.3727
43678.85972,0.0146,0.0255,0.1061,0.0291,0.0126,-0.6582
43678.88987,0.1584,-0.0113,0.3649,-0.7599,-0.0719,-0.5507
43678.92005,-0.3564,0.2204,-0.0419,-1.0544,-0.475,-0.7734
43678.9502,0.2048,-0.1852,-0.2537,0.723,0.2562,-0.1902
43678.98035,0.5158,-0.1005,-0.0553,-0.6461,0.0616,-0.1378
43679.0105,0.2209,-0.2033,-0.3228,-0.195,-0.0358,-0.2759
43679.04066,-0.1516,-0.0391,-0.1519,-0.3114,0.2623,0.1176
43679.07084,-0.0418,-0.282,-0.0242,-0.3688,-0.0782,0.468
43679.10099,-0.4102,-0.0304,-0.0147,-0.5786,-0.2287,0.4302
43679.13114,0.1232,0.1216,-0.0765,-0.3543,-0.0524,-0.0655
43679.16129,0.2875,-0.1232,-0.1905,-1.4807,-0.6815,-0.4
43679.19144,-0.6787,0.1395,0.0459,0.5478,0.246,0.355
43679.22162,0.2007,0.0655,0.1604,-0.1721,0.4998,-0.2098
43679.25178,0.0527,0.1614,-0.122,0.3392,0.1864,-0.0126
43679.28193,0.3519,-0.1671,0.1591,-0.2134,0.1863,0.0691
43679.31208,-0.6915,0.1953,-0.0089,-0.035,-0.0292,0.4078
43679.34223,-0.3257,-0.0782,0.0218,0.6254,-0.0584,0.4641
43679.37241,-0.472,-0.1851,0.0737,0.1653,-0.3784,0.7477
43679.40256,0.6738,0.2881,-0.5369,-0.0223,0.7093,0.1577
43679.43271,0.4092,-0.1309,-0.1152,0.2696,-0.8323,0.168
43679.46287,-0.927,0.0026,-0.1023,0.6267,0.215,0.4779
43679.49302,-0.1244,0.0834,0.1405,0.7657,0.2636,0.1265
43679.52317,1.0704,-0.1668,0.1678,-1.158,-0.2492,-0.1033
43679.55335,-0.2707,0.2609,-0.0651,0.0521,-0.4915,-0.1902
43679.5835,-0.4844,0.0584,-0.0503,0.2962,-0.2913,-0.2654
43679.61367,-0.1835,-0.0748,-0.0935,-0.3218,-1.1534,0.7007
43679.64382,0.0866,-0.2195,0.1042,0.2254,-0.1573,0.3719
43679.67397,0.2684,-0.2283,-0.1204,-0.6843,-0.5005,0.0943
43679.70415,0.0861,0.0517,-0.0373,-0.4804,0.0038,0.246
43679.7343,-0.3035,0.1288,0.0824,-0.0195,0.6321,0.0256
43679.76446,-0.0233,0.0184,0.0665,0.4641,0.5698,0.2215
43679.79461,-0.1433,0.2278,-0.0564,0.7652,0.2787,0.2582
43679.82476,-0.4213,0.0489,0.0952,0.7203,-0.1193,0.4028
43679.85494,-0.049,0.054,-0.0572,-0.214,0.0679,-0.2859
43679.88509,0.1486,0.0524,-0.0767,0.2172,-0.1143,-0.338
43679.91524,-0.367,0.1623,0.1436,0.6887,0.1427,-0.451
43679.94539,0.1458,-0.0236,-0.0304,-0.0691,0.0969,-0.4149
43679.97555,0.1644,0.1795,-0.0604,-0.0891,0.0164,-0.3417
43680.0057,-0.0939,0.0271,0.0326,0.3637,0.1413,-0.1637
43680.03588,-0.1515,-0.0342,0.0644,-0.2153,0.1715,-0.1097
43680.06603,0.1485,0.0913,-0.0008,0.1109,0.1179,-0.1599
43680.09618,-0.0633,-0.187,0.059,0.1282,-0.1531,-0.0464
43680.12633,0.0208,-0.135,-0.0135,-0.2646,-0.0599,-0.2922
43680.15648,0.1222,0.0241,0.0112,-0.2176,-0.2029,-0.6836
43680.18667,-0.1355,-0.1368,0.1317,-0.111,-0.0754,-0.8216
43680.21682,0.298,0.2938,-0.3517,-0.8763,0.1941,-1.6356
43680.24697,0.2237,-0.3932,0.2149,0.506,0.3265,-0.9964
43680.27712,-0.5477,0.2358,-0.1924,-0.3494,0.6722,-1.3115
43680.30727,0.0922,0.2325,-0.4147,0.3886,0.2762,-0.2333
43680.33745,0.1476,0.1445,0.1482,0.6802,0.2653,-1.2373
43680.36761,-0.1893,0.136,-0.0327,0.9037,0.1321,-1.4498
43680.39776,-0.0881,0.2684,-0.0864,1.7822,-0.0521,-1.1923
43680.42791,-0.0777,0.1962,0.0383,2.6798,-0.3753,-1.0801
43680.45806,-0.5293,-0.2229,0.3592,-0.0056,-0.1131,-1.0228
43680.48821,-0.6299,-0.3816,0.358,-1.3786,0.2944,0.3914
43680.51839,-0.5429,-0.213,0.2096,-2.1224,0.6677,1.189
43680.54854,-0.2452,-0.3693,0.2129,-2.9175,0.5509,1.8395
43680.5787,0.2878,-0.1001,-1.0059,-1.6112,-0.4108,2.9325
43680.60883,0.8006,1.509,-0.246,0.5044,-0.9219,-0.0153
43680.63898,0.3121,-0.728,-0.1428,-1.8652,-0.7948,0.0692
43680.66917,-0.3219,0.0195,-0.3528,-1.2084,-0.1439,0.6696
43680.69932,-0.4265,-0.2358,0.0548,-0.5581,0.1388,0.7293
43680.72947,0.2071,0.0381,0.028,-2.6614,-0.5316,0.2392
43680.75962,0.3935,-0.2745,-0.2005,-2.3057,-0.945,0.1627
43680.78977,-0.6975,-0.1186,0.1069,-3.6293,-0.6561,0.2167
43680.81995,-0.2025,0.8474,-0.1609,0.2892,0.1986,0.2848
43680.85011,0.2184,-0.2191,-0.0151,1.8387,0.4913,0.6248
43680.88026,-0.2074,0.0462,-0.0729,1.043,0.6087,0.2268
43680.91041,0.2658,-0.0817,0.1969,1.0035,0.526,0.4935
43680.94056,-0.2303,-0.0399,-0.1072,0.0073,0.0435,-0.2954
43680.97071,-0.1222,0.2535,0.3347,0.211,0.4978,-0.0158
43681.00089,0.6403,-0.6823,-0.0958,-0.6895,-0.3255,0.1181
43681.03104,-0.4852,0.3246,-0.4064,-1.2921,-0.1602,-0.3873
43681.0612,-0.1453,0.1726,-0.2402,1.2859,0.5364,0.1688
43681.09135,0.1908,-0.1437,0.0329,-0.4912,-0.1284,-0.2716
43681.1215,-0.0407,-0.1221,0.0146,-0.5163,-0.1656,-0.6185
43681.15168,0.1651,-0.1108,-0.1101,-0.9412,-0.2371,-0.6399
43681.18183,0.0467,-0.1796,-0.1045,-0.7772,-0.1568,-0.2957
43681.21198,-0.1361,0.1611,-0.2912,-0.0864,0.2738,0.1565
43681.24213,0.4171,-0.1231,-0.1184,0.0501,0.0024,0.2392
43681.27229,-0.1687,0.1032,-0.2152,-0.3506,-0.2792,-0.0223
43681.30247,-0.232,0.0043,-0.0912,0.3452,-0.2959,0.3977
43681.33262,-0.1484,-0.1369,0.0537,-0.1846,-0.4275,0.1608
43681.36277,0.2175,0.1568,0.055,0.473,-0.0817,0.222
43681.39292,0.3172,-0.3121,-0.2155,0.5677,-0.1992,-0.012
43681.42307,0.0891,0.0161,-0.2671,-0.1578,0.4692,0.3782
43681.45322,-0.4102,-0.0077,-0.1622,0.7186,0.0398,0.5826
43681.48341,-0.3619,0.161,0.0728,0.9131,0.0867,0.2826
43681.51356,0.3839,-0.0277,-0.0767,-0.1098,-0.5826,0.4806
43681.54371,-0.2265,0.0596,-0.3244,-0.2746,-0.4926,0.2233
43681.57386,-0.2736,0.0034,-0.2453,0.2067,-0.672,0.2012
43681.60403,-0.2031,0.2497,-0.022,0.7,-0.1137,0.3739
43681.63421,0.4346,-0.5405,0.1465,-0.031,-0.3178,0.7586
43681.66436,-0.0343,0.376,-0.0253,0.1052,-0.1594,0.1129
43681.69451,0.1418,-0.0532,0.2078,1.3091,-0.0479,0.9944
43681.72466,-0.1764,0.1149,0.2972,0.265,-0.2816,0.5593
43681.75481,0.0557,-0.1636,0.0823,0.3632,-0.358,0.5823
43681.785,-0.3449,0.2771,-0.3292,-0.2249,-0.6466,0.0489
43681.81515,0.1112,-0.0206,0.1648,0.7809,-0.4184,0.1984
43681.8453,-0.2246,0.2318,-0.0401,-0.1545,-0.0952,-0.3694
43681.87545,-0.0193,0.2397,-0.0743,0.6444,-0.0835,-0.4549
43681.9056,-0.2395,-0.198,0.2683,0.77,-0.2646,0.5322
43681.93575,-0.2381,0.3047,0.1942,0.0498,-0.1876,-0.1088
43681.96593,0.4862,-0.1061,-0.018,0.9183,-0.028,0.3384
43681.99609,-0.1186,0.1269,-0.2448,0.007,-0.013,-0.4851
43682.02624,-0.2078,0.2163,0.2062,0.9122,0.3098,-0.1885
43682.05639,-0.2139,0.1435,0.0576,-0.2989,0.1608,-0.5473
43682.08654,0.2398,-0.0986,-0.0525,0.1722,0.0399,-0.0299
43682.11672,-0.1236,0.1372,0.1391,0.0674,0.3687,-0.0939
43682.14687,0.1002,-0.1132,-0.0933,-0.0269,0.1513,-0.0967
43682.17702,-0.1532,0.1695,0.174,0.0668,0.4848,-0.3797
43682.20718,0.0866,-0.1265,0.1071,0.1484,0.1556,-0.2409
43682.23733,0.366,-0.05,-0.174,-0.5563,0.0277,-0.2577
43682.26751,0.1133,-0.2281,-0.0904,-0.665,-0.1493,-0.5565
43682.29766,-0.1891,0.091,-0.0456,-0.7775,-0.1024,-0.2953
43682.32781,-0.113,0.0547,-0.0006,-0.091,-0.2478,0.0585
43682.35796,0.0278,0.0995,-0.02,-0.1694,-0.129,0.0732
43682.38811,0.1538,-0.1178,-0.0638,0.0122,-0.361,0.1412
43682.41827,-0.3462,0.0066,0.0258,-0.3877,-0.1292,0.0975
43682.44845,-0.1605,0.3463,0.0013,0.2506,0.3152,-0.2139
43682.4786,0.2569,-0.0995,0.007,0.6976,-0.1012,-0.0667
43682.50875,-0.1583,0.2597,-0.0482,0.1338,0.1157,-0.0005
43682.5389,0.0629,-0.2887,-0.0685,0.9087,0.1649,0.5752
43682.56905,-0.4405,0.217,0.0388,-0.5994,0.088,-0.3044
43682.59925,-0.0414,0.0899,0.0425,0.8005,0.4426,0.3247
43682.6294,-0.0456,0.1369,-0.0456,-0.655,-0.0099,-0.3095
43682.65955,0.2123,0.1736,-0.1924,0.3363,-0.0322,0.2596
43682.68971,-0.1574,0.3332,0.0126,0.6722,0.2821,0.1362
43682.71986,-0.1099,-0.1179,0.2211,0.9346,0.0513,0.1316
43682.75004,-0.0009,-0.0557,-0.0714,-0.0522,-0.1209,0.0584
43682.78019,0.1598,-0.0629,-0.0244,0.3468,-0.1272,0.2418
43682.81034,-0.1215,0.0744,0.2051,-0.1473,-0.0475,0.015
43682.84049,0.1356,0.1456,-0.1336,-0.1235,-0.3113,-0.1666
43682.87064,-0.0862,-0.0629,0.0299,0.1633,0.0603,-0.2095
43682.9008,-0.0487,0.054,-0.1693,-0.4222,0.0941,-0.2121
43682.93098,-0.007,0.1172,-0.0512,0.4227,-0.0449,0.0211
43682.96113,-0.2432,-0.0786,0.2502,0.4926,0.1255,0.2043
43682.99128,-0.2813,-0.0017,0.2309,0.0684,-0.0561,0.1927
43683.02143,0.1922,-0.0136,-0.0335,0.1286,-0.1594,0.1065
43683.05158,-0.0957,-0.0668,0.0713,-0.2146,0.033,-0.3385
43683.08176,0.0093,0.188,0.0211,-0.0757,0.1587,-0.3791
43683.11192,-0.2248,0.2293,0.1222,-0.1845,-0.0169,-0.4052
43683.14207,-0.0642,0.2427,0.038,0.1115,0.1606,-0.1564
43683.17222,-0.0871,0.1456,0.0024,-0.0521,0.3521,-0.4087
43683.20237,0.1036,0.0176,-0.2782,0.0617,-0.0074,-0.4048
43683.23255,-0.1234,0.076,0.1111,0.5059,0.4177,-0.4043
43683.2627,0.3981,-0.2888,0.1828,-0.6879,-0.0166,-0.5812
43683.29285,-0.0579,0.0988,0.0799,-0.7876,0.0475,-0.6707
43683.32301,0.0164,0.0244,-0.0614,-0.1919,0.0749,-0.3906
43683.35316,0.1104,-0.2786,-0.1055,-0.4661,0.0149,0.0108
43683.38331,-0.1255,-0.0626,-0.0023,-0.7583,0.0049,-0.0432
43683.41349,0.0091,-0.0688,-0.1742,0.0605,0.0686,0.2322
43683.44364,-0.1132,-0.1944,-0.0045,-0.6594,-0.1693,0.2284
43683.47379,-0.0496,0.2646,-0.0428,-0.4886,0.1444,0.1475
43683.50395,0.2471,-0.1128,-0.1934,0.1676,-0.0349,0.4765
43683.5341,-0.2858,0.1651,-0.04,-0.767,0.0468,0.0887
43683.56428,-0.3373,0.1526,-0.0328,0.1948,0.1347,-0.0014
43683.59443,0.0623,0.0536,-0.0339,0.3972,0.1042,0.1056
43683.62457,-0.1687,-0.0212,-0.0318,-0.2354,-0.0664,-0.1382
43683.65472,-0.2424,0.2231,-0.0843,0.0139,-0.107,-0.3179
43683.68487,0.092,-0.044,-0.0746,0.1371,-0.1978,-0.0799
43683.71505,-0.0373,0.09,0.0256,-0.2563,-0.0792,0.0328
43683.7452,0.0381,0.1374,0.2899,0.4041,0.1174,0.5314
43683.77536,-0.0218,0.0247,-0.1701,0.3266,0.1589,0.7797
43683.80551,0.1209,0.0489,-0.1651,0.8857,0.1774,0.9688
43683.83566,-0.0868,-0.2571,-0.0231,0.8445,-0.0686,0.722
43683.86581,-0.0286,-0.1753,-0.1005,0.1602,-0.3285,0.6208
43683.89599,-0.2138,0.004,0.1905,0.1098,-0.2532,0.5807
43683.92614,0.1892,-0.0041,-0.1212,-0.3751,-0.2703,0.2708
43683.95629,0.0657,-0.0155,-0.2147,-0.4572,-0.0571,-0.255
43683.98645,-0.2068,0.0618,0.1731,0.3637,0.1973,-0.0649
43684.0166,-0.0845,0.2221,0.1588,0.107,0.2027,-0.0555
43684.04678,-0.0651,0.1071,0.0257,0.3828,-0.1106,0.1254
43684.07693,-0.1905,-0.0505,0.0309,-0.1815,-0.2684,0.1652
43684.10708,-0.2917,0.1129,-0.0628,-0.2367,-0.4142,0.1319
43684.13723,0.05,-0.0351,-0.0478,0.6753,-0.1504,0.1233
43684.16738,-0.0036,-0.096,-0.0927,-0.2202,-0.2358,-0.3865
43684.19757,0.2232,-0.0352,-0.1513,0.0035,-0.0704,-0.3615
43684.22772,-0.0475,0.1846,-0.019,0.1389,0.2311,-0.1729
43684.25787,0.0479,0.0933,0.1551,0.1862,0.2519,-0.1203
43684.28802,-0.2464,0.1086,0.1058,-0.1873,0.2804,-0.1249
43684.31817,0.0697,0.0392,0.1018,0.117,0.0869,-0.1527
43684.34832,-0.1701,0.1354,0.1949,-0.2509,0.1714,-0.5696
43684.3785,0.1523,-0.1308,-0.0349,-0.2974,-0.0372,-0.644
43684.40866,-0.0021,0.042,-0.075,-0.1493,-0.0073,-0.4179
43684.43881,-0.1335,0.0248,0.0825,0.2813,-0.151,-0.1542
43684.46896,-0.0191,0.0286,0.0117,-0.4066,-0.1002,-0.2339
43684.49911,0.1844,0.0242,-0.2234,-0.2842,0.0363,-0.1332
43684.52929,-0.2438,0.0159,-0.3272,-0.0983,-0.0093,-0.1462
43684.55944,-0.083,0.0553,0.0556,0.5097,0.3091,-0.1227
43684.58959,-0.1062,-0.0876,0.1052,-0.2648,-0.1471,-0.3645
43684.61976,-0.0105,0.0574,0.0641,0.0475,-0.0614,0.0269
43684.64991,-0.0743,-0.1136,-0.0861,-0.0251,-0.2446,0.3452
43684.68009,-0.0975,0.2506,-0.1343,1.142,0.1779,0.5435
43684.71024,-0.0561,-0.2954,-0.102,0.9823,-0.0011,0.5922
43684.7404,-0.1874,0.2212,-0.177,0.6962,0.2995,0.2336
43684.77055,0.126,-0.2021,-0.0795,0.556,0.2707,0.1659
43684.8007,0.0458,0.1134,-0.0104,-0.381,0.2765,-0.0364
43684.83085,-0.1462,0.0607,-0.0829,-0.1972,0.258,0.2001
43684.86103,-0.1689,0.0956,0.157,0.2953,0.1378,0.4351
43684.89118,-0.0484,-0.0565,-0.0214,0.373,-0.0214,0.3752
43684.92133,0.0486,-0.1156,0.1409,-0.1324,-0.1538,0.0902
43684.95149,-0.0978,-0.0095,0.0008,-0.6826,-0.1196,-0.182
43684.98164,0.0645,0.0433,-0.1673,-0.5049,-0.108,-0.2897
43685.01182,0.0739,0.0241,-0.0921,-0.3826,0.0759,-0.0753
43685.04197,-0.2368,-0.1153,-0.1244,-0.2488,0.0106,0.3458
43685.07212,0.1645,0.0661,-0.1562,0.1092,0.0887,0.395
43685.10227,-0.0566,-0.2011,-0.111,-0.4812,-0.3593,0.4058
43685.13242,-0.1269,-0.0647,0.0574,-0.0182,-0.1677,0.5073
43685.16261,-0.1572,0.0795,-0.0822,-0.4453,-0.1781,-0.0538
43685.19276,0.0891,0.0293,0,-0.356,-0.0819,-0.1363
43685.22291,-0.1845,0.2948,0.0163,0.1169,0.1089,-0.252
43685.25306,0.0459,0.0276,-0.057,0.0102,0.0769,-0.1871
43685.28321,-0.2428,0.163,0.1537,0.3565,0.3129,-0.0983
43685.31336,-0.0432,0.1448,0.2002,0.1249,0.1854,-0.3722
43685.34354,0.1572,0.0363,0.0006,-0.4069,0.1469,-0.293
43685.3737,-0.061,-0.0662,-0.0946,-0.4522,-0.1092,-0.465
43685.40385,-0.1674,-0.0136,0.0148,-0.1033,-0.1612,-0.1109
43685.434,0.2319,-0.2381,-0.0328,0.0409,-0.156,0.3053
43685.46415,0.1709,-0.1463,-0.1342,-0.7255,-0.202,0.042
43685.49433,-0.0471,0.0666,-0.1257,-0.1021,0.1014,-0.0919
43685.52448,-0.2656,0.0455,-0.0301,0.262,0.1144,0.1055
43685.55463,0.0518,-0.0729,-0.0703,-0.5063,-0.0065,-0.1274
43685.58479,-0.1619,0.2061,-0.1966,-0.2176,-0.1075,-0.4016
43685.61495,-0.0246,-0.1775,0.2903,0.7412,-0.1788,0.1745
43685.64513,-0.164,0.2937,0.1338,0.1397,-0.052,0.1704
43685.67528,0.1496,-0.2285,-0.2031,1.5619,-0.0443,1.4055
43685.70543,-0.1313,-0.3027,-0.1634,-0.5445,0.0058,0.4887
43685.73558,-0.0143,-0.0154,-0.2666,-0.1414,0.039,0.1739
43685.76573,0.1178,-0.0402,-0.0851,-0.201,0.2965,0.195
43685.79589,-0.1749,0.0217,0.0759,-0.2843,0.1483,0.0601
43685.82607,-0.1384,-0.076,-0.3215,-0.1236,-0.0547,0.1219
43685.85622,0.1444,-0.0627,0.1073,-0.1515,-0.294,0.3094
43685.88637,0.0854,0.1042,-0.1761,-0.4479,-0.3873,0.2559
43685.91652,0.0509,-0.061,-0.0568,0.3593,-0.0785,0.2999
43685.94667,0.2604,0.0593,-0.121,-0.046,-0.0844,-0.1381
43685.97685,0.1663,0.1482,-0.0412,0.0675,-0.2109,-0.1496
43686.00701,-0.4698,0.0259,-0.0379,0.6913,-0.4507,0.305
43686.03716,-0.7363,-0.0782,0.4157,0.7619,-0.5391,0.3804
43686.06731,-0.2233,0.156,0.0038,-0.2972,-0.582,-0.4673
43686.09746,0.6132,-0.1393,0.048,0.0104,-0.3582,0.5434
43686.12764,-0.051,-0.0806,-0.1548,0.419,-0.229,0.2411
43686.15779,-0.3706,0.2126,0.0286,-0.1689,0.2279,-0.7755
43686.18794,0.5866,-0.1876,0.292,-0.1556,0.0847,-0.106
43686.2181,-0.177,0.2614,-0.1732,0.4159,0.52,0.0274
43686.24825,-0.1351,0.025,0.0443,0.3987,0.1909,0.2378
43686.2784,-0.3929,0.1824,0.1324,0.0185,-0.0683,0.3049
43686.30858,-0.0332,0.0784,0.0118,0.4605,-0.0386,-0.1606
43686.33873,0.5501,-0.4026,-0.1478,-0.5958,-0.3817,-0.0116
43686.36888,-0.2638,0.3673,0.0831,-0.8121,0.2076,-0.63
43686.39903,0.1807,0.1514,-0.0098,0.2317,0.3256,-1.1561
43686.42919,-0.2263,0.1878,-0.0434,0.6806,0.4191,-0.4169
43686.45937,0.0776,0.0522,0.155,0.8041,0.376,-0.2801
43686.48952,-0.3282,-0.1936,-0.0495,0.0115,-0.3475,-0.1218
43686.51967,-0.1776,0.1645,0.0109,0.3028,-0.1516,-0.0761
43686.54982,0.404,-0.0806,-0.0076,0.2561,-0.1243,0.1871
43686.57997,-0.2238,-0.0529,0.0531,-0.1947,-0.2413,-0.0475
43686.61016,-0.0912,0.2489,0.1189,0.417,0.1683,-0.2447
43686.64031,0.3018,-0.3482,0.0376,0.0721,-0.1569,-0.2519
43686.67047,-0.0854,0.4411,-0.1061,-0.3255,0.4809,-0.1396
43686.70062,-0.2097,-0.2504,-0.0942,-0.035,0.0869,-0.0523
43686.73077,-0.741,0.3133,0.332,-0.5531,0.0922,0.1685
43686.76092,0.3993,-0.0042,-0.0419,-0.0619,0.0021,0.531
43686.7911,0.1508,-0.081,-0.32,-0.8987,-0.3456,-0.5754
43686.82125,-0.3281,0.3204,-0.0742,-0.1561,0.0878,-0.2632
43686.8514,-0.1924,0.097,0.3181,0.074,0.1995,-0.0342
43686.88156,0.5789,-0.0274,0.0074,0.3177,0.28,0.5496
43686.91171,-0.3564,0.2635,0.261,0.2991,0.1968,0.0591
43686.94189,-0.3971,-0.0359,0.0616,0.7421,-0.0921,0.4704
43686.97204,0.1631,-0.2196,-0.1666,-0.0697,-0.226,0.6288
43687.00219,0.1001,0.019,-0.1961,-0.7613,-0.2573,0.034
43687.03234,0.4379,-0.2462,-0.2036,-0.3485,-0.1608,0.1722
43687.06249,-0.4958,0.0674,-0.0627,-0.5717,-0.0917,0.0505
43687.09268,0.1262,0.0348,-0.1959,0.492,0.6283,0.0786
43687.12283,0.4685,0.0552,-0.169,-0.3188,-0.2101,-0.6528
43687.15298,-0.6828,0.3172,-0.0187,0.8718,-0.263,0.3805
43687.18313,-0.334,-0.075,-0.0244,0.3582,0.1034,-0.0763
43687.21328,0.7557,-0.217,-0.1404,-0.9349,-0.0935,0.0971
43687.24343,-0.4273,0.243,-0.0557,-0.6297,-0.2012,-0.6478
43687.27362,-0.3638,0.2538,0.1064,0.5639,0.2018,-0.7427
43687.30377,0.3499,0.0182,-0.0351,-0.0245,0.3806,0.1071
43687.33392,0.4869,0.0326,-0.0112,-0.2676,0.2125,0.0189
43687.36407,-0.3187,-0.0575,0.0519,-0.626,-0.015,-0.2079
43687.39422,-0.516,0.0511,0.1275,-0.3366,0.0021,0.2472
43687.4244,0.2355,-0.2623,0.0337,0.4051,-0.0457,0.4853
43687.45455,0.5635,-0.2135,0.0392,-0.4539,0.1737,0.2152
43687.48471,-0.1764,-0.1362,-0.2295,-1.3101,-0.4528,-0.8826
43687.51486,-0.7416,0.2203,0.0773,0.3367,0.1423,0.0299
43687.54501,0.2519,0.1201,0.0578,0.4757,0.571,-0.1368
43687.57519,0.6682,-0.2023,-0.165,-1.1048,-0.5177,-0.732
43687.60533,-0.5104,0.3481,-0.0989,-0.3443,0.0049,0.1499
43687.63548,-0.5847,-0.0069,-0.2569,0.3654,0.1565,0.292
43687.66563,-0.5146,0.2476,0.0935,0.7384,-0.0603,-0.1465
43687.69579,0.3771,-0.2589,0.0802,0.9161,0.0139,0.4778
43687.72594,0.1794,0.0365,-0.0544,-0.6212,-0.6448,-0.2628
43687.75612,-0.3081,-0.0364,0.1517,1.1318,-0.1022,0.7585
43687.78627,0.1402,-0.0391,0.0476,0.4071,0.6094,0.2602
43687.81642,0.4379,-0.2789,-0.3067,-0.6808,-0.0685,-0.1581
43687.84657,-0.2342,0.2466,-0.1665,0.5167,0.458,0.4678
43687.87672,-0.3214,0.0315,0.0972,1.3258,0.1498,0.7981
43687.90691,-0.0649,-0.0815,0.0362,0.2287,-0.3099,0.3472
43687.93706,0.5588,-0.2292,0.1547,-0.6907,-0.3656,0.5392
43687.96721,-0.2254,0.0835,-0.2404,-1.4211,-0.8582,-0.3756
43687.99736,-0.3046,0.0858,0.0329,0.6357,0.3628,0.0747
43688.02751,0.2178,0.0375,0.0278,-0.2842,0.1306,-0.5037
43688.05769,-0.1174,-0.0271,0.0454,0.0913,0.1191,0.0058
43688.08784,-0.334,0.1344,0.084,0.3577,0.1965,0.057
43688.118,-0.0844,0.0075,0.2556,-0.1356,-0.0902,0.1644
43688.14815,-0.0312,0.0981,0.0397,-0.4061,0.0326,0.042
43688.1783,-0.0711,0.0973,0.1271,-0.2987,-0.0827,-0.2165
43688.20845,-0.214,0.0066,0.1825,-0.2586,0.1665,-0.2937
43688.23863,0.1039,0.1148,-0.126,0.0137,0.3073,-0.3116
43688.26878,0.3908,-0.1131,-0.2117,-0.2487,0.1822,-0.2615
43688.29893,-0.1533,0.1612,0.0482,-0.1552,0.2841,-0.3933
43688.32909,-0.3212,0.2023,-0.0372,0.3127,0.1609,-0.1818
43688.35924,0.1868,-0.0055,0.0588,0.2428,0.0596,0.0024
43688.38942,-0.0791,-0.0155,-0.0277,-0.0884,-0.1558,-0.1398
43688.41957,0.0549,-0.0083,-0.1066,0.0654,-0.1475,-0.3716
43688.44972,0.1515,-0.0431,0.1895,-0.1113,-0.1438,-0.3226
43688.47987,-0.6014,-0.0515,0.1392,-0.5299,-0.639,-0.0691
43688.51003,0.5419,0.0746,-0.2623,0.3932,0.0074,0.875
43688.54021,0.2524,-0.0065,-0.2194,-0.2836,-0.4523,-0.0577
43688.57036,-0.3417,0.0118,-0.0533,0.5515,0.0401,0.315
43688.60051,-0.3329,-0.0206,-0.1585,0.1775,0.4059,0.1889
43688.63068,-0.0017,-0.0107,-0.0177,0.514,0.3233,0.1609
43688.66083,-0.0063,-0.0458,0.0522,-0.112,0.3474,0.1934
43688.69098,-0.1651,0.2951,-0.0104,-0.1182,0.2529,-0.0608
43688.72116,-0.1331,0.0787,-0.1158,0.0075,-0.1147,-0.2762
43688.75131,0.301,-0.1225,-0.1814,0.379,0.2183,0.3011
43688.78146,0.0831,0.1228,-0.1175,0.3607,0.1016,0.0381
43688.81162,-0.0467,0.1175,0.0804,0.5165,-0.1527,0.1028
43688.84177,-0.1955,0.0431,0.0725,0.3657,-0.1256,0.1456
43688.87195,-0.0916,-0.1183,-0.0355,0.24,-0.5983,0.0071
43688.9021,-0.2143,0.0443,0.0005,0.2599,-0.223,0.0998
43688.93225,0.138,-0.1822,0.101,-0.1159,-0.3292,-0.0598
43688.9624,0.0144,0.2997,-0.1551,-0.2992,-0.1003,-0.3075
43688.99255,-0.1241,0.0006,0.1089,0.6294,-0.2442,-0.1951
43689.02274,-0.1593,-0.1139,-0.0169,0.966,0.4805,0.2835
43689.05289,-0.1484,-0.0838,0.2052,0.7104,0.1694,0.1888
43689.08304,0.2293,-0.1601,-0.2097,-0.2208,0.0284,0.0572
43689.11319,0.0194,-0.0843,0.0862,-0.4175,-0.3899,-0.1847
43689.14334,-0.169,0.027,-0.1076,-0.0864,-0.092,0.2468
43689.17349,0.0911,-0.0298,-0.0123,-0.4642,-0.035,0.1206
43689.20367,-0.0795,0.104,0.3176,-0.4469,0.2863,0.3027
43689.23383,0.1438,-0.0921,-0.2461,-0.1975,0.2859,0.0185
43689.26398,0.0065,0.0824,-0.0808,-0.3744,0.4676,-0.3644
43689.29413,-0.2951,0.2868,-0.0439,0.3684,0.3398,-0.143
43689.32428,-0.0389,-0.0269,0.0218,0.0978,0.1998,0.0696
43689.35446,-0.037,-0.0646,-0.0807,-0.7174,-0.2252,-0.3358
43689.38461,0.1172,0.2195,-0.031,-0.4032,-0.1172,-0.4287
43689.41477,0.0757,-0.0839,-0.0825,0.0188,0.0668,-0.1112
43689.44492,0.0479,-0.1375,0.1881,0.0903,0.0388,0.0288
43689.47507,-0.2403,0.1733,-0.0229,-0.3176,-0.2036,-0.0078
43689.50522,-0.1161,-0.0094,0.2273,-0.164,-0.0623,0.4908
43689.5354,-0.1098,0.1941,0.1313,-1.376,-0.2665,-0.2406
43689.56555,-0.3138,0.2596,0.0438,0.1299,-0.0789,-0.1325
43689.5957,0.2224,0.0817,0.1983,-0.0975,-0.228,-0.0291
43689.62587,0.0442,-0.118,0.0512,0.7296,0.0543,0.3089
43689.65602,-0.2495,-0.1392,-0.0468,0.0367,0.2044,0.5679
43689.68621,0.0916,-0.2371,-0.2082,0.1739,0.2216,0.7715
43689.71636,-0.2163,-0.0612,-0.3075,-0.1423,-0.0622,0.293
43689.74651,0.0691,0.0152,0.037,0.1855,0.0365,0.1529
43689.77666,0.1162,0.1221,-0.1444,-0.294,-0.1526,-0.1411
43689.80681,-0.0213,0.3207,0.014,0.3409,-0.0712,-0.1493
43689.83699,0.1472,0.2536,-0.0273,0.1411,-0.0812,0.0472
43689.86715,-0.3782,0.3268,0.0108,0.6694,-0.5162,0.0457
43689.8973,-0.0869,0.0442,-0.1158,0.8845,-0.2761,0.0905
43689.92745,-0.1181,0.0609,0.2236,0.4876,-0.342,-0.1693
43689.9576,-0.1157,0.144,0.023,0.2453,-0.2227,-0.4415
43689.98775,0.148,0.0401,0.2458,0.2533,-0.1493,-0.2302
43690.01793,-0.1901,-0.039,-0.0841,0.3757,-0.0499,-0.333
43690.04808,0.0239,0.0798,0.2384,0.2309,0.3668,-0.5836
43690.07824,0.2461,0.0707,-0.2185,-0.143,-0.0554,-0.2589
43690.10839,-0.3094,0.148,0.0461,-0.0663,0.3375,-0.1318
43690.13854,-0.0136,-0.1258,-0.0882,0.1039,0.2277,-0.1163
43690.16872,-0.3004,0.0852,0.1028,-0.1117,0.1321,-0.2125
43690.19887,0.2976,-0.2049,0.1079,-0.0809,0.1573,0.0048
43690.22902,-0.0856,-0.0163,0.1081,-0.6875,0.1787,-0.2215
43690.25917,-0.1898,0.1292,0.241,-0.631,0.1663,-0.1648
43690.28933,0.1474,-0.0014,-0.0616,-0.51,0.1458,-0.2108
43690.31951,0.1527,-0.0285,0.0237,-0.3362,0.2214,-0.1469
43690.34966,0.0062,-0.0369,-0.2279,-0.2659,0.3285,0.0947
43690.37981,-0.1311,-0.0743,-0.0774,0.0341,0.1701,0.2479
43690.40996,0.2689,-0.2267,-0.4539,0.2207,0.0012,0.2993
43690.44011,-0.5697,0.1858,-0.0879,0.6337,-0.1074,-0.0604
43690.47026,0.0705,0.176,0.2807,0.4887,0.2143,-0.6368
43690.50045,0.4953,0.1101,0.2255,-1.2781,-0.901,-0.4613
43690.5306,-0.419,0.2049,-0.0312,0.5563,-0.7287,0.782
43690.56075,-0.1673,-0.1629,0.2789,0.5161,-0.0029,0.7253
43690.5909,-0.1349,-0.1719,-0.1377,-0.4577,-0.0122,0.3935
43690.62104,0.3887,-0.3965,-0.0238,0.0961,0.7862,0.5606
43690.65122,-0.0302,-0.0509,-0.0271,-0.9648,0.0229,-0.3749
43690.68137,-0.4036,0.2826,-0.0063,-0.4039,0.3139,-0.0286
43690.71152,0.2262,-0.0771,-0.3018,-0.1177,0.2047,0.2896
43690.74168,0.0525,-0.0917,-0.2745,0.2008,0.0895,0.3726
43690.77183,-0.1682,0.0013,0.1419,1.0959,0.019,0.7123
43690.80201,-0.1316,0.0169,0.2382,-0.1534,-0.3219,0.4942
43690.83216,0.1794,0.0271,0.04,-0.5286,-0.3581,0.2539
43690.86231,-0.1586,0.1437,0.1131,-0.3103,-0.4541,-0.0824
43690.89246,0.2557,0.1317,-0.2635,0.3008,0.1022,-0.0143
43690.92261,-0.1765,-0.0132,-0.1872,0.2275,-0.2889,-0.1018
43690.95277,-0.3924,0.2468,-0.0768,0.4423,0.2059,-0.1396
43690.98295,0.1293,-0.0385,-0.0826,0.3059,-0.2664,0.3327
43691.0131,0.1358,-0.1204,-0.152,-0.5472,-0.4489,0.112
43691.04325,-0.2954,0.0232,0.1136,-0.1651,-0.0438,-0.2192
43691.0734,-0.0735,0.0727,0.1057,-0.3787,-0.104,-0.1644
43691.10355,-0.0602,0.0816,-0.0351,-0.2551,0.0245,-0.3119
43691.13373,0.1872,0.0548,0.0973,0.4492,0.3737,0.0125
43691.16389,-0.1698,0.1495,-0.0721,0.2347,0.3951,-0.1802
43691.19404,-0.0339,-0.0282,0.0049,0.4612,0.4408,-0.1453
43691.22419,0.1371,-0.022,0.1851,-0.3133,0.0546,-0.3032
43691.25434,-0.1988,0.1028,-0.1198,-0.085,-0.0555,-0.124
43691.28452,0.0786,-0.0431,0.3256,0.219,0.1,0.0497
43691.31467,-0.0227,-0.0985,0.026,-0.9654,-0.3856,-0.2913
43691.34482,0.0314,-0.1215,-0.1403,-0.2105,-0.1714,0.0568
43691.37498,0.1544,-0.143,0.0315,0.057,0.1294,0.2529
43691.40513,-0.0675,-0.1427,-0.1607,-0.57,-0.0822,-0.0949
43691.43528,0.2941,0.2004,-0.5496,-0.1162,0.1996,0.0971
43691.46546,-0.1672,-0.1662,-0.1812,-0.2076,0.0013,0.2656
43691.49561,-0.1663,0.4259,-0.3622,-0.2388,0.3492,-0.1576
43691.52576,0.2405,0.0924,0.1338,0.6855,0.1726,0.0509
43691.55591,-0.2892,-0.0694,0.0506,0.195,0.0026,-0.0676
43691.58607,-0.5615,0.031,0.1588,0.4302,-0.0482,0.0318
43691.61626,0.447,-0.0586,-0.2114,0.3104,-0.1628,0.3206
43691.64641,-0.0771,-0.1353,-0.1008,0.3108,-0.3367,0.4626
43691.67656,-0.0567,-0.06,-0.2748,-0.0131,-0.2419,0.4169
43691.70672,0.1935,0.0482,-0.2413,0.533,0.1802,0.2989
43691.73687,0.0584,-0.127,0.1973,0.4478,0.141,0.1466
43691.76702,-0.0931,-0.0087,0.0749,0.4058,0.3766,0.082
43691.7972,-0.1734,0.1336,0.2668,0.2569,0.012,-0.0771
43691.82735,0.0479,0.0067,0.0298,0.2257,-0.226,0.0879
43691.8575,-0.0487,0.065,0.1566,-0.1995,-0.1338,0.0132
43691.88766,-0.0931,0.1569,-0.1102,0.2389,-0.1611,-0.0421
43691.91781,-0.1672,0.0263,0.0081,0.1501,-0.0724,-0.157
43691.94799,0.2954,0.032,0.0636,-0.0253,0.0942,-0.0202
43691.97814,-0.5772,0.2785,0.0816,0.1928,-0.0749,-0.1388
43692.00829,0.55,0.0934,-0.2313,0.5555,0.6409,0.2339
43692.03844,-0.0939,-0.0248,-0.1303,-0.427,-0.4645,-0.5361
43692.06859,-0.4364,0.0648,0.137,0.4079,0.094,-0.1522
43692.09878,0.0991,0.0455,0.1807,-0.4114,-0.0947,-0.421
43692.12893,0.1225,-0.0375,-0.1164,-0.3761,-0.2157,-0.2433
43692.15908,0.1918,-0.2029,-0.0871,0.2348,0.1771,0.3444
43692.18923,-0.3562,0.0451,0.0824,-0.6305,-0.0571,-0.1354
43692.21938,-0.0059,-0.006,-0.045,0.2246,0.2866,-0.2387
43692.24953,0.4281,-0.1632,0.1061,-0.2439,0.0794,0.2779
43692.27971,-0.2227,0.1766,0.1201,-0.6266,0.3479,-0.1624
43692.30987,0.1045,-0.0365,-0.1163,-0.0485,0.302,-0.1021
43692.34002,-0.1885,0.1806,-0.003,-0.1612,0.1749,-0.1845
43692.37017,-0.0301,-0.021,-0.1119,-0.0379,-0.0331,-0.1441
43692.40032,0.4257,-0.1652,-0.1547,-0.8057,-0.3215,0.0795
43692.4305,-0.353,0.0039,-0.1898,-0.0639,-0.0354,0.0516
43692.46065,0.0487,0.0129,-0.028,0.1259,0.0543,0.0867
43692.4908,-0.0853,-0.0673,0.0611,-0.5381,-0.1008,-0.0565
43692.52096,0.0091,0.2502,0.0055,-0.2154,0.1926,0.0862
43692.55111,-0.1875,0.0487,0.1262,-0.1968,0.0589,0.1077
43692.58129,-0.5341,0.2044,0.1219,0.6897,-0.0969,0.0981
43692.61143,0.1244,-0.3737,0.1008,0.6614,-0.1941,0.6096
43692.64158,0.1594,0.0318,-0.0921,-0.4616,-0.2442,0.1019
43692.67173,0.1174,-0.2071,-0.1277,0.5359,-0.0065,0.2697
43692.70188,-0.2843,0.1167,0.112,0.0121,0.2922,0.2081
43692.73203,0.0916,0.0235,-0.153,0.1256,0.0495,0.0118
43692.76221,0.2249,-0.1524,0.0182,0.0934,-0.1657,0.4465
43692.79237,-0.2114,0.153,-0.0421,0.2464,0.1454,0.1153
43692.82252,0.2902,-0.1193,-0.111,-0.2385,-0.2516,0.2551
43692.85267,-0.3474,0.103,0.1412,0.0284,0.0339,0.018
43692.88282,-0.1162,0.0725,-0.0208,-0.0916,-0.1558,-0.1376
43692.913,0.0007,-0.0791,0.0953,0.0098,-0.1182,0.0992
43692.94315,0.1114,0.1808,-0.0871,-0.3205,0.0488,-0.222
43692.9733,-0.1257,-0.0459,-0.3112,0.1954,-0.1329,-0.0761
43693.00345,-0.1227,-0.0946,0.0305,-0.2469,0.1479,0.0965
43693.03361,-0.0025,-0.0902,-0.1633,-0.1249,-0.0542,0.0331
43693.06379,0.1787,0.1411,-0.0474,-0.4549,0.0203,0.1616
43693.09394,-0.2781,0.0147,0.0905,0.008,0.11,-0.0136
43693.12409,-0.3767,0.0001,0.2306,0.3397,0.4339,-0.1412
43693.15424,0.1239,-0.0754,0.0802,-0.9333,0.2591,-0.4223
43693.18439,0.2804,-0.2153,-0.043,-2.43,-0.0929,-0.3733
43693.21455,-0.2451,0.3423,-0.1024,-1.3034,0.1109,-0.3436
43693.24473,0.0895,0.0534,-0.0784,-0.4502,0.1298,-0.1017
43693.27488,0.029,-0.198,-0.1405,-1.5543,-0.3666,0.0183
43693.30503,0.0969,0.0494,-0.2054,-0.3841,-0.175,0.0736
43693.33518,0.153,-0.0965,0.0678,-0.0251,-0.1,0.1174
43693.36533,0.0786,-0.0771,-0.0421,0.1082,-0.0769,0.0675
43693.39551,-0.3908,-0.1524,0.0331,-0.0776,-0.4376,0.3341
43693.42567,-0.2457,0.0059,-0.0899,-1.148,-0.8033,-0.147
43693.45582,0.4199,-0.0939,-0.0064,-1.0641,-0.3508,-0.3104
43693.48597,-0.1087,0.3039,-0.2621,0.296,-0.2021,-0.0209
43693.51612,-0.2027,0.1685,0.1957,0.2568,0.3868,-0.2262
43693.54627,-0.1512,0.2846,-0.0208,0.293,-0.0132,-0.0088
43693.57645,0.2934,-0.0593,-0.1363,0.1609,0.1069,0.1855
43693.6066,-0.1128,0.1884,0.0359,0.1928,-0.077,0.1949
43693.63677,-0.5342,0.1388,0.0746,1.6009,0.0119,0.1075
43693.66692,0.2027,-0.3205,0.149,0.2153,-0.1695,-0.0539
43693.69707,0.4653,-0.025,-0.2948,-0.8416,-0.2486,-0.4323
43693.72726,0.0021,0.0818,-0.2427,0.2935,-0.2038,-0.4273
43693.75741,-0.2846,0.2615,0.1241,0.8158,0.5599,-0.3172
43693.78756,0.2419,-0.1128,0.0265,0.118,-0.1191,-0.0205
43693.81771,-0.0501,-0.038,0.0691,0.9373,0.1716,0.1881
43693.84786,-0.2821,-0.1588,0.5294,0.1938,0.0951,0.1737
43693.87804,-0.2465,-0.3142,-0.0565,-0.5408,-0.4227,0.0234
43693.90819,-0.3903,0.1501,0.1977,-0.3882,-0.1272,-0.3742
43693.93835,0.7385,-0.2174,-0.0937,-1.3741,-0.1192,-0.5593
43693.9685,-0.2404,0.2976,-0.0784,-1.0652,0.1281,-0.2116
43693.99865,0.4923,0.0353,0.0105,0.6961,0.7739,0.0372
43694.0288,0.1534,0.0758,-0.0502,-0.2924,-0.0202,-0.1476
43694.05898,-0.1966,0.0066,0.0977,0.2243,0.2512,0.1257
43694.08913,0.0094,-0.1275,0.1187,-0.005,-0.045,0.181
43694.11928,-0.3242,-0.1462,-0.1216,-1.1278,-0.6476,0.2146
43694.14944,-0.0843,0.015,-0.0264,-0.5787,-0.291,-0.012
43694.17959,-0.0224,0.0893,-0.0267,-0.1453,-0.3254,0.0386
43694.20977,0.4036,-0.1005,-0.076,-0.5002,-0.1779,-0.2196
43694.23992,-0.1189,0.0995,0.0001,-0.2744,-0.0879,0.0787
43694.27007,-0.0242,0.0503,0.0672,1.4139,0.2857,0.1981
43694.30022,0.1943,-0.2538,0.0851,0.4511,0.4015,0.171
43694.33037,-0.1628,0.026,-0.0364,0.2706,0.1689,0.2578
43694.36056,-0.2699,0.0689,0.1484,1.5617,0.6513,0.0374
43694.39071,0.1685,-0.0496,-0.0868,1.9324,0.3691,-0.1974
43694.42086,-0.0707,0.0227,-0.0173,0.8465,0.1462,-0.1224
43694.45101,0.1234,0.0891,-0.0426,0.9869,0.0178,-0.351
43694.48116,-0.0455,-0.0359,-0.0122,0.6921,-0.1784,-0.1764
43694.51131,0.2067,0.1862,0.1412,0.0722,0.0914,-0.1645
43694.5415,0.1357,-0.1603,0.0235,-0.4776,-0.4467,-0.121
43694.57165,-0.0603,0.0787,-0.0117,-0.4873,-0.0553,-0.0165
43694.6018,0.0984,-0.0081,0.1026,-0.3257,-0.0161,0.0738
43694.63197,0.3205,-0.3127,0.0367,-0.7417,-0.3985,0.0501
43694.66213,-0.3803,0.0684,0.0094,-0.3721,-0.0649,0.3825
43694.69231,0.1737,-0.1636,-0.0083,0.6422,0.2126,0.3399
43694.72246,0.0233,-0.3356,0.1443,-0.3994,-0.1906,0.0211
43694.75261,0.0818,0.0613,0.0051,-0.1499,-0.0235,0.0943
43694.78276,0.1842,-0.1282,-0.0111,-0.0808,-0.1035,0.0296
43694.81291,-0.1402,-0.0193,0.0025,-0.4546,-0.1425,-0.1027
43694.84309,-0.1845,0.0815,0.0967,0.7412,0.4574,0.0605
43694.87325,0.5129,0.0595,0.0069,0.222,0.1443,0.1335
43694.9034,0.0949,0.0149,-0.0482,-0.1614,-0.1674,0.0633
43694.93355,-0.4075,0.1689,-0.0132,0.2675,0.0243,0.1679
43694.9637,0.0687,0.0845,0.0974,0.6093,0.301,0.0667
43694.99385,0.3926,-0.2248,0.1191,-0.6787,-0.7562,-0.1685
43695.02403,-0.284,0.1024,-0.0131,-0.3455,-0.2327,0.0625
43695.05418,0.1419,-0.0892,-0.0656,0.0105,-0.02,-0.0659
43695.08434,-0.0314,0.0524,-0.0661,0.2149,-0.0646,0.072
43695.11449,0.1552,0.1148,0.0366,0.673,0.1928,0.0628
43695.14464,-0.1302,-0.0464,0.0082,0.5815,0.0233,0.0903
43695.17482,0.1512,0.051,-0.0481,0.8835,0.2157,-0.1507
43695.20497,-0.1365,-0.0169,0.1962,0.3255,-0.0714,-0.2819
43695.23512,-0.0703,0.0249,-0.0098,0.3707,0.0612,-0.0071
43695.26528,0.3,0.014,0.1101,0.1314,0.101,-0.0295
43695.29543,0.0093,-0.0171,0.1068,-0.5098,-0.2709,-0.1914
43695.32558,-0.0585,0.0603,0.0193,-0.1139,0.1652,-0.0411
43695.35576,0.0944,0.0683,0.0333,-0.1,0.2503,-0.325
43695.38591,-0.1619,-0.1328,0.2692,-0.2225,-0.1073,-0.2754
43695.41606,-0.2248,0.1056,0.2164,0.3784,0.3706,0.2145
43695.44621,0.297,-0.0762,0.1142,-0.128,-0.037,0.0215
43695.47637,-0.1561,-0.1207,0.1657,-0.6254,-0.0939,-0.0587
43695.50655,0.3031,-0.0639,-0.0129,-0.1889,0.2605,-0.1924
43695.5367,0.17,-0.112,-0.0109,-1.025,-0.2549,-0.1374
43695.56685,-0.463,0.2168,-0.1217,-0.5444,-0.1129,0.0044
43695.597,0.0026,-0.0471,-0.0082,-0.2269,-0.1968,0.0255
43695.62714,-0.2286,0.1135,0.3633,0.261,0.2644,0.2072
43695.65732,0.4403,0.1827,0.1818,-0.6265,-0.0839,0.2088
43695.68747,-0.363,0.107,-0.2866,-0.0922,-0.3221,0.3103
43695.71762,0.0782,-0.0876,-0.2577,0.6438,0.0241,0.2529
43695.74778,0.1243,-0.1765,0.0351,-0.0337,-0.3441,0.0364
43695.77793,-0.2728,0.1591,0.0214,0.4468,0.1169,0.248
43695.80808,0.3329,-0.0403,0.1334,0.1513,-0.043,0.4122
43695.83826,-0.2633,0.1194,0.1349,0.2485,-0.0264,0.421
43695.86841,-0.2125,0.4373,0.1258,0.3488,0.1347,-0.4611
43695.89856,-0.0742,-0.1576,0.2283,0.1926,-0.3277,-0.514
43695.92871,-0.2542,0.254,-0.2212,0.2749,-0.2253,0.7715
43695.95887,0.1263,-0.0618,0.0244,-0.148,-0.2399,0.1997
43695.98905,-0.1141,0.0317,0.079,0.2621,0.1624,0.2759
43696.0192,-0.3,-0.0024,-0.111,0.4541,0.2432,0.3698
43696.04935,0.0862,0.1787,-0.2068,0.3736,0.4955,-0.1044
43696.0795,0.3572,-0.0754,0.1165,0.8334,0.3627,-0.063
43696.10965,-0.6371,0.3109,-0.0774,1.1423,0.3919,-0.1779
43696.13983,0.0124,-0.0444,0.3036,1.1964,0.3342,-0.0489
43696.16999,-0.3983,0.0601,0.0332,-0.5769,-0.4272,0.0715
43696.20014,0.7737,0.0952,0.0121,-0.4259,0.0777,0.0188
43696.23029,-0.3609,0.0626,-0.213,0.8287,0.0438,0.0426
43696.26044,-0.3147,-0.0737,-0.0097,1.0112,0.9951,-0.2089
43696.29059,0.2336,0.2025,0.243,0.6069,0.1734,-0.514
43696.32077,-0.5069,0.1953,0.0915,0.9043,0.0501,0.0021
43696.35092,0.3494,-0.3101,0.2281,-0.0448,0.3349,0.2597
43696.38108,-0.0474,-0.0898,-0.0594,-1.5265,-0.4175,-0.7211
43696.41123,-0.0604,0.063,0.0419,0.4707,0.6359,-0.2561
43696.44138,-0.187,0.2292,0.0585,-0.0405,0.1003,-0.4619
43696.47156,-0.0912,-0.0962,-0.1437,0.0928,0.0173,-0.1062
43696.50171,0.314,-0.0059,-0.2044,-1.2046,-0.449,-0.2236
43696.53186,-0.2301,0.0198,-0.1893,-0.7168,-0.6275,-0.2318
43696.56201,0.1306,0.0008,-0.2657,-1.0472,-0.2685,-0.3418
43696.59217,0.1018,0.0593,-0.1572,-1.1882,-0.4772,-0.3243
43696.62233,-0.334,0.2473,-0.1325,0.1333,0.075,-0.3174
43696.65251,0.1296,-0.066,-0.1592,0.2406,0.0171,-0.1915
43696.68266,0.1125,-0.0962,-0.1587,-0.4249,-0.2563,-0.0319
43696.71281,-0.1713,0.0858,-0.1902,0.0761,-0.1508,-0.0283
43696.74296,0.0532,0.1805,-0.0082,0.3382,0.1532,-0.1722
43696.77312,-0.4142,-0.0335,0.1059,0.2721,-0.1758,0.3846
43696.8033,-0.338,-0.1352,1.4747,-0.8924,1.2417,-1.1154
43696.83345,2.2638,-0.1627,0.6023,0.2298,-2.501,-1.0564
43696.8636,-3.4477,0.5904,0.5183,0.1372,1.1005,1.8112
43696.89375,0.6622,0.0505,0.3281,0.2732,1.9061,-0.3303
43696.9239,0.0442,-0.4967,0.3207,0.7309,-0.6504,0.7689
43696.95409,-0.1892,0.2371,-0.2195,-0.5995,1.1781,-0.5701
43696.98424,-0.4961,-0.1936,0.6831,0.7452,-1.7939,1.3668
43697.01439,-1.6408,0.0843,0.1007,0.6056,2.4388,-1.3591
43697.04454,4.7135,-0.5212,1.4666,-0.8821,-4.9201,0.0814
43697.07469,-3.3431,0.9536,0.8771,-0.5816,1.4309,1.9486
43697.10484,0.8615,-0.025,-0.6151,0.3438,4.146,-2.2323
43697.13502,-0.0735,0.384,0.1485,0.6499,-1.9085,0.9915
43697.16518,-0.1894,-0.2809,-0.2191,-0.1675,1.0521,-0.8935
43697.19533,-0.0273,0.2425,-0.0106,0.1697,-0.727,0.8007
43697.22548,-0.4896,0.1147,0.0697,0.1503,-0.0805,-0.3977
43697.25563,1.1623,-0.4916,0.6389,1.2133,2.9875,0.5506
43697.28581,-0.627,1.522,-1.1418,-4.2969,-5.1063,-0.3362
43697.31596,-1.5056,-0.951,0.2051,2.0983,2.864,-0.9861
43697.34611,1.4276,0.9041,0.2147,-0.4749,1.1579,-0.5102
43697.37627,0.0769,-0.4748,-0.0184,0.4359,-0.8786,-1.2173
43697.40642,-0.2911,0.2567,-0.1185,-1.1151,-0.0339,0.7711
43697.43657,-0.2694,0.2238,-0.0331,0.5448,0.7967,0.5826
43697.46675,0.2708,-0.2055,-0.1898,1.5603,0.7211,0.6422
43697.4969,-0.3461,-0.1785,-0.3172,0.2302,-0.1289,1.0876
43697.52705,0.0161,-0.2205,-0.2072,0.4486,0.0673,0.9814
43697.5572,0.0216,-0.1814,0.0224,0.0888,-0.4442,0.4081
43697.58736,0.0801,-0.0049,0.1814,-0.7619,-0.1477,-0.2379
43697.61753,0.2906,0.0257,-0.1395,-0.214,0.1151,-0.4844
43697.64768,-0.1245,-0.3234,-0.249,0.8596,0.0241,0.758
43697.67783,-0.3944,0.2752,-0.1773,-0.513,0.1761,0.383
43697.70798,-0.2612,-0.1927,-0.1897,1.2937,0.0856,0.6735
43697.73813,0.2104,-0.2758,-0.2449,0.4969,0.3279,-0.206
43697.76832,0.4554,-0.308,0.4922,-0.7962,-0.3804,-0.0557
43697.79847,-0.4541,0.2548,-0.2169,-0.5731,-0.274,-0.3338
43697.82862,0.0948,-0.0134,0.2687,-0.0678,0.0274,-0.394
43697.85877,-0.1283,0.0648,-0.2927,-0.0183,-0.4208,0.1589
43697.88892,-0.009,-0.1515,-0.1647,-0.027,-0.2122,0.2867
43697.91907,0.0095,-0.0949,-0.0569,-0.3641,-0.2677,0.366
43697.94925,-0.3816,-0.0058,-0.2118,-0.126,-0.0103,0.5116
43697.97941,0.2938,-0.022,-0.1887,-0.196,0.6672,-0.3177
43698.00956,0.6166,0.0343,0,-0.9427,0.0047,-0.0552
43698.03971,-0.6714,0.3173,-0.5789,0.1287,0.1976,1.0525
43698.06986,-0.2346,-0.1683,0.0373,1.2265,1.0607,-0.099
43698.10004,0.9766,-0.2414,0.1828,-0.6968,-0.2917,0.3558
43698.13019,-0.6466,0.2688,-0.046,-0.5251,-0.8198,0.136
43698.16034,0.0673,0.1282,0.0142,-0.3979,1.0197,-1.4887
43698.1905,0.7565,-0.1514,0.0149,-0.5938,-1.5349,-0.5518
43698.22065,-1.3123,0.516,0.1888,1.2099,-0.7233,0.2876
43698.25083,-0.094,-0.3661,0.0521,0.2672,0.6807,-0.7523
43698.28098,0.7186,-0.0468,-0.1239,-1.7237,-1.0526,-0.3122
43698.31113,-0.1572,0.2842,-0.185,-0.2696,-0.7144,0.0077
43698.34128,-0.2799,-0.0704,-0.2604,-0.5538,-0.4551,0.4061
43698.37143,-0.1141,0.0932,-0.1871,0.6241,-0.1074,-0.0433
43698.40159,-0.1872,0.1224,0.0605,1.4594,-0.1927,-0.0193
43698.43177,0.3132,-0.4364,-0.0128,1.6777,0.1932,0.4266
43698.46192,0.345,-0.0646,-0.085,-0.331,0.1428,0.1092
43698.49207,-0.2336,0.0267,0.133,-0.275,-0.0242,-0.031
43698.52222,-0.4965,0.1879,0.0049,0.3165,0.4414,0.5401
43698.55237,-0.3649,-0.0136,0.0031,0.8933,0.258,0.7299
43698.58256,0.232,-0.0107,-0.0093,0.4178,0.5809,0.3669
43698.61271,0.0625,-0.0157,0.1812,-0.4216,-0.3782,0.1448
43698.64288,-0.1689,0.1583,-0.2418,-0.6765,0.0257,0.1453
43698.67303,0.07,0.157,-0.0013,0.1551,0.2285,0.211
43698.70318,-0.1046,0.0422,0.0531,0.2187,-0.0744,0.6035
43698.73333,-0.0825,0.092,-0.1228,0.9429,0.1108,0.8272
43698.76351,0.197,-0.1949,0.1492,0.85,-0.0745,0.8043
43698.79366,-0.2484,0.0453,0.0684,-0.0618,-0.1864,0.2815
43698.82382,-0.0231,0.03,0.0234,-0.159,-0.2556,-0.1802
43698.85397,-0.1686,-0.0272,-0.0982,-0.9671,-0.5331,-0.2763
43698.88412,0.0635,0.0681,0.042,0.0905,-0.1488,0.144
43698.9143,-0.1867,0.1021,0.1596,-0.0617,-0.0859,0.2736
43698.94445,0.0011,0.1047,-0.2185,0.1184,0.131,-0.2005
43698.9746,0.2386,0.0075,0.0651,0.121,-0.0309,-0.1108
43699.00475,-0.4175,0.195,-0.0217,0.3628,0.2472,-0.1939
43699.03491,-0.1018,0.1001,0.0073,0.8004,0.0747,-0.2578
43699.06509,0.1136,-0.0938,0.1785,-0.2445,-0.3008,-0.0651
43699.09524,-0.0508,0.0027,-0.0279,-0.4921,-0.3752,0.0709
43699.12539,0.048,-0.1273,0.0667,-0.5235,-0.0235,0.2104
43699.15554,-0.2182,0.1985,-0.2433,-0.3084,0.1379,0.1969
43699.18569,-0.0858,0.07,0.1043,1.0491,0.7954,-0.2446
43699.21584,0.1317,0.0914,0.2033,0.8783,0.5539,-0.0937
43699.24603,-0.2217,0.2176,-0.0059,1.1159,0.4867,-0.4564
43699.27618,0.1206,-0.0332,0.2799,-0.3099,0.1198,-0.8033
43699.30633,-0.0858,0.1223,-0.0794,-0.9809,-0.1696,-0.6555
43699.33648,-0.033,0.2314,0.0933,-0.3343,0.202,-0.7727
43699.36663,-0.1479,-0.0424,-0.0738,0.4677,0.1351,-0.2738
43699.39681,-0.0413,-0.2387,0.1495,0.2558,-0.0711,-0.1023
43699.42697,-0.0371,-0.1256,0.0063,-0.9019,-0.2371,-0.3446
43699.45712,0.3423,-0.1267,0.0521,-0.8745,-0.1149,-0.2613
43699.48727,-0.095,-0.0869,0.0022,-1.1705,-0.3767,0.1396
43699.51742,-0.2539,0.2887,-0.2918,-0.2058,0.1738,-0.1417
43699.5476,0.4075,-0.0561,0.0009,0.4726,0.481,-0.0894
43699.57775,-0.2607,-0.0951,0.0999,-0.9289,-0.2142,0.1037
43699.6079,-0.2838,0.2598,-0.1965,-0.0709,0.1894,-0.0174
43699.63807,0.076,0.0456,0.0481,0.1882,0.1109,0.038
43699.66822,-0.1587,0.2691,-0.0218,-0.2886,0.0126,0.226
43699.69837,-0.1964,0.0807,-0.0094,0.5408,0.2156,-0.0549
43699.72855,0.134,0.0669,-0.0694,-0.0128,0.109,-0.1741
43699.7587,-0.3986,0.4368,0.2903,0.1139,0.3321,-0.0802
43699.78885,0.1115,-0.3144,-0.0811,1.769,0.7247,0.2564
43699.81901,0.1097,0.2205,-0.0043,-1.2504,-0.6997,-0.5689
43699.84916,-0.7259,0.3751,-0.1656,1.282,-0.3492,1.021
43699.87934,-0.7395,-0.0973,0.2794,1.3051,0.0292,0.7875
43699.90949,0.9118,-0.4732,0.0363,-0.8946,0.5947,0.3461
43699.93964,0.6663,0.0203,-0.2065,-0.8838,-0.9097,-0.0694
43699.96979,-0.3832,-0.0527,-0.1761,0.627,0.3105,-0.0969
43699.99994,-0.2653,0.0291,0.202,0.3885,0.6785,-0.1714
43700.0301,0.139,0.0216,-0.0543,-0.05,-0.0718,0.2246
43700.06028,-0.181,-0.0121,-0.0446,0.11,0.0267,0.2373
43700.09043,0.1668,-0.1484,0.0923,-0.364,0.12,0.2021
43700.12058,-0.3139,0.2898,-0.2172,-0.226,-0.5468,0.6433
43700.15073,-0.495,-0.0903,-0.105,0.3682,-0.5886,0.4009
43700.18088,0.3182,-0.2749,0.1631,-0.0998,-0.003,0.0271
43700.21107,0.2685,0.1551,-0.0689,-0.6634,-0.2304,-0.3988
43700.24122,-0.1431,0.183,0.1712,-0.7225,0.1971,-0.5636
43700.27137,-0.2878,0.3003,-0.1549,0.594,0.6272,0.0039
43700.30152,0.1253,0.0918,-0.0239,0.6083,0.325,-0.0187
43700.33167,-0.1798,0.109,0.1452,0.1665,-0.0513,0.1993
43700.36185,-0.1044,0.0473,0.0164,-0.3843,-0.3773,0.1491
43700.392,-0.2366,-0.026,0.0644,-0.8795,-0.6632,0.2875
43700.42216,-0.567,-0.0705,0.0701,-0.2253,-0.0423,0.247
43700.45231,0.2015,0.0878,-0.1612,-0.2365,0.3881,-0.8889
43700.48246,0.7159,-0.0526,0.1856,-0.2895,0.1556,-0.5794
43700.51261,-0.2721,0.2496,-0.1497,-0.2933,0.3913,-0.3531
43700.54279,-0.2311,-0.0303,-0.1043,-0.2201,0.1934,-0.3619
43700.57294,0.1925,0.072,-0.052,-0.0872,0.1572,0.0198
43700.60309,-0.0281,-0.1189,0.0394,0.5068,0.3984,0.2748
43700.63323,0.0686,-0.1698,0.0394,-0.1197,0.302,-0.0551
43700.66338,0.0352,0.0432,-0.3023,-0.4402,-0.4254,-0.4727
43700.69356,-0.361,0.0432,-0.1033,0.0644,-0.4731,-0.404
43700.72372,0.1174,-0.1739,0.1437,-0.3024,-0.1475,-0.4362
43700.75387,0.0538,-0.1163,-0.0727,-0.9252,-0.6962,-0.1812
43700.78402,0.1222,0.0348,-0.0364,-0.3684,-0.0365,-0.2023
43700.81417,-0.0377,-0.0283,0.1163,-0.6525,-0.2285,0.2879
43700.84432,-0.2947,0.1573,-0.1058,0.4046,0.4251,0.1871
43700.8745,0.0719,-0.0345,-0.1532,0.6483,0.0903,0.0812
43700.90465,0.0935,-0.0754,-0.1278,0.7166,-0.034,-0.0672
43700.93481,-0.1729,-0.1515,0.0752,0.4536,-0.0845,-0.1578
43700.96496,0.1982,-0.1597,0.0188,-1.1666,-0.1394,-0.233
43700.99511,-0.1478,0.3042,-0.3685,-0.2971,-0.0946,0.3011
43701.02529,-0.0212,-0.0152,-0.1767,0.5028,0.3114,0.0217
43701.05544,0.1155,-0.1218,-0.1843,-0.5303,-0.0302,0.0927
43701.08559,-0.5083,0.1091,-0.1836,-0.0307,0.0879,0.6205
43701.11574,-0.2738,-0.0555,0.0823,0.6737,0.3293,0.1034
43701.1459,0.7381,-0.0466,0.015,-0.3351,0.1774,0.0464
43701.17608,-0.1433,0.0204,-0.0954,0.4254,-0.7165,0.4749
43701.20623,-0.5014,-0.0289,0.0702,0.889,0.0423,0.5561
43701.23638,0.3159,-0.1076,0.1558,-0.7769,-0.6238,0.243
43701.26653,0.1018,-0.1106,-0.0486,-0.0839,-0.7423,0.2184
43701.29668,-0.0795,-0.158,-0.1208,-0.5978,-0.4488,-0.3597
43701.32683,0.1775,0.0526,-0.1391,0.0448,-0.2747,0.6499
43701.35702,-0.2591,-0.1628,-0.2453,0.427,-0.3416,1.1291
43701.38717,-0.1824,0.1399,-0.1379,0.4738,0.1685,0.1789
43701.41732,0.1354,0.0335,0.0125,0.0813,-0.453,0.1139
43701.44747,-0.4058,0.1662,-0.0566,0.2946,-0.0963,0.1232
43701.47762,0.0195,-0.1256,0.0311,0.2369,0.1267,-0.1244
43701.5078,0.2273,0.2707,-0.0202,-0.3163,0.027,-0.4842
43701.53795,-0.0565,0.1665,0.0046,0.6615,-0.0706,-0.1467
43701.56811,-0.2934,0.1357,0.3017,0.208,0.2399,-0.268
43701.59826,0.1212,0.2229,-0.0205,0.0084,0.3138,-0.319
43701.62843,0.1053,0.0571,0.003,0.3106,0.0416,-0.0608
43701.65862,-0.1962,0.0093,-0.0603,-0.0021,-0.1989,0.0215
43701.68877,-0.0078,0.1084,-0.0049,-0.0919,-0.0041,-0.4713
43701.71892,0.1664,-0.1245,-0.0144,-0.1584,-0.3018,-0.4575
43701.74907,0.2237,-0.1536,-0.063,-0.5973,-0.3261,-0.3481
43701.77922,-0.0708,-0.0903,0.0286,-0.2504,-0.2896,0.0366
43701.80937,-0.2791,-0.2078,0.0507,-0.1152,-0.1847,0.5595
43701.83956,-0.3339,-0.0038,0.0516,-0.5266,-0.0906,0.1735
43701.86971,-0.0745,0.1233,-0.0224,0.0206,-0.0212,-0.2124
43701.89986,0.0023,0.0572,-0.1348,0.0891,0.0798,-0.1891
43701.93001,0.1193,-0.022,-0.0987,0.6415,0.0814,0.3143
43701.96016,-0.1726,0.1943,-0.0722,0.0644,0.1744,-0.2719
43701.99034,0.4989,0.0602,-0.0331,-0.0107,0.4726,-0.258
43702.02049,-0.0679,0.1224,-0.3222,-0.2742,0.0684,0.1857
43702.05065,-0.4576,0.111,-0.1278,0.5818,0.2713,0.5574
43702.0808,-0.3079,-0.059,0.1725,0.8246,0.2429,0.3008
43702.11095,-0.2706,0.0162,0.1783,0.3756,-0.5206,0.7811
43702.1411,-0.3279,0.2542,-0.1317,0.4422,-0.1355,-0.1988
43702.17128,1.6939,0.0223,0.2161,-0.4217,-0.6113,0.0201
43702.20143,-0.5978,0.3939,0.109,0.2716,0.0003,-0.09
43702.23158,-0.3744,0.1146,0.2159,1.3089,0.629,-0.6369
43702.26174,0.2407,-0.039,0.0602,0.3049,-0.1208,0.4354
43702.29189,-0.4707,0.0387,0.1026,0.6568,-0.5547,0.562
43702.32207,-0.1796,-0.1109,0.0561,0.1223,0.0441,-0.3209
43702.35222,0.5518,-0.1103,-0.2461,-1.3076,-0.5128,-0.5258
43702.38237,-0.3734,0.2175,0.4734,0.0296,0.3162,-0.3703
43702.41252,0.1081,-0.0555,0.1003,-0.3616,-0.423,-0.5625
43702.44267,0.2189,0.1614,-0.1884,-0.9509,0.1477,-0.1814
43702.47286,-0.1077,0.2372,-0.2881,0.5097,0.5798,0.4569
43702.50301,-0.3726,0.2435,-0.1313,1.101,0.4871,0.166
43702.53316,0.0764,-0.2154,0.0717,0.9448,0.4924,-0.0512
43702.56331,-0.0913,-0.0947,-0.0008,-0.6624,-0.275,-0.2719
43702.59346,-0.0844,-0.0877,0.0996,0.1076,0.1882,-0.4632
43702.6236,0.2057,-0.1021,0.1255,-1.1208,-0.05,-0.5489
43702.65378,0.0035,0.3072,-0.2339,-0.6873,0.0884,-0.4542
43702.68393,-0.0845,0.013,0.0306,0.6501,0.0109,-0.0349
43702.71408,0.0141,-0.2555,0.1248,-0.3057,0.1378,0.0483
43702.74424,0.3196,-0.1339,-0.007,-0.9651,-0.0707,-0.105
43702.77439,0.0025,0.0077,-0.1357,-0.9109,-0.1122,-0.3202
43702.80457,-0.1514,-0.0127,0.0933,-0.489,0.1432,0.0074
43702.83472,-0.0231,0.1662,-0.2053,0.0961,0.1495,0.082
43702.86487,-0.1739,-0.0631,-0.023,0.0336,-0.2232,0.2877
43702.89502,-0.3523,-0.0058,-0.1681,-0.5424,-0.416,0.4684
43702.92517,0.1872,0.2108,-0.1153,0.3445,0.4667,-0.4244
43702.95533,0.2821,-0.1454,-0.0677,-0.5579,-0.4215,-0.3231
43702.98551,-0.4809,0.2126,-0.2057,-0.0354,0.5073,0.1893
43703.01566,0.0906,0.0272,0.0573,0.7965,0.5922,0.4798
43703.04581,-0.4449,0.1685,0.1209,1.6247,0.0079,1.206
43703.07596,-0.4398,-0.0306,-0.0227,1.3161,-0.1029,0.7406
43703.10611,1.1899,-0.4063,-0.0843,-0.9248,0.6142,0.4853
43703.1363,-0.1762,0.2542,-0.2399,-0.0884,-0.8897,0.0548
43703.16645,-0.7961,-0.098,0.3298,0.3625,0.2148,-0.4669
43703.1966,0.5916,0.0544,0.1552,-1.067,0.0474,-0.1106
43703.22675,-0.1764,0.1529,-0.2958,0.2924,-0.6021,0.728
43703.2569,-0.0519,-0.1076,-0.163,0.2221,0.1078,-0.0026
43703.28708,0.0813,-0.23,-0.1026,-0.1728,-0.489,0.4192
43703.31723,-0.9216,0.2641,0.0962,0.3398,-0.4458,-0.0355
43703.34739,0.3467,-0.3627,0.194,0.6111,-0.0016,0.1233
43703.37754,0.6763,-0.0842,0.0897,-1.7715,-0.3725,-0.2441
43703.40769,-0.1539,0.3433,-0.501,-0.7376,-0.1276,0.28
43703.43784,-0.3574,0.2769,-0.2837,0.5007,0.7976,0.1483
43703.46802,-0.1742,0.1074,0.0456,1.1358,0.3068,0.1102
43703.49817,-0.1752,-0.1289,0.061,1.1158,0.3635,0.271
43703.52832,0.2767,-0.1062,-0.084,-0.4849,-0.1754,-0.1073
43703.55848,0.0583,0.0971,0.0606,-1.1855,-0.0808,-0.6872
43703.58863,0.0062,0.2011,0.0341,0.0511,0.1447,-0.6197
43703.61881,-0.1198,0.0998,-0.0431,0.5185,0.0501,-0.3717
43703.64896,0.1039,-0.1887,0.2095,0.0276,0.0093,-0.1491
43703.67911,-0.4159,-0.3038,0.2927,0.2007,-0.4262,0.679
43703.70926,-0.2705,0.027,-0.2168,-0.8062,-0.0674,-0.3871
43703.73941,1.3446,-0.0444,-0.2105,-1.1897,0.2687,0.2727
43703.7696,-0.3288,0.1325,-0.2491,-0.0849,-0.4871,0.5519
43703.79975,-0.8075,-0.0044,0.0351,1.0689,0.3385,-0.2833
43703.8299,0.4781,-0.1383,0.0165,-0.6827,-0.0547,-0.1376
43703.86005,0.0236,0.2444,-0.1511,-0.5158,-0.6603,0.7362
43703.8902,-0.0997,0.0054,-0.0538,0.2325,0.3767,0.2037
43703.92035,-0.1824,0.1532,-0.0193,-0.6842,-0.3308,0.4518
43703.95053,-0.8384,0.2717,-0.05,1.0632,-0.4153,0.1806
43703.98069,0.2768,-0.3459,-0.0691,1.08,0.3857,-0.0016
43704.01084,0.3962,0.1218,0.08,-0.6294,-0.2248,-0.1281
43704.04099,-0.2627,0.3753,-0.1878,0.201,0.4153,-0.7908
43704.07114,0.6545,0.1708,0.0669,0.5925,0.1331,0.1168
43704.10132,-0.9095,0.2066,0.3083,2.3269,-0.0987,0.9954
43704.13147,-0.3113,-0.0688,0.4517,1.0763,0.2652,-0.0196
43704.16162,0.633,-0.1853,-0.024,-1.6141,-0.8689,-0.0583
43704.19178,-0.2118,0.0432,0.0443,-0.3059,-0.748,0.431
43704.22193,-0.6588,0.0316,-0.0434,0.5183,-0.1939,-0.1361
43704.25208,0.5802,-0.0286,-0.0368,-0.1414,0.35,-0.351
43704.28226,-0.0233,0.1673,0.1224,0.691,0.0789,-0.1723
43704.31241,0.2122,-0.3185,0.0527,-0.2218,0.082,-0.1382
43704.34256,-0.2052,0.2505,-0.2322,-0.6697,0.1345,0.4938
43704.37271,-0.4277,0.1159,0.173,1.1873,0.1044,0.3205
43704.40287,0.2325,-0.2984,0.3788,-0.2098,0.0627,0.0328
43704.43305,0.1263,0.0648,-0.5214,-1.7578,-0.404,-0.1737
43704.4632,-0.4247,0.4291,0.0288,0.3149,0.2188,-0.3803
43704.49335,0.1512,0.1663,0.1057,0.9634,0.5228,-0.9644
43704.5235,0.1345,0.1216,0.0838,-0.4487,-0.0529,-0.5887
43704.55365,-0.2535,0.2368,0.1084,0.7395,0.2287,-0.2524
43704.58384,0.0864,-0.0339,0.2073,0.2974,-0.0188,0.034
43704.61399,-0.1816,-0.01,0.0363,0.0784,-0.1174,-0.0783
43704.64417,0.1592,-0.1042,0.1851,0.334,-0.1786,-0.2207
43704.67432,-0.2111,0.001,0.2192,-0.1762,-0.4755,-0.3391
43704.70447,0.2372,-0.1219,0.0502,-0.0647,-0.644,-0.137
43704.73462,-0.0752,0.2473,-0.0435,-0.3176,-0.1959,-0.3639
43704.7648,0.0119,0.365,0.0268,-0.0299,0.1441,-0.3118
43704.79495,-0.1622,0.2279,-0.1391,0.21,0.1897,0.2226
43704.8251,-0.3733,0.0629,0.0164,0.8792,0.5028,0.0386
43704.85526,-0.1208,0.1327,0.0686,0.6144,0.2653,-0.1999
43704.88541,0.2532,-0.0308,-0.083,0.4271,0.3075,-0.3057
43704.91559,-0.2357,-0.0479,0.1915,0.4052,0.0438,-0.1408
43704.94574,-0.2242,-0.1434,0.3301,0.3385,0.1757,-0.1752
43704.97589,0.2649,0.244,-0.1188,-0.1531,0.2821,-0.0906
43705.00604,0.1,0.1244,0.1702,0.2852,-0.1382,0.34
43705.0362,-0.1196,-0.0597,-0.0633,0.4758,0.3275,0.1908
43705.06638,0.0044,0.1472,-0.009,0.5946,0.2174,0.1238
43705.09653,-0.1432,0.0383,0.1778,1.3833,0.4429,0.0238
43705.12668,0.2311,-0.1243,0.2396,-0.234,0.1782,-0.3086
43705.15683,0.1733,-0.0101,-0.3341,-0.6413,-0.3984,0.1294
43705.18698,-0.427,0.0886,-0.0603,0.3948,-0.1309,0.2857
43705.21713,0.0127,-0.1448,0.1642,0.2078,0.1735,-0.0717
43705.24732,0.1662,0.0316,0.1245,-1.0494,-0.323,-0.169
43705.27747,-0.3749,0.3166,-0.1228,-0.1998,0.1154,-0.0448
43705.30762,-0.0214,0.1256,0.1157,0.2302,0.2422,-0.3118
43705.33777,-0.0687,0.1369,0.0641,-0.0971,0.0635,-0.351
43705.36792,-0.2594,0.1307,0.1815,0.497,0.1688,-0.2222
43705.3981,0.2592,-0.1039,0.0123,-0.0712,0.3641,-0.4353
43705.42826,0.0514,0.0804,-0.0178,-0.7833,-0.1759,-0.4724
43705.45841,-0.2744,0.1098,-0.0823,0.2033,0.3874,-0.6113
43705.48856,0.2739,-0.1476,-0.0154,-0.1272,0.0436,-0.0549
43705.51871,-0.2875,-0.0092,0.1714,-0.1079,0.2426,-0.1283
43705.54886,0.2125,-0.1105,-0.0556,-0.5348,-0.1031,-0.0244
43705.57904,0.2296,-0.103,0.0326,-0.792,0.0217,-0.3105
43705.60919,0.0733,-0.105,-0.3225,-0.2903,0.0008,0.0815
43705.63934,-0.0158,-0.02,0.0045,-0.7434,-0.1332,-0.1693
43705.66949,-0.0297,-0.0447,0.1059,-0.4767,-0.2613,0.1146
43705.69964,-0.108,0.0669,-0.0511,-0.4,-0.3055,0.2812
43705.72982,-0.1006,0.0826,-0.1435,-0.0914,-0.1264,0.4476
43705.75997,0.1542,0.0128,-0.2052,0.386,-0.0052,0.6791
43705.79012,-0.0064,-0.0557,-0.2629,-0.0815,-0.1349,0.5995
43705.82027,-0.1639,-0.1459,-0.4034,-0.5848,-0.1588,0.5323
43705.85043,-0.0131,-0.0789,-0.113,-0.3869,0.2394,0.2511
43705.88061,0.2323,0.1181,-0.1628,-0.0626,0.0289,0.5259
43705.91076,-0.4227,0.0862,-0.1586,0.017,0.3435,0.2096
43705.94091,0.0687,-0.0793,-0.0887,0.2507,-0.0156,0.3954
43705.97106,-0.2219,-0.0877,-0.0259,0.3656,-0.2601,0.3039
43706.00121,0.3667,-0.1219,-0.0195,-0.8396,-0.3534,-0.077
43706.03136,0.0853,0.201,-0.1078,0.002,-0.2862,-0.0123
43706.06155,-0.1808,0.055,0.0721,0.6654,0.0737,-0.1638
43706.0917,0.0468,0.0766,0.0169,-0.0178,-0.2914,0.1331
43706.12185,-0.0376,0.1124,-0.0253,0.2665,-0.09,-0.0051
43706.152,-0.2603,-0.0342,0.1578,0.4588,-0.1446,0.0503
43706.18215,-0.0014,0.0607,-0.1139,-0.4188,-0.3839,-0.2863
43706.21233,0.0399,-0.0462,-0.0157,-0.0595,-0.4059,-0.1277
43706.24248,0.2355,-0.1823,0.012,0.1625,-0.145,0.0008
43706.27264,-0.1968,0.0877,0.0841,-0.3502,-0.1714,0.001
43706.30279,-0.1283,0.0185,-0.228,-0.1045,-0.1106,-0.0154
43706.33294,0.0572,0.0205,-0.1348,0.0256,0.1864,-0.1189
43706.36312,-0.1322,0.1467,0.0958,0.1564,0.2936,-0.6078
43706.39327,0.2364,-0.0957,0.1027,0.0861,0.2413,-0.0703
43706.42342,-0.1942,0.0586,-0.1131,0.3635,0.514,-0.3203
43706.45357,-0.0196,0.0635,0.2046,0.0865,0.0675,-0.2769
43706.48373,0.1674,-0.1379,0.0595,-0.6153,-0.1805,-0.2219
43706.51388,0.0622,-0.1551,-0.1422,-0.4871,-0.1688,-0.15
43706.54406,-0.0742,0.0003,0.0475,-0.1674,0.0344,-0.2593
43706.57421,0.0839,-0.0662,0.013,-0.0202,-0.0061,-0.0487
43706.60436,-0.131,-0.2323,0.2067,-0.2375,-0.0752,0.235
43706.63452,-0.0105,0.3338,-0.1031,-0.6195,0.2312,-0.4681
43706.66467,0.223,0.1255,-0.0017,-0.075,0.0718,-0.1594
43706.69485,-0.4188,0.2626,-0.0906,-0.0286,-0.0391,0.1147
43706.725,-0.1867,0.0817,-0.2005,0.6895,0.3374,-0.0035
43706.75516,-0.0539,-0.1051,-0.0231,0.5864,-0.0229,0.4557
43706.78531,-0.0926,-0.0379,-0.0786,0.4819,-0.0004,0.0236
43706.81546,-0.1371,-0.0473,-0.0275,0.1851,-0.2147,0.0174
43706.84561,0.1429,-0.1141,0.2272,0.1354,-0.0628,0.1832
43706.87579,0.1232,-0.1158,-0.0813,-1.0019,-0.3538,0.4437
43706.90594,0.2361,0.0329,-0.2561,-0.4527,-0.4596,0.7089
43706.93609,-0.1157,-0.15,-0.0502,0.6625,0.175,0.8423
43706.96624,0.0154,-0.1949,-0.0603,0.1901,0.3438,1.028
43706.9964,0.1125,0.0519,-0.1678,0.4229,0.2758,0.7925
43707.02658,0.1261,-0.0614,0.1936,0.2847,0.0435,0.4858
43707.05673,-0.2903,-0.0462,0.2049,-0.6196,-0.235,0.2825
43707.08688,-0.2548,0.1468,-0.1309,-0.9564,-0.3415,-0.0161
43707.11703,-0.011,0.0502,-0.1026,-0.2423,-0.0565,-0.0205
43707.14718,0.0013,-0.0166,-0.1487,0.0643,-0.0751,0.3295
43707.17737,0.0948,0.025,-0.1492,-0.0033,0.061,-0.0257
43707.20752,-0.1145,0.1087,0.0659,-0.1692,-0.102,0.0231
43707.23767,0.0922,0.0907,-0.1699,-0.1888,-0.0782,-0.1661
43707.26782,-0.0324,-0.0558,0.0152,-0.1152,-0.1322,0.0369
43707.29797,-0.135,0.1131,-0.082,0.3623,0.1212,-0.1863
43707.32812,0.0115,0.0319,0.0542,-0.1784,-0.1346,-0.3772
43707.35831,0.1993,0.06,0.0551,-0.2595,0.0883,-0.5981
43707.38846,-0.0703,0.2208,-0.0431,-0.1439,-0.1006,-0.3779
43707.41861,-0.2031,0.056,0.2239,0.45,0.1639,-0.249
43707.44876,0.083,0.0463,-0.0187,-0.3482,0.0029,-0.3732
43707.47891,0.4341,0.0061,0.102,-0.2561,0.0813,-0.1789
43707.50909,-0.1416,0.0703,-0.1187,0.0005,-0.1309,-0.0849
43707.53924,-0.3843,0.0339,0.0764,0.4379,0.2031,-0.1952
43707.5694,0.1148,-0.011,0.0608,-0.1362,-0.1109,-0.2636
43707.59955,-0.0256,-0.093,0.0913,-0.699,-0.4525,-0.0433
43707.62971,-0.1528,0.0857,-0.3223,-0.3953,-0.2275,0.1181
43707.65989,-0.1655,0.0964,0.0821,0.5598,0.1051,0.0042
43707.69004,-0.1937,-0.0115,0.1798,0.3125,0.008,0.001
43707.7202,0.1109,0.2134,-0.1993,-0.0602,0.1146,-0.342
43707.75035,0.0801,0.0363,0.2626,0.8194,0.1879,0.2212
43707.7805,-0.4623,0.2194,0.138,0.1814,-0.0721,0.2698
43707.81065,0.1927,0.066,-0.0022,0.2377,0.0154,-0.0846
43707.84083,-0.052,0.0402,-0.1151,0.3249,-0.287,0.3593
43707.87098,-0.3481,0.0302,0.1945,1.0327,0.1338,0.1729
43707.90114,0.1658,-0.0134,0.1481,0.3328,-0.0348,-0.1544
43707.93129,0.3707,0.1063,0.1672,-0.3643,0.0065,-0.0854
43707.96144,0.0627,0.0229,-0.2426,0.744,0.0849,0.3519
43707.99162,0.164,-0.1466,-0.2381,-0.127,0.0345,0.3568
43708.02177,-0.1032,-0.0057,-0.2369,0.0384,-0.2452,0.5464
43708.05192,-0.1785,0.0151,-0.0252,0.4395,0.0465,0.2304
43708.08207,-0.0155,-0.0299,0.0937,-0.3944,-0.1144,-0.0286
43708.11223,-0.0901,0.0396,0.0187,-0.1314,0.0358,-0.0079
43708.14238,-0.3659,0.2247,0.0989,0.2162,0.1978,-0.202
43708.17256,-0.0043,0.1494,0.0625,0.2184,-0.0205,-0.3106
43708.20271,0.1578,0.092,-0.0846,0.1953,0.2595,-0.3213
43708.23286,0.0707,0.3453,-0.1684,0.18,0.1376,-0.6111
43708.26301,-0.0724,0.3163,0.1108,0.7042,0.2465,-0.6673
43708.29316,-0.1869,0.1188,0.4271,0.3321,-0.0686,-0.2134
43708.32335,-0.248,0.1332,0.2329,0.4617,0.0807,0.051
43708.3535,0.0933,0.1044,0.0281,-0.3498,0.0698,-0.4678
43708.38365,0.3239,0.0045,0.0594,-0.3072,0.1012,-0.567
43708.4138,-0.1622,-0.0834,0.1295,-0.21,-0.2799,-0.3451
43708.44395,-0.0298,-0.0918,0.1185,0.5287,0.4025,-0.2075
43708.47413,0.5185,-0.0922,0.2943,-1.1145,-0.0956,-0.1064
43708.50428,-0.3963,0.2921,0.081,-1.2569,0.0358,-0.1623
43708.53444,-0.082,-0.0258,-0.1602,0.108,0.468,0.2106
43708.56459,-0.0337,0.1456,-0.1249,-0.5939,0.0363,0.2642
43708.59474,-0.3287,-0.0468,0.0051,0.3291,0.0462,0.0313
43708.62489,0.2219,-0.0104,-0.0101,-0.2464,0.3867,-0.3402
43708.65507,-0.0505,0.0845,0.0078,-0.843,-0.0418,-0.0329
43708.68522,-0.3277,0.2687,-0.0962,0.0893,0.2742,-0.1994
43708.71537,0.5866,0,0.1247,0.2048,0.1567,0.0448
43708.74552,-0.7192,0.2532,0.1105,0.3547,-0.4664,0.9976
43708.77567,0.0745,0.0207,-0.1578,0.4435,1.221,-0.701
43708.80585,0.0157,-0.2263,0.1812,0.0764,-1.4932,0.9414
43708.83601,-0.9238,0.1665,0.214,0.7849,0.9403,-0.4813
43708.86616,1.5395,-0.4128,0.0784,-0.9097,0.1985,0.1806
43708.89631,-0.2802,0.2484,-0.2126,-0.0304,-0.363,0.1572
43708.92646,-0.3417,-0.1209,0.0383,0.7053,0.6179,-0.1287
43708.95661,0.5488,0.1442,-0.1108,-1.3568,-0.0486,-0.0893
43708.98679,-0.8177,0.5843,0.3221,0.685,-0.7741,-0.06
43709.01694,0.4022,-0.1949,-0.1666,0.3865,0.9816,-0.2997
43709.0471,-0.0785,0.1478,-0.0308,-1.0911,-1.1538,0.013
43709.07725,-0.7249,-0.0977,0.2421,1.0411,0.2182,0.1629
43709.1074,0.3924,-0.2925,0.1236,-0.845,0.0859,-0.1272
43709.13758,-0.0269,0.1349,-0.2695,-0.8914,-0.6125,-0.2683
43709.16773,0.2617,-0.0997,0.3275,0.175,-0.0042,0.0136
43709.19788,-0.405,0.0006,0.1892,0.2108,0.221,0.0185
43709.22803,-0.0136,0.0587,0.0965,-0.9401,0.0772,-0.1958
43709.25819,0.1574,0.3429,-0.137,-0.5853,0.2528,-0.1887
43709.28837,0.4565,0.218,-0.1108,0.2511,0.4795,-0.3571
43709.31852,-0.3608,0.1525,-0.0149,-0.0392,-0.1312,-0.1684
43709.34867,-0.1603,0.0436,-0.1292,-0.1323,-0.0719,-0.1873
43709.37882,0.522,-0.4112,-0.0221,-0.0164,0.0442,0.5955
43709.40897,0.0372,-0.017,0.0832,-0.8298,-0.3758,-0.5787
43709.43912,-0.349,-0.0291,-0.2809,-0.8615,-0.5908,0.3159
43709.46931,-0.2114,-0.0237,-0.1521,0.155,-0.1471,0.3227
43709.49946,0.0404,-0.0338,0.3288,-0.3234,-0.0209,-0.1818
43709.52961,0.2499,-0.0949,-0.057,-0.3561,-0.2074,0.2831
43709.55976,-0.1145,0.2775,0.1118,-0.2637,0.1573,0.1319
43709.58991,-0.3244,0.3141,0.1412,0.6108,0.0046,0.6506
43709.62009,-0.2211,0.0631,0.0644,0.9904,0.302,0.6159
43709.65026,0.2103,0.0333,0.0718,0.2151,0.1048,0.1428
43709.68041,-0.5239,0.3774,-0.0821,0.8885,-0.259,0.2436
43709.71056,-0.1081,0.0934,0.1258,1.2775,0.2392,-0.288
43709.74072,0.5121,-0.1569,-0.0808,-0.0249,-0.5484,0.2435
43709.77087,-0.3164,0.2087,0.1796,1.1834,-0.2493,0.1756
43709.80105,0.0154,-0.074,0.4459,0.5995,0.055,-0.0325
43709.8312,0.2892,-0.0244,-0.3835,-0.0043,-0.179,0.257
43709.86135,-0.2019,0.0325,0.0336,0.4855,-0.3694,0.2701
43709.8915,0.1589,-0.1165,-0.0988,-0.2829,0.0008,-0.2629
43709.92165,0.1657,0.0209,-0.1381,-0.476,-0.1762,0.005
43709.95184,-0.1504,0.1645,-0.1856,0.4214,0.0498,0.2293
43709.98199,0.1957,-0.0756,0.0571,-0.4532,0.2599,-0.227
43710.01214,-0.3805,0.2717,-0.1453,-0.0179,-0.1368,0.5065
43710.04229,0.061,0.0157,-0.1808,0.5567,0.3077,-0.1002
43710.07244,0.2176,-0.0216,0.0236,-0.5496,-0.2218,-0.1633
43710.10259,-0.5944,0.1067,0.1329,0.4407,0.0088,0.1135
43710.13277,-0.1454,-0.0399,0.1648,0.4137,0.2682,-0.3295
43710.16293,0.2121,0.0073,0.0895,-0.8369,0.0056,-0.6016
43710.19308,0.2148,0.2213,-0.0359,-0.3963,0.101,-0.4687
43710.22323,0.1024,0.1904,-0.1901,0.0626,0.2789,-0.2486
43710.25338,0.1474,0.0888,-0.0548,0.6718,0.5228,0.0748
43710.28356,0.0913,-0.1298,0.0301,0.1062,-0.1373,0.3334
43710.31371,-0.1206,-0.0543,0.0329,-0.2946,-0.1263,-0.0885
43710.34386,0.2215,-0.0352,0.2031,-0.4701,0.0558,-0.0403
43710.37402,-0.2904,0.0691,0.094,-0.5205,-0.5106,0.379
43710.40417,-0.598,0.0679,0.068,0.1776,-0.4182,0.4469
43710.43435,0.2184,-0.0407,0.1092,-0.3873,-0.0448,-0.396
43710.4645,0.3129,-0.0206,-0.0386,-0.8273,-0.4148,-0.0015
43710.49465,-0.0161,0.3418,-0.1903,-0.5154,0.4265,-0.0215
43710.5248,-0.1265,0.3872,-0.3928,0.4336,0.454,0.1532
43710.55495,-0.1659,0.1262,-0.2153,1.2708,0.379,0.3997
43710.58511,0.0227,-0.0956,0.0749,0.2541,0.0189,0.3497
43710.61529,-0.1947,0.1496,-0.1488,-0.267,-0.4646,0.5112
43710.64543,-0.5761,0.0983,0.076,1.1451,-0.2578,0.5285
43710.67558,-0.2716,-0.1543,0.1216,0.3243,-0.2146,-0.099
43710.70574,0.7381,-0.0147,0.1409,-0.8884,0.0472,-0.5543
43710.73589,0.2813,0.471,-0.0197,0.3058,0.0359,-0.5058
43710.76607,-0.2321,0.305,0.2173,1.2718,0.3571,-0.1855
43710.79622,-0.1202,0.147,0.1635,0.0268,-0.0613,-0.1314
43710.82637,0.0797,-0.0331,-0.2012,0.1494,-0.2089,0.1414
43710.85652,-0.2086,-0.0083,-0.1932,0.1789,-0.0541,-0.2039
43710.88667,-0.009,0.0355,-0.077,-0.1078,-0.5386,-0.378
43710.91683,-0.3166,-0.1022,0.1253,0.3586,-0.1548,0.0469
43710.94701,0.2231,-0.0515,0.1423,-0.1466,0.1065,-0.3539
43710.97716,0.3579,0.1414,-0.0904,-0.7722,-0.3106,-0.4712
43711.00731,-0.2831,0.2387,-0.1267,0.5042,0.3445,0.0177
43711.03746,-0.0889,0.2531,0.2998,0.5865,0.6941,-0.2577
43711.06761,-0.1242,0.0365,0.122,0.7267,0.3504,-0.0622
43711.09779,-0.059,0.0815,0.2624,-0.0239,0.3037,-0.3823
43711.12795,0.1107,0.1003,-0.0581,-0.4842,0.1068,-0.6453
43711.1581,-0.0641,0.2229,0.0117,-0.284,0.0019,-0.5977
43711.18825,0.0111,0.011,0.2181,-0.0575,0.0038,-0.392
43711.2184,0.2744,-0.0895,-0.0731,-0.6664,-0.1606,-0.2839
43711.24858,-0.0164,-0.0101,-0.0892,0.0088,0.2243,-0.1828
43711.27873,0.022,-0.1187,0.2637,-0.2495,0.0974,0.1454
43711.30888,-0.2249,-0.0191,-0.0065,-0.3118,0.2478,0.0426
43711.33904,-0.0624,-0.0643,0.0731,-0.3636,0.1397,-0.047
43711.36919,0.2086,0.029,0.0883,-1.2661,0.1073,-0.3222
43711.39934,0.1003,0.0863,-0.2624,-0.5373,-0.1944,0.2209
43711.42952,-0.4784,-0.0184,0.0938,-0.328,-0.0079,0.2974
43711.45967,0.0016,-0.0375,-0.2386,-0.8451,-0.0582,0.3573
43711.48982,0.0808,0.1584,-0.1059,0.3788,0.1717,0.4152
43711.51997,0.0143,-0.1284,-0.0595,0.6104,0.106,0.4888
43711.55013,-0.2179,0.1607,0.0599,0.0212,-0.0124,0.5652
43711.58031,-0.0173,0.0488,-0.0382,0.53,0.0932,0.3795
43711.61046,0.272,-0.1675,0.0235,0.0431,0.0167,0.0104
43711.64063,-0.0207,0.2021,-0.1268,-0.0089,-0.1093,-0.1126
43711.67078,-0.1854,0.1875,0.0185,0.7963,0.06,-0.1381
43711.70093,0.0769,0.034,0.1505,0.3073,0.0605,0.1479
43711.73108,-0.1599,0.1418,0.0968,-0.5772,-0.834,0.23
43711.76127,-0.1788,-0.1066,-0.0562,0.1691,-0.2867,0.5987
43711.79142,-0.0729,-0.0013,0.1709,-0.5887,-0.3907,0.5584
43711.82157,0.0399,0.1861,-0.0807,-0.2534,-0.2757,0.0356
43711.85172,0.1797,-0.2888,0.1298,0.1473,-0.0885,0.3456
43711.88187,-0.1034,-0.0017,-0.085,-0.795,0.0882,0.1392
43711.91205,-0.0607,0.207,-0.1063,-0.0095,0.2939,-0.1983
43711.94221,0.0422,-0.071,-0.053,-0.0469,0.1278,0.0838
43711.97236,-0.1834,0.0061,-0.0488,0.0681,0.1921,0.1304
43712.00251,-0.0066,0.0963,-0.1646,0.3398,0.3855,-0.2507
43712.03266,0.1573,0.0547,0.0655,0.4986,0.2871,-0.1817
43712.06281,-0.0895,0.0914,0.0365,0.157,0.0547,-0.1614
43712.09299,-0.2087,0.1257,0.2466,0.5197,0.2907,-0.2651
43712.12314,-0.0729,0.0906,0.2091,-0.1211,-0.2517,-0.3042
43712.1533,0.1972,0.0286,-0.0098,-0.1282,-0.1177,-0.3855
43712.18345,-0.0953,-0.0467,0.0896,-0.0607,-0.4177,-0.1107
43712.2136,0.032,-0.0162,-0.0595,0.1121,-0.0214,-0.2572
43712.24378,0.0897,-0.0807,0.1063,-0.4234,-0.4741,0.2853
43712.27393,-0.1909,0.166,-0.0318,-0.4924,-0.0854,-0.1537
43712.30408,0.1682,0.0636,-0.0501,0.0584,0.132,0.0166
43712.33423,-0.3826,0.2934,-0.1217,0.2545,0.2481,0.2519
43712.36439,-0.1837,0.129,0.045,0.7629,0.245,0.0183
43712.39457,0.0322,0.0663,-0.0018,-0.0297,-0.1607,-0.0841
43712.42472,-0.1305,0.1022,0.0241,0.2417,-0.0947,-0.0736
43712.45487,-0.05,0.0296,-0.0069,0.0625,0.0709,-0.1229
43712.48502,0.0641,0.0652,0.0317,-0.1589,0.0815,-0.1167
43712.51517,-0.1657,0.1868,0.0953,0.489,0.3026,0.0719
43712.54532,0.0594,0.0399,0.0652,0.5371,0.1859,0.2476
43712.57551,-0.0396,-0.039,0.1348,0.1479,-0.013,0.2424
43712.60566,-0.0012,-0.0666,0.0543,0.1865,0.1977,-0.171
43712.6358,0.0142,-0.027,0.1636,-0.2937,-0.3614,0.0959
43712.66595,-0.1123,-0.0318,-0.0193,0.1038,0.1392,-0.1405
43712.6961,0.0835,0.0759,-0.0462,-0.624,-0.2457,-0.0406
43712.72628,-0.0777,0.0068,-0.2895,-0.1828,-0.2526,0.0434
43712.75643,-0.0965,-0.1942,-0.2015,0.8946,0.0416,0.6566
43712.78659,-0.0283,-0.2364,0.0535,-0.0584,0.0102,0.2701
43712.81674,0.0885,-0.0272,0.0844,-0.6613,-0.194,0.0838
43712.84689,0.067,0.0011,-0.0487,-0.3699,0.0378,0.0303
43712.87704,-0.0025,0.1631,-0.1558,-0.5061,0.0184,-0.1679
43712.90722,-0.1184,0.1568,-0.0816,0.4504,0.152,-0.0683
43712.93737,-0.016,0.0439,0.1008,0.1552,0.3882,-0.3654
43712.96752,0.111,0.2435,-0.2025,0.0112,0.1516,-0.1705
43712.99768,-0.2606,0.1572,0.0671,0.9537,0.2429,-0.2863
43713.02783,0.1946,-0.0616,0.1733,-0.0492,0.0262,-0.2303
43713.05801,0.0232,0.0044,0.1116,-0.3961,-0.0177,-0.2825
43713.08816,-0.0175,-0.094,0.0832,-0.4054,-0.4202,0.0236
43713.11831,0.1292,-0.127,-0.0699,-0.2966,0.0268,0.0218
43713.14846,0.0086,-0.0449,0.0152,-0.4101,-0.3262,0.1912
43713.17861,-0.126,0.0472,0.0005,-0.1624,0.0044,-0.2435
43713.2088,0.1604,0.0472,-0.1676,-0.4621,-0.069,-0.0744
43713.23895,-0.0436,0.2615,-0.1134,0.0043,0.1558,-0.0015
43713.2691,-0.0962,0.1122,-0.0654,0.3029,-0.0542,0.2262
43713.29925,-0.1369,0.0158,0.0345,0.2341,0.2781,0.0842
43713.3294,-0.0491,0.0592,-0.0679,0.4298,0.1968,-0.0391
43713.35955,0.0363,0.0538,-0.0619,-0.2296,-0.097,0.129
43713.38973,-0.0289,-0.0268,-0.0904,0.3376,0.0233,0.1081
43713.41989,-0.2033,0.0283,0.1593,0.0152,-0.0943,0.0309
43713.45004,0.0133,-0.0078,0.1184,0.1153,-0.0116,0.0381
43713.48019,0.3069,-0.1175,-0.029,-0.191,-0.0484,0.0181
43713.51034,-0.1191,0.067,-0.0458,0.2405,-0.0702,0.0966
43713.54052,-0.04,-0.066,0.0749,0.9037,-0.0746,0.2964
43713.57067,0.0176,-0.0895,0.127,0.1292,-0.0565,0.2099
43713.60082,-0.0012,0.0097,0.1516,-0.1549,0.0142,0.0518
43713.63098,0.1549,0.0312,-0.0747,-0.3471,-0.1921,0.0543
43713.66114,0.1099,-0.0534,-0.2818,0.3608,0.0662,0.2165
43713.69129,-0.1812,0.129,-0.0829,0.4296,0.0109,-0.0309
43713.72147,-0.1096,-0.1167,0.2864,0.4878,-0.0246,-0.0311
43713.75162,-0.0144,0.0691,0.0083,-0.6375,-0.2749,-0.1456
43713.78178,0.1294,0.0947,-0.1067,-0.131,-0.1469,-0.1505
43713.81193,-0.1492,0.1021,-0.0587,-0.1775,-0.1474,-0.05
43713.84208,-0.007,0.0747,-0.1181,0.2083,0.2677,-0.2753
43713.87226,0.036,0.1899,0.1121,0.3135,0.2601,-0.3233
43713.90241,-0.3854,0.2155,0.242,0.799,0.3328,-0.3639
43713.93256,0.1901,0.0444,0.1887,0.3337,0.5349,-0.394
43713.96271,0.0977,0.0834,0.0654,-0.0442,-0.0071,-0.2028
43713.99287,-0.4741,0.1101,0.2447,0.6212,-0.0367,-0.2364
43714.02305,0.0575,-0.147,0.1,-0.2462,-0.0069,-0.4127
43714.0532,0.4983,-0.3072,0.181,-0.7479,-0.3616,-0.0331
43714.08335,0.1979,0.0794,0.0357,-0.4247,0.0554,-0.5055
43714.1135,0.1722,-0.1017,0.0956,-0.1232,0.1437,-0.1782
43714.14365,-0.453,0.1983,-0.0517,-0.033,0.0718,0.3112
43714.1738,0.1036,0.0211,-0.031,0.2671,0.2561,-0.179
43714.20399,0.1525,0.0477,-0.1069,-0.0549,0.2625,-0.2724
43714.23414,-0.17,-0.0019,-0.0285,0.0588,0.0699,0.0311
43714.26429,-0.5528,-0.0438,0.1497,0.4736,-0.0622,0.3387
43714.29444,0.0525,-0.0222,-0.0209,-0.3099,0.0258,-0.1344
43714.32459,0.5904,-0.097,0.0676,-0.6374,-0.1065,-0.0898
43714.35477,-0.1952,0.1868,-0.3957,-0.1989,0.2089,0.2061
43714.38492,-0.1861,-0.1023,0.087,0.3816,0.3071,0.1167
43714.41508,0.1044,-0.0412,0.1419,0.0322,0.0174,0.5697
43714.44523,0.0023,-0.0659,0.0283,-0.0193,0.001,0.5075
43714.47538,-0.144,-0.0733,0.1128,-0.164,0.0451,0.4082
43714.50553,-0.123,-0.0389,-0.0113,-0.1868,-0.2619,0.4839
43714.53571,0.1455,-0.0579,0.1876,-0.0315,0.0598,0.17
43714.56586,-0.0406,-0.1278,0.0024,-0.3913,-0.17,0.1325
43714.59602,0.1416,0.0295,-0.1613,-0.4764,0.0677,-0.0594
43714.62617,0.0918,-0.1057,-0.0608,-0.1491,-0.1052,0.3429
43714.65634,-0.4038,-0.1147,-0.0604,0.1991,0.0416,0.6814
43714.68652,0.2904,-0.1374,-0.0434,-0.4633,0.1843,-0.0949
43714.71667,0.4878,-0.038,-0.086,-0.8878,-0.4621,0.2495
43714.74682,-0.4798,0.1621,-0.0586,0.1441,-0.0872,0.321
43714.77697,0.1837,-0.0559,0.0944,-0.3732,0.0183,0.0729
43714.80713,-0.4091,0.2173,-0.0785,0.013,-0.3307,0.2548
43714.83728,-0.3379,0.0816,0.1167,0.5228,0.2613,-0.5017
43714.86746,0.6208,-0.0355,0.122,-0.7168,0.2642,-0.3717
43714.89761,0.0468,0.2534,-0.2317,0.2869,-0.338,0.0123
43714.92776,-0.4766,-0.0985,0.2642,0.7826,0.2011,0.0202
43714.95791,0.3665,-0.0033,0.0472,-0.8414,0.0677,-0.2813
43714.98806,-0.0809,-0.0351,-0.0218,0.3258,-0.2931,0.3122
43715.01825,-0.0062,-0.1619,-0.1315,0.2318,0.0627,0.1885
43715.0484,0.1005,-0.0966,0.0589,0.2886,-0.1179,0.3412
43715.07855,-0.2638,-0.0246,-0.0302,0.404,-0.2989,0.1636
43715.1087,0.0507,-0.2456,-0.053,-0.1821,-0.553,0.0764
43715.13885,0.3183,0.0664,-0.1828,-1.4065,-0.4557,-0.6849
43715.16903,-0.0091,0.3585,0.0742,-0.048,-0.3213,-0.1773
43715.19919,-0.6346,0.3031,0.1235,1.254,0.0721,0.6423
43715.22934,-0.2419,0.2785,0.1244,0.4453,0.2556,-0.3906
43715.25949,0.8544,0.1556,0.2047,-0.3274,-0.0552,0.0136
43715.28964,-0.4549,0.3088,0.0383,0.4551,-0.3909,0.4838
43715.31979,-0.6357,0.0439,0.0296,1.0845,0.3457,-0.1003
43715.34997,0.158,-0.1004,0.101,0.3573,0.2159,-0.1321
43715.38012,0.1885,0.0737,0.1429,-0.1337,-0.1392,-0.36
43715.41028,0.0894,0.0552,-0.1502,0.1813,0.2444,-0.2872
43715.44043,-0.0149,0.162,-0.2798,0.6125,-0.1766,0.2492
43715.47058,-0.5157,-0.062,0.4153,1.6454,0.1711,0.3943
43715.50076,-0.0695,-0.0956,0.4495,0.3294,0.5109,-0.3171
43715.53091,0.8277,0.0401,0.1654,-1.366,-0.4427,-0.4216
43715.56106,-0.6537,0.5486,-0.0177,0.8054,0.0294,0.1323
43715.59121,-0.471,0.0883,0.1476,1.4024,0.4878,-0.4988
43715.62137,0.4404,0.0938,0.0773,-0.1245,0.0117,-0.4049
43715.65152,0.1791,0.2664,0.0652,0.1134,-0.1688,-0.5813
43715.6817,-0.2843,0.0942,0.0706,0.2517,0.1913,-0.3838
43715.71185,0.1216,0.0132,0.0539,-0.0447,0.0421,-0.2142
43715.742,-0.385,0.2201,0.0536,0.7481,0.3249,-0.2635
43715.77215,0.114,-0.0559,0.287,0.0451,0.1812,-0.6451
43715.8023,-0.0372,0.0025,0.1043,-0.8022,-0.0954,-0.6879
43715.83249,0.0747,0.1486,-0.1095,-0.0694,0.232,-0.6674
43715.86264,0.1202,-0.271,0.1043,-0.4818,-0.0636,-0.2348
43715.89279,0.0226,0.0781,-0.11,-0.3254,0.6163,-0.6038
43715.92294,0.212,0.0876,0.0386,0.0902,0.5516,-0.3268
43715.95309,-0.1805,-0.0815,0.1487,-0.0921,0.3173,-0.1202
43715.98324,0.0129,-0.2266,0.1416,-0.3016,0.3352,-0.0957
43716.01342,-0.0711,-0.2871,0.2021,-0.7035,0.0955,0.102
43716.04358,0.1484,-0.0073,-0.186,-1.3339,-0.121,-0.3122
43716.07373,0.2924,-0.2726,0.0191,-0.911,-0.1723,0.2067
43716.10388,-0.0513,0.1447,-0.1138,-0.7909,0.2407,0.1789
43716.13403,-0.0534,0.1919,-0.3512,-0.2958,0.127,-0.1112
43716.16421,0.5253,-0.3256,-0.1885,-0.8888,-0.0033,0.1652
43716.19436,-0.1681,0.2155,-0.3129,-0.7318,0.04,0.4523
43716.22452,-0.1713,-0.0245,-0.1384,0.0516,0.4123,0.1117
43716.25467,0.594,0.0012,-0.3909,-0.7385,-0.4522,0.2711
43716.28482,-0.6012,0.1852,-0.0835,0.1466,-0.6544,0.6558
43716.31497,-0.3353,-0.0128,0.0697,0.0524,-0.2303,-0.1155
43716.34515,0.2744,-0.183,0.101,-0.1208,-0.3091,0.3136
43716.3753,0.1067,0.1817,0.0357,-0.1002,-0.2312,0.1388
43716.40545,-0.1172,0.0576,0.2261,0.8963,0.1017,0.2827
43716.43561,-0.1496,0.1301,0.1732,0.2198,-0.1602,0.3162
43716.46576,0.3855,-0.1619,0.1061,-0.0964,-0.0669,0.3336
43716.49594,-0.1046,-0.0391,-0.1898,-0.5365,-0.3539,0.1052
43716.52609,-0.2782,-0.1332,-0.2477,0.1936,-0.1411,0.3516
43716.55624,-0.1135,-0.1479,-0.1937,-0.6071,-0.3244,0.5493
43716.58639,0.0312,-0.1314,-0.1018,0.0581,0.3101,0.2201
43716.61654,-0.0146,-0.1553,-0.1684,-0.3449,-0.4606,0.447
43716.64672,-0.2087,-0.0326,-0.0475,-0.1441,-0.1253,0.315
43716.67687,0.0075,0.0343,0.1078,0.1148,0.5338,0.0999
43716.70702,0.0628,0.0365,-0.0507,0.1268,-0.0605,0.1639
43716.73717,-0.3426,0.1387,0.009,0.197,0.1552,-0.0472
43716.76733,-0.0064,0.0251,0.0446,0.5378,0.2862,-0.2298
43716.79748,0.0848,0.091,0.1456,0.2394,0.4368,-0.5146
43716.82766,0.1802,0.0748,0.1206,0.1577,-0.1418,-0.1736
43716.85781,-0.4209,0.0211,0.0824,0.1132,-0.1573,-0.377
43716.88796,0.0185,-0.02,-0.0289,-0.3968,-0.1139,-0.7752
43716.91811,0.3633,-0.0292,-0.082,-0.674,-0.3268,-0.3525
43716.94826,0.1821,0.1319,-0.028,-0.0719,-0.2008,-0.1198
43716.97845,-0.2346,0.1149,0.0635,0.0998,-0.1866,0.2014
43717.0086,-0.2193,0.3303,-0.0907,0.2061,0.0739,-0.5227
43717.03875,0.3274,-0.29,0.1493,0.1808,-0.3251,0.0818
43717.0689,-0.1417,0.1011,-0.3556,-0.8809,-0.3505,-0.0043
43717.09905,-0.2553,0.066,-0.2777,0.8163,0.3103,-0.2004
43717.1292,0.0937,0.0187,-0.3077,0.7475,0.1452,-0.7258
43717.15938,0.0514,-0.4503,-0.3579,-0.8346,-0.3561,-0.1625
43717.18954,-0.5268,0.4707,0.0824,-0.6324,0.291,0.8725
43717.21969,0.4282,-0.0715,0.1475,0.9375,0.4417,-0.1329
43717.24984,-0.0698,0.2404,-0.0285,-0.6997,-0.8189,1.4556
43717.27999,-0.1957,0.1985,-0.1991,1.0015,0.2605,0.2658
43717.31017,0.1967,-0.174,0.0441,0.1833,-0.2985,0.4317
43717.34032,0.3629,0.1653,-0.1318,-0.5622,-0.4706,-0.1556
43717.37047,-0.2645,0.2665,0.2054,0.9535,-0.1335,0.1184
43717.40063,-0.6245,0.165,0.1814,0.8072,-0.3588,0.2139
43717.43078,0.4059,-0.1055,0.0977,-0.458,-0.3996,-0.4811
43717.46093,0.4824,0.0067,-0.0264,-0.7486,-0.6933,0.0586
43717.49111,-0.0552,0.0206,-0.1626,-0.1293,-0.6147,0.1712
43717.52126,-0.7403,0.3992,0.3089,0.5308,-0.2118,0.4692
43717.55141,-0.0716,-0.0495,0.1424,1.4342,0.5667,-0.51
43717.58156,1.0009,-0.2883,0.0831,-0.9515,-0.0046,-0.0959
43717.61172,-0.2985,0.124,-0.3877,-0.4534,-0.2062,0.4958
43717.6419,-1.0232,0.391,0.2346,1.1922,0.7491,-0.2961
43717.67206,0.3738,-0.2049,0.3673,0.7588,0.2645,-0.3441
43717.70221,0.462,-0.1801,0.3522,-1.1039,0.3601,-0.5447
43717.73236,-0.0686,0.0554,0.0406,-0.5491,-0.0245,-0.1105
43717.76251,-0.5552,0.2304,0.0446,0.5067,0.36,-0.5694
43717.79266,0.2131,-0.1452,0.2808,-0.1009,0.3869,-0.4748
43717.82284,0.4079,-0.0276,-0.1245,-1.0247,0.2045,-0.4902
43717.853,0.2693,-0.1899,-0.1344,-0.1315,0.197,-0.3179
43717.88315,-0.2702,0.2208,-0.1301,-0.5159,0.0045,-0.1648
43717.9133,0.0005,-0.1266,0.0348,0.3431,0.4609,0.1467
43717.94345,0.1389,0.0103,-0.0506,-0.7312,-0.0444,-0.0382
43717.97363,0.0363,-0.0007,-0.0989,-0.0393,-0.051,-0.1849
43718.00378,-0.246,-0.0289,0.0274,-0.3974,0.0025,0.2183
43718.03393,-0.1943,0.0088,0.2156,0.2906,0.0981,0.1236
43718.06409,-0.0453,-0.0695,-0.0783,-0.1463,-0.021,0.2088
43718.09424,-0.0026,0.1898,-0.1073,-0.2798,0.0558,0.1504
43718.12439,-0.0612,0.0142,-0.1581,0.2432,0.0096,0.3122
43718.15457,0.1224,0.0209,0.049,0.6677,0.3975,0.2889
43718.18472,-0.052,-0.0376,-0.4415,2.1125,0.1153,0.7657
43718.21487,-0.0315,-0.1604,-0.132,0.0802,0.2044,0.5338
43718.24502,0.4501,0.011,-0.0812,-0.6578,-0.015,0.1525
43718.27518,0.0289,0.0646,-0.0302,0.3151,-0.3413,0.1834
43718.30536,-0.4564,0.0061,0.2067,1.0164,-0.0353,0.069
43718.33551,0.3046,-0.2233,0.0354,-0.692,-0.2601,0.0833
43718.36566,-0.0797,0.1739,0.0227,-0.8396,-0.6261,-0.0255
43718.39581,-0.2975,-0.0641,-0.2146,0.1172,-0.0735,0.2002
43718.42596,0.2697,0.1679,-0.1451,-0.6819,-0.1001,-0.0492
43718.45611,-0.0624,0.0306,0.0221,0.6411,0.0646,-0.0677
43718.4863,-0.0911,-0.2089,0.0754,-0.1754,-0.1188,0.1556
43718.51645,-0.1223,0.052,-0.0524,-0.1517,0.1488,-0.1151
43718.5466,0.0109,-0.1134,0.0699,0.193,-0.0818,0.2804
43718.57675,-0.1939,0.0532,0.0659,-0.3244,0.1291,-0.415
43718.6069,-0.0143,0.0807,0.0304,-0.0132,-0.0601,-0.6245
43718.63708,0.1321,0.081,0.0414,-0.5581,-0.1976,-0.5888
43718.66725,-0.0505,0.0516,-0.124,-0.4311,-0.2458,-0.3398
43718.6974,0.525,0.0244,-0.244,-0.7048,-0.0398,-0.4445
43718.72755,-0.0301,0.0499,-0.0178,-0.0971,-0.15,-0.1943
43718.7577,-0.246,-0.0222,0.0104,0.3755,0.141,-0.1273
43718.78788,0.3343,-0.219,0.0028,-0.1105,-0.1332,0.1909
43718.81803,-0.2202,-0.1689,-0.1066,-0.4844,-0.494,0.2668
43718.84818,-0.0632,-0.2063,-0.162,-0.4434,-0.0047,-0.1198
43718.87834,0.4546,0.242,-0.2041,-1.2815,-0.2915,-0.2396
43718.90849,-0.4044,0.2971,-0.128,0.9563,-0.1349,0.3291
43718.93864,-0.2009,-0.0926,0.0137,0.6562,0.1267,0.0687
43718.96882,0.3376,-0.13,0.104,-0.1495,-0.0945,0.5013
43718.99897,-0.339,0.0593,0.0013,-0.0617,0.1245,0.4314
43719.02912,0.0587,-0.1083,-0.277,0.3791,0.1239,0.3752
43719.05927,-0.1941,0.152,0.1004,1.0554,0.2183,0.2998
43719.08943,-0.1568,-0.0272,0.3077,0.9172,0.2008,-0.1968
43719.11961,0.4813,-0.0628,0.1054,-0.554,-0.1952,0.0166
43719.14976,-0.2112,0.2217,-0.2196,0.1694,-0.4308,0.5858
43719.17991,0.1972,-0.0514,-0.049,0.2139,0.4315,-0.1746
43719.21006,0.3019,0.0245,-0.0107,-0.0225,-0.3858,0.3656
43719.24021,-0.6887,0.1568,0.0567,1.2897,0.05,0.562
43719.27036,-0.0312,-0.2713,0.1935,0.2752,0.259,0.0317
43719.30055,0.4822,-0.0149,0.0904,-1.2171,-0.4648,-0.0826
43719.3307,-0.0909,0.2501,-0.1458,-0.2573,-0.1714,-0.5647
43719.36085,-0.2836,0.055,-0.0153,0.3684,-0.0481,0.0467
43719.391,0.1166,-0.0153,0.1733,-0.1749,-0.0224,-0.0608
43719.42115,-0.1951,-0.0504,0.1948,-0.3956,-0.4,0.0334
43719.45133,-0.304,-0.1105,0.0673,0.6355,-0.0104,0.4623
43719.48149,-0.0784,-0.0784,-0.0339,-0.0822,0.333,-0.0837
43719.51164,0.4714,-0.0062,-0.1929,-0.3452,0.45,-0.4768
43719.54179,-0.0026,0.1467,-0.0723,-0.041,0.1845,-0.5949
43719.57194,0.23,0.1839,0.2236,0.2456,0.3222,-0.4759
43719.60209,0.0094,-0.0888,0.0709,-0.2227,0.0367,0.085
43719.63227,0.1686,-0.0695,-0.0581,-0.4804,0.3127,-0.2801
43719.66243,0.1923,-0.0689,0.0144,-0.3632,-0.2137,0.1065
43719.69259,-0.464,0.0927,0.0368,0.29,-0.1251,0.462
43719.72274,0.1804,-0.4417,-0.0215,-0.3089,0.0534,0.0508
43719.75289,0.4496,-0.055,-0.0074,-1.9525,-0.6961,-0.2767
43719.78307,-0.5093,0.3175,-0.2093,-0.0634,-0.044,0.2322
43719.81322,0.2437,-0.0823,-0.2094,-0.0617,0.3817,0.1381
43719.84337,-0.101,0.1952,-0.2816,-0.43,-0.2271,0.5727
43719.87352,-0.1285,-0.051,-0.0759,1.0973,0.3336,0.6141
43719.90368,0.0187,-0.1747,0.0309,0.4483,-0.1993,0.9195
43719.93383,-0.4314,0.0402,0.3217,0.6337,0.1116,0.4268
43719.96401,0.2936,-0.1703,0.1057,-0.0602,-0.0168,0.148
43719.99416,0.4701,0.0702,-0.0361,-1.3616,-0.4068,-0.1914
43720.02431,-0.2363,0.388,-0.067,0.4426,-0.3148,0.2769
43720.05446,-0.2978,0.0198,0.0784,0.6058,0.1868,0.0616
43720.08461,0.5124,0.0189,0.1083,-0.441,-0.2186,0.4273
43720.1148,-0.2409,0.1759,-0.1359,0.5974,-0.381,0.329
43720.14495,-0.3054,0.0046,0.0407,0.6311,-0.2247,-0.0805
43720.1751,0.2013,0.0105,-0.062,0.0128,-0.1947,-0.3068
43720.20525,-0.2339,0.1141,0.0607,0.7625,-0.3894,0.0222
43720.2354,-0.1925,0.0449,0.0819,0.7388,0.1457,-0.4584
43720.26555,0.1997,0.1283,0.1137,-0.1192,-0.2874,-0.2456
43720.29574,-0.0719,0.2986,-0.0651,-0.0093,-0.0408,-0.4672
43720.32589,0.0884,-0.0503,0.0976,0.3307,0.0429,-0.1121
43720.35604,-0.2928,0.129,0.0837,0.3005,0.094,-0.0711
43720.38619,0.1221,-0.0168,0.0934,0.4419,0.3195,-0.3666
43720.41634,0.2454,-0.2476,0.1929,-0.4111,-0.0515,-0.1768
43720.44652,-0.0411,0.139,0.0478,-0.4477,0.049,-0.3323
43720.47667,0.0601,0.0126,0.0465,0.2731,0.2392,-0.2144
43720.50683,0.1445,-0.18,0.0595,-0.5931,-0.086,0.0109
43720.53698,0.0707,-0.0412,-0.0663,-0.1201,0.3464,-0.3157
43720.56713,0.0402,0.0576,0.151,-0.0139,0.097,-0.1367
43720.59728,-0.1298,0.0605,-0.0113,0.3067,0.3529,-0.1504
43720.62746,0.4639,-0.0619,-0.0548,-0.5096,-0.0313,-0.0795
43720.6576,-0.4337,0.1186,0.0551,-0.268,-0.2127,0.2125
43720.68775,0.0156,-0.0055,-0.1427,0.1497,0.1903,0.0064
43720.7179,-0.2137,0.0289,-0.0461,-0.6877,-0.0356,-0.1215
43720.74805,0.1391,0.1049,0.1318,-0.0731,0.0394,-0.1094
43720.77823,-0.2491,0.0248,-0.1312,0.3954,0.1232,0.4672
43720.80838,-0.3579,0.1613,-0.1049,0.9683,0.4405,-0.1393
43720.83854,0.4219,-0.083,0.3133,0.0849,0.2657,-0.1984
43720.86869,0.2316,0.2327,-0.0421,-0.3258,0.1014,-0.089
43720.89884,-0.1355,0.0079,0.0532,0.637,0.096,0.201
43720.92899,-0.3534,0.042,0.1548,0.0136,0.002,0.1696
43720.95917,0.4017,-0.1151,0.0113,-0.1592,0.0538,0.2082
43720.98932,-0.1015,-0.1268,-0.1532,0.07,-0.3047,0.6444
43721.01947,-0.0911,0.0167,-0.1946,0.2112,0.0239,-0.0728
43721.04963,0.3163,-0.1863,0.0368,-0.0861,0.0268,-0.1288
43721.07978,0.0265,0.079,-0.2003,-0.452,-0.2279,-0.2873
43721.10996,-0.161,-0.0383,0.2276,0.7989,0.184,0.1752
43721.14011,-0.1392,0.0913,0.011,-0.553,-0.2256,0.0987
43721.17026,-0.1063,0.0087,-0.0194,-0.0252,0.2507,0.0473
43721.20041,0.2106,-0.0962,-0.0253,-0.1181,-0.2709,0.3385
43721.23056,-0.1784,0.1487,-0.2389,0.1361,0.1579,-0.0911
43721.26072,-0.083,0.0384,0.0995,0.6346,0.1207,-0.3133
43721.2909,-0.0628,-0.0241,0.0518,-0.0706,0.0516,-0.3478
43721.32105,0.2629,0.0896,0.1427,-0.3324,0.2123,-0.5641
43721.3512,-0.2341,0.2954,-0.0302,-0.0767,0.1563,-0.3417
43721.38135,0.29,0.2029,0.0009,0.2122,0.3526,-0.3623
43721.4115,-0.1336,-0.0013,-0.0697,-0.1454,-0.3943,-0.0368
43721.44169,-0.1136,-0.2194,0.1119,0.0377,0.0891,-0.2715
43721.47184,0.3782,-0.2382,0.2018,-0.6401,0.036,-0.1604
43721.50199,0.243,0.0903,-0.1476,-0.9115,-0.0246,-0.5035
43721.53214,-0.1996,0.1414,-0.3449,0.136,-0.097,0.184
43721.56229,-0.2617,-0.2031,0.057,0.4607,0.0806,0.0734
43721.59244,-0.1357,-0.088,0.2485,-0.6432,-0.0792,-0.0105
43721.62262,0.265,0.1927,-0.033,-1.0506,-0.0172,-0.3849
43721.6528,-0.0595,0.1294,-0.262,-0.2826,-0.0918,0.1856
43721.68295,-0.2533,0.1205,-0.0554,0.3613,0.3422,-0.021
43721.7131,-0.3481,0.0532,0.1102,1.2055,0.358,0.0647
43721.74326,0.1701,0.12,0.1968,0.2865,0.181,-0.1346
43721.77344,-0.0324,0.1097,-0.1306,0.729,0.1584,0.0562
43721.80359,0.1807,-0.1577,0.1448,0.587,0.1477,0.0003
43721.83374,0.018,-0.0333,0.21,-0.5578,-0.1938,0.1321
43721.86389,-0.0622,0.0119,-0.0189,0.0171,-0.2845,0.3685
43721.89404,0.0563,-0.1717,-0.0024,-0.38,-0.2206,0.5279
43721.92419,-0.107,-0.0099,-0.1146,-0.1916,0.2114,0.142
43721.95438,0.2341,-0.0889,0.1395,-0.0878,-0.1406,0.3288
43721.98453,-0.3068,-0.0433,-0.1262,-0.4059,-0.2068,0.0562
43722.01468,0.2639,-0.272,0.0766,-0.5097,-0.3126,0.3067
43722.04483,-0.0255,-0.1461,-0.1265,-0.8693,-0.2254,0.1379
43722.07498,0.2404,-0.1559,-0.0911,-0.5276,0.0507,0.2912
43722.10516,-0.1323,0.1104,-0.2749,-0.5602,0.0697,0.3587
43722.13531,-0.1423,0.0059,-0.0244,0.3481,0.2227,0.3075
43722.16547,-0.1723,-0.0231,-0.2457,-0.2112,-0.0385,0.3112
43722.19562,0.0015,0.0142,0.0371,0.1223,0.0781,-0.1196
43722.22577,0.309,-0.1246,-0.1126,-0.4576,-0.1933,-0.1726
43722.25592,0.1774,0.1998,-0.1319,-0.3271,0.1948,-0.4926
43722.2861,-0.0111,0.1207,0.0688,0.5457,-0.2032,0.1227
43722.31625,-0.1638,-0.1259,-0.0204,-0.1282,-0.1536,0.0549
43722.3464,0.0794,-0.0981,0.0812,-0.56,-0.2232,0.226
43722.37656,0.0411,-0.1344,0.0009,-0.3645,-0.2046,0.0157
43722.40671,0.0014,-0.0861,-0.0761,-0.3069,-0.2641,0.2517
43722.43689,0.3128,-0.1828,-0.2147,0.0379,0.0384,0.2907
43722.46704,-0.2091,0.0306,0.0599,-0.2174,-0.0541,0.0919
43722.49719,0.5398,0.0786,-0.1811,-0.5351,0.0869,-0.1792
43722.52734,-0.1848,0.2969,-0.1714,-0.1015,-0.4311,0.502
43722.55749,-0.7214,0.1545,0.0075,1.2259,0.1858,0.4196
43722.58765,-0.0947,-0.027,0.1317,0.4042,0.1575,0.1103
43722.61783,0.252,-0.0248,-0.1654,-0.0795,-0.4053,-0.04
43722.64796,-0.1428,0.0489,0.2036,0.4221,-0.1368,-0.1465
43722.67811,-0.198,0.2158,0.0703,0.1602,-0.126,-0.1339
43722.70826,0.0438,0.1462,-0.0047,0.2458,-0.0025,-0.1435
43722.73842,0.279,-0.0632,-0.1396,0.1961,-0.0478,0.1384
43722.7686,-0.0578,0.0501,-0.0513,0.8496,0.0425,0.5581
43722.79875,-0.2561,-0.144,0.2422,0.8478,0.1283,0.6668
43722.8289,0.2302,-0.2805,0.1615,-0.4294,-0.2942,0.3732
43722.85905,-0.1005,-0.0782,0.0882,0.122,0.037,-0.0439
43722.8892,0.3947,-0.3205,0.1453,-0.3962,-0.2762,-0.2876
43722.91935,-0.4397,0.1755,-0.0242,-0.6512,-0.0014,-0.1447
43722.94954,0.108,0.2413,-0.062,0.4053,0.1573,-0.1978
43722.97969,-0.054,-0.0403,-0.0131,-0.2126,-0.1276,0.2229
43723.00984,-0.0715,0.0761,0.0702,0.0208,-0.141,0.3001
43723.03999,-0.3726,0.1736,0.0002,0.4064,0.1474,-0.154
43723.07014,0.1622,0.1459,0.0602,0.4946,0.2657,-0.6717
43723.10032,0.0586,0.0476,0.1518,-0.065,-0.2042,-0.2727
43723.13047,-0.0786,0.197,0.0693,0.5008,0.4216,-0.6706
43723.16063,0.0302,0.0091,0.0172,-0.2712,-0.2982,-0.1154
43723.19078,-0.1217,0.2181,-0.0113,-0.3715,0.018,-0.3859
43723.22093,0.0595,-0.0749,-0.151,0.4855,0.2505,-0.1317
43723.25108,0.3276,-0.1345,-0.2434,-0.3244,0.1773,0.0507
43723.28126,-0.1912,-0.0178,0.0604,0.1142,0.1977,-0.1133
43723.31141,0.1025,-0.0599,0.0371,-0.0839,0.2324,-0.2203
43723.34156,-0.0423,-0.2233,0.2624,0.1766,-0.1488,0.4029
43723.37172,0.0424,-0.1377,0.0288,-0.4475,-0.0257,-0.0002
43723.40187,0.2576,-0.0993,0.1835,-0.6156,-0.112,0.0845
43723.43205,-0.282,0.1297,-0.0718,-0.2632,-0.2381,0.1632
43723.4622,-0.2988,0.0073,0.1119,0.3455,0.1525,0.1048
43723.49235,0.5647,0.0108,-0.026,-1.0832,0.0631,-0.2293
43723.5225,-0.0914,0.3395,-0.2238,-0.4557,-0.0789,-0.0242
43723.55266,-0.3728,0.1386,0.0123,0.848,0.1409,0.3642
43723.58281,-0.4267,-0.0465,0.1911,0.6158,0.1508,0.3319
43723.61299,0.2738,-0.0687,-0.0585,-0.1668,-0.1081,0.1461
43723.64314,-0.0593,0.0389,-0.1462,-0.0223,-0.3918,0.1399
43723.6733,0.0353,0.1216,-0.0262,0.4481,0.1654,-0.4918
43723.70346,0.4749,0.016,0.0738,-0.0223,-0.0818,-0.4012
43723.73361,-0.0076,0.2503,-0.0903,0.4894,-0.1605,0.0053
43723.76379,0.1754,-0.0643,0.2814,1.0011,0.017,0.4159
43723.79394,-0.6215,0.0181,0.0514,-0.1319,-0.7101,0.7288
43723.82409,-0.0516,-0.2853,0.0788,0.0719,-0.0743,0.03
43723.85424,0.1441,-0.2381,0.2021,-0.7302,-0.4584,0.2208
43723.8844,-0.0812,-0.021,0.1087,-0.3276,0.0338,-0.3718
43723.91455,0.0241,-0.0134,0.3305,-0.5695,-0.025,0.143
43723.94473,-0.3646,0.3192,-0.4541,-0.2246,0.0833,-0.3371
43723.97488,1.7486,-0.26,-0.2033,-0.7509,-0.0543,0.1821
43724.00503,-0.8781,0.601,-0.5595,0.058,-0.0246,1.1096
43724.03518,-0.7957,0.0592,0.0352,2.0815,1.2316,-0.578
43724.06533,1.0285,-0.2772,0.2257,-0.5592,0.1037,-0.1096
43724.09552,-0.3271,0.3287,-0.2554,-0.5514,-0.5762,-0.6804
43724.12567,0.4164,-0.0185,0.3114,1.4227,0.7678,-0.5491
43724.15582,-0.5307,0.5737,-0.2965,-1.4983,-1.4274,0.0072
43724.18597,-0.2197,-0.4637,0.2193,1.8778,0.9976,0.2479
43724.21612,0.337,-0.3812,0.0104,-1.5285,-0.5589,-0.1671
43724.24627,0.26,0.1453,-0.0565,-0.989,-0.1212,-0.6947
43724.27645,0.0152,-0.2266,0.3355,0.86,0.3692,0.2365
43724.30661,-0.5752,0.4435,-0.0309,-0.4733,0.067,0.2133
43724.33676,0.6817,-0.2484,0.046,0.6971,0.8453,0.0666
43724.36691,-0.1702,0.1974,-0.2739,-1.016,-0.5605,0.2079
43724.39706,-0.3983,-0.0642,-0.1002,0.969,0.8422,-0.147
43724.42724,0.1574,-0.007,-0.1659,-0.5069,-0.0314,0.0981
43724.45739,-0.2415,0.0997,-0.2771,0.7793,0.1675,0.0991
43724.48754,0.1093,-0.1529,0.0305,0.6641,-0.0004,0.0506
43724.5177,0.0338,0.0549,-0.0727,-0.2814,-0.3855,0.0241
43724.54785,-0.1552,-0.0027,0.1583,0.5422,0.0999,0.1689
43724.578,0.2971,-0.0039,0.3376,-0.7426,-0.401,0.1175
43724.60818,-0.4231,0.1943,-0.2808,0.2264,-0.327,0.6765
43724.63833,0.1173,-0.1743,0.0619,1.0127,0.1805,0.4064
43724.66848,0.9599,-0.3739,-0.0441,-0.9502,0.5821,-0.3033
43724.69863,-0.0774,0.1362,0.042,-0.305,-0.0117,-0.1293
43724.72878,-0.7931,0.1434,0.1613,1.0008,0.0057,0.3474
43724.75897,-0.1536,-0.0606,0.1675,-0.492,-0.1726,0.2874
43724.78912,0.4428,-0.0813,-0.3098,-1.0917,0.1311,-0.1657
43724.81927,0.0074,0.2077,-0.0786,0.8225,-0.1615,0.24
43724.84942,-0.549,0.1118,-0.0101,0.9631,0.034,-0.1969
43724.87957,-0.0467,-0.1119,0.3713,-0.2673,0.0136,-0.1088
43724.90975,0.5017,0.0467,-0.0748,-1.1738,0.1382,-0.5379
43724.93991,0.0791,0.3773,-0.2127,0.574,-0.128,-0.3002
43724.97006,-0.5579,0.0883,0.1102,0.7874,0.1028,0.2023
43725.00021,-0.0334,0.0889,0.3033,-0.1231,0.3363,-0.5608
43725.03036,0.2651,0.0941,0.1425,-0.8013,-0.6734,-0.4943
43725.06051,0.048,0.0578,-0.0865,0.152,-0.1683,-0.1952
43725.09069,-0.0987,-0.0356,-0.0064,-0.1719,-0.2488,0.1001
43725.12084,0.0807,-0.1853,0.0286,0.2187,0.278,-0.0527
43725.151,0.3679,-0.173,0.0672,-0.2294,0.1785,-0.2027
43725.18115,0.1412,0.1426,-0.0424,-0.0505,0.1056,0.0387
43725.2113,-0.2133,0.2001,0.1022,0.1675,0.0364,-0.154
43725.24148,0.1961,-0.0468,0.172,-0.689,-0.047,-0.16
43725.27163,-0.4193,0.0847,0.0951,-0.6356,-0.5592,0.2245
43725.30178,-0.2412,0.1275,-0.1937,0.1092,-0.0779,-0.2641
43725.33193,0.2009,-0.3808,-0.0441,0.4187,0.1278,0.4031
43725.36209,-0.5328,0.3106,-0.0295,0.2167,0.2844,-0.0495
43725.39224,0.2933,-0.0531,0.121,0.042,0.1308,-0.1129
43725.42242,0.0595,0.1866,0.0346,-0.3506,0.2939,0.0547
43725.45257,0.1769,0.1156,0.0072,0.4568,0.4731,-0.0028
43725.48272,-0.0994,0.0512,-0.2229,0.7562,0.0739,0.554
43725.51287,-0.2508,-0.0748,0.0831,0.9256,0.0467,0.339
43725.54302,0.4636,-0.3077,0.1623,-0.4211,0.0163,-0.2352
43725.57321,-0.1713,0.1275,0.1361,-0.8821,-0.6108,-0.0436
43725.60336,-0.2896,0.0149,0.0039,0.662,-0.3038,0.2398
43725.63351,0.5019,-0.3421,0.0408,-0.2248,0.7923,-0.1532
43725.66368,0.2172,0.2042,-0.3735,-1.1026,-1.0677,0.0842
43725.69383,-0.4232,0.1471,-0.143,1.1469,0.3124,-0.1026
43725.72401,-0.1353,-0.0566,0.0242,-0.154,-0.0097,0.1105
43725.75417,-0.1091,0.0418,-0.0582,0.1728,0.1986,-0.1293
43725.78432,0.1701,0.1099,-0.0151,0.174,0.1861,-0.3487
43725.81447,-0.1595,0.1203,-0.0699,0.2335,0.2015,-0.126
43725.84462,-0.2122,0.0993,0.213,0.995,0.4787,0.0471
43725.87477,0.2372,-0.0453,0.2895,-0.425,0.216,-0.5599
43725.90495,0.1507,-0.0399,-0.1104,-1.3651,-0.1685,-0.5319
43725.9351,-0.0686,0.1161,0.0377,-0.092,0.0651,-0.1071
43725.96526,-0.3251,0.0199,-0.0339,0.4008,0.1526,0.3723
43725.99541,-0.1513,-0.0519,-0.203,-0.0012,0.2624,-0.1301
43726.02556,0.7739,-0.2237,0.1551,-0.722,0.0832,-0.2928
43726.05574,-0.173,-0.1034,-0.3849,-0.4583,-0.0977,-0.0874
43726.08589,0.2535,-0.0701,-0.0537,0.1508,0.3797,-0.0349
43726.11604,0.1155,-0.1393,-0.2235,-0.5107,0.0542,0.241
43726.14619,0.1668,-0.0459,-0.2552,-0.5034,-0.1361,-0.0664
43726.17635,0.0519,-0.1478,-0.1381,-0.4954,-0.1329,0.0952
43726.20653,-0.241,0.0374,-0.0974,-0.0364,-0.0843,0.4951
43726.23668,-0.1977,0.0165,0.1453,-0.4092,-0.1332,0.075
43726.26683,0.1348,-0.0871,-0.3015,-0.542,-0.2055,0.1299
43726.29698,0.0779,0.0115,-0.1822,0.1071,0.1325,0.2381
43726.32713,0.1059,0.0248,0.1276,-0.346,-0.2447,0.2614
43726.35728,-0.4611,0.2016,0.0151,0.0779,0.0908,0.257
43726.38747,0.2608,-0.0723,-0.1026,0.459,-0.0626,0.4157
43726.41762,-0.01,-0.0439,-0.0779,-0.2268,-0.1838,0
43726.44777,0.1324,-0.0186,-0.0695,0.0909,-0.3698,0.1263
43726.47792,-0.1445,-0.0558,0.0715,0.3754,-0.1358,0.2364
43726.50807,-0.1707,-0.0631,0.1908,0.3637,-0.2476,0.3468
43726.53825,0.3493,-0.1251,-0.038,-0.398,-0.2724,-0.2159
43726.56841,0.0551,0.1142,-0.0802,0.0914,-0.2898,-0.0197
43726.59856,-0.2124,0.2166,-0.3028,0.1277,-0.2617,-0.1028
43726.62871,-0.0134,-0.2702,-0.0875,0.2686,0.0076,0.2662
43726.65887,0.2477,-0.0483,-0.0862,-0.1038,-0.1918,0.4889
43726.68902,-0.1749,0.0191,-0.0589,0.3177,0.0269,-0.1111
43726.7192,-0.0906,0.0716,0.0079,-0.1274,-0.0788,0.0404
43726.74936,-0.057,0.3023,-0.0023,0.035,-0.075,-0.493
43726.77951,-0.1393,0.1083,0.0434,0.3356,-0.1052,-0.3335
43726.80966,-0.0231,0.0474,-0.0144,0.2935,0.1665,-0.2075
43726.83981,-0.2374,0.1272,0.1701,0.4568,0.0731,-0.0935
43726.86999,0.0543,-0.0488,-0.0591,0.1797,0.1591,-0.1317
43726.90014,0.2736,-0.1583,-0.0635,-0.1135,0.0209,-0.0155
43726.93029,0.1492,-0.1227,0.27,-0.0241,0.2079,-0.1038
43726.96045,0.005,-0.1312,0.0857,-0.2448,0.0822,0.0073
43726.9906,0.4419,-0.1838,0.0847,-0.1073,0.3071,0.145
43727.02078,0.382,-0.3158,0.0318,-0.699,-0.3255,0.1266
43727.05093,-0.4455,0.1277,-0.1007,-0.8505,-0.0855,0.1272
43727.08108,-0.0198,-0.0198,-0.0904,-0.1321,0.2464,-0.0277
43727.11123,0.0592,0.0132,-0.2414,-0.5159,-0.3798,0.2976
43727.14138,-0.2977,0.011,0.006,0.0937,-0.1521,0.1578
43727.17154,0.2758,-0.0353,-0.311,-0.5936,0.111,-0.2315
43727.20172,0.1733,0.2074,-0.3749,0.3727,-0.1324,0.0321
43727.23187,-0.5509,0.0174,0.2634,1.346,0.1441,0.1638
43727.26202,0.1769,-0.0545,0.2954,-0.3921,0.0506,0.0421
43727.29217,0.1519,0.0055,-0.0824,-0.2287,-0.1931,0.1186
43727.32232,0.2016,-0.0718,-0.0648,0.0949,-0.149,0.1718
43727.3525,-0.0999,-0.0983,-0.0385,0.1868,0.0066,0.3153
43727.38266,-0.0095,-0.1027,0.0274,0.5847,0.0167,0.4453
43727.41281,0.1409,-0.2732,0.2413,-0.0103,0.1399,0.1567
43727.44296,0.1173,-0.0021,0.0573,-0.5267,-0.1605,0.0864
43727.47311,-0.0023,0.0904,-0.1938,0.2082,-0.0837,0.059
43727.50326,-0.126,-0.1646,0.0718,0.1309,0.0012,0.2082
43727.53344,0.063,0.0433,0.0336,-0.2753,0.0498,-0.0764
43727.56359,0.0189,-0.0602,-0.2308,-0.062,-0.3034,0.0442
43727.59375,-0.1467,-0.032,-0.0012,0.1117,0.0013,-0.1341
43727.6239,0.2331,-0.0534,-0.0624,-0.2126,0.1417,-0.4639
43727.65404,0.1163,0.0679,-0.1269,-0.053,-0.2364,-0.0751
43727.68423,-0.3711,-0.0232,0.1524,0.8485,0.198,-0.0407
43727.71438,0.1336,-0.2093,0.1347,-0.204,0.0638,-0.1458
43727.74453,0.0983,0.0533,-0.0785,-0.597,-0.0594,-0.3044
43727.77468,0.2192,0.0451,-0.0776,0.2888,0.138,-0.2612
43727.80483,-0.1501,-0.004,0.0663,0.0041,0.1321,0.0315
43727.83501,-0.0077,-0.0564,0.1506,-0.0349,-0.0667,0.2524
43727.86516,0.1011,-0.2466,0.0449,-0.2461,-0.0705,0.1708
43727.89532,0.2205,-0.1825,0.0768,-0.4496,-0.0905,-0.0595
43727.92547,0.079,-0.0069,-0.0075,-0.3059,0.0952,-0.1457
43727.95562,-0.0363,0.1547,0.0742,0.09,-0.0382,-0.1109
43727.98577,-0.0656,-0.0173,-0.003,-0.0324,0.1263,-0.0317
43728.01595,0.0077,0.1173,-0.1135,-0.2958,-0.3593,0.1023
43728.0461,-0.0951,0.1659,-0.126,0.1601,-0.0328,-0.1802
43728.07625,0.0412,0.0074,-0.0377,0.3998,0.0911,-0.0207
43728.10641,0.0187,-0.0455,-0.0825,0.2058,-0.3833,0.1477
43728.13656,-0.324,-0.0138,0.04,0.7527,0.1917,0.0147
43728.16674,0.0476,-0.2111,0.137,0.3971,-0.1246,0.3082
43728.19689,0.1147,-0.0613,-0.2067,-0.2785,-0.1626,0.0717
43728.22704,0.2668,-0.1726,0.015,-0.0066,0.0535,-0.0269
43728.25719,-0.17,0.0004,-0.1169,0.5621,0.2736,0.368
43728.28734,-0.0018,-0.0221,0.0865,0.67,0.2087,0.0885
43728.3175,0.324,-0.1046,0.2644,-0.2173,0.0738,-0.0345
43728.34768,-0.0669,0.0853,0.0822,-0.284,-0.1918,0.1292
43728.37783,-0.2583,0.0601,0.0113,0.624,0.0079,0.1298
43728.40798,0.2091,-0.119,0.0536,-0.2334,-0.1517,-0.172
43728.43813,-0.0706,-0.2491,-0.1189,0.0542,-0.3566,0.2654
43728.46828,-0.0347,-0.0318,0.0758,-0.0677,0.1749,-0.256
43728.49847,0.369,-0.0129,-0.1205,-0.3551,0.0149,-0.2426
43728.52862,-0.065,0.1513,-0.0192,-0.1003,-0.0186,-0.0446
43728.55877,-0.2529,0.022,-0.1306,0.4119,0.3838,-0.0378
43728.58892,-0.0619,-0.0316,0.0941,-0.1817,-0.0883,0.0692
43728.61907,0.0436,-0.0561,-0.0693,-0.0676,0.0794,-0.1904
43728.64922,0.1647,-0.172,0.2061,-0.1282,0.1519,-0.1247
43728.6794,0.0368,0.0352,0.0913,-0.5797,0.203,-0.2532
43728.70955,0.1118,-0.0478,-0.2749,-0.1957,0.0543,-0.1779
43728.7397,0.0491,0.0407,-0.0374,-0.2109,0.1996,-0.1768
43728.76986,0.364,-0.0092,-0.2025,-0.2888,0.0074,-0.1281
43728.80001,-0.1933,0.06,-0.0122,0.3392,0.1032,-0.0293
43728.83019,-0.1117,-0.035,0.2389,0.4529,0.2564,-0.0215
43728.86034,0.1994,-0.2172,0.0743,-0.3291,-0.3695,0.0551
43728.89049,0.2465,-0.0874,0.0136,-0.4451,-0.0088,-0.3017
43728.92064,0.0629,0.2286,0.0731,-0.71,-0.1288,-0.3799
43728.95079,-0.2274,0.0302,-0.5174,0.1233,-0.4737,0.3191
43728.98098,-0.1012,0.1086,0.1146,-0.0133,0.0696,0.138
43729.01113,0.1436,-0.0705,-0.1586,0.2244,0.1567,-0.1295
43729.04128,-0.0048,-0.058,-0.0439,0.1514,-0.1198,0.4052
43729.07143,-0.1285,0.0162,-0.1001,-0.0283,0.0028,-0.2679
43729.10158,0.1471,-0.2501,0.1117,0.2508,-0.0487,0.2251
43729.13173,0.0685,-0.0262,-0.023,-0.0843,0.2366,-0.0309
43729.16191,0.1783,-0.1185,-0.0646,0.1519,0.051,0.2514
43729.19207,-0.063,0.0864,-0.1025,0.0514,0.1202,0.1898
43729.22222,-0.0079,-0.0711,0.0259,0.5293,0.0256,0.1052
43729.25237,0.0522,-0.1833,0.0226,-0.0984,-0.0869,0.1153
43729.28252,0.0486,-0.0701,-0.0937,-0.2001,-0.0702,-0.0772
43729.3127,0.38,-0.0074,0.1479,0.1963,0.1401,-0.1917
43729.34285,-0.1811,0.1028,0.1223,-0.0324,-0.0127,-0.1761
43729.373,0.0856,0.0496,0.0464,0.2184,0.0234,-0.1594
43729.40316,-0.0473,-0.0167,-0.0734,0.4847,0.0529,0.0315
43729.43331,-0.1875,0.0067,-0.1065,0.5296,0.0261,-0.1451
43729.46346,0.0474,0.153,0.2068,0.9154,0.3372,-0.3027
43729.49364,0.0373,-0.0766,0.2735,1.2535,0.1517,-0.109
43729.52379,0.1451,-0.0718,-0.0034,0.9118,-0.0552,0.0912
43729.55394,0.31,0.0486,0.148,1.2723,-0.1248,-0.1496
43729.58409,-0.1494,-0.1538,0.0618,0.8476,0.0682,-0.1176
43729.61425,0.0573,0.0569,-0.1059,0.3622,0.1401,0.3593
43729.64443,-0.1063,0.0297,0.0725,0.1782,0.2182,0.4634
43729.67458,-0.1064,-0.0314,0.0197,0.9326,0.2579,0.3844
43729.70473,0.1799,-0.1228,-0.056,0.3848,0.0013,-0.0064
43729.73488,0.2688,-0.1775,-0.0821,-0.2712,-0.1461,-0.3442
43729.76503,-0.2038,-0.0706,0.1681,-0.2434,0.26,-0.2449
43729.79519,-0.2078,0.1926,0.2595,0.4238,0.3394,0.2004
43729.82537,0.1878,0.0818,-0.0621,0.0871,-0.1211,0.3099
43729.85552,0.6105,-0.1715,-0.021,-0.4627,-0.1982,-0.4058
43729.88567,-0.3725,0.0197,-0.1737,-0.7196,0.1166,-0.6658
43729.91582,-0.2234,0.0896,0.1327,0.7918,0.1615,0.0349
43729.94597,0.1658,0.0229,0.0594,0.0755,-0.21,0.0344
43729.97615,0.4396,-0.1428,0.1305,0.0235,-0.0612,-0.1496
43730.00631,-0.0127,0.0504,-0.3041,-0.6552,0.054,-0.6213
43730.03646,-0.1374,0.0246,0.165,0.8623,0.2625,0.0518
43730.06661,-0.3344,-0.019,0.0815,0.2412,-0.1068,0.1445
43730.09676,0.3978,-0.1464,0.051,-0.3394,-0.4337,0.0803
43730.12691,0.1261,-0.0657,-0.031,-0.4919,-0.1007,-0.2597
43730.15709,-0.172,-0.0144,-0.0737,-0.33,0.2008,-0.1011
43730.18725,0.0056,0.0202,0.09,0.3752,0.4026,0.388
43730.2174,0.6272,-0.1638,0.0912,-0.4397,0.0206,-0.0662
43730.24755,-0.3464,0.1411,-0.1374,-0.3737,0.2372,-0.2452
43730.2777,-0.0632,-0.0656,0.0271,0.2135,0.097,0.0187
43730.30788,-0.0058,-0.1216,0.1552,-0.1763,-0.1718,0.0921
43730.33803,0.0095,0.0094,-0.1344,-0.0516,-0.2263,-0.3306
43730.36818,0.2136,-0.1288,0.0515,-0.2183,-0.196,-0.2632
43730.39834,0.0615,-0.0572,-0.0068,-0.0794,-0.0867,-0.2548
43730.42849,0.1321,-0.0304,-0.0064,-0.033,-0.0892,-0.0697
43730.45864,-0.0334,-0.0832,0.2345,-0.002,0.0779,0.0011
43730.48882,-0.0918,0.0805,-0.0473,-0.2481,0.0956,-0.0868
43730.51897,0.6682,-0.4266,0.0772,-0.492,-0.1498,-0.1103
43730.54912,-1.0384,-0.1185,0.2928,0.4328,0.2859,0.5423
43730.57927,-0.0739,0.1971,-1.1063,-1.2425,-0.6931,-1.0972
43730.60943,1.4319,-1.0047,0.3742,-3.9937,-0.1712,-0.6669
43730.63961,-0.2858,0.5067,0.2105,-4.381,-1.2778,-1.1911
43730.66977,0.6535,0.6857,-0.4948,4.2956,1.0098,-0.272
43730.69993,-0.5116,-0.3438,0.5562,-0.9895,-0.1431,-0.4457
43730.73008,-1.1364,0.2549,0.2197,1.5681,0.3768,2.3392
43730.76023,-0.0834,0.3701,-0.818,-0.2383,-0.5261,-0.9075
43730.79038,3.3103,-1.026,-0.3615,-2.9579,-3.0676,-0.9556
43730.82056,-1.2334,0.6318,-0.3399,-1.7695,-0.383,0.7217
43730.85071,-0.4651,-0.1333,-0.5221,2.6848,1.5368,-1.3012
43730.88086,1.014,-0.5289,0.1765,-0.3063,0.2903,0.9072
43730.91102,0.2126,0.2959,0.4465,-1.1394,1.0522,-0.0326
43730.94117,0.1949,0.158,0.3207,0.7414,1.0201,0.5739
43730.97135,-0.0269,-0.0646,-0.4476,0.7428,0.0643,0.3945
43731.0015,-1.3039,0.1902,0.287,0.9587,-0.7883,0.2879
43731.03165,0.2453,-0.3378,-0.4528,0.4375,-0.656,0.3674
43731.0618,0.4559,-0.2378,0.3735,-1.3103,-0.5168,0.2688
43731.09195,-0.071,-0.1348,-0.3142,-1.3815,-0.8008,-0.8586
43731.12211,0.7889,0.125,-0.3475,-0.7327,0.0899,-0.3291
43731.15229,-0.074,0.1601,-0.0894,0.3007,0.4881,0.0987
43731.18244,-0.4426,0.1167,0.184,1.5764,0.6199,0.4169
43731.21259,0.1286,-0.2155,0.2017,0.5261,0.2886,0.3948
43731.24274,0.0986,-0.1707,0.0937,-1.0618,-0.4562,0.1316
43731.27289,-0.2441,0.0508,-0.1754,-0.2061,-0.0326,-0.1101
43731.30308,0.155,-0.1732,0.1117,0.5506,-0.1267,0.0228
43731.33323,-0.1939,-0.0048,-0.187,-0.7807,-0.3971,-0.4633
43731.36338,0.0925,0.0673,0.169,0.8471,-0.0182,0.04
43731.39353,0.2216,-0.1944,0.1682,-0.3898,-0.1743,-0.0323
43731.42368,0.098,0.0239,-0.0119,-0.4894,-0.1069,-0.1346
43731.45383,0.2221,0.0102,-0.0472,0.101,0.2293,-0.0361
43731.48401,-0.2158,-0.2694,0.2457,-0.002,0.089,0.2675
43731.51417,-0.3324,0.1582,0.0845,0.0603,-0.022,0.2133
43731.54432,0.9135,-0.2094,0.1196,0.7289,0.1292,0.7747
43731.57447,-0.2783,-0.2336,-0.1392,-0.4688,-0.2359,0.1362
43731.60462,-0.2311,-0.1624,-0.2384,-0.0757,0.0349,0.0938
43731.6348,0.4199,-0.2399,-0.1177,-0.5502,-0.0222,-0.1394
43731.66497,-0.0451,-0.0624,-0.1587,-0.7168,-0.117,-0.2269
43731.69512,-0.055,-0.0543,-0.0833,-0.0951,0.1845,0.0938
43731.72528,0.714,-0.1478,0.1449,-0.7994,0.0096,0.0787
43731.75543,-0.3918,0.0946,-0.056,-0.6587,-0.079,0.1339
43731.78558,-0.3195,-0.0941,0.1846,0.1587,0.1334,0.0488
43731.81576,0.2927,-0.016,0.0373,-0.6346,-0.2031,-0.1847
43731.84591,-0.0283,-0.0145,-0.1286,-0.2471,-0.3238,-0.1423
43731.87606,-0.1876,-0.049,-0.1024,-0.1855,-0.1177,-0.007
43731.90621,0.3439,-0.02,0.0191,0.1978,0.0298,0.0149
43731.93637,-0.0311,-0.0203,-0.2036,-0.0832,-0.1623,-0.1313
43731.96655,-0.178,0.0379,0.1489,0.8956,0.1546,0.1965
43731.9967,0.0321,-0.03,-0.0379,0.1221,-0.1987,-0.0992
43732.02685,0.1277,0.0576,-0.0569,0.0206,-0.1998,-0.1827
43732.057,-0.0418,0.0434,-0.0474,0.3508,-0.1553,-0.0429
43732.08715,-0.0638,-0.0093,-0.0019,0.3336,-0.1363,-0.1626
43732.1173,0.2513,0.0139,-0.0735,0.02,-0.2348,-0.2215
43732.14749,-0.2426,0.0441,-0.005,0.4578,-0.0538,0.035
43732.17764,0.011,0.0581,0.1443,0.2563,0.0637,-0.1377
43732.20779,-0.033,-0.0398,0.041,-0.0662,-0.1316,-0.2658
43732.23794,0.1537,0.0127,-0.0762,0.1574,0.0748,-0.1292
43732.26809,-0.0236,-0.0287,0.1023,0.1123,-0.0339,-0.1397
43732.29827,-0.0358,0.0202,0.1388,0.5693,0.0845,0.0522
43732.32842,0.0212,-0.0886,-0.0975,0.3622,0.036,0.104
43732.35858,0.1595,-0.0863,0.0108,-0.0228,0.0594,-0.0932
43732.38873,0.2172,-0.1763,-0.1696,0.1348,-0.1537,0.037
43732.41888,-0.4646,-0.0996,0.2178,0.3488,0.2148,0.2048
43732.44903,-0.0214,0.0234,0.0179,0.3334,0.3285,-0.0265
43732.47921,0.4639,-0.1862,-0.002,-0.2193,0,-0.0233
43732.50936,-0.0096,0.0346,-0.1481,-0.2679,0.1647,-0.1889
43732.53951,0.1187,-0.1006,0.1141,-0.3758,0.1934,-0.0841
43732.56967,0.0388,0.0755,-0.3594,-0.2348,0.1592,0.1469
43732.59982,0.0742,-0.0627,0.1014,0.2926,0.1521,0.5229
43732.63,0.1046,-0.1067,-0.0101,-0.3138,0.1632,0.4196
43732.66014,0.2288,-0.1572,-0.1425,-0.3582,0.0728,0.2285
43732.69029,-0.4081,-0.0031,-0.1875,-0.5144,0.1407,0.079
43732.72044,-0.0207,-0.0319,-0.0385,-0.0185,-0.0556,0.0162
43732.75059,0.3006,-0.1053,0.1095,-0.1209,-0.102,-0.1779
43732.78075,-0.1022,-0.0748,-0.1146,-0.5922,-0.2971,-0.2163
43732.81093,0.137,0.0955,-0.1545,-0.289,-0.1378,0.0291
43732.84108,0.0414,-0.0872,0.1477,-0.0007,-0.2674,0.3825
43732.87123,-0.0039,-0.0019,-0.0215,-0.1467,-0.0444,0.1851
43732.90138,0.0659,-0.1286,-0.0521,-0.0533,0.0138,0.1985
43732.93153,-0.3491,0.048,0.063,0.1825,0.2233,-0.1612
43732.96171,0.2822,-0.033,-0.0496,-0.0786,-0.026,-0.2372
43732.99187,-0.0653,0.0959,-0.0112,0.0196,-0.0138,-0.2092
43733.02202,0.0712,-0.0177,0.0728,0.1126,-0.028,-0.068
43733.05217,-0.0876,-0.0534,0.1206,0.1536,-0.1244,0.1164
43733.08232,0.0413,-0.1223,-0.1128,-0.2096,-0.1755,0.0246
43733.11247,0.144,-0.0857,0.1083,-0.1,-0.029,0.089
43733.14265,0.0145,-0.0655,0.1636,-0.0163,0.2257,-0.0609
43733.1728,0.0169,0.025,-0.1852,-0.1433,0.1907,-0.0014
43733.20296,0.2099,-0.0575,-0.1422,0.3399,0.0359,0.1232
43733.23311,0.1769,0.0467,-0.1357,-0.3188,-0.1563,-0.2203
43733.26326,0.0413,0.0484,-0.0197,0.1374,-0.0923,-0.0481
43733.29344,-0.4625,-0.0143,0.2794,0.385,0.0043,0.3626
43733.32359,0.2176,0.0217,-0.0575,-0.2217,-0.1504,0.1232
43733.35374,0.1295,-0.0124,-0.1115,-0.0388,-0.4422,-0.144
43733.38389,0.0572,-0.0405,-0.0157,-0.0639,-0.237,-0.1521
43733.41405,-0.0998,-0.0378,-0.071,0.2105,-0.2014,-0.0809
43733.4442,0.0287,0.0479,0.0214,0.3738,-0.0625,-0.1994
43733.47438,0.3119,-0.1706,0.2576,-0.1793,-0.2423,0.0948
43733.50453,-0.1217,0.1636,-0.2506,-0.1961,0.3455,-0.1212
43733.53468,0.4979,0.0403,-0.0725,0.0878,0.2456,-0.2307
43733.56483,-0.4141,0.2029,-0.032,1.3628,0.1499,0.4088
43733.59498,-0.0505,-0.0461,0.0965,0.6942,-0.0459,-0.0256
43733.62514,0.3379,-0.0284,0.0144,-0.6451,-0.6195,0.1331
43733.65533,-0.4845,0.3068,-0.1398,1.0754,-0.0354,0.2167
43733.68548,-0.2713,0.0603,0.0467,1.5871,-0.0222,-0.065
43733.71563,0.123,0.4741,-0.0042,-0.0448,-0.3346,-1.0919
43733.74578,0.1521,-0.2934,0.064,0.7847,-0.4056,0.0317
43733.77593,-0.0313,0.0675,0.0851,-0.3517,-0.1728,0.54
43733.80611,0.1611,0.4039,0.3633,0.204,0.4121,-1.1373
43733.83626,-0.6025,0.3481,0.6916,0.4452,-0.3303,-0.4698
43733.86642,0.2789,0.1335,0.0116,1.0028,0.94,-0.942
43733.89657,0.441,-0.1969,0.2506,0.4722,-0.2774,0.0836
43733.92672,-0.8159,0.2109,0.2184,0.4398,0.361,-0.5074
43733.95687,0.5671,-0.1085,0.0062,0.3886,0.5914,-0.7539
43733.98705,0.083,-0.0011,-0.0885,-0.7376,-0.1606,-0.5695
43734.0172,-0.2822,0.1423,-0.0037,0.0999,0.1876,-0.8611
43734.04735,0.1451,-0.074,0.2302,-0.0009,0.1949,-0.429
43734.07751,0.0979,-0.2087,0.0509,-0.5836,0.1331,-0.1864
43734.10766,0.4573,-0.1594,0.1438,-0.1577,0.7932,-0.1777
43734.13784,0.2283,-0.2932,0.3358,-0.6145,0.1749,-0.3433
43734.16799,-0.0902,-0.1756,0.0138,-0.1315,0.3865,0.2717
43734.19814,0.0731,-0.1394,-0.0108,-0.1267,0.4237,0.2934
43734.22829,0.0213,-0.3867,-0.0284,-0.852,-0.066,0.2396
43734.25844,0.2158,0.0206,-0.2155,-1.3135,0.0823,-0.0487
43734.2886,-0.29,-0.1018,-0.1122,-0.7036,0.0104,0.0553
43734.31878,-0.0575,0.1938,-0.0345,-0.8675,0.2616,-0.1879
43734.34893,-0.0707,-0.1409,-0.2349,-0.3461,-0.0507,0.1463
43734.37908,0.4284,0.2218,-0.1083,-0.4467,0.3472,0.1405
43734.40923,-0.3486,-0.0835,-0.098,-0.2843,0.0235,0.1875
43734.43938,-0.4317,0.1521,0.0076,0.7205,0.3982,0.1403
43734.46956,0.2381,-0.21,0.0611,-0.0078,-0.2189,0.3155
43734.49972,-0.1205,-0.1083,-0.0775,-0.3283,-0.2572,0.2014
43734.52987,0.3961,-0.0805,-0.0101,-0.6448,-0.0727,-0.1976
43734.56002,-0.2553,0.0751,0.202,0.4943,0.2751,0.1872
43734.59017,-0.5427,0.0744,0.3042,0.8667,0.179,-0.259
43734.62032,0.8067,-0.247,0.4901,-0.9554,0.4133,0.0334
43734.6505,-0.1324,-0.0992,0.0109,-0.4333,-0.4362,0.0438
43734.68068,-0.395,-0.0585,-0.0833,-0.2625,-0.1332,0.3008
43734.71083,0.2935,-0.3006,-0.1021,-0.5262,-0.273,0.9626
43734.74098,-0.0997,-0.0603,-0.0112,-0.248,-0.2551,0.6422
43734.77113,-0.3154,-0.1765,-0.0414,0.7254,-0.0609,0.4481
43734.80131,0.3866,-0.3367,0.2261,-0.6262,0.128,0.1355
43734.83146,-0.1878,0.0585,0.0154,-0.502,-0.1302,0.3444
43734.86162,-0.3149,0.1605,0.2059,1.1266,0.5305,0.0284
43734.89177,0.3587,-0.1049,-0.0744,0.0179,-0.0364,0.3115
43734.92192,-0.2254,0.2635,0.0567,0.1399,-0.2792,-0.2195
43734.95207,-0.3785,-0.0013,0.2879,0.6972,-0.1464,-0.3526
43734.98225,0.1751,-0.1636,0.0843,-0.4305,-0.3632,-0.3567
43735.0124,0.3861,-0.1618,0.211,-0.6657,-0.1775,-0.3236
43735.04255,-0.0794,-0.047,0.1209,-0.5019,0.1816,-0.1442
43735.07271,-0.0835,0.2153,-0.2407,-0.1847,0.174,-0.1952
43735.10286,0.2669,-0.1072,-0.0346,0.1118,-0.1195,0.0447
43735.13304,-0.1148,-0.2147,-0.036,-0.5814,-0.2515,-0.0128
43735.16319,-0.0096,-0.3232,-0.0059,-0.1696,-0.2349,0.1002
43735.19334,0.4386,-0.1939,-0.204,-0.9062,-0.2962,-0.1237
43735.22349,0.3012,-0.1129,0.047,-0.806,-0.3931,-0.0794
43735.25364,-0.5547,-0.0516,-0.1394,-0.8131,-0.2876,0.2904
43735.2838,-0.2602,-0.0305,-0.1383,0.4322,-0.1302,0.321
43735.31398,0.065,-0.2372,-0.2598,-0.353,-0.5064,0.4316
43735.34413,0.3119,-0.0043,0.1262,-0.3152,0.0071,0.2719
43735.37428,-0.0228,-0.0017,-0.0821,-0.0336,0.0994,0.3264
43735.40443,-0.1585,0.0019,-0.0984,0.4588,0.3483,0.1321
43735.43458,-0.2912,-0.0879,0.1063,0.601,0.0871,0.2736
43735.46473,0.3391,-0.0567,-0.0753,0.145,0.3521,-0.0629
43735.49492,0.375,-0.2078,-0.1961,-0.6457,-0.4572,0.3118
43735.52507,-0.8474,0.3169,0.2237,1.2158,0.0117,0.5947
43735.55522,0.6716,-0.1831,-0.0897,0.074,0.0123,0.3344
43735.58537,-0.1357,-0.0999,-0.1265,-0.6476,-1.2224,0.0569
43735.61552,-0.2404,0.1015,-0.025,0.4205,-0.4556,-0.0558
43735.6457,0.5237,-0.1107,-0.165,-0.2783,-0.2956,-0.0202
43735.67585,0.0208,0.1648,-0.2767,0.2315,-0.468,0.1706
43735.70601,-0.5109,0.1839,-0.3031,1.5834,-0.2807,0.1214
43735.73616,0.4715,-0.2246,0.2127,0.9397,0.1161,0.1641
43735.76631,-0.2522,0.1605,0.1841,0.0881,-0.6115,0.1822
43735.79646,-0.3571,-0.1313,0.2779,1.321,0.0214,0.1703
43735.82664,0.1915,-0.1165,0.0667,-0.6088,-0.2617,0.1112
43735.85679,0.5017,0.0078,0.1016,-0.3564,0.0547,-0.4551
43735.88694,-0.1637,-0.0095,-0.001,0.4588,0.2212,-0.0368
43735.9171,-0.4265,-0.0449,0.1518,0.8726,0.4855,-0.261
43735.94725,0.608,-0.1795,-0.1985,-0.4342,0.2119,-0.0893
43735.97743,0.063,-0.0106,0.0354,-0.5701,0.0265,-0.231
43736.00758,-0.3964,0.0761,-0.0687,0.7202,0.1413,-0.2681
43736.03773,0.1925,-0.1692,-0.0852,0.4188,0.0824,-0.3491
43736.06788,-0.1184,0.0991,-0.2274,-0.8954,-0.7127,-0.4616
43736.09803,0.1543,-0.3397,0.0769,0.4023,0.1098,-0.2762
43736.12819,0.5973,-0.3134,0.0695,-2.0556,-0.0312,-0.4558
43736.15837,0.0872,0.2591,-0.1209,0.249,0.4182,-0.1211
43736.18852,-0.2554,0.023,0.1232,0.9743,0.711,0.3173
43736.21867,-0.0849,-0.1758,0.0823,-0.2149,0.0874,0.3336
43736.24882,0.1449,-0.1148,0.2481,-0.0717,0.1723,0.4809
43736.27897,-0.7082,0.2577,-0.0296,0.5936,0.0204,1.1898
43736.30915,0.7452,-0.12,0.9681,-1.0493,2.6965,-0.8556
43736.33931,-0.1301,-0.0094,-1.2965,-0.3714,-2.0495,-1.9084
43736.36946,-2.3634,-0.1019,0.1142,3.1677,0.6302,-0.3597
43736.39961,0.1307,-0.1634,0.3119,-0.2869,0.4253,0.4868
43736.42976,0.1031,0.0184,0.0679,-0.2718,-0.2366,0.761
43736.45991,-0.1727,-0.0404,-0.1817,0.2236,-0.4078,0.4459
43736.49009,-0.0659,-0.3372,0.3166,1.0189,0.6322,0.5692
43736.52024,-0.4186,0.5613,-1.3134,-2.426,-1.408,-0.6644
43736.5504,0.7735,-0.1879,0.0077,3.0853,1.9448,-0.2772
43736.58055,1.5576,0.1969,-0.0094,-2.0493,-0.3861,-2.0575
43736.6107,0.064,0.3247,-0.395,1.1557,0.4177,-1.3725
43736.64088,-0.1394,-0.3664,-0.2478,0.9294,0.0398,-0.4044
43736.67104,-0.8858,-0.2335,0.6604,1.6444,-0.622,1.151
43736.70119,-1.0587,-0.075,0.667,0.7766,-0.3187,0.8024
43736.73134,0.6131,-0.6166,-0.0303,1.8338,-0.5292,1.6942
43736.7615,0.2527,-0.383,-0.2189,0.2006,-1.3223,0.177
43736.79165,0.2532,-0.4116,0.1569,0.3466,0.3704,-0.4016
43736.82183,0.4695,-0.085,0.0992,-0.939,-0.3392,-0.2246
43736.85198,-0.1189,0.0823,0.0932,-0.9384,0.4462,0.2198
43736.88213,0.5078,-0.06,-0.4823,-1.2104,0.8525,0.8482
43736.91228,-0.0489,-0.058,0.1046,-0.7832,1.5065,0.6354
43736.94243,-0.4089,0.2457,-0.0932,-0.4574,0.4251,0.1507
43736.97262,-0.3577,-0.0832,0.2974,0.3523,0.557,0.3068
43737.00277,0.1735,-0.2314,-0.1902,-1.9388,-0.6892,-0.0381
43737.03292,-0.2177,0.4231,-0.0257,-1.0666,-0.3851,-0.6294
43737.06307,0.1328,0.0222,0.0466,0.0987,0.133,-0.6775
43737.09322,0.2955,0.0312,-0.2265,-1.7152,-0.7088,-0.6369
43737.12337,0.4047,0.0656,-0.4243,-0.4629,-0.3216,-0.6527
43737.15356,0.4857,-0.3256,-0.0732,0.1118,-0.1446,-0.1929
43737.18371,-0.2568,-0.3071,0.3197,0.0814,0.1777,0.3614
43737.21386,0.167,-0.0941,-0.8807,-1.5628,-0.4937,-0.1431
43737.24401,-0.1933,-0.0922,0.4044,0.7387,-0.1147,0.4959
43737.27416,-0.3779,-0.1413,-0.185,-1.3229,-0.4911,-0.4006
43737.30431,0.4724,-0.0729,-0.5722,-0.5488,-0.4281,0.1999
43737.33449,0.0638,0.0803,-0.2412,-0.8439,-0.476,-0.2758
43737.36465,0.1027,0.0534,0.0081,0.3446,0.2651,0.0297
43737.3948,0.3434,0.0223,-0.0216,0.3162,0.512,0.192
43737.42495,-0.2369,0.214,-0.2637,0.4824,0.244,0.5506
43737.4551,-0.6288,0.0486,-0.1277,1.4746,0.2065,0.4981
43737.48528,0.0867,-0.1791,0.0676,0.6856,0.0221,0.3524
43737.51543,0.1222,-0.0635,0.0222,0.1339,-0.407,0.0608
43737.54558,0.0231,0.0302,0.0221,-0.1003,-0.1466,-0.2264
43737.57574,0.1469,-0.0179,0.0852,0.0323,-0.2076,-0.1421
43737.60589,0.0672,0.059,-0.0261,0.0084,0.0258,-0.21
43737.63604,0.0416,0.1057,0.0248,0.6102,0.2104,0.0414
43737.66621,0.294,-0.1216,0.1491,0.3776,-0.0615,0.2968
43737.69636,-0.5125,-0.0025,0.0075,0.1192,-0.0623,0.1115
43737.72651,0.0005,0.0021,-0.0751,0.0902,-0.3071,-0.3214
43737.75666,0.1594,-0.1553,0.0487,-0.1937,-0.353,-0.2858
43737.78681,-0.2465,0.1865,0.025,-0.1038,0.0006,-0.5322
43737.817,0.6811,0.0616,0.2038,0.6265,0.4254,-0.3591
43737.84715,0.0155,-0.2117,-0.0368,-0.3287,-0.1369,-0.0672
43737.8773,-0.1707,0.1523,-0.2961,0.2207,0.3923,0.1022
43737.90745,0.1909,-0.1155,-0.0465,0.3883,0.359,0.0144
43737.9376,-0.1964,-0.0779,-0.1014,0.2795,-0.0028,0.3752
43737.96775,-0.5885,0.1829,0.1479,1.323,0.1258,0.3701
43737.99794,0.5073,-0.201,0.0289,0.1242,0.131,0.2755
43738.02809,0.2088,-0.06,-0.1142,-0.6811,-0.5497,-0.0579
43738.05824,0.0149,0.0809,-0.2014,0.8277,0.4959,-0.3476
43738.08839,0.1926,-0.1685,0.2358,0.4559,-0.0323,0.0169
43738.11854,-0.3961,-0.021,0.2339,0.7979,0.0733,0.2888
43738.14872,0.2617,0.3495,0.2131,-1.1825,0.1407,-0.9294
43738.17888,0.2351,-0.153,-0.2806,-1.4433,-0.7885,-1.2265
43738.20903,-0.7371,0.2063,-0.314,0.1435,-0.3357,0.7587
43738.23918,0.0601,-0.0546,0.3166,0.4937,0.0233,-0.6767
43738.26933,0.1562,-0.1035,0.0863,-0.7359,-0.3886,-0.1552
43738.29948,0.229,-0.0282,-0.0055,-0.0631,0.2289,-0.3551
43738.32966,0.6462,-0.1529,-0.2254,-1.311,0.3082,-0.1411
43738.35981,-0.6661,0.1774,-0.1708,0.633,0.6279,0.5323
43738.38997,-0.9202,0.0643,0.1065,1.4054,0.3774,-0.4462
43738.42012,1.0278,-0.5245,-0.0421,-1.4638,0.9232,-0.3303
43738.45027,0.258,0.1144,-0.119,-2.6127,-1.5108,-0.9863
43738.48042,-0.8421,0.1821,-0.1659,1.1997,0.542,-0.1415
43738.5106,0.1169,-0.2652,-0.0983,0.3368,0.7224,-0.1583
43738.54075,0.2451,-0.0561,0.0017,-0.618,-0.2253,0.1018
43738.5709,0.4889,-0.1789,0.0615,-0.1014,-0.1477,0.102
43738.60106,-0.1709,-0.3689,0.2097,-0.4305,-0.3378,0.5119
43738.63121,-0.5536,0.0508,-0.0087,-0.9044,-0.3699,0.0448
43738.66139,-0.0207,-0.2587,0.0344,0.5874,-0.0833,0.374
43738.69154,0.575,-0.0315,-0.2551,-0.6294,0.1355,-0.5298
43738.7217,0.6212,-0.2892,-0.0436,-1.1649,-0.6052,-0.537
43738.75185,-0.7471,0.3395,-0.2255,-0.5506,0.3259,0.6922
43738.782,-0.3877,0.1617,-0.1396,0.9449,0.3037,0.388
43738.81215,0.3343,-0.2564,-0.106,0.582,0.3924,0.4791
43738.84233,0.3918,-0.0566,-0.0464,-1.0217,-0.7184,0.6773
43738.87248,-0.6842,0.2451,-0.0187,0.5027,-0.1296,1.3308
43738.90263,-0.1987,-0.1045,-0.0344,0.245,-0.1079,0.6365
43738.93279,0.1961,-0.0582,0.1352,-0.2274,-0.3884,0.5846
43738.96294,0.1841,-0.0522,-0.0916,-0.0573,-0.129,0.161
43738.99312,0.1113,-0.0179,0.0131,0.3525,0.1995,0.0955
43739.02327,-0.0691,0.0728,0.0477,0.9507,0.0704,0.1221
43739.05342,-0.1363,0.0045,0.0847,0.2853,-0.2908,-0.0098
43739.08357,-0.0521,-0.1379,0.0564,0.1155,-0.4665,0.1962
43739.11372,-0.0384,0.0007,-0.0693,-0.4127,-0.6111,0.1516
43739.14388,-0.4745,0.0504,0.0255,0.3749,-0.2685,0.276
43739.17406,0.0219,-0.1496,0.0385,0.1721,0.0093,0.0736
43739.20421,0.525,0.1212,0.0047,-0.2193,0.0461,-0.2133
43739.23436,-0.1916,0.1058,0.0931,0.4227,-0.1349,-0.2801
43739.26451,-0.2957,-0.0044,0.1027,0.602,0.4036,-0.2663
43739.29466,0.4036,0.0021,-0.012,-0.0884,0.3777,-0.2139
43739.32484,-0.3472,0.0374,0.0865,0.5911,0.16,-0.0852
43739.355,-0.2033,-0.1038,0.1481,0.497,0.3844,-0.3724
43739.38515,0.2408,-0.0768,-0.0693,-0.5769,-0.056,-0.3493
43739.4153,0.023,-0.0515,-0.0199,0.3348,0.1001,-0.3769
43739.44545,0.1319,-0.2054,0.121,-0.3072,0.1494,-0.4362
43739.4756,0.1937,-0.0595,0.1032,-0.9556,0.0893,-0.4075
43739.50578,-0.0081,-0.1326,-0.0149,-0.5278,0.0796,0.1235
43739.53593,0.5734,-0.2717,-0.2033,-1.1086,0.4979,0.113
43739.56609,-0.2758,-0.1318,-0.0369,-0.9851,0.0068,0.3213
43739.59624,-0.3841,-0.0049,-0.1903,0.6499,0.3378,-0.0421
43739.62639,0.2464,-0.2781,0.1378,-0.1133,-0.0048,0.1544
43739.65657,-0.2308,0.1218,-0.1094,-0.6814,-0.1692,-0.2743
43739.68674,0.2964,0.0305,-0.2059,-0.1081,-0.0681,0.0266
43739.71689,-0.1737,0.1455,-0.0583,-0.2556,-0.0302,0.0588
43739.74704,-0.1515,0.0009,0.3864,0.5349,0.3163,0.0592
43739.77719,-0.4476,0.0079,0.5792,0.689,0.4313,0.1672
43739.80734,0.2376,0.0524,0.138,-0.5048,-0.0951,-0.3003
43739.83752,-0.0084,-0.0915,0.0301,0.4271,-0.1667,0.187
43739.86767,-0.3478,-0.0772,-0.0099,-0.1381,-0.0776,0.0276
43739.89783,0.2759,-0.1957,-0.1695,0.5441,0.2789,0.3937
43739.92798,0.2959,-0.0707,-0.2206,-0.4844,-0.0986,0.0666
43739.95813,-0.1213,-0.0424,-0.313,0.704,0.1901,0.4553
43739.98828,0.0756,-0.1845,-0.1371,0.349,0.0795,0.1524
43740.01846,0.1009,0.04,0.1998,0.0736,-0.1906,0.3372
43740.04861,-0.2732,-0.0212,0.3898,1.0909,-0.0738,0.5212
43740.07876,0.2418,-0.2539,0.2077,-0.8492,-0.4386,0.2294
43740.10892,-0.3399,0.0288,0.122,-0.0743,-0.5221,0.3463
43740.13907,-0.322,-0.095,-0.0332,0.0566,-0.2302,-0.1294
43740.16925,0.1753,-0.2113,0.0036,0.1477,-0.0357,0.2754
43740.1994,0.0694,0.0079,0.11,-0.4226,-0.0299,-0.1949
43740.22955,-0.106,0.0762,-0.1184,-0.0318,0.1996,-0.1328
43740.2597,0.1964,-0.1253,-0.0754,-0.1617,0.1223,0.1809
43740.28985,-0.2301,0.0966,-0.0969,-0.0987,0.0298,0.2424
43740.32001,0.0711,-0.0163,-0.0549,-0.283,0.0624,-0.2036
43740.35019,0.0225,-0.0313,-0.1824,-0.5656,-0.0475,-0.1781
43740.38034,-0.2432,-0.0462,0.052,-0.0663,0.1096,-0.2394
43740.41049,0.2024,-0.1419,0.1076,-0.4176,0.4338,-0.4043
43740.44064,0.1124,0.2384,-0.0421,-0.1901,0.08,-0.5275
43740.47079,-0.2303,0.036,0.0822,0.9527,0.3498,-0.6395
43740.50097,0.3359,-0.1856,-0.0635,-0.5318,-0.2201,-0.2713
43740.53113,-0.32,0.0011,-0.0503,0.0403,-0.2798,-0.0475
43740.56128,0.0913,-0.3177,0.1949,-0.094,-0.2385,0.0992
43740.59143,0.2378,-0.2781,-0.3028,-1.1958,-0.5569,-0.0533
43740.62158,-0.0271,0.0121,-0.1881,-0.6781,-0.348,-0.2072
43740.65173,0.0559,-0.1161,0.0351,-0.0133,-0.0084,-0.2006
43740.68191,0.094,0.0184,0.0153,-0.2538,0.0722,-0.0998
43740.71206,-0.0042,0.0187,-0.0488,-0.4454,-0.0235,-0.012
43740.74221,-0.1367,0.0614,-0.242,-0.1035,0.0681,0.2651
43740.77236,-0.0383,-0.0805,-0.0919,0.4093,0.0747,0.3589
43740.80251,-0.0572,0.0814,-0.1674,0.2471,0.0191,0.1508
43740.8327,0.0701,-0.2849,-0.2097,0.166,-0.0908,0.1958
43740.86285,-0.3003,0.2468,-0.1128,-0.0406,-0.0627,0.1337
43740.893,0.0368,0.0673,0.2332,1.2355,0.1473,0.246
43740.92315,0.2659,-0.0745,0.1555,0.122,-0.0561,0.3126
43740.9533,0.026,0.0085,0.1377,0.0815,0.0329,0.294
43740.98345,-0.1784,0.0599,-0.0569,0.8696,0.1446,0.4327
43741.01363,0.1302,-0.1332,0.2651,0.6028,0.1524,0.2538
43741.04379,-0.0255,-0.2043,0.0573,-0.1632,-0.2611,0.1877
43741.07394,0.1708,0.0224,-0.1513,-0.338,-0.1223,-0.0158
43741.10409,0.0631,-0.1193,-0.0855,-0.1947,-0.3563,0.0629
43741.13424,-0.397,0.0172,-0.117,-0.1983,-0.1758,-0.0951
43741.16439,0.2283,-0.1024,-0.0572,-0.2446,-0.0552,-0.0569
43741.19457,0.0811,-0.0087,-0.0563,0.2737,0.1209,0.0799
43741.22472,0.0385,-0.0689,0.0254,-0.1503,0.1197,0.0857
43741.25488,0.0809,0.0327,-0.1184,-0.0527,0.1353,-0.0841
43741.28503,-0.1705,-0.0199,0.049,0.2814,0.0677,0.0495
43741.31518,-0.0121,0.0363,0.122,0.2019,0.2065,-0.049
43741.34536,0.1591,0.0385,-0.3025,-0.2005,0.1924,-0.5502
43741.37551,0.0523,0.0677,0.0545,0.3724,0.3325,-0.5131
43741.40566,0.199,-0.0369,0.1807,0.2909,0.2671,-0.4142
43741.43581,-0.2235,-0.022,-0.0722,-0.209,-0.0595,-0.2355
43741.46597,0.1137,-0.1691,0.1231,0.152,0.2085,-0.3303
43741.49612,0.2231,-0.3497,0.0574,-0.91,-0.3957,-0.2613
43741.5263,0.0068,-0.0417,-0.1469,-0.5071,-0.1296,-0.2449
43741.55645,0.3206,-0.3669,-0.1963,-0.6638,-0.3401,-0.1119
43741.5866,-0.1842,0.1043,-0.0421,-0.9016,-0.1304,-0.3331
43741.61675,0.0903,-0.1598,-0.1348,-0.0054,0.1495,-0.3353
43741.6469,0.4558,-0.1132,-0.1468,-0.6323,-0.0063,0.1034
43741.67711,-0.2332,-0.0552,-0.0962,-0.6979,-0.0705,0.1671
43741.70726,-0.228,0.1554,-0.1944,0.0749,0.2196,0.1649
43741.73741,0.2988,-0.1323,-0.0201,0.6844,0.1715,0.3824
43741.76756,-0.081,-0.1773,0.0629,-0.0743,0.0057,0.3117
43741.79771,-0.0355,-0.1175,-0.116,0.2813,0.0023,0.2566
43741.82786,-0.032,-0.0607,0.016,-0.5963,-0.086,0.0152
43741.85804,0.6219,0.0083,-0.1604,-0.0285,0.1906,0.2576
43741.8882,0.1127,-0.224,-0.1415,-0.7267,-0.2814,0.6018
43741.91835,-0.3652,0.1697,-0.0815,0.2258,0.0599,0.9671
43741.9485,0.1725,-0.3256,0.1755,0.8565,0.0128,0.8414
43741.97865,0.2669,-0.2136,-0.1839,-0.6002,-0.3659,0.5286
43742.00883,-0.1559,0.0533,-0.085,0.6096,-0.2898,0.7511
43742.03898,-0.1692,-0.0789,0.1127,0.7098,-0.3771,0.4757
43742.06913,-0.1512,0.0005,-0.0994,-0.6308,-0.6962,-0.0771
43742.09929,0.8435,-0.1618,-0.0989,-0.5741,-0.147,-0.1478
43742.12944,-0.2548,0.286,-0.0499,0.2897,-0.3885,0.3863
43742.15959,-0.8617,0.1197,0.1755,1.2698,0.15,0.3081
43742.18977,-0.1138,0.042,-0.0283,-0.0347,-0.225,-0.0482
43742.21992,1.6598,-0.0549,0.2014,-0.7404,0.3939,0.0656
43742.25007,-0.6069,0.2567,-0.2773,0.366,-0.2151,0.2711
43742.28022,-0.9559,-0.2021,0.171,1.5955,0.392,-1.0181
43742.31038,0.3944,-0.1469,0.2785,-0.7507,0.2791,-0.6818
43742.34056,0.3684,0.1004,0.0398,-0.6203,-0.1888,-0.7504
43742.37071,0.6132,0.0221,-0.0391,0.0822,0.1068,-0.7387
43742.40086,-0.39,0.014,-0.0301,0.1847,-0.169,0.0487
43742.43101,-0.7374,0.1554,0.1946,0.838,-0.0095,-0.8199
43742.46116,1.2814,-0.8277,0.0525,0.1892,0.1571,0.8202
43742.49131,0.1329,-0.0535,-0.0933,-1.6108,-0.4847,-0.848
43742.5215,-0.374,0.0721,-0.0902,0.3882,-0.2127,-0.115
43742.55165,-0.1381,0.0036,-0.0352,0.5683,0.264,0.0343
43742.5818,0.1593,0.2406,0.2712,-0.171,0.1797,-0.5855
43742.61195,-0.0874,-0.0715,0.1332,-0.087,-0.2465,-0.3223
43742.6421,-0.0319,0.2131,-0.0245,-0.2351,0.2735,-0.6801
43742.67225,0.1954,-0.5023,0.1845,-0.4021,-0.0941,-0.1964
43742.70243,-0.5219,0.4741,-0.1139,0.0796,0.3743,0.3468
43742.73258,0.3169,-0.0816,0.0492,2.2936,0.6642,0.6406
43742.76273,-0.0112,-0.2603,-0.2184,-0.4761,-0.2745,0.0107
43742.79288,-0.1723,0.0477,-0.0446,0.6311,0.0984,0.6599
43742.82303,0.1385,-0.1851,0.0219,-0.0152,0.1391,0.2818
43742.85322,0.3246,-0.3355,0.0448,-0.4094,-0.1305,0.3231
43742.88337,0.0859,0.096,-0.0789,-0.3333,0.4914,0.3824
43742.91352,0.2494,-0.0265,-0.0071,0.4279,0.2587,0.4619
43742.94367,0.1183,-0.0552,0.1321,0.4214,0.1845,0.3736
43742.97382,-0.3726,0.0743,-0.0151,0.3089,-0.2408,0.5018
43743.00397,-0.3129,-0.1007,-0.0623,0.1164,-0.2449,0.2791
43743.03415,0.1469,0.271,-0.2924,-0.0126,-0.1511,-0.4274
43743.06431,-0.1971,0.0956,0.0955,1.6601,-0.1223,-0.1597
43743.09446,0.3053,-0.0919,0.1926,0.1586,-0.0099,-0.0924
43743.12461,0.3102,-0.1173,0.2031,-0.9511,-0.5014,0.263
43743.15476,-0.1717,-0.0401,0.0544,-0.8968,-0.1774,0.0002
43743.18494,0.0852,-0.1796,-0.2069,-0.6486,0.2178,-0.189
43743.21509,0.1008,-0.0791,-0.0874,-0.7074,0.2548,-0.083
43743.24524,0.3555,0.0224,-0.2284,0.3724,0.4092,-0.1403
43743.2754,-0.0205,-0.1198,0.1012,0.1242,0.2648,-0.2529
43743.30555,-0.1147,-0.1853,0.0403,-0.317,-0.0001,-0.2651
43743.3357,-0.0128,-0.2124,0.1389,-0.4722,-0.1183,-0.0394
43743.36588,0.3173,-0.218,-0.0952,-0.9453,-0.2538,0.1215
43743.39603,0.2243,-0.3313,-0.2636,-0.6734,-0.2535,-0.1273
43743.42618,0.1478,-0.0297,-0.0209,-0.7549,-0.0977,-0.2129
43743.45633,-0.0607,-0.0748,-0.2363,0.006,-0.3701,0.2278
43743.48649,0.1883,-0.1108,-0.1456,-0.4578,0.1871,-0.0339
43743.51667,0.2702,-0.0925,0.0658,-0.7156,-0.5049,0.6312
43743.54682,-0.3021,0.2456,0.0565,0.2154,0.0669,0.3789
43743.57697,-0.1991,0.2281,0.0486,0.1971,0.143,0.0297
43743.60712,-0.0264,0.109,0.2155,0.22,-0.2352,0.0215
43743.63727,-0.1146,0.1284,-0.3711,0.4344,-0.31,0.0384
43743.66745,0.1046,-0.1205,-0.0335,0.7069,-0.3448,0.4342
43743.69763,-0.1181,0.0023,-0.4151,0.1726,-0.0847,0.5702
43743.72778,-0.4245,0.2935,0.1379,2.1491,0.6376,-0.1085
43743.75793,0.3711,-0.1256,0.2946,1.1183,0.2179,-0.0167
43743.78808,-0.274,0.2586,0.1002,1.0301,-0.184,0.93
43743.81824,-0.3461,-0.0587,0.2842,0.8242,-0.0158,0.5063
43743.84842,0.4545,-0.1584,0.1369,-0.1836,-0.0974,0.4884
43743.87857,0.1342,-0.0351,-0.066,0.8926,0.2385,-0.0553
43743.90872,0.1815,-0.1267,0.3187,0.8326,0.4859,-0.444
43743.93887,-0.1496,0.0274,-0.0525,0.2759,-0.3459,-0.4028
43743.96902,0.1308,0.0395,-0.4428,0.3838,-0.2518,-0.0019
43743.99917,0.6787,-0.2172,-0.1939,-0.9466,-0.7046,0.1342
43744.02936,-0.2445,0.2605,-0.1304,0.0679,-0.3433,0.1724
43744.05951,-0.7482,0.1278,0.2806,0.8943,0.0224,-0.334
43744.08966,0.4258,-0.0943,0.3787,-0.3707,-0.2717,-0.3367
43744.11981,-0.1693,0.3619,-0.0681,-0.1257,-0.1612,-0.4372
43744.14996,0.1657,0.0662,0.1116,1.3094,0.4823,-0.5749
43744.18011,0.0313,0.0676,0.0384,-0.9041,-0.031,-0.5025
43744.2103,-0.2072,0.408,-0.1041,0.537,0.3646,-0.4699
43744.24045,0.2049,0.004,0.0323,1.1161,0.5839,-0.4472
43744.2706,0.2334,-0.164,0.0983,-0.5592,0.1825,-0.4106
43744.30075,-0.1671,0.1463,0.0101,0.3019,0.848,-0.888
43744.3309,-0.0391,-0.1324,0.3812,0.8085,0.3504,-0.4589
43744.36108,-0.2777,-0.0591,0.2667,-0.5048,0.1285,-0.5179
43744.39123,0.7801,-0.132,0.0751,-1.1654,-0.0412,-0.2162
43744.42139,-0.0261,-0.1597,-0.0039,-1.2624,-0.4614,-0.581
43744.45154,0.1542,-0.1362,-0.0831,-0.75,0.0686,-0.6673
43744.48169,0.0658,-0.125,-0.2148,-1.1701,-0.0567,-0.3009
43744.51184,-0.0246,0.1308,-0.2237,0.6553,0.3004,0.1245
43744.54202,0.3101,-0.0479,-0.0087,0.2205,0.2777,0.1505
43744.57217,-0.0886,0.1005,-0.0216,-0.5588,-0.0143,0.1217
43744.60232,-0.3738,0.3041,-0.0669,0.2134,-0.0231,0.1012
43744.63248,-0.0438,0.1103,0.1441,1.0631,0.0886,-0.1204
43744.66263,0.2626,-0.0398,-0.0818,0.665,-0.022,0.0922
43744.69281,0.0805,-0.1021,0.1495,0.3798,0.0533,0.2164
43744.72296,-0.1104,-0.1423,-0.1063,0.0551,0.1683,0.173
43744.75311,-0.1625,-0.1671,0.0198,0.3724,0.3195,0.1874
43744.78326,0.3122,-0.1991,0.0233,-0.2943,0.5599,-0.0031
43744.81341,0.1802,0.1846,-0.1549,-0.2272,0.288,0.0366
43744.84356,-0.1178,-0.0058,0.0567,1.3836,0.0993,0.1293
43744.87375,-0.2631,-0.053,0.5175,0.4443,-0.2044,0.3761
43744.9039,-0.0149,0.0758,0.1939,-0.7785,-0.705,0.3986
43744.93405,0.4567,-0.208,-0.0312,-1.1771,-0.5559,0.1018
43744.9642,-0.2702,0.1182,0.012,0.0041,-0.1908,0.2569
43744.99435,-0.3503,0.0159,0.0209,1.1102,0.3364,-0.0041
43745.02453,0.5887,-0.2449,0.2177,0.1969,0.6012,-0.1455
43745.05468,0.0727,0.1077,-0.1367,-0.7662,-0.06,-0.5742
43745.08484,-0.0168,0.0211,-0.0597,0.9152,0.2553,-0.0285
43745.11499,0.1638,-0.0167,0.1034,-0.9699,-0.0948,-0.1661
43745.14514,-0.2447,0.2101,-0.0367,-0.9191,-0.4077,-0.3791
43745.17529,-0.45,0.2025,-0.1038,0.681,-0.1569,-0.0393
43745.20547,0.2686,-0.1601,0.0782,0.1521,-0.1215,-0.0066
43745.23562,-0.0006,-0.083,0.0878,-1.072,-0.5055,-0.1768
43745.26577,-0.1232,0.3691,-0.1419,0.6962,0.4635,-0.6828
43745.29593,0.3204,0.057,0.0322,0.5286,0.4507,-1.0618
43745.32608,-0.0172,0.3246,0.1282,-0.0399,0.18,-0.564
43745.35623,-0.277,0.2223,0.3151,1.7538,0.4195,-0.27
43745.38641,0.3961,-0.2405,0.1685,-0.2815,-0.035,-0.3477
43745.41656,0.1674,-0.1986,0.0578,-0.3389,-0.1412,-0.2352
43745.44671,-0.0268,-0.1827,0.2995,-0.0953,0.0818,-0.5316
43745.47686,-0.0087,-0.1486,-0.0347,-0.8288,-0.0131,-0.3525
43745.50702,0.2982,-0.1899,0.0513,-0.6852,0.026,-0.2365
43745.5372,-0.0438,-0.0989,-0.0072,-0.8791,-0.0047,-0.1268
43745.56735,-0.0329,0.2044,-0.0817,-0.6618,0.2899,-0.2655
43745.5975,0.1569,0.0062,-0.1693,-0.2169,0.2919,-0.0778
43745.62765,-0.2245,-0.0111,-0.097,-0.0268,0.4029,-0.0361
43745.6578,-0.2756,0.0551,-0.1182,0.5746,0.3156,0.1363
43745.68795,0.1034,-0.0259,0.069,0.9959,0.2851,0.0852
43745.71813,-0.0401,-0.4033,0.1895,-0.1819,-0.2687,0.3769
43745.74828,-0.0769,0.1076,0.1051,-0.3076,0.1131,0.2331
43745.77843,0.2759,-0.1445,-0.2526,-0.4132,-0.0647,0.2199
43745.80858,-0.1741,0.3056,-0.0712,0.1684,0.3357,0.3049
43745.83873,0.1857,0.0748,-0.0778,1.3315,0.2846,0.4108
43745.86891,0.0296,-0.0462,0.1623,0.5733,0.1736,0.2967
43745.89907,0.132,0.0639,0.2736,0.374,-0.144,0.5016
43745.92922,-0.1506,-0.0879,0.0919,0.1751,-0.1852,0.4219
43745.95937,0.1298,0.0387,-0.2023,-0.554,-0.1929,-0.0102
43745.98952,-0.0038,-0.1403,-0.1238,0.6456,-0.1714,0.2515
43746.01967,-0.2277,-0.0632,-0.0117,0.2219,0.0731,-0.2532
43746.04985,0.1886,-0.2151,0.1075,0.0578,0.039,-0.4665
43746.08001,0.1786,0.0725,0.1563,0.0501,0.2398,-0.311
43746.11016,0.0895,0.0721,0.0874,-0.6054,0.0531,-0.3539
43746.14031,-0.2884,0.1054,-0.0562,-0.6283,-0.1175,0.1208
43746.17046,-0.1136,0.223,-0.0225,0.5795,0.1291,0.0739
43746.20064,-0.0455,-0.2384,-0.0921,-0.1656,-0.1861,0.1519
43746.23079,0.086,0.0367,-0.1947,0.0663,0.1726,0.0009
43746.26094,0.0479,-0.0089,0.0012,0.636,0.2164,-0.2548
43746.2911,0.1751,-0.1438,0.1487,-0.0141,0.2714,-0.5258
43746.32125,-0.0153,0.05,0.2144,-0.6022,0.1879,-0.5603
43746.3514,0.3541,0.123,-0.0052,-0.0523,0.1082,-0.1987
43746.38158,0.0383,-0.1727,0.0574,-0.5716,-0.2245,0.2752
43746.41173,-0.1113,-0.242,-0.1248,-0.536,-0.0526,0.0893
43746.44188,0.2601,-0.3015,-0.1602,-0.5358,0.1705,-0.0523
43746.47203,0.342,-0.1159,0.0379,-0.9183,0.0781,-0.3573
43746.50219,-0.142,0.0285,0.0113,-0.8526,0.0544,-0.3745
43746.53234,0.0224,0.0254,-0.2663,-0.2118,0.1315,0.1221
43746.56252,0.1776,0.0344,-0.1765,-0.4274,-0.1514,0.0994
43746.59267,-0.2064,-0.0474,-0.3748,-0.8155,-0.4326,0.0947
43746.62282,-0.1011,0.1124,-0.0412,0.2408,-0.0261,0.0424
43746.65297,0.2872,-0.201,-0.1491,0.1748,-0.2745,0.0308
43746.68315,-0.2157,-0.0905,-0.0645,-0.2349,-0.3609,0.1419
43746.71333,-0.0033,-0.0544,0.1268,0.104,-0.0058,0.145
43746.74348,-0.0035,-0.0202,0.0082,0.1843,-0.0398,0.392
43746.77363,-0.2002,0.0582,0.1379,0.8302,0.1327,0.485
43746.80378,0.2798,-0.0016,-0.196,0.0703,-0.1936,0.3158
43746.83393,-0.0272,0.1811,-0.0569,0.983,-0.1232,0.3132
43746.86409,-0.095,0.0422,0.2105,1.3147,0.1078,0.1956
43746.89427,0.2131,-0.0362,0.093,0.0086,-0.346,0.2953
43746.92442,-0.0788,0.1376,0.0465,0.5997,-0.1469,0.1307
43746.95457,-0.1739,-0.1675,0.0946,0.8938,-0.2568,0.5592
43746.98472,0.1189,-0.2149,-0.0678,-0.1396,-0.2868,0.3341
43747.01487,0.0661,-0.1168,0.281,-0.1469,-0.1417,-0.4585
43747.04506,0.3477,-0.2791,-0.0256,-0.9204,-0.1291,-0.8519
43747.07521,-0.151,0.0824,-0.3408,-0.6101,-0.1409,-0.0836
43747.10536,-0.0566,0.2249,-0.0272,0.9201,0.4686,0.0063
43747.13551,0.1432,-0.1531,0.051,-0.5184,-0.1336,0.2203
43747.16566,-0.2809,0.1798,-0.088,0.0061,0.1444,-0.0593
43747.19581,-0.1095,-0.0856,0.0421,0.466,0.0312,0.2624
43747.22599,0.2483,-0.0652,0.0884,0.5626,0.3687,-0.1382
43747.25615,-0.1318,-0.006,0.0768,-0.0912,0.1336,-0.4521
43747.2863,0.1705,-0.0807,0.0146,-0.0865,0.1587,-0.7182
43747.31645,0.2657,0.0639,-0.0943,-0.6252,-0.088,-0.6512
43747.3466,-0.0979,0.0944,0.1781,0.3303,0.1925,-0.127
43747.37678,0.2416,-0.1056,0.0746,0.0193,0.1722,0.2703
43747.40693,0.0432,-0.2466,0.0932,-0.1121,0.018,0.0947
43747.43708,-0.0389,-0.2035,0.0728,-0.2997,0.1022,-0.2408
43747.46724,0.3128,-0.188,0.177,-0.545,0.3164,-0.1572
43747.49739,0.001,-0.0849,-0.0807,-0.9911,0.1417,-0.3965
43747.52754,-0.212,0.0454,-0.1847,0.2566,0.2427,0.5792
43747.55772,-0.2585,-0.0328,0.213,0.2525,0.3585,0.1811
43747.58787,-0.337,0.0043,0.0336,-0.6827,-0.1314,-0.1735
43747.61802,1.6045,-0.0956,-0.3352,-0.9215,-0.0203,0.3319
43747.64817,-0.5169,0.1694,-0.2059,0.2568,-0.0612,0.1758
43747.67832,-0.9722,-0.0396,0.4276,1.8423,0.4815,-0.1742
43747.70847,0.4835,-0.2252,0.1576,-0.8318,-0.0506,0.167
43747.73865,0.3682,-0.0498,-0.2648,-0.472,-0.7046,0.291
43747.7688,0.1868,-0.2359,-0.2625,1.095,-0.0177,0.6008
43747.79895,-0.1441,-0.1636,0.0053,0.2098,-0.4605,0.6819
43747.8291,-0.2193,-0.0381,-0.0491,0.7737,-0.133,0.4936
43747.85925,0.8346,-0.4311,0.1269,-0.5928,-0.2059,0.225
43747.88944,0.0964,0.1071,-0.0671,-0.5391,-0.3452,-0.0861
43747.91959,-0.3831,0.1365,-0.1259,0.1663,-0.189,0.0207
43747.94974,-0.2123,0.0263,0.1456,0.1366,0.0156,-0.0484
43747.97989,0.056,0.0686,0.044,-0.0475,-0.3211,0.2901
43748.01004,-0.1991,0.0531,-0.0587,0.6196,-0.0664,0.0597
43748.04019,0.0707,-0.0848,0.1343,-0.2931,-0.2642,-0.0735
43748.07038,-0.3022,0.1114,0.0939,0.2885,-0.0674,0.1191
43748.10053,0.2724,-0.0768,0.0175,0.5139,0.2238,-0.1511
43748.13068,0.1198,-0.0135,-0.0073,-0.0476,-0.2224,0.2299
43748.16083,-0.4586,0.1995,0.0996,0.9662,0.0856,-0.4115
43748.19098,0.1197,-0.2181,0.2994,0.1086,0.1642,-0.3756
43748.22116,0.2378,-0.1178,-0.0695,-0.4643,-0.173,-0.3361
43748.25131,0.1532,-0.0031,0.1301,0.5322,0.0469,-0.0562
43748.28147,-0.1143,-0.2635,0.0137,-0.1825,0.2091,-0.0024
43748.31162,0.3,0.002,0.004,-0.748,0.2594,-0.7632
43748.34177,0.2288,-0.2234,0.1386,-0.3312,0.2108,-0.8262
43748.37192,-0.1565,-0.1247,-0.0881,-0.4331,0.112,-1.0035
43748.4021,0.3542,0.2658,-0.1784,0.3222,0.438,-0.9242
43748.43225,0.1398,-0.0978,0.1207,-0.0263,0.2594,-0.3077
43748.4624,-0.1363,0.3529,-0.3456,3.2571,0.103,-0.664
43748.49256,0.2581,0.5522,-0.4638,3.665,-0.3172,-1.3779
43748.52271,0.1058,0.3487,-0.37,3.3254,-0.9977,-1.9428
43748.55286,-0.043,0.2887,-0.381,4.8104,-1.1065,-2.2177
43748.58304,0.0758,0.0794,-0.3492,6.6574,-1.2836,-1.9524
43748.61319,0.0701,0.0673,-0.076,8.086,-1.5478,-1.2873
43748.64334,0.0366,0.1614,0.2255,8.1625,-1.3528,-1.1071
43748.67351,0.1205,0.1789,0.2732,6.7085,-1.2901,-0.9802
43748.70366,0.1426,0.2463,0.3891,4.1671,-1.1637,-0.9911
43748.73384,0.0796,0.1072,0.3426,2.3895,-1.1123,-1.0347
43748.76399,0.1745,0.1466,0.2422,2.4201,-0.9891,-0.6187
43748.79414,0.1518,0.1901,0.2764,1.8948,-0.9752,-0.3979
43748.82429,0.1981,0.193,0.2717,0.9196,-0.6849,-0.3125
43748.85444,0.1829,0.1114,0.1894,0.2811,-0.601,-0.1073
43748.8846,0.1053,0.1377,0.1491,0.1077,-0.4265,-0.0399
43748.91478,0.0427,0.083,0.0913,-0.1185,-0.211,-0.0087
43748.94493,0.0154,0.0556,0.0715,-0.2074,-0.1635,-0.0095
43748.97508,0.0517,0.1104,0.0067,-0.1127,-0.0761,-0.0536
43749.00523,0.0934,0.0759,-0.0115,-0.0954,-0.159,0.0313
43749.03538,0.1025,-0.0041,-0.0095,-0.0672,-0.2432,0.1569
43749.06557,0.0598,-0.0572,-0.0224,-0.3147,-0.3695,0.2081
43749.09572,0.0635,-0.0334,-0.0145,-0.3551,-0.3739,0.2551
43749.12587,-0.0021,-0.0407,0.0078,-0.4708,-0.3393,0.2712
43749.15602,-0.0549,-0.0316,0.0077,-0.6041,-0.1893,0.2968
43749.18617,-0.0888,0.0249,-0.0169,-0.5127,-0.1094,0.2601
43749.21632,-0.0993,0.0188,-0.0369,-0.3758,0.0433,0.164
43749.2465,-0.0597,0.0487,-0.0864,-0.0657,0.0778,0.0631
43749.27666,-0.0198,0.0689,-0.0784,0.1653,0.0145,-0.0644
43749.30681,-0.0194,0.0889,-0.0492,0.2174,-0.0676,-0.1248
43749.33696,-0.0438,0.0891,-0.0369,0.2054,-0.0198,-0.0753
43749.36711,-0.0592,0.012,-0.0204,-0.0122,-0.0565,-0.0191
43749.39726,-0.0703,0.0533,-0.0086,-0.1722,-0.0708,-0.0055
43749.42744,-0.1027,0.0453,-0.0307,-0.4129,0.0224,-0.0319
43749.45759,-0.1126,-0.0011,-0.0433,-0.3263,0.0091,-0.1891
43749.48775,-0.0844,0.0529,-0.0482,0.0712,0.053,-0.3316
43749.5179,-0.0392,0.0407,-0.0083,0.059,0.0277,-0.3864
43749.54805,-0.0555,0.0873,0.1729,-0.1908,-0.0248,-0.3357
43749.57823,-0.0852,0.096,0.5013,-1.8501,0.5114,0.0491
43749.60838,-0.0449,0.1336,0.6114,-3.9293,1.3238,0.3156
43749.63853,-0.0403,0.147,0.4866,-4.3686,1.9194,0.8564
43749.66868,-0.0916,0.1356,0.2763,-4.5669,1.8946,1.2035
43749.69883,-0.0129,0.1753,0.0579,-6.7152,1.57,1.608
43749.72898,-0.0775,-0.1178,-0.2398,-7.6567,1.2522,1.8943
43749.75916,0.2484,-0.2469,-0.0164,-9.3425,-0.0497,2.1412
43749.78932,0.0685,0.1997,0.1323,-4.3984,0.7764,2.557
43749.81947,0.9138,0.9662,-0.8038,-0.6367,0.0632,0.7575
43749.84962,-0.0757,-0.2736,-0.1781,-1.3705,-0.5088,0.7266
43749.87977,-0.3206,-1.0662,0.1492,-3.3623,-0.0198,1.548
43749.90995,0.441,0.2924,-0.3234,-4.2275,-0.7711,2.0996
43749.9401,0.3433,0.9,-0.1365,-3.2907,-1.2431,1.0673
43749.97025,0.3,0.1103,0.1832,-0.2966,-0.0848,0.1011
43750.00041,-0.137,-0.668,-0.3446,1.4917,0.077,0.0309
43750.03056,-0.5024,0.6917,-0.2964,2.0224,0.521,0.0199
43750.06071,-0.337,-0.0208,-0.0231,2.6007,0.5109,0.0013
43750.09089,-0.3822,0.8097,0.1017,7.117,0.8026,0.9601
43750.12104,0.5952,-0.4558,0.5474,1.1352,0.4503,0.0375
43750.15119,0.1282,-0.1548,0.4067,-2.1963,-0.6667,-0.3527
43750.18134,-0.0085,-0.2043,-0.2174,-4.2475,-0.6262,0.0161
43750.2115,0.0038,0.3884,-0.2199,-1.5572,-0.5369,0.416
43750.24168,-0.2338,0.1317,-0.4049,0.9802,0.3798,0.1512
43750.27183,-0.0632,0.0271,-0.2474,0.8773,0.7639,0.1229
43750.30198,-0.2664,0.3024,0.0335,1.5884,0.9008,0.081
43750.33213,0.0031,0.0778,0.1643,1.1946,0.4735,-0.1227
43750.36228,0.3243,-0.1243,0.2494,0.046,0.0655,-0.2695
43750.39243,0.2275,-0.2982,0.1981,-1.5856,-0.6188,-0.7783
43750.42262,-0.0748,-0.0659,-0.0493,-1.6457,-0.4752,-0.4768
43750.45277,0.2732,-0.1269,0.0162,-0.7648,-0.1965,-0.2843
43750.48292,0.2425,-0.3846,0.0075,-1.1775,-0.0405,-0.3286
43750.51307,0.3001,-0.2394,-0.2789,-2.1541,-0.3637,-0.3301
43750.54322,-0.03,-0.1151,0.3741,-3.6138,0.1542,-0.3955
43750.57337,0.0867,-0.0698,0.0931,-3.0461,0.1375,-0.7061
43750.60355,-0.0576,0.383,-0.1687,-0.4895,0.1474,-0.1455
43750.63371,-0.2836,0.1476,-0.213,0.9089,0.0722,0.0429
43750.66386,-0.4057,-0.1819,-0.1036,0.6477,0.2537,0.5734
43750.69402,-0.4038,-0.1364,-0.1143,-0.8854,0.3907,0.6708
43750.72417,0.1805,-0.1831,-0.1317,-1.4363,0.4431,1.3925
43750.75435,0.3642,0.0932,-0.137,-0.0275,0.1702,0.9462
43750.7845,0.0119,-0.1354,-0.0816,0.77,0.2329,0.8974
43750.81466,0.0723,-0.2404,-0.3807,-1.0765,0.0814,0.7367
43750.84481,0.008,0.2961,-0.3458,-0.024,-0.0421,0.566
43750.87496,-0.0534,-0.2062,-0.1934,0.867,-0.1083,0.91
43750.90511,-0.1073,-0.0404,0.0475,0.5028,-0.291,1.0119
43750.93529,0.1112,-0.1402,0.102,0.708,-0.3973,0.9493
43750.96544,0.1036,-0.1282,-0.1219,0.2623,-0.355,0.6817
43750.99559,0.187,0.094,-0.1551,0.3006,-0.4253,-0.0386
43751.02575,-0.2394,0.0462,-0.2211,0.3312,-0.6472,0.0753
43751.0559,-0.1636,0.0386,-0.0126,0.6156,-0.3648,0.2938
43751.08608,0.1464,-0.1282,0.1168,0.4292,-0.3102,0.4095
43751.11623,0.0844,0.0657,-0.0946,-0.2326,-0.368,-0.0881
43751.14638,-0.1441,0.21,-0.0186,0.6474,-0.1028,-0.1181
43751.17653,-0.3875,0.0125,-0.0944,0.4079,-0.3694,0.0015
43751.20668,0.1655,-0.0103,0.0215,0.3041,-0.0634,-0.0134
43751.23684,-0.1602,0.141,0.1149,0.3527,-0.0146,-0.3296
43751.26702,0.2036,-0.1694,-0.1082,0.4119,-0.0721,-0.2412
43751.29717,0.0482,-0.0347,0.0403,-0.3915,0.1226,-0.3595
43751.32732,-0.0208,0.0535,-0.0858,0.8218,0.5124,-0.2502
43751.35747,0.051,-0.186,0.1029,0.1085,0.1744,-0.4697
43751.38762,0.2022,0.0227,-0.0431,-0.2651,0.1546,-0.2757
43751.41781,0.0368,-0.0492,-0.0803,0.0543,-0.1586,-0.1311
43751.44796,-0.1883,-0.1515,-0.0345,-0.013,0.0197,0.0916
43751.47811,0.3742,-0.2013,0.0197,-0.1764,-0.1321,-0.0948
43751.50826,-0.0225,-0.0181,0.0243,0.0621,0.1067,-0.3793
43751.53841,0.0156,0.0096,0.0482,1.084,0.1451,0.202
43751.56856,-0.044,0.2759,-0.147,1.8065,0.2507,0.1941
43751.59874,0.0406,0.2143,-0.0425,3.2756,0.6687,0.2151
43751.6289,-0.3045,-0.0168,-0.177,2.8286,0.4683,0.1467
43751.65905,0.1247,-0.2468,0.231,-0.8085,-0.1677,-0.0787
43751.6892,-0.1075,0.0649,-0.0067,-3.2718,-0.6757,-0.4857
43751.71935,-0.414,-0.1311,0.0968,-3.7428,-0.788,0.2155
43751.74953,0.1944,-0.1629,0.0419,-1.352,-0.2644,0.5787
43751.77969,0.089,0.0445,-0.1814,0.5643,-0.0454,0.3197
43751.80984,0.0315,-0.0946,-0.0491,0.8505,0.1411,-0.162
43751.83999,-0.0617,-0.1546,-0.0319,-0.2398,0.0665,-0.0474
43751.87014,0.0796,0.1173,0.0771,0.1878,0.1358,0.482
43751.90029,-0.0536,-0.0984,0.153,0.8027,0.0713,0.7658
43751.93047,0.1885,-0.0787,0.0826,0.3821,-0.0193,0.541
43751.96062,-0.0208,-0.0617,-0.074,0.4533,-0.0062,0.123
43751.99078,-0.1882,0.1045,-0.0609,0.6542,-0.0105,-0.0233
43752.02093,-0.0533,0.0933,0.0838,-0.0243,-0.0383,-0.51
43752.05108,0.0602,0.3027,-0.1373,0.0825,-0.0264,-0.79
43752.08123,0.0104,-0.0057,-0.0483,0.8558,0.2419,-0.2265
43752.11141,-0.0908,-0.1076,0.0327,0.0474,0.0166,0.0243
43752.14156,0.0251,0.0923,0.0991,-0.1925,0.016,-0.36
43752.17171,-0.0208,-0.035,0.153,-0.0913,-0.0951,-0.2698
43752.20187,-0.0924,-0.1446,0.2629,-0.4176,-0.0623,-0.1534
43752.23202,0.1405,-0.1353,-0.0667,-0.2972,0.0753,-0.0399
43752.2622,0.1637,-0.1309,-0.2266,-0.1581,0.1281,-0.0458
43752.29235,0.1037,-0.1517,-0.1435,-0.2985,0.3419,-0.1502
43752.3225,0.1419,-0.175,-0.1198,-0.6125,0.5992,-0.0621
43752.35265,-0.0048,0.1195,-0.1836,-0.4205,0.5417,-0.4035
43752.3828,-0.1473,0.0931,0.0018,0.3178,0.4867,-0.2018
43752.41296,0.0896,-0.1557,0.1134,-0.0678,0.114,-0.081
43752.44314,-0.194,-0.1177,0.1204,-0.743,-0.2843,-0.4357
43752.47329,0.1246,-0.1849,-0.0284,-0.4205,-0.3192,-0.0655
43752.50344,0.2722,-0.121,0.0999,-0.8922,-0.2933,-0.0841
43752.53359,0.0716,-0.006,-0.0747,-0.3614,-0.0794,-0.1845
43752.56374,-0.058,-0.16,-0.0461,-0.2169,0.1004,0.308
43752.59393,-0.0447,0.1912,0.1329,-0.2653,0.3983,0.0289
43752.62408,-0.0184,-0.0803,0.0024,-0.0187,0.3238,0.1334
43752.65423,-0.0647,0.0074,-0.0304,-0.2394,0.3142,0.1245
43752.6844,-0.1456,-0.0012,-0.0891,0.1309,0.1129,0.1042
43752.71455,-0.2899,-0.0412,0.1,0.3372,-0.1678,0.08
43752.7447,0.2882,-0.2254,0.1084,-0.0459,-0.2237,0.0876
43752.77489,-0.2099,0.211,-0.0534,-0.4403,-0.206,-0.0486
43752.80504,0.7144,-0.1017,-0.2013,0.5444,-0.0021,0.5788
43752.83519,-0.3128,-0.0381,-0.1147,-0.5699,0.0087,0.2159
43752.86534,-0.2075,0.0387,-0.0717,0.6306,0.2616,0.2001
43752.89549,0.0881,-0.3753,0.3105,0.3543,-0.2675,0.4579
43752.92567,-0.047,-0.0156,0.0202,0.0643,-0.0991,0.4042
43752.95582,0.0526,-0.1567,0.143,-0.1852,-0.3122,-0.1518
43752.98598,0.0344,0.0524,-0.161,-0.3238,-0.1253,-0.2265
43753.01613,-0.0022,0.0589,-0.0009,0.319,0.0657,-0.174
43753.04628,0.2948,-0.1734,-0.175,-0.3449,-0.1156,-0.2136
43753.07643,-0.0667,0.1306,-0.1592,-0.0088,0.1006,-0.2062
43753.10661,-0.1748,-0.0094,0.0502,0.0144,0.1198,-0.0467
43753.13676,-0.152,-0.042,-0.0249,-0.2009,-0.2853,0.1565
43753.16691,-0.1739,-0.0429,0.1082,-0.0644,-0.2063,0.2321
43753.19707,0.1793,-0.1151,-0.0727,-0.5616,-0.1947,-0.0433
43753.22722,0.0921,-0.0354,-0.0134,-0.4396,-0.1112,-0.4982
43753.2574,-0.0652,-0.0121,0.0648,-0.0915,0.306,-0.5321
43753.28755,0.3927,-0.2227,-0.2644,-0.422,0.1822,-0.4703
43753.3177,-0.0231,0.0339,-0.0876,0.3074,0.3241,-0.1485
43753.34785,0.2011,-0.1484,0.0272,-0.0779,0.1654,0.2359
43753.378,-0.2699,-0.2734,0.0087,-0.5243,-0.3416,0.1834
43753.40816,-0.2358,-0.0831,-0.0884,-0.396,-0.1274,0.1638
43753.43834,0.2757,-0.2621,-0.0126,-0.2685,-0.513,0.2338
43753.46849,0.2735,-0.1901,-0.0505,-0.1291,-0.1573,0.1297
43753.49864,0.0462,-0.3016,-0.1575,-0.1968,0.2034,0.2211
43753.52879,0.2077,0.0297,0.0428,-0.5743,0.3211,-0.0363
43753.55894,0.1401,-0.0022,-0.1452,0.0056,0.0689,0.3947
43753.58913,0.1588,-0.1461,-0.1333,0.0378,0.0619,0.7979
43753.61928,-0.1499,-0.1012,-0.1481,-0.2139,-0.1204,0.7577
43753.64943,-0.4777,-0.1388,-0.0635,0.2627,-0.2288,0.6612
43753.67959,0.1299,-0.2365,-0.1374,-0.485,-0.2409,0.4292
43753.70974,-0.1043,0.0236,-0.2549,-0.1644,-0.3738,-0.0623
43753.73989,-0.051,0.138,-0.1502,0.7183,0.2034,-0.1189
43753.77007,0.1826,0.0557,0.1369,0.4306,-0.2015,0.1066
43753.80023,-0.1442,0.403,0.1011,0.7035,-0.0618,0.2695
43753.83038,0.3457,-0.2114,0.0714,0.3703,-0.3104,0.6458
43753.86053,-0.2146,-0.0682,-0.0982,0.312,-0.108,0.2782
43753.89068,-0.3166,-0.0636,0.0801,1.1779,0.059,0.2378
43753.92083,0.0539,-0.242,0.0856,0.4699,-0.3362,0.265
43753.95101,0.5818,-0.4275,-0.0305,-0.5756,-0.6018,0.1558
43753.98116,-0.4583,0.0293,0.231,-0.9686,-0.5881,-0.5185
43754.01132,0.0076,0.0212,-0.3146,0.6648,-0.0006,0.257
43754.04147,0.4413,-0.2095,0.059,-0.5348,-0.3464,-0.0562
43754.07162,-0.2252,0.0226,0.0247,-0.2151,0.1196,0.1509
43754.1018,0.0234,-0.1213,-0.0055,0.1271,0.1196,0.2273
43754.13195,-0.2858,0.0359,0.1457,-0.4134,0.1011,0.1805
43754.1621,0.0494,0.2291,-0.086,0.3835,0.2954,-0.2299
43754.19225,0.33,-0.4135,0.0023,0.0254,-0.2109,-0.2887
43754.22241,-0.6314,0.0178,-0.1501,-0.0747,0.1281,0.056
43754.25256,0.2027,-0.0184,0.0136,0.0452,0.3759,-0.3709
43754.28274,0.2736,0.0597,-0.0705,-0.6539,-0.0682,-0.7121
43754.31289,-0.0558,0.1768,0.1696,0.4025,0.3187,-0.3677
43754.34304,-0.2328,-0.2344,0.1364,0.1106,0.0265,0.1014
43754.37319,-0.4462,0.0503,-0.0877,-0.5713,-0.3029,0.0147
43754.40334,1.1338,-0.2218,-0.1815,0.0319,0.5045,1.2237
43754.43353,0.1354,-0.393,-0.212,-0.7616,-0.5023,-0.724
43754.46368,-0.4403,0.1467,-0.0604,-0.4481,0.2504,0.081
43754.49383,0.1107,-0.1998,-0.3753,-0.2106,0.1794,-0.0176
43754.52398,-0.0392,0.0724,-0.1113,-0.6281,-0.2844,-0.1607
43754.55413,-0.128,-0.0435,-0.1057,0.4706,0.1455,0.2589
43754.58428,0.3106,-0.1886,-0.1762,-0.5333,-0.3309,0.0188
43754.61446,-0.5592,0.3652,0.093,-0.1151,-0.298,-0.251
43754.64462,0.0127,-0.2013,-0.055,1.0333,0.0262,0.1358
43754.67477,0.0542,-0.1656,0.0814,-0.1976,-0.1882,-0.1669
43754.7049,-0.0524,0.2408,0.0805,-0.0081,0.2175,-0.4492
43754.73505,0.2419,0.0457,-0.1438,0.0398,0.0674,0.1059
43754.76523,-0.3328,0.1522,-0.1768,0.7282,0.0516,0.2233
43754.79538,-0.2064,-0.1561,0.1849,0.7164,-0.1793,0.429
43754.82554,-0.0483,-0.0494,0.0626,0.2626,-0.2417,0.336
43754.85569,0.4429,-0.2923,0.0718,0.1132,-0.36,0.4055
43754.88584,0.2397,-0.1902,0.008,-0.5891,-0.1666,-0.0806
43754.91599,0.0234,-0.0137,-0.0753,-0.3211,0.0763,-0.1779
43754.94617,-0.1973,0.0072,-0.0144,0.072,0.0087,0.0756
43754.97632,0.283,-0.2757,-0.2782,0.1562,-0.1144,0.5465
43755.00647,-0.1784,0.0011,-0.024,-0.3148,-0.2609,0.0987
43755.03663,-0.2554,-0.1501,-0.2462,0.0849,-0.3203,0.4004
43755.06678,-0.0533,-0.0256,0.0741,-0.0761,-0.1669,0.4099
43755.09696,0.0832,0.1037,0.0063,0.0027,-0.0972,-0.1863
43755.12711,0.3281,-0.1626,-0.0609,-0.5902,-0.1446,-0.5061
43755.15726,-0.184,0.2838,-0.0401,-0.0078,0.1709,-0.1779
43755.18741,0.0559,-0.071,0.121,0.2563,0.068,0.1779
43755.21756,-0.1823,0.0038,-0.0083,-0.1359,0.0396,0.2445
43755.24772,0.2116,-0.0433,-0.1773,0.4994,0.0676,0.237
43755.2779,-0.2053,-0.0443,-0.1936,0.2712,0.0481,-0.0597
43755.30805,-0.1189,-0.0031,0.0464,0.7481,0.1135,-0.1121
43755.3382,0.2085,0.0417,0.1793,0.5058,0.0762,-0.1063
43755.36835,0.2624,-0.2986,0.0221,-0.3039,-0.1127,-0.3708
43755.3985,0.0559,0.0524,0.0515,0.2591,0.2309,-0.2413
43755.42868,0.1042,-0.0558,-0.087,0.1295,0.1025,-0.2766
43755.45884,-0.0819,0.0719,-0.1566,-0.0319,-0.0488,-0.2031
43755.48899,-0.2141,0.1856,0.1517,0.7084,-0.0116,-0.0575
43755.51914,-0.1592,-0.0547,0.1858,-0.0723,-0.0773,-0.0611
43755.54929,-0.1212,0.0382,-0.0675,-0.5808,-0.3425,-0.1418
43755.57944,0.1716,0.0526,-0.1851,0.4578,0.0437,-0.006
43755.60962,-0.2903,0.1315,0.0058,0.0409,0.0562,-0.4824
43755.63977,0.1487,0.0861,-0.0055,0.8965,0.3366,-0.2044
43755.66993,-0.2278,-0.0207,0.0608,0.164,0.1191,-0.2144
43755.70009,0.0049,0.2239,-0.0516,0.6894,0.2914,0.1619
43755.73024,0.1443,-0.1847,-0.0251,0.307,0.1288,-0.1799
43755.76039,-0.1941,0.1209,-0.0476,0.1782,0.0132,-0.0344
43755.79057,-0.1731,-0.0108,0.222,0.3433,-0.1739,0.0286
43755.82072,0.3253,-0.1467,-0.1859,0.2607,-0.2751,0.2213
43755.85087,0.0283,-0.0409,0.0717,0.062,0.0008,-0.347
43755.88102,0.2415,-0.0226,-0.0266,0.4142,0.2202,-0.0122
43755.91118,0.0403,0.0517,0.0784,-0.1521,0.2526,-0.3154
43755.94136,-0.262,0.1313,0.0958,0.4903,0.1761,-0.0285
43755.97151,-0.1397,-0.0492,0.0962,0.5219,0.1352,0.3391
43756.00166,0.1007,-0.0594,-0.0406,-0.1309,-0.1197,0.0947
43756.03181,0.0633,0.189,0.0253,0.1355,0.0201,-0.4109
43756.06196,-0.1184,-0.1741,0.0831,-0.0427,-0.18,-0.3955
43756.09211,0.0821,-0.0459,0.004,-0.4151,-0.1408,-0.0716
43756.1223,-0.1565,-0.0553,-0.0218,-0.4554,-0.1793,-0.1939
43756.15245,0.1956,0.071,-0.0365,0.1118,0.1335,0.0627
43756.1826,0.248,-0.1232,-0.0153,-0.4129,0.2194,-0.116
43756.21275,-0.2386,0.0367,0.0272,-0.5863,0.2155,-0.0403
43756.2429,0.0376,0.1015,-0.1467,-0.1618,0.3492,-0.0548
43756.27308,0.1876,-0.0261,-0.1818,-0.032,0.268,-0.1387
43756.30323,0.0755,0.1024,-0.0478,0.082,0.332,-0.3766
43756.33339,0.1377,-0.0415,-0.0925,0.3758,0.2017,-0.2713
43756.36354,0.0895,-0.0594,0.0188,0.1683,0.0719,-0.0276
43756.39369,0.0066,-0.1522,0.157,-0.2085,-0.1481,-0.081
43756.42384,0.0515,-0.0552,0.1249,-0.5243,-0.1675,-0.1479
43756.45402,0.0562,-0.2157,-0.2195,-0.8615,-0.5757,-0.3664
43756.48417,-0.14,0.2969,-0.0542,-0.3493,-0.042,-0.1959
43756.51432,0.019,-0.0973,0.1982,0.1589,0.1637,-0.0098
43756.54448,0.0947,-0.0845,-0.2004,-0.302,-0.0792,0.0595
43756.57463,-0.2016,-0.0355,-0.1344,0.2227,0.0748,-0.0189
43756.60481,0.2115,-0.0267,-0.0894,0.1986,0.0686,0.1297
43756.63496,0.1271,-0.1349,-0.1075,0.0105,-0.0365,0.0099
43756.66511,-0.1227,0.0177,-0.0468,0.2671,0.0513,0.2751
43756.69528,-0.1528,-0.0628,0.0531,0.2999,-0.0482,0.2797
43756.72543,0.0295,0.12,0.3281,-0.0314,0.0565,0.1913
43756.75558,0.1442,-0.1288,0.1032,-0.033,-0.0126,0.3138
43756.78576,-0.2904,-0.0827,0.0332,0.1955,0.097,0.3737
43756.81591,-0.1424,-0.0163,0.1833,0.496,0.2212,0.2574
43756.84606,0.51,-0.2819,-0.0067,-0.3234,-0.1522,0.307
43756.87621,0.1544,0.119,-0.1562,-0.0928,0.0547,0.0158
43756.90637,0.0395,0.0063,-0.1273,0.2369,0.1179,-0.0828
43756.93652,-0.1719,0.2301,-0.1431,-0.0852,-0.0212,-0.3024
43756.9667,-0.0873,-0.0734,0.1103,0.3988,-0.1282,0.1862
43756.99685,-0.103,-0.0158,0.0242,0.042,-0.12,0.1762
43757.027,-0.1374,0.042,0.0743,0.0432,-0.2146,-0.0566
43757.05715,-0.398,0.1709,-0.0461,0.2424,-0.1674,-0.2346
43757.0873,0.2607,-0.1435,0.2984,0.3899,0.0281,0.136
43757.11749,-0.0597,0.0503,0.0273,-0.2191,-0.0223,-0.5304
43757.14764,0.0678,-0.043,-0.0355,0.3628,0.1517,-0.4556
43757.17779,0.2235,0.0072,-0.0126,-0.1183,0.4096,-0.3367
43757.20794,0.2545,0.1237,-0.1553,0.5592,0.6321,-0.2357
43757.23809,0.0257,-0.1574,-0.1171,0.4046,0.2783,0.0941
43757.26824,-0.1287,0.0858,0.1642,0.0513,0.2035,-0.1401
43757.29842,0.1485,-0.3375,0.0923,-0.1208,-0.1768,-0.1678
43757.32858,0.1505,-0.0748,-0.0885,-0.4815,-0.1342,-0.2128
43757.35873,0.2255,-0.141,-0.0241,-0.1608,-0.1402,-0.1857
43757.38888,-0.1155,-0.0172,0.0729,-0.4522,0.0616,-0.4509
43757.41903,0.1042,-0.0262,-0.0453,-0.0474,-0.0082,-0.1932
43757.44921,-0.0773,-0.1299,0.1234,-0.0596,-0.0456,-0.1935
43757.47936,-0.0375,-0.0559,0.066,-0.3249,0.2408,-0.012
43757.50952,-0.4072,0.0867,0.0063,-0.1661,0.0382,0.145
43757.53967,0.1119,-0.1421,-0.0668,0.2325,0.1279,0.1794
43757.56982,-0.1811,-0.2301,0.1143,-0.0787,0.0039,0.2657
43757.59997,-0.1151,0.3688,-0.2043,-0.0402,0.2575,-0.3259
43757.63015,1.0088,-0.3698,-0.0391,0.1438,-0.0976,0.276
43757.6603,-0.5056,0.1878,-0.2059,-0.2818,0.4027,0.1872
43757.69046,-0.1428,-0.1223,-0.0696,0.7174,0.2732,0.3148
43757.72061,0.4088,-0.0988,-0.1831,-0.1327,-0.0218,0.4826
43757.75077,0.0472,-0.1486,-0.0456,0.3239,-0.2848,0.3529
43757.78095,-0.2563,-0.2055,0.2141,0.3718,-0.1438,0.1529
43757.8111,0.1875,-0.113,-0.1535,-0.4077,-0.5394,0.1318
43757.84125,-0.1854,-0.012,0.5777,0.058,-0.2582,0.0704
43757.8714,0.3243,-0.0529,-0.0197,-1.2767,-0.4824,-0.9545
43757.90155,0.3916,-0.3003,-0.3997,-0.4724,-0.3733,-0.0863
43757.9317,-0.3534,0.0823,-0.519,-0.7817,-0.039,0.4784
43757.96189,-0.2172,0.0687,0.0604,1.1368,0.7835,0.5405
43757.99204,-0.0193,-0.2268,0.0046,-0.3985,-0.1454,0.1337
43758.02219,-0.2188,-0.0194,-0.056,-0.243,-0.3706,0.6531
43758.05234,0.8973,-0.0381,0.0446,0.2684,0.6139,0.8216
43758.08249,-0.3486,-0.1068,-0.1799,-0.4895,-0.177,-0.5319
43758.11264,-0.8477,0.2977,0.2204,0.9705,0.6145,-0.7819
43758.14282,0.7833,-0.2243,0.3044,0.3978,0.082,0.3985
43758.17298,-0.1803,-0.0215,0.2752,-1.0826,-0.4868,-0.5756
43758.20313,0.1344,-0.0439,-0.3187,0.0095,0.179,-0.458
43758.23328,0.2484,-0.0514,-0.1104,-0.2973,0.094,-0.1328
43758.26343,-0.6781,0.2576,-0.0426,0.4992,-0.2958,0.2717
43758.29361,0.2958,-0.5566,-0.1222,0.7853,0.1552,1.0081
43758.32376,0.4474,-0.3824,-0.1762,-1.4921,-0.6121,-0.2273
43758.35391,-0.07,-0.0539,-0.212,-0.2173,-0.1059,-0.0005
43758.38407,-0.2105,-0.1482,0.0184,0.0793,0.1591,0.4265
43758.41422,0.1064,0.004,0.0764,-0.138,0.1436,0.1704
43758.44437,-0.1043,0.0827,0.1167,-0.1426,0.0194,-0.1086
43758.47455,0.1,0.1039,-0.194,0.5177,0.1765,-0.1012
43758.5047,-0.0079,-0.0669,0.1725,-0.2865,0.097,-0.1071
43758.53485,-0.2469,0.3431,-0.0992,0.2377,0.219,-0.2039
43758.56501,-0.1619,0.1913,0.0908,1.1444,0.2079,-0.1376
43758.59516,0.1167,-0.1769,0.0117,-0.0365,-0.3932,0.0403
43758.62534,-0.2537,0.164,0.0463,0.1387,-0.2373,0.2417
43758.65549,0.2048,0.0334,-0.2109,0.376,-0.1667,0.2223
43758.68563,0.3948,-0.212,-0.1823,0.171,-0.168,0.0712
43758.71579,-0.2061,0.0393,-0.0468,0.5165,0.1165,0.0834
43758.74594,-0.1026,-0.1349,0.3022,0.7568,0.1034,0.2943
43758.77609,-0.0339,-0.1294,0.02,0.0778,-0.1631,0.2144
43758.80627,0.102,-0.1919,0.0714,0.3678,-0.0425,0.1761
43758.83642,0.0563,-0.1625,-0.0805,-0.2946,0.0128,-0.2928
43758.86657,-0.0154,-0.2514,-0.2655,-0.1692,0.0281,-0.1096
43758.89672,-0.1238,0.1097,0.2129,0.0121,0.314,-0.1843
43758.92688,0.1882,-0.0058,0.0476,-0.0318,0.1042,-0.0896
43758.95703,0.2646,-0.1673,-0.2616,-0.2561,0.0058,0.104
43758.98721,0.0809,0.0858,-0.2482,0.0232,0.1662,-0.1319
43759.01736,-0.3104,-0.4151,0.1401,0.3156,-0.212,0.1716
43759.04751,-0.9214,-0.0988,0.183,-0.8287,-0.8403,0.881
43759.07766,1.0074,0.6695,-0.7982,0.9922,1.3388,0.1637
43759.10781,0.101,-1.2003,-0.2932,0.076,-0.7668,-2.2266
43759.138,-0.7189,0.2739,-0.1551,-0.6852,0.2464,0.5416
43759.16815,0.3026,0.0418,-0.1653,0.609,0.4955,-0.1212
43759.1983,0.2187,-0.1171,0.0845,-0.2785,-0.2264,-0.3181
43759.22845,0.1549,-0.2005,-0.0085,-0.2683,0.1427,0.4163
43759.2586,0.5488,-0.3956,-0.1008,-1.0617,-0.3293,-0.0054
43759.28875,-0.7589,0.3807,0.3388,-1.2855,-0.6547,-0.3921
43759.31893,0.3207,-0.4311,0.0241,1.4562,0.5261,0.8021
43759.34909,0.4012,-0.2265,0.065,-1.7491,-0.3968,-0.1384
43759.37924,-0.0232,0.1804,-0.3618,-0.3872,0.0941,-0.2388
43759.40939,-0.3589,0.0301,0.1177,0.1208,0.2969,0.2265
43759.43954,-0.3619,0.3906,0,0.1134,0.4457,-0.3168
43759.46972,0.495,-0.1678,-0.151,0.466,-0.2163,0.5579
43759.49987,-0.5746,0.3798,-0.0625,0.2231,-0.2032,-0.1408
43759.53002,0.3328,-0.0921,-0.1293,1.0381,0.0217,0.324
43759.56018,-0.1574,-0.3742,-0.0662,-0.3918,-0.6008,-0.3093
43759.59033,-0.1963,0.2226,0.0424,0.0366,-0.086,-0.2846
43759.62048,0.5386,-0.2848,0.0784,0.6986,-0.0308,0.2782
43759.65066,-0.2498,0.1239,-0.2277,-0.3376,-0.1197,-0.2468
43759.68081,-0.2658,0.0512,-0.0395,1.4897,0.2915,0.5544
43759.71097,0.6237,-0.1764,-0.0343,0.2059,-0.0548,0.2133
43759.74112,-0.1763,0.2206,-0.041,-0.2218,-0.0858,-0.7854
43759.77127,-0.1148,0.1818,0.0792,1.0418,0.1761,-0.4268
43759.80142,0.1478,-0.209,0.0552,-0.1457,-0.3093,-0.1346
43759.8316,-0.5048,0.0196,0.1294,0.3067,-0.1312,0.3946
43759.86176,0.2416,0.0466,0.121,0.4659,0.1069,-0.0366
43759.89191,0.432,-0.2288,-0.0601,-0.5862,-0.2832,-0.3863
43759.92206,0.0397,-0.2812,-0.0208,-0.847,-0.4346,-0.3942
43759.95221,-0.2905,0.1336,-0.042,-0.7595,0.0532,0.0823
43759.98239,0.2111,-0.2514,0.1979,-0.0171,0.1156,0.4474
43760.01254,-0.1747,-0.188,0.2663,-1.1573,0.2981,0.3168
43760.04269,-0.1854,-0.1773,0.0487,-1.0969,0.2131,0.2072
43760.07285,-0.424,0.029,-0.0216,-0.1593,0.5995,0.7118
43760.103,-0.1036,0.1878,-0.0295,0.6211,0.6009,0.2529
43760.13315,0.5772,-0.1034,-0.0024,-0.2367,0.3777,0.0501
43760.16333,0.2045,0.2382,-0.201,-0.5966,0.1369,-0.5939
43760.19348,0.4179,0.0724,-0.2699,0.4626,0.2079,-0.1406
43760.22363,-0.183,-0.0874,0.0873,0.0186,-0.1244,-0.1127
43760.25378,-0.3423,-0.1484,0.3049,0.2146,0.1397,0.1944
43760.28394,-0.1952,0.1026,-0.1072,-0.6949,-0.6486,-0.6191
43760.31412,-0.247,0.1712,0.0776,0.6843,-0.6697,-0.0132
43760.34427,0.0812,-0.0062,-0.0478,0.0158,-0.4496,-0.3718
43760.37442,0.0937,0.2686,0.0117,-0.7331,-0.5195,-1.0696
43760.40457,0.2879,-0.0408,-0.0199,-0.0062,-0.8315,-0.4175
43760.43472,-0.1476,0.2958,-0.0553,-0.1455,-0.0118,0.4356
43760.46487,0.0231,-0.1122,-0.28,1.0671,0.4747,0.6076
43760.49506,-0.1495,-0.1541,-0.1534,0.7999,0.5939,0.5387
43760.52521,-0.1024,-0.3416,-0.0251,0.8093,0.4519,0.3697
43760.55536,-0.1088,-0.1487,0.2111,0.3571,0.076,0.3567
43760.58551,-0.0179,-0.2411,-0.0196,0.5541,-0.1822,0.3411
43760.61566,0.1085,-0.0456,-0.0561,-0.0338,-0.1029,0.065
43760.64581,0.1864,0.1506,-0.0193,0.3711,-0.0603,-0.0518
43760.676,-0.0314,-0.0733,0.0712,0.3098,-0.0214,-0.0677
43760.70616,-0.07,0.2079,0.0855,0.7853,0.223,0.1102
43760.73631,0.079,0.059,-0.1624,0.4612,-0.155,0.1604
43760.76646,0.0149,-0.1406,-0.0863,-0.1049,-0.3924,0.2884
43760.79661,-0.2075,-0.0239,0.1003,0.1436,0.0396,0.0288
43760.8268,0.3058,-0.2062,0.0468,-0.2869,-0.0875,-0.1524
43760.85695,0.0115,-0.096,-0.0837,-0.6676,-0.2359,-0.3764
43760.8871,-0.0457,-0.0535,0.2042,0.322,0.5065,0.0422
43760.91725,0.1441,-0.2208,0.1854,-0.5778,0.3249,-0.1208
43760.9474,-0.1992,-0.0551,-0.0766,-0.485,0.2981,-0.0011
43760.97755,0.0433,-0.0625,-0.1403,-0.5288,0.1145,0.0146
43761.00774,-0.193,0.0761,-0.0729,-0.1228,0.2589,-0.1528
43761.03789,0.0087,-0.0144,0.0269,0.3589,0.2684,-0.1617
43761.06804,0.1129,0.0255,0.0705,-0.2645,0.0679,-0.4164
43761.09819,0.0147,0.105,-0.0543,-0.3854,-0.2053,-0.5256
43761.12834,-0.0187,-0.0233,-0.1175,0.4323,-0.0178,-0.0653
43761.15849,0.386,-0.3582,0.0686,-0.2861,-0.3375,0.0362
43761.18867,-0.1613,-0.2149,0.1277,-0.6189,-0.206,-0.2392
43761.21883,0.1905,-0.0607,-0.0797,-0.0995,-0.1648,0.0997
43761.24898,-0.0395,-0.1034,0.2138,-0.9452,-0.3231,-0.2213
43761.27913,-0.0107,0.1026,-0.1616,-0.5096,0.0365,0.0012
43761.30928,0.0584,0.0645,0.0023,-0.0317,0.2387,0.0868
43761.33946,0.0217,0.0426,-0.0254,0.0913,0.2767,0.407
43761.36961,-0.1614,-0.081,-0.0385,0.3705,0.2412,0.5697
43761.39976,-0.0405,-0.003,-0.1036,-0.1652,-0.0589,0.4534
43761.42992,-0.1449,0.1869,-0.0413,0.0046,0.0029,0.022
43761.46007,-0.1852,0.0746,-0.1346,0.4677,-0.0336,0.049
43761.49022,-0.0033,-0.0929,0.104,0.3297,-0.2772,0.1625
43761.5204,0.326,-0.0242,-0.1202,0.1543,-0.1227,0.0137
43761.55055,0.2533,-0.1892,-0.0508,0.3509,-0.2465,0.0163
43761.5807,-0.1944,-0.087,0.0997,0.4244,-0.1142,0.1521
43761.61085,-0.1794,-0.2406,0.2748,0.5441,-0.1735,0.4887
43761.64101,0.1213,0.0166,0.1498,-0.1757,-0.0702,0.2265
43761.67116,-0.0975,-0.3898,0.1442,-0.4611,-0.4479,0.3752
43761.70136,-0.5184,0.2344,0.0784,-0.0111,0.2534,0.1147
43761.73151,0.2245,-0.1742,-0.0204,0.6807,0.1801,0.2113
43761.76166,0.1502,0.0334,-0.1852,-0.242,0.1224,-0.2684
43761.79181,0.1257,0.0967,-0.1123,0.545,0.4302,-0.2191
43761.82196,0.0163,0.0933,-0.0717,0.4656,0.3442,-0.0786
43761.85215,-0.3829,0.2051,0.0729,0.5464,-0.0042,-0.0983
43761.8823,0.0274,-0.0941,0.2626,0.5907,-0.0199,0.1584
43761.91245,-0.1998,-0.0384,-0.007,-0.6813,-0.6404,-0.4126
43761.9426,0.0693,0.012,0.02,-0.0205,-0.4339,-0.4498
43761.97275,0.0144,0.0114,0.0321,-0.0722,-0.1618,-0.3719
43762.0029,0.215,-0.0484,-0.0268,-0.0168,-0.079,-0.3434
43762.03309,0.2771,0.0957,-0.1465,-0.0276,0.4373,-0.4037
43762.06324,0.0265,0.0041,0.1617,-0.1437,0.4893,-0.257
43762.09339,0.0022,0.0823,-0.3173,0.4346,0.66,0.3333
43762.12354,0.037,-0.197,0.2745,0.7049,0.3428,0.4661
43762.15369,-0.1071,-0.1875,0.1251,-0.1084,-0.1245,0.1653
43762.18387,-0.0705,0.0458,0.2263,-0.7309,-0.4592,-0.3129
43762.21402,0.3156,-0.0574,-0.1812,-0.2177,-0.3066,-0.3347
43762.24418,-0.0386,0.1255,-0.1692,-0.2169,-0.0226,-0.4972
43762.27433,-0.3404,0.3454,0.2994,-0.2732,0.1328,-0.7015
43762.30448,-0.1581,0.19,0.06,0.299,0.3983,-0.0645
43762.33463,0.0551,0.0049,-0.0337,0.1338,0.2307,0.2217
43762.36481,-0.1095,0.1235,-0.3576,0.1777,0.0768,0.2067
43762.39496,0.0285,-0.084,-0.1701,0.9376,0.0045,0.2531
43762.42511,-0.0014,-0.0446,0.0776,0.5089,0.0643,-0.0956
43762.45526,-0.0238,-0.117,0.1253,0.3523,-0.0521,-0.3085
43762.48542,0.369,-0.0184,0.0112,0.3481,0.089,-0.1641
43762.51557,-0.1155,0.0281,-0.0626,0.0804,0.1052,0.0121
43762.54575,0.1395,-0.0269,-0.1049,0.2197,-0.2246,0.2034
43762.5759,-0.1262,-0.0873,0.1977,0.1926,-0.0801,0.1681
43762.60605,0.0484,-0.2099,-0.0716,-0.1142,-0.2385,0.1206
43762.6362,0.0901,-0.0236,0.0025,-0.1932,0.002,-0.1869
43762.66636,0.062,0.0037,0.0227,-0.2108,0.1051,-0.43
43762.69653,-0.1082,0.0595,0.2186,-0.0708,0.2744,-0.2799
43762.72668,0.044,-0.0192,0.0064,-0.1876,0.2557,-0.1037
43762.75684,-0.1503,0.1244,0.0145,-0.1732,0.0924,0.0278
43762.78699,-0.2881,0.0588,0.0436,0.317,0.1564,-0.1572
43762.81714,0.1752,-0.0965,0.0344,-0.1246,-0.0155,-0.0061
43762.84729,0.0973,0.067,-0.0944,-0.4723,-0.0119,-0.4697
43762.87747,-0.1649,-0.0059,0.031,-0.0747,-0.0451,-0.5807
43762.90762,-0.0171,-0.004,0.1092,-0.0012,0.0839,-0.4416
43762.93777,0.0522,-0.1288,0.4743,-0.1401,-0.0767,-0.2687
43762.96793,0.189,-0.1574,0.1192,-0.685,0.1921,-0.1444
43762.99808,0.1756,-0.1468,-0.5418,-0.6947,0.0511,0.0246
43763.02823,-0.0331,-0.2192,0.0089,-0.0998,0.0286,-0.07
43763.05841,0.2224,-0.1874,0.1713,-0.2672,0.0746,0.0425
43763.08856,0.251,-0.0943,-0.2449,-0.6283,-0.0464,0.1823
43763.11871,0.1457,0.0218,-0.0291,-0.2039,0.0374,0.2968
43763.14886,-0.1183,-0.0919,-0.1992,-0.7423,-0.0533,0.1896
43763.17902,-0.1079,0.0024,-0.0909,0.0106,-0.0093,0.5877
43763.2092,-0.2348,0.0402,0.0425,-0.1873,-0.1262,0.1427
43763.23935,0.0594,0.0605,-0.1564,-0.2486,-0.1125,0.2283
43763.2695,-0.3577,0.0607,-0.0267,0.2446,0.0395,0.2974
43763.29965,0.0143,0.1223,0.0246,0.3021,0.0951,0.084
43763.3298,-0.033,-0.0242,-0.1767,0.5491,-0.0208,0.1487
43763.35995,0.0669,0.1837,-0.0224,1.5023,0.5053,0.0191
43763.39014,-0.0101,-0.1512,0.184,0.5828,0.1606,-0.0018
43763.42029,0.0565,0.0699,-0.1449,0.1203,-0.1697,0.2069
43763.45044,0.0407,-0.2723,0.1935,0.7804,-0.2333,0.6426
43763.48059,0.0131,-0.1778,0.146,-0.4824,-0.267,0.0097
43763.51074,-0.082,-0.222,-0.0712,-0.2442,-0.4602,-0.0267
43763.54089,0.3557,-0.0556,-0.0238,0.1369,0.0227,0.003
43763.57108,-0.0017,-0.1826,0.0395,-0.2148,-0.0191,-0.2106
43763.60123,0.0002,0.069,-0.0076,0.0686,0.1033,-0.0275
43763.63138,0.3091,0.026,-0.1914,-0.5415,-0.0666,-0.2285
43763.66153,-0.3683,0.1226,-0.2367,0.1266,0.0222,0.0982
43763.69168,-0.0639,-0.0275,0.024,0.5505,0.1561,0.2121
43763.72186,-0.1338,-0.091,0.0974,-0.3948,-0.2155,-0.0936
43763.75201,0.0311,-0.0002,0.034,0.1218,0.137,-0.1544
43763.78216,-0.1072,0.047,0.2069,-0.1163,0.1008,-0.493
43763.81232,0.0534,-0.0506,0.1643,-0.1918,0.1361,-0.603
43763.84247,0.0083,-0.029,-0.0891,-0.5405,0.1659,-0.5016
43763.87262,0.0397,0.1201,-0.0587,0.1508,0.3192,-0.4365
43763.9028,0.2527,-0.2962,0.0364,-0.0122,0.2699,0.0475
43763.93295,-0.096,-0.1587,-0.073,-0.6166,0.015,-0.0664
43763.9631,0.1006,-0.1368,-0.0381,0.16,-0.0129,0.0392
43763.99325,0.2322,-0.3371,0.1678,-0.6362,-0.1594,-0.1769
43764.02341,-0.0445,0.0195,-0.2394,-0.8994,-0.0768,-0.2012
43764.05359,0.1494,-0.0664,0.0348,-0.3269,-0.0399,-0.2055
43764.08374,0.1466,0.0497,-0.2226,-0.6281,-0.1211,0.1796
43764.11389,-0.185,0.1912,-0.1079,0.0913,0.0599,0.2375
43764.14404,-0.0861,0.1358,-0.1381,-0.0937,0.0819,0.2642
43764.17419,-0.1217,0.0483,-0.2087,0.078,-0.0137,0.0572
43764.20434,-0.122,-0.1376,-0.0179,0.3738,-0.1445,0.4256
43764.23453,0.0557,-0.0564,0.0813,0.209,-0.012,0.3665
43764.26468,-0.0858,-0.0615,-0.0701,-0.1522,-0.2346,0.2072
43764.29483,0.3107,-0.0473,-0.4467,0.5018,0.0013,0.5691
43764.32498,-0.0921,-0.2306,0.017,0.3808,-0.2236,0.2646
43764.35513,-0.0142,-0.0573,0.1171,0.4801,0.2004,0.3471
43764.38528,0.2297,-0.0991,0.0088,0.1832,-0.1166,0.047
43764.41547,-0.0626,-0.1367,0.0974,0.0917,-0.1634,0.2529
43764.44562,-0.2086,-0.0147,-0.0496,0.0924,-0.2306,0.0621
43764.47577,0.1814,-0.1777,0.08,0.1288,-0.1994,0.3287
43764.50592,0.1676,-0.0111,-0.1135,-0.2297,0.0391,-0.1064
43764.53607,-0.0497,-0.0039,-0.1456,0.3214,0.1879,-0.2329
43764.56625,0.0255,-0.1244,0.0267,-0.0328,-0.0963,-0.2976
43764.5964,-0.3495,0.177,0.3491,0.3196,-0.0045,-0.3863
43764.62656,0.4063,-0.0655,0.1521,0.0432,-0.1347,-0.0271
43764.65671,-0.1616,0.0398,-0.0689,-0.5781,-0.2693,-0.2322
43764.68686,-0.0584,0.0724,-0.0393,0.1424,0.0814,-0.4832
43764.71701,0.4012,-0.1715,0.0218,-0.0545,0.1247,-0.2692
43764.74719,-0.0788,0.0913,-0.0507,-0.0141,0.1925,-0.5371
43764.77735,-0.12,-0.1631,-0.0309,0.4924,0.3042,-0.1901
43764.8075,0.1193,-0.2837,0.0381,-0.0738,0.0727,0.1978
43764.83765,-0.2179,0.1622,-0.0151,-0.2416,0.0185,-0.3954
43764.8678,0.2467,-0.5565,0.23,0.2149,-0.1741,0.4851
43764.89795,0.1397,-0.0332,-0.194,-1.079,0.1313,0.1264
43764.92813,0.6513,-0.1317,-0.1383,-0.3027,0.0636,-0.0443
43764.95828,-0.2233,-0.0648,-0.058,-0.561,0.1786,0.0247
43764.98844,0.1071,0.0963,-0.2723,-0.0746,0.3372,0.249
43765.01859,-0.0515,-0.0909,-0.1315,0.0022,0.1657,0.2863
43765.04874,-0.2746,0.0465,-0.0001,0.0034,0.151,0.0776
43765.07892,0.0912,-0.4643,-0.3232,0.1681,-0.4293,0.5088
43765.10907,-0.4164,0.1091,0.0733,-0.1094,-0.347,0.0395
43765.13922,0.311,-0.345,0.081,0.0125,-0.4886,0.3766
43765.16937,0.3762,0.0866,-0.2224,-0.5507,-0.2182,0.1137
43765.19953,0.1275,-0.1256,-0.4362,0.2415,0.0832,0.4849
43765.22968,-0.0591,-0.0039,-0.0403,0.3214,0.5385,0.7098
43765.25986,-0.0026,0.0413,0.0393,0.4246,0.0541,0.2282
43765.29001,-0.1019,-0.0513,0.2549,0.4666,0.0672,0.3172
43765.32016,-0.1227,0.005,0.1786,-0.1524,-0.3218,0.1391
43765.35031,0.4101,-0.228,-0.3503,-0.0401,-0.5446,0.1676
43765.38046,-0.3681,0.0644,0.1426,-0.1908,-0.4322,-0.4211
43765.41062,-0.0067,0.0482,0.0614,0.6928,0.016,-0.0209
43765.4408,0.1149,0.2275,-0.1254,-0.5088,-0.0475,-0.7278
43765.47095,0.109,-0.0929,-0.0748,0.5984,-0.1038,-0.0925
43765.5011,-0.0712,-0.052,-0.0337,0.5814,0.1241,0.0215
43765.53125,-0.3284,0.1256,0.0169,0.2125,-0.1333,-0.3724
43765.5614,-0.0159,-0.0697,0.305,0.8425,0.1237,0.0592
43765.59159,0.2916,0.0808,-0.223,-0.1728,-0.1562,-0.5025
43765.62174,0.7054,-0.1316,-0.0955,0.264,-0.0104,-0.749
43765.65189,-0.4317,-0.2228,0.2356,0.2464,0.015,-0.367
43765.68204,-0.3899,-0.2749,0.2509,0.2546,0.1701,-0.077
43765.71219,-0.0591,-0.2873,0.3869,-0.3029,-0.3292,0.417
43765.74234,0.0325,0.0223,-0.0628,-0.4176,0.0857,-0.0806
43765.77253,0.8429,-0.1914,-0.143,0.1028,0.4238,0.1044
43765.80268,-0.1269,0.0746,-0.0919,-0.1656,0.3262,-0.4636
43765.83283,0.0992,-0.128,0.085,0.0586,0.2477,-0.0446
43765.86298,0.2946,-0.051,-0.1673,-0.9131,0.0193,0.1407
43765.89313,-0.1913,0.2695,0.0581,-1.1291,-0.1007,-0.2915
43765.92328,-0.0694,-0.183,-0.1983,-0.034,0.1264,0.4549
43765.95346,-0.3982,0.1172,-0.1595,-0.8969,-0.4447,0.0346
43765.98362,-0.1738,0.1297,0.0018,1.2801,-0.1825,-0.1532
43766.01377,0.3423,-0.5134,0.1206,0.969,-0.2225,0.3114
43766.04392,0.2396,0.0529,-0.1441,-0.4161,0.0782,0.0819
43766.07407,0.3793,-0.1234,-0.1071,-0.3765,0.2244,0.2499
43766.10425,-0.211,0.1382,-0.3119,0.0734,0.7791,0.5188
43766.1344,-0.2535,0.0761,-0.0588,1.5711,0.575,0.5866
43766.16455,0.213,-0.1446,-0.059,0.6413,0.0347,0.4177
43766.19471,-0.1679,-0.3531,0.225,0.0845,-0.5986,0.655
43766.22486,-0.8074,-0.0836,0.4932,-0.0786,-0.4377,0.3437
43766.25501,2.2055,-0.2891,-0.3891,-2.193,0.5799,0.7796
43766.28519,-0.4509,-0.1814,-0.2765,-0.6773,-0.4046,-1.3703
43766.31534,-1.2157,0.1467,0.077,1.0616,0.7269,-0.0622
43766.34549,1.1714,0.0066,-0.1479,0.0897,0.6886,0.9524
43766.37564,-0.0369,-0.0813,-0.0643,-0.5574,-0.623,-0.3888
43766.4058,-0.3761,-0.0869,0.1077,0.6786,0.1068,0.4771
43766.43595,-0.0189,-0.2756,-0.1735,-0.8544,-0.519,-0.0579
43766.46613,-0.6672,0.3875,0.492,-0.8344,-0.6031,-0.4521
43766.49628,0.7666,-0.4106,-0.1493,1.0315,0.2063,0.5307
43766.52643,0.365,-0.1284,-0.2841,-1.2327,-0.4885,-0.8614
43766.55658,-0.3035,0.2265,-0.0201,0.3087,0.4266,-0.1531
43766.58674,-0.2914,0.0619,-0.0118,0.6957,0.7264,-0.2242
43766.61692,0.6031,-0.0931,-0.1248,0.2971,0.4134,0.5762
43766.64707,-0.091,-0.286,0.1567,-0.293,-0.1504,-0.156
43766.67722,-0.4605,-0.0289,0.1868,-0.0613,-0.0245,-0.1409
43766.70738,0.4326,-0.1437,0.0236,-0.3846,0.1513,-0.0042
43766.73753,0.4843,-0.4847,-0.1692,-1.6305,-0.7433,-0.6499
43766.76768,-0.099,0.0738,0.0035,-0.3191,0.3415,-0.5738
43766.79786,-0.1799,0.185,0.0448,-0.8214,-0.0931,-0.7061
43766.82801,-0.3047,0.2144,0.261,-0.2885,-0.0117,0.0247
43766.85817,0.0908,0.0114,0.187,-0.2671,0.0603,0.0969
43766.88832,-0.1235,-0.1559,-0.1745,-0.3435,0.0688,0.1621
43766.91847,-0.2269,0.0164,0.1855,-0.675,-0.0203,-0.1823
43766.94862,0.0011,0.2628,-0.068,0.5879,0.1852,-0.1866
43766.9788,0.4531,-0.7414,-0.097,-1.2157,-0.2147,-0.2764
43767.00895,-0.0068,0.2154,-0.0267,-1.9835,-0.2839,-0.2405
43767.0391,-0.1717,0.4003,0.014,-0.2224,0.0262,-0.1065
43767.06926,0.0048,-0.0945,-0.1503,0.5287,0.2503,0.0373
43767.09941,-0.2064,-0.1055,0.1091,-0.3852,0.0166,0.0077
43767.12959,-0.1045,0.1639,0.006,0.6721,0.2023,0.0864
43767.15974,0.4668,-0.5165,0.0116,-0.0771,-0.029,-0.095
43767.18989,-0.0764,-0.0182,-0.1036,-0.5622,0.0288,-0.4267
43767.22004,0.1953,0.0439,0.1128,0.0991,0.1434,0.0296
43767.25019,-0.0044,-0.178,-0.0609,-0.255,-0.0699,-0.2442
43767.28035,-0.0784,-0.1253,0.0281,0.0621,-0.0587,-0.0736
43767.31053,-0.1759,0.159,0.0112,-0.3106,-0.0113,-0.5155
43767.34068,0.4145,0.0099,-0.0655,0.3461,0.1502,-0.0364
43767.37083,-0.1404,-0.0754,-0.0825,-0.6026,-0.3525,-0.2339
43767.40098,-0.0423,0.2131,-0.0143,0.0513,-0.0627,-0.1047
43767.43113,0.0632,-0.1925,-0.0062,-0.204,-0.2057,-0.0964
43767.46128,-0.0941,0.0862,-0.1377,0.1832,0.1101,-0.1674
43767.49147,0.1236,-0.0613,0.1333,-0.4863,-0.0378,-0.4164
43767.52162,0.1094,-0.1682,-0.2106,-0.2429,-0.1846,-0.0343
43767.55177,0.0537,-0.0123,-0.1337,-0.3017,-0.0153,-0.0727
43767.58192,0.2686,-0.3318,-0.0078,-0.4006,-0.1565,-0.1295
43767.61207,-0.0378,0.0611,0.003,-0.1457,0.0981,-0.0438
43767.64225,0.1351,-0.0009,-0.1178,0.3726,0.3047,-0.0117
43767.6724,-0.0499,0.1872,-0.2753,1.1956,0.3433,0.0271
43767.70258,-0.1552,0.0547,-0.0867,1.6915,0.4899,-0.0492
43767.73273,0.0073,0.1055,0.1379,1.0213,0.431,-0.1896
43767.76288,0.152,-0.0072,0.1773,0.208,-0.2027,0.133
43767.79303,-0.0318,-0.0015,0.2593,-0.032,-0.1581,-0.1472
43767.82321,0.0958,-0.3175,0.3557,-0.7922,-0.6439,0.2097
43767.85337,0.0112,-0.1085,-0.0554,-1.0906,-0.3313,-0.0151
43767.88352,0.1484,-0.1793,-0.1323,-0.3666,-0.2165,0.0445
43767.91367,-0.057,0.0122,-0.1501,-0.6374,0.1586,-0.1285
43767.94382,0.0096,-0.1235,0.0843,0.6454,0.3132,0.2904
43767.974,-0.0293,0.0963,-0.2978,1.1722,0.5844,0.0824
43768.00415,0.1873,-0.2924,0.0344,1.0866,0.1825,0.1937
43768.0343,-0.0737,0.0139,-0.0136,-0.1408,0.111,0.0932
43768.06446,0.1957,-0.1318,0.0123,-0.1602,-0.0691,0.0576
43768.09461,0.0581,-0.0938,0.0324,-1.8477,-0.3315,-0.2524
43768.12476,-0.0283,-0.169,-0.073,-2.2322,-0.8939,-0.0422
43768.15494,-0.224,0.2078,-0.1033,-2.2688,-0.7121,0.1228
43768.18509,0.239,0.0992,0.1668,-0.8437,-0.356,-0.0128
43768.21524,-0.1114,0.0382,0.0044,0.4803,-0.1483,0.1092
43768.24539,-0.0017,-0.0865,0.0079,-0.0656,-0.0528,-0.062
43768.27555,0.1672,-0.0719,0.0342,0.2854,0.0638,-0.0221
43768.3057,-0.0096,-0.0243,0.0952,-0.0378,0.0444,-0.0805
43768.33588,-0.0257,0.1522,0.0191,0.5344,0.1859,0.0818
43768.36603,0.0173,-0.0914,0.0037,1.1863,0.3013,0.2535
43768.39618,-0.06,-0.0303,0.0182,0.9481,0.3728,0.1083
43768.42633,0.0525,-0.0817,-0.0592,1.2054,0.3472,0.0806
43768.45648,-0.0455,-0.0828,-0.185,0.7783,0.22,-0.0813
43768.48667,0.1287,0.0872,0.0393,1.1114,0.5148,-0.0113
43768.51682,-0.0347,-0.2327,0.0838,0.6664,-0.0118,-0.1698
43768.54697,-0.187,0.2296,0.0894,0.505,0.2256,-0.2634
43768.57712,0.48,-0.1677,0.1759,0.3351,-0.0858,-0.2146
43768.60727,-0.1114,-0.1052,-0.0204,-0.7534,-0.4808,-0.2618
43768.63742,-0.1191,0.0398,0.0841,0.1079,0.0046,0.0146
43768.66761,0.2537,-0.183,0.0134,0.3661,-0.1287,-0.0374
43768.69775,-0.0448,-0.0707,0.0472,0.3112,0.0972,-0.0732
43768.72791,-0.1245,-0.1031,0.0018,0.0196,0.0497,-0.1263
43768.75806,0.1714,-0.0906,0.0628,0.3497,0.1514,-0.2385
43768.78821,0.1198,-0.3539,-0.0467,0.2429,-0.0905,-0.0672
43768.81836,0.0347,0.2315,0.0247,0.0648,0.2152,-0.3069
43768.84854,0.3132,-0.2515,0.1536,0.1997,0.3554,-0.2885
43768.87869,-0.0646,-0.3686,0.329,-1.7378,-0.0651,-0.2396
43768.90884,0.0993,0.122,-0.1205,-0.4433,0.4123,-0.3606
43768.939,-0.0604,-0.064,-0.1783,0.1562,0.1318,-0.0357
43768.96915,0.0637,-0.1516,-0.2881,0.0659,0.1241,-0.2551
43768.99933,-0.018,-0.1396,-1.27,0.4544,-0.1805,-0.1917
43769.02948,0.2464,0.0475,-0.0439,-0.3329,-0.1943,-0.4495
43769.05963,0.1009,-0.3865,0.0421,1.3086,0.8379,0.0983
43769.08978,0.5628,0.0889,0.2005,-0.3139,-0.0722,-0.0132
43769.11993,-0.2488,0.1679,-0.0231,-0.3264,-0.3597,-0.1363
43769.15009,-0.0493,-0.021,-0.0561,0.232,0.0074,-0.4986
43769.18027,-0.171,-0.1555,-0.0129,-0.08,-0.1097,-0.3384
43769.21042,0.0181,0.0757,-0.0824,-0.182,0.428,-0.3377
43769.24057,0.1611,0.0411,0.1502,0.0185,-0.0554,-0.0565
43769.27072,0.2837,-0.2537,0.1459,-0.4953,-0.1485,-0.1477
43769.30087,-0.1942,-0.0289,-0.091,-0.9075,-0.3602,0.0352
43769.33102,0.3478,-0.2498,-0.1469,0.0107,0.1262,-0.222
43769.36121,0.1578,-0.1796,-0.0215,-1.0531,-0.2716,-0.1911
43769.39136,0.0157,-0.0384,-0.1356,-0.4587,0.0389,-0.4147
43769.42151,-0.0362,0.0907,0.0924,-0.8065,-0.0384,-0.265
43769.45166,0.2177,0.0993,-0.1103,-0.509,-0.1093,-0.2448
43769.48181,-0.0413,-0.0877,-0.0823,-0.6072,-0.2595,-0.0642
43769.51199,0.1363,0.0755,-0.3035,0.0784,0.0632,-0.4342
43769.54215,-0.0951,-0.2547,-0.0579,0.0158,-0.3093,-0.2542
43769.5723,0.0901,0.0222,-0.0573,0.221,0.0585,-0.4693
43769.60245,0.2594,-0.0725,-0.0334,-0.1994,-0.2097,-0.3082
43769.6326,-0.028,0.0669,0.1198,-0.8199,-0.026,0.1426
43769.66275,0.1532,-0.0987,-0.0352,-0.2187,-0.011,0.1884
43769.69293,0.0104,-0.0626,-0.2013,-0.0506,0.1912,0.0244
43769.72308,0.04,-0.218,0.0215,0.1257,0.2901,0.1141
43769.75324,-0.3634,0.2661,-0.0766,-0.3666,0.077,0.2317
43769.78339,0.4944,-0.022,0.1217,0.1515,0.3137,0.0887
43769.81354,-0.3886,-0.1779,0.0809,-0.8718,-0.1872,0.8344
43769.84369,0.2507,-0.0022,-0.163,0.1079,0.2392,0.4046
43769.87387,0.3873,-0.3096,-0.098,-0.3102,-0.3767,0.3236
43769.90402,-0.2888,-0.0345,-0.1429,-0.5902,-0.4216,0.5411
43769.93417,0.1636,-0.0068,-0.069,0.0903,-0.0487,0.3415
43769.96433,0.1224,-0.0634,-0.0878,0.177,-0.0873,0.306
43769.99448,0.1393,-0.0527,0.033,0.311,-0.1817,0.2691
43770.02466,-0.0657,0.0094,0.0212,0.1522,-0.2487,0.1743
43770.05481,0.0676,0.2042,0.0812,0.3082,-0.0424,-0.1256
43770.08496,0.1384,0.0335,-0.0979,0.2841,-0.1515,-0.243
43770.11511,-0.0384,-0.0109,-0.1203,0.1758,-0.2843,-0.2837
43770.14526,-0.1735,-0.0196,-0.0499,0.6123,0.0155,-0.2167
43770.17542,0.025,-0.0004,-0.1545,1.0017,0.0781,-0.2703
43770.2056,0.1386,-0.0843,-0.0259,0.2751,-0.0913,-0.3067
43770.23575,-0.1136,0.1037,0.0981,0.332,0.2153,-0.0263
43770.2659,0.1496,-0.0745,0.0856,0.4399,0.2077,0.0754
43770.29605,-0.1422,-0.0315,-0.0242,0.1595,0.0298,0.0512
43770.3262,0.0894,-0.1143,0.1114,0.164,0.0775,0.2634
43770.35638,-0.1012,-0.0616,-0.0801,0.0437,0.0539,0.3657
43770.38654,0.2728,0.1132,-0.0317,0.3886,0.1601,-0.1143
43770.41669,-0.0972,-0.0142,-0.0091,-0.1939,-0.0557,-0.1777
43770.44684,-0.2385,0.1896,0.0675,0.2358,0.2416,-0.2241
43770.47699,0.3076,0.1328,0.3521,0.4477,0.4161,-0.2835
43770.50714,0.0385,-0.119,0.1997,-0.1992,0.1491,0.0239
43770.53732,0.0859,-0.1881,-0.0402,0.3834,0.0984,0.1697
43770.56747,0.2165,-0.4065,-0.1871,-0.0433,-0.0089,0.0667
43770.59763,0.0925,-0.1017,-0.0929,-0.0189,0.0691,0.3861
43770.62778,0.0502,-0.0168,0.0823,-0.1555,0.2235,0.3839
43770.65793,0.2569,-0.0247,0.0725,0.0536,0.1956,0.2524
43770.68808,0.0529,-0.043,-0.0089,-0.6368,-0.1514,0.2446
43770.71827,-0.0396,0.0127,-0.0902,-0.3763,-0.1485,0.1027
43770.74842,-0.019,0.0649,0.1008,-0.2315,0.0525,-0.0325
43770.77858,-0.0165,0.1186,0.1089,-0.1884,-0.0527,-0.153
43770.80873,0.2337,0.1118,-0.0818,-0.0724,0.018,-0.4369
43770.83888,-0.1795,-0.0172,0.1912,-0.7272,-0.1075,-0.1969
43770.86906,0.0742,0.1094,-0.0111,0.3094,0.3386,-0.2522
43770.89921,0.3081,-0.1195,0.1573,-0.6052,-0.324,-0.1727
43770.92936,-0.2459,-0.0777,-0.0943,-0.3401,0.0552,-0.0465
43770.95951,0.3732,0.0148,-0.0562,0.2235,0.2494,-0.0957
43770.98967,0.075,-0.1141,-0.2286,-0.455,-0.2645,-0.0715
43771.01982,-0.186,-0.1464,-0.1307,0.3261,0.0885,-0.0636
43771.05,0.0142,0.0063,-0.2125,0.9239,0.3591,-0.0651
43771.08015,0.0619,0.0137,0.0141,0.9585,0.4508,-0.2409
43771.1103,0.0959,-0.0149,0.1183,0.6318,0.1265,-0.218
43771.14045,-0.0301,0.0948,0.1287,0.6919,0.0934,-0.262
43771.1706,0.263,-0.1103,0.197,0.3454,-0.0291,-0.2228
43771.20076,0.1317,-0.1563,0.119,-0.2559,-0.2838,-0.0329
43771.23094,0.1562,-0.0592,0.0869,-0.1158,-0.0808,0.0126
43771.26109,0.2338,-0.2005,0.1123,-0.456,-0.0871,0.2389
43771.29124,-0.0043,0.0604,-0.1531,-0.2107,0.2462,0.046
43771.32139,0.1319,-0.0724,-0.1152,0.1011,0.1075,-0.1964
43771.35154,-0.1355,-0.1461,-0.0537,-0.2237,0.0519,0.0466
43771.38173,-0.0016,0.0691,-0.0224,0.1784,0.2087,-0.0533
43771.41188,0.061,0.0123,0.1215,0.1453,0.1927,-0.0203
43771.44203,0.1348,0.061,0.1069,-0.3139,0.1403,0.1488
43771.47218,-0.1015,0.0611,0.0616,-0.1575,0.2024,0.1805
43771.50233,0.2784,-0.0537,0.0781,-0.054,0.0625,0.1079
43771.53248,-0.1607,-0.0946,-0.1312,-0.4149,-0.14,0.2963
43771.56266,0.1832,0.0231,0.0076,0.2681,0.1882,0.0772
43771.59282,-0.0074,0.134,0.073,-0.3808,0.1324,-0.0653
43771.62297,0.0705,0.0403,-0.0133,-0.0759,0.0099,-0.1749
43771.65312,0.1001,-0.0666,-0.0624,0.0321,-0.0877,-0.0172
43771.68327,-0.0091,-0.1028,-0.0269,0.2052,-0.0884,0.1274
43771.71344,0.1544,0.0399,0.0376,0.4573,-0.0089,0.0353
43771.74362,-0.038,-0.0306,0.0093,0.5551,-0.2138,-0.2249
43771.77377,0.0304,0.0062,0.0815,0.5419,-0.2228,-0.3117
43771.80392,-0.0086,0.1184,0.0902,0.4432,-0.0512,-0.1929
43771.83407,0.1042,0.0501,-0.0196,0.3408,-0.035,-0.2966
43771.86423,-0.0627,0.046,0.0213,0.3231,0.0091,-0.3412
43771.89441,-0.0488,-0.119,0.1354,0.4867,-0.0378,0.0244
43771.92456,0.0885,0.0218,0.0669,0.3166,0.109,-0.0934
43771.95471,0.1115,-0.1474,-0.0441,0.2347,-0.1701,0.0135
43771.98486,0.0608,0.0247,0.0634,0.1087,0.151,0.0061
43772.01501,-0.0528,-0.0821,0.1492,0.2086,0.1323,0.0114
43772.04517,0.1637,0.2269,0.0103,0.1332,0.3961,-0.252
43772.07535,-0.0956,0.0233,0.0457,0.5852,0.5292,-0.367
43772.1055,-0.1945,0.0006,-0.1068,0.3896,0.3617,-0.2519
43772.13565,0.1863,0.0751,0.0798,1.0896,0.702,-0.196
43772.1658,0.0302,-0.1267,0.1759,0.3419,-0.0842,0.21
43772.19595,0.0009,-0.0158,-0.0262,0.1776,0.1524,0.2329
43772.22613,0.1584,-0.0629,-0.0502,0.3132,-0.1643,0.2158
43772.25629,0.002,-0.1253,-0.3421,0.2992,0.1001,-0.1898
43772.28644,-0.4249,0.2458,-0.1405,0.3821,0.883,-0.5871
43772.31659,0.091,0.1948,0.2332,1.448,1.0423,-0.3962
43772.34674,-0.1185,0.2274,0.4374,1.6445,0.8661,-0.2144
43772.37689,0.3412,0.1559,0.4312,0.9284,0.6301,-0.0321
43772.40707,0.2773,-0.1314,0.2461,-0.5505,-0.2625,0.0214
43772.43722,0.1495,-0.1207,0.1119,-0.5274,-0.3375,-0.1235
43772.46738,0.0069,-0.0025,-0.1143,0.0095,0.0684,-0.3669
43772.49753,-0.1573,-0.0877,0.0581,-0.2753,0.2119,-0.0399
43772.52768,0.0096,-0.0093,-0.1373,0.5689,0.726,-0.2286
43772.55783,-0.0503,0.1071,0.0912,0.8286,0.9825,-0.283
43772.58801,0.1213,0.3544,0.2672,0.8626,1.124,-0.5451
43772.61816,0.2121,0.1099,0.5742,0.1442,0.298,-0.1168
43772.64831,0.1766,-0.1879,0.0449,-0.2345,-0.4078,0.1309
43772.67847,0.0104,0.0056,0.0066,-0.253,-0.327,0.0309
43772.70861,-0.0889,-0.0069,-0.0253,0.0656,0.3087,-0.4024
43772.73879,-0.147,0.1298,0.0006,0.1568,0.6159,-0.4
43772.76894,-0.0423,0.1769,0.4628,0.6268,0.8936,-0.4252
43772.79909,0.3282,0.4089,0.4996,-0.0205,0.6945,-0.2007
43772.82924,-0.0252,-0.0121,0.3583,-0.5507,-0.1272,0.4107
43772.8594,-0.0082,-0.0589,0.0296,-0.2683,0.0267,0.1876
43772.88955,0.1101,-0.0614,-0.0434,0.2073,0.2041,-0.0158
43772.91973,0.0228,-0.1255,-0.0887,0.1598,0.2624,-0.0871
43772.94988,0.1171,0.0459,0.119,0.1106,0.0615,-0.0277
43772.98003,-0.0644,0.0012,0.1111,0.2153,0.2084,-0.1923
43773.01018,-0.1465,0.0626,-0.0031,0.3464,0.2196,-0.2038
43773.04033,-0.112,0.0762,0.0595,0.39,0.5755,-0.2792
43773.07052,0.1583,0.2912,0.1494,0.8192,0.7829,-0.4546
43773.10067,0.0208,-0.0044,0.1427,0.6394,0.4712,-0.5074
43773.13082,-0.2109,0.183,0.0954,0.8936,0.5989,-0.4644
43773.16097,-0.096,0.1837,0.2196,1.2869,0.7125,-0.4898
43773.19112,0.2619,0.0743,0.2017,1.3204,0.4005,-0.4857
43773.22127,-0.0612,0.0774,0.3257,0.3774,0.1667,-0.3004
43773.25145,-0.1314,0.4198,0.21,0.2175,0.437,-0.366
43773.28161,0.4239,0.1366,0.1883,0.6139,0.2826,-0.4051
43773.31176,-0.145,-0.249,0.1204,-0.0311,0.2135,-0.3049
43773.34191,-0.1108,0.1125,-0.2776,0.6615,0.8802,-0.192
43773.37206,-0.0254,0.1486,0.107,1.0581,0.8371,-0.2528
43773.40221,-0.4071,0.3077,0.289,0.9713,0.5045,-0.1217
43773.43239,-0.1793,0.096,0.2382,0.8953,0.4848,0.1722
43773.46254,0.1689,0.7563,0.2276,0.3082,0.8086,-0.7535
43773.4927,1.1213,-0.1079,0.5663,0.2788,0.1836,-0.8726
43773.52285,-0.4274,0.34,0.0005,-0.3079,-0.044,0.0747
43773.553,-0.2501,0.244,0.2653,1.2476,0.6732,-0.3265
43773.58318,0.4396,0.2204,0.159,0.5559,0.2402,-0.0814
43773.61333,0.0877,0.3046,0.2818,0.3044,0.2305,-0.7043
43773.64348,0.0395,0.1844,0.0085,0.4899,0.3607,-0.825
43773.67364,0.281,0.0046,0.386,0.0889,-0.0701,-0.6437
43773.7038,-0.087,-0.1256,-0.1373,0.0185,0.0398,-0.7393
43773.73395,-0.183,0.0611,-0.5245,-0.0837,-0.1,-0.8431
43773.76413,-0.6136,-0.134,0.2677,0.9042,0.4652,-0.9403
43773.79428,1.64,0.3188,-0.0799,0.3183,-0.1542,-1.1757
43773.82443,-0.2548,-0.5581,-0.0147,-0.1702,-0.7639,-0.6792
43773.85459,-0.2819,0.1903,0.0078,-0.1994,0.9655,-0.5326
43773.88474,0.6294,-0.0615,0.0299,0.3145,-0.0848,-0.0221
43773.91489,-0.0989,-0.0401,-0.1066,-0.7041,0.3759,-0.4842
43773.94507,-0.2152,0.0846,-0.008,0.526,0.8297,-0.3808
43773.97522,0.3226,0.0301,0.1776,0.7951,0.9081,-0.474
43774.00537,0.2919,0.0064,0.2138,0.4065,0.2523,-0.1906
43774.03552,0.3643,0.3349,0.1822,0.2366,0.4251,-0.3543
43774.06568,0.148,-0.109,0.2082,-0.7258,-0.2322,-0.5711
43774.09586,-0.2369,0.0862,-0.0549,-0.9784,-0.304,-0.3484
43774.12601,0.1092,0.2497,-0.003,0.0055,0.278,-0.7354
43774.15616,0.4143,-0.0938,0.1614,-0.5103,0.2558,-0.7116
43774.18631,-0.3122,0.3215,0.2314,-0.5594,0.5575,-0.2677
43774.21646,0.1861,0.2658,0.2293,1.1995,0.8776,-0.1849
43774.24661,0.2602,-0.1221,0.2299,-0.1929,-0.0928,-0.0635
43774.2768,-0.0831,-0.0341,0.1442,-0.1542,0.1353,-0.1783
43774.30695,0.102,0.1822,-0.086,0.1461,0.2787,-0.4475
43774.3371,-0.0118,0.0304,0.0265,0.4956,0.4312,-0.6673
43774.36725,-0.1415,0.224,0.4023,0.5962,0.4803,-0.3962
43774.3974,0.0059,0.1505,0.2681,0.9219,0.579,-0.2089
43774.42758,0.1106,0.1661,0.2016,0.7902,0.4714,-0.3308
43774.45774,0.196,0.0613,0.1732,0.4544,0.1963,-0.3097
43774.48789,0.152,0.0043,0.2024,-0.1454,0.0261,-0.315
43774.51804,0.238,0.2345,0.0653,-0.1631,0.3408,-0.7447
43774.54819,0.1313,-0.0096,0.2845,0.0621,0.4769,-0.4825
43774.57834,0.3834,-0.0819,0.1251,-0.0097,0.7509,-0.3543
43774.60852,0.1285,-0.047,0.1799,-0.9229,0.4064,-0.0864
43774.63867,0.541,-0.0902,0.0941,-0.3438,0.5503,-0.1263
43774.66883,0.5879,-0.6236,0.3159,-1.1074,-0.0479,0.2694
43774.69898,0.3572,-0.3042,-0.1721,-0.879,0.1495,-0.0316
43774.72913,0.0363,0.058,0.2529,-1.075,0.4736,-0.2829
43774.75928,-0.4232,-0.1169,0.1407,-1.1918,0.2172,0.4713
43774.78946,0.2208,0.9276,-0.235,0.6728,0.7079,-0.6372
43774.81961,1.3041,-0.4752,0.4579,0.0386,-0.5187,-1.2654
43774.84976,-0.3236,0.2769,0.0051,-1.993,-1.0936,-0.715
43774.87992,-1.1989,-0.2192,-0.2532,-0.3056,0.9305,0.0103
43774.91007,0.493,0.8968,0.0587,1.7292,1.3652,0.3296
43774.94025,0.0618,-0.9627,0.1667,-0.0244,0.0934,0.5852
43774.9704,0.4481,-0.1952,-0.0675,-1.7192,-0.8843,1.0784
43775.00055,-0.118,-0.3259,0.1607,-1.2599,-0.6238,1.0831
43775.0307,0.0664,0.0748,0.3296,-0.307,0.3233,0.5962
43775.06086,0.5022,-0.4015,0.4399,-1.009,-0.2704,0.2636
43775.09101,-0.3018,0.2262,0.022,-0.9789,0.271,-0.0746
43775.12119,-0.2039,0.0803,-0.0619,0.1333,0.512,-0.342
43775.15134,-0.1236,-0.0511,0.1368,0.0894,0.1863,-0.152
43775.18149,0.3439,-0.0036,0.0677,0.9166,0.5691,-0.1619
43775.21164,1.0416,0.3787,0.2257,0.6274,0.4914,-0.3308
43775.24179,0.2492,0.2784,-0.5921,-1.6748,-0.9203,-1.1497
43775.27198,-0.3526,-0.8431,-0.1702,1.9029,0.3106,0.1144
43775.30213,0.7889,-0.043,0.6079,1.0765,0.4445,0.9754
43775.33228,0.1433,0.0113,0.4645,-0.5157,-0.5653,0.7358
43775.36243,-0.3923,0.3518,0.0786,-0.8994,-0.4207,0.7867
43775.39258,-0.3314,-0.0432,0.2488,1.4438,0.7915,0.2415
43775.42273,0.3735,0.2655,0.0917,0.0999,-0.327,0.1084
43775.45291,0.2925,0.1449,0.3571,1.1744,0.9227,-0.5344
43775.48307,-0.2479,-0.1123,0.0819,0.1244,-0.4521,-0.054
43775.51322,0.3767,0.6431,0.0778,0.617,0.1622,-1.2799
43775.54337,0.0434,-0.4975,0.3534,0.7132,-0.2331,-0.0067
43775.57352,-0.1147,0.6495,0.0874,-0.8433,-0.9472,-0.5713
43775.60367,-0.2491,-0.0424,0.0379,0.8874,-0.2649,-0.9982
43775.63385,0.2916,0.0186,-0.2298,1.3897,-0.3319,-0.5863
43775.664,0.214,-0.5424,0.2312,0.8971,-0.7174,-0.2336
43775.69416,-0.1325,-0.184,-0.1923,-0.48,-1.374,-0.5708
43775.7243,0.9818,0.14,-0.006,0.3992,-1.3768,-0.4616
43775.75445,-0.5051,-0.5794,0.1373,-0.8912,-1.1388,-0.1396
43775.78464,1.021,0.4579,0.2041,0.9546,-0.4536,0.0561
43775.81479,-0.0417,-0.0439,0.2553,-0.7248,0.1175,0.0187
43775.84494,-0.1601,0.3075,0.1098,-0.2704,1.4908,-0.4571
43775.87509,-0.0146,-0.1013,0.0831,-0.9473,1.446,-0.1225
43775.90524,-0.2691,0.1541,0.1088,-0.6109,1.5007,0.2591
43775.93539,-0.2027,-0.1253,-0.0775,-0.1561,1.3377,0.1857
43775.96557,-0.3013,0.0243,-0.4386,-0.8128,0.9869,0.085
43775.99573,0.2677,0.3329,-0.3717,1.642,0.9052,-0.1564
43776.02588,0.3846,-0.9691,0.3518,0.4693,-0.0687,0.0199
43776.05603,0.9305,0.1763,0.0501,0.1916,-0.3343,0.4999
43776.08618,-0.212,-0.0751,0.1698,-0.8772,-0.4358,0.1427
43776.11633,0.3935,0.3557,0.0553,-0.0809,0.2196,-0.2247
43776.14651,0.1092,-0.3547,0.3301,-0.5583,-0.4427,-0.027
43776.17666,-0.1343,0.351,0.1596,-0.4705,0.0534,0.1661
43776.20682,0.5159,0.2712,0.0062,-0.4343,0.269,-0.3435
43776.23697,-0.0412,-0.5718,0.1943,-1.5215,-0.9272,-0.1966
43776.26712,0.026,0.097,-0.0853,-0.399,-0.1476,-0.0182
43776.2973,0.3478,-0.0584,0.0483,-0.6568,-0.6515,-0.3581
43776.32745,0.3461,-0.2714,0.0559,-0.8555,-1.047,-0.3378
43776.3576,-0.1633,-0.2862,-0.0383,-0.1988,-1.0599,-0.1413
43776.38775,0.2949,-0.0075,-0.0525,0.251,-1.0714,-0.6692
43776.41791,0.3999,-0.377,0.1107,-0.1049,-1.6806,-0.6753
43776.44806,-0.0687,0.0767,0.0097,-0.0703,-1.0883,-0.797
43776.47824,-0.1375,-0.1451,0.1448,-0.0837,-0.7123,-0.4605
43776.50839,0.4789,0.2879,0.0148,-0.5782,-0.4475,-0.2517
43776.53854,-0.3127,-0.0443,-0.1753,-1.3081,0.035,-0.1806
43776.56869,-0.1234,0.2852,-0.1221,0.0218,0.2885,-0.0561
43776.59884,-0.0536,-0.0931,0.0443,-0.0693,0.2869,0.4272
43776.62903,0.055,0.2427,0.1289,-0.4916,0.396,0.5451
43776.65918,0.1461,-0.0389,-0.0524,-0.0325,0.3972,0.5276
43776.68933,0.5154,0.1044,0.0138,0.1565,0.6145,0.4653
43776.71949,0.4277,-0.2248,0.1535,-0.3458,0.6597,0.4596
43776.74964,-0.1439,0.0903,0.0653,-0.5569,-0.453,0.7398
43776.77979,0.3175,0.0404,0.1485,0.6518,-0.1272,0.685
43776.80997,-0.2679,-0.0497,-0.0179,0.368,0.2387,0.4552
43776.84012,-0.1767,-0.2041,0.0188,0.3061,0.3696,0.5845
43776.87027,0.4318,0.2332,0.0653,0.29,0.6579,0.0978
43776.90042,-0.1686,-0.0508,0.3876,0.6138,0.4035,0.3894
43776.93058,0.2168,0.0294,0.0264,0.3014,-0.0402,0.037
43776.96073,0.2999,-0.1143,0.0778,0.7382,0.0045,-0.099
43776.99091,0.1597,-0.3398,0.0963,0.6129,-0.5148,0.0242
43777.02106,0.2901,-0.067,-0.0715,0.086,-1.0916,-0.2289
43777.05121,-0.1288,-0.1838,0.1252,0.8221,-1.0764,-0.6439
43777.08136,0.2073,0.2112,0.2452,0.7382,-1.3362,-0.8695
43777.11151,-0.209,-0.0847,0.1189,0.1917,-1.0509,-0.3322
43777.1417,-0.4616,-0.0637,-0.0516,-0.2159,0.0083,-0.6403
43777.17185,-0.1352,-0.2731,-0.1981,-0.4845,1.0263,-0.6309
43777.202,-0.2002,0.1332,-0.2184,-0.5147,1.3944,0.1087
43777.23215,-0.042,-0.048,-0.422,0.0282,1.8811,-0.5715
43777.2623,0.1327,-0.6365,-0.1288,-0.1298,1.234,0.1786
43777.29245,0.3841,0.4144,-0.0317,-0.0204,1.1511,0.3749
43777.32263,-0.1045,-0.0724,0.205,-0.0014,1.1031,0.1853
43777.35279,0.453,0.0411,0.1796,0.2733,1.4472,0.4417
43777.38294,0.2205,-0.3049,0.0157,-0.764,0.9958,0.3257
43777.41309,0.3271,-0.0282,0.1008,0.7891,1.153,0.6337
43777.44324,0.441,0.1612,0.3919,-0.0288,0.4016,0.6709
43777.47342,0.0889,0.0597,0.3628,0.1645,0.7984,0.595
43777.50357,-0.0263,0.3644,0.3152,0.3972,1.0844,0.3076
43777.53372,0.1043,-0.0994,0.4047,-0.505,0.3644,0.1556
43777.56388,-0.0562,0.0763,0.3169,0.3114,0.8273,-0.1758
43777.59403,0.1967,-0.0017,0.2058,0.4189,0.252,0.019
43777.62418,0.0303,0.0607,0.2144,0.3403,-0.0932,0.1051
43777.65436,0.1927,-0.1384,0.0056,0.0387,-0.202,0.1435
43777.68451,0.2961,0.1003,-0.0116,1.0511,-0.2131,0.6239
43777.71467,0.3376,-0.3211,0.0722,-0.0749,-1.2823,0.7952
43777.74482,0.1329,-0.153,-0.0661,0.1696,-1.2178,0.7158
43777.77497,0.5692,-0.1186,-0.1149,0.583,-1.291,1.0088
43777.80512,-0.0168,-0.1572,0.098,-0.1909,-1.0462,1.2107
43777.83531,0.3721,-0.1359,0.1681,0.235,-0.8584,1.0822
43777.86546,0.1772,0.3304,0.3081,-0.1778,-0.8662,1.6057
43777.89561,0.1554,0.1328,0.1588,-0.8102,-1.0435,1.7426
43777.92576,-0.0303,0.1997,0.0456,0.1499,-0.961,2.1595
43777.95591,-0.2677,-0.0038,-0.1835,-0.0909,-0.9391,1.4138
43777.98609,0.1803,-0.4208,0.5213,-0.0719,-0.0601,2.2376
43778.01625,0.2628,1.924,-0.0385,-3.2776,-0.1104,0.1367
43778.0464,-0.0266,-2.0048,1.1353,-0.0021,1.352,-0.9787
43778.07655,-0.8918,0.8681,-0.4736,-1.7933,0.6912,-0.2137
43778.1067,-0.074,-0.0853,0.0507,0.7397,0.7977,-0.7038
43778.13685,0.5559,0.0655,-0.1507,-0.4942,-0.2955,-0.5274
43778.16703,-0.0694,-0.7596,-0.3595,-0.4637,-1.0615,-1.0112
43778.19718,0.0274,-0.5512,-0.2912,1.4975,-0.3686,0.2265
43778.22733,0.3883,-0.1027,-0.0594,-0.3107,-1.3176,0.1657
43778.25749,0.3266,-0.5344,-0.0869,-0.0658,-1.2648,0.5729
43778.28764,0.1132,-0.0563,-0.103,-0.4598,-1.0836,0.5855
43778.31782,0.1624,-0.3974,-0.075,0.522,-0.7369,0.43
43778.34797,0.1879,-0.0277,0.0773,-0.2245,-0.5673,0.841
43778.37812,0.009,-0.0675,-0.0201,-0.163,-0.3141,0.459
43778.40827,0.2611,-0.0991,0.1218,0.074,-0.5256,0.4449
43778.43843,0.0554,-0.1075,0.0522,-0.5402,-0.8302,0.4365
43778.46861,0.0548,0.0132,-0.1332,0.2305,-0.7484,0.2691
43778.49876,0.0035,0.1095,0.069,0.494,-0.8873,0.2502
43778.52891,-0.1787,0.1405,-0.1246,0.4457,-0.4867,-0.0635
43778.55906,-0.1165,0.1365,-0.1217,1.2568,-0.3041,-0.3146
43778.58921,-0.0772,0.0504,0.094,0.858,-0.3947,-0.3917
43778.61936,-0.1162,-0.1226,-0.0789,0.6833,-0.1485,-0.666
43778.64955,-0.0434,0.065,-0.1286,1.1897,-0.1846,-0.7437
43778.6797,-0.0698,-0.0592,0.0633,1.059,-0.2668,-0.6621
43778.70987,0.162,-0.0931,0.0564,0.594,-0.5461,-0.7333
43778.74002,0.2773,-0.1382,0.0775,0.4844,-0.9072,-0.6345
43778.77017,0.0941,0.0418,0.109,0.3317,-0.347,-0.5963
43778.80036,0.0513,-0.0367,0.048,0.4813,-0.0683,-0.8614
43778.83051,0.1312,0.1924,0.1312,0.3581,-0.1441,-0.7873
43778.86066,0.1576,0.0524,0.0864,0.3017,-0.3609,-0.5782
43778.89081,0.0736,-0.0805,-0.1065,0.4399,-0.04,-0.5917
43778.92096,0.1207,-0.1451,-0.0185,0.3858,0.26,-0.689
43778.95114,0.0389,-0.167,-0.019,0.3436,0.061,-0.7729
43778.98129,0.0539,-0.0065,-0.0181,0.2278,-0.0639,-0.5376
43779.01144,0.0681,-0.1564,0.0159,-0.107,-0.2248,-0.3446
43779.0416,0.0765,-0.1217,-0.093,-0.369,-0.319,-0.2815
43779.07175,0.0718,-0.0615,0.0023,-0.266,-0.1325,-0.1387
43779.1019,0.1197,-0.0624,-0.0971,-0.4905,-0.4157,0.0578
43779.13208,0.0813,0.0089,0.0608,-0.2092,-0.7314,0.2847
43779.16223,0.0721,0.0664,0.0919,-0.5453,-0.6259,0.3899
43779.19238,0.1751,0.097,0.0212,-0.1598,-0.5639,0.4357
43779.22254,-0.0037,-0.0111,0.0805,-0.005,-0.3396,0.3125
43779.25269,0.0609,0.2215,0.1082,0.2187,-0.3954,0.2011
43779.28287,-0.0562,0.1481,0.075,0.1856,-0.6394,-0.1954
43779.31302,-0.4437,-0.0282,0.0122,-0.0409,-0.4137,-0.5801
43779.34317,-0.1541,0.4108,-0.1287,0.7361,-0.5529,-0.6037
43779.37332,-0.2017,-0.0762,0.1136,0.641,-0.7633,-0.2065
43779.40347,-0.2831,-0.0074,-0.083,-0.3009,-0.5184,-0.2208
43779.43366,0.0325,0.0919,-0.0613,-0.1388,-0.6761,0.4307
43779.46381,-0.358,0.053,-0.1823,-0.377,-0.3165,0.4951
43779.49396,-0.1693,0.0148,-0.0892,0.042,-0.0979,0.4106
43779.52411,-0.3998,0.1483,-0.0697,-0.061,-0.155,0.7266
43779.55426,-0.3137,0.2021,-0.1709,0.5342,0.4133,0.1049
43779.58444,-0.1405,0.1037,0.1628,0.6264,0.3831,0.4139
43779.61459,-0.3698,0.1161,-0.0006,-0.4637,0.3003,-0.017
43779.64475,-0.1611,-0.1069,0.132,0.0749,0.2494,0.3555
43779.6749,-0.1345,-0.1083,-0.0832,-0.6702,0.2801,0.1066
43779.70505,0.2203,0.2407,-0.1687,0.681,0.011,-0.0648
43779.73523,-0.0919,-0.3363,0.0536,0.5883,-0.0926,-0.3224
43779.76539,0.1018,-0.1721,-0.2112,-0.3522,-0.2396,-0.0145
43779.79554,0.204,-0.0631,0.0001,0.4045,-0.3084,0.3207
43779.82569,0.0361,-0.0496,0.0775,0.0358,-0.3928,0.5999
43779.85584,0.0716,-0.012,-0.0191,-0.5893,-0.5799,0.4137
43779.88602,0.0636,-0.0149,0.0755,-0.1142,-0.3796,0.3185
43779.91617,-0.0495,0.0197,0.0169,-0.2668,-0.3147,0.3038
43779.94632,-0.3992,0.0009,-0.1928,0.0208,0.0804,0.1039
43779.97648,-0.2805,0.2812,0.0341,-0.2827,0.1846,0.0604
43780.00663,-0.1968,-0.0671,-0.1713,0.4092,0.2986,0.4247
43780.03681,-0.5555,0.0352,-0.2965,0.0366,0.4434,0.2745
43780.06696,-0.0112,-0.1085,0.051,0.2569,0.5074,0.6154
43780.09711,-0.2811,0.163,-0.1365,-0.06,0.4913,0.5422
43780.12726,0.0529,0.0992,0.011,-0.3812,0.1116,0.1902
43780.15741,-0.2071,-0.0043,0.1258,0.142,0.4329,-0.3276
43780.1876,-0.1727,0.1398,-0.1176,-0.3845,0.0524,-1.2135
43780.21775,-0.1215,-0.0081,0.2671,0.5561,-0.2138,-1.21
43780.2479,-0.4106,0.3546,-0.0668,-0.2838,-0.2594,-2.1366
43780.27805,0.1133,-0.0089,0.0233,0.63,-0.1175,-1.453
43780.3082,-0.136,-0.1619,0.0495,-1.1104,-0.2312,-1.2615
43780.33838,-0.4264,0.2839,-0.2093,0.5893,1.2076,-0.717
43780.36853,0.3179,-0.3222,-0.0197,-0.2873,0.9685,0.232
43780.39869,0.1706,0.2588,-0.1688,0.1792,1.9163,0.8226
43780.42884,0.1711,-0.119,-0.0757,-0.3734,1.2031,0.6936
43780.45899,-0.2172,-0.3668,0.1852,0.3036,1.7126,1.8406
43780.48917,0.0023,0.1891,-0.1289,-0.6859,1.2383,1.0892
43780.51932,0.307,-0.2107,0.3892,0.6754,1.1828,1.251
43780.54947,0.0441,0.0947,0.1994,-1.4556,-0.3758,1.2002
43780.57962,0.0944,-0.1264,0.219,-0.5062,-0.1049,0.2355
43780.60978,0.2556,0.0104,0.2169,-0.7514,-1.5186,0.3615
43780.63996,-0.1779,-0.2395,0.0221,-0.4092,-0.9096,0.0692
43780.67011,-0.1969,0.3343,0.094,-0.5712,-1.2132,0.5641
43780.70026,-0.122,0.113,-0.1582,-0.4152,-0.8053,0.1352
43780.7304,-0.6027,0.1217,-0.3499,-0.6654,-0.2763,0.4383
43780.76055,-0.5355,0.3242,-0.2319,-0.2654,0.2433,0.2277
43780.79073,0.0172,0.0217,0.0618,-0.1266,0.3963,0.4109
43780.82088,-0.2953,0.2253,0.048,-0.5346,0.3764,0.4829
43780.85104,-0.1,0.0169,0.0184,0.5364,0.7834,0.3526
43780.88119,0.0689,-0.1111,0.0381,-0.0604,0.3211,0.0991
43780.91134,-0.1298,-0.3076,0.0745,-0.3427,0.4768,-0.4798
43780.94152,0.1668,-0.0986,-0.1262,-0.8259,-0.5482,-1.0143
43780.97167,-0.2347,-0.5018,-0.1628,0.1479,-0.6385,-0.9634
43781.00182,0.1473,0.5687,-0.1527,-0.8196,-0.8754,-0.4584
43781.03197,0.0212,-0.2111,0.116,0.8199,-0.1801,-0.5078
43781.06213,-0.0659,0.1704,0.0738,-0.8948,0.0345,0.7719
43781.09231,0.0815,0.1593,-0.1202,0.688,0.987,0.9629
43781.12246,0.0785,0.057,-0.0467,0.5604,1.3914,1.4503
43781.15261,0.3383,0.0021,0.3966,-0.586,0.9986,1.9154
43781.18276,0.075,0.1121,0.2209,-0.0178,0.8931,2.1196
43781.21291,0.2023,-0.3258,0.113,-0.5415,0.7533,1.1628
43781.24309,0.1888,-0.3279,0.2467,-0.8742,0.1082,0.9179
43781.27325,0.3758,-0.3576,0.1103,-1.0261,-0.5703,-0.2425
43781.3034,0.6593,0.03,0.0369,-2.0496,-1.301,-0.9541
43781.33355,0.2038,-0.2446,0.1994,-0.9127,-1.7537,-0.1666
43781.3637,-1.2839,0.6897,-0.0812,-0.7276,-1.4253,0.45
43781.39388,-0.3375,-0.2243,-0.1408,0.213,-0.5447,0.3262
43781.42403,-0.3579,0.3531,-0.1504,0.1115,-0.8041,1.2215
43781.45418,-0.9222,0.1052,-0.0811,-0.386,0.0187,0.6879
43781.48434,-0.5324,0.1479,0.3864,0.4282,0.5105,1.4981
43781.51449,-0.3954,0.2694,0.1255,-0.2158,1.3671,1.9721
43781.54467,-0.5844,0.0603,-0.0268,1.8184,1.9113,1.706
43781.57482,1.4476,0.2446,-2.2209,0.1059,5.388,-1.5356
43781.60497,-0.4211,-1.2692,0.7954,1.9318,-3.6498,-1.7066
43781.63512,-4.0579,-0.3992,0.9137,0.6352,1.4152,-1.1368
43781.66527,1.5393,0.3725,-0.6839,-0.625,-0.5343,-2.4856
43781.69546,0.5717,-0.3855,0.9281,1.2153,-3.6659,-1.8339
43781.72561,-0.8157,0.4502,-0.4267,-2.8547,-0.8016,-1.4658
43781.75576,0.1246,0.5631,0.2001,2.0544,-0.3896,-1.3805
43781.78591,-0.2054,-0.0508,0.1764,-0.7108,0.1741,-0.4825
43781.81606,0.4804,0.5233,-0.0299,0.1295,0.5104,0.7522
43781.84625,-0.3234,0.1651,0.0481,0.4808,1.3592,1.0253
43781.8764,0.0673,-0.0814,-0.0245,0.0922,1.9752,1.361
43781.90655,0.0937,0.0418,0.1501,0.5686,1.8631,1.8185
43781.9367,-0.0411,-0.2221,0.2084,-0.3552,1.3125,1.2699
43781.96685,0.0071,-0.1176,-0.0121,-0.349,0.5679,1.121
43781.99703,0.1787,-0.183,0.083,-0.4492,-0.4723,0.5216
43782.02718,0.3066,-1.0258,-0.0838,-0.5784,-1.0955,-0.1281
43782.05734,0.104,0.0281,0.0291,-0.3413,-1.0659,0.2457
43782.08749,0.4689,-0.7394,0.0317,-0.9791,-1.8437,-0.576
43782.11764,-0.2888,0.2795,-0.219,-0.3985,-1.3564,1.7654
43782.14782,-0.284,0.3088,-0.3593,0.6957,-0.7027,0.9642
43782.17797,-0.0694,-0.1268,-0.1377,0.7144,-0.7453,1.9201
43782.20812,-0.1866,0.4484,-0.1869,-4.8308,-1.2099,1.0378
43782.23827,-2.055,0.4399,0.3943,3.9768,2.0523,-1.3705
43782.26843,0.1945,2.035,0.4033,-3.653,-0.4484,-0.661
43782.29861,0.0452,-0.8476,-0.6387,2.6259,1.4232,0.6317
43782.32876,0.5877,0.4488,0.0522,0.0647,0.6965,0.0957
43782.35891,-0.1263,-0.7994,0.089,0.0291,0.3863,-0.803
43782.38906,-0.223,3.0973,1.6589,-6.6284,-0.7579,-4.2908
43782.41921,0.1445,-2.8388,-0.2921,5.4789,-0.9124,-1.8314
43782.4494,-0.6261,-0.5035,-0.2697,-0.4053,-0.6801,-0.2457
43782.47955,0.077,1.3167,0.2121,-4.167,-2.4173,-4.3375
43782.5097,0.963,-0.7593,-0.8974,4.2235,-0.4164,1.3334
43782.53985,0.0896,0.6469,-0.1198,-2.9276,-1.1766,0.7677
43782.57,-1.0525,0.1426,0.2941,2.2357,3.0566,-0.132
43782.60018,0.982,-0.1168,0.6043,0.4329,1.6639,1.1783
43782.63033,-0.0166,-0.0683,0.0754,0.1576,1.8438,1.6446
43782.66049,0.1274,-0.2528,0.2999,-0.1807,1.8654,1.6946
43782.69064,0.2078,-0.1387,-0.0529,-0.5133,1.1519,1.107
43782.72079,0.2393,-0.3385,0.0233,0.0836,0.2457,1.0806
43782.75098,0.2315,-0.5892,0.1259,-0.6493,-0.2942,0.5419
43782.78113,0.0437,-0.1888,0.0512,-0.9599,-1.515,0.4458
43782.81128,0.0219,-0.0312,0.2454,-0.7084,-1.592,-0.2122
43782.84143,0.0138,0.1184,0.0822,-1.0734,-1.6622,0.5055
43782.87158,-0.4463,0.6233,-0.0799,-1.2079,-1.2295,0.407
43782.90176,-0.2306,0.2709,-0.2059,0.016,-0.3304,0.2045
43782.93191,-0.0758,0.2548,-0.1261,-1.0791,0.0288,0.7962
43782.96207,-0.4196,0.2048,-0.1393,-0.3444,0.7348,0.9115
43782.99222,0.0469,0.1128,-0.0739,-0.0278,0.7942,1.0718
43783.02237,0.0042,-0.1651,-0.0425,0.3816,0.6372,1.4283
43783.05255,-0.1366,0.062,-0.0443,0.1913,0.6306,0.9393
43783.0827,-0.0243,-0.0562,-0.0706,-0.1878,-0.0559,0.0181
43783.11285,0.0896,-0.1312,-0.1247,-0.0537,-0.6393,-0.7006
43783.143,-0.1622,0.2352,0.1483,-0.2354,-1.2747,-1.405
43783.17316,-0.2359,0.2076,-0.0319,0.1604,-0.909,-2.5912
43783.20334,-0.2408,0.2853,-0.2297,1.0101,0.0036,-2.6282
43783.23349,-0.3236,0.2107,-0.0097,1.5213,0.5361,-1.7818
43783.26364,-0.3708,0.4441,-0.3716,0.3193,1.683,-0.7041
43783.29379,0.3317,0.1992,-0.0887,0.8004,2.4464,0.7985
43783.32394,0.0194,0.0256,0.0439,0.5904,2.5608,1.2708
43783.35412,0.0821,-0.1812,0.0076,1.6649,2.5411,1.8827
43783.38428,0.2966,-0.3626,0.182,0.4809,1.4687,1.931
43783.41443,0.3003,-0.5452,0.0521,-0.1178,0.214,1.1775
43783.44458,-0.0449,-0.4464,0.2031,-0.8459,-0.9699,1.295
43783.47473,-0.1366,-0.1181,0.3111,-1.2063,-1.5086,0.6381
43783.50491,0.2062,-0.0359,0.3392,-0.9848,-2.3028,-0.2596
43783.53506,-0.1298,0.0488,0.1044,-1.1061,-2.1756,-1.0107
43783.56521,0.4384,0.2032,0.0564,-1.1413,-1.482,-0.7264
43783.59537,-0.5263,0.2778,-0.2391,-0.6833,-1.164,0.3012
43783.62552,-0.2542,0.195,-0.1642,-0.4789,-0.4922,-0.3471
43783.6557,0.4574,0.0416,0.0722,-1.1839,-0.513,1.083
43783.68585,-0.4469,0.5288,-0.5086,-1.0159,-0.3095,1.1938
43783.71601,0.2738,-0.0471,0.0052,1.0371,0.8863,0.9177
43783.74616,0.0027,0.1037,0.0299,-0.2933,0.1016,1.6695
43783.77632,-0.637,0.1204,-0.1798,0.7706,0.9985,0.4358
43783.8065,0.3193,-0.0885,0.0922,1.0656,0.5927,-0.6183
43783.83665,-0.0789,-0.0733,0.1435,0.5348,-0.5564,-0.8992
43783.8668,-0.1996,-0.0088,0.1127,-0.2618,-1.0255,-1.9369
43783.89695,-0.0503,0.1236,-0.0093,-0.7254,-0.8598,-2.6101
43783.9271,-0.1297,0.1992,-0.0206,-0.6636,-0.6036,-2.3022
43783.95728,-0.1955,0.1876,-0.0218,-0.0949,0.4052,-1.6512
43783.98744,0.2641,0.3293,-0.0275,-0.2107,1.0438,-0.3919
43784.01759,0.0221,0.0358,0.008,0.4457,1.2071,0.6273
43784.04774,-0.056,-0.0682,-0.0121,0.6092,1.8932,1.4348
43784.07789,0.3069,-0.4409,0.0723,0.3718,1.7891,2.1771
43784.10807,0.252,-0.0882,0.0022,-0.8641,1.0011,1.8969
43784.13822,0.3604,-0.4645,0.0769,0.0802,0.553,1.7942
43784.16837,-0.1296,-0.069,0.2227,-0.6621,-0.6815,1.6546
43784.19853,-0.0225,-0.2196,0.1492,-0.7282,-1.032,0.3994
43784.22868,0.4112,-0.096,0.2203,-0.8084,-2.0529,-0.0532
43784.25886,-0.0481,-0.0379,0.3117,-0.8672,-2.2704,-0.8945
43784.28901,-0.2081,-0.106,-0.1078,-1.6085,-1.6724,-1.1584
43784.31916,-0.4239,0.7993,-0.2385,-0.7815,-0.7446,-0.0605
43784.34931,-0.0871,0.2566,-0.1955,0.7488,-0.0501,-0.8994
43784.37947,-0.3196,0.1688,-0.1845,-0.4024,-0.1536,0.2642
43784.40965,-0.4718,0.3237,-0.3488,-0.9094,0.5924,0.3825
43784.4398,0.0356,0.4702,-0.0372,1.1982,0.7371,0.9103
43784.46995,-0.3457,-0.1038,-0.0618,1.5197,0.9167,1.1388
43784.5001,-0.0977,0.0272,-0.0138,1.2043,0.7452,0.4847
43784.53025,0.0357,-0.0475,0.0394,1.552,-0.1577,0.1148
43784.56043,-0.0548,-0.2449,0.1249,1.3045,-0.8865,-0.7884
43784.59059,-0.0737,0.0343,0.0306,0.3937,-1.589,-1.6483
43784.62074,-0.3435,-0.1148,0.1799,-0.7064,-1.8924,-2.3258
43784.65089,-0.1829,0.4083,-0.2015,-1.2313,-1.1521,-2.7819
43784.68104,0.1901,0.3092,0.1404,1.3624,-0.4782,-1.8741
43784.71122,0.0643,0.0698,-0.0075,-1.5919,0.0089,-0.5394
43784.7414,0.1166,0.3141,-0.4257,1.0767,2.0062,0.3036
43784.77155,0.4,-0.2918,0.2527,1.4954,2.2538,0.6857
43784.8017,-0.0128,-0.3598,0.0501,-0.122,2.2395,1.6087
43784.83185,0.5003,-0.2278,0.1922,0.2445,2.6592,1.6689
43784.86204,0.1922,-0.5079,0.4583,-0.1594,0.9461,1.3037
43784.89219,0.2116,-0.35,0.2333,-1.5232,0.0899,1.2518
43784.92234,0.5375,-0.2616,0.3797,-1.5625,-1.3048,0.422
43784.95249,-0.2349,-0.1234,0.2743,-1.6067,-1.827,-0.044
43784.98264,-0.0181,-0.1172,-0.0418,-2.3398,-1.8211,-0.7498
43785.01282,0.2673,0.418,-0.0358,-1.2093,-1.3593,-0.4967
43785.04297,-0.4381,0.1126,-0.0568,-1.4394,-1.6778,0.3723
43785.07313,-0.651,0.4517,-0.4593,-1.282,-0.2859,0.2171
43785.10328,0.014,0.4925,-0.3505,0.4962,0.0206,0.4046
43785.13343,-0.1978,-0.3327,0.0546,0.5185,0.4086,1.1744
43785.16361,-0.3755,0.6212,-0.1595,-0.8716,0.3122,1.251
43785.19376,0.2609,-0.2939,0.1031,1.6262,0.9394,1.352
43785.22391,-0.0532,0.1678,0.1845,-0.2064,-0.2046,1.0683
43785.25406,-0.2821,-0.4209,-0.1126,1.135,-0.0409,0.2039
43785.28422,0.1595,0.0862,0.0265,0.109,-1.0284,-0.9375
43785.3144,-0.2067,-0.3247,0.0339,-0.1871,-1.7577,-2.061
43785.34455,-0.5019,0.1463,-0.1683,-0.9849,-1.3184,-2.3572
43785.3747,-0.1588,0.4843,0.0063,0.5344,-1.1508,-2.6342
43785.40485,-0.1803,-0.1424,0.0094,0.0972,-0.7654,-1.6329
43785.435,0.2428,0.3415,-0.1867,-0.832,0.344,-0.4033
43785.46519,-0.175,0.0732,-0.1417,1.665,2.1298,0.5716
43785.49534,0.3602,-0.2324,0.2995,-0.0465,1.8306,0.8602
43785.52549,0.1844,-0.2216,0.0424,0.2748,2.1586,1.7669
43785.55564,0.3944,-0.3031,0.176,-0.8613,0.9712,1.564
43785.58579,-0.0964,-0.3399,0.2132,-0.4124,0.8904,1.3469
43785.61597,0.4864,-0.2847,0.0614,-0.7048,0.0559,0.7884
43785.64612,0.215,-0.3263,0.3128,-1.1346,-1.1756,0.123
43785.67628,0.0017,-0.4444,0.2468,-1.2356,-1.581,0.1155
43785.70643,0.1616,0.0519,-0.1253,-2.2273,-2.0781,-0.5644
43785.73658,0.5019,0.2396,0.2757,-1.3169,-2.0147,-0.3028
43785.76676,-0.6208,-0.0299,-0.2881,-0.8185,-1.4986,0.2921
43785.79691,-0.2275,0.4098,-0.175,-1.1325,-0.6236,-0.0259
43785.82706,0.3346,0.2057,0.0798,-0.6884,-0.451,1.2081
43785.85722,-0.4245,-0.0506,-0.3026,-0.0111,0.3907,1.5265
43785.88737,0.084,0.2552,-0.1647,-0.289,0.8999,1.2765
43785.91752,-0.2696,-0.0504,-0.0139,0.536,0.7099,1.1456
43785.9477,-0.0874,0.0016,-0.1688,0.1425,0.3476,0.1477
43785.97785,-0.1835,-0.0917,0.1433,0.4126,-0.8467,-0.6769
43786.008,-0.2382,0.0081,-0.0393,-0.6085,-1.3688,-1.1067
43786.03815,-0.1203,0.1815,-0.1904,0.4026,-1.603,-2.1468
43786.06831,-0.2312,-0.2558,0.0253,0.6209,-1.2534,-1.8573
43786.09849,-0.2378,0.255,-0.1927,0.1464,-0.1535,-1.317
43786.12864,0.2006,-0.0169,-0.0829,1.6677,0.8446,-0.5407
43786.15879,0.3394,0.0776,0.1496,0.1927,0.7481,0.6043
43786.18894,0.2411,-0.0213,-0.0433,1.2886,1.7337,1.3136
43786.21909,0.3816,-0.1467,0.1639,0.7479,1.9744,1.8281
43786.24927,0.0225,-0.1216,0.2747,0.3184,2.2584,1.9858
43786.27943,0.299,-0.2306,0.1743,0.0623,1.6294,1.6739
43786.30958,0.1232,-0.2858,0.2598,0.0878,0.7508,1.416
43786.33973,0.276,-0.262,0.1658,-0.7886,-0.5448,0.5944
43786.36988,0.1254,-0.2609,0.3117,-1.3003,-1.7784,0.3011
43786.40006,0.0858,-0.2934,0.0284,-1.8982,-1.8146,-0.5962
43786.43021,0.1492,0.0651,-0.0322,-1.5284,-1.9098,-0.8456
43786.46036,-0.1048,0.2954,0.0686,-1.1074,-1.3107,-0.1604
43786.49052,-0.2852,0.5482,-0.2878,-0.477,-1.1797,-0.3918
43786.52067,-0.0891,0.1472,-0.062,-0.1918,-0.6667,-0.1555
43786.55085,-0.6205,0.4762,-0.404,0.1917,0.2693,0.4916
43786.581,-0.0367,0.1249,-0.1457,1.0823,1.1041,0.2327
43786.61115,-0.1415,0.122,0.1783,1.0776,0.7172,0.9346
43786.6413,-0.0538,-0.0329,0.0391,0.8434,0.8353,0.8496
43786.67145,0.3236,-0.2527,0.0023,0.879,0.1616,0.6265
43786.70164,-0.0636,-0.2062,0.0238,0.6942,-0.209,-0.0718
43786.73178,-0.1242,-0.1979,0.0919,-0.1278,-0.9018,-0.8545
43786.76193,0.0668,-0.0638,0.0612,0.0096,-1.449,-1.7269
43786.79208,0.0721,0.0839,0.0809,-0.372,-1.5607,-2.0095
43786.82223,-0.3066,0.282,0.0858,-0.8031,-0.7422,-2.0714
43786.85241,0.2244,0.3515,-0.0491,-0.3628,0.0581,-1.1321
43786.88256,0.059,0.188,0.1029,-0.3121,1.2035,-0.4155
43786.91272,-0.2582,0.5335,-0.1029,0.1723,1.8679,0.2105
43786.94287,0.3781,-0.1994,0.2422,0.6931,2.0969,0.5904
43786.97302,-0.1551,-0.248,0.0247,0.0385,1.9237,1.4225
43787.0032,0.4944,-0.171,0.0879,0.4853,1.2121,1.3173
43787.03335,0.1538,-0.6977,0.1274,-0.3688,-0.6729,1.101
43787.0635,0.1379,-0.3097,-0.1074,-0.9394,-1.234,1.0715
43787.09365,0.3174,-0.331,0.0898,-0.615,-1.8907,0.4819
43787.12381,0.0739,-0.3642,0.385,-1.1508,-2.4382,-0.3346
43787.15399,0.2708,-0.0113,0.0989,-2.5164,-2.468,-0.1762
43787.18414,-0.0784,0.3367,-0.0351,-0.8808,-1.9103,0.0761
43787.21429,-0.1997,-0.0384,-0.2476,-0.2982,-1.2512,0.1256
43787.24444,0.0314,0.3981,-0.0216,-1.2512,-0.3877,0.5833
43787.27459,-0.2223,0.2285,-0.2979,0.45,0.5321,0.9474
43787.30478,-0.1191,-0.2859,0.0378,0.2886,1.3852,1.1076
43787.33493,-0.1014,0.0761,-0.1439,0.1253,1.3691,1.0752
43787.36508,0.1909,-0.2166,0.0447,0.7297,1.0674,0.7132
43787.39523,-0.1327,-0.2752,-0.0223,0.483,0.109,-0.0472
43787.42538,0.0845,-0.2976,0.0498,-0.0819,-0.705,-1.5931
43787.45556,-0.1558,-0.0727,0.1559,-0.0785,-1.4919,-1.7862
43787.48571,-0.0808,-0.0083,0.0037,-0.7674,-1.4086,-2.6143
43787.51587,0.1046,0.3728,0.1935,-0.2945,-1.0556,-1.7233
43787.54602,-0.1449,0.2939,-0.0318,-0.7698,-0.1993,-0.1634
43787.57617,0.0463,0.0855,-0.2492,1.4746,1.7381,0.501
43787.60632,0.1022,-0.0998,0.0254,0.8866,2.0125,1.1152
43787.6365,0.328,-0.4605,0.1895,1.5029,1.7664,1.5644
43787.66665,0.3063,-0.0377,0.1527,-0.2722,0.5587,1.8237
43787.6968,0.2738,-0.3817,0.1162,0.7681,0.1407,1.6241
43787.72697,0.2453,-0.2899,0.1803,-1.115,-0.8829,1.4193
43787.75712,0.1969,-0.1229,0.0874,-1.6278,-1.4767,0.6324
43787.7873,-0.0511,-0.404,0.0264,-0.7504,-1.5843,0.2766
43787.81746,0.3764,-0.138,-0.0013,-2.5201,-1.9325,-0.7433
43787.84761,0.0425,-0.0532,-0.1272,-1.5541,-1.6452,0.3777
43787.87776,-0.0685,0.1304,-0.2198,-1.0164,-0.9855,0.3609
43787.90791,0.0944,0.017,-0.1022,-0.6863,-0.3471,0.4955
43787.93809,-0.0155,0.1765,-0.1086,-0.5286,0.0628,0.9138
43787.96824,-0.1509,-0.0801,-0.1595,0.1599,0.3361,1.2483
43787.99839,0.0216,0.09,-0.0591,-0.1027,0.3636,0.9839
43788.02855,-0.0053,-0.1757,-0.2148,0.4621,0.1962,1.0316
43788.0587,-0.0479,-0.1493,-0.0444,0.099,0.0157,0.7891
43788.08888,-0.111,-0.1556,-0.1399,-0.143,-0.3016,0.3201
43788.11903,0.0924,-0.0753,-0.0787,-0.1457,-0.744,0.2012
43788.14918,-0.0291,-0.0181,0.0697,-0.5854,-0.874,-0.5105
43788.17933,-0.2481,0.0391,-0.0265,-0.1561,-0.6943,-0.8701
43788.20948,0.0133,0.1203,0.0802,0.2856,-0.7341,-1.1501
43788.23967,0.067,0.1123,0.048,-0.2556,-0.6207,-1.2804
43788.26982,0.1464,0.0788,-0.071,-0.2161,-0.5269,-0.2946
43788.29997,-0.0509,0.2751,-0.1037,0.5201,0.3261,0.0497
43788.33012,0.0072,0.106,-0.1219,1.2882,0.7989,0.5301
43788.36027,-0.0069,-0.2396,-0.0329,1.4154,1.079,0.8928
43788.39045,0.1445,-0.0803,-0.0908,0.923,0.9998,0.7889
43788.42061,0.2194,-0.2217,0.0766,0.9503,0.6577,0.9811
43788.45076,0.0155,-0.2376,-0.0258,0.4785,0.3037,1.4014
43788.48091,0.0827,0.0636,0.0614,0.6429,0.1938,1.2574
43788.51106,0.1308,-0.2456,0.102,1.2032,-0.0553,1.5558
43788.54124,-0.0136,-0.0659,-0.1335,0.7305,-0.197,1.5124
43788.57139,-0.0936,0.0153,-0.0515,1.5748,-0.5693,1.4904
43788.60154,0.0429,-0.307,0.1288,1.2794,-0.7028,2.2035
43788.6317,0.7735,-0.2116,0.514,-0.6613,-1.1412,1.7143
43788.66185,1.1189,-0.0765,0.6956,-5.0452,-1.8713,0.5662
43788.692,0.648,-0.1286,0.4553,-6.5165,-2.01,-0.8614
43788.72218,0.7835,-0.1362,0.349,-4.9325,-1.6351,-1.3539
43788.75233,0.8162,-0.232,0.3769,-2.9854,-0.8607,-0.814
43788.78248,0.5177,-0.2939,0.3275,-0.8949,0.0565,0.0063
43788.81263,0.3827,-0.232,0.0932,1.2673,0.7119,0.9551
43788.84279,0.0498,0.0153,-0.1007,4.215,1.402,1.9075
43788.87297,-0.371,-0.0073,-0.3716,5.4654,1.9532,2.3078
43788.90312,-0.3749,0.4274,-0.2141,7.1513,2.2921,2.1681
43788.93327,-0.2834,-0.1904,-0.3256,3.971,2.4517,2.4444
43788.96342,-0.1814,0.0529,-0.3346,-0.1096,1.6628,1.7413
43788.99357,-0.3787,0.1446,-0.2569,-0.9823,1.307,1.4198
43789.02375,-0.9717,1.0865,-0.4293,5.1436,1.9281,-0.1956
43789.05391,-0.1207,0.1511,-0.5896,1.0995,0.4319,-1.0483
43789.08406,0.0895,-0.1883,-0.3069,-0.5105,-0.3614,-0.0648
43789.11421,0.1688,-0.6547,-0.0273,-0.8921,-0.775,1.0771
43789.14436,0.3193,-0.1399,-0.0805,-1.6632,-0.5822,1.3952
43789.17454,0.283,0.0437,-0.008,-1.6133,-0.4693,0.9159
43789.20469,-0.0016,-0.2811,0.2604,-1.7481,-0.2615,0.913
43789.23484,-0.2111,-0.0831,0.3686,-1.3705,0.256,1.0564
43789.265,-0.123,0.254,0.2963,-1.739,0.7165,0.6283
43789.29515,0.4302,0.9561,-0.0647,-0.889,0.0006,0.3845
43789.32533,-0.0377,0.3512,0.027,1.5439,0.0507,0.7655
43789.35548,0.3327,-0.2936,-0.3866,1.225,-1.2482,1.0282
43789.38563,0.4209,0.0253,0.1862,-0.3056,-1.7048,0.9041
43789.41578,0.4618,0.2396,-0.1255,0.5958,-1.6271,0.9571
43789.44593,0.3081,-0.241,-0.1514,0.5575,-2.612,0.5091
43789.47612,0.0459,-0.0504,0.0935,0.895,-2.8204,-0.0578
43789.50627,0.1269,-0.1196,-0.0044,2.7677,-2.0361,0.1654
43789.53642,0.0593,-0.2087,-0.0189,1.9514,-2.0798,-0.0745
43789.56657,0.0714,-0.1053,0.1879,1.6669,-1.9501,-0.2653
43789.59672,0.08,-0.0073,0.228,1.3949,-1.5832,-0.1432
43789.62687,0.0897,-0.0657,0.179,1.221,-1.4123,-0.1913
43789.65706,0.0375,-0.1025,0.2545,1.2342,-1.0855,-0.0348
43789.68721,0.1403,-0.006,0.1182,1.2874,-0.7658,0.0468
43789.71736,0.1751,0.0303,0.0506,1.0106,-0.8033,-0.0737
43789.74752,0.0727,-0.0087,0.1175,0.6104,-0.6333,0.0362
43789.77768,0.1479,0.1374,0.0804,0.8049,-0.3562,0.1487
43789.80786,0.1057,0.0573,0.0743,0.8776,-0.3177,0.0902
43789.83801,0.0436,0.0985,0.0817,0.5241,-0.1913,0.2854
43789.86816,0.0147,0.0687,0.0991,0.2072,-0.1439,0.2939
43789.89831,-0.0297,0.069,0.076,0.3615,-0.0862,0.332
43789.92846,-0.0107,0.0737,0.0861,0.2486,-0.0891,0.3682
43789.95865,-0.0321,0.0557,0.1013,-0.2569,-0.0494,0.386
43789.9888,-0.0349,0.0809,0.0595,-0.1759,0.0139,0.4561
43790.01895,-0.0744,0.0835,0.0993,0.0394,0.0432,0.3924
43790.0491,-0.0692,0.0474,0.0773,-0.2378,0.1195,0.3562
43790.07925,-0.0577,0.0472,-0.0011,-0.1872,0.0895,0.3229
43790.10943,-0.0736,0.0156,0.0132,-0.0575,0.0918,0.2119
43790.13958,-0.0299,-0.0211,-0.0459,-0.4758,0.0645,0.1127
43790.16974,-0.0008,-0.0059,-0.0759,-0.2909,-0.0111,-0.0534
43790.19989,0.0252,-0.01,-0.0967,-0.0355,-0.0162,-0.1258
43790.23004,0.0508,-0.057,-0.0782,-0.2452,-0.1579,-0.1892
43790.26022,0.0679,-0.0212,-0.0758,-0.2139,-0.2694,-0.3044
43790.29037,0.0866,-0.0184,-0.0397,-0.0409,-0.3841,-0.3671
43790.32052,0.0849,-0.0408,-0.0237,0.0398,-0.3937,-0.428
43790.35067,0.1266,-0.0369,0.0197,0.1743,-0.4663,-0.3749
43790.38083,0.121,-0.0326,0.0486,0.2419,-0.5333,-0.2983
43790.41101,0.0641,0.0334,0.0627,0.2212,-0.2803,-0.1007
43790.44116,0.131,-0.0138,-0.0177,-0.3001,-0.1377,0.1949
43790.47131,0.0579,-0.0245,-0.0122,-0.5251,-0.2601,-0.0309
43790.50146,0.0541,0.0248,-0.0268,0.067,-0.2461,-0.1531
43790.53161,0.0263,0.0145,0.0069,0.008,-0.2121,-0.0791
43790.56176,0.0284,0.0168,0.0234,0.1025,-0.1408,-0.1159
43790.59195,0.0175,0.0067,0.0422,-0.0938,-0.0746,-0.137
43790.6221,-0.0035,0.017,0.0314,-0.1265,0.0225,-0.0936
43790.65225,-0.0187,0.0172,-0.0014,-0.0489,0.0991,-0.1079
43790.6824,-0.0212,0.0172,0.0055,-0.0199,0.1214,-0.1034
43790.71255,0.0348,0.0299,-0.029,0.0064,0.0727,-0.0246
43790.74273,0.0275,0.026,-0.0245,-0.1174,0.0289,0.0659
43790.77289,0.0264,0.0127,-0.0256,-0.3079,0.0175,0.1586
43790.80304,-0.0117,-0.0266,-0.0079,-0.2822,0.0226,0.1736
43790.83319,0.0023,-0.0409,-0.0225,-0.23,0.0343,0.1481
43790.86334,-0.0199,-0.0466,-0.0204,-0.1766,-0.0133,0.0355
43790.89352,-0.0183,-0.0334,-0.0218,-0.0436,0.0017,-0.0776
43790.92367,-0.0053,-0.0322,-0.0314,0.0394,0.0123,-0.1287
43790.95382,-0.0024,-0.0143,-0.0253,0.0346,-0.0083,-0.2358
43790.98398,0.0123,0.0212,-0.0158,0.0113,0.0112,-0.2667
43791.01413,0.0258,-0.0017,-0.0227,0.1086,0.0254,-0.213
43791.04431,0.0301,-0.005,-0.0357,0.2233,0.0759,-0.1826
43791.07446,0.0458,-0.0356,-0.0136,-0.1835,0.0512,-0.0367
43791.10461,0.0499,-0.0041,0.0108,-0.2803,-0.0197,-0.0609
43791.13476,0.0065,-0.0219,0.053,-0.1207,-0.1066,-0.1148
43791.16491,-0.0109,0.0296,0.106,-0.1165,-0.0354,-0.063
43791.1951,-0.0069,0.0562,0.1055,-0.1783,0.0263,0.0198
43791.22525,-0.0392,0.0984,0.0774,0.0348,0.1194,0.0068
43791.2554,-0.0359,0.0896,0.0213,-0.1762,0.2706,0.0633
43791.28555,-0.0378,0.0843,-0.0544,-0.3082,0.2876,0.0098
43791.3157,-0.0346,0.0613,-0.1088,-0.0903,0.1987,-0.1189
43791.34585,-0.0209,0.0498,-0.0919,-0.1528,0.0831,-0.199
43791.37604,-0.0057,0.0309,-0.0674,-0.3794,-0.05,-0.2516
43791.40619,-0.0137,0.0283,-0.0482,-0.1872,-0.0935,-0.2742
43791.43634,-0.0046,0.0194,-0.0085,-0.0966,-0.1027,-0.2388
43791.46649,0.0096,0.0172,0.0013,-0.1532,-0.1262,-0.2049
43791.49664,0.0155,0.0161,-0.0204,-0.0467,-0.1344,-0.1609
43791.52682,0.0267,-0.0034,-0.0205,-0.0481,-0.1732,-0.1174
43791.55697,0.0318,-0.0073,-0.0153,-0.0392,-0.2276,-0.1231
43791.58713,0.0184,0.0065,-0.0027,0.0316,-0.1939,-0.1046
43791.61728,0.0295,0.0019,-0.0143,-0.0709,-0.0866,0.0544
43791.64743,0.0152,0.0201,-0.0387,-0.1619,-0.0425,0.0781
43791.67761,0.0042,0.0072,-0.0389,-0.163,0.0298,0.1321
43791.70776,0.0255,0.0167,-0.0479,-0.2613,0.0824,0.1634
43791.73792,0.0245,0.0085,-0.0365,-0.1751,0.0296,-0.0005
43791.76807,0.0026,-0.0115,0.0044,-0.0901,0.0493,-0.1404
43791.79823,0.0066,-0.0186,0.0064,-0.019,0.124,-0.175
43791.82841,0.0101,-0.0336,0.0209,0.1548,0.2159,-0.1463
43791.85856,0.0284,-0.0264,0.0051,0.105,0.2934,-0.0442
43791.88871,0.0426,-0.0362,0.0106,-0.0505,0.3554,0.0652
43791.91886,0.0407,-0.0309,-0.0098,-0.013,0.4293,0.1738
43791.94901,0.0414,-0.0269,-0.0004,0.0098,0.4525,0.2008
43791.9792,0.0529,-0.0266,0.0061,-0.092,0.4892,0.218
43792.00935,0.0534,-0.0126,0.0121,0.042,0.5482,0.2464
43792.0395,0.0293,-0.0339,0.0386,0.0095,0.6557,0.321
43792.06965,0.0309,-0.0274,0.0196,0.0649,0.8055,0.4152
43792.0998,0.0703,-0.015,-0.0249,0.2583,0.81,0.5695
43792.12995,0.0144,-0.0035,0.0151,0.1377,0.7793,0.6055
43792.16013,0.0218,-0.003,-0.0309,-0.0632,0.717,0.6433
43792.19029,-0.007,0.0411,-0.0296,0.2591,0.6079,0.6033
43792.22044,-0.0365,0.0208,-0.0153,0.2983,0.526,0.5193
43792.25059,-0.0098,0.0584,-0.0881,0.333,0.482,0.5308
43792.28074,-0.0004,0.0495,-0.083,0.3012,0.4095,0.5281
43792.31092,-0.0094,0.0312,-0.0267,0.1318,0.3467,0.4536
43792.34107,0.0243,0.0764,-0.0841,0.0829,0.4256,0.514
43792.37122,-0.0336,0.0181,-0.0281,-0.2522,0.3146,0.4186
43792.40138,-0.0087,0.0815,-0.0548,0.0075,0.2513,0.2666
43792.43153,-0.0427,0.0566,-0.0415,0.1084,0.167,0.1784
43792.46171,-0.0374,0.0623,-0.0152,0.096,0.1334,0.0958
43792.49186,-0.0096,0.0593,-0.0383,0.1074,0.1088,0.0967
43792.52201,-0.0068,0.0285,-0.0199,0.0356,0.0478,0.1774
43792.55216,-0.0136,0.0208,-0.0054,-0.1833,0.0026,0.2143
43792.58231,-0.0121,0.0151,-0.0033,-0.159,-0.019,0.2419
43792.6125,-0.0325,-0.001,0.0163,-0.2017,-0.0197,0.2098
43792.64265,-0.0328,-0.0125,0.0143,-0.2046,0.018,0.1577
43792.6728,-0.0219,-0.0159,-0.0006,-0.0433,0.0657,0.0951
43792.70295,-0.0025,-0.0214,-0.0103,0.0293,0.0924,0.0537
43792.73308,0.0192,-0.0139,-0.0194,-0.0423,0.0833,0.03
43792.76323,0.031,-0.0125,-0.0239,-0.0237,0.0351,0.0286
43792.79342,0.0143,-0.0096,-0.0033,0.0185,0.0039,0.0284
43792.82357,0.019,-0.0024,0.0034,-0.0816,0.0011,0.0465
43792.85372,0.0077,0.0064,0.008,-0.007,0.0116,0.0242
43792.88387,0.0135,0.0021,0.0117,-0.0195,0.0277,0.0211
43792.91402,0.0121,0.0013,0.0072,-0.0452,0.0279,-0.0004
43792.9442,0.0018,0.0077,0.0021,0.0485,0.0331,-0.0462
43792.97435,-0.0117,-0.0196,0.014,-0.0363,0.059,-0.0194
43793.00451,0.0001,0.0042,-0.0299,0.0078,0.093,-0.0223
43793.03466,-0.0121,-0.0197,-0.0287,0.0029,0.0483,-0.044
43793.06481,0.0034,-0.0183,-0.029,0.0412,-0.0285,-0.0948
43793.09499,0.0017,-0.0279,-0.005,-0.0733,-0.0762,-0.0707
43793.12514,0.0011,-0.0366,-0.0041,-0.0288,-0.087,-0.0761
43793.15529,0.0105,-0.042,0.0038,0.0542,-0.0936,-0.1017
43793.18544,0.0078,-0.0746,0.0165,0.05,-0.1036,-0.0504
43793.2156,0.0064,-0.0865,0.0102,0.0881,-0.1231,-0.027
43793.24578,0.0049,-0.0867,0.025,-0.0078,-0.14,0.007
43793.27593,0.0024,-0.0578,0.025,0.0515,-0.1571,-0.0294
43793.30608,-0.0121,-0.0423,0.0294,0.2501,-0.1119,-0.0641
43793.33623,-0.0011,-0.033,0.0272,0.2743,-0.0577,-0.0444
43793.36638,0.0101,-0.0299,0.0298,0.1982,-0.0915,-0.0373
43793.39657,0.0045,-0.0073,0.0136,0.2106,-0.129,-0.0333
43793.42672,-0.0031,-0.0093,0.0293,0.0952,-0.1695,0.0336
43793.45687,-0.0386,0.0022,0.0431,-0.0343,-0.2126,0.0214
43793.48702,-0.0593,0.0317,0.0347,0.0545,-0.1656,-0.0477
43793.51717,-0.0938,0.0156,0.0259,0.106,-0.1117,-0.1574
43793.54732,-0.0822,0.0114,0.0203,0.1232,-0.0836,-0.217
43793.5775,-0.0736,0.0179,0.0027,0.0739,-0.0916,-0.2674
43793.60766,-0.0808,0.0325,-0.0099,0.1243,-0.0487,-0.328
43793.63781,-0.0688,0.0415,-0.0116,0.0477,-0.0213,-0.3899
43793.66796,-0.0555,0.0416,-0.0375,0.0648,0.0016,-0.4742
43793.69811,-0.064,0.0332,-0.0426,0.1721,0.0116,-0.6013
43793.7283,-0.0329,0.0544,-0.0407,0.3913,0.011,-0.6823
43793.75845,0.0102,0.0744,-0.0547,0.5558,0.0366,-0.6284
43793.7886,-0.0243,0.0712,-0.0547,0.4124,-0.0062,-0.6685
43793.81875,-0.0114,0.0871,-0.0732,0.3498,0.068,-0.5482
43793.84891,0.0122,0.0618,-0.1068,0.2014,0.0059,-0.4131
43793.87909,-0.0869,0.0744,-0.1223,0.2661,-0.0869,-0.4778
43793.90924,-0.0791,0.1125,-0.1574,0.3703,-0.0882,-0.5141
43793.93939,-0.1678,0.1146,-0.1548,0.58,-0.2061,-0.7789
43793.96954,-0.2088,0.0791,-0.2249,0.9169,-0.1326,-0.9875
43793.99969,-0.0446,0.0496,-0.1769,1.1895,-0.3802,-1.0532
43794.02988,-0.0592,0.0081,-0.1108,0.7557,-0.6318,-1.1359
43794.06003,0.0286,0.0839,-0.1181,0.928,-0.7514,-1.0991
43794.09018,0.1117,0.0668,-0.0584,0.9827,-0.9881,-1.0388
43794.12033,0.1203,0.085,-0.0121,0.7274,-1.0325,-1.0833
43794.15048,0.1923,0.0709,-0.0662,0.7911,-1.0805,-0.9819
43794.18063,0.2059,0.0574,0.0222,0.6667,-1.2491,-0.9149
43794.21081,0.1943,0.0839,0.0441,0.4917,-1.2072,-0.8239
43794.24097,0.2009,0.0375,0.0291,0.3276,-1.2499,-0.7046
43794.27112,0.1833,0.051,0.0998,0.2846,-1.191,-0.6946
43794.30127,0.1363,0.0257,0.0594,0.0982,-1.028,-0.6519
43794.33142,0.1802,0.0001,0.0271,0.4177,-0.9537,-0.651
43794.3616,0.169,-0.0061,0.1019,0.28,-0.8494,-0.4974
43794.39175,0.144,-0.0264,0.052,0.1661,-0.7954,-0.3389
43794.4219,0.1479,-0.0264,0.0488,0.1269,-0.7266,-0.2186
43794.45206,0.1308,-0.0016,0.0752,-0.12,-0.6459,-0.1231
43794.48221,0.065,-0.0373,0.035,0.0164,-0.4791,-0.0896
43794.51239,0.0659,-0.0207,0.0647,-0.0665,-0.3171,0.0206
43794.54254,0.0637,-0.0091,0.0664,-0.1744,-0.2621,0.0251
43794.57269,0.0026,-0.0253,0.0107,0.0333,-0.0999,0.048
43794.60284,0.018,-0.0004,0.0121,-0.0005,-0.0159,0.1331
43794.63299,0.0295,0.0454,0.0325,-0.2157,-0.015,0.1542
43794.66318,0.0139,0.051,0.0029,-0.3462,0.0307,0.118
43794.69333,0.0535,0.0622,-0.043,-0.0923,0.0681,0.0951
43794.72349,0.044,0.0357,-0.0043,-0.0208,0.0193,-0.0089
43794.75364,0.0076,0.0046,-0.0484,0.0447,0.0628,-0.0021
43794.78379,0.004,-0.0214,-0.0139,0.0216,-0.0122,0.0476
43794.81394,-0.0122,-0.0508,0.0127,0.0398,-0.0947,0.0662
43794.84412,-0.0474,-0.0113,-0.0034,-0.0391,0.0417,0.1762
43794.87428,-0.0232,-0.0552,0.0301,-0.4795,-0.056,0.0851
43794.90443,-0.0384,0.0096,-0.0265,0.0671,-0.0502,-0.2286
43794.93458,-0.0419,-0.0231,-0.0048,0.3396,-0.0457,-0.2935
43794.96473,-0.037,-0.0281,0.0303,0.3509,-0.0745,-0.3119
43794.99491,-0.0011,-0.0174,0.0582,0.0692,-0.0787,-0.1112
43795.02506,-0.0136,-0.0034,0.0488,-0.1502,-0.0218,0.0023
43795.05521,0.0024,0.021,0.0172,-0.1194,0.0396,0.0617
43795.08537,0.0095,0.0269,0.0467,-0.2196,0.1236,0.0376
43795.11552,-0.0133,-0.0076,-0.0208,-0.2273,0.2247,-0.0719
43795.1457,0.0204,-0.0124,-0.0297,0.0542,0.2514,-0.113
43795.17585,0.0223,-0.018,0.0086,-0.0134,0.2263,-0.1539
43795.206,0.0172,-0.0246,-0.0226,0.0053,0.2558,-0.1002
43795.23615,0.0276,-0.0166,-0.0095,-0.0447,0.2285,0.0289
43795.2663,0.0261,0.0091,0.0207,-0.2469,0.2291,0.0939
43795.29649,0.0036,0.0278,-0.0176,-0.2407,0.2962,0.1105
43795.32664,0.0035,0.0417,-0.0072,-0.1363,0.3055,0.0829
43795.35679,-0.0004,0.0378,0.0045,-0.1129,0.3252,-0.0143
43795.38694,0.0008,0.0229,-0.009,-0.0365,0.3923,-0.0383
43795.41709,0.0249,0.0167,0.004,-0.0698,0.3743,-0.0352
43795.44727,0.0137,0.0206,-0.0061,-0.1179,0.3662,-0.0632
43795.47742,0.0166,-0.0039,-0.0476,-0.0789,0.323,-0.0239
43795.50757,0.016,0.0033,-0.0396,-0.0489,0.1681,-0.0346
43795.53773,0.0032,0.0058,-0.0401,-0.1811,0.0704,-0.0227
43795.56788,-0.0159,0.0148,-0.0297,-0.2531,0.0173,-0.0253
43795.59803,-0.0018,0.0148,-0.0293,-0.179,-0.0094,-0.0693
43795.62821,-0.008,0.0052,-0.0444,-0.1295,0.0287,-0.0604
43795.65836,0.0185,-0.002,-0.0318,-0.1941,-0.0321,-0.0192
43795.68851,0.0391,0.0245,-0.0341,-0.26,-0.1799,-0.0792
43795.71867,0.0078,0.0276,-0.0969,-0.1568,-0.2623,-0.1214
43795.74883,-0.0056,0.0034,-0.049,-0.1871,-0.3861,-0.1256
43795.77901,0.011,-0.0117,0.0049,-0.297,-0.4706,-0.1862
43795.80917,0.022,-0.0317,0.0489,-0.153,-0.3841,-0.1287
43795.83932,0.0225,-0.0522,0.0801,-0.3654,-0.3352,-0.1051
43795.86947,0.0057,-0.0365,0.038,-0.3549,-0.2593,-0.1109
43795.89962,-0.0094,-0.0382,-0.0195,-0.2064,-0.1677,-0.0149
43795.9298,0.0118,0.0454,0.0116,-0.0693,-0.1885,-0.048
43795.95995,0.01,0.0263,0.0217,-0.0926,-0.1636,-0.0735
43795.9901,0.0128,-0.0037,-0.0172,-0.0364,-0.1183,-0.0271
43796.02026,0.0389,0.0067,-0.0053,0.0067,-0.1612,-0.021
43796.05041,0.0314,0.0157,0.0135,-0.0361,-0.1661,-0.0692
43796.08059,0.0149,0.03,0.0012,0.0601,-0.0576,-0.0597
43796.11074,0.0179,0.0518,0.0223,0.0487,-0.032,-0.0595
43796.14089,-0.0068,-0.0104,0.0556,-0.1318,0.1025,-0.0673
43796.17104,-0.0146,0.0213,-0.0561,0.1253,0.2067,-0.0255
43796.20119,0.0064,0.0248,-0.0371,0.1015,0.0804,0.0302
43796.23135,0.0397,0.0225,-0.0366,-0.1251,-0.0429,-0.062
43796.26153,0.0502,-0.0343,-0.0269,-0.0366,-0.0543,-0.0052
43796.29168,0.0235,0.0078,0.002,-0.0483,-0.0401,-0.0426
43796.32183,-0.0464,0.008,-0.0286,0.0664,0.0247,-0.0762
43796.35198,-0.0163,0.0202,-0.049,0.2186,0.0088,-0.0451
43796.38213,0.0078,0.01,-0.0051,0.0625,-0.0483,-0.0222
43796.41231,0.0006,0.0121,-0.017,-0.0914,-0.0827,-0.0344
43796.44247,0.0028,-0.0083,-0.0279,0.0025,-0.0704,-0.0181
43796.47262,0.0188,-0.0083,-0.0065,0.0764,-0.0365,-0.0328
43796.50277,-0.0057,-0.0244,-0.0274,0.1174,-0.0016,-0.0196
43796.53292,0.0156,0.0047,-0.0253,0.1798,-0.0513,0.0336
43796.5631,-0.0044,0.0155,0.0045,0.0572,-0.0603,0.0301
43796.59325,0.0019,0.0035,-0.0025,0.0075,-0.0259,0.0293
43796.62341,0.0261,0.0091,-0.01,-0.0032,-0.028,0.0314
43796.65356,0.016,0.0064,-0.0034,-0.0214,-0.031,0.0163
43796.68371,0.0074,-0.0021,-0.0175,0.0794,0.0154,0.0297
43796.71389,0.0251,0.015,-0.0105,0.0865,-0.0178,0.0337
43796.74403,0.0009,0.0139,0.005,0.0385,-0.0142,0.0144
43796.77418,-0.0042,0.0076,0.0051,0.0517,0.0166,0.0339
43796.80433,0.0022,0.019,0.0065,0.0229,0.0157,0.0157
43796.83448,-0.0099,0.0194,-0.0052,-0.0067,0.0319,0.0147
43796.86463,-0.005,0.0022,-0.0053,-0.0219,0.0074,0.0188
43796.89482,0.0041,0.0088,-0.0065,-0.0349,-0.0053,0.0133
43796.92497,-0.0055,-0.0155,-0.0098,0.0217,0.0095,-0.0036
43796.95512,0.0089,-0.0017,-0.0225,0.0489,-0.0345,0.0004
43796.98527,-0.0111,0.0005,-0.0047,0.0117,-0.0225,-0.0103
43797.01542,0.0023,-0.0169,-0.0236,0.0169,-0.0332,-0.0039
43797.0456,-0.0112,0.002,0.0095,0.0297,-0.0312,0.0004
43797.07575,-0.009,0.0034,-0.0053,0.0696,0.0104,-0.01
43797.10591,0.0051,0.0124,0.0008,0.1016,0.0145,-0.0206
43797.13606,-0.0078,0.0101,0.0191,0.0326,0.0418,-0.0526
43797.16621,0.0292,-0.005,-0.047,0.2128,0.0361,0.0289
43797.19639,-0.0642,0.0097,0.008,-0.2926,0.2093,-0.1138
43797.22654,0.0234,0.0481,-0.0218,-0.3329,-0.0527,-0.0441
43797.25669,0.0073,-0.0208,-0.0888,0.0552,-0.1123,-0.0312
43797.28684,0.008,0.0026,-0.0839,0.3566,-0.2099,-0.0155
43797.317,-0.0508,-0.0579,0.0219,-0.0741,-0.1403,-0.0669